protocol_id,ic_protocol,controller,internal_controller,motor,eta,trial_seed,source_csv,row_count,allocator_config,selected_candidate,r1,r2,r3,r4,fault_z,fault_vz,valid_prefault,contact_found,contact_t,contact_phase,vertical_speed_mps,horizontal_speed_mps,max_tilt_deg,max_angular_rate_radps,max_horizontal_drift_m,vertical_speed_ok,horizontal_speed_ok,tilt_ok,angular_rate_ok,drift_ok,safe_touchdown,_summary_path
nominal_m2_boundary_localization_v1,seeded_ic_v1,pinv,pinv,2,0.495200,63100001,/home/suhas/crazysim_ws/safe-landing-ftc/results/final/model_sensitivity/nominal_m2_boundary/pinv_fine_boundary/trials/nominal_m2pinv_eta0p49520_seed63100001.csv,4158,pinv_bounded_wls_w1_1_1_0.2_lambda1e-06,bounded_fault_aware_wls,0,0,0,0,0.7080920934677124,-0.0038911413867026567,True,True,14.565394639968872,adaptive_brake,0.36242246627807617,0.008366794095921644,0.1359698474407196,0.33666084690251286,0.021261248222325425,False,True,True,True,True,False,/home/suhas/crazysim_ws/safe-landing-ftc/results/final/model_sensitivity/nominal_m2_boundary/pinv_fine_boundary/summaries/nominal_m2pinv_eta0p49520_seed63100001_summary.csv
nominal_m2_boundary_localization_v1,seeded_ic_v1,pinv,pinv,2,0.495200,63100002,/home/suhas/crazysim_ws/safe-landing-ftc/results/final/model_sensitivity/nominal_m2_boundary/pinv_fine_boundary/trials/nominal_m2pinv_eta0p49520_seed63100002.csv,4230,pinv_bounded_wls_w1_1_1_0.2_lambda1e-06,bounded_fault_aware_wls,0,0,0,0,0.7261905670166016,-0.004012133926153183,True,True,15.07049012184143,adaptive_brake,0.374090313911438,0.008585367069064145,0.11431189626455307,0.34380102764903686,0.020881392267688058,False,True,True,True,True,False,/home/suhas/crazysim_ws/safe-landing-ftc/results/final/model_sensitivity/nominal_m2_boundary/pinv_fine_boundary/summaries/nominal_m2pinv_eta0p49520_seed63100002_summary.csv
nominal_m2_boundary_localization_v1,seeded_ic_v1,pinv,pinv,2,0.495200,63100003,/home/suhas/crazysim_ws/safe-landing-ftc/results/final/model_sensitivity/nominal_m2_boundary/pinv_fine_boundary/trials/nominal_m2pinv_eta0p49520_seed63100003.csv,4212,pinv_bounded_wls_w1_1_1_0.2_lambda1e-06,bounded_fault_aware_wls,0,0,0,0,0.7183488607406616,-0.0038938638754189014,True,True,14.96398377418518,adaptive_brake,0.36898064613342285,0.008370105865645202,0.12185673415660858,0.3388753992752586,0.019851253428538596,False,True,True,True,True,False,/home/suhas/crazysim_ws/safe-landing-ftc/results/final/model_sensitivity/nominal_m2_boundary/pinv_fine_boundary/summaries/nominal_m2pinv_eta0p49520_seed63100003_summary.csv
nominal_m2_boundary_localization_v1,seeded_ic_v1,pinv,pinv,2,0.495200,63100004,/home/suhas/crazysim_ws/safe-landing-ftc/results/final/model_sensitivity/nominal_m2_boundary/pinv_fine_boundary/trials/nominal_m2pinv_eta0p49520_seed63100004.csv,4209,pinv_bounded_wls_w1_1_1_0.2_lambda1e-06,bounded_fault_aware_wls,0,0,0,0,0.7114218473434448,-0.0038770432583987713,True,True,14.903578996658325,adaptive_brake,0.36806347966194153,0.008143761790061608,0.13184364140033722,0.3377209442104152,0.022479167088834497,False,True,True,True,True,False,/home/suhas/crazysim_ws/safe-landing-ftc/results/final/model_sensitivity/nominal_m2_boundary/pinv_fine_boundary/summaries/nominal_m2pinv_eta0p49520_seed63100004_summary.csv
nominal_m2_boundary_localization_v1,seeded_ic_v1,pinv,pinv,2,0.495200,63100005,/home/suhas/crazysim_ws/safe-landing-ftc/results/final/model_sensitivity/nominal_m2_boundary/pinv_fine_boundary/trials/nominal_m2pinv_eta0p49520_seed63100005.csv,4200,pinv_bounded_wls_w1_1_1_0.2_lambda1e-06,bounded_fault_aware_wls,0,0,0,0,0.7276940941810608,-0.0038377882447093725,True,True,14.929414510726929,adaptive_brake,0.36860039830207825,0.007931612283836478,0.13301628828048706,0.3334415176598141,0.023634440761156842,False,True,True,True,True,False,/home/suhas/crazysim_ws/safe-landing-ftc/results/final/model_sensitivity/nominal_m2_boundary/pinv_fine_boundary/summaries/nominal_m2pinv_eta0p49520_seed63100005_summary.csv
nominal_m2_boundary_localization_v1,seeded_ic_v1,pinv,pinv,2,0.495200,63100006,/home/suhas/crazysim_ws/safe-landing-ftc/results/final/model_sensitivity/nominal_m2_boundary/pinv_fine_boundary/trials/nominal_m2pinv_eta0p49520_seed63100006.csv,4194,pinv_bounded_wls_w1_1_1_0.2_lambda1e-06,bounded_fault_aware_wls,0,0,0,0,0.7225744128227234,-0.0037882898468524218,True,True,14.84421682357788,adaptive_brake,0.3675198554992676,0.0077789980984916225,0.1481950432062149,0.33454205749988086,0.022667869155692782,False,True,True,True,True,False,/home/suhas/crazysim_ws/safe-landing-ftc/results/final/model_sensitivity/nominal_m2_boundary/pinv_fine_boundary/summaries/nominal_m2pinv_eta0p49520_seed63100006_summary.csv
nominal_m2_boundary_localization_v1,seeded_ic_v1,pinv,pinv,2,0.495200,63100007,/home/suhas/crazysim_ws/safe-landing-ftc/results/final/model_sensitivity/nominal_m2_boundary/pinv_fine_boundary/trials/nominal_m2pinv_eta0p49520_seed63100007.csv,4176,pinv_bounded_wls_w1_1_1_0.2_lambda1e-06,bounded_fault_aware_wls,0,0,0,0,0.7228927612304688,-0.003860857104882598,True,True,14.765879154205322,adaptive_brake,0.36733120679855347,0.008631273174493524,0.1220339983701706,0.33663844302937956,0.020534164975476565,False,True,True,True,True,False,/home/suhas/crazysim_ws/safe-landing-ftc/results/final/model_sensitivity/nominal_m2_boundary/pinv_fine_boundary/summaries/nominal_m2pinv_eta0p49520_seed63100007_summary.csv
nominal_m2_boundary_localization_v1,seeded_ic_v1,pinv,pinv,2,0.495200,63100008,/home/suhas/crazysim_ws/safe-landing-ftc/results/final/model_sensitivity/nominal_m2_boundary/pinv_fine_boundary/trials/nominal_m2pinv_eta0p49520_seed63100008.csv,4167,pinv_bounded_wls_w1_1_1_0.2_lambda1e-06,bounded_fault_aware_wls,0,0,0,0,0.7145764231681824,-0.003995416220277548,True,True,14.624766111373901,adaptive_brake,0.37336504459381104,0.008310528020242462,0.13185150921344757,0.34304118634326924,0.02263856157812531,False,True,True,True,True,False,/home/suhas/crazysim_ws/safe-landing-ftc/results/final/model_sensitivity/nominal_m2_boundary/pinv_fine_boundary/summaries/nominal_m2pinv_eta0p49520_seed63100008_summary.csv
nominal_m2_boundary_localization_v1,seeded_ic_v1,pinv,pinv,2,0.495200,63100009,/home/suhas/crazysim_ws/safe-landing-ftc/results/final/model_sensitivity/nominal_m2_boundary/pinv_fine_boundary/trials/nominal_m2pinv_eta0p49520_seed63100009.csv,4203,pinv_bounded_wls_w1_1_1_0.2_lambda1e-06,bounded_fault_aware_wls,0,0,0,0,0.7146889567375183,-0.0038245965261012316,True,True,14.864171028137207,adaptive_brake,0.3652631938457489,0.007698861299872213,0.14024637639522552,0.343027638557629,0.022971155503778908,False,True,True,True,True,False,/home/suhas/crazysim_ws/safe-landing-ftc/results/final/model_sensitivity/nominal_m2_boundary/pinv_fine_boundary/summaries/nominal_m2pinv_eta0p49520_seed63100009_summary.csv
nominal_m2_boundary_localization_v1,seeded_ic_v1,pinv,pinv,2,0.495200,63100010,/home/suhas/crazysim_ws/safe-landing-ftc/results/final/model_sensitivity/nominal_m2_boundary/pinv_fine_boundary/trials/nominal_m2pinv_eta0p49520_seed63100010.csv,4188,pinv_bounded_wls_w1_1_1_0.2_lambda1e-06,bounded_fault_aware_wls,0,0,0,0,0.7102620601654053,-0.003782574785873294,True,True,14.805495738983154,adaptive_brake,0.3602296710014343,0.008543055507422058,0.12973150610923767,0.3323633047322679,0.02100138128969222,False,True,True,True,True,False,/home/suhas/crazysim_ws/safe-landing-ftc/results/final/model_sensitivity/nominal_m2_boundary/pinv_fine_boundary/summaries/nominal_m2pinv_eta0p49520_seed63100010_summary.csv
nominal_m2_boundary_localization_v1,seeded_ic_v1,pinv,pinv,2,0.495200,63100011,/home/suhas/crazysim_ws/safe-landing-ftc/results/final/model_sensitivity/nominal_m2_boundary/pinv_fine_boundary/trials/nominal_m2pinv_eta0p49520_seed63100011.csv,4215,pinv_bounded_wls_w1_1_1_0.2_lambda1e-06,bounded_fault_aware_wls,0,0,0,0,0.7038370966911316,-0.0037903795018792152,True,True,14.984184980392456,adaptive_brake,0.3571488559246063,0.008091099929772019,0.13392984867095947,0.33557187624951007,0.02086345515035832,False,True,True,True,True,False,/home/suhas/crazysim_ws/safe-landing-ftc/results/final/model_sensitivity/nominal_m2_boundary/pinv_fine_boundary/summaries/nominal_m2pinv_eta0p49520_seed63100011_summary.csv
nominal_m2_boundary_localization_v1,seeded_ic_v1,pinv,pinv,2,0.495200,63100012,/home/suhas/crazysim_ws/safe-landing-ftc/results/final/model_sensitivity/nominal_m2_boundary/pinv_fine_boundary/trials/nominal_m2pinv_eta0p49520_seed63100012.csv,4158,pinv_bounded_wls_w1_1_1_0.2_lambda1e-06,bounded_fault_aware_wls,0,0,0,0,0.7208265662193298,-0.004192333202809095,True,True,14.685107231140137,adaptive_brake,0.3595828413963318,0.007835892939741433,0.13498474657535553,0.32822664816119373,0.02208561385219508,False,True,True,True,True,False,/home/suhas/crazysim_ws/safe-landing-ftc/results/final/model_sensitivity/nominal_m2_boundary/pinv_fine_boundary/summaries/nominal_m2pinv_eta0p49520_seed63100012_summary.csv
nominal_m2_boundary_localization_v1,seeded_ic_v1,pinv,pinv,2,0.495200,63100013,/home/suhas/crazysim_ws/safe-landing-ftc/results/final/model_sensitivity/nominal_m2_boundary/pinv_fine_boundary/trials/nominal_m2pinv_eta0p49520_seed63100013.csv,4209,pinv_bounded_wls_w1_1_1_0.2_lambda1e-06,bounded_fault_aware_wls,0,0,0,0,0.7171834111213684,-0.003966351505368948,True,True,14.94735598564148,adaptive_brake,0.3681037127971649,0.008417538579549928,0.1213596910238266,0.3345367523194005,0.02147677451460491,False,True,True,True,True,False,/home/suhas/crazysim_ws/safe-landing-ftc/results/final/model_sensitivity/nominal_m2_boundary/pinv_fine_boundary/summaries/nominal_m2pinv_eta0p49520_seed63100013_summary.csv
nominal_m2_boundary_localization_v1,seeded_ic_v1,pinv,pinv,2,0.495200,63100014,/home/suhas/crazysim_ws/safe-landing-ftc/results/final/model_sensitivity/nominal_m2_boundary/pinv_fine_boundary/trials/nominal_m2pinv_eta0p49520_seed63100014.csv,4179,pinv_bounded_wls_w1_1_1_0.2_lambda1e-06,bounded_fault_aware_wls,0,0,0,0,0.6937888264656067,-0.0038232621736824512,True,True,14.631885766983032,adaptive_brake,0.366365522146225,0.008020289263045823,0.1377391666173935,0.3462625149295842,0.023698939846174584,False,True,True,True,True,False,/home/suhas/crazysim_ws/safe-landing-ftc/results/final/model_sensitivity/nominal_m2_boundary/pinv_fine_boundary/summaries/nominal_m2pinv_eta0p49520_seed63100014_summary.csv
nominal_m2_boundary_localization_v1,seeded_ic_v1,pinv,pinv,2,0.495200,63100015,/home/suhas/crazysim_ws/safe-landing-ftc/results/final/model_sensitivity/nominal_m2_boundary/pinv_fine_boundary/trials/nominal_m2pinv_eta0p49520_seed63100015.csv,4197,pinv_bounded_wls_w1_1_1_0.2_lambda1e-06,bounded_fault_aware_wls,0,0,0,0,0.6959178447723389,-0.003558884607627988,True,True,14.766238451004028,adaptive_brake,0.36770933866500854,0.00874581736148363,0.12066029012203217,0.3483761023693145,0.022189044894412202,False,True,True,True,True,False,/home/suhas/crazysim_ws/safe-landing-ftc/results/final/model_sensitivity/nominal_m2_boundary/pinv_fine_boundary/summaries/nominal_m2pinv_eta0p49520_seed63100015_summary.csv
nominal_m2_boundary_localization_v1,seeded_ic_v1,pinv,pinv,2,0.495200,63100016,/home/suhas/crazysim_ws/safe-landing-ftc/results/final/model_sensitivity/nominal_m2_boundary/pinv_fine_boundary/trials/nominal_m2pinv_eta0p49520_seed63100016.csv,4206,pinv_bounded_wls_w1_1_1_0.2_lambda1e-06,bounded_fault_aware_wls,0,0,0,0,0.6946329474449158,-0.0036522711161524057,True,True,14.8493173122406,adaptive_brake,0.3623594045639038,0.008125065616769385,0.1354394257068634,0.33277141035170993,0.02314316370369321,False,True,True,True,True,False,/home/suhas/crazysim_ws/safe-landing-ftc/results/final/model_sensitivity/nominal_m2_boundary/pinv_fine_boundary/summaries/nominal_m2pinv_eta0p49520_seed63100016_summary.csv
nominal_m2_boundary_localization_v1,seeded_ic_v1,pinv,pinv,2,0.495200,63100017,/home/suhas/crazysim_ws/safe-landing-ftc/results/final/model_sensitivity/nominal_m2_boundary/pinv_fine_boundary/trials/nominal_m2pinv_eta0p49520_seed63100017.csv,4224,pinv_bounded_wls_w1_1_1_0.2_lambda1e-06,bounded_fault_aware_wls,0,0,0,0,0.7134765386581421,-0.003921617288142443,True,True,15.092318534851074,adaptive_brake,0.3611534535884857,0.007732817249151523,0.14077144861221313,0.3345889955964693,0.022747258761512422,False,True,True,True,True,False,/home/suhas/crazysim_ws/safe-landing-ftc/results/final/model_sensitivity/nominal_m2_boundary/pinv_fine_boundary/summaries/nominal_m2pinv_eta0p49520_seed63100017_summary.csv
nominal_m2_boundary_localization_v1,seeded_ic_v1,pinv,pinv,2,0.495200,63100018,/home/suhas/crazysim_ws/safe-landing-ftc/results/final/model_sensitivity/nominal_m2_boundary/pinv_fine_boundary/trials/nominal_m2pinv_eta0p49520_seed63100018.csv,4210,pinv_bounded_wls_w1_1_1_0.2_lambda1e-06,bounded_fault_aware_wls,0,0,0,0,0.7106448411941528,-0.0037782660219818354,True,True,14.930423974990845,adaptive_brake,0.36205533146858215,0.008018216553319153,0.13542494177818298,0.33880307858493974,0.021626064397067303,False,True,True,True,True,False,/home/suhas/crazysim_ws/safe-landing-ftc/results/final/model_sensitivity/nominal_m2_boundary/pinv_fine_boundary/summaries/nominal_m2pinv_eta0p49520_seed63100018_summary.csv
nominal_m2_boundary_localization_v1,seeded_ic_v1,pinv,pinv,2,0.495200,63100019,/home/suhas/crazysim_ws/safe-landing-ftc/results/final/model_sensitivity/nominal_m2_boundary/pinv_fine_boundary/trials/nominal_m2pinv_eta0p49520_seed63100019.csv,4221,pinv_bounded_wls_w1_1_1_0.2_lambda1e-06,bounded_fault_aware_wls,0,0,0,0,0.7042908668518066,-0.0034354436211287975,True,True,14.982248306274414,adaptive_brake,0.36699947714805603,0.008008195739546795,0.13822506368160248,0.3451872550144179,0.022445368506720673,False,True,True,True,True,False,/home/suhas/crazysim_ws/safe-landing-ftc/results/final/model_sensitivity/nominal_m2_boundary/pinv_fine_boundary/summaries/nominal_m2pinv_eta0p49520_seed63100019_summary.csv
nominal_m2_boundary_localization_v1,seeded_ic_v1,pinv,pinv,2,0.495200,63100020,/home/suhas/crazysim_ws/safe-landing-ftc/results/final/model_sensitivity/nominal_m2_boundary/pinv_fine_boundary/trials/nominal_m2pinv_eta0p49520_seed63100020.csv,4161,pinv_bounded_wls_w1_1_1_0.2_lambda1e-06,bounded_fault_aware_wls,0,0,0,0,0.7061105966567993,-0.0038456991314888,True,True,14.683318853378296,adaptive_brake,0.35967013239860535,0.007722525101841364,0.14948302507400513,0.3386618627103741,0.024872776783196975,False,True,True,True,True,False,/home/suhas/crazysim_ws/safe-landing-ftc/results/final/model_sensitivity/nominal_m2_boundary/pinv_fine_boundary/summaries/nominal_m2pinv_eta0p49520_seed63100020_summary.csv
nominal_m2_boundary_localization_v1,seeded_ic_v1,pinv,pinv,2,0.495200,63100021,/home/suhas/crazysim_ws/safe-landing-ftc/results/final/model_sensitivity/nominal_m2_boundary/pinv_fine_boundary/trials/nominal_m2pinv_eta0p49520_seed63100021.csv,4194,pinv_bounded_wls_w1_1_1_0.2_lambda1e-06,bounded_fault_aware_wls,0,0,0,0,0.7012149095535278,-0.003956518601626158,True,True,14.751418590545654,adaptive_brake,0.37028899788856506,0.008797582604614313,0.11668530851602554,0.34317719408427927,0.020659619098514645,False,True,True,True,True,False,/home/suhas/crazysim_ws/safe-landing-ftc/results/final/model_sensitivity/nominal_m2_boundary/pinv_fine_boundary/summaries/nominal_m2pinv_eta0p49520_seed63100021_summary.csv
nominal_m2_boundary_localization_v1,seeded_ic_v1,pinv,pinv,2,0.495200,63100022,/home/suhas/crazysim_ws/safe-landing-ftc/results/final/model_sensitivity/nominal_m2_boundary/pinv_fine_boundary/trials/nominal_m2pinv_eta0p49520_seed63100022.csv,4218,pinv_bounded_wls_w1_1_1_0.2_lambda1e-06,bounded_fault_aware_wls,0,0,0,0,0.730735719203949,-0.003898490685969591,True,True,14.986871242523193,adaptive_brake,0.37573790550231934,0.007812927995347847,0.12671808898448944,0.34613830412660923,0.02299502898201826,False,True,True,True,True,False,/home/suhas/crazysim_ws/safe-landing-ftc/results/final/model_sensitivity/nominal_m2_boundary/pinv_fine_boundary/summaries/nominal_m2pinv_eta0p49520_seed63100022_summary.csv
nominal_m2_boundary_localization_v1,seeded_ic_v1,pinv,pinv,2,0.495200,63100023,/home/suhas/crazysim_ws/safe-landing-ftc/results/final/model_sensitivity/nominal_m2_boundary/pinv_fine_boundary/trials/nominal_m2pinv_eta0p49520_seed63100023.csv,4227,pinv_bounded_wls_w1_1_1_0.2_lambda1e-06,bounded_fault_aware_wls,0,0,0,0,0.7027974128723145,-0.003538336604833603,True,True,15.025092840194702,adaptive_brake,0.3609403371810913,0.008393320462041077,0.11892116814851761,0.344128282755603,0.020371120355854186,False,True,True,True,True,False,/home/suhas/crazysim_ws/safe-landing-ftc/results/final/model_sensitivity/nominal_m2_boundary/pinv_fine_boundary/summaries/nominal_m2pinv_eta0p49520_seed63100023_summary.csv
nominal_m2_boundary_localization_v1,seeded_ic_v1,pinv,pinv,2,0.495200,63100024,/home/suhas/crazysim_ws/safe-landing-ftc/results/final/model_sensitivity/nominal_m2_boundary/pinv_fine_boundary/trials/nominal_m2pinv_eta0p49520_seed63100024.csv,4200,pinv_bounded_wls_w1_1_1_0.2_lambda1e-06,bounded_fault_aware_wls,0,0,0,0,0.7238760590553284,-0.003831160254776478,True,True,14.867878198623657,adaptive_brake,0.37264952063560486,0.008323954464025805,0.12189651280641556,0.3355732203333274,0.020496051583352295,False,True,True,True,True,False,/home/suhas/crazysim_ws/safe-landing-ftc/results/final/model_sensitivity/nominal_m2_boundary/pinv_fine_boundary/summaries/nominal_m2pinv_eta0p49520_seed63100024_summary.csv
nominal_m2_boundary_localization_v1,seeded_ic_v1,pinv,pinv,2,0.495200,63100025,/home/suhas/crazysim_ws/safe-landing-ftc/results/final/model_sensitivity/nominal_m2_boundary/pinv_fine_boundary/trials/nominal_m2pinv_eta0p49520_seed63100025.csv,4200,pinv_bounded_wls_w1_1_1_0.2_lambda1e-06,bounded_fault_aware_wls,0,0,0,0,0.7045279145240784,-0.003615340916439891,True,True,14.883244514465332,adaptive_brake,0.3646010756492615,0.008312245806368367,0.1205826923251152,0.33558073024016266,0.022387389496834526,False,True,True,True,True,False,/home/suhas/crazysim_ws/safe-landing-ftc/results/final/model_sensitivity/nominal_m2_boundary/pinv_fine_boundary/summaries/nominal_m2pinv_eta0p49520_seed63100025_summary.csv
nominal_m2_boundary_localization_v1,seeded_ic_v1,pinv,pinv,2,0.495200,63100026,/home/suhas/crazysim_ws/safe-landing-ftc/results/final/model_sensitivity/nominal_m2_boundary/pinv_fine_boundary/trials/nominal_m2pinv_eta0p49520_seed63100026.csv,4227,pinv_bounded_wls_w1_1_1_0.2_lambda1e-06,bounded_fault_aware_wls,0,0,0,0,0.7282545566558838,-0.003815621603280306,True,True,15.049660921096802,adaptive_brake,0.37468621134757996,0.00794338628150601,0.13048724830150604,0.3434293340640559,0.02141379740008091,False,True,True,True,True,False,/home/suhas/crazysim_ws/safe-landing-ftc/results/final/model_sensitivity/nominal_m2_boundary/pinv_fine_boundary/summaries/nominal_m2pinv_eta0p49520_seed63100026_summary.csv
nominal_m2_boundary_localization_v1,seeded_ic_v1,pinv,pinv,2,0.495200,63100027,/home/suhas/crazysim_ws/safe-landing-ftc/results/final/model_sensitivity/nominal_m2_boundary/pinv_fine_boundary/trials/nominal_m2pinv_eta0p49520_seed63100027.csv,4182,pinv_bounded_wls_w1_1_1_0.2_lambda1e-06,bounded_fault_aware_wls,0,0,0,0,0.7232356071472168,-0.004105628468096256,True,True,14.788106441497803,adaptive_brake,0.367364764213562,0.00850241604388613,0.12801145017147064,0.34092570465728284,0.018929716638441552,False,True,True,True,True,False,/home/suhas/crazysim_ws/safe-landing-ftc/results/final/model_sensitivity/nominal_m2_boundary/pinv_fine_boundary/summaries/nominal_m2pinv_eta0p49520_seed63100027_summary.csv
nominal_m2_boundary_localization_v1,seeded_ic_v1,pinv,pinv,2,0.495200,63100028,/home/suhas/crazysim_ws/safe-landing-ftc/results/final/model_sensitivity/nominal_m2_boundary/pinv_fine_boundary/trials/nominal_m2pinv_eta0p49520_seed63100028.csv,4218,pinv_bounded_wls_w1_1_1_0.2_lambda1e-06,bounded_fault_aware_wls,0,0,0,0,0.6963857412338257,-0.003827193984761834,True,True,14.905160903930664,adaptive_brake,0.37047818303108215,0.008458447715211653,0.12456317991018295,0.3414995942973677,0.022117041107238923,False,True,True,True,True,False,/home/suhas/crazysim_ws/safe-landing-ftc/results/final/model_sensitivity/nominal_m2_boundary/pinv_fine_boundary/summaries/nominal_m2pinv_eta0p49520_seed63100028_summary.csv
nominal_m2_boundary_localization_v1,seeded_ic_v1,pinv,pinv,2,0.495200,63100029,/home/suhas/crazysim_ws/safe-landing-ftc/results/final/model_sensitivity/nominal_m2_boundary/pinv_fine_boundary/trials/nominal_m2pinv_eta0p49520_seed63100029.csv,4182,pinv_bounded_wls_w1_1_1_0.2_lambda1e-06,bounded_fault_aware_wls,0,0,0,0,0.7150004506111145,-0.004133942537009716,True,True,14.705110549926758,adaptive_brake,0.3747713267803192,0.008682407304617275,0.11865723133087158,0.3472827108036347,0.02057217030915749,False,True,True,True,True,False,/home/suhas/crazysim_ws/safe-landing-ftc/results/final/model_sensitivity/nominal_m2_boundary/pinv_fine_boundary/summaries/nominal_m2pinv_eta0p49520_seed63100029_summary.csv
nominal_m2_boundary_localization_v1,seeded_ic_v1,pinv,pinv,2,0.495200,63100030,/home/suhas/crazysim_ws/safe-landing-ftc/results/final/model_sensitivity/nominal_m2_boundary/pinv_fine_boundary/trials/nominal_m2pinv_eta0p49520_seed63100030.csv,4188,pinv_bounded_wls_w1_1_1_0.2_lambda1e-06,bounded_fault_aware_wls,0,0,0,0,0.723298966884613,-0.003872356377542019,True,True,14.743880033493042,adaptive_brake,0.3778281509876251,0.007730923562024156,0.1372998058795929,0.3526200851220303,0.02244806034141801,False,True,True,True,True,False,/home/suhas/crazysim_ws/safe-landing-ftc/results/final/model_sensitivity/nominal_m2_boundary/pinv_fine_boundary/summaries/nominal_m2pinv_eta0p49520_seed63100030_summary.csv
nominal_m2_boundary_localization_v1,seeded_ic_v1,pinv,pinv,2,0.495300,63100001,/home/suhas/crazysim_ws/safe-landing-ftc/results/final/model_sensitivity/nominal_m2_boundary/pinv_fine_boundary/trials/nominal_m2pinv_eta0p49530_seed63100001.csv,4158,pinv_bounded_wls_w1_1_1_0.2_lambda1e-06,bounded_fault_aware_wls,0,0,0,0,0.7080046534538269,-0.004008821211755276,True,True,14.62492823600769,adaptive_brake,0.36412134766578674,0.008575101261157162,0.12103328108787537,0.32918077190210776,0.019888528826951468,False,True,True,True,True,False,/home/suhas/crazysim_ws/safe-landing-ftc/results/final/model_sensitivity/nominal_m2_boundary/pinv_fine_boundary/summaries/nominal_m2pinv_eta0p49530_seed63100001_summary.csv
nominal_m2_boundary_localization_v1,seeded_ic_v1,pinv,pinv,2,0.495300,63100002,/home/suhas/crazysim_ws/safe-landing-ftc/results/final/model_sensitivity/nominal_m2_boundary/pinv_fine_boundary/trials/nominal_m2pinv_eta0p49530_seed63100002.csv,4233,pinv_bounded_wls_w1_1_1_0.2_lambda1e-06,bounded_fault_aware_wls,0,0,0,0,0.7261483073234558,-0.003731868928298354,True,True,15.16471529006958,adaptive_brake,0.3619168996810913,0.00799790118048897,0.13076359033584595,0.3323845973692456,0.021074275345056043,False,True,True,True,True,False,/home/suhas/crazysim_ws/safe-landing-ftc/results/final/model_sensitivity/nominal_m2_boundary/pinv_fine_boundary/summaries/nominal_m2pinv_eta0p49530_seed63100002_summary.csv
nominal_m2_boundary_localization_v1,seeded_ic_v1,pinv,pinv,2,0.495300,63100003,/home/suhas/crazysim_ws/safe-landing-ftc/results/final/model_sensitivity/nominal_m2_boundary/pinv_fine_boundary/trials/nominal_m2pinv_eta0p49530_seed63100003.csv,4209,pinv_bounded_wls_w1_1_1_0.2_lambda1e-06,bounded_fault_aware_wls,0,0,0,0,0.7182985544204712,-0.0035274247638881207,True,True,14.987003803253174,adaptive_brake,0.36844247579574585,0.00878165915461143,0.12229368090629578,0.3430222214750609,0.01924735470372373,False,True,True,True,True,False,/home/suhas/crazysim_ws/safe-landing-ftc/results/final/model_sensitivity/nominal_m2_boundary/pinv_fine_boundary/summaries/nominal_m2pinv_eta0p49530_seed63100003_summary.csv
nominal_m2_boundary_localization_v1,seeded_ic_v1,pinv,pinv,2,0.495300,63100004,/home/suhas/crazysim_ws/safe-landing-ftc/results/final/model_sensitivity/nominal_m2_boundary/pinv_fine_boundary/trials/nominal_m2pinv_eta0p49530_seed63100004.csv,4209,pinv_bounded_wls_w1_1_1_0.2_lambda1e-06,bounded_fault_aware_wls,0,0,0,0,0.7113044261932373,-0.0039870054461061954,True,True,14.931393146514893,adaptive_brake,0.3625815212726593,0.008249487432980105,0.125431090593338,0.3377127604060569,0.02078498608835177,False,True,True,True,True,False,/home/suhas/crazysim_ws/safe-landing-ftc/results/final/model_sensitivity/nominal_m2_boundary/pinv_fine_boundary/summaries/nominal_m2pinv_eta0p49530_seed63100004_summary.csv
nominal_m2_boundary_localization_v1,seeded_ic_v1,pinv,pinv,2,0.495300,63100005,/home/suhas/crazysim_ws/safe-landing-ftc/results/final/model_sensitivity/nominal_m2_boundary/pinv_fine_boundary/trials/nominal_m2pinv_eta0p49530_seed63100005.csv,4197,pinv_bounded_wls_w1_1_1_0.2_lambda1e-06,bounded_fault_aware_wls,0,0,0,0,0.7278760671615601,-0.004050279036164284,True,True,14.98238229751587,adaptive_brake,0.3631924092769623,0.007801810731433082,0.14196538925170898,0.3281594864229034,0.022922214876941537,False,True,True,True,True,False,/home/suhas/crazysim_ws/safe-landing-ftc/results/final/model_sensitivity/nominal_m2_boundary/pinv_fine_boundary/summaries/nominal_m2pinv_eta0p49530_seed63100005_summary.csv
nominal_m2_boundary_localization_v1,seeded_ic_v1,pinv,pinv,2,0.495300,63100006,/home/suhas/crazysim_ws/safe-landing-ftc/results/final/model_sensitivity/nominal_m2_boundary/pinv_fine_boundary/trials/nominal_m2pinv_eta0p49530_seed63100006.csv,4194,pinv_bounded_wls_w1_1_1_0.2_lambda1e-06,bounded_fault_aware_wls,0,0,0,0,0.7225300073623657,-0.003792952513322234,True,True,14.852542161941528,adaptive_brake,0.37350767850875854,0.008301879640380932,0.1239713728427887,0.3377249786338452,0.021574502714453995,False,True,True,True,True,False,/home/suhas/crazysim_ws/safe-landing-ftc/results/final/model_sensitivity/nominal_m2_boundary/pinv_fine_boundary/summaries/nominal_m2pinv_eta0p49530_seed63100006_summary.csv
nominal_m2_boundary_localization_v1,seeded_ic_v1,pinv,pinv,2,0.495300,63100007,/home/suhas/crazysim_ws/safe-landing-ftc/results/final/model_sensitivity/nominal_m2_boundary/pinv_fine_boundary/trials/nominal_m2pinv_eta0p49530_seed63100007.csv,4179,pinv_bounded_wls_w1_1_1_0.2_lambda1e-06,bounded_fault_aware_wls,0,0,0,0,0.7228983640670776,-0.003944608382880688,True,True,14.82349681854248,adaptive_brake,0.3613775074481964,0.008004643718916788,0.12496776878833771,0.3291417577167858,0.020329121711194248,False,True,True,True,True,False,/home/suhas/crazysim_ws/safe-landing-ftc/results/final/model_sensitivity/nominal_m2_boundary/pinv_fine_boundary/summaries/nominal_m2pinv_eta0p49530_seed63100007_summary.csv
nominal_m2_boundary_localization_v1,seeded_ic_v1,pinv,pinv,2,0.495300,63100008,/home/suhas/crazysim_ws/safe-landing-ftc/results/final/model_sensitivity/nominal_m2_boundary/pinv_fine_boundary/trials/nominal_m2pinv_eta0p49530_seed63100008.csv,4167,pinv_bounded_wls_w1_1_1_0.2_lambda1e-06,bounded_fault_aware_wls,0,0,0,0,0.7145530581474304,-0.003976830281317234,True,True,14.729508876800537,adaptive_brake,0.3606337010860443,0.008029674541637496,0.1261405050754547,0.32606201761023007,0.021330353075210064,False,True,True,True,True,False,/home/suhas/crazysim_ws/safe-landing-ftc/results/final/model_sensitivity/nominal_m2_boundary/pinv_fine_boundary/summaries/nominal_m2pinv_eta0p49530_seed63100008_summary.csv
nominal_m2_boundary_localization_v1,seeded_ic_v1,pinv,pinv,2,0.495300,63100009,/home/suhas/crazysim_ws/safe-landing-ftc/results/final/model_sensitivity/nominal_m2_boundary/pinv_fine_boundary/trials/nominal_m2pinv_eta0p49530_seed63100009.csv,4197,pinv_bounded_wls_w1_1_1_0.2_lambda1e-06,bounded_fault_aware_wls,0,0,0,0,0.7147176861763,-0.003798224963247776,True,True,14.894304990768433,adaptive_brake,0.3677767217159271,0.008420717632958596,0.1316041797399521,0.34420630707771366,0.02163298104665384,False,True,True,True,True,False,/home/suhas/crazysim_ws/safe-landing-ftc/results/final/model_sensitivity/nominal_m2_boundary/pinv_fine_boundary/summaries/nominal_m2pinv_eta0p49530_seed63100009_summary.csv
nominal_m2_boundary_localization_v1,seeded_ic_v1,pinv,pinv,2,0.495300,63100010,/home/suhas/crazysim_ws/safe-landing-ftc/results/final/model_sensitivity/nominal_m2_boundary/pinv_fine_boundary/trials/nominal_m2pinv_eta0p49530_seed63100010.csv,4170,pinv_bounded_wls_w1_1_1_0.2_lambda1e-06,bounded_fault_aware_wls,0,0,0,0,0.7101417779922485,-0.0035812712740153074,True,True,14.788032531738281,adaptive_brake,0.36621546745300293,0.008341201272663992,0.11689190566539764,0.3458381553395845,0.022034226590667613,False,True,True,True,True,False,/home/suhas/crazysim_ws/safe-landing-ftc/results/final/model_sensitivity/nominal_m2_boundary/pinv_fine_boundary/summaries/nominal_m2pinv_eta0p49530_seed63100010_summary.csv
nominal_m2_boundary_localization_v1,seeded_ic_v1,pinv,pinv,2,0.495300,63100011,/home/suhas/crazysim_ws/safe-landing-ftc/results/final/model_sensitivity/nominal_m2_boundary/pinv_fine_boundary/trials/nominal_m2pinv_eta0p49530_seed63100011.csv,4203,pinv_bounded_wls_w1_1_1_0.2_lambda1e-06,bounded_fault_aware_wls,0,0,0,0,0.7041165232658386,-0.0035707394126802683,True,True,15.025038719177246,adaptive_brake,0.3569537401199341,0.007623827252407605,0.14452335238456726,0.3398223143248237,0.02371194102519609,False,True,True,True,True,False,/home/suhas/crazysim_ws/safe-landing-ftc/results/final/model_sensitivity/nominal_m2_boundary/pinv_fine_boundary/summaries/nominal_m2pinv_eta0p49530_seed63100011_summary.csv
nominal_m2_boundary_localization_v1,seeded_ic_v1,pinv,pinv,2,0.495300,63100012,/home/suhas/crazysim_ws/safe-landing-ftc/results/final/model_sensitivity/nominal_m2_boundary/pinv_fine_boundary/trials/nominal_m2pinv_eta0p49530_seed63100012.csv,4158,pinv_bounded_wls_w1_1_1_0.2_lambda1e-06,bounded_fault_aware_wls,0,0,0,0,0.7208611965179443,-0.004320400767028332,True,True,14.67379879951477,adaptive_brake,0.36080774664878845,0.008298516831869183,0.12679198384284973,0.32496656007114416,0.021038203754714324,False,True,True,True,True,False,/home/suhas/crazysim_ws/safe-landing-ftc/results/final/model_sensitivity/nominal_m2_boundary/pinv_fine_boundary/summaries/nominal_m2pinv_eta0p49530_seed63100012_summary.csv
nominal_m2_boundary_localization_v1,seeded_ic_v1,pinv,pinv,2,0.495300,63100013,/home/suhas/crazysim_ws/safe-landing-ftc/results/final/model_sensitivity/nominal_m2_boundary/pinv_fine_boundary/trials/nominal_m2pinv_eta0p49530_seed63100013.csv,4212,pinv_bounded_wls_w1_1_1_0.2_lambda1e-06,bounded_fault_aware_wls,0,0,0,0,0.7171976566314697,-0.0038892014417797327,True,True,14.971770763397217,adaptive_brake,0.36393362283706665,0.007983001539623752,0.13180027902126312,0.33449293230644334,0.022110245109438875,False,True,True,True,True,False,/home/suhas/crazysim_ws/safe-landing-ftc/results/final/model_sensitivity/nominal_m2_boundary/pinv_fine_boundary/summaries/nominal_m2pinv_eta0p49530_seed63100013_summary.csv
nominal_m2_boundary_localization_v1,seeded_ic_v1,pinv,pinv,2,0.495300,63100014,/home/suhas/crazysim_ws/safe-landing-ftc/results/final/model_sensitivity/nominal_m2_boundary/pinv_fine_boundary/trials/nominal_m2pinv_eta0p49530_seed63100014.csv,4182,pinv_bounded_wls_w1_1_1_0.2_lambda1e-06,bounded_fault_aware_wls,0,0,0,0,0.6938220858573914,-0.003880260745063424,True,True,14.729814767837524,adaptive_brake,0.3509770929813385,0.008116895142371376,0.13175608217716217,0.3302616823308749,0.02268381591402092,False,True,True,True,True,False,/home/suhas/crazysim_ws/safe-landing-ftc/results/final/model_sensitivity/nominal_m2_boundary/pinv_fine_boundary/summaries/nominal_m2pinv_eta0p49530_seed63100014_summary.csv
nominal_m2_boundary_localization_v1,seeded_ic_v1,pinv,pinv,2,0.495300,63100015,/home/suhas/crazysim_ws/safe-landing-ftc/results/final/model_sensitivity/nominal_m2_boundary/pinv_fine_boundary/trials/nominal_m2pinv_eta0p49530_seed63100015.csv,4197,pinv_bounded_wls_w1_1_1_0.2_lambda1e-06,bounded_fault_aware_wls,0,0,0,0,0.6958750486373901,-0.0039986250922083855,True,True,14.850119590759277,adaptive_brake,0.3551068603992462,0.008749857641268559,0.11856137961149216,0.3313152584003604,0.021064731851906274,False,True,True,True,True,False,/home/suhas/crazysim_ws/safe-landing-ftc/results/final/model_sensitivity/nominal_m2_boundary/pinv_fine_boundary/summaries/nominal_m2pinv_eta0p49530_seed63100015_summary.csv
nominal_m2_boundary_localization_v1,seeded_ic_v1,pinv,pinv,2,0.495300,63100016,/home/suhas/crazysim_ws/safe-landing-ftc/results/final/model_sensitivity/nominal_m2_boundary/pinv_fine_boundary/trials/nominal_m2pinv_eta0p49530_seed63100016.csv,4206,pinv_bounded_wls_w1_1_1_0.2_lambda1e-06,bounded_fault_aware_wls,0,0,0,0,0.6947579979896545,-0.003842579899355769,True,True,14.864859580993652,adaptive_brake,0.35810694098472595,0.007747293209179283,0.13629595935344696,0.3345287678691531,0.023440739629231485,False,True,True,True,True,False,/home/suhas/crazysim_ws/safe-landing-ftc/results/final/model_sensitivity/nominal_m2_boundary/pinv_fine_boundary/summaries/nominal_m2pinv_eta0p49530_seed63100016_summary.csv
nominal_m2_boundary_localization_v1,seeded_ic_v1,pinv,pinv,2,0.495300,63100017,/home/suhas/crazysim_ws/safe-landing-ftc/results/final/model_sensitivity/nominal_m2_boundary/pinv_fine_boundary/trials/nominal_m2pinv_eta0p49530_seed63100017.csv,4224,pinv_bounded_wls_w1_1_1_0.2_lambda1e-06,bounded_fault_aware_wls,0,0,0,0,0.7138105034828186,-0.003849032102152705,True,True,15.09660029411316,adaptive_brake,0.3620401620864868,0.00815039204083869,0.12114327400922775,0.3303206156400645,0.021016196328696092,False,True,True,True,True,False,/home/suhas/crazysim_ws/safe-landing-ftc/results/final/model_sensitivity/nominal_m2_boundary/pinv_fine_boundary/summaries/nominal_m2pinv_eta0p49530_seed63100017_summary.csv
nominal_m2_boundary_localization_v1,seeded_ic_v1,pinv,pinv,2,0.495300,63100018,/home/suhas/crazysim_ws/safe-landing-ftc/results/final/model_sensitivity/nominal_m2_boundary/pinv_fine_boundary/trials/nominal_m2pinv_eta0p49530_seed63100018.csv,4212,pinv_bounded_wls_w1_1_1_0.2_lambda1e-06,bounded_fault_aware_wls,0,0,0,0,0.7107049226760864,-0.0037240858655422926,True,True,14.96875,adaptive_brake,0.362568736076355,0.008419497407687859,0.12565548717975616,0.33023829491635753,0.02113797256547768,False,True,True,True,True,False,/home/suhas/crazysim_ws/safe-landing-ftc/results/final/model_sensitivity/nominal_m2_boundary/pinv_fine_boundary/summaries/nominal_m2pinv_eta0p49530_seed63100018_summary.csv
nominal_m2_boundary_localization_v1,seeded_ic_v1,pinv,pinv,2,0.495300,63100019,/home/suhas/crazysim_ws/safe-landing-ftc/results/final/model_sensitivity/nominal_m2_boundary/pinv_fine_boundary/trials/nominal_m2pinv_eta0p49530_seed63100019.csv,4224,pinv_bounded_wls_w1_1_1_0.2_lambda1e-06,bounded_fault_aware_wls,0,0,0,0,0.7041844129562378,-0.0036535393446683884,True,True,15.086671829223633,adaptive_brake,0.3544585108757019,0.007978686732170375,0.130806565284729,0.3281375728940226,0.023733936088461277,False,True,True,True,True,False,/home/suhas/crazysim_ws/safe-landing-ftc/results/final/model_sensitivity/nominal_m2_boundary/pinv_fine_boundary/summaries/nominal_m2pinv_eta0p49530_seed63100019_summary.csv
nominal_m2_boundary_localization_v1,seeded_ic_v1,pinv,pinv,2,0.495300,63100020,/home/suhas/crazysim_ws/safe-landing-ftc/results/final/model_sensitivity/nominal_m2_boundary/pinv_fine_boundary/trials/nominal_m2pinv_eta0p49530_seed63100020.csv,4164,pinv_bounded_wls_w1_1_1_0.2_lambda1e-06,bounded_fault_aware_wls,0,0,0,0,0.7055678367614746,-0.003990845754742622,True,True,14.682867050170898,adaptive_brake,0.35690930485725403,0.008225836271455352,0.1300087422132492,0.3281337178758705,0.022739141177577152,False,True,True,True,True,False,/home/suhas/crazysim_ws/safe-landing-ftc/results/final/model_sensitivity/nominal_m2_boundary/pinv_fine_boundary/summaries/nominal_m2pinv_eta0p49530_seed63100020_summary.csv
nominal_m2_boundary_localization_v1,seeded_ic_v1,pinv,pinv,2,0.495300,63100021,/home/suhas/crazysim_ws/safe-landing-ftc/results/final/model_sensitivity/nominal_m2_boundary/pinv_fine_boundary/trials/nominal_m2pinv_eta0p49530_seed63100021.csv,4194,pinv_bounded_wls_w1_1_1_0.2_lambda1e-06,bounded_fault_aware_wls,0,0,0,0,0.7011696696281433,-0.003526253392919898,True,True,14.829527378082275,adaptive_brake,0.36010655760765076,0.008529014410478791,0.12680131196975708,0.3369501165888966,0.019031292542892105,False,True,True,True,True,False,/home/suhas/crazysim_ws/safe-landing-ftc/results/final/model_sensitivity/nominal_m2_boundary/pinv_fine_boundary/summaries/nominal_m2pinv_eta0p49530_seed63100021_summary.csv
nominal_m2_boundary_localization_v1,seeded_ic_v1,pinv,pinv,2,0.495300,63100022,/home/suhas/crazysim_ws/safe-landing-ftc/results/final/model_sensitivity/nominal_m2_boundary/pinv_fine_boundary/trials/nominal_m2pinv_eta0p49530_seed63100022.csv,4218,pinv_bounded_wls_w1_1_1_0.2_lambda1e-06,bounded_fault_aware_wls,0,0,0,0,0.7306889295578003,-0.0039208680391311646,True,True,15.05385684967041,adaptive_brake,0.36944928765296936,0.007717181278831032,0.134195014834404,0.34092053309920745,0.02334167765878022,False,True,True,True,True,False,/home/suhas/crazysim_ws/safe-landing-ftc/results/final/model_sensitivity/nominal_m2_boundary/pinv_fine_boundary/summaries/nominal_m2pinv_eta0p49530_seed63100022_summary.csv
nominal_m2_boundary_localization_v1,seeded_ic_v1,pinv,pinv,2,0.495300,63100023,/home/suhas/crazysim_ws/safe-landing-ftc/results/final/model_sensitivity/nominal_m2_boundary/pinv_fine_boundary/trials/nominal_m2pinv_eta0p49530_seed63100023.csv,4230,pinv_bounded_wls_w1_1_1_0.2_lambda1e-06,bounded_fault_aware_wls,0,0,0,0,0.7028183341026306,-0.003747940994799137,True,True,15.094902753829956,adaptive_brake,0.35622671246528625,0.008127359218820884,0.13631278276443481,0.33345052853653473,0.021887266131633654,False,True,True,True,True,False,/home/suhas/crazysim_ws/safe-landing-ftc/results/final/model_sensitivity/nominal_m2_boundary/pinv_fine_boundary/summaries/nominal_m2pinv_eta0p49530_seed63100023_summary.csv
nominal_m2_boundary_localization_v1,seeded_ic_v1,pinv,pinv,2,0.495300,63100024,/home/suhas/crazysim_ws/safe-landing-ftc/results/final/model_sensitivity/nominal_m2_boundary/pinv_fine_boundary/trials/nominal_m2pinv_eta0p49530_seed63100024.csv,4200,pinv_bounded_wls_w1_1_1_0.2_lambda1e-06,bounded_fault_aware_wls,0,0,0,0,0.7239571213722229,-0.003999203443527222,True,True,14.931939601898193,adaptive_brake,0.36593514680862427,0.008124748778195488,0.13184161484241486,0.33450012703067805,0.020973488451007834,False,True,True,True,True,False,/home/suhas/crazysim_ws/safe-landing-ftc/results/final/model_sensitivity/nominal_m2_boundary/pinv_fine_boundary/summaries/nominal_m2pinv_eta0p49530_seed63100024_summary.csv
nominal_m2_boundary_localization_v1,seeded_ic_v1,pinv,pinv,2,0.495300,63100025,/home/suhas/crazysim_ws/safe-landing-ftc/results/final/model_sensitivity/nominal_m2_boundary/pinv_fine_boundary/trials/nominal_m2pinv_eta0p49530_seed63100025.csv,4203,pinv_bounded_wls_w1_1_1_0.2_lambda1e-06,bounded_fault_aware_wls,0,0,0,0,0.7046253085136414,-0.003638342721387744,True,True,14.987604141235352,adaptive_brake,0.3511943817138672,0.00818421151428032,0.12713931500911713,0.3217304436261311,0.021514623093015398,False,True,True,True,True,False,/home/suhas/crazysim_ws/safe-landing-ftc/results/final/model_sensitivity/nominal_m2_boundary/pinv_fine_boundary/summaries/nominal_m2pinv_eta0p49530_seed63100025_summary.csv
nominal_m2_boundary_localization_v1,seeded_ic_v1,pinv,pinv,2,0.495300,63100026,/home/suhas/crazysim_ws/safe-landing-ftc/results/final/model_sensitivity/nominal_m2_boundary/pinv_fine_boundary/trials/nominal_m2pinv_eta0p49530_seed63100026.csv,4227,pinv_bounded_wls_w1_1_1_0.2_lambda1e-06,bounded_fault_aware_wls,0,0,0,0,0.7282131910324097,-0.0037453174591064453,True,True,15.128053188323975,adaptive_brake,0.3684152066707611,0.008512694132978343,0.11333652585744858,0.33453416037030326,0.018534262801460196,False,True,True,True,True,False,/home/suhas/crazysim_ws/safe-landing-ftc/results/final/model_sensitivity/nominal_m2_boundary/pinv_fine_boundary/summaries/nominal_m2pinv_eta0p49530_seed63100026_summary.csv
nominal_m2_boundary_localization_v1,seeded_ic_v1,pinv,pinv,2,0.495300,63100027,/home/suhas/crazysim_ws/safe-landing-ftc/results/final/model_sensitivity/nominal_m2_boundary/pinv_fine_boundary/trials/nominal_m2pinv_eta0p49530_seed63100027.csv,4182,pinv_bounded_wls_w1_1_1_0.2_lambda1e-06,bounded_fault_aware_wls,0,0,0,0,0.7231228947639465,-0.004009018652141094,True,True,14.847056150436401,adaptive_brake,0.3658907115459442,0.008518530260851755,0.1152321845293045,0.33130175555681723,0.019906305013531703,False,True,True,True,True,False,/home/suhas/crazysim_ws/safe-landing-ftc/results/final/model_sensitivity/nominal_m2_boundary/pinv_fine_boundary/summaries/nominal_m2pinv_eta0p49530_seed63100027_summary.csv
nominal_m2_boundary_localization_v1,seeded_ic_v1,pinv,pinv,2,0.495300,63100028,/home/suhas/crazysim_ws/safe-landing-ftc/results/final/model_sensitivity/nominal_m2_boundary/pinv_fine_boundary/trials/nominal_m2pinv_eta0p49530_seed63100028.csv,4218,pinv_bounded_wls_w1_1_1_0.2_lambda1e-06,bounded_fault_aware_wls,0,0,0,0,0.6964125037193298,-0.003431788645684719,True,True,14.991080284118652,adaptive_brake,0.3555651307106018,0.00812823784817787,0.12924979627132416,0.33028650779286794,0.023173861399316573,False,True,True,True,True,False,/home/suhas/crazysim_ws/safe-landing-ftc/results/final/model_sensitivity/nominal_m2_boundary/pinv_fine_boundary/summaries/nominal_m2pinv_eta0p49530_seed63100028_summary.csv
nominal_m2_boundary_localization_v1,seeded_ic_v1,pinv,pinv,2,0.495300,63100029,/home/suhas/crazysim_ws/safe-landing-ftc/results/final/model_sensitivity/nominal_m2_boundary/pinv_fine_boundary/trials/nominal_m2pinv_eta0p49530_seed63100029.csv,4182,pinv_bounded_wls_w1_1_1_0.2_lambda1e-06,bounded_fault_aware_wls,0,0,0,0,0.7150578498840332,-0.004145091399550438,True,True,14.76844334602356,adaptive_brake,0.3611374795436859,0.00798987616884336,0.13312478363513947,0.33279906272631316,0.02142043987973781,False,True,True,True,True,False,/home/suhas/crazysim_ws/safe-landing-ftc/results/final/model_sensitivity/nominal_m2_boundary/pinv_fine_boundary/summaries/nominal_m2pinv_eta0p49530_seed63100029_summary.csv
nominal_m2_boundary_localization_v1,seeded_ic_v1,pinv,pinv,2,0.495300,63100030,/home/suhas/crazysim_ws/safe-landing-ftc/results/final/model_sensitivity/nominal_m2_boundary/pinv_fine_boundary/trials/nominal_m2pinv_eta0p49530_seed63100030.csv,4188,pinv_bounded_wls_w1_1_1_0.2_lambda1e-06,bounded_fault_aware_wls,0,0,0,0,0.723267674446106,-0.004058574326336384,True,True,14.884164333343506,adaptive_brake,0.3587627410888672,0.007913618640790005,0.1384393274784088,0.3334862547018894,0.02028663988939304,False,True,True,True,True,False,/home/suhas/crazysim_ws/safe-landing-ftc/results/final/model_sensitivity/nominal_m2_boundary/pinv_fine_boundary/summaries/nominal_m2pinv_eta0p49530_seed63100030_summary.csv
nominal_m2_boundary_localization_v1,seeded_ic_v1,pinv,pinv,2,0.495400,63100001,/home/suhas/crazysim_ws/safe-landing-ftc/results/final/model_sensitivity/nominal_m2_boundary/pinv_fine_boundary/trials/nominal_m2pinv_eta0p49540_seed63100001.csv,4160,pinv_bounded_wls_w1_1_1_0.2_lambda1e-06,bounded_fault_aware_wls,0,0,0,0,0.7080522775650024,-0.004001467488706112,True,True,14.625966548919678,adaptive_brake,0.3590451776981354,0.008119375223700737,0.13204681873321533,0.3315137409821695,0.022568378364994132,False,True,True,True,True,False,/home/suhas/crazysim_ws/safe-landing-ftc/results/final/model_sensitivity/nominal_m2_boundary/pinv_fine_boundary/summaries/nominal_m2pinv_eta0p49540_seed63100001_summary.csv
nominal_m2_boundary_localization_v1,seeded_ic_v1,pinv,pinv,2,0.495400,63100002,/home/suhas/crazysim_ws/safe-landing-ftc/results/final/model_sensitivity/nominal_m2_boundary/pinv_fine_boundary/trials/nominal_m2pinv_eta0p49540_seed63100002.csv,4233,pinv_bounded_wls_w1_1_1_0.2_lambda1e-06,bounded_fault_aware_wls,0,0,0,0,0.7261515259742737,-0.003843331476673484,True,True,15.183532476425171,adaptive_brake,0.35960498452186584,0.007830547906554844,0.13365498185157776,0.33029744036475966,0.02106881822175585,False,True,True,True,True,False,/home/suhas/crazysim_ws/safe-landing-ftc/results/final/model_sensitivity/nominal_m2_boundary/pinv_fine_boundary/summaries/nominal_m2pinv_eta0p49540_seed63100002_summary.csv
nominal_m2_boundary_localization_v1,seeded_ic_v1,pinv,pinv,2,0.495400,63100003,/home/suhas/crazysim_ws/safe-landing-ftc/results/final/model_sensitivity/nominal_m2_boundary/pinv_fine_boundary/trials/nominal_m2pinv_eta0p49540_seed63100003.csv,4212,pinv_bounded_wls_w1_1_1_0.2_lambda1e-06,bounded_fault_aware_wls,0,0,0,0,0.7183946371078491,-0.0036220927722752094,True,True,15.046268939971924,adaptive_brake,0.35518765449523926,0.007919513052973181,0.12633705139160156,0.3281104112908685,0.022421016698583124,False,True,True,True,True,False,/home/suhas/crazysim_ws/safe-landing-ftc/results/final/model_sensitivity/nominal_m2_boundary/pinv_fine_boundary/summaries/nominal_m2pinv_eta0p49540_seed63100003_summary.csv
nominal_m2_boundary_localization_v1,seeded_ic_v1,pinv,pinv,2,0.495400,63100004,/home/suhas/crazysim_ws/safe-landing-ftc/results/final/model_sensitivity/nominal_m2_boundary/pinv_fine_boundary/trials/nominal_m2pinv_eta0p49540_seed63100004.csv,4209,pinv_bounded_wls_w1_1_1_0.2_lambda1e-06,bounded_fault_aware_wls,0,0,0,0,0.7113810777664185,-0.003615693189203739,True,True,14.984993934631348,adaptive_brake,0.3560812175273895,0.008617766141615793,0.11298813670873642,0.33455538441858007,0.020439889971885915,False,True,True,True,True,False,/home/suhas/crazysim_ws/safe-landing-ftc/results/final/model_sensitivity/nominal_m2_boundary/pinv_fine_boundary/summaries/nominal_m2pinv_eta0p49540_seed63100004_summary.csv
nominal_m2_boundary_localization_v1,seeded_ic_v1,pinv,pinv,2,0.495400,63100005,/home/suhas/crazysim_ws/safe-landing-ftc/results/final/model_sensitivity/nominal_m2_boundary/pinv_fine_boundary/trials/nominal_m2pinv_eta0p49540_seed63100005.csv,4203,pinv_bounded_wls_w1_1_1_0.2_lambda1e-06,bounded_fault_aware_wls,0,0,0,0,0.727716863155365,-0.0037517070304602385,True,True,14.985304594039917,adaptive_brake,0.36154410243034363,0.007488404447092294,0.13822625577449799,0.3302334762563725,0.02353028417678097,False,True,True,True,True,False,/home/suhas/crazysim_ws/safe-landing-ftc/results/final/model_sensitivity/nominal_m2_boundary/pinv_fine_boundary/summaries/nominal_m2pinv_eta0p49540_seed63100005_summary.csv
nominal_m2_boundary_localization_v1,seeded_ic_v1,pinv,pinv,2,0.495400,63100006,/home/suhas/crazysim_ws/safe-landing-ftc/results/final/model_sensitivity/nominal_m2_boundary/pinv_fine_boundary/trials/nominal_m2pinv_eta0p49540_seed63100006.csv,4194,pinv_bounded_wls_w1_1_1_0.2_lambda1e-06,bounded_fault_aware_wls,0,0,0,0,0.7225466370582581,-0.004017653409391642,True,True,14.944002866744995,adaptive_brake,0.35999709367752075,0.007880515345314707,0.13915236294269562,0.32917329328756706,0.02314326159819705,False,True,True,True,True,False,/home/suhas/crazysim_ws/safe-landing-ftc/results/final/model_sensitivity/nominal_m2_boundary/pinv_fine_boundary/summaries/nominal_m2pinv_eta0p49540_seed63100006_summary.csv
nominal_m2_boundary_localization_v1,seeded_ic_v1,pinv,pinv,2,0.495400,63100007,/home/suhas/crazysim_ws/safe-landing-ftc/results/final/model_sensitivity/nominal_m2_boundary/pinv_fine_boundary/trials/nominal_m2pinv_eta0p49540_seed63100007.csv,4176,pinv_bounded_wls_w1_1_1_0.2_lambda1e-06,bounded_fault_aware_wls,0,0,0,0,0.7229456305503845,-0.004136441275477409,True,True,14.84647512435913,adaptive_brake,0.3522409200668335,0.007937733055423538,0.12994340062141418,0.3196142505151279,0.022359502645172107,False,True,True,True,True,False,/home/suhas/crazysim_ws/safe-landing-ftc/results/final/model_sensitivity/nominal_m2_boundary/pinv_fine_boundary/summaries/nominal_m2pinv_eta0p49540_seed63100007_summary.csv
nominal_m2_boundary_localization_v1,seeded_ic_v1,pinv,pinv,2,0.495400,63100008,/home/suhas/crazysim_ws/safe-landing-ftc/results/final/model_sensitivity/nominal_m2_boundary/pinv_fine_boundary/trials/nominal_m2pinv_eta0p49540_seed63100008.csv,4167,pinv_bounded_wls_w1_1_1_0.2_lambda1e-06,bounded_fault_aware_wls,0,0,0,0,0.7146775722503662,-0.0040334658697247505,True,True,14.705886363983154,adaptive_brake,0.35890746116638184,0.008158645293432933,0.12363498657941818,0.33155102656402824,0.021689515500301456,False,True,True,True,True,False,/home/suhas/crazysim_ws/safe-landing-ftc/results/final/model_sensitivity/nominal_m2_boundary/pinv_fine_boundary/summaries/nominal_m2pinv_eta0p49540_seed63100008_summary.csv
nominal_m2_boundary_localization_v1,seeded_ic_v1,pinv,pinv,2,0.495400,63100009,/home/suhas/crazysim_ws/safe-landing-ftc/results/final/model_sensitivity/nominal_m2_boundary/pinv_fine_boundary/trials/nominal_m2pinv_eta0p49540_seed63100009.csv,4200,pinv_bounded_wls_w1_1_1_0.2_lambda1e-06,bounded_fault_aware_wls,0,0,0,0,0.7146540880203247,-0.0039162589237093925,True,True,15.006775140762329,adaptive_brake,0.3484244644641876,0.008081535289625904,0.12659436464309692,0.3192067026129097,0.021847192499660606,True,True,True,True,True,True,/home/suhas/crazysim_ws/safe-landing-ftc/results/final/model_sensitivity/nominal_m2_boundary/pinv_fine_boundary/summaries/nominal_m2pinv_eta0p49540_seed63100009_summary.csv
nominal_m2_boundary_localization_v1,seeded_ic_v1,pinv,pinv,2,0.495400,63100010,/home/suhas/crazysim_ws/safe-landing-ftc/results/final/model_sensitivity/nominal_m2_boundary/pinv_fine_boundary/trials/nominal_m2pinv_eta0p49540_seed63100010.csv,4188,pinv_bounded_wls_w1_1_1_0.2_lambda1e-06,bounded_fault_aware_wls,0,0,0,0,0.7103104591369629,-0.0036182936746627092,True,True,14.945592641830444,adaptive_brake,0.34940004348754883,0.008213335545595687,0.13550317287445068,0.32100020108844823,0.019993618828214377,True,True,True,True,True,True,/home/suhas/crazysim_ws/safe-landing-ftc/results/final/model_sensitivity/nominal_m2_boundary/pinv_fine_boundary/summaries/nominal_m2pinv_eta0p49540_seed63100010_summary.csv
nominal_m2_boundary_localization_v1,seeded_ic_v1,pinv,pinv,2,0.495400,63100011,/home/suhas/crazysim_ws/safe-landing-ftc/results/final/model_sensitivity/nominal_m2_boundary/pinv_fine_boundary/trials/nominal_m2pinv_eta0p49540_seed63100011.csv,4215,pinv_bounded_wls_w1_1_1_0.2_lambda1e-06,bounded_fault_aware_wls,0,0,0,0,0.7039400339126587,-0.0035064646508544683,True,True,15.02602481842041,adaptive_brake,0.3557434678077698,0.00763725383537454,0.14123618602752686,0.3345481883164671,0.02345664429665221,False,True,True,True,True,False,/home/suhas/crazysim_ws/safe-landing-ftc/results/final/model_sensitivity/nominal_m2_boundary/pinv_fine_boundary/summaries/nominal_m2pinv_eta0p49540_seed63100011_summary.csv
nominal_m2_boundary_localization_v1,seeded_ic_v1,pinv,pinv,2,0.495400,63100012,/home/suhas/crazysim_ws/safe-landing-ftc/results/final/model_sensitivity/nominal_m2_boundary/pinv_fine_boundary/trials/nominal_m2pinv_eta0p49540_seed63100012.csv,4161,pinv_bounded_wls_w1_1_1_0.2_lambda1e-06,bounded_fault_aware_wls,0,0,0,0,0.7208420634269714,-0.003910212777554989,True,True,14.743397235870361,adaptive_brake,0.3576539158821106,0.008109430081290558,0.12734515964984894,0.32175147164937173,0.02142464615444092,False,True,True,True,True,False,/home/suhas/crazysim_ws/safe-landing-ftc/results/final/model_sensitivity/nominal_m2_boundary/pinv_fine_boundary/summaries/nominal_m2pinv_eta0p49540_seed63100012_summary.csv
nominal_m2_boundary_localization_v1,seeded_ic_v1,pinv,pinv,2,0.495400,63100013,/home/suhas/crazysim_ws/safe-landing-ftc/results/final/model_sensitivity/nominal_m2_boundary/pinv_fine_boundary/trials/nominal_m2pinv_eta0p49540_seed63100013.csv,4212,pinv_bounded_wls_w1_1_1_0.2_lambda1e-06,bounded_fault_aware_wls,0,0,0,0,0.7171915769577026,-0.0039041773416101933,True,True,15.044851541519165,adaptive_brake,0.3582857549190521,0.008502910941405272,0.11561615765094757,0.32955479986977326,0.020131415734361464,False,True,True,True,True,False,/home/suhas/crazysim_ws/safe-landing-ftc/results/final/model_sensitivity/nominal_m2_boundary/pinv_fine_boundary/summaries/nominal_m2pinv_eta0p49540_seed63100013_summary.csv
nominal_m2_boundary_localization_v1,seeded_ic_v1,pinv,pinv,2,0.495400,63100014,/home/suhas/crazysim_ws/safe-landing-ftc/results/final/model_sensitivity/nominal_m2_boundary/pinv_fine_boundary/trials/nominal_m2pinv_eta0p49540_seed63100014.csv,4182,pinv_bounded_wls_w1_1_1_0.2_lambda1e-06,bounded_fault_aware_wls,0,0,0,0,0.69377601146698,-0.003717168001458049,True,True,14.823865175247192,adaptive_brake,0.35202556848526,0.00851869769717724,0.11867830902338028,0.3247409467806052,0.019467212109158128,False,True,True,True,True,False,/home/suhas/crazysim_ws/safe-landing-ftc/results/final/model_sensitivity/nominal_m2_boundary/pinv_fine_boundary/summaries/nominal_m2pinv_eta0p49540_seed63100014_summary.csv
nominal_m2_boundary_localization_v1,seeded_ic_v1,pinv,pinv,2,0.495400,63100015,/home/suhas/crazysim_ws/safe-landing-ftc/results/final/model_sensitivity/nominal_m2_boundary/pinv_fine_boundary/trials/nominal_m2pinv_eta0p49540_seed63100015.csv,4197,pinv_bounded_wls_w1_1_1_0.2_lambda1e-06,bounded_fault_aware_wls,0,0,0,0,0.6959414482116699,-0.0037129458505660295,True,True,14.8636314868927,adaptive_brake,0.3525572121143341,0.007978430172530679,0.12752214074134827,0.33134621805353315,0.021441921510340686,False,True,True,True,True,False,/home/suhas/crazysim_ws/safe-landing-ftc/results/final/model_sensitivity/nominal_m2_boundary/pinv_fine_boundary/summaries/nominal_m2pinv_eta0p49540_seed63100015_summary.csv
nominal_m2_boundary_localization_v1,seeded_ic_v1,pinv,pinv,2,0.495400,63100016,/home/suhas/crazysim_ws/safe-landing-ftc/results/final/model_sensitivity/nominal_m2_boundary/pinv_fine_boundary/trials/nominal_m2pinv_eta0p49540_seed63100016.csv,4206,pinv_bounded_wls_w1_1_1_0.2_lambda1e-06,bounded_fault_aware_wls,0,0,0,0,0.6946279406547546,-0.003460759064182639,True,True,14.905643224716187,adaptive_brake,0.35506293177604675,0.007972811740655497,0.12604114413261414,0.3313349861066105,0.023501070006206617,False,True,True,True,True,False,/home/suhas/crazysim_ws/safe-landing-ftc/results/final/model_sensitivity/nominal_m2_boundary/pinv_fine_boundary/summaries/nominal_m2pinv_eta0p49540_seed63100016_summary.csv
nominal_m2_boundary_localization_v1,seeded_ic_v1,pinv,pinv,2,0.495400,63100017,/home/suhas/crazysim_ws/safe-landing-ftc/results/final/model_sensitivity/nominal_m2_boundary/pinv_fine_boundary/trials/nominal_m2pinv_eta0p49540_seed63100017.csv,4227,pinv_bounded_wls_w1_1_1_0.2_lambda1e-06,bounded_fault_aware_wls,0,0,0,0,0.7135979533195496,-0.003680245717987418,True,True,15.165416717529297,adaptive_brake,0.349865585565567,0.00848063207188393,0.11715906858444214,0.3175044882814401,0.021958110846552505,True,True,True,True,True,True,/home/suhas/crazysim_ws/safe-landing-ftc/results/final/model_sensitivity/nominal_m2_boundary/pinv_fine_boundary/summaries/nominal_m2pinv_eta0p49540_seed63100017_summary.csv
nominal_m2_boundary_localization_v1,seeded_ic_v1,pinv,pinv,2,0.495400,63100018,/home/suhas/crazysim_ws/safe-landing-ftc/results/final/model_sensitivity/nominal_m2_boundary/pinv_fine_boundary/trials/nominal_m2pinv_eta0p49540_seed63100018.csv,4212,pinv_bounded_wls_w1_1_1_0.2_lambda1e-06,bounded_fault_aware_wls,0,0,0,0,0.7106897234916687,-0.003764847759157419,True,True,15.00385332107544,adaptive_brake,0.358828067779541,0.008440621061243004,0.12687230110168457,0.3335070740086224,0.0202018202466727,False,True,True,True,True,False,/home/suhas/crazysim_ws/safe-landing-ftc/results/final/model_sensitivity/nominal_m2_boundary/pinv_fine_boundary/summaries/nominal_m2pinv_eta0p49540_seed63100018_summary.csv
nominal_m2_boundary_localization_v1,seeded_ic_v1,pinv,pinv,2,0.495400,63100019,/home/suhas/crazysim_ws/safe-landing-ftc/results/final/model_sensitivity/nominal_m2_boundary/pinv_fine_boundary/trials/nominal_m2pinv_eta0p49540_seed63100019.csv,4224,pinv_bounded_wls_w1_1_1_0.2_lambda1e-06,bounded_fault_aware_wls,0,0,0,0,0.7043085098266602,-0.0036197612062096596,True,True,15.085875272750854,adaptive_brake,0.356788694858551,0.00817015463907105,0.1314234882593155,0.32920048576877475,0.02116913189144842,False,True,True,True,True,False,/home/suhas/crazysim_ws/safe-landing-ftc/results/final/model_sensitivity/nominal_m2_boundary/pinv_fine_boundary/summaries/nominal_m2pinv_eta0p49540_seed63100019_summary.csv
nominal_m2_boundary_localization_v1,seeded_ic_v1,pinv,pinv,2,0.495400,63100020,/home/suhas/crazysim_ws/safe-landing-ftc/results/final/model_sensitivity/nominal_m2_boundary/pinv_fine_boundary/trials/nominal_m2pinv_eta0p49540_seed63100020.csv,4167,pinv_bounded_wls_w1_1_1_0.2_lambda1e-06,bounded_fault_aware_wls,0,0,0,0,0.7055734992027283,-0.0038651323411613703,True,True,14.725695133209229,adaptive_brake,0.3554440438747406,0.007946963048335353,0.1302047073841095,0.32814468950824466,0.023324263872506346,False,True,True,True,True,False,/home/suhas/crazysim_ws/safe-landing-ftc/results/final/model_sensitivity/nominal_m2_boundary/pinv_fine_boundary/summaries/nominal_m2pinv_eta0p49540_seed63100020_summary.csv
nominal_m2_boundary_localization_v1,seeded_ic_v1,pinv,pinv,2,0.495400,63100021,/home/suhas/crazysim_ws/safe-landing-ftc/results/final/model_sensitivity/nominal_m2_boundary/pinv_fine_boundary/trials/nominal_m2pinv_eta0p49540_seed63100021.csv,4194,pinv_bounded_wls_w1_1_1_0.2_lambda1e-06,bounded_fault_aware_wls,0,0,0,0,0.7011261582374573,-0.0035720227751880884,True,True,14.804707288742065,adaptive_brake,0.3613501191139221,0.008722066677075202,0.11405683308839798,0.3396550922168647,0.020100921511960527,False,True,True,True,True,False,/home/suhas/crazysim_ws/safe-landing-ftc/results/final/model_sensitivity/nominal_m2_boundary/pinv_fine_boundary/summaries/nominal_m2pinv_eta0p49540_seed63100021_summary.csv
nominal_m2_boundary_localization_v1,seeded_ic_v1,pinv,pinv,2,0.495400,63100022,/home/suhas/crazysim_ws/safe-landing-ftc/results/final/model_sensitivity/nominal_m2_boundary/pinv_fine_boundary/trials/nominal_m2pinv_eta0p49540_seed63100022.csv,4221,pinv_bounded_wls_w1_1_1_0.2_lambda1e-06,bounded_fault_aware_wls,0,0,0,0,0.7306764721870422,-0.00373149779625237,True,True,15.084474086761475,adaptive_brake,0.36259496212005615,0.007905776311172579,0.1200363039970398,0.33021404386748804,0.02248613636194007,False,True,True,True,True,False,/home/suhas/crazysim_ws/safe-landing-ftc/results/final/model_sensitivity/nominal_m2_boundary/pinv_fine_boundary/summaries/nominal_m2pinv_eta0p49540_seed63100022_summary.csv
nominal_m2_boundary_localization_v1,seeded_ic_v1,pinv,pinv,2,0.495400,63100023,/home/suhas/crazysim_ws/safe-landing-ftc/results/final/model_sensitivity/nominal_m2_boundary/pinv_fine_boundary/trials/nominal_m2pinv_eta0p49540_seed63100023.csv,4230,pinv_bounded_wls_w1_1_1_0.2_lambda1e-06,bounded_fault_aware_wls,0,0,0,0,0.7027227878570557,-0.0037729653995484114,True,True,15.146973609924316,adaptive_brake,0.35262519121170044,0.00780486339194994,0.135688915848732,0.324859056016339,0.02169661502411468,False,True,True,True,True,False,/home/suhas/crazysim_ws/safe-landing-ftc/results/final/model_sensitivity/nominal_m2_boundary/pinv_fine_boundary/summaries/nominal_m2pinv_eta0p49540_seed63100023_summary.csv
nominal_m2_boundary_localization_v1,seeded_ic_v1,pinv,pinv,2,0.495400,63100024,/home/suhas/crazysim_ws/safe-landing-ftc/results/final/model_sensitivity/nominal_m2_boundary/pinv_fine_boundary/trials/nominal_m2pinv_eta0p49540_seed63100024.csv,4200,pinv_bounded_wls_w1_1_1_0.2_lambda1e-06,bounded_fault_aware_wls,0,0,0,0,0.723931074142456,-0.003800793318077922,True,True,14.924148082733154,adaptive_brake,0.3628115952014923,0.007821367165486821,0.12416975200176239,0.3367109501637166,0.021343192868872252,False,True,True,True,True,False,/home/suhas/crazysim_ws/safe-landing-ftc/results/final/model_sensitivity/nominal_m2_boundary/pinv_fine_boundary/summaries/nominal_m2pinv_eta0p49540_seed63100024_summary.csv
nominal_m2_boundary_localization_v1,seeded_ic_v1,pinv,pinv,2,0.495400,63100025,/home/suhas/crazysim_ws/safe-landing-ftc/results/final/model_sensitivity/nominal_m2_boundary/pinv_fine_boundary/trials/nominal_m2pinv_eta0p49540_seed63100025.csv,4206,pinv_bounded_wls_w1_1_1_0.2_lambda1e-06,bounded_fault_aware_wls,0,0,0,0,0.7044917941093445,-0.003516885219141841,True,True,14.964805364608765,adaptive_brake,0.3541387617588043,0.008271385903784383,0.11501184105873108,0.3259725870025531,0.020208293345370668,False,True,True,True,True,False,/home/suhas/crazysim_ws/safe-landing-ftc/results/final/model_sensitivity/nominal_m2_boundary/pinv_fine_boundary/summaries/nominal_m2pinv_eta0p49540_seed63100025_summary.csv
nominal_m2_boundary_localization_v1,seeded_ic_v1,pinv,pinv,2,0.495400,63100026,/home/suhas/crazysim_ws/safe-landing-ftc/results/final/model_sensitivity/nominal_m2_boundary/pinv_fine_boundary/trials/nominal_m2pinv_eta0p49540_seed63100026.csv,4227,pinv_bounded_wls_w1_1_1_0.2_lambda1e-06,bounded_fault_aware_wls,0,0,0,0,0.7282745242118835,-0.0036442766431719065,True,True,15.185417652130127,adaptive_brake,0.36031419038772583,0.007939868227209598,0.13079553842544556,0.331310399488443,0.021604385817116534,False,True,True,True,True,False,/home/suhas/crazysim_ws/safe-landing-ftc/results/final/model_sensitivity/nominal_m2_boundary/pinv_fine_boundary/summaries/nominal_m2pinv_eta0p49540_seed63100026_summary.csv
nominal_m2_boundary_localization_v1,seeded_ic_v1,pinv,pinv,2,0.495400,63100027,/home/suhas/crazysim_ws/safe-landing-ftc/results/final/model_sensitivity/nominal_m2_boundary/pinv_fine_boundary/trials/nominal_m2pinv_eta0p49540_seed63100027.csv,4185,pinv_bounded_wls_w1_1_1_0.2_lambda1e-06,bounded_fault_aware_wls,0,0,0,0,0.7232136130332947,-0.003989940043538809,True,True,14.823787212371826,adaptive_brake,0.36153340339660645,0.00816915029323382,0.12597507238388062,0.33236240417334806,0.021693182646550145,False,True,True,True,True,False,/home/suhas/crazysim_ws/safe-landing-ftc/results/final/model_sensitivity/nominal_m2_boundary/pinv_fine_boundary/summaries/nominal_m2pinv_eta0p49540_seed63100027_summary.csv
nominal_m2_boundary_localization_v1,seeded_ic_v1,pinv,pinv,2,0.495400,63100028,/home/suhas/crazysim_ws/safe-landing-ftc/results/final/model_sensitivity/nominal_m2_boundary/pinv_fine_boundary/trials/nominal_m2pinv_eta0p49540_seed63100028.csv,4218,pinv_bounded_wls_w1_1_1_0.2_lambda1e-06,bounded_fault_aware_wls,0,0,0,0,0.6964137554168701,-0.003509621135890484,True,True,15.02563214302063,adaptive_brake,0.35290467739105225,0.008219405591794756,0.12489812821149826,0.3281241904793154,0.021534640146411963,False,True,True,True,True,False,/home/suhas/crazysim_ws/safe-landing-ftc/results/final/model_sensitivity/nominal_m2_boundary/pinv_fine_boundary/summaries/nominal_m2pinv_eta0p49540_seed63100028_summary.csv
nominal_m2_boundary_localization_v1,seeded_ic_v1,pinv,pinv,2,0.495400,63100029,/home/suhas/crazysim_ws/safe-landing-ftc/results/final/model_sensitivity/nominal_m2_boundary/pinv_fine_boundary/trials/nominal_m2pinv_eta0p49540_seed63100029.csv,4182,pinv_bounded_wls_w1_1_1_0.2_lambda1e-06,bounded_fault_aware_wls,0,0,0,0,0.7150639891624451,-0.003698768327012658,True,True,14.805934429168701,adaptive_brake,0.36092472076416016,0.008288414536889926,0.12292429804801941,0.33423899759613807,0.02118272313015605,False,True,True,True,True,False,/home/suhas/crazysim_ws/safe-landing-ftc/results/final/model_sensitivity/nominal_m2_boundary/pinv_fine_boundary/summaries/nominal_m2pinv_eta0p49540_seed63100029_summary.csv
nominal_m2_boundary_localization_v1,seeded_ic_v1,pinv,pinv,2,0.495400,63100030,/home/suhas/crazysim_ws/safe-landing-ftc/results/final/model_sensitivity/nominal_m2_boundary/pinv_fine_boundary/trials/nominal_m2pinv_eta0p49540_seed63100030.csv,4188,pinv_bounded_wls_w1_1_1_0.2_lambda1e-06,bounded_fault_aware_wls,0,0,0,0,0.7232711315155029,-0.003730473341420293,True,True,14.86540961265564,adaptive_brake,0.3647807240486145,0.008223191168598518,0.11008894443511963,0.3320112553868736,0.020029608621029343,False,True,True,True,True,False,/home/suhas/crazysim_ws/safe-landing-ftc/results/final/model_sensitivity/nominal_m2_boundary/pinv_fine_boundary/summaries/nominal_m2pinv_eta0p49540_seed63100030_summary.csv
nominal_m2_boundary_localization_v1,seeded_ic_v1,pinv,pinv,2,0.495500,63100001,/home/suhas/crazysim_ws/safe-landing-ftc/results/final/model_sensitivity/nominal_m2_boundary/pinv_fine_boundary/trials/nominal_m2pinv_eta0p49550_seed63100001.csv,4160,pinv_bounded_wls_w1_1_1_0.2_lambda1e-06,bounded_fault_aware_wls,0,0,0,0,0.7079495787620544,-0.004149037413299084,True,True,14.74430775642395,adaptive_brake,0.34506869316101074,0.0076753391750561525,0.1472460776567459,0.3185287345645849,0.02341730445807795,True,True,True,True,True,True,/home/suhas/crazysim_ws/safe-landing-ftc/results/final/model_sensitivity/nominal_m2_boundary/pinv_fine_boundary/summaries/nominal_m2pinv_eta0p49550_seed63100001_summary.csv
nominal_m2_boundary_localization_v1,seeded_ic_v1,pinv,pinv,2,0.495500,63100002,/home/suhas/crazysim_ws/safe-landing-ftc/results/final/model_sensitivity/nominal_m2_boundary/pinv_fine_boundary/trials/nominal_m2pinv_eta0p49550_seed63100002.csv,4233,pinv_bounded_wls_w1_1_1_0.2_lambda1e-06,bounded_fault_aware_wls,0,0,0,0,0.7261314988136292,-0.0035017116460949183,True,True,15.26449203491211,adaptive_brake,0.3532542884349823,0.00822201882184486,0.12327566742897034,0.3228840690155778,0.020550389747655183,False,True,True,True,True,False,/home/suhas/crazysim_ws/safe-landing-ftc/results/final/model_sensitivity/nominal_m2_boundary/pinv_fine_boundary/summaries/nominal_m2pinv_eta0p49550_seed63100002_summary.csv
nominal_m2_boundary_localization_v1,seeded_ic_v1,pinv,pinv,2,0.495500,63100003,/home/suhas/crazysim_ws/safe-landing-ftc/results/final/model_sensitivity/nominal_m2_boundary/pinv_fine_boundary/trials/nominal_m2pinv_eta0p49550_seed63100003.csv,4212,pinv_bounded_wls_w1_1_1_0.2_lambda1e-06,bounded_fault_aware_wls,0,0,0,0,0.7183681130409241,-0.003898211056366563,True,True,14.945430278778076,adaptive_brake,0.3593524396419525,0.008302311192632906,0.1024138480424881,0.3212780262112081,0.019106436661488386,False,True,True,True,True,False,/home/suhas/crazysim_ws/safe-landing-ftc/results/final/model_sensitivity/nominal_m2_boundary/pinv_fine_boundary/summaries/nominal_m2pinv_eta0p49550_seed63100003_summary.csv
nominal_m2_boundary_localization_v1,seeded_ic_v1,pinv,pinv,2,0.495500,63100004,/home/suhas/crazysim_ws/safe-landing-ftc/results/final/model_sensitivity/nominal_m2_boundary/pinv_fine_boundary/trials/nominal_m2pinv_eta0p49550_seed63100004.csv,4209,pinv_bounded_wls_w1_1_1_0.2_lambda1e-06,bounded_fault_aware_wls,0,0,0,0,0.7114526629447937,-0.003671668702736497,True,True,15.065449714660645,adaptive_brake,0.3471338748931885,0.00750775436690634,0.15113918483257294,0.3260351867512776,0.023084386988321815,True,True,True,True,True,True,/home/suhas/crazysim_ws/safe-landing-ftc/results/final/model_sensitivity/nominal_m2_boundary/pinv_fine_boundary/summaries/nominal_m2pinv_eta0p49550_seed63100004_summary.csv
nominal_m2_boundary_localization_v1,seeded_ic_v1,pinv,pinv,2,0.495500,63100005,/home/suhas/crazysim_ws/safe-landing-ftc/results/final/model_sensitivity/nominal_m2_boundary/pinv_fine_boundary/trials/nominal_m2pinv_eta0p49550_seed63100005.csv,4203,pinv_bounded_wls_w1_1_1_0.2_lambda1e-06,bounded_fault_aware_wls,0,0,0,0,0.7276404500007629,-0.004057859070599079,True,True,15.024592876434326,adaptive_brake,0.3602904677391052,0.008221550252686534,0.11777599155902863,0.32490911336336886,0.02163733278578702,False,True,True,True,True,False,/home/suhas/crazysim_ws/safe-landing-ftc/results/final/model_sensitivity/nominal_m2_boundary/pinv_fine_boundary/summaries/nominal_m2pinv_eta0p49550_seed63100005_summary.csv
nominal_m2_boundary_localization_v1,seeded_ic_v1,pinv,pinv,2,0.495500,63100006,/home/suhas/crazysim_ws/safe-landing-ftc/results/final/model_sensitivity/nominal_m2_boundary/pinv_fine_boundary/trials/nominal_m2pinv_eta0p49550_seed63100006.csv,4194,pinv_bounded_wls_w1_1_1_0.2_lambda1e-06,bounded_fault_aware_wls,0,0,0,0,0.7224298715591431,-0.003814609255641699,True,True,14.96383285522461,adaptive_brake,0.3574545681476593,0.008361875217135991,0.11614987254142761,0.32174148940597147,0.01829521018446556,False,True,True,True,True,False,/home/suhas/crazysim_ws/safe-landing-ftc/results/final/model_sensitivity/nominal_m2_boundary/pinv_fine_boundary/summaries/nominal_m2pinv_eta0p49550_seed63100006_summary.csv
nominal_m2_boundary_localization_v1,seeded_ic_v1,pinv,pinv,2,0.495500,63100007,/home/suhas/crazysim_ws/safe-landing-ftc/results/final/model_sensitivity/nominal_m2_boundary/pinv_fine_boundary/trials/nominal_m2pinv_eta0p49550_seed63100007.csv,4179,pinv_bounded_wls_w1_1_1_0.2_lambda1e-06,bounded_fault_aware_wls,0,0,0,0,0.722878634929657,-0.003988186363130808,True,True,14.905548572540283,adaptive_brake,0.35238438844680786,0.008010705743367541,0.12256138026714325,0.32447652415773376,0.021782906895019345,False,True,True,True,True,False,/home/suhas/crazysim_ws/safe-landing-ftc/results/final/model_sensitivity/nominal_m2_boundary/pinv_fine_boundary/summaries/nominal_m2pinv_eta0p49550_seed63100007_summary.csv
nominal_m2_boundary_localization_v1,seeded_ic_v1,pinv,pinv,2,0.495500,63100008,/home/suhas/crazysim_ws/safe-landing-ftc/results/final/model_sensitivity/nominal_m2_boundary/pinv_fine_boundary/trials/nominal_m2pinv_eta0p49550_seed63100008.csv,4167,pinv_bounded_wls_w1_1_1_0.2_lambda1e-06,bounded_fault_aware_wls,0,0,0,0,0.7146652936935425,-0.0039097159169614315,True,True,14.804189920425415,adaptive_brake,0.34988269209861755,0.008016512259799127,0.12857957184314728,0.32172566523286744,0.02237667459046158,True,True,True,True,True,True,/home/suhas/crazysim_ws/safe-landing-ftc/results/final/model_sensitivity/nominal_m2_boundary/pinv_fine_boundary/summaries/nominal_m2pinv_eta0p49550_seed63100008_summary.csv
nominal_m2_boundary_localization_v1,seeded_ic_v1,pinv,pinv,2,0.495500,63100009,/home/suhas/crazysim_ws/safe-landing-ftc/results/final/model_sensitivity/nominal_m2_boundary/pinv_fine_boundary/trials/nominal_m2pinv_eta0p49550_seed63100009.csv,4200,pinv_bounded_wls_w1_1_1_0.2_lambda1e-06,bounded_fault_aware_wls,0,0,0,0,0.7147249579429626,-0.0037191815208643675,True,True,15.005603313446045,adaptive_brake,0.35564059019088745,0.008481392588514223,0.11657899618148804,0.32603030520900966,0.02084033302632007,False,True,True,True,True,False,/home/suhas/crazysim_ws/safe-landing-ftc/results/final/model_sensitivity/nominal_m2_boundary/pinv_fine_boundary/summaries/nominal_m2pinv_eta0p49550_seed63100009_summary.csv
nominal_m2_boundary_localization_v1,seeded_ic_v1,pinv,pinv,2,0.495500,63100010,/home/suhas/crazysim_ws/safe-landing-ftc/results/final/model_sensitivity/nominal_m2_boundary/pinv_fine_boundary/trials/nominal_m2pinv_eta0p49550_seed63100010.csv,4188,pinv_bounded_wls_w1_1_1_0.2_lambda1e-06,bounded_fault_aware_wls,0,0,0,0,0.7103060483932495,-0.003691557329148054,True,True,14.864426851272583,adaptive_brake,0.3560482859611511,0.008046445184147127,0.12109356373548508,0.3313032565336777,0.021897605226708403,False,True,True,True,True,False,/home/suhas/crazysim_ws/safe-landing-ftc/results/final/model_sensitivity/nominal_m2_boundary/pinv_fine_boundary/summaries/nominal_m2pinv_eta0p49550_seed63100010_summary.csv
nominal_m2_boundary_localization_v1,seeded_ic_v1,pinv,pinv,2,0.495500,63100011,/home/suhas/crazysim_ws/safe-landing-ftc/results/final/model_sensitivity/nominal_m2_boundary/pinv_fine_boundary/trials/nominal_m2pinv_eta0p49550_seed63100011.csv,4215,pinv_bounded_wls_w1_1_1_0.2_lambda1e-06,bounded_fault_aware_wls,0,0,0,0,0.7039238214492798,-0.0036004576832056046,True,True,15.085099220275879,adaptive_brake,0.34662964940071106,0.00838263832726881,0.12274119257926941,0.3185439089441429,0.021282730527273454,True,True,True,True,True,True,/home/suhas/crazysim_ws/safe-landing-ftc/results/final/model_sensitivity/nominal_m2_boundary/pinv_fine_boundary/summaries/nominal_m2pinv_eta0p49550_seed63100011_summary.csv
nominal_m2_boundary_localization_v1,seeded_ic_v1,pinv,pinv,2,0.495500,63100012,/home/suhas/crazysim_ws/safe-landing-ftc/results/final/model_sensitivity/nominal_m2_boundary/pinv_fine_boundary/trials/nominal_m2pinv_eta0p49550_seed63100012.csv,4161,pinv_bounded_wls_w1_1_1_0.2_lambda1e-06,bounded_fault_aware_wls,0,0,0,0,0.7208518385887146,-0.003981469199061394,True,True,14.745039701461792,adaptive_brake,0.3534974157810211,0.00846878576993912,0.11074700206518173,0.31896069791399995,0.020510351305669524,False,True,True,True,True,False,/home/suhas/crazysim_ws/safe-landing-ftc/results/final/model_sensitivity/nominal_m2_boundary/pinv_fine_boundary/summaries/nominal_m2pinv_eta0p49550_seed63100012_summary.csv
nominal_m2_boundary_localization_v1,seeded_ic_v1,pinv,pinv,2,0.495500,63100013,/home/suhas/crazysim_ws/safe-landing-ftc/results/final/model_sensitivity/nominal_m2_boundary/pinv_fine_boundary/trials/nominal_m2pinv_eta0p49550_seed63100013.csv,4212,pinv_bounded_wls_w1_1_1_0.2_lambda1e-06,bounded_fault_aware_wls,0,0,0,0,0.7172006368637085,-0.003935027867555618,True,True,15.144330739974976,adaptive_brake,0.34425655007362366,0.007602145344739299,0.14397406578063965,0.31789472053902934,0.022969173763313484,True,True,True,True,True,True,/home/suhas/crazysim_ws/safe-landing-ftc/results/final/model_sensitivity/nominal_m2_boundary/pinv_fine_boundary/summaries/nominal_m2pinv_eta0p49550_seed63100013_summary.csv
nominal_m2_boundary_localization_v1,seeded_ic_v1,pinv,pinv,2,0.495500,63100014,/home/suhas/crazysim_ws/safe-landing-ftc/results/final/model_sensitivity/nominal_m2_boundary/pinv_fine_boundary/trials/nominal_m2pinv_eta0p49550_seed63100014.csv,4182,pinv_bounded_wls_w1_1_1_0.2_lambda1e-06,bounded_fault_aware_wls,0,0,0,0,0.6937090158462524,-0.0038916002959012985,True,True,14.825533390045166,adaptive_brake,0.34720098972320557,0.00823331475748798,0.11316937208175659,0.32384932599698685,0.020225353262889396,True,True,True,True,True,True,/home/suhas/crazysim_ws/safe-landing-ftc/results/final/model_sensitivity/nominal_m2_boundary/pinv_fine_boundary/summaries/nominal_m2pinv_eta0p49550_seed63100014_summary.csv
nominal_m2_boundary_localization_v1,seeded_ic_v1,pinv,pinv,2,0.495500,63100015,/home/suhas/crazysim_ws/safe-landing-ftc/results/final/model_sensitivity/nominal_m2_boundary/pinv_fine_boundary/trials/nominal_m2pinv_eta0p49550_seed63100015.csv,4197,pinv_bounded_wls_w1_1_1_0.2_lambda1e-06,bounded_fault_aware_wls,0,0,0,0,0.6957958936691284,-0.003801209619268775,True,True,14.963918924331665,adaptive_brake,0.33850863575935364,0.007695563911187462,0.14537805318832397,0.3094366301312009,0.02499529663684258,True,True,True,True,True,True,/home/suhas/crazysim_ws/safe-landing-ftc/results/final/model_sensitivity/nominal_m2_boundary/pinv_fine_boundary/summaries/nominal_m2pinv_eta0p49550_seed63100015_summary.csv
nominal_m2_boundary_localization_v1,seeded_ic_v1,pinv,pinv,2,0.495500,63100016,/home/suhas/crazysim_ws/safe-landing-ftc/results/final/model_sensitivity/nominal_m2_boundary/pinv_fine_boundary/trials/nominal_m2pinv_eta0p49550_seed63100016.csv,4206,pinv_bounded_wls_w1_1_1_0.2_lambda1e-06,bounded_fault_aware_wls,0,0,0,0,0.6947205066680908,-0.003551691770553589,True,True,15.024449348449707,adaptive_brake,0.33840107917785645,0.007525392788518518,0.14738966524600983,0.3217413077895367,0.02258090163345108,True,True,True,True,True,True,/home/suhas/crazysim_ws/safe-landing-ftc/results/final/model_sensitivity/nominal_m2_boundary/pinv_fine_boundary/summaries/nominal_m2pinv_eta0p49550_seed63100016_summary.csv
nominal_m2_boundary_localization_v1,seeded_ic_v1,pinv,pinv,2,0.495500,63100017,/home/suhas/crazysim_ws/safe-landing-ftc/results/final/model_sensitivity/nominal_m2_boundary/pinv_fine_boundary/trials/nominal_m2pinv_eta0p49550_seed63100017.csv,4227,pinv_bounded_wls_w1_1_1_0.2_lambda1e-06,bounded_fault_aware_wls,0,0,0,0,0.7136015295982361,-0.003758719190955162,True,True,15.205307960510254,adaptive_brake,0.3506098985671997,0.008201331745004597,0.11962258070707321,0.3185175222052629,0.020702905435609605,False,True,True,True,True,False,/home/suhas/crazysim_ws/safe-landing-ftc/results/final/model_sensitivity/nominal_m2_boundary/pinv_fine_boundary/summaries/nominal_m2pinv_eta0p49550_seed63100017_summary.csv
nominal_m2_boundary_localization_v1,seeded_ic_v1,pinv,pinv,2,0.495500,63100018,/home/suhas/crazysim_ws/safe-landing-ftc/results/final/model_sensitivity/nominal_m2_boundary/pinv_fine_boundary/trials/nominal_m2pinv_eta0p49550_seed63100018.csv,4212,pinv_bounded_wls_w1_1_1_0.2_lambda1e-06,bounded_fault_aware_wls,0,0,0,0,0.710731029510498,-0.0037743025459349155,True,True,15.044537544250488,adaptive_brake,0.35379713773727417,0.008446347885095806,0.12391295284032822,0.32709225527646674,0.021504150289416175,False,True,True,True,True,False,/home/suhas/crazysim_ws/safe-landing-ftc/results/final/model_sensitivity/nominal_m2_boundary/pinv_fine_boundary/summaries/nominal_m2pinv_eta0p49550_seed63100018_summary.csv
nominal_m2_boundary_localization_v1,seeded_ic_v1,pinv,pinv,2,0.495500,63100019,/home/suhas/crazysim_ws/safe-landing-ftc/results/final/model_sensitivity/nominal_m2_boundary/pinv_fine_boundary/trials/nominal_m2pinv_eta0p49550_seed63100019.csv,4227,pinv_bounded_wls_w1_1_1_0.2_lambda1e-06,bounded_fault_aware_wls,0,0,0,0,0.7042022943496704,-0.0036962528247386217,True,True,15.084511041641235,adaptive_brake,0.3599094748497009,0.008929320333407957,0.10115881264209747,0.3334419054527318,0.019976389061598175,False,True,True,True,True,False,/home/suhas/crazysim_ws/safe-landing-ftc/results/final/model_sensitivity/nominal_m2_boundary/pinv_fine_boundary/summaries/nominal_m2pinv_eta0p49550_seed63100019_summary.csv
nominal_m2_boundary_localization_v1,seeded_ic_v1,pinv,pinv,2,0.495500,63100020,/home/suhas/crazysim_ws/safe-landing-ftc/results/final/model_sensitivity/nominal_m2_boundary/pinv_fine_boundary/trials/nominal_m2pinv_eta0p49550_seed63100020.csv,4167,pinv_bounded_wls_w1_1_1_0.2_lambda1e-06,bounded_fault_aware_wls,0,0,0,0,0.705635666847229,-0.0037197181954979897,True,True,14.74424958229065,adaptive_brake,0.35294872522354126,0.008334575980375776,0.11676273494958878,0.32267072443541955,0.019946481157457372,False,True,True,True,True,False,/home/suhas/crazysim_ws/safe-landing-ftc/results/final/model_sensitivity/nominal_m2_boundary/pinv_fine_boundary/summaries/nominal_m2pinv_eta0p49550_seed63100020_summary.csv
nominal_m2_boundary_localization_v1,seeded_ic_v1,pinv,pinv,2,0.495500,63100021,/home/suhas/crazysim_ws/safe-landing-ftc/results/final/model_sensitivity/nominal_m2_boundary/pinv_fine_boundary/trials/nominal_m2pinv_eta0p49550_seed63100021.csv,4194,pinv_bounded_wls_w1_1_1_0.2_lambda1e-06,bounded_fault_aware_wls,0,0,0,0,0.7011059522628784,-0.0038399097975343466,True,True,14.865930080413818,adaptive_brake,0.352268785238266,0.008085760123642127,0.12939369678497314,0.32535851111582814,0.022336952998336726,False,True,True,True,True,False,/home/suhas/crazysim_ws/safe-landing-ftc/results/final/model_sensitivity/nominal_m2_boundary/pinv_fine_boundary/summaries/nominal_m2pinv_eta0p49550_seed63100021_summary.csv
nominal_m2_boundary_localization_v1,seeded_ic_v1,pinv,pinv,2,0.495500,63100022,/home/suhas/crazysim_ws/safe-landing-ftc/results/final/model_sensitivity/nominal_m2_boundary/pinv_fine_boundary/trials/nominal_m2pinv_eta0p49550_seed63100022.csv,4221,pinv_bounded_wls_w1_1_1_0.2_lambda1e-06,bounded_fault_aware_wls,0,0,0,0,0.7306715250015259,-0.0038112548645585775,True,True,15.143752574920654,adaptive_brake,0.3616248667240143,0.007567914147734437,0.13587790727615356,0.32813257559931974,0.023038687558978484,False,True,True,True,True,False,/home/suhas/crazysim_ws/safe-landing-ftc/results/final/model_sensitivity/nominal_m2_boundary/pinv_fine_boundary/summaries/nominal_m2pinv_eta0p49550_seed63100022_summary.csv
nominal_m2_boundary_localization_v1,seeded_ic_v1,pinv,pinv,2,0.495500,63100023,/home/suhas/crazysim_ws/safe-landing-ftc/results/final/model_sensitivity/nominal_m2_boundary/pinv_fine_boundary/trials/nominal_m2pinv_eta0p49550_seed63100023.csv,4230,pinv_bounded_wls_w1_1_1_0.2_lambda1e-06,bounded_fault_aware_wls,0,0,0,0,0.7027865052223206,-0.0037560942582786083,True,True,15.165417432785034,adaptive_brake,0.3504263162612915,0.007910592735672822,0.12787911295890808,0.3251816051356352,0.021052985422105923,False,True,True,True,True,False,/home/suhas/crazysim_ws/safe-landing-ftc/results/final/model_sensitivity/nominal_m2_boundary/pinv_fine_boundary/summaries/nominal_m2pinv_eta0p49550_seed63100023_summary.csv
nominal_m2_boundary_localization_v1,seeded_ic_v1,pinv,pinv,2,0.495500,63100024,/home/suhas/crazysim_ws/safe-landing-ftc/results/final/model_sensitivity/nominal_m2_boundary/pinv_fine_boundary/trials/nominal_m2pinv_eta0p49550_seed63100024.csv,4200,pinv_bounded_wls_w1_1_1_0.2_lambda1e-06,bounded_fault_aware_wls,0,0,0,0,0.7238965034484863,-0.0037638561334460974,True,True,14.965339183807373,adaptive_brake,0.36140933632850647,0.008552449295888161,0.1070004478096962,0.33241702942346363,0.01923339704913483,False,True,True,True,True,False,/home/suhas/crazysim_ws/safe-landing-ftc/results/final/model_sensitivity/nominal_m2_boundary/pinv_fine_boundary/summaries/nominal_m2pinv_eta0p49550_seed63100024_summary.csv
nominal_m2_boundary_localization_v1,seeded_ic_v1,pinv,pinv,2,0.495500,63100025,/home/suhas/crazysim_ws/safe-landing-ftc/results/final/model_sensitivity/nominal_m2_boundary/pinv_fine_boundary/trials/nominal_m2pinv_eta0p49550_seed63100025.csv,4206,pinv_bounded_wls_w1_1_1_0.2_lambda1e-06,bounded_fault_aware_wls,0,0,0,0,0.7045187950134277,-0.0038518186192959547,True,True,15.045742511749268,adaptive_brake,0.34284669160842896,0.00808048875544742,0.12304452061653137,0.3171102729053777,0.021956669924737642,True,True,True,True,True,True,/home/suhas/crazysim_ws/safe-landing-ftc/results/final/model_sensitivity/nominal_m2_boundary/pinv_fine_boundary/summaries/nominal_m2pinv_eta0p49550_seed63100025_summary.csv
nominal_m2_boundary_localization_v1,seeded_ic_v1,pinv,pinv,2,0.495500,63100026,/home/suhas/crazysim_ws/safe-landing-ftc/results/final/model_sensitivity/nominal_m2_boundary/pinv_fine_boundary/trials/nominal_m2pinv_eta0p49550_seed63100026.csv,4227,pinv_bounded_wls_w1_1_1_0.2_lambda1e-06,bounded_fault_aware_wls,0,0,0,0,0.7283434271812439,-0.003917516674846411,True,True,15.264986038208008,adaptive_brake,0.3516770899295807,0.007523147736178798,0.13880185782909393,0.32090868121080135,0.02299097409785807,False,True,True,True,True,False,/home/suhas/crazysim_ws/safe-landing-ftc/results/final/model_sensitivity/nominal_m2_boundary/pinv_fine_boundary/summaries/nominal_m2pinv_eta0p49550_seed63100026_summary.csv
nominal_m2_boundary_localization_v1,seeded_ic_v1,pinv,pinv,2,0.495500,63100027,/home/suhas/crazysim_ws/safe-landing-ftc/results/final/model_sensitivity/nominal_m2_boundary/pinv_fine_boundary/trials/nominal_m2pinv_eta0p49550_seed63100027.csv,4185,pinv_bounded_wls_w1_1_1_0.2_lambda1e-06,bounded_fault_aware_wls,0,0,0,0,0.7232308983802795,-0.003899069270119071,True,True,14.904803037643433,adaptive_brake,0.3593958914279938,0.00874364874487016,0.10373752564191818,0.32817018700545825,0.017491405183282314,False,True,True,True,True,False,/home/suhas/crazysim_ws/safe-landing-ftc/results/final/model_sensitivity/nominal_m2_boundary/pinv_fine_boundary/summaries/nominal_m2pinv_eta0p49550_seed63100027_summary.csv
nominal_m2_boundary_localization_v1,seeded_ic_v1,pinv,pinv,2,0.495500,63100028,/home/suhas/crazysim_ws/safe-landing-ftc/results/final/model_sensitivity/nominal_m2_boundary/pinv_fine_boundary/trials/nominal_m2pinv_eta0p49550_seed63100028.csv,4218,pinv_bounded_wls_w1_1_1_0.2_lambda1e-06,bounded_fault_aware_wls,0,0,0,0,0.6965250372886658,-0.0037313441280275583,True,True,15.084492206573486,adaptive_brake,0.3443967401981354,0.00807061515136786,0.12526999413967133,0.31852358303685796,0.02135929120097266,True,True,True,True,True,True,/home/suhas/crazysim_ws/safe-landing-ftc/results/final/model_sensitivity/nominal_m2_boundary/pinv_fine_boundary/summaries/nominal_m2pinv_eta0p49550_seed63100028_summary.csv
nominal_m2_boundary_localization_v1,seeded_ic_v1,pinv,pinv,2,0.495500,63100029,/home/suhas/crazysim_ws/safe-landing-ftc/results/final/model_sensitivity/nominal_m2_boundary/pinv_fine_boundary/trials/nominal_m2pinv_eta0p49550_seed63100029.csv,4182,pinv_bounded_wls_w1_1_1_0.2_lambda1e-06,bounded_fault_aware_wls,0,0,0,0,0.7149621844291687,-0.00383346457965672,True,True,14.865863561630249,adaptive_brake,0.3561231195926666,0.008421453209162759,0.1140441969037056,0.32493867995595466,0.020435285124032365,False,True,True,True,True,False,/home/suhas/crazysim_ws/safe-landing-ftc/results/final/model_sensitivity/nominal_m2_boundary/pinv_fine_boundary/summaries/nominal_m2pinv_eta0p49550_seed63100029_summary.csv
nominal_m2_boundary_localization_v1,seeded_ic_v1,pinv,pinv,2,0.495500,63100030,/home/suhas/crazysim_ws/safe-landing-ftc/results/final/model_sensitivity/nominal_m2_boundary/pinv_fine_boundary/trials/nominal_m2pinv_eta0p49550_seed63100030.csv,4188,pinv_bounded_wls_w1_1_1_0.2_lambda1e-06,bounded_fault_aware_wls,0,0,0,0,0.7231492400169373,-0.004123262129724026,True,True,14.765379905700684,adaptive_brake,0.36127686500549316,0.00791694275439835,0.10709506273269653,0.32282750905368834,0.01967882310148987,False,True,True,True,True,False,/home/suhas/crazysim_ws/safe-landing-ftc/results/final/model_sensitivity/nominal_m2_boundary/pinv_fine_boundary/summaries/nominal_m2pinv_eta0p49550_seed63100030_summary.csv
nominal_m2_boundary_localization_v1,seeded_ic_v1,pinv,pinv,2,0.495600,63100001,/home/suhas/crazysim_ws/safe-landing-ftc/results/final/model_sensitivity/nominal_m2_boundary/pinv_fine_boundary/trials/nominal_m2pinv_eta0p49560_seed63100001.csv,4158,pinv_bounded_wls_w1_1_1_0.2_lambda1e-06,bounded_fault_aware_wls,0,0,0,0,0.7079199552536011,-0.003986107185482979,True,True,14.765455484390259,adaptive_brake,0.34446021914482117,0.007704141095403141,0.1356753408908844,0.3185579363393778,0.022432103746602976,True,True,True,True,True,True,/home/suhas/crazysim_ws/safe-landing-ftc/results/final/model_sensitivity/nominal_m2_boundary/pinv_fine_boundary/summaries/nominal_m2pinv_eta0p49560_seed63100001_summary.csv
nominal_m2_boundary_localization_v1,seeded_ic_v1,pinv,pinv,2,0.495600,63100002,/home/suhas/crazysim_ws/safe-landing-ftc/results/final/model_sensitivity/nominal_m2_boundary/pinv_fine_boundary/trials/nominal_m2pinv_eta0p49560_seed63100002.csv,4233,pinv_bounded_wls_w1_1_1_0.2_lambda1e-06,bounded_fault_aware_wls,0,0,0,0,0.7261339426040649,-0.0036659264005720615,True,True,15.283666610717773,adaptive_brake,0.35481590032577515,0.008351338777172508,0.10528434813022614,0.31640310670592275,0.020016970886431975,False,True,True,True,True,False,/home/suhas/crazysim_ws/safe-landing-ftc/results/final/model_sensitivity/nominal_m2_boundary/pinv_fine_boundary/summaries/nominal_m2pinv_eta0p49560_seed63100002_summary.csv
nominal_m2_boundary_localization_v1,seeded_ic_v1,pinv,pinv,2,0.495600,63100003,/home/suhas/crazysim_ws/safe-landing-ftc/results/final/model_sensitivity/nominal_m2_boundary/pinv_fine_boundary/trials/nominal_m2pinv_eta0p49560_seed63100003.csv,4215,pinv_bounded_wls_w1_1_1_0.2_lambda1e-06,bounded_fault_aware_wls,0,0,0,0,0.7183005809783936,-0.004038244020193815,True,True,15.12363076210022,adaptive_brake,0.3518606722354889,0.008036968886596102,0.12085937708616257,0.32057809467487824,0.019523216233816015,False,True,True,True,True,False,/home/suhas/crazysim_ws/safe-landing-ftc/results/final/model_sensitivity/nominal_m2_boundary/pinv_fine_boundary/summaries/nominal_m2pinv_eta0p49560_seed63100003_summary.csv
nominal_m2_boundary_localization_v1,seeded_ic_v1,pinv,pinv,2,0.495600,63100004,/home/suhas/crazysim_ws/safe-landing-ftc/results/final/model_sensitivity/nominal_m2_boundary/pinv_fine_boundary/trials/nominal_m2pinv_eta0p49560_seed63100004.csv,4209,pinv_bounded_wls_w1_1_1_0.2_lambda1e-06,bounded_fault_aware_wls,0,0,0,0,0.7113204002380371,-0.0039607505314052105,True,True,15.063794136047363,adaptive_brake,0.35001152753829956,0.00835881571394347,0.11390237510204315,0.32171758893307484,0.02017043921291272,False,True,True,True,True,False,/home/suhas/crazysim_ws/safe-landing-ftc/results/final/model_sensitivity/nominal_m2_boundary/pinv_fine_boundary/summaries/nominal_m2pinv_eta0p49560_seed63100004_summary.csv
nominal_m2_boundary_localization_v1,seeded_ic_v1,pinv,pinv,2,0.495600,63100005,/home/suhas/crazysim_ws/safe-landing-ftc/results/final/model_sensitivity/nominal_m2_boundary/pinv_fine_boundary/trials/nominal_m2pinv_eta0p49560_seed63100005.csv,4203,pinv_bounded_wls_w1_1_1_0.2_lambda1e-06,bounded_fault_aware_wls,0,0,0,0,0.7277566194534302,-0.0038506125565618277,True,True,15.024307489395142,adaptive_brake,0.36223486065864563,0.008391922607684883,0.10909093171358109,0.3217165819754268,0.02045444293623169,False,True,True,True,True,False,/home/suhas/crazysim_ws/safe-landing-ftc/results/final/model_sensitivity/nominal_m2_boundary/pinv_fine_boundary/summaries/nominal_m2pinv_eta0p49560_seed63100005_summary.csv
nominal_m2_boundary_localization_v1,seeded_ic_v1,pinv,pinv,2,0.495600,63100006,/home/suhas/crazysim_ws/safe-landing-ftc/results/final/model_sensitivity/nominal_m2_boundary/pinv_fine_boundary/trials/nominal_m2pinv_eta0p49560_seed63100006.csv,4194,pinv_bounded_wls_w1_1_1_0.2_lambda1e-06,bounded_fault_aware_wls,0,0,0,0,0.7223934531211853,-0.004111327696591616,True,True,15.004190921783447,adaptive_brake,0.3519490957260132,0.008369764632168273,0.11159047484397888,0.3206501272414494,0.019045401519394333,False,True,True,True,True,False,/home/suhas/crazysim_ws/safe-landing-ftc/results/final/model_sensitivity/nominal_m2_boundary/pinv_fine_boundary/summaries/nominal_m2pinv_eta0p49560_seed63100006_summary.csv
nominal_m2_boundary_localization_v1,seeded_ic_v1,pinv,pinv,2,0.495600,63100007,/home/suhas/crazysim_ws/safe-landing-ftc/results/final/model_sensitivity/nominal_m2_boundary/pinv_fine_boundary/trials/nominal_m2pinv_eta0p49560_seed63100007.csv,4176,pinv_bounded_wls_w1_1_1_0.2_lambda1e-06,bounded_fault_aware_wls,0,0,0,0,0.722904622554779,-0.003975968342274427,True,True,14.946432828903198,adaptive_brake,0.34519049525260925,0.007781313649471668,0.12066535651683807,0.3121735198706429,0.022690851584292387,True,True,True,True,True,True,/home/suhas/crazysim_ws/safe-landing-ftc/results/final/model_sensitivity/nominal_m2_boundary/pinv_fine_boundary/summaries/nominal_m2pinv_eta0p49560_seed63100007_summary.csv
nominal_m2_boundary_localization_v1,seeded_ic_v1,pinv,pinv,2,0.495600,63100008,/home/suhas/crazysim_ws/safe-landing-ftc/results/final/model_sensitivity/nominal_m2_boundary/pinv_fine_boundary/trials/nominal_m2pinv_eta0p49560_seed63100008.csv,4167,pinv_bounded_wls_w1_1_1_0.2_lambda1e-06,bounded_fault_aware_wls,0,0,0,0,0.7145863771438599,-0.003871327266097069,True,True,14.86618685722351,adaptive_brake,0.347362220287323,0.008336296902301556,0.11928719282150269,0.3121328259894153,0.020900248786957676,True,True,True,True,True,True,/home/suhas/crazysim_ws/safe-landing-ftc/results/final/model_sensitivity/nominal_m2_boundary/pinv_fine_boundary/summaries/nominal_m2pinv_eta0p49560_seed63100008_summary.csv
nominal_m2_boundary_localization_v1,seeded_ic_v1,pinv,pinv,2,0.495600,63100009,/home/suhas/crazysim_ws/safe-landing-ftc/results/final/model_sensitivity/nominal_m2_boundary/pinv_fine_boundary/trials/nominal_m2pinv_eta0p49560_seed63100009.csv,4202,pinv_bounded_wls_w1_1_1_0.2_lambda1e-06,bounded_fault_aware_wls,0,0,0,0,0.7146796584129333,-0.0038964005652815104,True,True,15.025822162628174,adaptive_brake,0.35159146785736084,0.008688459814986746,0.1043974757194519,0.32595447511856346,0.020403458256885137,False,True,True,True,True,False,/home/suhas/crazysim_ws/safe-landing-ftc/results/final/model_sensitivity/nominal_m2_boundary/pinv_fine_boundary/summaries/nominal_m2pinv_eta0p49560_seed63100009_summary.csv
nominal_m2_boundary_localization_v1,seeded_ic_v1,pinv,pinv,2,0.495600,63100010,/home/suhas/crazysim_ws/safe-landing-ftc/results/final/model_sensitivity/nominal_m2_boundary/pinv_fine_boundary/trials/nominal_m2pinv_eta0p49560_seed63100010.csv,4185,pinv_bounded_wls_w1_1_1_0.2_lambda1e-06,bounded_fault_aware_wls,0,0,0,0,0.7101898789405823,-0.0039706300012767315,True,True,14.913346290588379,adaptive_brake,0.3524564504623413,0.00812466648014368,0.12171944975852966,0.31819676808407177,0.02134481863187824,False,True,True,True,True,False,/home/suhas/crazysim_ws/safe-landing-ftc/results/final/model_sensitivity/nominal_m2_boundary/pinv_fine_boundary/summaries/nominal_m2pinv_eta0p49560_seed63100010_summary.csv
nominal_m2_boundary_localization_v1,seeded_ic_v1,pinv,pinv,2,0.495600,63100011,/home/suhas/crazysim_ws/safe-landing-ftc/results/final/model_sensitivity/nominal_m2_boundary/pinv_fine_boundary/trials/nominal_m2pinv_eta0p49560_seed63100011.csv,4212,pinv_bounded_wls_w1_1_1_0.2_lambda1e-06,bounded_fault_aware_wls,0,0,0,0,0.7039341926574707,-0.0039000986143946648,True,True,15.11731481552124,adaptive_brake,0.34003350138664246,0.007877193121331798,0.13162529468536377,0.3100749657600044,0.02361578277468858,True,True,True,True,True,True,/home/suhas/crazysim_ws/safe-landing-ftc/results/final/model_sensitivity/nominal_m2_boundary/pinv_fine_boundary/summaries/nominal_m2pinv_eta0p49560_seed63100011_summary.csv
nominal_m2_boundary_localization_v1,seeded_ic_v1,pinv,pinv,2,0.495600,63100012,/home/suhas/crazysim_ws/safe-landing-ftc/results/final/model_sensitivity/nominal_m2_boundary/pinv_fine_boundary/trials/nominal_m2pinv_eta0p49560_seed63100012.csv,4158,pinv_bounded_wls_w1_1_1_0.2_lambda1e-06,bounded_fault_aware_wls,0,0,0,0,0.7208560109138489,-0.004133681301027536,True,True,14.818606853485107,adaptive_brake,0.34431228041648865,0.0082568519294245,0.11979835480451584,0.3099974083312287,0.0213433142461461,True,True,True,True,True,True,/home/suhas/crazysim_ws/safe-landing-ftc/results/final/model_sensitivity/nominal_m2_boundary/pinv_fine_boundary/summaries/nominal_m2pinv_eta0p49560_seed63100012_summary.csv
nominal_m2_boundary_localization_v1,seeded_ic_v1,pinv,pinv,2,0.495600,63100013,/home/suhas/crazysim_ws/safe-landing-ftc/results/final/model_sensitivity/nominal_m2_boundary/pinv_fine_boundary/trials/nominal_m2pinv_eta0p49560_seed63100013.csv,4209,pinv_bounded_wls_w1_1_1_0.2_lambda1e-06,bounded_fault_aware_wls,0,0,0,0,0.7171887755393982,-0.003777880920097232,True,True,15.132558584213257,adaptive_brake,0.3459581434726715,0.007787267630906939,0.1267758309841156,0.3110652884380896,0.021442539887340576,True,True,True,True,True,True,/home/suhas/crazysim_ws/safe-landing-ftc/results/final/model_sensitivity/nominal_m2_boundary/pinv_fine_boundary/summaries/nominal_m2pinv_eta0p49560_seed63100013_summary.csv
nominal_m2_boundary_localization_v1,seeded_ic_v1,pinv,pinv,2,0.495600,63100014,/home/suhas/crazysim_ws/safe-landing-ftc/results/final/model_sensitivity/nominal_m2_boundary/pinv_fine_boundary/trials/nominal_m2pinv_eta0p49560_seed63100014.csv,4179,pinv_bounded_wls_w1_1_1_0.2_lambda1e-06,bounded_fault_aware_wls,0,0,0,0,0.6937278509140015,-0.003807349130511284,True,True,14.958032846450806,adaptive_brake,0.3260999619960785,0.007768112143994135,0.13775908946990967,0.3069195014900205,0.023141099510325173,True,True,True,True,True,True,/home/suhas/crazysim_ws/safe-landing-ftc/results/final/model_sensitivity/nominal_m2_boundary/pinv_fine_boundary/summaries/nominal_m2pinv_eta0p49560_seed63100014_summary.csv
nominal_m2_boundary_localization_v1,seeded_ic_v1,pinv,pinv,2,0.495600,63100015,/home/suhas/crazysim_ws/safe-landing-ftc/results/final/model_sensitivity/nominal_m2_boundary/pinv_fine_boundary/trials/nominal_m2pinv_eta0p49560_seed63100015.csv,4191,pinv_bounded_wls_w1_1_1_0.2_lambda1e-06,bounded_fault_aware_wls,0,0,0,0,0.6960638761520386,-0.0038280650041997433,True,True,15.018051624298096,adaptive_brake,0.34169861674308777,0.008236690412561398,0.1167740598320961,0.30898647725203277,0.021706856734351142,True,True,True,True,True,True,/home/suhas/crazysim_ws/safe-landing-ftc/results/final/model_sensitivity/nominal_m2_boundary/pinv_fine_boundary/summaries/nominal_m2pinv_eta0p49560_seed63100015_summary.csv
nominal_m2_boundary_localization_v1,seeded_ic_v1,pinv,pinv,2,0.495600,63100016,/home/suhas/crazysim_ws/safe-landing-ftc/results/final/model_sensitivity/nominal_m2_boundary/pinv_fine_boundary/trials/nominal_m2pinv_eta0p49560_seed63100016.csv,4206,pinv_bounded_wls_w1_1_1_0.2_lambda1e-06,bounded_fault_aware_wls,0,0,0,0,0.6946345567703247,-0.003925882745534182,True,True,14.991289854049683,adaptive_brake,0.33944910764694214,0.007857136139642656,0.120683953166008,0.3196023115948552,0.022004038811793112,True,True,True,True,True,True,/home/suhas/crazysim_ws/safe-landing-ftc/results/final/model_sensitivity/nominal_m2_boundary/pinv_fine_boundary/summaries/nominal_m2pinv_eta0p49560_seed63100016_summary.csv
nominal_m2_boundary_localization_v1,seeded_ic_v1,pinv,pinv,2,0.495600,63100017,/home/suhas/crazysim_ws/safe-landing-ftc/results/final/model_sensitivity/nominal_m2_boundary/pinv_fine_boundary/trials/nominal_m2pinv_eta0p49560_seed63100017.csv,4227,pinv_bounded_wls_w1_1_1_0.2_lambda1e-06,bounded_fault_aware_wls,0,0,0,0,0.7134013772010803,-0.0038366219960153103,True,True,15.210232496261597,adaptive_brake,0.3511998951435089,0.008424271741742597,0.10733512043952942,0.32067649240889046,0.01881981053724787,False,True,True,True,True,False,/home/suhas/crazysim_ws/safe-landing-ftc/results/final/model_sensitivity/nominal_m2_boundary/pinv_fine_boundary/summaries/nominal_m2pinv_eta0p49560_seed63100017_summary.csv
nominal_m2_boundary_localization_v1,seeded_ic_v1,pinv,pinv,2,0.495600,63100018,/home/suhas/crazysim_ws/safe-landing-ftc/results/final/model_sensitivity/nominal_m2_boundary/pinv_fine_boundary/trials/nominal_m2pinv_eta0p49560_seed63100018.csv,4212,pinv_bounded_wls_w1_1_1_0.2_lambda1e-06,bounded_fault_aware_wls,0,0,0,0,0.7105881571769714,-0.00398588040843606,True,True,15.109290838241577,adaptive_brake,0.34929558634757996,0.008665029246226403,0.104827880859375,0.3227859571873746,0.019559965685512617,True,True,True,True,True,True,/home/suhas/crazysim_ws/safe-landing-ftc/results/final/model_sensitivity/nominal_m2_boundary/pinv_fine_boundary/summaries/nominal_m2pinv_eta0p49560_seed63100018_summary.csv
nominal_m2_boundary_localization_v1,seeded_ic_v1,pinv,pinv,2,0.495600,63100019,/home/suhas/crazysim_ws/safe-landing-ftc/results/final/model_sensitivity/nominal_m2_boundary/pinv_fine_boundary/trials/nominal_m2pinv_eta0p49560_seed63100019.csv,4224,pinv_bounded_wls_w1_1_1_0.2_lambda1e-06,bounded_fault_aware_wls,0,0,0,0,0.704218327999115,-0.003709736280143261,True,True,15.246913433074951,adaptive_brake,0.33865228295326233,0.008305410471421984,0.12000979483127594,0.30762726357713976,0.021383214347289962,True,True,True,True,True,True,/home/suhas/crazysim_ws/safe-landing-ftc/results/final/model_sensitivity/nominal_m2_boundary/pinv_fine_boundary/summaries/nominal_m2pinv_eta0p49560_seed63100019_summary.csv
nominal_m2_boundary_localization_v1,seeded_ic_v1,pinv,pinv,2,0.495600,63100020,/home/suhas/crazysim_ws/safe-landing-ftc/results/final/model_sensitivity/nominal_m2_boundary/pinv_fine_boundary/trials/nominal_m2pinv_eta0p49560_seed63100020.csv,4161,pinv_bounded_wls_w1_1_1_0.2_lambda1e-06,bounded_fault_aware_wls,0,0,0,0,0.7056834101676941,-0.003825633553788066,True,True,14.796454906463623,adaptive_brake,0.34812530875205994,0.00799818500906504,0.11591757833957672,0.31959183730477214,0.02165217948073291,True,True,True,True,True,True,/home/suhas/crazysim_ws/safe-landing-ftc/results/final/model_sensitivity/nominal_m2_boundary/pinv_fine_boundary/summaries/nominal_m2pinv_eta0p49560_seed63100020_summary.csv
nominal_m2_boundary_localization_v1,seeded_ic_v1,pinv,pinv,2,0.495600,63100021,/home/suhas/crazysim_ws/safe-landing-ftc/results/final/model_sensitivity/nominal_m2_boundary/pinv_fine_boundary/trials/nominal_m2pinv_eta0p49560_seed63100021.csv,4194,pinv_bounded_wls_w1_1_1_0.2_lambda1e-06,bounded_fault_aware_wls,0,0,0,0,0.7011820077896118,-0.003851459128782153,True,True,14.970216989517212,adaptive_brake,0.34434595704078674,0.00862031871734843,0.09915781766176224,0.3206564872695432,0.018192216027984324,True,True,True,True,True,True,/home/suhas/crazysim_ws/safe-landing-ftc/results/final/model_sensitivity/nominal_m2_boundary/pinv_fine_boundary/summaries/nominal_m2pinv_eta0p49560_seed63100021_summary.csv
nominal_m2_boundary_localization_v1,seeded_ic_v1,pinv,pinv,2,0.495600,63100022,/home/suhas/crazysim_ws/safe-landing-ftc/results/final/model_sensitivity/nominal_m2_boundary/pinv_fine_boundary/trials/nominal_m2pinv_eta0p49560_seed63100022.csv,4221,pinv_bounded_wls_w1_1_1_0.2_lambda1e-06,bounded_fault_aware_wls,0,0,0,0,0.7306005358695984,-0.0037647131830453873,True,True,15.184435606002808,adaptive_brake,0.35475999116897583,0.00787743680733874,0.11721500754356384,0.32086902210682533,0.023347012324713406,False,True,True,True,True,False,/home/suhas/crazysim_ws/safe-landing-ftc/results/final/model_sensitivity/nominal_m2_boundary/pinv_fine_boundary/summaries/nominal_m2pinv_eta0p49560_seed63100022_summary.csv
nominal_m2_boundary_localization_v1,seeded_ic_v1,pinv,pinv,2,0.495600,63100023,/home/suhas/crazysim_ws/safe-landing-ftc/results/final/model_sensitivity/nominal_m2_boundary/pinv_fine_boundary/trials/nominal_m2pinv_eta0p49560_seed63100023.csv,4230,pinv_bounded_wls_w1_1_1_0.2_lambda1e-06,bounded_fault_aware_wls,0,0,0,0,0.702724277973175,-0.0037772944197058678,True,True,15.184823036193848,adaptive_brake,0.3495602607727051,0.008953912113083095,0.10653316974639893,0.321754506738311,0.017883107228728636,True,True,True,True,True,True,/home/suhas/crazysim_ws/safe-landing-ftc/results/final/model_sensitivity/nominal_m2_boundary/pinv_fine_boundary/summaries/nominal_m2pinv_eta0p49560_seed63100023_summary.csv
nominal_m2_boundary_localization_v1,seeded_ic_v1,pinv,pinv,2,0.495600,63100024,/home/suhas/crazysim_ws/safe-landing-ftc/results/final/model_sensitivity/nominal_m2_boundary/pinv_fine_boundary/trials/nominal_m2pinv_eta0p49560_seed63100024.csv,4197,pinv_bounded_wls_w1_1_1_0.2_lambda1e-06,bounded_fault_aware_wls,0,0,0,0,0.7239605188369751,-0.0040976363234221935,True,True,14.989430665969849,adaptive_brake,0.36248645186424255,0.008366130747261884,0.10970122367143631,0.32819667798666763,0.018958867137495682,False,True,True,True,True,False,/home/suhas/crazysim_ws/safe-landing-ftc/results/final/model_sensitivity/nominal_m2_boundary/pinv_fine_boundary/summaries/nominal_m2pinv_eta0p49560_seed63100024_summary.csv
nominal_m2_boundary_localization_v1,seeded_ic_v1,pinv,pinv,2,0.495600,63100025,/home/suhas/crazysim_ws/safe-landing-ftc/results/final/model_sensitivity/nominal_m2_boundary/pinv_fine_boundary/trials/nominal_m2pinv_eta0p49560_seed63100025.csv,4203,pinv_bounded_wls_w1_1_1_0.2_lambda1e-06,bounded_fault_aware_wls,0,0,0,0,0.7045774459838867,-0.003695365972816944,True,True,15.047638177871704,adaptive_brake,0.3410774767398834,0.007907372242709447,0.1300157606601715,0.3158115287324196,0.02181940302218441,True,True,True,True,True,True,/home/suhas/crazysim_ws/safe-landing-ftc/results/final/model_sensitivity/nominal_m2_boundary/pinv_fine_boundary/summaries/nominal_m2pinv_eta0p49560_seed63100025_summary.csv
nominal_m2_boundary_localization_v1,seeded_ic_v1,pinv,pinv,2,0.495600,63100026,/home/suhas/crazysim_ws/safe-landing-ftc/results/final/model_sensitivity/nominal_m2_boundary/pinv_fine_boundary/trials/nominal_m2pinv_eta0p49560_seed63100026.csv,4227,pinv_bounded_wls_w1_1_1_0.2_lambda1e-06,bounded_fault_aware_wls,0,0,0,0,0.7283225059509277,-0.0037341497372835875,True,True,15.266221046447754,adaptive_brake,0.3511367738246918,0.0076770896953731235,0.12601161003112793,0.31747187646200575,0.021029903438474086,False,True,True,True,True,False,/home/suhas/crazysim_ws/safe-landing-ftc/results/final/model_sensitivity/nominal_m2_boundary/pinv_fine_boundary/summaries/nominal_m2pinv_eta0p49560_seed63100026_summary.csv
nominal_m2_boundary_localization_v1,seeded_ic_v1,pinv,pinv,2,0.495600,63100027,/home/suhas/crazysim_ws/safe-landing-ftc/results/final/model_sensitivity/nominal_m2_boundary/pinv_fine_boundary/trials/nominal_m2pinv_eta0p49560_seed63100027.csv,4183,pinv_bounded_wls_w1_1_1_0.2_lambda1e-06,bounded_fault_aware_wls,0,0,0,0,0.7232403755187988,-0.003967242781072855,True,True,15.064719438552856,adaptive_brake,0.33986714482307434,0.008262556795888578,0.11605329811573029,0.3111566286277008,0.01867457140898084,True,True,True,True,True,True,/home/suhas/crazysim_ws/safe-landing-ftc/results/final/model_sensitivity/nominal_m2_boundary/pinv_fine_boundary/summaries/nominal_m2pinv_eta0p49560_seed63100027_summary.csv
nominal_m2_boundary_localization_v1,seeded_ic_v1,pinv,pinv,2,0.495600,63100028,/home/suhas/crazysim_ws/safe-landing-ftc/results/final/model_sensitivity/nominal_m2_boundary/pinv_fine_boundary/trials/nominal_m2pinv_eta0p49560_seed63100028.csv,4218,pinv_bounded_wls_w1_1_1_0.2_lambda1e-06,bounded_fault_aware_wls,0,0,0,0,0.6963846683502197,-0.003661267226561904,True,True,15.147288799285889,adaptive_brake,0.3383292257785797,0.007853999400205076,0.11848141998052597,0.31108936134531207,0.02043242707453052,True,True,True,True,True,True,/home/suhas/crazysim_ws/safe-landing-ftc/results/final/model_sensitivity/nominal_m2_boundary/pinv_fine_boundary/summaries/nominal_m2pinv_eta0p49560_seed63100028_summary.csv
nominal_m2_boundary_localization_v1,seeded_ic_v1,pinv,pinv,2,0.495600,63100029,/home/suhas/crazysim_ws/safe-landing-ftc/results/final/model_sensitivity/nominal_m2_boundary/pinv_fine_boundary/trials/nominal_m2pinv_eta0p49560_seed63100029.csv,4179,pinv_bounded_wls_w1_1_1_0.2_lambda1e-06,bounded_fault_aware_wls,0,0,0,0,0.7151303887367249,-0.004103903658688068,True,True,14.975425243377686,adaptive_brake,0.3455078601837158,0.00781418157768105,0.13718703389167786,0.31127847254144864,0.02214006244084153,True,True,True,True,True,True,/home/suhas/crazysim_ws/safe-landing-ftc/results/final/model_sensitivity/nominal_m2_boundary/pinv_fine_boundary/summaries/nominal_m2pinv_eta0p49560_seed63100029_summary.csv
nominal_m2_boundary_localization_v1,seeded_ic_v1,pinv,pinv,2,0.495600,63100030,/home/suhas/crazysim_ws/safe-landing-ftc/results/final/model_sensitivity/nominal_m2_boundary/pinv_fine_boundary/trials/nominal_m2pinv_eta0p49560_seed63100030.csv,4188,pinv_bounded_wls_w1_1_1_0.2_lambda1e-06,bounded_fault_aware_wls,0,0,0,0,0.7233107686042786,-0.00420257868245244,True,True,14.865672588348389,adaptive_brake,0.36599016189575195,0.0076430560002489845,0.12772242724895477,0.333375799181426,0.02279408444977151,False,True,True,True,True,False,/home/suhas/crazysim_ws/safe-landing-ftc/results/final/model_sensitivity/nominal_m2_boundary/pinv_fine_boundary/summaries/nominal_m2pinv_eta0p49560_seed63100030_summary.csv
nominal_m2_boundary_localization_v1,seeded_ic_v1,pinv,pinv,2,0.495700,63100001,/home/suhas/crazysim_ws/safe-landing-ftc/results/final/model_sensitivity/nominal_m2_boundary/pinv_fine_boundary/trials/nominal_m2pinv_eta0p49570_seed63100001.csv,4158,pinv_bounded_wls_w1_1_1_0.2_lambda1e-06,bounded_fault_aware_wls,0,0,0,0,0.7079067826271057,-0.003923639189451933,True,True,14.743036031723022,adaptive_brake,0.3433174192905426,0.007787501154371609,0.1141258254647255,0.31643957736524236,0.022340644002697002,True,True,True,True,True,True,/home/suhas/crazysim_ws/safe-landing-ftc/results/final/model_sensitivity/nominal_m2_boundary/pinv_fine_boundary/summaries/nominal_m2pinv_eta0p49570_seed63100001_summary.csv
nominal_m2_boundary_localization_v1,seeded_ic_v1,pinv,pinv,2,0.495700,63100002,/home/suhas/crazysim_ws/safe-landing-ftc/results/final/model_sensitivity/nominal_m2_boundary/pinv_fine_boundary/trials/nominal_m2pinv_eta0p49570_seed63100002.csv,4230,pinv_bounded_wls_w1_1_1_0.2_lambda1e-06,bounded_fault_aware_wls,0,0,0,0,0.7261322140693665,-0.0039040108676999807,True,True,15.25222396850586,adaptive_brake,0.3467150926589966,0.007651458568707199,0.10786182433366776,0.31000652682100516,0.021272987220994306,True,True,True,True,True,True,/home/suhas/crazysim_ws/safe-landing-ftc/results/final/model_sensitivity/nominal_m2_boundary/pinv_fine_boundary/summaries/nominal_m2pinv_eta0p49570_seed63100002_summary.csv
nominal_m2_boundary_localization_v1,seeded_ic_v1,pinv,pinv,2,0.495700,63100003,/home/suhas/crazysim_ws/safe-landing-ftc/results/final/model_sensitivity/nominal_m2_boundary/pinv_fine_boundary/trials/nominal_m2pinv_eta0p49570_seed63100003.csv,4212,pinv_bounded_wls_w1_1_1_0.2_lambda1e-06,bounded_fault_aware_wls,0,0,0,0,0.7183796763420105,-0.003811411326751113,True,True,15.169833898544312,adaptive_brake,0.346831351518631,0.007813739417202446,0.12050837278366089,0.31959545872280354,0.02136336343794387,True,True,True,True,True,True,/home/suhas/crazysim_ws/safe-landing-ftc/results/final/model_sensitivity/nominal_m2_boundary/pinv_fine_boundary/summaries/nominal_m2pinv_eta0p49570_seed63100003_summary.csv
nominal_m2_boundary_localization_v1,seeded_ic_v1,pinv,pinv,2,0.495700,63100004,/home/suhas/crazysim_ws/safe-landing-ftc/results/final/model_sensitivity/nominal_m2_boundary/pinv_fine_boundary/trials/nominal_m2pinv_eta0p49570_seed63100004.csv,4209,pinv_bounded_wls_w1_1_1_0.2_lambda1e-06,bounded_fault_aware_wls,0,0,0,0,0.7114283442497253,-0.0035450528375804424,True,True,15.16366982460022,adaptive_brake,0.34239163994789124,0.008064908855222196,0.1155579686164856,0.31008440672829907,0.021049674487516847,True,True,True,True,True,True,/home/suhas/crazysim_ws/safe-landing-ftc/results/final/model_sensitivity/nominal_m2_boundary/pinv_fine_boundary/summaries/nominal_m2pinv_eta0p49570_seed63100004_summary.csv
nominal_m2_boundary_localization_v1,seeded_ic_v1,pinv,pinv,2,0.495700,63100005,/home/suhas/crazysim_ws/safe-landing-ftc/results/final/model_sensitivity/nominal_m2_boundary/pinv_fine_boundary/trials/nominal_m2pinv_eta0p49570_seed63100005.csv,4203,pinv_bounded_wls_w1_1_1_0.2_lambda1e-06,bounded_fault_aware_wls,0,0,0,0,0.7276834845542908,-0.0038925271946936846,True,True,15.064659595489502,adaptive_brake,0.35294151306152344,0.007671199948229416,0.11613060534000397,0.32050225891392153,0.022000138080165876,False,True,True,True,True,False,/home/suhas/crazysim_ws/safe-landing-ftc/results/final/model_sensitivity/nominal_m2_boundary/pinv_fine_boundary/summaries/nominal_m2pinv_eta0p49570_seed63100005_summary.csv
nominal_m2_boundary_localization_v1,seeded_ic_v1,pinv,pinv,2,0.495700,63100006,/home/suhas/crazysim_ws/safe-landing-ftc/results/final/model_sensitivity/nominal_m2_boundary/pinv_fine_boundary/trials/nominal_m2pinv_eta0p49570_seed63100006.csv,4194,pinv_bounded_wls_w1_1_1_0.2_lambda1e-06,bounded_fault_aware_wls,0,0,0,0,0.7225501537322998,-0.0037792648654431105,True,True,15.005484580993652,adaptive_brake,0.35265445709228516,0.008165619221716738,0.11056233197450638,0.3228321131868523,0.021768902645048455,False,True,True,True,True,False,/home/suhas/crazysim_ws/safe-landing-ftc/results/final/model_sensitivity/nominal_m2_boundary/pinv_fine_boundary/summaries/nominal_m2pinv_eta0p49570_seed63100006_summary.csv
nominal_m2_boundary_localization_v1,seeded_ic_v1,pinv,pinv,2,0.495700,63100007,/home/suhas/crazysim_ws/safe-landing-ftc/results/final/model_sensitivity/nominal_m2_boundary/pinv_fine_boundary/trials/nominal_m2pinv_eta0p49570_seed63100007.csv,4176,pinv_bounded_wls_w1_1_1_0.2_lambda1e-06,bounded_fault_aware_wls,0,0,0,0,0.7229300737380981,-0.0038815850857645273,True,True,14.867401838302612,adaptive_brake,0.3579760789871216,0.007935845887140535,0.11821724474430084,0.3258848630919465,0.022001921650940132,False,True,True,True,True,False,/home/suhas/crazysim_ws/safe-landing-ftc/results/final/model_sensitivity/nominal_m2_boundary/pinv_fine_boundary/summaries/nominal_m2pinv_eta0p49570_seed63100007_summary.csv
nominal_m2_boundary_localization_v1,seeded_ic_v1,pinv,pinv,2,0.495700,63100008,/home/suhas/crazysim_ws/safe-landing-ftc/results/final/model_sensitivity/nominal_m2_boundary/pinv_fine_boundary/trials/nominal_m2pinv_eta0p49570_seed63100008.csv,4167,pinv_bounded_wls_w1_1_1_0.2_lambda1e-06,bounded_fault_aware_wls,0,0,0,0,0.7146480083465576,-0.0037130615673959255,True,True,14.829294681549072,adaptive_brake,0.3460906744003296,0.00782163561896638,0.11652111262083054,0.3114921317182706,0.022426349420925622,True,True,True,True,True,True,/home/suhas/crazysim_ws/safe-landing-ftc/results/final/model_sensitivity/nominal_m2_boundary/pinv_fine_boundary/summaries/nominal_m2pinv_eta0p49570_seed63100008_summary.csv
nominal_m2_boundary_localization_v1,seeded_ic_v1,pinv,pinv,2,0.495700,63100009,/home/suhas/crazysim_ws/safe-landing-ftc/results/final/model_sensitivity/nominal_m2_boundary/pinv_fine_boundary/trials/nominal_m2pinv_eta0p49570_seed63100009.csv,4203,pinv_bounded_wls_w1_1_1_0.2_lambda1e-06,bounded_fault_aware_wls,0,0,0,0,0.7146440744400024,-0.003942781127989292,True,True,15.023263931274414,adaptive_brake,0.34650588035583496,0.008175219298623875,0.1090020015835762,0.3238934919103781,0.019611721733214228,True,True,True,True,True,True,/home/suhas/crazysim_ws/safe-landing-ftc/results/final/model_sensitivity/nominal_m2_boundary/pinv_fine_boundary/summaries/nominal_m2pinv_eta0p49570_seed63100009_summary.csv
nominal_m2_boundary_localization_v1,seeded_ic_v1,pinv,pinv,2,0.495700,63100010,/home/suhas/crazysim_ws/safe-landing-ftc/results/final/model_sensitivity/nominal_m2_boundary/pinv_fine_boundary/trials/nominal_m2pinv_eta0p49570_seed63100010.csv,4188,pinv_bounded_wls_w1_1_1_0.2_lambda1e-06,bounded_fault_aware_wls,0,0,0,0,0.7102423906326294,-0.003643319709226489,True,True,14.965144634246826,adaptive_brake,0.3501802086830139,0.007884092007384913,0.11420269310474396,0.3144858351333594,0.022776450228223576,False,True,True,True,True,False,/home/suhas/crazysim_ws/safe-landing-ftc/results/final/model_sensitivity/nominal_m2_boundary/pinv_fine_boundary/summaries/nominal_m2pinv_eta0p49570_seed63100010_summary.csv
nominal_m2_boundary_localization_v1,seeded_ic_v1,pinv,pinv,2,0.495700,63100011,/home/suhas/crazysim_ws/safe-landing-ftc/results/final/model_sensitivity/nominal_m2_boundary/pinv_fine_boundary/trials/nominal_m2pinv_eta0p49570_seed63100011.csv,4215,pinv_bounded_wls_w1_1_1_0.2_lambda1e-06,bounded_fault_aware_wls,0,0,0,0,0.703944206237793,-0.0037912442348897457,True,True,15.129240989685059,adaptive_brake,0.3465562164783478,0.0077723897883997745,0.12918320298194885,0.3165422016793441,0.02118328492208483,True,True,True,True,True,True,/home/suhas/crazysim_ws/safe-landing-ftc/results/final/model_sensitivity/nominal_m2_boundary/pinv_fine_boundary/summaries/nominal_m2pinv_eta0p49570_seed63100011_summary.csv
nominal_m2_boundary_localization_v1,seeded_ic_v1,pinv,pinv,2,0.495700,63100012,/home/suhas/crazysim_ws/safe-landing-ftc/results/final/model_sensitivity/nominal_m2_boundary/pinv_fine_boundary/trials/nominal_m2pinv_eta0p49570_seed63100012.csv,4161,pinv_bounded_wls_w1_1_1_0.2_lambda1e-06,bounded_fault_aware_wls,0,0,0,0,0.720818042755127,-0.004260284826159477,True,True,14.903295516967773,adaptive_brake,0.33826395869255066,0.007953535290331744,0.12365248799324036,0.3057556473808163,0.021111446546334442,True,True,True,True,True,True,/home/suhas/crazysim_ws/safe-landing-ftc/results/final/model_sensitivity/nominal_m2_boundary/pinv_fine_boundary/summaries/nominal_m2pinv_eta0p49570_seed63100012_summary.csv
nominal_m2_boundary_localization_v1,seeded_ic_v1,pinv,pinv,2,0.495700,63100013,/home/suhas/crazysim_ws/safe-landing-ftc/results/final/model_sensitivity/nominal_m2_boundary/pinv_fine_boundary/trials/nominal_m2pinv_eta0p49570_seed63100013.csv,4212,pinv_bounded_wls_w1_1_1_0.2_lambda1e-06,bounded_fault_aware_wls,0,0,0,0,0.7171847224235535,-0.003926007077097893,True,True,15.104270458221436,adaptive_brake,0.34857887029647827,0.00808253051388859,0.11647897213697433,0.32282196475017005,0.021754125786748173,True,True,True,True,True,True,/home/suhas/crazysim_ws/safe-landing-ftc/results/final/model_sensitivity/nominal_m2_boundary/pinv_fine_boundary/summaries/nominal_m2pinv_eta0p49570_seed63100013_summary.csv
nominal_m2_boundary_localization_v1,seeded_ic_v1,pinv,pinv,2,0.495700,63100014,/home/suhas/crazysim_ws/safe-landing-ftc/results/final/model_sensitivity/nominal_m2_boundary/pinv_fine_boundary/trials/nominal_m2pinv_eta0p49570_seed63100014.csv,4182,pinv_bounded_wls_w1_1_1_0.2_lambda1e-06,bounded_fault_aware_wls,0,0,0,0,0.6937638521194458,-0.0037549827247858047,True,True,14.924467325210571,adaptive_brake,0.33506953716278076,0.008714575803156205,0.1084740161895752,0.3100497260167436,0.019226746748332232,True,True,True,True,True,True,/home/suhas/crazysim_ws/safe-landing-ftc/results/final/model_sensitivity/nominal_m2_boundary/pinv_fine_boundary/summaries/nominal_m2pinv_eta0p49570_seed63100014_summary.csv
nominal_m2_boundary_localization_v1,seeded_ic_v1,pinv,pinv,2,0.495700,63100015,/home/suhas/crazysim_ws/safe-landing-ftc/results/final/model_sensitivity/nominal_m2_boundary/pinv_fine_boundary/trials/nominal_m2pinv_eta0p49570_seed63100015.csv,4197,pinv_bounded_wls_w1_1_1_0.2_lambda1e-06,bounded_fault_aware_wls,0,0,0,0,0.6958712935447693,-0.0037906619254499674,True,True,15.02407193183899,adaptive_brake,0.33393383026123047,0.008024250214316986,0.12913520634174347,0.3100781588500736,0.023369477125901837,True,True,True,True,True,True,/home/suhas/crazysim_ws/safe-landing-ftc/results/final/model_sensitivity/nominal_m2_boundary/pinv_fine_boundary/summaries/nominal_m2pinv_eta0p49570_seed63100015_summary.csv
nominal_m2_boundary_localization_v1,seeded_ic_v1,pinv,pinv,2,0.495700,63100016,/home/suhas/crazysim_ws/safe-landing-ftc/results/final/model_sensitivity/nominal_m2_boundary/pinv_fine_boundary/trials/nominal_m2pinv_eta0p49570_seed63100016.csv,4206,pinv_bounded_wls_w1_1_1_0.2_lambda1e-06,bounded_fault_aware_wls,0,0,0,0,0.6947147846221924,-0.003593680215999484,True,True,15.104085683822632,adaptive_brake,0.33546119928359985,0.007476126575594004,0.13782308995723724,0.30788499022579213,0.024527189100035676,True,True,True,True,True,True,/home/suhas/crazysim_ws/safe-landing-ftc/results/final/model_sensitivity/nominal_m2_boundary/pinv_fine_boundary/summaries/nominal_m2pinv_eta0p49570_seed63100016_summary.csv
nominal_m2_boundary_localization_v1,seeded_ic_v1,pinv,pinv,2,0.495700,63100017,/home/suhas/crazysim_ws/safe-landing-ftc/results/final/model_sensitivity/nominal_m2_boundary/pinv_fine_boundary/trials/nominal_m2pinv_eta0p49570_seed63100017.csv,4227,pinv_bounded_wls_w1_1_1_0.2_lambda1e-06,bounded_fault_aware_wls,0,0,0,0,0.713503897190094,-0.00345622468739748,True,True,15.20926833152771,adaptive_brake,0.3486356735229492,0.008054646391083806,0.11816217750310898,0.312290580609294,0.02041241367829544,True,True,True,True,True,True,/home/suhas/crazysim_ws/safe-landing-ftc/results/final/model_sensitivity/nominal_m2_boundary/pinv_fine_boundary/summaries/nominal_m2pinv_eta0p49570_seed63100017_summary.csv
nominal_m2_boundary_localization_v1,seeded_ic_v1,pinv,pinv,2,0.495700,63100018,/home/suhas/crazysim_ws/safe-landing-ftc/results/final/model_sensitivity/nominal_m2_boundary/pinv_fine_boundary/trials/nominal_m2pinv_eta0p49570_seed63100018.csv,4212,pinv_bounded_wls_w1_1_1_0.2_lambda1e-06,bounded_fault_aware_wls,0,0,0,0,0.7106987833976746,-0.0036393925547599792,True,True,15.124261140823364,adaptive_brake,0.3422543406486511,0.008121483960891608,0.12678761780261993,0.31750401762171027,0.021641702382720947,True,True,True,True,True,True,/home/suhas/crazysim_ws/safe-landing-ftc/results/final/model_sensitivity/nominal_m2_boundary/pinv_fine_boundary/summaries/nominal_m2pinv_eta0p49570_seed63100018_summary.csv
nominal_m2_boundary_localization_v1,seeded_ic_v1,pinv,pinv,2,0.495700,63100019,/home/suhas/crazysim_ws/safe-landing-ftc/results/final/model_sensitivity/nominal_m2_boundary/pinv_fine_boundary/trials/nominal_m2pinv_eta0p49570_seed63100019.csv,4224,pinv_bounded_wls_w1_1_1_0.2_lambda1e-06,bounded_fault_aware_wls,0,0,0,0,0.7042838335037231,-0.0034244873095303774,True,True,15.22769021987915,adaptive_brake,0.3442847728729248,0.008250508775590382,0.113678477704525,0.3121550057764468,0.021670230935394056,True,True,True,True,True,True,/home/suhas/crazysim_ws/safe-landing-ftc/results/final/model_sensitivity/nominal_m2_boundary/pinv_fine_boundary/summaries/nominal_m2pinv_eta0p49570_seed63100019_summary.csv
nominal_m2_boundary_localization_v1,seeded_ic_v1,pinv,pinv,2,0.495700,63100020,/home/suhas/crazysim_ws/safe-landing-ftc/results/final/model_sensitivity/nominal_m2_boundary/pinv_fine_boundary/trials/nominal_m2pinv_eta0p49570_seed63100020.csv,4167,pinv_bounded_wls_w1_1_1_0.2_lambda1e-06,bounded_fault_aware_wls,0,0,0,0,0.705613911151886,-0.003670730162411928,True,True,14.824620723724365,adaptive_brake,0.3431887924671173,0.007978076157401936,0.12810857594013214,0.317523684789697,0.021788544387009983,True,True,True,True,True,True,/home/suhas/crazysim_ws/safe-landing-ftc/results/final/model_sensitivity/nominal_m2_boundary/pinv_fine_boundary/summaries/nominal_m2pinv_eta0p49570_seed63100020_summary.csv
nominal_m2_boundary_localization_v1,seeded_ic_v1,pinv,pinv,2,0.495700,63100021,/home/suhas/crazysim_ws/safe-landing-ftc/results/final/model_sensitivity/nominal_m2_boundary/pinv_fine_boundary/trials/nominal_m2pinv_eta0p49570_seed63100021.csv,4194,pinv_bounded_wls_w1_1_1_0.2_lambda1e-06,bounded_fault_aware_wls,0,0,0,0,0.7010191082954407,-0.0035900711081922054,True,True,14.964631795883179,adaptive_brake,0.3455743193626404,0.008273670799150323,0.11717023700475693,0.3270649394737333,0.020420904465292704,True,True,True,True,True,True,/home/suhas/crazysim_ws/safe-landing-ftc/results/final/model_sensitivity/nominal_m2_boundary/pinv_fine_boundary/summaries/nominal_m2pinv_eta0p49570_seed63100021_summary.csv
nominal_m2_boundary_localization_v1,seeded_ic_v1,pinv,pinv,2,0.495700,63100022,/home/suhas/crazysim_ws/safe-landing-ftc/results/final/model_sensitivity/nominal_m2_boundary/pinv_fine_boundary/trials/nominal_m2pinv_eta0p49570_seed63100022.csv,4218,pinv_bounded_wls_w1_1_1_0.2_lambda1e-06,bounded_fault_aware_wls,0,0,0,0,0.7306718230247498,-0.003877942217513919,True,True,15.286630868911743,adaptive_brake,0.34384918212890625,0.0077630321474098365,0.1126573383808136,0.31213453012105313,0.02087013759561581,True,True,True,True,True,True,/home/suhas/crazysim_ws/safe-landing-ftc/results/final/model_sensitivity/nominal_m2_boundary/pinv_fine_boundary/summaries/nominal_m2pinv_eta0p49570_seed63100022_summary.csv
nominal_m2_boundary_localization_v1,seeded_ic_v1,pinv,pinv,2,0.495700,63100023,/home/suhas/crazysim_ws/safe-landing-ftc/results/final/model_sensitivity/nominal_m2_boundary/pinv_fine_boundary/trials/nominal_m2pinv_eta0p49570_seed63100023.csv,4230,pinv_bounded_wls_w1_1_1_0.2_lambda1e-06,bounded_fault_aware_wls,0,0,0,0,0.7027227878570557,-0.003680548397824168,True,True,15.188332080841064,adaptive_brake,0.35207682847976685,0.007588604465425837,0.13022322952747345,0.32707124793447695,0.023693373534744606,False,True,True,True,True,False,/home/suhas/crazysim_ws/safe-landing-ftc/results/final/model_sensitivity/nominal_m2_boundary/pinv_fine_boundary/summaries/nominal_m2pinv_eta0p49570_seed63100023_summary.csv
nominal_m2_boundary_localization_v1,seeded_ic_v1,pinv,pinv,2,0.495700,63100024,/home/suhas/crazysim_ws/safe-landing-ftc/results/final/model_sensitivity/nominal_m2_boundary/pinv_fine_boundary/trials/nominal_m2pinv_eta0p49570_seed63100024.csv,4200,pinv_bounded_wls_w1_1_1_0.2_lambda1e-06,bounded_fault_aware_wls,0,0,0,0,0.7237948775291443,-0.003789589973166585,True,True,15.104706048965454,adaptive_brake,0.3492248058319092,0.008318226675568866,0.10699164867401123,0.31324386634308604,0.01914739770225545,True,True,True,True,True,True,/home/suhas/crazysim_ws/safe-landing-ftc/results/final/model_sensitivity/nominal_m2_boundary/pinv_fine_boundary/summaries/nominal_m2pinv_eta0p49570_seed63100024_summary.csv
nominal_m2_boundary_localization_v1,seeded_ic_v1,pinv,pinv,2,0.495700,63100025,/home/suhas/crazysim_ws/safe-landing-ftc/results/final/model_sensitivity/nominal_m2_boundary/pinv_fine_boundary/trials/nominal_m2pinv_eta0p49570_seed63100025.csv,4204,pinv_bounded_wls_w1_1_1_0.2_lambda1e-06,bounded_fault_aware_wls,0,0,0,0,0.704491913318634,-0.0036200720351189375,True,True,15.043589353561401,adaptive_brake,0.3470103144645691,0.007927554624387288,0.12069922685623169,0.3172907292398097,0.021953407880732377,True,True,True,True,True,True,/home/suhas/crazysim_ws/safe-landing-ftc/results/final/model_sensitivity/nominal_m2_boundary/pinv_fine_boundary/summaries/nominal_m2pinv_eta0p49570_seed63100025_summary.csv
nominal_m2_boundary_localization_v1,seeded_ic_v1,pinv,pinv,2,0.495700,63100026,/home/suhas/crazysim_ws/safe-landing-ftc/results/final/model_sensitivity/nominal_m2_boundary/pinv_fine_boundary/trials/nominal_m2pinv_eta0p49570_seed63100026.csv,4227,pinv_bounded_wls_w1_1_1_0.2_lambda1e-06,bounded_fault_aware_wls,0,0,0,0,0.7283229827880859,-0.003837026422843337,True,True,15.243048429489136,adaptive_brake,0.3546079993247986,0.00788264973353675,0.11461085081100464,0.32079842367947436,0.021716725899855426,False,True,True,True,True,False,/home/suhas/crazysim_ws/safe-landing-ftc/results/final/model_sensitivity/nominal_m2_boundary/pinv_fine_boundary/summaries/nominal_m2pinv_eta0p49570_seed63100026_summary.csv
nominal_m2_boundary_localization_v1,seeded_ic_v1,pinv,pinv,2,0.495700,63100027,/home/suhas/crazysim_ws/safe-landing-ftc/results/final/model_sensitivity/nominal_m2_boundary/pinv_fine_boundary/trials/nominal_m2pinv_eta0p49570_seed63100027.csv,4182,pinv_bounded_wls_w1_1_1_0.2_lambda1e-06,bounded_fault_aware_wls,0,0,0,0,0.7232177257537842,-0.0038540298119187355,True,True,14.92435073852539,adaptive_brake,0.3536783456802368,0.00785032622139018,0.11775440722703934,0.32258091309510967,0.02210063306409218,False,True,True,True,True,False,/home/suhas/crazysim_ws/safe-landing-ftc/results/final/model_sensitivity/nominal_m2_boundary/pinv_fine_boundary/summaries/nominal_m2pinv_eta0p49570_seed63100027_summary.csv
nominal_m2_boundary_localization_v1,seeded_ic_v1,pinv,pinv,2,0.495700,63100028,/home/suhas/crazysim_ws/safe-landing-ftc/results/final/model_sensitivity/nominal_m2_boundary/pinv_fine_boundary/trials/nominal_m2pinv_eta0p49570_seed63100028.csv,4218,pinv_bounded_wls_w1_1_1_0.2_lambda1e-06,bounded_fault_aware_wls,0,0,0,0,0.6964349150657654,-0.0038402259815484285,True,True,15.164573192596436,adaptive_brake,0.3366459012031555,0.007567100551513087,0.1334226280450821,0.31435221269212804,0.024157270521912473,True,True,True,True,True,True,/home/suhas/crazysim_ws/safe-landing-ftc/results/final/model_sensitivity/nominal_m2_boundary/pinv_fine_boundary/summaries/nominal_m2pinv_eta0p49570_seed63100028_summary.csv
nominal_m2_boundary_localization_v1,seeded_ic_v1,pinv,pinv,2,0.495700,63100029,/home/suhas/crazysim_ws/safe-landing-ftc/results/final/model_sensitivity/nominal_m2_boundary/pinv_fine_boundary/trials/nominal_m2pinv_eta0p49570_seed63100029.csv,4182,pinv_bounded_wls_w1_1_1_0.2_lambda1e-06,bounded_fault_aware_wls,0,0,0,0,0.7149839401245117,-0.0039051733911037445,True,True,14.945911169052124,adaptive_brake,0.34784308075904846,0.008545322574139971,0.10687174648046494,0.3132298319578667,0.01992488241025893,True,True,True,True,True,True,/home/suhas/crazysim_ws/safe-landing-ftc/results/final/model_sensitivity/nominal_m2_boundary/pinv_fine_boundary/summaries/nominal_m2pinv_eta0p49570_seed63100029_summary.csv
nominal_m2_boundary_localization_v1,seeded_ic_v1,pinv,pinv,2,0.495700,63100030,/home/suhas/crazysim_ws/safe-landing-ftc/results/final/model_sensitivity/nominal_m2_boundary/pinv_fine_boundary/trials/nominal_m2pinv_eta0p49570_seed63100030.csv,4188,pinv_bounded_wls_w1_1_1_0.2_lambda1e-06,bounded_fault_aware_wls,0,0,0,0,0.7233049273490906,-0.0039219362661242485,True,True,14.985941648483276,adaptive_brake,0.3546069860458374,0.008363283905350174,0.10963397473096848,0.3207726260937401,0.018810239635791596,False,True,True,True,True,False,/home/suhas/crazysim_ws/safe-landing-ftc/results/final/model_sensitivity/nominal_m2_boundary/pinv_fine_boundary/summaries/nominal_m2pinv_eta0p49570_seed63100030_summary.csv
nominal_m2_boundary_localization_v1,seeded_ic_v1,pinv,pinv,2,0.495800,63100001,/home/suhas/crazysim_ws/safe-landing-ftc/results/final/model_sensitivity/nominal_m2_boundary/pinv_fine_boundary/trials/nominal_m2pinv_eta0p49580_seed63100001.csv,4158,pinv_bounded_wls_w1_1_1_0.2_lambda1e-06,bounded_fault_aware_wls,0,0,0,0,0.707966685295105,-0.003820469370111823,True,True,14.845239162445068,adaptive_brake,0.3372359871864319,0.00784327794497488,0.12286325544118881,0.3078803624557988,0.021473949547883366,True,True,True,True,True,True,/home/suhas/crazysim_ws/safe-landing-ftc/results/final/model_sensitivity/nominal_m2_boundary/pinv_fine_boundary/summaries/nominal_m2pinv_eta0p49580_seed63100001_summary.csv
nominal_m2_boundary_localization_v1,seeded_ic_v1,pinv,pinv,2,0.495800,63100002,/home/suhas/crazysim_ws/safe-landing-ftc/results/final/model_sensitivity/nominal_m2_boundary/pinv_fine_boundary/trials/nominal_m2pinv_eta0p49580_seed63100002.csv,4230,pinv_bounded_wls_w1_1_1_0.2_lambda1e-06,bounded_fault_aware_wls,0,0,0,0,0.7261310815811157,-0.0038248980417847633,True,True,15.406217336654663,adaptive_brake,0.3394899368286133,0.007943398283596345,0.12117360532283783,0.3089593975495854,0.02007324651237931,True,True,True,True,True,True,/home/suhas/crazysim_ws/safe-landing-ftc/results/final/model_sensitivity/nominal_m2_boundary/pinv_fine_boundary/summaries/nominal_m2pinv_eta0p49580_seed63100002_summary.csv
nominal_m2_boundary_localization_v1,seeded_ic_v1,pinv,pinv,2,0.495800,63100003,/home/suhas/crazysim_ws/safe-landing-ftc/results/final/model_sensitivity/nominal_m2_boundary/pinv_fine_boundary/trials/nominal_m2pinv_eta0p49580_seed63100003.csv,4212,pinv_bounded_wls_w1_1_1_0.2_lambda1e-06,bounded_fault_aware_wls,0,0,0,0,0.7184031009674072,-0.0037903431802988052,True,True,15.191277503967285,adaptive_brake,0.34408944845199585,0.007829558141070947,0.11932340264320374,0.315364328072383,0.020846104112099997,True,True,True,True,True,True,/home/suhas/crazysim_ws/safe-landing-ftc/results/final/model_sensitivity/nominal_m2_boundary/pinv_fine_boundary/summaries/nominal_m2pinv_eta0p49580_seed63100003_summary.csv
nominal_m2_boundary_localization_v1,seeded_ic_v1,pinv,pinv,2,0.495800,63100004,/home/suhas/crazysim_ws/safe-landing-ftc/results/final/model_sensitivity/nominal_m2_boundary/pinv_fine_boundary/trials/nominal_m2pinv_eta0p49580_seed63100004.csv,4209,pinv_bounded_wls_w1_1_1_0.2_lambda1e-06,bounded_fault_aware_wls,0,0,0,0,0.7113664150238037,-0.0035269029904156923,True,True,15.18656849861145,adaptive_brake,0.3409712612628937,0.008465397009620127,0.10046397149562836,0.3066795667222983,0.019123242158673635,True,True,True,True,True,True,/home/suhas/crazysim_ws/safe-landing-ftc/results/final/model_sensitivity/nominal_m2_boundary/pinv_fine_boundary/summaries/nominal_m2pinv_eta0p49580_seed63100004_summary.csv
nominal_m2_boundary_localization_v1,seeded_ic_v1,pinv,pinv,2,0.495800,63100005,/home/suhas/crazysim_ws/safe-landing-ftc/results/final/model_sensitivity/nominal_m2_boundary/pinv_fine_boundary/trials/nominal_m2pinv_eta0p49580_seed63100005.csv,4200,pinv_bounded_wls_w1_1_1_0.2_lambda1e-06,bounded_fault_aware_wls,0,0,0,0,0.7276715636253357,-0.0038618706166744232,True,True,15.165576696395874,adaptive_brake,0.3449959456920624,0.008124821002026052,0.10361532866954803,0.3100161104063354,0.02096728411501644,True,True,True,True,True,True,/home/suhas/crazysim_ws/safe-landing-ftc/results/final/model_sensitivity/nominal_m2_boundary/pinv_fine_boundary/summaries/nominal_m2pinv_eta0p49580_seed63100005_summary.csv
nominal_m2_boundary_localization_v1,seeded_ic_v1,pinv,pinv,2,0.495800,63100006,/home/suhas/crazysim_ws/safe-landing-ftc/results/final/model_sensitivity/nominal_m2_boundary/pinv_fine_boundary/trials/nominal_m2pinv_eta0p49580_seed63100006.csv,4194,pinv_bounded_wls_w1_1_1_0.2_lambda1e-06,bounded_fault_aware_wls,0,0,0,0,0.7225163578987122,-0.004116053227335215,True,True,15.107467651367188,adaptive_brake,0.34373924136161804,0.008274652795177567,0.10210088640451431,0.3121464414888959,0.020044893150271876,True,True,True,True,True,True,/home/suhas/crazysim_ws/safe-landing-ftc/results/final/model_sensitivity/nominal_m2_boundary/pinv_fine_boundary/summaries/nominal_m2pinv_eta0p49580_seed63100006_summary.csv
nominal_m2_boundary_localization_v1,seeded_ic_v1,pinv,pinv,2,0.495800,63100007,/home/suhas/crazysim_ws/safe-landing-ftc/results/final/model_sensitivity/nominal_m2_boundary/pinv_fine_boundary/trials/nominal_m2pinv_eta0p49580_seed63100007.csv,4176,pinv_bounded_wls_w1_1_1_0.2_lambda1e-06,bounded_fault_aware_wls,0,0,0,0,0.7230037450790405,-0.004150720778852701,True,True,14.965017557144165,adaptive_brake,0.34845805168151855,0.007876396530581788,0.11153484135866165,0.3096097217699095,0.021269307972255905,True,True,True,True,True,True,/home/suhas/crazysim_ws/safe-landing-ftc/results/final/model_sensitivity/nominal_m2_boundary/pinv_fine_boundary/summaries/nominal_m2pinv_eta0p49580_seed63100007_summary.csv
nominal_m2_boundary_localization_v1,seeded_ic_v1,pinv,pinv,2,0.495800,63100008,/home/suhas/crazysim_ws/safe-landing-ftc/results/final/model_sensitivity/nominal_m2_boundary/pinv_fine_boundary/trials/nominal_m2pinv_eta0p49580_seed63100008.csv,4167,pinv_bounded_wls_w1_1_1_0.2_lambda1e-06,bounded_fault_aware_wls,0,0,0,0,0.7146075367927551,-0.0038567502051591873,True,True,14.864510297775269,adaptive_brake,0.3446093201637268,0.008366794003157358,0.11289460211992264,0.32086244946284126,0.020424079461546844,True,True,True,True,True,True,/home/suhas/crazysim_ws/safe-landing-ftc/results/final/model_sensitivity/nominal_m2_boundary/pinv_fine_boundary/summaries/nominal_m2pinv_eta0p49580_seed63100008_summary.csv
nominal_m2_boundary_localization_v1,seeded_ic_v1,pinv,pinv,2,0.495800,63100009,/home/suhas/crazysim_ws/safe-landing-ftc/results/final/model_sensitivity/nominal_m2_boundary/pinv_fine_boundary/trials/nominal_m2pinv_eta0p49580_seed63100009.csv,4200,pinv_bounded_wls_w1_1_1_0.2_lambda1e-06,bounded_fault_aware_wls,0,0,0,0,0.7147005200386047,-0.0036039934493601322,True,True,15.128473043441772,adaptive_brake,0.3358566462993622,0.00796840146099855,0.11447478085756302,0.3153633451735531,0.022692588263226215,True,True,True,True,True,True,/home/suhas/crazysim_ws/safe-landing-ftc/results/final/model_sensitivity/nominal_m2_boundary/pinv_fine_boundary/summaries/nominal_m2pinv_eta0p49580_seed63100009_summary.csv
nominal_m2_boundary_localization_v1,seeded_ic_v1,pinv,pinv,2,0.495800,63100010,/home/suhas/crazysim_ws/safe-landing-ftc/results/final/model_sensitivity/nominal_m2_boundary/pinv_fine_boundary/trials/nominal_m2pinv_eta0p49580_seed63100010.csv,4188,pinv_bounded_wls_w1_1_1_0.2_lambda1e-06,bounded_fault_aware_wls,0,0,0,0,0.7103676795959473,-0.0038294843398034573,True,True,15.046676874160767,adaptive_brake,0.3370445966720581,0.008209703048624305,0.11293020844459534,0.3073280457596684,0.020229264236498318,True,True,True,True,True,True,/home/suhas/crazysim_ws/safe-landing-ftc/results/final/model_sensitivity/nominal_m2_boundary/pinv_fine_boundary/summaries/nominal_m2pinv_eta0p49580_seed63100010_summary.csv
nominal_m2_boundary_localization_v1,seeded_ic_v1,pinv,pinv,2,0.495800,63100011,/home/suhas/crazysim_ws/safe-landing-ftc/results/final/model_sensitivity/nominal_m2_boundary/pinv_fine_boundary/trials/nominal_m2pinv_eta0p49580_seed63100011.csv,4212,pinv_bounded_wls_w1_1_1_0.2_lambda1e-06,bounded_fault_aware_wls,0,0,0,0,0.704021692276001,-0.003398316213861108,True,True,15.184624910354614,adaptive_brake,0.33449652791023254,0.007828496986516695,0.1290747970342636,0.3100210932487046,0.020398277406492173,True,True,True,True,True,True,/home/suhas/crazysim_ws/safe-landing-ftc/results/final/model_sensitivity/nominal_m2_boundary/pinv_fine_boundary/summaries/nominal_m2pinv_eta0p49580_seed63100011_summary.csv
nominal_m2_boundary_localization_v1,seeded_ic_v1,pinv,pinv,2,0.495800,63100012,/home/suhas/crazysim_ws/safe-landing-ftc/results/final/model_sensitivity/nominal_m2_boundary/pinv_fine_boundary/trials/nominal_m2pinv_eta0p49580_seed63100012.csv,4158,pinv_bounded_wls_w1_1_1_0.2_lambda1e-06,bounded_fault_aware_wls,0,0,0,0,0.7210271954536438,-0.003955531399697065,True,True,14.950387477874756,adaptive_brake,0.3333410918712616,0.008088803396394074,0.11503396183252335,0.2972314238697911,0.020728807653403073,True,True,True,True,True,True,/home/suhas/crazysim_ws/safe-landing-ftc/results/final/model_sensitivity/nominal_m2_boundary/pinv_fine_boundary/summaries/nominal_m2pinv_eta0p49580_seed63100012_summary.csv
nominal_m2_boundary_localization_v1,seeded_ic_v1,pinv,pinv,2,0.495800,63100013,/home/suhas/crazysim_ws/safe-landing-ftc/results/final/model_sensitivity/nominal_m2_boundary/pinv_fine_boundary/trials/nominal_m2pinv_eta0p49580_seed63100013.csv,4203,pinv_bounded_wls_w1_1_1_0.2_lambda1e-06,bounded_fault_aware_wls,0,0,0,0,0.7171786427497864,-0.0038028303533792496,True,True,15.209973573684692,adaptive_brake,0.34522202610969543,0.008601125949783286,0.09734944999217987,0.3185685008950148,0.01883416675314008,True,True,True,True,True,True,/home/suhas/crazysim_ws/safe-landing-ftc/results/final/model_sensitivity/nominal_m2_boundary/pinv_fine_boundary/summaries/nominal_m2pinv_eta0p49580_seed63100013_summary.csv
nominal_m2_boundary_localization_v1,seeded_ic_v1,pinv,pinv,2,0.495800,63100014,/home/suhas/crazysim_ws/safe-landing-ftc/results/final/model_sensitivity/nominal_m2_boundary/pinv_fine_boundary/trials/nominal_m2pinv_eta0p49580_seed63100014.csv,4182,pinv_bounded_wls_w1_1_1_0.2_lambda1e-06,bounded_fault_aware_wls,0,0,0,0,0.6938700675964355,-0.003786185523495078,True,True,14.966321229934692,adaptive_brake,0.3300212621688843,0.008337989383659754,0.11565205454826355,0.3059352172213922,0.019926984782857073,True,True,True,True,True,True,/home/suhas/crazysim_ws/safe-landing-ftc/results/final/model_sensitivity/nominal_m2_boundary/pinv_fine_boundary/summaries/nominal_m2pinv_eta0p49580_seed63100014_summary.csv
nominal_m2_boundary_localization_v1,seeded_ic_v1,pinv,pinv,2,0.495800,63100015,/home/suhas/crazysim_ws/safe-landing-ftc/results/final/model_sensitivity/nominal_m2_boundary/pinv_fine_boundary/trials/nominal_m2pinv_eta0p49580_seed63100015.csv,4197,pinv_bounded_wls_w1_1_1_0.2_lambda1e-06,bounded_fault_aware_wls,0,0,0,0,0.6958996653556824,-0.0037696748040616512,True,True,15.089812755584717,adaptive_brake,0.3340741991996765,0.008270019959233732,0.1157408207654953,0.3068258479144177,0.02081372929400511,True,True,True,True,True,True,/home/suhas/crazysim_ws/safe-landing-ftc/results/final/model_sensitivity/nominal_m2_boundary/pinv_fine_boundary/summaries/nominal_m2pinv_eta0p49580_seed63100015_summary.csv
nominal_m2_boundary_localization_v1,seeded_ic_v1,pinv,pinv,2,0.495800,63100016,/home/suhas/crazysim_ws/safe-landing-ftc/results/final/model_sensitivity/nominal_m2_boundary/pinv_fine_boundary/trials/nominal_m2pinv_eta0p49580_seed63100016.csv,4206,pinv_bounded_wls_w1_1_1_0.2_lambda1e-06,bounded_fault_aware_wls,0,0,0,0,0.6946800351142883,-0.0034443445038050413,True,True,15.10718321800232,adaptive_brake,0.33689743280410767,0.008606872201083589,0.09860053658485413,0.30790968598539936,0.019897593983006903,True,True,True,True,True,True,/home/suhas/crazysim_ws/safe-landing-ftc/results/final/model_sensitivity/nominal_m2_boundary/pinv_fine_boundary/summaries/nominal_m2pinv_eta0p49580_seed63100016_summary.csv
nominal_m2_boundary_localization_v1,seeded_ic_v1,pinv,pinv,2,0.495800,63100017,/home/suhas/crazysim_ws/safe-landing-ftc/results/final/model_sensitivity/nominal_m2_boundary/pinv_fine_boundary/trials/nominal_m2pinv_eta0p49580_seed63100017.csv,4227,pinv_bounded_wls_w1_1_1_0.2_lambda1e-06,bounded_fault_aware_wls,0,0,0,0,0.7135774493217468,-0.0035465084947645664,True,True,15.328530311584473,adaptive_brake,0.33680596947669983,0.008019114507276676,0.11907139420509338,0.3051162269545881,0.02085275880027388,True,True,True,True,True,True,/home/suhas/crazysim_ws/safe-landing-ftc/results/final/model_sensitivity/nominal_m2_boundary/pinv_fine_boundary/summaries/nominal_m2pinv_eta0p49580_seed63100017_summary.csv
nominal_m2_boundary_localization_v1,seeded_ic_v1,pinv,pinv,2,0.495800,63100018,/home/suhas/crazysim_ws/safe-landing-ftc/results/final/model_sensitivity/nominal_m2_boundary/pinv_fine_boundary/trials/nominal_m2pinv_eta0p49580_seed63100018.csv,4212,pinv_bounded_wls_w1_1_1_0.2_lambda1e-06,bounded_fault_aware_wls,0,0,0,0,0.7105459570884705,-0.0036032069474458694,True,True,15.189902067184448,adaptive_brake,0.34088134765625,0.007949835259351518,0.11500286310911179,0.308960102847293,0.022509056141568545,True,True,True,True,True,True,/home/suhas/crazysim_ws/safe-landing-ftc/results/final/model_sensitivity/nominal_m2_boundary/pinv_fine_boundary/summaries/nominal_m2pinv_eta0p49580_seed63100018_summary.csv
nominal_m2_boundary_localization_v1,seeded_ic_v1,pinv,pinv,2,0.495800,63100019,/home/suhas/crazysim_ws/safe-landing-ftc/results/final/model_sensitivity/nominal_m2_boundary/pinv_fine_boundary/trials/nominal_m2pinv_eta0p49580_seed63100019.csv,4224,pinv_bounded_wls_w1_1_1_0.2_lambda1e-06,bounded_fault_aware_wls,0,0,0,0,0.7042348980903625,-0.0034758858382701874,True,True,15.305757999420166,adaptive_brake,0.3332815170288086,0.008012951010917537,0.11559765040874481,0.3046967475247054,0.02049268517293398,True,True,True,True,True,True,/home/suhas/crazysim_ws/safe-landing-ftc/results/final/model_sensitivity/nominal_m2_boundary/pinv_fine_boundary/summaries/nominal_m2pinv_eta0p49580_seed63100019_summary.csv
nominal_m2_boundary_localization_v1,seeded_ic_v1,pinv,pinv,2,0.495800,63100020,/home/suhas/crazysim_ws/safe-landing-ftc/results/final/model_sensitivity/nominal_m2_boundary/pinv_fine_boundary/trials/nominal_m2pinv_eta0p49580_seed63100020.csv,4167,pinv_bounded_wls_w1_1_1_0.2_lambda1e-06,bounded_fault_aware_wls,0,0,0,0,0.7056818604469299,-0.0038062110543251038,True,True,14.866586923599243,adaptive_brake,0.3416818678379059,0.007782579356451423,0.12002638727426529,0.310034829462152,0.02309496556288576,True,True,True,True,True,True,/home/suhas/crazysim_ws/safe-landing-ftc/results/final/model_sensitivity/nominal_m2_boundary/pinv_fine_boundary/summaries/nominal_m2pinv_eta0p49580_seed63100020_summary.csv
nominal_m2_boundary_localization_v1,seeded_ic_v1,pinv,pinv,2,0.495800,63100021,/home/suhas/crazysim_ws/safe-landing-ftc/results/final/model_sensitivity/nominal_m2_boundary/pinv_fine_boundary/trials/nominal_m2pinv_eta0p49580_seed63100021.csv,4191,pinv_bounded_wls_w1_1_1_0.2_lambda1e-06,bounded_fault_aware_wls,0,0,0,0,0.7010639309883118,-0.00375790405087173,True,True,15.032743215560913,adaptive_brake,0.33978334069252014,0.008280524600522544,0.11622372269630432,0.31366839241956995,0.020995940270566678,True,True,True,True,True,True,/home/suhas/crazysim_ws/safe-landing-ftc/results/final/model_sensitivity/nominal_m2_boundary/pinv_fine_boundary/summaries/nominal_m2pinv_eta0p49580_seed63100021_summary.csv
nominal_m2_boundary_localization_v1,seeded_ic_v1,pinv,pinv,2,0.495800,63100022,/home/suhas/crazysim_ws/safe-landing-ftc/results/final/model_sensitivity/nominal_m2_boundary/pinv_fine_boundary/trials/nominal_m2pinv_eta0p49580_seed63100022.csv,4218,pinv_bounded_wls_w1_1_1_0.2_lambda1e-06,bounded_fault_aware_wls,0,0,0,0,0.730669379234314,-0.0036720323842018843,True,True,15.331622123718262,adaptive_brake,0.33428120613098145,0.007043579508887748,0.12706828117370605,0.30325985635335057,0.02511747395642541,True,True,True,True,True,True,/home/suhas/crazysim_ws/safe-landing-ftc/results/final/model_sensitivity/nominal_m2_boundary/pinv_fine_boundary/summaries/nominal_m2pinv_eta0p49580_seed63100022_summary.csv
nominal_m2_boundary_localization_v1,seeded_ic_v1,pinv,pinv,2,0.495800,63100023,/home/suhas/crazysim_ws/safe-landing-ftc/results/final/model_sensitivity/nominal_m2_boundary/pinv_fine_boundary/trials/nominal_m2pinv_eta0p49580_seed63100023.csv,4230,pinv_bounded_wls_w1_1_1_0.2_lambda1e-06,bounded_fault_aware_wls,0,0,0,0,0.7026423215866089,-0.003510506823658943,True,True,15.314242362976074,adaptive_brake,0.34061694145202637,0.008075597383115802,0.1130317971110344,0.3072370726695116,0.019941104129722977,True,True,True,True,True,True,/home/suhas/crazysim_ws/safe-landing-ftc/results/final/model_sensitivity/nominal_m2_boundary/pinv_fine_boundary/summaries/nominal_m2pinv_eta0p49580_seed63100023_summary.csv
nominal_m2_boundary_localization_v1,seeded_ic_v1,pinv,pinv,2,0.495800,63100024,/home/suhas/crazysim_ws/safe-landing-ftc/results/final/model_sensitivity/nominal_m2_boundary/pinv_fine_boundary/trials/nominal_m2pinv_eta0p49580_seed63100024.csv,4200,pinv_bounded_wls_w1_1_1_0.2_lambda1e-06,bounded_fault_aware_wls,0,0,0,0,0.723892092704773,-0.0036946653854101896,True,True,15.151555299758911,adaptive_brake,0.34194058179855347,0.007740173403447471,0.11732292920351028,0.3091614907669844,0.020613902228651556,True,True,True,True,True,True,/home/suhas/crazysim_ws/safe-landing-ftc/results/final/model_sensitivity/nominal_m2_boundary/pinv_fine_boundary/summaries/nominal_m2pinv_eta0p49580_seed63100024_summary.csv
nominal_m2_boundary_localization_v1,seeded_ic_v1,pinv,pinv,2,0.495800,63100025,/home/suhas/crazysim_ws/safe-landing-ftc/results/final/model_sensitivity/nominal_m2_boundary/pinv_fine_boundary/trials/nominal_m2pinv_eta0p49580_seed63100025.csv,4203,pinv_bounded_wls_w1_1_1_0.2_lambda1e-06,bounded_fault_aware_wls,0,0,0,0,0.7043419480323792,-0.003549052169546485,True,True,15.136160373687744,adaptive_brake,0.33808913826942444,0.00817156296797572,0.12283556163311005,0.3110693149124203,0.01944189616447914,True,True,True,True,True,True,/home/suhas/crazysim_ws/safe-landing-ftc/results/final/model_sensitivity/nominal_m2_boundary/pinv_fine_boundary/summaries/nominal_m2pinv_eta0p49580_seed63100025_summary.csv
nominal_m2_boundary_localization_v1,seeded_ic_v1,pinv,pinv,2,0.495800,63100026,/home/suhas/crazysim_ws/safe-landing-ftc/results/final/model_sensitivity/nominal_m2_boundary/pinv_fine_boundary/trials/nominal_m2pinv_eta0p49580_seed63100026.csv,4227,pinv_bounded_wls_w1_1_1_0.2_lambda1e-06,bounded_fault_aware_wls,0,0,0,0,0.7282999753952026,-0.00375615106895566,True,True,15.35565996170044,adaptive_brake,0.3465307950973511,0.007872571742357204,0.11464965343475342,0.3125883789822764,0.021477071785909737,True,True,True,True,True,True,/home/suhas/crazysim_ws/safe-landing-ftc/results/final/model_sensitivity/nominal_m2_boundary/pinv_fine_boundary/summaries/nominal_m2pinv_eta0p49580_seed63100026_summary.csv
nominal_m2_boundary_localization_v1,seeded_ic_v1,pinv,pinv,2,0.495800,63100027,/home/suhas/crazysim_ws/safe-landing-ftc/results/final/model_sensitivity/nominal_m2_boundary/pinv_fine_boundary/trials/nominal_m2pinv_eta0p49580_seed63100027.csv,4183,pinv_bounded_wls_w1_1_1_0.2_lambda1e-06,bounded_fault_aware_wls,0,0,0,0,0.7231673002243042,-0.0039743115194141865,True,True,15.027235984802246,adaptive_brake,0.3429255187511444,0.008105149878391074,0.10625576972961426,0.3154472504959167,0.020474268400126245,True,True,True,True,True,True,/home/suhas/crazysim_ws/safe-landing-ftc/results/final/model_sensitivity/nominal_m2_boundary/pinv_fine_boundary/summaries/nominal_m2pinv_eta0p49580_seed63100027_summary.csv
nominal_m2_boundary_localization_v1,seeded_ic_v1,pinv,pinv,2,0.495800,63100028,/home/suhas/crazysim_ws/safe-landing-ftc/results/final/model_sensitivity/nominal_m2_boundary/pinv_fine_boundary/trials/nominal_m2pinv_eta0p49580_seed63100028.csv,4218,pinv_bounded_wls_w1_1_1_0.2_lambda1e-06,bounded_fault_aware_wls,0,0,0,0,0.6963953971862793,-0.0035834412556141615,True,True,15.21536111831665,adaptive_brake,0.33684706687927246,0.008339835546159103,0.10370811074972153,0.3078824516508197,0.02013733752582451,True,True,True,True,True,True,/home/suhas/crazysim_ws/safe-landing-ftc/results/final/model_sensitivity/nominal_m2_boundary/pinv_fine_boundary/summaries/nominal_m2pinv_eta0p49580_seed63100028_summary.csv
nominal_m2_boundary_localization_v1,seeded_ic_v1,pinv,pinv,2,0.495800,63100029,/home/suhas/crazysim_ws/safe-landing-ftc/results/final/model_sensitivity/nominal_m2_boundary/pinv_fine_boundary/trials/nominal_m2pinv_eta0p49580_seed63100029.csv,4182,pinv_bounded_wls_w1_1_1_0.2_lambda1e-06,bounded_fault_aware_wls,0,0,0,0,0.7148169875144958,-0.0036618548911064863,True,True,14.970564603805542,adaptive_brake,0.34870922565460205,0.007959793208669703,0.12197955697774887,0.313227594562841,0.021603568303274555,True,True,True,True,True,True,/home/suhas/crazysim_ws/safe-landing-ftc/results/final/model_sensitivity/nominal_m2_boundary/pinv_fine_boundary/summaries/nominal_m2pinv_eta0p49580_seed63100029_summary.csv
nominal_m2_boundary_localization_v1,seeded_ic_v1,pinv,pinv,2,0.495800,63100030,/home/suhas/crazysim_ws/safe-landing-ftc/results/final/model_sensitivity/nominal_m2_boundary/pinv_fine_boundary/trials/nominal_m2pinv_eta0p49580_seed63100030.csv,4185,pinv_bounded_wls_w1_1_1_0.2_lambda1e-06,bounded_fault_aware_wls,0,0,0,0,0.723213255405426,-0.0040531768463552,True,True,15.055604219436646,adaptive_brake,0.34213998913764954,0.008121955545346777,0.11351627111434937,0.3068425756464335,0.020194240188178378,True,True,True,True,True,True,/home/suhas/crazysim_ws/safe-landing-ftc/results/final/model_sensitivity/nominal_m2_boundary/pinv_fine_boundary/summaries/nominal_m2pinv_eta0p49580_seed63100030_summary.csv
