condition_index,condition_id,parameter,factor,bracket_low,bracket_high,eta_index,controller,motor,eta,rep,trial_seed,protocol_id,ofat_protocol_id
1,mass_minus10,mass,0.90,0.44375000,0.45000000,1,pinv,2,0.44375000,1,63300001,seeded_ic_v1,crazyflie_ofat_pinv_fine_v1
1,mass_minus10,mass,0.90,0.44375000,0.45000000,1,pinv,2,0.44375000,2,63300002,seeded_ic_v1,crazyflie_ofat_pinv_fine_v1
1,mass_minus10,mass,0.90,0.44375000,0.45000000,1,pinv,2,0.44375000,3,63300003,seeded_ic_v1,crazyflie_ofat_pinv_fine_v1
1,mass_minus10,mass,0.90,0.44375000,0.45000000,1,pinv,2,0.44375000,4,63300004,seeded_ic_v1,crazyflie_ofat_pinv_fine_v1
1,mass_minus10,mass,0.90,0.44375000,0.45000000,1,pinv,2,0.44375000,5,63300005,seeded_ic_v1,crazyflie_ofat_pinv_fine_v1
1,mass_minus10,mass,0.90,0.44375000,0.45000000,1,pinv,2,0.44375000,6,63300006,seeded_ic_v1,crazyflie_ofat_pinv_fine_v1
1,mass_minus10,mass,0.90,0.44375000,0.45000000,1,pinv,2,0.44375000,7,63300007,seeded_ic_v1,crazyflie_ofat_pinv_fine_v1
1,mass_minus10,mass,0.90,0.44375000,0.45000000,1,pinv,2,0.44375000,8,63300008,seeded_ic_v1,crazyflie_ofat_pinv_fine_v1
1,mass_minus10,mass,0.90,0.44375000,0.45000000,1,pinv,2,0.44375000,9,63300009,seeded_ic_v1,crazyflie_ofat_pinv_fine_v1
1,mass_minus10,mass,0.90,0.44375000,0.45000000,1,pinv,2,0.44375000,10,63300010,seeded_ic_v1,crazyflie_ofat_pinv_fine_v1
1,mass_minus10,mass,0.90,0.44375000,0.45000000,1,pinv,2,0.44375000,11,63300011,seeded_ic_v1,crazyflie_ofat_pinv_fine_v1
1,mass_minus10,mass,0.90,0.44375000,0.45000000,1,pinv,2,0.44375000,12,63300012,seeded_ic_v1,crazyflie_ofat_pinv_fine_v1
1,mass_minus10,mass,0.90,0.44375000,0.45000000,1,pinv,2,0.44375000,13,63300013,seeded_ic_v1,crazyflie_ofat_pinv_fine_v1
1,mass_minus10,mass,0.90,0.44375000,0.45000000,1,pinv,2,0.44375000,14,63300014,seeded_ic_v1,crazyflie_ofat_pinv_fine_v1
1,mass_minus10,mass,0.90,0.44375000,0.45000000,1,pinv,2,0.44375000,15,63300015,seeded_ic_v1,crazyflie_ofat_pinv_fine_v1
1,mass_minus10,mass,0.90,0.44375000,0.45000000,1,pinv,2,0.44375000,16,63300016,seeded_ic_v1,crazyflie_ofat_pinv_fine_v1
1,mass_minus10,mass,0.90,0.44375000,0.45000000,1,pinv,2,0.44375000,17,63300017,seeded_ic_v1,crazyflie_ofat_pinv_fine_v1
1,mass_minus10,mass,0.90,0.44375000,0.45000000,1,pinv,2,0.44375000,18,63300018,seeded_ic_v1,crazyflie_ofat_pinv_fine_v1
1,mass_minus10,mass,0.90,0.44375000,0.45000000,1,pinv,2,0.44375000,19,63300019,seeded_ic_v1,crazyflie_ofat_pinv_fine_v1
1,mass_minus10,mass,0.90,0.44375000,0.45000000,1,pinv,2,0.44375000,20,63300020,seeded_ic_v1,crazyflie_ofat_pinv_fine_v1
1,mass_minus10,mass,0.90,0.44375000,0.45000000,1,pinv,2,0.44375000,21,63300021,seeded_ic_v1,crazyflie_ofat_pinv_fine_v1
1,mass_minus10,mass,0.90,0.44375000,0.45000000,1,pinv,2,0.44375000,22,63300022,seeded_ic_v1,crazyflie_ofat_pinv_fine_v1
1,mass_minus10,mass,0.90,0.44375000,0.45000000,1,pinv,2,0.44375000,23,63300023,seeded_ic_v1,crazyflie_ofat_pinv_fine_v1
1,mass_minus10,mass,0.90,0.44375000,0.45000000,1,pinv,2,0.44375000,24,63300024,seeded_ic_v1,crazyflie_ofat_pinv_fine_v1
1,mass_minus10,mass,0.90,0.44375000,0.45000000,1,pinv,2,0.44375000,25,63300025,seeded_ic_v1,crazyflie_ofat_pinv_fine_v1
1,mass_minus10,mass,0.90,0.44375000,0.45000000,1,pinv,2,0.44375000,26,63300026,seeded_ic_v1,crazyflie_ofat_pinv_fine_v1
1,mass_minus10,mass,0.90,0.44375000,0.45000000,1,pinv,2,0.44375000,27,63300027,seeded_ic_v1,crazyflie_ofat_pinv_fine_v1
1,mass_minus10,mass,0.90,0.44375000,0.45000000,1,pinv,2,0.44375000,28,63300028,seeded_ic_v1,crazyflie_ofat_pinv_fine_v1
1,mass_minus10,mass,0.90,0.44375000,0.45000000,1,pinv,2,0.44375000,29,63300029,seeded_ic_v1,crazyflie_ofat_pinv_fine_v1
1,mass_minus10,mass,0.90,0.44375000,0.45000000,1,pinv,2,0.44375000,30,63300030,seeded_ic_v1,crazyflie_ofat_pinv_fine_v1
1,mass_minus10,mass,0.90,0.44375000,0.45000000,2,pinv,2,0.44479167,1,63300001,seeded_ic_v1,crazyflie_ofat_pinv_fine_v1
1,mass_minus10,mass,0.90,0.44375000,0.45000000,2,pinv,2,0.44479167,2,63300002,seeded_ic_v1,crazyflie_ofat_pinv_fine_v1
1,mass_minus10,mass,0.90,0.44375000,0.45000000,2,pinv,2,0.44479167,3,63300003,seeded_ic_v1,crazyflie_ofat_pinv_fine_v1
1,mass_minus10,mass,0.90,0.44375000,0.45000000,2,pinv,2,0.44479167,4,63300004,seeded_ic_v1,crazyflie_ofat_pinv_fine_v1
1,mass_minus10,mass,0.90,0.44375000,0.45000000,2,pinv,2,0.44479167,5,63300005,seeded_ic_v1,crazyflie_ofat_pinv_fine_v1
1,mass_minus10,mass,0.90,0.44375000,0.45000000,2,pinv,2,0.44479167,6,63300006,seeded_ic_v1,crazyflie_ofat_pinv_fine_v1
1,mass_minus10,mass,0.90,0.44375000,0.45000000,2,pinv,2,0.44479167,7,63300007,seeded_ic_v1,crazyflie_ofat_pinv_fine_v1
1,mass_minus10,mass,0.90,0.44375000,0.45000000,2,pinv,2,0.44479167,8,63300008,seeded_ic_v1,crazyflie_ofat_pinv_fine_v1
1,mass_minus10,mass,0.90,0.44375000,0.45000000,2,pinv,2,0.44479167,9,63300009,seeded_ic_v1,crazyflie_ofat_pinv_fine_v1
1,mass_minus10,mass,0.90,0.44375000,0.45000000,2,pinv,2,0.44479167,10,63300010,seeded_ic_v1,crazyflie_ofat_pinv_fine_v1
1,mass_minus10,mass,0.90,0.44375000,0.45000000,2,pinv,2,0.44479167,11,63300011,seeded_ic_v1,crazyflie_ofat_pinv_fine_v1
1,mass_minus10,mass,0.90,0.44375000,0.45000000,2,pinv,2,0.44479167,12,63300012,seeded_ic_v1,crazyflie_ofat_pinv_fine_v1
1,mass_minus10,mass,0.90,0.44375000,0.45000000,2,pinv,2,0.44479167,13,63300013,seeded_ic_v1,crazyflie_ofat_pinv_fine_v1
1,mass_minus10,mass,0.90,0.44375000,0.45000000,2,pinv,2,0.44479167,14,63300014,seeded_ic_v1,crazyflie_ofat_pinv_fine_v1
1,mass_minus10,mass,0.90,0.44375000,0.45000000,2,pinv,2,0.44479167,15,63300015,seeded_ic_v1,crazyflie_ofat_pinv_fine_v1
1,mass_minus10,mass,0.90,0.44375000,0.45000000,2,pinv,2,0.44479167,16,63300016,seeded_ic_v1,crazyflie_ofat_pinv_fine_v1
1,mass_minus10,mass,0.90,0.44375000,0.45000000,2,pinv,2,0.44479167,17,63300017,seeded_ic_v1,crazyflie_ofat_pinv_fine_v1
1,mass_minus10,mass,0.90,0.44375000,0.45000000,2,pinv,2,0.44479167,18,63300018,seeded_ic_v1,crazyflie_ofat_pinv_fine_v1
1,mass_minus10,mass,0.90,0.44375000,0.45000000,2,pinv,2,0.44479167,19,63300019,seeded_ic_v1,crazyflie_ofat_pinv_fine_v1
1,mass_minus10,mass,0.90,0.44375000,0.45000000,2,pinv,2,0.44479167,20,63300020,seeded_ic_v1,crazyflie_ofat_pinv_fine_v1
1,mass_minus10,mass,0.90,0.44375000,0.45000000,2,pinv,2,0.44479167,21,63300021,seeded_ic_v1,crazyflie_ofat_pinv_fine_v1
1,mass_minus10,mass,0.90,0.44375000,0.45000000,2,pinv,2,0.44479167,22,63300022,seeded_ic_v1,crazyflie_ofat_pinv_fine_v1
1,mass_minus10,mass,0.90,0.44375000,0.45000000,2,pinv,2,0.44479167,23,63300023,seeded_ic_v1,crazyflie_ofat_pinv_fine_v1
1,mass_minus10,mass,0.90,0.44375000,0.45000000,2,pinv,2,0.44479167,24,63300024,seeded_ic_v1,crazyflie_ofat_pinv_fine_v1
1,mass_minus10,mass,0.90,0.44375000,0.45000000,2,pinv,2,0.44479167,25,63300025,seeded_ic_v1,crazyflie_ofat_pinv_fine_v1
1,mass_minus10,mass,0.90,0.44375000,0.45000000,2,pinv,2,0.44479167,26,63300026,seeded_ic_v1,crazyflie_ofat_pinv_fine_v1
1,mass_minus10,mass,0.90,0.44375000,0.45000000,2,pinv,2,0.44479167,27,63300027,seeded_ic_v1,crazyflie_ofat_pinv_fine_v1
1,mass_minus10,mass,0.90,0.44375000,0.45000000,2,pinv,2,0.44479167,28,63300028,seeded_ic_v1,crazyflie_ofat_pinv_fine_v1
1,mass_minus10,mass,0.90,0.44375000,0.45000000,2,pinv,2,0.44479167,29,63300029,seeded_ic_v1,crazyflie_ofat_pinv_fine_v1
1,mass_minus10,mass,0.90,0.44375000,0.45000000,2,pinv,2,0.44479167,30,63300030,seeded_ic_v1,crazyflie_ofat_pinv_fine_v1
1,mass_minus10,mass,0.90,0.44375000,0.45000000,3,pinv,2,0.44583333,1,63300001,seeded_ic_v1,crazyflie_ofat_pinv_fine_v1
1,mass_minus10,mass,0.90,0.44375000,0.45000000,3,pinv,2,0.44583333,2,63300002,seeded_ic_v1,crazyflie_ofat_pinv_fine_v1
1,mass_minus10,mass,0.90,0.44375000,0.45000000,3,pinv,2,0.44583333,3,63300003,seeded_ic_v1,crazyflie_ofat_pinv_fine_v1
1,mass_minus10,mass,0.90,0.44375000,0.45000000,3,pinv,2,0.44583333,4,63300004,seeded_ic_v1,crazyflie_ofat_pinv_fine_v1
1,mass_minus10,mass,0.90,0.44375000,0.45000000,3,pinv,2,0.44583333,5,63300005,seeded_ic_v1,crazyflie_ofat_pinv_fine_v1
1,mass_minus10,mass,0.90,0.44375000,0.45000000,3,pinv,2,0.44583333,6,63300006,seeded_ic_v1,crazyflie_ofat_pinv_fine_v1
1,mass_minus10,mass,0.90,0.44375000,0.45000000,3,pinv,2,0.44583333,7,63300007,seeded_ic_v1,crazyflie_ofat_pinv_fine_v1
1,mass_minus10,mass,0.90,0.44375000,0.45000000,3,pinv,2,0.44583333,8,63300008,seeded_ic_v1,crazyflie_ofat_pinv_fine_v1
1,mass_minus10,mass,0.90,0.44375000,0.45000000,3,pinv,2,0.44583333,9,63300009,seeded_ic_v1,crazyflie_ofat_pinv_fine_v1
1,mass_minus10,mass,0.90,0.44375000,0.45000000,3,pinv,2,0.44583333,10,63300010,seeded_ic_v1,crazyflie_ofat_pinv_fine_v1
1,mass_minus10,mass,0.90,0.44375000,0.45000000,3,pinv,2,0.44583333,11,63300011,seeded_ic_v1,crazyflie_ofat_pinv_fine_v1
1,mass_minus10,mass,0.90,0.44375000,0.45000000,3,pinv,2,0.44583333,12,63300012,seeded_ic_v1,crazyflie_ofat_pinv_fine_v1
1,mass_minus10,mass,0.90,0.44375000,0.45000000,3,pinv,2,0.44583333,13,63300013,seeded_ic_v1,crazyflie_ofat_pinv_fine_v1
1,mass_minus10,mass,0.90,0.44375000,0.45000000,3,pinv,2,0.44583333,14,63300014,seeded_ic_v1,crazyflie_ofat_pinv_fine_v1
1,mass_minus10,mass,0.90,0.44375000,0.45000000,3,pinv,2,0.44583333,15,63300015,seeded_ic_v1,crazyflie_ofat_pinv_fine_v1
1,mass_minus10,mass,0.90,0.44375000,0.45000000,3,pinv,2,0.44583333,16,63300016,seeded_ic_v1,crazyflie_ofat_pinv_fine_v1
1,mass_minus10,mass,0.90,0.44375000,0.45000000,3,pinv,2,0.44583333,17,63300017,seeded_ic_v1,crazyflie_ofat_pinv_fine_v1
1,mass_minus10,mass,0.90,0.44375000,0.45000000,3,pinv,2,0.44583333,18,63300018,seeded_ic_v1,crazyflie_ofat_pinv_fine_v1
1,mass_minus10,mass,0.90,0.44375000,0.45000000,3,pinv,2,0.44583333,19,63300019,seeded_ic_v1,crazyflie_ofat_pinv_fine_v1
1,mass_minus10,mass,0.90,0.44375000,0.45000000,3,pinv,2,0.44583333,20,63300020,seeded_ic_v1,crazyflie_ofat_pinv_fine_v1
1,mass_minus10,mass,0.90,0.44375000,0.45000000,3,pinv,2,0.44583333,21,63300021,seeded_ic_v1,crazyflie_ofat_pinv_fine_v1
1,mass_minus10,mass,0.90,0.44375000,0.45000000,3,pinv,2,0.44583333,22,63300022,seeded_ic_v1,crazyflie_ofat_pinv_fine_v1
1,mass_minus10,mass,0.90,0.44375000,0.45000000,3,pinv,2,0.44583333,23,63300023,seeded_ic_v1,crazyflie_ofat_pinv_fine_v1
1,mass_minus10,mass,0.90,0.44375000,0.45000000,3,pinv,2,0.44583333,24,63300024,seeded_ic_v1,crazyflie_ofat_pinv_fine_v1
1,mass_minus10,mass,0.90,0.44375000,0.45000000,3,pinv,2,0.44583333,25,63300025,seeded_ic_v1,crazyflie_ofat_pinv_fine_v1
1,mass_minus10,mass,0.90,0.44375000,0.45000000,3,pinv,2,0.44583333,26,63300026,seeded_ic_v1,crazyflie_ofat_pinv_fine_v1
1,mass_minus10,mass,0.90,0.44375000,0.45000000,3,pinv,2,0.44583333,27,63300027,seeded_ic_v1,crazyflie_ofat_pinv_fine_v1
1,mass_minus10,mass,0.90,0.44375000,0.45000000,3,pinv,2,0.44583333,28,63300028,seeded_ic_v1,crazyflie_ofat_pinv_fine_v1
1,mass_minus10,mass,0.90,0.44375000,0.45000000,3,pinv,2,0.44583333,29,63300029,seeded_ic_v1,crazyflie_ofat_pinv_fine_v1
1,mass_minus10,mass,0.90,0.44375000,0.45000000,3,pinv,2,0.44583333,30,63300030,seeded_ic_v1,crazyflie_ofat_pinv_fine_v1
1,mass_minus10,mass,0.90,0.44375000,0.45000000,4,pinv,2,0.44687500,1,63300001,seeded_ic_v1,crazyflie_ofat_pinv_fine_v1
1,mass_minus10,mass,0.90,0.44375000,0.45000000,4,pinv,2,0.44687500,2,63300002,seeded_ic_v1,crazyflie_ofat_pinv_fine_v1
1,mass_minus10,mass,0.90,0.44375000,0.45000000,4,pinv,2,0.44687500,3,63300003,seeded_ic_v1,crazyflie_ofat_pinv_fine_v1
1,mass_minus10,mass,0.90,0.44375000,0.45000000,4,pinv,2,0.44687500,4,63300004,seeded_ic_v1,crazyflie_ofat_pinv_fine_v1
1,mass_minus10,mass,0.90,0.44375000,0.45000000,4,pinv,2,0.44687500,5,63300005,seeded_ic_v1,crazyflie_ofat_pinv_fine_v1
1,mass_minus10,mass,0.90,0.44375000,0.45000000,4,pinv,2,0.44687500,6,63300006,seeded_ic_v1,crazyflie_ofat_pinv_fine_v1
1,mass_minus10,mass,0.90,0.44375000,0.45000000,4,pinv,2,0.44687500,7,63300007,seeded_ic_v1,crazyflie_ofat_pinv_fine_v1
1,mass_minus10,mass,0.90,0.44375000,0.45000000,4,pinv,2,0.44687500,8,63300008,seeded_ic_v1,crazyflie_ofat_pinv_fine_v1
1,mass_minus10,mass,0.90,0.44375000,0.45000000,4,pinv,2,0.44687500,9,63300009,seeded_ic_v1,crazyflie_ofat_pinv_fine_v1
1,mass_minus10,mass,0.90,0.44375000,0.45000000,4,pinv,2,0.44687500,10,63300010,seeded_ic_v1,crazyflie_ofat_pinv_fine_v1
1,mass_minus10,mass,0.90,0.44375000,0.45000000,4,pinv,2,0.44687500,11,63300011,seeded_ic_v1,crazyflie_ofat_pinv_fine_v1
1,mass_minus10,mass,0.90,0.44375000,0.45000000,4,pinv,2,0.44687500,12,63300012,seeded_ic_v1,crazyflie_ofat_pinv_fine_v1
1,mass_minus10,mass,0.90,0.44375000,0.45000000,4,pinv,2,0.44687500,13,63300013,seeded_ic_v1,crazyflie_ofat_pinv_fine_v1
1,mass_minus10,mass,0.90,0.44375000,0.45000000,4,pinv,2,0.44687500,14,63300014,seeded_ic_v1,crazyflie_ofat_pinv_fine_v1
1,mass_minus10,mass,0.90,0.44375000,0.45000000,4,pinv,2,0.44687500,15,63300015,seeded_ic_v1,crazyflie_ofat_pinv_fine_v1
1,mass_minus10,mass,0.90,0.44375000,0.45000000,4,pinv,2,0.44687500,16,63300016,seeded_ic_v1,crazyflie_ofat_pinv_fine_v1
1,mass_minus10,mass,0.90,0.44375000,0.45000000,4,pinv,2,0.44687500,17,63300017,seeded_ic_v1,crazyflie_ofat_pinv_fine_v1
1,mass_minus10,mass,0.90,0.44375000,0.45000000,4,pinv,2,0.44687500,18,63300018,seeded_ic_v1,crazyflie_ofat_pinv_fine_v1
1,mass_minus10,mass,0.90,0.44375000,0.45000000,4,pinv,2,0.44687500,19,63300019,seeded_ic_v1,crazyflie_ofat_pinv_fine_v1
1,mass_minus10,mass,0.90,0.44375000,0.45000000,4,pinv,2,0.44687500,20,63300020,seeded_ic_v1,crazyflie_ofat_pinv_fine_v1
1,mass_minus10,mass,0.90,0.44375000,0.45000000,4,pinv,2,0.44687500,21,63300021,seeded_ic_v1,crazyflie_ofat_pinv_fine_v1
1,mass_minus10,mass,0.90,0.44375000,0.45000000,4,pinv,2,0.44687500,22,63300022,seeded_ic_v1,crazyflie_ofat_pinv_fine_v1
1,mass_minus10,mass,0.90,0.44375000,0.45000000,4,pinv,2,0.44687500,23,63300023,seeded_ic_v1,crazyflie_ofat_pinv_fine_v1
1,mass_minus10,mass,0.90,0.44375000,0.45000000,4,pinv,2,0.44687500,24,63300024,seeded_ic_v1,crazyflie_ofat_pinv_fine_v1
1,mass_minus10,mass,0.90,0.44375000,0.45000000,4,pinv,2,0.44687500,25,63300025,seeded_ic_v1,crazyflie_ofat_pinv_fine_v1
1,mass_minus10,mass,0.90,0.44375000,0.45000000,4,pinv,2,0.44687500,26,63300026,seeded_ic_v1,crazyflie_ofat_pinv_fine_v1
1,mass_minus10,mass,0.90,0.44375000,0.45000000,4,pinv,2,0.44687500,27,63300027,seeded_ic_v1,crazyflie_ofat_pinv_fine_v1
1,mass_minus10,mass,0.90,0.44375000,0.45000000,4,pinv,2,0.44687500,28,63300028,seeded_ic_v1,crazyflie_ofat_pinv_fine_v1
1,mass_minus10,mass,0.90,0.44375000,0.45000000,4,pinv,2,0.44687500,29,63300029,seeded_ic_v1,crazyflie_ofat_pinv_fine_v1
1,mass_minus10,mass,0.90,0.44375000,0.45000000,4,pinv,2,0.44687500,30,63300030,seeded_ic_v1,crazyflie_ofat_pinv_fine_v1
1,mass_minus10,mass,0.90,0.44375000,0.45000000,5,pinv,2,0.44791667,1,63300001,seeded_ic_v1,crazyflie_ofat_pinv_fine_v1
1,mass_minus10,mass,0.90,0.44375000,0.45000000,5,pinv,2,0.44791667,2,63300002,seeded_ic_v1,crazyflie_ofat_pinv_fine_v1
1,mass_minus10,mass,0.90,0.44375000,0.45000000,5,pinv,2,0.44791667,3,63300003,seeded_ic_v1,crazyflie_ofat_pinv_fine_v1
1,mass_minus10,mass,0.90,0.44375000,0.45000000,5,pinv,2,0.44791667,4,63300004,seeded_ic_v1,crazyflie_ofat_pinv_fine_v1
1,mass_minus10,mass,0.90,0.44375000,0.45000000,5,pinv,2,0.44791667,5,63300005,seeded_ic_v1,crazyflie_ofat_pinv_fine_v1
1,mass_minus10,mass,0.90,0.44375000,0.45000000,5,pinv,2,0.44791667,6,63300006,seeded_ic_v1,crazyflie_ofat_pinv_fine_v1
1,mass_minus10,mass,0.90,0.44375000,0.45000000,5,pinv,2,0.44791667,7,63300007,seeded_ic_v1,crazyflie_ofat_pinv_fine_v1
1,mass_minus10,mass,0.90,0.44375000,0.45000000,5,pinv,2,0.44791667,8,63300008,seeded_ic_v1,crazyflie_ofat_pinv_fine_v1
1,mass_minus10,mass,0.90,0.44375000,0.45000000,5,pinv,2,0.44791667,9,63300009,seeded_ic_v1,crazyflie_ofat_pinv_fine_v1
1,mass_minus10,mass,0.90,0.44375000,0.45000000,5,pinv,2,0.44791667,10,63300010,seeded_ic_v1,crazyflie_ofat_pinv_fine_v1
1,mass_minus10,mass,0.90,0.44375000,0.45000000,5,pinv,2,0.44791667,11,63300011,seeded_ic_v1,crazyflie_ofat_pinv_fine_v1
1,mass_minus10,mass,0.90,0.44375000,0.45000000,5,pinv,2,0.44791667,12,63300012,seeded_ic_v1,crazyflie_ofat_pinv_fine_v1
1,mass_minus10,mass,0.90,0.44375000,0.45000000,5,pinv,2,0.44791667,13,63300013,seeded_ic_v1,crazyflie_ofat_pinv_fine_v1
1,mass_minus10,mass,0.90,0.44375000,0.45000000,5,pinv,2,0.44791667,14,63300014,seeded_ic_v1,crazyflie_ofat_pinv_fine_v1
1,mass_minus10,mass,0.90,0.44375000,0.45000000,5,pinv,2,0.44791667,15,63300015,seeded_ic_v1,crazyflie_ofat_pinv_fine_v1
1,mass_minus10,mass,0.90,0.44375000,0.45000000,5,pinv,2,0.44791667,16,63300016,seeded_ic_v1,crazyflie_ofat_pinv_fine_v1
1,mass_minus10,mass,0.90,0.44375000,0.45000000,5,pinv,2,0.44791667,17,63300017,seeded_ic_v1,crazyflie_ofat_pinv_fine_v1
1,mass_minus10,mass,0.90,0.44375000,0.45000000,5,pinv,2,0.44791667,18,63300018,seeded_ic_v1,crazyflie_ofat_pinv_fine_v1
1,mass_minus10,mass,0.90,0.44375000,0.45000000,5,pinv,2,0.44791667,19,63300019,seeded_ic_v1,crazyflie_ofat_pinv_fine_v1
1,mass_minus10,mass,0.90,0.44375000,0.45000000,5,pinv,2,0.44791667,20,63300020,seeded_ic_v1,crazyflie_ofat_pinv_fine_v1
1,mass_minus10,mass,0.90,0.44375000,0.45000000,5,pinv,2,0.44791667,21,63300021,seeded_ic_v1,crazyflie_ofat_pinv_fine_v1
1,mass_minus10,mass,0.90,0.44375000,0.45000000,5,pinv,2,0.44791667,22,63300022,seeded_ic_v1,crazyflie_ofat_pinv_fine_v1
1,mass_minus10,mass,0.90,0.44375000,0.45000000,5,pinv,2,0.44791667,23,63300023,seeded_ic_v1,crazyflie_ofat_pinv_fine_v1
1,mass_minus10,mass,0.90,0.44375000,0.45000000,5,pinv,2,0.44791667,24,63300024,seeded_ic_v1,crazyflie_ofat_pinv_fine_v1
1,mass_minus10,mass,0.90,0.44375000,0.45000000,5,pinv,2,0.44791667,25,63300025,seeded_ic_v1,crazyflie_ofat_pinv_fine_v1
1,mass_minus10,mass,0.90,0.44375000,0.45000000,5,pinv,2,0.44791667,26,63300026,seeded_ic_v1,crazyflie_ofat_pinv_fine_v1
1,mass_minus10,mass,0.90,0.44375000,0.45000000,5,pinv,2,0.44791667,27,63300027,seeded_ic_v1,crazyflie_ofat_pinv_fine_v1
1,mass_minus10,mass,0.90,0.44375000,0.45000000,5,pinv,2,0.44791667,28,63300028,seeded_ic_v1,crazyflie_ofat_pinv_fine_v1
1,mass_minus10,mass,0.90,0.44375000,0.45000000,5,pinv,2,0.44791667,29,63300029,seeded_ic_v1,crazyflie_ofat_pinv_fine_v1
1,mass_minus10,mass,0.90,0.44375000,0.45000000,5,pinv,2,0.44791667,30,63300030,seeded_ic_v1,crazyflie_ofat_pinv_fine_v1
1,mass_minus10,mass,0.90,0.44375000,0.45000000,6,pinv,2,0.44895833,1,63300001,seeded_ic_v1,crazyflie_ofat_pinv_fine_v1
1,mass_minus10,mass,0.90,0.44375000,0.45000000,6,pinv,2,0.44895833,2,63300002,seeded_ic_v1,crazyflie_ofat_pinv_fine_v1
1,mass_minus10,mass,0.90,0.44375000,0.45000000,6,pinv,2,0.44895833,3,63300003,seeded_ic_v1,crazyflie_ofat_pinv_fine_v1
1,mass_minus10,mass,0.90,0.44375000,0.45000000,6,pinv,2,0.44895833,4,63300004,seeded_ic_v1,crazyflie_ofat_pinv_fine_v1
1,mass_minus10,mass,0.90,0.44375000,0.45000000,6,pinv,2,0.44895833,5,63300005,seeded_ic_v1,crazyflie_ofat_pinv_fine_v1
1,mass_minus10,mass,0.90,0.44375000,0.45000000,6,pinv,2,0.44895833,6,63300006,seeded_ic_v1,crazyflie_ofat_pinv_fine_v1
1,mass_minus10,mass,0.90,0.44375000,0.45000000,6,pinv,2,0.44895833,7,63300007,seeded_ic_v1,crazyflie_ofat_pinv_fine_v1
1,mass_minus10,mass,0.90,0.44375000,0.45000000,6,pinv,2,0.44895833,8,63300008,seeded_ic_v1,crazyflie_ofat_pinv_fine_v1
1,mass_minus10,mass,0.90,0.44375000,0.45000000,6,pinv,2,0.44895833,9,63300009,seeded_ic_v1,crazyflie_ofat_pinv_fine_v1
1,mass_minus10,mass,0.90,0.44375000,0.45000000,6,pinv,2,0.44895833,10,63300010,seeded_ic_v1,crazyflie_ofat_pinv_fine_v1
1,mass_minus10,mass,0.90,0.44375000,0.45000000,6,pinv,2,0.44895833,11,63300011,seeded_ic_v1,crazyflie_ofat_pinv_fine_v1
1,mass_minus10,mass,0.90,0.44375000,0.45000000,6,pinv,2,0.44895833,12,63300012,seeded_ic_v1,crazyflie_ofat_pinv_fine_v1
1,mass_minus10,mass,0.90,0.44375000,0.45000000,6,pinv,2,0.44895833,13,63300013,seeded_ic_v1,crazyflie_ofat_pinv_fine_v1
1,mass_minus10,mass,0.90,0.44375000,0.45000000,6,pinv,2,0.44895833,14,63300014,seeded_ic_v1,crazyflie_ofat_pinv_fine_v1
1,mass_minus10,mass,0.90,0.44375000,0.45000000,6,pinv,2,0.44895833,15,63300015,seeded_ic_v1,crazyflie_ofat_pinv_fine_v1
1,mass_minus10,mass,0.90,0.44375000,0.45000000,6,pinv,2,0.44895833,16,63300016,seeded_ic_v1,crazyflie_ofat_pinv_fine_v1
1,mass_minus10,mass,0.90,0.44375000,0.45000000,6,pinv,2,0.44895833,17,63300017,seeded_ic_v1,crazyflie_ofat_pinv_fine_v1
1,mass_minus10,mass,0.90,0.44375000,0.45000000,6,pinv,2,0.44895833,18,63300018,seeded_ic_v1,crazyflie_ofat_pinv_fine_v1
1,mass_minus10,mass,0.90,0.44375000,0.45000000,6,pinv,2,0.44895833,19,63300019,seeded_ic_v1,crazyflie_ofat_pinv_fine_v1
1,mass_minus10,mass,0.90,0.44375000,0.45000000,6,pinv,2,0.44895833,20,63300020,seeded_ic_v1,crazyflie_ofat_pinv_fine_v1
1,mass_minus10,mass,0.90,0.44375000,0.45000000,6,pinv,2,0.44895833,21,63300021,seeded_ic_v1,crazyflie_ofat_pinv_fine_v1
1,mass_minus10,mass,0.90,0.44375000,0.45000000,6,pinv,2,0.44895833,22,63300022,seeded_ic_v1,crazyflie_ofat_pinv_fine_v1
1,mass_minus10,mass,0.90,0.44375000,0.45000000,6,pinv,2,0.44895833,23,63300023,seeded_ic_v1,crazyflie_ofat_pinv_fine_v1
1,mass_minus10,mass,0.90,0.44375000,0.45000000,6,pinv,2,0.44895833,24,63300024,seeded_ic_v1,crazyflie_ofat_pinv_fine_v1
1,mass_minus10,mass,0.90,0.44375000,0.45000000,6,pinv,2,0.44895833,25,63300025,seeded_ic_v1,crazyflie_ofat_pinv_fine_v1
1,mass_minus10,mass,0.90,0.44375000,0.45000000,6,pinv,2,0.44895833,26,63300026,seeded_ic_v1,crazyflie_ofat_pinv_fine_v1
1,mass_minus10,mass,0.90,0.44375000,0.45000000,6,pinv,2,0.44895833,27,63300027,seeded_ic_v1,crazyflie_ofat_pinv_fine_v1
1,mass_minus10,mass,0.90,0.44375000,0.45000000,6,pinv,2,0.44895833,28,63300028,seeded_ic_v1,crazyflie_ofat_pinv_fine_v1
1,mass_minus10,mass,0.90,0.44375000,0.45000000,6,pinv,2,0.44895833,29,63300029,seeded_ic_v1,crazyflie_ofat_pinv_fine_v1
1,mass_minus10,mass,0.90,0.44375000,0.45000000,6,pinv,2,0.44895833,30,63300030,seeded_ic_v1,crazyflie_ofat_pinv_fine_v1
1,mass_minus10,mass,0.90,0.44375000,0.45000000,7,pinv,2,0.45000000,1,63300001,seeded_ic_v1,crazyflie_ofat_pinv_fine_v1
1,mass_minus10,mass,0.90,0.44375000,0.45000000,7,pinv,2,0.45000000,2,63300002,seeded_ic_v1,crazyflie_ofat_pinv_fine_v1
1,mass_minus10,mass,0.90,0.44375000,0.45000000,7,pinv,2,0.45000000,3,63300003,seeded_ic_v1,crazyflie_ofat_pinv_fine_v1
1,mass_minus10,mass,0.90,0.44375000,0.45000000,7,pinv,2,0.45000000,4,63300004,seeded_ic_v1,crazyflie_ofat_pinv_fine_v1
1,mass_minus10,mass,0.90,0.44375000,0.45000000,7,pinv,2,0.45000000,5,63300005,seeded_ic_v1,crazyflie_ofat_pinv_fine_v1
1,mass_minus10,mass,0.90,0.44375000,0.45000000,7,pinv,2,0.45000000,6,63300006,seeded_ic_v1,crazyflie_ofat_pinv_fine_v1
1,mass_minus10,mass,0.90,0.44375000,0.45000000,7,pinv,2,0.45000000,7,63300007,seeded_ic_v1,crazyflie_ofat_pinv_fine_v1
1,mass_minus10,mass,0.90,0.44375000,0.45000000,7,pinv,2,0.45000000,8,63300008,seeded_ic_v1,crazyflie_ofat_pinv_fine_v1
1,mass_minus10,mass,0.90,0.44375000,0.45000000,7,pinv,2,0.45000000,9,63300009,seeded_ic_v1,crazyflie_ofat_pinv_fine_v1
1,mass_minus10,mass,0.90,0.44375000,0.45000000,7,pinv,2,0.45000000,10,63300010,seeded_ic_v1,crazyflie_ofat_pinv_fine_v1
1,mass_minus10,mass,0.90,0.44375000,0.45000000,7,pinv,2,0.45000000,11,63300011,seeded_ic_v1,crazyflie_ofat_pinv_fine_v1
1,mass_minus10,mass,0.90,0.44375000,0.45000000,7,pinv,2,0.45000000,12,63300012,seeded_ic_v1,crazyflie_ofat_pinv_fine_v1
1,mass_minus10,mass,0.90,0.44375000,0.45000000,7,pinv,2,0.45000000,13,63300013,seeded_ic_v1,crazyflie_ofat_pinv_fine_v1
1,mass_minus10,mass,0.90,0.44375000,0.45000000,7,pinv,2,0.45000000,14,63300014,seeded_ic_v1,crazyflie_ofat_pinv_fine_v1
1,mass_minus10,mass,0.90,0.44375000,0.45000000,7,pinv,2,0.45000000,15,63300015,seeded_ic_v1,crazyflie_ofat_pinv_fine_v1
1,mass_minus10,mass,0.90,0.44375000,0.45000000,7,pinv,2,0.45000000,16,63300016,seeded_ic_v1,crazyflie_ofat_pinv_fine_v1
1,mass_minus10,mass,0.90,0.44375000,0.45000000,7,pinv,2,0.45000000,17,63300017,seeded_ic_v1,crazyflie_ofat_pinv_fine_v1
1,mass_minus10,mass,0.90,0.44375000,0.45000000,7,pinv,2,0.45000000,18,63300018,seeded_ic_v1,crazyflie_ofat_pinv_fine_v1
1,mass_minus10,mass,0.90,0.44375000,0.45000000,7,pinv,2,0.45000000,19,63300019,seeded_ic_v1,crazyflie_ofat_pinv_fine_v1
1,mass_minus10,mass,0.90,0.44375000,0.45000000,7,pinv,2,0.45000000,20,63300020,seeded_ic_v1,crazyflie_ofat_pinv_fine_v1
1,mass_minus10,mass,0.90,0.44375000,0.45000000,7,pinv,2,0.45000000,21,63300021,seeded_ic_v1,crazyflie_ofat_pinv_fine_v1
1,mass_minus10,mass,0.90,0.44375000,0.45000000,7,pinv,2,0.45000000,22,63300022,seeded_ic_v1,crazyflie_ofat_pinv_fine_v1
1,mass_minus10,mass,0.90,0.44375000,0.45000000,7,pinv,2,0.45000000,23,63300023,seeded_ic_v1,crazyflie_ofat_pinv_fine_v1
1,mass_minus10,mass,0.90,0.44375000,0.45000000,7,pinv,2,0.45000000,24,63300024,seeded_ic_v1,crazyflie_ofat_pinv_fine_v1
1,mass_minus10,mass,0.90,0.44375000,0.45000000,7,pinv,2,0.45000000,25,63300025,seeded_ic_v1,crazyflie_ofat_pinv_fine_v1
1,mass_minus10,mass,0.90,0.44375000,0.45000000,7,pinv,2,0.45000000,26,63300026,seeded_ic_v1,crazyflie_ofat_pinv_fine_v1
1,mass_minus10,mass,0.90,0.44375000,0.45000000,7,pinv,2,0.45000000,27,63300027,seeded_ic_v1,crazyflie_ofat_pinv_fine_v1
1,mass_minus10,mass,0.90,0.44375000,0.45000000,7,pinv,2,0.45000000,28,63300028,seeded_ic_v1,crazyflie_ofat_pinv_fine_v1
1,mass_minus10,mass,0.90,0.44375000,0.45000000,7,pinv,2,0.45000000,29,63300029,seeded_ic_v1,crazyflie_ofat_pinv_fine_v1
1,mass_minus10,mass,0.90,0.44375000,0.45000000,7,pinv,2,0.45000000,30,63300030,seeded_ic_v1,crazyflie_ofat_pinv_fine_v1
2,mass_plus10,mass,1.10,0.54375000,0.55000000,1,pinv,2,0.54375000,1,63300001,seeded_ic_v1,crazyflie_ofat_pinv_fine_v1
2,mass_plus10,mass,1.10,0.54375000,0.55000000,1,pinv,2,0.54375000,2,63300002,seeded_ic_v1,crazyflie_ofat_pinv_fine_v1
2,mass_plus10,mass,1.10,0.54375000,0.55000000,1,pinv,2,0.54375000,3,63300003,seeded_ic_v1,crazyflie_ofat_pinv_fine_v1
2,mass_plus10,mass,1.10,0.54375000,0.55000000,1,pinv,2,0.54375000,4,63300004,seeded_ic_v1,crazyflie_ofat_pinv_fine_v1
2,mass_plus10,mass,1.10,0.54375000,0.55000000,1,pinv,2,0.54375000,5,63300005,seeded_ic_v1,crazyflie_ofat_pinv_fine_v1
2,mass_plus10,mass,1.10,0.54375000,0.55000000,1,pinv,2,0.54375000,6,63300006,seeded_ic_v1,crazyflie_ofat_pinv_fine_v1
2,mass_plus10,mass,1.10,0.54375000,0.55000000,1,pinv,2,0.54375000,7,63300007,seeded_ic_v1,crazyflie_ofat_pinv_fine_v1
2,mass_plus10,mass,1.10,0.54375000,0.55000000,1,pinv,2,0.54375000,8,63300008,seeded_ic_v1,crazyflie_ofat_pinv_fine_v1
2,mass_plus10,mass,1.10,0.54375000,0.55000000,1,pinv,2,0.54375000,9,63300009,seeded_ic_v1,crazyflie_ofat_pinv_fine_v1
2,mass_plus10,mass,1.10,0.54375000,0.55000000,1,pinv,2,0.54375000,10,63300010,seeded_ic_v1,crazyflie_ofat_pinv_fine_v1
2,mass_plus10,mass,1.10,0.54375000,0.55000000,1,pinv,2,0.54375000,11,63300011,seeded_ic_v1,crazyflie_ofat_pinv_fine_v1
2,mass_plus10,mass,1.10,0.54375000,0.55000000,1,pinv,2,0.54375000,12,63300012,seeded_ic_v1,crazyflie_ofat_pinv_fine_v1
2,mass_plus10,mass,1.10,0.54375000,0.55000000,1,pinv,2,0.54375000,13,63300013,seeded_ic_v1,crazyflie_ofat_pinv_fine_v1
2,mass_plus10,mass,1.10,0.54375000,0.55000000,1,pinv,2,0.54375000,14,63300014,seeded_ic_v1,crazyflie_ofat_pinv_fine_v1
2,mass_plus10,mass,1.10,0.54375000,0.55000000,1,pinv,2,0.54375000,15,63300015,seeded_ic_v1,crazyflie_ofat_pinv_fine_v1
2,mass_plus10,mass,1.10,0.54375000,0.55000000,1,pinv,2,0.54375000,16,63300016,seeded_ic_v1,crazyflie_ofat_pinv_fine_v1
2,mass_plus10,mass,1.10,0.54375000,0.55000000,1,pinv,2,0.54375000,17,63300017,seeded_ic_v1,crazyflie_ofat_pinv_fine_v1
2,mass_plus10,mass,1.10,0.54375000,0.55000000,1,pinv,2,0.54375000,18,63300018,seeded_ic_v1,crazyflie_ofat_pinv_fine_v1
2,mass_plus10,mass,1.10,0.54375000,0.55000000,1,pinv,2,0.54375000,19,63300019,seeded_ic_v1,crazyflie_ofat_pinv_fine_v1
2,mass_plus10,mass,1.10,0.54375000,0.55000000,1,pinv,2,0.54375000,20,63300020,seeded_ic_v1,crazyflie_ofat_pinv_fine_v1
2,mass_plus10,mass,1.10,0.54375000,0.55000000,1,pinv,2,0.54375000,21,63300021,seeded_ic_v1,crazyflie_ofat_pinv_fine_v1
2,mass_plus10,mass,1.10,0.54375000,0.55000000,1,pinv,2,0.54375000,22,63300022,seeded_ic_v1,crazyflie_ofat_pinv_fine_v1
2,mass_plus10,mass,1.10,0.54375000,0.55000000,1,pinv,2,0.54375000,23,63300023,seeded_ic_v1,crazyflie_ofat_pinv_fine_v1
2,mass_plus10,mass,1.10,0.54375000,0.55000000,1,pinv,2,0.54375000,24,63300024,seeded_ic_v1,crazyflie_ofat_pinv_fine_v1
2,mass_plus10,mass,1.10,0.54375000,0.55000000,1,pinv,2,0.54375000,25,63300025,seeded_ic_v1,crazyflie_ofat_pinv_fine_v1
2,mass_plus10,mass,1.10,0.54375000,0.55000000,1,pinv,2,0.54375000,26,63300026,seeded_ic_v1,crazyflie_ofat_pinv_fine_v1
2,mass_plus10,mass,1.10,0.54375000,0.55000000,1,pinv,2,0.54375000,27,63300027,seeded_ic_v1,crazyflie_ofat_pinv_fine_v1
2,mass_plus10,mass,1.10,0.54375000,0.55000000,1,pinv,2,0.54375000,28,63300028,seeded_ic_v1,crazyflie_ofat_pinv_fine_v1
2,mass_plus10,mass,1.10,0.54375000,0.55000000,1,pinv,2,0.54375000,29,63300029,seeded_ic_v1,crazyflie_ofat_pinv_fine_v1
2,mass_plus10,mass,1.10,0.54375000,0.55000000,1,pinv,2,0.54375000,30,63300030,seeded_ic_v1,crazyflie_ofat_pinv_fine_v1
2,mass_plus10,mass,1.10,0.54375000,0.55000000,2,pinv,2,0.54479167,1,63300001,seeded_ic_v1,crazyflie_ofat_pinv_fine_v1
2,mass_plus10,mass,1.10,0.54375000,0.55000000,2,pinv,2,0.54479167,2,63300002,seeded_ic_v1,crazyflie_ofat_pinv_fine_v1
2,mass_plus10,mass,1.10,0.54375000,0.55000000,2,pinv,2,0.54479167,3,63300003,seeded_ic_v1,crazyflie_ofat_pinv_fine_v1
2,mass_plus10,mass,1.10,0.54375000,0.55000000,2,pinv,2,0.54479167,4,63300004,seeded_ic_v1,crazyflie_ofat_pinv_fine_v1
2,mass_plus10,mass,1.10,0.54375000,0.55000000,2,pinv,2,0.54479167,5,63300005,seeded_ic_v1,crazyflie_ofat_pinv_fine_v1
2,mass_plus10,mass,1.10,0.54375000,0.55000000,2,pinv,2,0.54479167,6,63300006,seeded_ic_v1,crazyflie_ofat_pinv_fine_v1
2,mass_plus10,mass,1.10,0.54375000,0.55000000,2,pinv,2,0.54479167,7,63300007,seeded_ic_v1,crazyflie_ofat_pinv_fine_v1
2,mass_plus10,mass,1.10,0.54375000,0.55000000,2,pinv,2,0.54479167,8,63300008,seeded_ic_v1,crazyflie_ofat_pinv_fine_v1
2,mass_plus10,mass,1.10,0.54375000,0.55000000,2,pinv,2,0.54479167,9,63300009,seeded_ic_v1,crazyflie_ofat_pinv_fine_v1
2,mass_plus10,mass,1.10,0.54375000,0.55000000,2,pinv,2,0.54479167,10,63300010,seeded_ic_v1,crazyflie_ofat_pinv_fine_v1
2,mass_plus10,mass,1.10,0.54375000,0.55000000,2,pinv,2,0.54479167,11,63300011,seeded_ic_v1,crazyflie_ofat_pinv_fine_v1
2,mass_plus10,mass,1.10,0.54375000,0.55000000,2,pinv,2,0.54479167,12,63300012,seeded_ic_v1,crazyflie_ofat_pinv_fine_v1
2,mass_plus10,mass,1.10,0.54375000,0.55000000,2,pinv,2,0.54479167,13,63300013,seeded_ic_v1,crazyflie_ofat_pinv_fine_v1
2,mass_plus10,mass,1.10,0.54375000,0.55000000,2,pinv,2,0.54479167,14,63300014,seeded_ic_v1,crazyflie_ofat_pinv_fine_v1
2,mass_plus10,mass,1.10,0.54375000,0.55000000,2,pinv,2,0.54479167,15,63300015,seeded_ic_v1,crazyflie_ofat_pinv_fine_v1
2,mass_plus10,mass,1.10,0.54375000,0.55000000,2,pinv,2,0.54479167,16,63300016,seeded_ic_v1,crazyflie_ofat_pinv_fine_v1
2,mass_plus10,mass,1.10,0.54375000,0.55000000,2,pinv,2,0.54479167,17,63300017,seeded_ic_v1,crazyflie_ofat_pinv_fine_v1
2,mass_plus10,mass,1.10,0.54375000,0.55000000,2,pinv,2,0.54479167,18,63300018,seeded_ic_v1,crazyflie_ofat_pinv_fine_v1
2,mass_plus10,mass,1.10,0.54375000,0.55000000,2,pinv,2,0.54479167,19,63300019,seeded_ic_v1,crazyflie_ofat_pinv_fine_v1
2,mass_plus10,mass,1.10,0.54375000,0.55000000,2,pinv,2,0.54479167,20,63300020,seeded_ic_v1,crazyflie_ofat_pinv_fine_v1
2,mass_plus10,mass,1.10,0.54375000,0.55000000,2,pinv,2,0.54479167,21,63300021,seeded_ic_v1,crazyflie_ofat_pinv_fine_v1
2,mass_plus10,mass,1.10,0.54375000,0.55000000,2,pinv,2,0.54479167,22,63300022,seeded_ic_v1,crazyflie_ofat_pinv_fine_v1
2,mass_plus10,mass,1.10,0.54375000,0.55000000,2,pinv,2,0.54479167,23,63300023,seeded_ic_v1,crazyflie_ofat_pinv_fine_v1
2,mass_plus10,mass,1.10,0.54375000,0.55000000,2,pinv,2,0.54479167,24,63300024,seeded_ic_v1,crazyflie_ofat_pinv_fine_v1
2,mass_plus10,mass,1.10,0.54375000,0.55000000,2,pinv,2,0.54479167,25,63300025,seeded_ic_v1,crazyflie_ofat_pinv_fine_v1
2,mass_plus10,mass,1.10,0.54375000,0.55000000,2,pinv,2,0.54479167,26,63300026,seeded_ic_v1,crazyflie_ofat_pinv_fine_v1
2,mass_plus10,mass,1.10,0.54375000,0.55000000,2,pinv,2,0.54479167,27,63300027,seeded_ic_v1,crazyflie_ofat_pinv_fine_v1
2,mass_plus10,mass,1.10,0.54375000,0.55000000,2,pinv,2,0.54479167,28,63300028,seeded_ic_v1,crazyflie_ofat_pinv_fine_v1
2,mass_plus10,mass,1.10,0.54375000,0.55000000,2,pinv,2,0.54479167,29,63300029,seeded_ic_v1,crazyflie_ofat_pinv_fine_v1
2,mass_plus10,mass,1.10,0.54375000,0.55000000,2,pinv,2,0.54479167,30,63300030,seeded_ic_v1,crazyflie_ofat_pinv_fine_v1
2,mass_plus10,mass,1.10,0.54375000,0.55000000,3,pinv,2,0.54583333,1,63300001,seeded_ic_v1,crazyflie_ofat_pinv_fine_v1
2,mass_plus10,mass,1.10,0.54375000,0.55000000,3,pinv,2,0.54583333,2,63300002,seeded_ic_v1,crazyflie_ofat_pinv_fine_v1
2,mass_plus10,mass,1.10,0.54375000,0.55000000,3,pinv,2,0.54583333,3,63300003,seeded_ic_v1,crazyflie_ofat_pinv_fine_v1
2,mass_plus10,mass,1.10,0.54375000,0.55000000,3,pinv,2,0.54583333,4,63300004,seeded_ic_v1,crazyflie_ofat_pinv_fine_v1
2,mass_plus10,mass,1.10,0.54375000,0.55000000,3,pinv,2,0.54583333,5,63300005,seeded_ic_v1,crazyflie_ofat_pinv_fine_v1
2,mass_plus10,mass,1.10,0.54375000,0.55000000,3,pinv,2,0.54583333,6,63300006,seeded_ic_v1,crazyflie_ofat_pinv_fine_v1
2,mass_plus10,mass,1.10,0.54375000,0.55000000,3,pinv,2,0.54583333,7,63300007,seeded_ic_v1,crazyflie_ofat_pinv_fine_v1
2,mass_plus10,mass,1.10,0.54375000,0.55000000,3,pinv,2,0.54583333,8,63300008,seeded_ic_v1,crazyflie_ofat_pinv_fine_v1
2,mass_plus10,mass,1.10,0.54375000,0.55000000,3,pinv,2,0.54583333,9,63300009,seeded_ic_v1,crazyflie_ofat_pinv_fine_v1
2,mass_plus10,mass,1.10,0.54375000,0.55000000,3,pinv,2,0.54583333,10,63300010,seeded_ic_v1,crazyflie_ofat_pinv_fine_v1
2,mass_plus10,mass,1.10,0.54375000,0.55000000,3,pinv,2,0.54583333,11,63300011,seeded_ic_v1,crazyflie_ofat_pinv_fine_v1
2,mass_plus10,mass,1.10,0.54375000,0.55000000,3,pinv,2,0.54583333,12,63300012,seeded_ic_v1,crazyflie_ofat_pinv_fine_v1
2,mass_plus10,mass,1.10,0.54375000,0.55000000,3,pinv,2,0.54583333,13,63300013,seeded_ic_v1,crazyflie_ofat_pinv_fine_v1
2,mass_plus10,mass,1.10,0.54375000,0.55000000,3,pinv,2,0.54583333,14,63300014,seeded_ic_v1,crazyflie_ofat_pinv_fine_v1
2,mass_plus10,mass,1.10,0.54375000,0.55000000,3,pinv,2,0.54583333,15,63300015,seeded_ic_v1,crazyflie_ofat_pinv_fine_v1
2,mass_plus10,mass,1.10,0.54375000,0.55000000,3,pinv,2,0.54583333,16,63300016,seeded_ic_v1,crazyflie_ofat_pinv_fine_v1
2,mass_plus10,mass,1.10,0.54375000,0.55000000,3,pinv,2,0.54583333,17,63300017,seeded_ic_v1,crazyflie_ofat_pinv_fine_v1
2,mass_plus10,mass,1.10,0.54375000,0.55000000,3,pinv,2,0.54583333,18,63300018,seeded_ic_v1,crazyflie_ofat_pinv_fine_v1
2,mass_plus10,mass,1.10,0.54375000,0.55000000,3,pinv,2,0.54583333,19,63300019,seeded_ic_v1,crazyflie_ofat_pinv_fine_v1
2,mass_plus10,mass,1.10,0.54375000,0.55000000,3,pinv,2,0.54583333,20,63300020,seeded_ic_v1,crazyflie_ofat_pinv_fine_v1
2,mass_plus10,mass,1.10,0.54375000,0.55000000,3,pinv,2,0.54583333,21,63300021,seeded_ic_v1,crazyflie_ofat_pinv_fine_v1
2,mass_plus10,mass,1.10,0.54375000,0.55000000,3,pinv,2,0.54583333,22,63300022,seeded_ic_v1,crazyflie_ofat_pinv_fine_v1
2,mass_plus10,mass,1.10,0.54375000,0.55000000,3,pinv,2,0.54583333,23,63300023,seeded_ic_v1,crazyflie_ofat_pinv_fine_v1
2,mass_plus10,mass,1.10,0.54375000,0.55000000,3,pinv,2,0.54583333,24,63300024,seeded_ic_v1,crazyflie_ofat_pinv_fine_v1
2,mass_plus10,mass,1.10,0.54375000,0.55000000,3,pinv,2,0.54583333,25,63300025,seeded_ic_v1,crazyflie_ofat_pinv_fine_v1
2,mass_plus10,mass,1.10,0.54375000,0.55000000,3,pinv,2,0.54583333,26,63300026,seeded_ic_v1,crazyflie_ofat_pinv_fine_v1
2,mass_plus10,mass,1.10,0.54375000,0.55000000,3,pinv,2,0.54583333,27,63300027,seeded_ic_v1,crazyflie_ofat_pinv_fine_v1
2,mass_plus10,mass,1.10,0.54375000,0.55000000,3,pinv,2,0.54583333,28,63300028,seeded_ic_v1,crazyflie_ofat_pinv_fine_v1
2,mass_plus10,mass,1.10,0.54375000,0.55000000,3,pinv,2,0.54583333,29,63300029,seeded_ic_v1,crazyflie_ofat_pinv_fine_v1
2,mass_plus10,mass,1.10,0.54375000,0.55000000,3,pinv,2,0.54583333,30,63300030,seeded_ic_v1,crazyflie_ofat_pinv_fine_v1
2,mass_plus10,mass,1.10,0.54375000,0.55000000,4,pinv,2,0.54687500,1,63300001,seeded_ic_v1,crazyflie_ofat_pinv_fine_v1
2,mass_plus10,mass,1.10,0.54375000,0.55000000,4,pinv,2,0.54687500,2,63300002,seeded_ic_v1,crazyflie_ofat_pinv_fine_v1
2,mass_plus10,mass,1.10,0.54375000,0.55000000,4,pinv,2,0.54687500,3,63300003,seeded_ic_v1,crazyflie_ofat_pinv_fine_v1
2,mass_plus10,mass,1.10,0.54375000,0.55000000,4,pinv,2,0.54687500,4,63300004,seeded_ic_v1,crazyflie_ofat_pinv_fine_v1
2,mass_plus10,mass,1.10,0.54375000,0.55000000,4,pinv,2,0.54687500,5,63300005,seeded_ic_v1,crazyflie_ofat_pinv_fine_v1
2,mass_plus10,mass,1.10,0.54375000,0.55000000,4,pinv,2,0.54687500,6,63300006,seeded_ic_v1,crazyflie_ofat_pinv_fine_v1
2,mass_plus10,mass,1.10,0.54375000,0.55000000,4,pinv,2,0.54687500,7,63300007,seeded_ic_v1,crazyflie_ofat_pinv_fine_v1
2,mass_plus10,mass,1.10,0.54375000,0.55000000,4,pinv,2,0.54687500,8,63300008,seeded_ic_v1,crazyflie_ofat_pinv_fine_v1
2,mass_plus10,mass,1.10,0.54375000,0.55000000,4,pinv,2,0.54687500,9,63300009,seeded_ic_v1,crazyflie_ofat_pinv_fine_v1
2,mass_plus10,mass,1.10,0.54375000,0.55000000,4,pinv,2,0.54687500,10,63300010,seeded_ic_v1,crazyflie_ofat_pinv_fine_v1
2,mass_plus10,mass,1.10,0.54375000,0.55000000,4,pinv,2,0.54687500,11,63300011,seeded_ic_v1,crazyflie_ofat_pinv_fine_v1
2,mass_plus10,mass,1.10,0.54375000,0.55000000,4,pinv,2,0.54687500,12,63300012,seeded_ic_v1,crazyflie_ofat_pinv_fine_v1
2,mass_plus10,mass,1.10,0.54375000,0.55000000,4,pinv,2,0.54687500,13,63300013,seeded_ic_v1,crazyflie_ofat_pinv_fine_v1
2,mass_plus10,mass,1.10,0.54375000,0.55000000,4,pinv,2,0.54687500,14,63300014,seeded_ic_v1,crazyflie_ofat_pinv_fine_v1
2,mass_plus10,mass,1.10,0.54375000,0.55000000,4,pinv,2,0.54687500,15,63300015,seeded_ic_v1,crazyflie_ofat_pinv_fine_v1
2,mass_plus10,mass,1.10,0.54375000,0.55000000,4,pinv,2,0.54687500,16,63300016,seeded_ic_v1,crazyflie_ofat_pinv_fine_v1
2,mass_plus10,mass,1.10,0.54375000,0.55000000,4,pinv,2,0.54687500,17,63300017,seeded_ic_v1,crazyflie_ofat_pinv_fine_v1
2,mass_plus10,mass,1.10,0.54375000,0.55000000,4,pinv,2,0.54687500,18,63300018,seeded_ic_v1,crazyflie_ofat_pinv_fine_v1
2,mass_plus10,mass,1.10,0.54375000,0.55000000,4,pinv,2,0.54687500,19,63300019,seeded_ic_v1,crazyflie_ofat_pinv_fine_v1
2,mass_plus10,mass,1.10,0.54375000,0.55000000,4,pinv,2,0.54687500,20,63300020,seeded_ic_v1,crazyflie_ofat_pinv_fine_v1
2,mass_plus10,mass,1.10,0.54375000,0.55000000,4,pinv,2,0.54687500,21,63300021,seeded_ic_v1,crazyflie_ofat_pinv_fine_v1
2,mass_plus10,mass,1.10,0.54375000,0.55000000,4,pinv,2,0.54687500,22,63300022,seeded_ic_v1,crazyflie_ofat_pinv_fine_v1
2,mass_plus10,mass,1.10,0.54375000,0.55000000,4,pinv,2,0.54687500,23,63300023,seeded_ic_v1,crazyflie_ofat_pinv_fine_v1
2,mass_plus10,mass,1.10,0.54375000,0.55000000,4,pinv,2,0.54687500,24,63300024,seeded_ic_v1,crazyflie_ofat_pinv_fine_v1
2,mass_plus10,mass,1.10,0.54375000,0.55000000,4,pinv,2,0.54687500,25,63300025,seeded_ic_v1,crazyflie_ofat_pinv_fine_v1
2,mass_plus10,mass,1.10,0.54375000,0.55000000,4,pinv,2,0.54687500,26,63300026,seeded_ic_v1,crazyflie_ofat_pinv_fine_v1
2,mass_plus10,mass,1.10,0.54375000,0.55000000,4,pinv,2,0.54687500,27,63300027,seeded_ic_v1,crazyflie_ofat_pinv_fine_v1
2,mass_plus10,mass,1.10,0.54375000,0.55000000,4,pinv,2,0.54687500,28,63300028,seeded_ic_v1,crazyflie_ofat_pinv_fine_v1
2,mass_plus10,mass,1.10,0.54375000,0.55000000,4,pinv,2,0.54687500,29,63300029,seeded_ic_v1,crazyflie_ofat_pinv_fine_v1
2,mass_plus10,mass,1.10,0.54375000,0.55000000,4,pinv,2,0.54687500,30,63300030,seeded_ic_v1,crazyflie_ofat_pinv_fine_v1
2,mass_plus10,mass,1.10,0.54375000,0.55000000,5,pinv,2,0.54791667,1,63300001,seeded_ic_v1,crazyflie_ofat_pinv_fine_v1
2,mass_plus10,mass,1.10,0.54375000,0.55000000,5,pinv,2,0.54791667,2,63300002,seeded_ic_v1,crazyflie_ofat_pinv_fine_v1
2,mass_plus10,mass,1.10,0.54375000,0.55000000,5,pinv,2,0.54791667,3,63300003,seeded_ic_v1,crazyflie_ofat_pinv_fine_v1
2,mass_plus10,mass,1.10,0.54375000,0.55000000,5,pinv,2,0.54791667,4,63300004,seeded_ic_v1,crazyflie_ofat_pinv_fine_v1
2,mass_plus10,mass,1.10,0.54375000,0.55000000,5,pinv,2,0.54791667,5,63300005,seeded_ic_v1,crazyflie_ofat_pinv_fine_v1
2,mass_plus10,mass,1.10,0.54375000,0.55000000,5,pinv,2,0.54791667,6,63300006,seeded_ic_v1,crazyflie_ofat_pinv_fine_v1
2,mass_plus10,mass,1.10,0.54375000,0.55000000,5,pinv,2,0.54791667,7,63300007,seeded_ic_v1,crazyflie_ofat_pinv_fine_v1
2,mass_plus10,mass,1.10,0.54375000,0.55000000,5,pinv,2,0.54791667,8,63300008,seeded_ic_v1,crazyflie_ofat_pinv_fine_v1
2,mass_plus10,mass,1.10,0.54375000,0.55000000,5,pinv,2,0.54791667,9,63300009,seeded_ic_v1,crazyflie_ofat_pinv_fine_v1
2,mass_plus10,mass,1.10,0.54375000,0.55000000,5,pinv,2,0.54791667,10,63300010,seeded_ic_v1,crazyflie_ofat_pinv_fine_v1
2,mass_plus10,mass,1.10,0.54375000,0.55000000,5,pinv,2,0.54791667,11,63300011,seeded_ic_v1,crazyflie_ofat_pinv_fine_v1
2,mass_plus10,mass,1.10,0.54375000,0.55000000,5,pinv,2,0.54791667,12,63300012,seeded_ic_v1,crazyflie_ofat_pinv_fine_v1
2,mass_plus10,mass,1.10,0.54375000,0.55000000,5,pinv,2,0.54791667,13,63300013,seeded_ic_v1,crazyflie_ofat_pinv_fine_v1
2,mass_plus10,mass,1.10,0.54375000,0.55000000,5,pinv,2,0.54791667,14,63300014,seeded_ic_v1,crazyflie_ofat_pinv_fine_v1
2,mass_plus10,mass,1.10,0.54375000,0.55000000,5,pinv,2,0.54791667,15,63300015,seeded_ic_v1,crazyflie_ofat_pinv_fine_v1
2,mass_plus10,mass,1.10,0.54375000,0.55000000,5,pinv,2,0.54791667,16,63300016,seeded_ic_v1,crazyflie_ofat_pinv_fine_v1
2,mass_plus10,mass,1.10,0.54375000,0.55000000,5,pinv,2,0.54791667,17,63300017,seeded_ic_v1,crazyflie_ofat_pinv_fine_v1
2,mass_plus10,mass,1.10,0.54375000,0.55000000,5,pinv,2,0.54791667,18,63300018,seeded_ic_v1,crazyflie_ofat_pinv_fine_v1
2,mass_plus10,mass,1.10,0.54375000,0.55000000,5,pinv,2,0.54791667,19,63300019,seeded_ic_v1,crazyflie_ofat_pinv_fine_v1
2,mass_plus10,mass,1.10,0.54375000,0.55000000,5,pinv,2,0.54791667,20,63300020,seeded_ic_v1,crazyflie_ofat_pinv_fine_v1
2,mass_plus10,mass,1.10,0.54375000,0.55000000,5,pinv,2,0.54791667,21,63300021,seeded_ic_v1,crazyflie_ofat_pinv_fine_v1
2,mass_plus10,mass,1.10,0.54375000,0.55000000,5,pinv,2,0.54791667,22,63300022,seeded_ic_v1,crazyflie_ofat_pinv_fine_v1
2,mass_plus10,mass,1.10,0.54375000,0.55000000,5,pinv,2,0.54791667,23,63300023,seeded_ic_v1,crazyflie_ofat_pinv_fine_v1
2,mass_plus10,mass,1.10,0.54375000,0.55000000,5,pinv,2,0.54791667,24,63300024,seeded_ic_v1,crazyflie_ofat_pinv_fine_v1
2,mass_plus10,mass,1.10,0.54375000,0.55000000,5,pinv,2,0.54791667,25,63300025,seeded_ic_v1,crazyflie_ofat_pinv_fine_v1
2,mass_plus10,mass,1.10,0.54375000,0.55000000,5,pinv,2,0.54791667,26,63300026,seeded_ic_v1,crazyflie_ofat_pinv_fine_v1
2,mass_plus10,mass,1.10,0.54375000,0.55000000,5,pinv,2,0.54791667,27,63300027,seeded_ic_v1,crazyflie_ofat_pinv_fine_v1
2,mass_plus10,mass,1.10,0.54375000,0.55000000,5,pinv,2,0.54791667,28,63300028,seeded_ic_v1,crazyflie_ofat_pinv_fine_v1
2,mass_plus10,mass,1.10,0.54375000,0.55000000,5,pinv,2,0.54791667,29,63300029,seeded_ic_v1,crazyflie_ofat_pinv_fine_v1
2,mass_plus10,mass,1.10,0.54375000,0.55000000,5,pinv,2,0.54791667,30,63300030,seeded_ic_v1,crazyflie_ofat_pinv_fine_v1
2,mass_plus10,mass,1.10,0.54375000,0.55000000,6,pinv,2,0.54895833,1,63300001,seeded_ic_v1,crazyflie_ofat_pinv_fine_v1
2,mass_plus10,mass,1.10,0.54375000,0.55000000,6,pinv,2,0.54895833,2,63300002,seeded_ic_v1,crazyflie_ofat_pinv_fine_v1
2,mass_plus10,mass,1.10,0.54375000,0.55000000,6,pinv,2,0.54895833,3,63300003,seeded_ic_v1,crazyflie_ofat_pinv_fine_v1
2,mass_plus10,mass,1.10,0.54375000,0.55000000,6,pinv,2,0.54895833,4,63300004,seeded_ic_v1,crazyflie_ofat_pinv_fine_v1
2,mass_plus10,mass,1.10,0.54375000,0.55000000,6,pinv,2,0.54895833,5,63300005,seeded_ic_v1,crazyflie_ofat_pinv_fine_v1
2,mass_plus10,mass,1.10,0.54375000,0.55000000,6,pinv,2,0.54895833,6,63300006,seeded_ic_v1,crazyflie_ofat_pinv_fine_v1
2,mass_plus10,mass,1.10,0.54375000,0.55000000,6,pinv,2,0.54895833,7,63300007,seeded_ic_v1,crazyflie_ofat_pinv_fine_v1
2,mass_plus10,mass,1.10,0.54375000,0.55000000,6,pinv,2,0.54895833,8,63300008,seeded_ic_v1,crazyflie_ofat_pinv_fine_v1
2,mass_plus10,mass,1.10,0.54375000,0.55000000,6,pinv,2,0.54895833,9,63300009,seeded_ic_v1,crazyflie_ofat_pinv_fine_v1
2,mass_plus10,mass,1.10,0.54375000,0.55000000,6,pinv,2,0.54895833,10,63300010,seeded_ic_v1,crazyflie_ofat_pinv_fine_v1
2,mass_plus10,mass,1.10,0.54375000,0.55000000,6,pinv,2,0.54895833,11,63300011,seeded_ic_v1,crazyflie_ofat_pinv_fine_v1
2,mass_plus10,mass,1.10,0.54375000,0.55000000,6,pinv,2,0.54895833,12,63300012,seeded_ic_v1,crazyflie_ofat_pinv_fine_v1
2,mass_plus10,mass,1.10,0.54375000,0.55000000,6,pinv,2,0.54895833,13,63300013,seeded_ic_v1,crazyflie_ofat_pinv_fine_v1
2,mass_plus10,mass,1.10,0.54375000,0.55000000,6,pinv,2,0.54895833,14,63300014,seeded_ic_v1,crazyflie_ofat_pinv_fine_v1
2,mass_plus10,mass,1.10,0.54375000,0.55000000,6,pinv,2,0.54895833,15,63300015,seeded_ic_v1,crazyflie_ofat_pinv_fine_v1
2,mass_plus10,mass,1.10,0.54375000,0.55000000,6,pinv,2,0.54895833,16,63300016,seeded_ic_v1,crazyflie_ofat_pinv_fine_v1
2,mass_plus10,mass,1.10,0.54375000,0.55000000,6,pinv,2,0.54895833,17,63300017,seeded_ic_v1,crazyflie_ofat_pinv_fine_v1
2,mass_plus10,mass,1.10,0.54375000,0.55000000,6,pinv,2,0.54895833,18,63300018,seeded_ic_v1,crazyflie_ofat_pinv_fine_v1
2,mass_plus10,mass,1.10,0.54375000,0.55000000,6,pinv,2,0.54895833,19,63300019,seeded_ic_v1,crazyflie_ofat_pinv_fine_v1
2,mass_plus10,mass,1.10,0.54375000,0.55000000,6,pinv,2,0.54895833,20,63300020,seeded_ic_v1,crazyflie_ofat_pinv_fine_v1
2,mass_plus10,mass,1.10,0.54375000,0.55000000,6,pinv,2,0.54895833,21,63300021,seeded_ic_v1,crazyflie_ofat_pinv_fine_v1
2,mass_plus10,mass,1.10,0.54375000,0.55000000,6,pinv,2,0.54895833,22,63300022,seeded_ic_v1,crazyflie_ofat_pinv_fine_v1
2,mass_plus10,mass,1.10,0.54375000,0.55000000,6,pinv,2,0.54895833,23,63300023,seeded_ic_v1,crazyflie_ofat_pinv_fine_v1
2,mass_plus10,mass,1.10,0.54375000,0.55000000,6,pinv,2,0.54895833,24,63300024,seeded_ic_v1,crazyflie_ofat_pinv_fine_v1
2,mass_plus10,mass,1.10,0.54375000,0.55000000,6,pinv,2,0.54895833,25,63300025,seeded_ic_v1,crazyflie_ofat_pinv_fine_v1
2,mass_plus10,mass,1.10,0.54375000,0.55000000,6,pinv,2,0.54895833,26,63300026,seeded_ic_v1,crazyflie_ofat_pinv_fine_v1
2,mass_plus10,mass,1.10,0.54375000,0.55000000,6,pinv,2,0.54895833,27,63300027,seeded_ic_v1,crazyflie_ofat_pinv_fine_v1
2,mass_plus10,mass,1.10,0.54375000,0.55000000,6,pinv,2,0.54895833,28,63300028,seeded_ic_v1,crazyflie_ofat_pinv_fine_v1
2,mass_plus10,mass,1.10,0.54375000,0.55000000,6,pinv,2,0.54895833,29,63300029,seeded_ic_v1,crazyflie_ofat_pinv_fine_v1
2,mass_plus10,mass,1.10,0.54375000,0.55000000,6,pinv,2,0.54895833,30,63300030,seeded_ic_v1,crazyflie_ofat_pinv_fine_v1
2,mass_plus10,mass,1.10,0.54375000,0.55000000,7,pinv,2,0.55000000,1,63300001,seeded_ic_v1,crazyflie_ofat_pinv_fine_v1
2,mass_plus10,mass,1.10,0.54375000,0.55000000,7,pinv,2,0.55000000,2,63300002,seeded_ic_v1,crazyflie_ofat_pinv_fine_v1
2,mass_plus10,mass,1.10,0.54375000,0.55000000,7,pinv,2,0.55000000,3,63300003,seeded_ic_v1,crazyflie_ofat_pinv_fine_v1
2,mass_plus10,mass,1.10,0.54375000,0.55000000,7,pinv,2,0.55000000,4,63300004,seeded_ic_v1,crazyflie_ofat_pinv_fine_v1
2,mass_plus10,mass,1.10,0.54375000,0.55000000,7,pinv,2,0.55000000,5,63300005,seeded_ic_v1,crazyflie_ofat_pinv_fine_v1
2,mass_plus10,mass,1.10,0.54375000,0.55000000,7,pinv,2,0.55000000,6,63300006,seeded_ic_v1,crazyflie_ofat_pinv_fine_v1
2,mass_plus10,mass,1.10,0.54375000,0.55000000,7,pinv,2,0.55000000,7,63300007,seeded_ic_v1,crazyflie_ofat_pinv_fine_v1
2,mass_plus10,mass,1.10,0.54375000,0.55000000,7,pinv,2,0.55000000,8,63300008,seeded_ic_v1,crazyflie_ofat_pinv_fine_v1
2,mass_plus10,mass,1.10,0.54375000,0.55000000,7,pinv,2,0.55000000,9,63300009,seeded_ic_v1,crazyflie_ofat_pinv_fine_v1
2,mass_plus10,mass,1.10,0.54375000,0.55000000,7,pinv,2,0.55000000,10,63300010,seeded_ic_v1,crazyflie_ofat_pinv_fine_v1
2,mass_plus10,mass,1.10,0.54375000,0.55000000,7,pinv,2,0.55000000,11,63300011,seeded_ic_v1,crazyflie_ofat_pinv_fine_v1
2,mass_plus10,mass,1.10,0.54375000,0.55000000,7,pinv,2,0.55000000,12,63300012,seeded_ic_v1,crazyflie_ofat_pinv_fine_v1
2,mass_plus10,mass,1.10,0.54375000,0.55000000,7,pinv,2,0.55000000,13,63300013,seeded_ic_v1,crazyflie_ofat_pinv_fine_v1
2,mass_plus10,mass,1.10,0.54375000,0.55000000,7,pinv,2,0.55000000,14,63300014,seeded_ic_v1,crazyflie_ofat_pinv_fine_v1
2,mass_plus10,mass,1.10,0.54375000,0.55000000,7,pinv,2,0.55000000,15,63300015,seeded_ic_v1,crazyflie_ofat_pinv_fine_v1
2,mass_plus10,mass,1.10,0.54375000,0.55000000,7,pinv,2,0.55000000,16,63300016,seeded_ic_v1,crazyflie_ofat_pinv_fine_v1
2,mass_plus10,mass,1.10,0.54375000,0.55000000,7,pinv,2,0.55000000,17,63300017,seeded_ic_v1,crazyflie_ofat_pinv_fine_v1
2,mass_plus10,mass,1.10,0.54375000,0.55000000,7,pinv,2,0.55000000,18,63300018,seeded_ic_v1,crazyflie_ofat_pinv_fine_v1
2,mass_plus10,mass,1.10,0.54375000,0.55000000,7,pinv,2,0.55000000,19,63300019,seeded_ic_v1,crazyflie_ofat_pinv_fine_v1
2,mass_plus10,mass,1.10,0.54375000,0.55000000,7,pinv,2,0.55000000,20,63300020,seeded_ic_v1,crazyflie_ofat_pinv_fine_v1
2,mass_plus10,mass,1.10,0.54375000,0.55000000,7,pinv,2,0.55000000,21,63300021,seeded_ic_v1,crazyflie_ofat_pinv_fine_v1
2,mass_plus10,mass,1.10,0.54375000,0.55000000,7,pinv,2,0.55000000,22,63300022,seeded_ic_v1,crazyflie_ofat_pinv_fine_v1
2,mass_plus10,mass,1.10,0.54375000,0.55000000,7,pinv,2,0.55000000,23,63300023,seeded_ic_v1,crazyflie_ofat_pinv_fine_v1
2,mass_plus10,mass,1.10,0.54375000,0.55000000,7,pinv,2,0.55000000,24,63300024,seeded_ic_v1,crazyflie_ofat_pinv_fine_v1
2,mass_plus10,mass,1.10,0.54375000,0.55000000,7,pinv,2,0.55000000,25,63300025,seeded_ic_v1,crazyflie_ofat_pinv_fine_v1
2,mass_plus10,mass,1.10,0.54375000,0.55000000,7,pinv,2,0.55000000,26,63300026,seeded_ic_v1,crazyflie_ofat_pinv_fine_v1
2,mass_plus10,mass,1.10,0.54375000,0.55000000,7,pinv,2,0.55000000,27,63300027,seeded_ic_v1,crazyflie_ofat_pinv_fine_v1
2,mass_plus10,mass,1.10,0.54375000,0.55000000,7,pinv,2,0.55000000,28,63300028,seeded_ic_v1,crazyflie_ofat_pinv_fine_v1
2,mass_plus10,mass,1.10,0.54375000,0.55000000,7,pinv,2,0.55000000,29,63300029,seeded_ic_v1,crazyflie_ofat_pinv_fine_v1
2,mass_plus10,mass,1.10,0.54375000,0.55000000,7,pinv,2,0.55000000,30,63300030,seeded_ic_v1,crazyflie_ofat_pinv_fine_v1
3,thrust_coefficient_minus10,thrust_coefficient,0.90,0.55000000,0.55625000,1,pinv,2,0.55000000,1,63300001,seeded_ic_v1,crazyflie_ofat_pinv_fine_v1
3,thrust_coefficient_minus10,thrust_coefficient,0.90,0.55000000,0.55625000,1,pinv,2,0.55000000,2,63300002,seeded_ic_v1,crazyflie_ofat_pinv_fine_v1
3,thrust_coefficient_minus10,thrust_coefficient,0.90,0.55000000,0.55625000,1,pinv,2,0.55000000,3,63300003,seeded_ic_v1,crazyflie_ofat_pinv_fine_v1
3,thrust_coefficient_minus10,thrust_coefficient,0.90,0.55000000,0.55625000,1,pinv,2,0.55000000,4,63300004,seeded_ic_v1,crazyflie_ofat_pinv_fine_v1
3,thrust_coefficient_minus10,thrust_coefficient,0.90,0.55000000,0.55625000,1,pinv,2,0.55000000,5,63300005,seeded_ic_v1,crazyflie_ofat_pinv_fine_v1
3,thrust_coefficient_minus10,thrust_coefficient,0.90,0.55000000,0.55625000,1,pinv,2,0.55000000,6,63300006,seeded_ic_v1,crazyflie_ofat_pinv_fine_v1
3,thrust_coefficient_minus10,thrust_coefficient,0.90,0.55000000,0.55625000,1,pinv,2,0.55000000,7,63300007,seeded_ic_v1,crazyflie_ofat_pinv_fine_v1
3,thrust_coefficient_minus10,thrust_coefficient,0.90,0.55000000,0.55625000,1,pinv,2,0.55000000,8,63300008,seeded_ic_v1,crazyflie_ofat_pinv_fine_v1
3,thrust_coefficient_minus10,thrust_coefficient,0.90,0.55000000,0.55625000,1,pinv,2,0.55000000,9,63300009,seeded_ic_v1,crazyflie_ofat_pinv_fine_v1
3,thrust_coefficient_minus10,thrust_coefficient,0.90,0.55000000,0.55625000,1,pinv,2,0.55000000,10,63300010,seeded_ic_v1,crazyflie_ofat_pinv_fine_v1
3,thrust_coefficient_minus10,thrust_coefficient,0.90,0.55000000,0.55625000,1,pinv,2,0.55000000,11,63300011,seeded_ic_v1,crazyflie_ofat_pinv_fine_v1
3,thrust_coefficient_minus10,thrust_coefficient,0.90,0.55000000,0.55625000,1,pinv,2,0.55000000,12,63300012,seeded_ic_v1,crazyflie_ofat_pinv_fine_v1
3,thrust_coefficient_minus10,thrust_coefficient,0.90,0.55000000,0.55625000,1,pinv,2,0.55000000,13,63300013,seeded_ic_v1,crazyflie_ofat_pinv_fine_v1
3,thrust_coefficient_minus10,thrust_coefficient,0.90,0.55000000,0.55625000,1,pinv,2,0.55000000,14,63300014,seeded_ic_v1,crazyflie_ofat_pinv_fine_v1
3,thrust_coefficient_minus10,thrust_coefficient,0.90,0.55000000,0.55625000,1,pinv,2,0.55000000,15,63300015,seeded_ic_v1,crazyflie_ofat_pinv_fine_v1
3,thrust_coefficient_minus10,thrust_coefficient,0.90,0.55000000,0.55625000,1,pinv,2,0.55000000,16,63300016,seeded_ic_v1,crazyflie_ofat_pinv_fine_v1
3,thrust_coefficient_minus10,thrust_coefficient,0.90,0.55000000,0.55625000,1,pinv,2,0.55000000,17,63300017,seeded_ic_v1,crazyflie_ofat_pinv_fine_v1
3,thrust_coefficient_minus10,thrust_coefficient,0.90,0.55000000,0.55625000,1,pinv,2,0.55000000,18,63300018,seeded_ic_v1,crazyflie_ofat_pinv_fine_v1
3,thrust_coefficient_minus10,thrust_coefficient,0.90,0.55000000,0.55625000,1,pinv,2,0.55000000,19,63300019,seeded_ic_v1,crazyflie_ofat_pinv_fine_v1
3,thrust_coefficient_minus10,thrust_coefficient,0.90,0.55000000,0.55625000,1,pinv,2,0.55000000,20,63300020,seeded_ic_v1,crazyflie_ofat_pinv_fine_v1
3,thrust_coefficient_minus10,thrust_coefficient,0.90,0.55000000,0.55625000,1,pinv,2,0.55000000,21,63300021,seeded_ic_v1,crazyflie_ofat_pinv_fine_v1
3,thrust_coefficient_minus10,thrust_coefficient,0.90,0.55000000,0.55625000,1,pinv,2,0.55000000,22,63300022,seeded_ic_v1,crazyflie_ofat_pinv_fine_v1
3,thrust_coefficient_minus10,thrust_coefficient,0.90,0.55000000,0.55625000,1,pinv,2,0.55000000,23,63300023,seeded_ic_v1,crazyflie_ofat_pinv_fine_v1
3,thrust_coefficient_minus10,thrust_coefficient,0.90,0.55000000,0.55625000,1,pinv,2,0.55000000,24,63300024,seeded_ic_v1,crazyflie_ofat_pinv_fine_v1
3,thrust_coefficient_minus10,thrust_coefficient,0.90,0.55000000,0.55625000,1,pinv,2,0.55000000,25,63300025,seeded_ic_v1,crazyflie_ofat_pinv_fine_v1
3,thrust_coefficient_minus10,thrust_coefficient,0.90,0.55000000,0.55625000,1,pinv,2,0.55000000,26,63300026,seeded_ic_v1,crazyflie_ofat_pinv_fine_v1
3,thrust_coefficient_minus10,thrust_coefficient,0.90,0.55000000,0.55625000,1,pinv,2,0.55000000,27,63300027,seeded_ic_v1,crazyflie_ofat_pinv_fine_v1
3,thrust_coefficient_minus10,thrust_coefficient,0.90,0.55000000,0.55625000,1,pinv,2,0.55000000,28,63300028,seeded_ic_v1,crazyflie_ofat_pinv_fine_v1
3,thrust_coefficient_minus10,thrust_coefficient,0.90,0.55000000,0.55625000,1,pinv,2,0.55000000,29,63300029,seeded_ic_v1,crazyflie_ofat_pinv_fine_v1
3,thrust_coefficient_minus10,thrust_coefficient,0.90,0.55000000,0.55625000,1,pinv,2,0.55000000,30,63300030,seeded_ic_v1,crazyflie_ofat_pinv_fine_v1
3,thrust_coefficient_minus10,thrust_coefficient,0.90,0.55000000,0.55625000,2,pinv,2,0.55104167,1,63300001,seeded_ic_v1,crazyflie_ofat_pinv_fine_v1
3,thrust_coefficient_minus10,thrust_coefficient,0.90,0.55000000,0.55625000,2,pinv,2,0.55104167,2,63300002,seeded_ic_v1,crazyflie_ofat_pinv_fine_v1
3,thrust_coefficient_minus10,thrust_coefficient,0.90,0.55000000,0.55625000,2,pinv,2,0.55104167,3,63300003,seeded_ic_v1,crazyflie_ofat_pinv_fine_v1
3,thrust_coefficient_minus10,thrust_coefficient,0.90,0.55000000,0.55625000,2,pinv,2,0.55104167,4,63300004,seeded_ic_v1,crazyflie_ofat_pinv_fine_v1
3,thrust_coefficient_minus10,thrust_coefficient,0.90,0.55000000,0.55625000,2,pinv,2,0.55104167,5,63300005,seeded_ic_v1,crazyflie_ofat_pinv_fine_v1
3,thrust_coefficient_minus10,thrust_coefficient,0.90,0.55000000,0.55625000,2,pinv,2,0.55104167,6,63300006,seeded_ic_v1,crazyflie_ofat_pinv_fine_v1
3,thrust_coefficient_minus10,thrust_coefficient,0.90,0.55000000,0.55625000,2,pinv,2,0.55104167,7,63300007,seeded_ic_v1,crazyflie_ofat_pinv_fine_v1
3,thrust_coefficient_minus10,thrust_coefficient,0.90,0.55000000,0.55625000,2,pinv,2,0.55104167,8,63300008,seeded_ic_v1,crazyflie_ofat_pinv_fine_v1
3,thrust_coefficient_minus10,thrust_coefficient,0.90,0.55000000,0.55625000,2,pinv,2,0.55104167,9,63300009,seeded_ic_v1,crazyflie_ofat_pinv_fine_v1
3,thrust_coefficient_minus10,thrust_coefficient,0.90,0.55000000,0.55625000,2,pinv,2,0.55104167,10,63300010,seeded_ic_v1,crazyflie_ofat_pinv_fine_v1
3,thrust_coefficient_minus10,thrust_coefficient,0.90,0.55000000,0.55625000,2,pinv,2,0.55104167,11,63300011,seeded_ic_v1,crazyflie_ofat_pinv_fine_v1
3,thrust_coefficient_minus10,thrust_coefficient,0.90,0.55000000,0.55625000,2,pinv,2,0.55104167,12,63300012,seeded_ic_v1,crazyflie_ofat_pinv_fine_v1
3,thrust_coefficient_minus10,thrust_coefficient,0.90,0.55000000,0.55625000,2,pinv,2,0.55104167,13,63300013,seeded_ic_v1,crazyflie_ofat_pinv_fine_v1
3,thrust_coefficient_minus10,thrust_coefficient,0.90,0.55000000,0.55625000,2,pinv,2,0.55104167,14,63300014,seeded_ic_v1,crazyflie_ofat_pinv_fine_v1
3,thrust_coefficient_minus10,thrust_coefficient,0.90,0.55000000,0.55625000,2,pinv,2,0.55104167,15,63300015,seeded_ic_v1,crazyflie_ofat_pinv_fine_v1
3,thrust_coefficient_minus10,thrust_coefficient,0.90,0.55000000,0.55625000,2,pinv,2,0.55104167,16,63300016,seeded_ic_v1,crazyflie_ofat_pinv_fine_v1
3,thrust_coefficient_minus10,thrust_coefficient,0.90,0.55000000,0.55625000,2,pinv,2,0.55104167,17,63300017,seeded_ic_v1,crazyflie_ofat_pinv_fine_v1
3,thrust_coefficient_minus10,thrust_coefficient,0.90,0.55000000,0.55625000,2,pinv,2,0.55104167,18,63300018,seeded_ic_v1,crazyflie_ofat_pinv_fine_v1
3,thrust_coefficient_minus10,thrust_coefficient,0.90,0.55000000,0.55625000,2,pinv,2,0.55104167,19,63300019,seeded_ic_v1,crazyflie_ofat_pinv_fine_v1
3,thrust_coefficient_minus10,thrust_coefficient,0.90,0.55000000,0.55625000,2,pinv,2,0.55104167,20,63300020,seeded_ic_v1,crazyflie_ofat_pinv_fine_v1
3,thrust_coefficient_minus10,thrust_coefficient,0.90,0.55000000,0.55625000,2,pinv,2,0.55104167,21,63300021,seeded_ic_v1,crazyflie_ofat_pinv_fine_v1
3,thrust_coefficient_minus10,thrust_coefficient,0.90,0.55000000,0.55625000,2,pinv,2,0.55104167,22,63300022,seeded_ic_v1,crazyflie_ofat_pinv_fine_v1
3,thrust_coefficient_minus10,thrust_coefficient,0.90,0.55000000,0.55625000,2,pinv,2,0.55104167,23,63300023,seeded_ic_v1,crazyflie_ofat_pinv_fine_v1
3,thrust_coefficient_minus10,thrust_coefficient,0.90,0.55000000,0.55625000,2,pinv,2,0.55104167,24,63300024,seeded_ic_v1,crazyflie_ofat_pinv_fine_v1
3,thrust_coefficient_minus10,thrust_coefficient,0.90,0.55000000,0.55625000,2,pinv,2,0.55104167,25,63300025,seeded_ic_v1,crazyflie_ofat_pinv_fine_v1
3,thrust_coefficient_minus10,thrust_coefficient,0.90,0.55000000,0.55625000,2,pinv,2,0.55104167,26,63300026,seeded_ic_v1,crazyflie_ofat_pinv_fine_v1
3,thrust_coefficient_minus10,thrust_coefficient,0.90,0.55000000,0.55625000,2,pinv,2,0.55104167,27,63300027,seeded_ic_v1,crazyflie_ofat_pinv_fine_v1
3,thrust_coefficient_minus10,thrust_coefficient,0.90,0.55000000,0.55625000,2,pinv,2,0.55104167,28,63300028,seeded_ic_v1,crazyflie_ofat_pinv_fine_v1
3,thrust_coefficient_minus10,thrust_coefficient,0.90,0.55000000,0.55625000,2,pinv,2,0.55104167,29,63300029,seeded_ic_v1,crazyflie_ofat_pinv_fine_v1
3,thrust_coefficient_minus10,thrust_coefficient,0.90,0.55000000,0.55625000,2,pinv,2,0.55104167,30,63300030,seeded_ic_v1,crazyflie_ofat_pinv_fine_v1
3,thrust_coefficient_minus10,thrust_coefficient,0.90,0.55000000,0.55625000,3,pinv,2,0.55208333,1,63300001,seeded_ic_v1,crazyflie_ofat_pinv_fine_v1
3,thrust_coefficient_minus10,thrust_coefficient,0.90,0.55000000,0.55625000,3,pinv,2,0.55208333,2,63300002,seeded_ic_v1,crazyflie_ofat_pinv_fine_v1
3,thrust_coefficient_minus10,thrust_coefficient,0.90,0.55000000,0.55625000,3,pinv,2,0.55208333,3,63300003,seeded_ic_v1,crazyflie_ofat_pinv_fine_v1
3,thrust_coefficient_minus10,thrust_coefficient,0.90,0.55000000,0.55625000,3,pinv,2,0.55208333,4,63300004,seeded_ic_v1,crazyflie_ofat_pinv_fine_v1
3,thrust_coefficient_minus10,thrust_coefficient,0.90,0.55000000,0.55625000,3,pinv,2,0.55208333,5,63300005,seeded_ic_v1,crazyflie_ofat_pinv_fine_v1
3,thrust_coefficient_minus10,thrust_coefficient,0.90,0.55000000,0.55625000,3,pinv,2,0.55208333,6,63300006,seeded_ic_v1,crazyflie_ofat_pinv_fine_v1
3,thrust_coefficient_minus10,thrust_coefficient,0.90,0.55000000,0.55625000,3,pinv,2,0.55208333,7,63300007,seeded_ic_v1,crazyflie_ofat_pinv_fine_v1
3,thrust_coefficient_minus10,thrust_coefficient,0.90,0.55000000,0.55625000,3,pinv,2,0.55208333,8,63300008,seeded_ic_v1,crazyflie_ofat_pinv_fine_v1
3,thrust_coefficient_minus10,thrust_coefficient,0.90,0.55000000,0.55625000,3,pinv,2,0.55208333,9,63300009,seeded_ic_v1,crazyflie_ofat_pinv_fine_v1
3,thrust_coefficient_minus10,thrust_coefficient,0.90,0.55000000,0.55625000,3,pinv,2,0.55208333,10,63300010,seeded_ic_v1,crazyflie_ofat_pinv_fine_v1
3,thrust_coefficient_minus10,thrust_coefficient,0.90,0.55000000,0.55625000,3,pinv,2,0.55208333,11,63300011,seeded_ic_v1,crazyflie_ofat_pinv_fine_v1
3,thrust_coefficient_minus10,thrust_coefficient,0.90,0.55000000,0.55625000,3,pinv,2,0.55208333,12,63300012,seeded_ic_v1,crazyflie_ofat_pinv_fine_v1
3,thrust_coefficient_minus10,thrust_coefficient,0.90,0.55000000,0.55625000,3,pinv,2,0.55208333,13,63300013,seeded_ic_v1,crazyflie_ofat_pinv_fine_v1
3,thrust_coefficient_minus10,thrust_coefficient,0.90,0.55000000,0.55625000,3,pinv,2,0.55208333,14,63300014,seeded_ic_v1,crazyflie_ofat_pinv_fine_v1
3,thrust_coefficient_minus10,thrust_coefficient,0.90,0.55000000,0.55625000,3,pinv,2,0.55208333,15,63300015,seeded_ic_v1,crazyflie_ofat_pinv_fine_v1
3,thrust_coefficient_minus10,thrust_coefficient,0.90,0.55000000,0.55625000,3,pinv,2,0.55208333,16,63300016,seeded_ic_v1,crazyflie_ofat_pinv_fine_v1
3,thrust_coefficient_minus10,thrust_coefficient,0.90,0.55000000,0.55625000,3,pinv,2,0.55208333,17,63300017,seeded_ic_v1,crazyflie_ofat_pinv_fine_v1
3,thrust_coefficient_minus10,thrust_coefficient,0.90,0.55000000,0.55625000,3,pinv,2,0.55208333,18,63300018,seeded_ic_v1,crazyflie_ofat_pinv_fine_v1
3,thrust_coefficient_minus10,thrust_coefficient,0.90,0.55000000,0.55625000,3,pinv,2,0.55208333,19,63300019,seeded_ic_v1,crazyflie_ofat_pinv_fine_v1
3,thrust_coefficient_minus10,thrust_coefficient,0.90,0.55000000,0.55625000,3,pinv,2,0.55208333,20,63300020,seeded_ic_v1,crazyflie_ofat_pinv_fine_v1
3,thrust_coefficient_minus10,thrust_coefficient,0.90,0.55000000,0.55625000,3,pinv,2,0.55208333,21,63300021,seeded_ic_v1,crazyflie_ofat_pinv_fine_v1
3,thrust_coefficient_minus10,thrust_coefficient,0.90,0.55000000,0.55625000,3,pinv,2,0.55208333,22,63300022,seeded_ic_v1,crazyflie_ofat_pinv_fine_v1
3,thrust_coefficient_minus10,thrust_coefficient,0.90,0.55000000,0.55625000,3,pinv,2,0.55208333,23,63300023,seeded_ic_v1,crazyflie_ofat_pinv_fine_v1
3,thrust_coefficient_minus10,thrust_coefficient,0.90,0.55000000,0.55625000,3,pinv,2,0.55208333,24,63300024,seeded_ic_v1,crazyflie_ofat_pinv_fine_v1
3,thrust_coefficient_minus10,thrust_coefficient,0.90,0.55000000,0.55625000,3,pinv,2,0.55208333,25,63300025,seeded_ic_v1,crazyflie_ofat_pinv_fine_v1
3,thrust_coefficient_minus10,thrust_coefficient,0.90,0.55000000,0.55625000,3,pinv,2,0.55208333,26,63300026,seeded_ic_v1,crazyflie_ofat_pinv_fine_v1
3,thrust_coefficient_minus10,thrust_coefficient,0.90,0.55000000,0.55625000,3,pinv,2,0.55208333,27,63300027,seeded_ic_v1,crazyflie_ofat_pinv_fine_v1
3,thrust_coefficient_minus10,thrust_coefficient,0.90,0.55000000,0.55625000,3,pinv,2,0.55208333,28,63300028,seeded_ic_v1,crazyflie_ofat_pinv_fine_v1
3,thrust_coefficient_minus10,thrust_coefficient,0.90,0.55000000,0.55625000,3,pinv,2,0.55208333,29,63300029,seeded_ic_v1,crazyflie_ofat_pinv_fine_v1
3,thrust_coefficient_minus10,thrust_coefficient,0.90,0.55000000,0.55625000,3,pinv,2,0.55208333,30,63300030,seeded_ic_v1,crazyflie_ofat_pinv_fine_v1
3,thrust_coefficient_minus10,thrust_coefficient,0.90,0.55000000,0.55625000,4,pinv,2,0.55312500,1,63300001,seeded_ic_v1,crazyflie_ofat_pinv_fine_v1
3,thrust_coefficient_minus10,thrust_coefficient,0.90,0.55000000,0.55625000,4,pinv,2,0.55312500,2,63300002,seeded_ic_v1,crazyflie_ofat_pinv_fine_v1
3,thrust_coefficient_minus10,thrust_coefficient,0.90,0.55000000,0.55625000,4,pinv,2,0.55312500,3,63300003,seeded_ic_v1,crazyflie_ofat_pinv_fine_v1
3,thrust_coefficient_minus10,thrust_coefficient,0.90,0.55000000,0.55625000,4,pinv,2,0.55312500,4,63300004,seeded_ic_v1,crazyflie_ofat_pinv_fine_v1
3,thrust_coefficient_minus10,thrust_coefficient,0.90,0.55000000,0.55625000,4,pinv,2,0.55312500,5,63300005,seeded_ic_v1,crazyflie_ofat_pinv_fine_v1
3,thrust_coefficient_minus10,thrust_coefficient,0.90,0.55000000,0.55625000,4,pinv,2,0.55312500,6,63300006,seeded_ic_v1,crazyflie_ofat_pinv_fine_v1
3,thrust_coefficient_minus10,thrust_coefficient,0.90,0.55000000,0.55625000,4,pinv,2,0.55312500,7,63300007,seeded_ic_v1,crazyflie_ofat_pinv_fine_v1
3,thrust_coefficient_minus10,thrust_coefficient,0.90,0.55000000,0.55625000,4,pinv,2,0.55312500,8,63300008,seeded_ic_v1,crazyflie_ofat_pinv_fine_v1
3,thrust_coefficient_minus10,thrust_coefficient,0.90,0.55000000,0.55625000,4,pinv,2,0.55312500,9,63300009,seeded_ic_v1,crazyflie_ofat_pinv_fine_v1
3,thrust_coefficient_minus10,thrust_coefficient,0.90,0.55000000,0.55625000,4,pinv,2,0.55312500,10,63300010,seeded_ic_v1,crazyflie_ofat_pinv_fine_v1
3,thrust_coefficient_minus10,thrust_coefficient,0.90,0.55000000,0.55625000,4,pinv,2,0.55312500,11,63300011,seeded_ic_v1,crazyflie_ofat_pinv_fine_v1
3,thrust_coefficient_minus10,thrust_coefficient,0.90,0.55000000,0.55625000,4,pinv,2,0.55312500,12,63300012,seeded_ic_v1,crazyflie_ofat_pinv_fine_v1
3,thrust_coefficient_minus10,thrust_coefficient,0.90,0.55000000,0.55625000,4,pinv,2,0.55312500,13,63300013,seeded_ic_v1,crazyflie_ofat_pinv_fine_v1
3,thrust_coefficient_minus10,thrust_coefficient,0.90,0.55000000,0.55625000,4,pinv,2,0.55312500,14,63300014,seeded_ic_v1,crazyflie_ofat_pinv_fine_v1
3,thrust_coefficient_minus10,thrust_coefficient,0.90,0.55000000,0.55625000,4,pinv,2,0.55312500,15,63300015,seeded_ic_v1,crazyflie_ofat_pinv_fine_v1
3,thrust_coefficient_minus10,thrust_coefficient,0.90,0.55000000,0.55625000,4,pinv,2,0.55312500,16,63300016,seeded_ic_v1,crazyflie_ofat_pinv_fine_v1
3,thrust_coefficient_minus10,thrust_coefficient,0.90,0.55000000,0.55625000,4,pinv,2,0.55312500,17,63300017,seeded_ic_v1,crazyflie_ofat_pinv_fine_v1
3,thrust_coefficient_minus10,thrust_coefficient,0.90,0.55000000,0.55625000,4,pinv,2,0.55312500,18,63300018,seeded_ic_v1,crazyflie_ofat_pinv_fine_v1
3,thrust_coefficient_minus10,thrust_coefficient,0.90,0.55000000,0.55625000,4,pinv,2,0.55312500,19,63300019,seeded_ic_v1,crazyflie_ofat_pinv_fine_v1
3,thrust_coefficient_minus10,thrust_coefficient,0.90,0.55000000,0.55625000,4,pinv,2,0.55312500,20,63300020,seeded_ic_v1,crazyflie_ofat_pinv_fine_v1
3,thrust_coefficient_minus10,thrust_coefficient,0.90,0.55000000,0.55625000,4,pinv,2,0.55312500,21,63300021,seeded_ic_v1,crazyflie_ofat_pinv_fine_v1
3,thrust_coefficient_minus10,thrust_coefficient,0.90,0.55000000,0.55625000,4,pinv,2,0.55312500,22,63300022,seeded_ic_v1,crazyflie_ofat_pinv_fine_v1
3,thrust_coefficient_minus10,thrust_coefficient,0.90,0.55000000,0.55625000,4,pinv,2,0.55312500,23,63300023,seeded_ic_v1,crazyflie_ofat_pinv_fine_v1
3,thrust_coefficient_minus10,thrust_coefficient,0.90,0.55000000,0.55625000,4,pinv,2,0.55312500,24,63300024,seeded_ic_v1,crazyflie_ofat_pinv_fine_v1
3,thrust_coefficient_minus10,thrust_coefficient,0.90,0.55000000,0.55625000,4,pinv,2,0.55312500,25,63300025,seeded_ic_v1,crazyflie_ofat_pinv_fine_v1
3,thrust_coefficient_minus10,thrust_coefficient,0.90,0.55000000,0.55625000,4,pinv,2,0.55312500,26,63300026,seeded_ic_v1,crazyflie_ofat_pinv_fine_v1
3,thrust_coefficient_minus10,thrust_coefficient,0.90,0.55000000,0.55625000,4,pinv,2,0.55312500,27,63300027,seeded_ic_v1,crazyflie_ofat_pinv_fine_v1
3,thrust_coefficient_minus10,thrust_coefficient,0.90,0.55000000,0.55625000,4,pinv,2,0.55312500,28,63300028,seeded_ic_v1,crazyflie_ofat_pinv_fine_v1
3,thrust_coefficient_minus10,thrust_coefficient,0.90,0.55000000,0.55625000,4,pinv,2,0.55312500,29,63300029,seeded_ic_v1,crazyflie_ofat_pinv_fine_v1
3,thrust_coefficient_minus10,thrust_coefficient,0.90,0.55000000,0.55625000,4,pinv,2,0.55312500,30,63300030,seeded_ic_v1,crazyflie_ofat_pinv_fine_v1
3,thrust_coefficient_minus10,thrust_coefficient,0.90,0.55000000,0.55625000,5,pinv,2,0.55416667,1,63300001,seeded_ic_v1,crazyflie_ofat_pinv_fine_v1
3,thrust_coefficient_minus10,thrust_coefficient,0.90,0.55000000,0.55625000,5,pinv,2,0.55416667,2,63300002,seeded_ic_v1,crazyflie_ofat_pinv_fine_v1
3,thrust_coefficient_minus10,thrust_coefficient,0.90,0.55000000,0.55625000,5,pinv,2,0.55416667,3,63300003,seeded_ic_v1,crazyflie_ofat_pinv_fine_v1
3,thrust_coefficient_minus10,thrust_coefficient,0.90,0.55000000,0.55625000,5,pinv,2,0.55416667,4,63300004,seeded_ic_v1,crazyflie_ofat_pinv_fine_v1
3,thrust_coefficient_minus10,thrust_coefficient,0.90,0.55000000,0.55625000,5,pinv,2,0.55416667,5,63300005,seeded_ic_v1,crazyflie_ofat_pinv_fine_v1
3,thrust_coefficient_minus10,thrust_coefficient,0.90,0.55000000,0.55625000,5,pinv,2,0.55416667,6,63300006,seeded_ic_v1,crazyflie_ofat_pinv_fine_v1
3,thrust_coefficient_minus10,thrust_coefficient,0.90,0.55000000,0.55625000,5,pinv,2,0.55416667,7,63300007,seeded_ic_v1,crazyflie_ofat_pinv_fine_v1
3,thrust_coefficient_minus10,thrust_coefficient,0.90,0.55000000,0.55625000,5,pinv,2,0.55416667,8,63300008,seeded_ic_v1,crazyflie_ofat_pinv_fine_v1
3,thrust_coefficient_minus10,thrust_coefficient,0.90,0.55000000,0.55625000,5,pinv,2,0.55416667,9,63300009,seeded_ic_v1,crazyflie_ofat_pinv_fine_v1
3,thrust_coefficient_minus10,thrust_coefficient,0.90,0.55000000,0.55625000,5,pinv,2,0.55416667,10,63300010,seeded_ic_v1,crazyflie_ofat_pinv_fine_v1
3,thrust_coefficient_minus10,thrust_coefficient,0.90,0.55000000,0.55625000,5,pinv,2,0.55416667,11,63300011,seeded_ic_v1,crazyflie_ofat_pinv_fine_v1
3,thrust_coefficient_minus10,thrust_coefficient,0.90,0.55000000,0.55625000,5,pinv,2,0.55416667,12,63300012,seeded_ic_v1,crazyflie_ofat_pinv_fine_v1
3,thrust_coefficient_minus10,thrust_coefficient,0.90,0.55000000,0.55625000,5,pinv,2,0.55416667,13,63300013,seeded_ic_v1,crazyflie_ofat_pinv_fine_v1
3,thrust_coefficient_minus10,thrust_coefficient,0.90,0.55000000,0.55625000,5,pinv,2,0.55416667,14,63300014,seeded_ic_v1,crazyflie_ofat_pinv_fine_v1
3,thrust_coefficient_minus10,thrust_coefficient,0.90,0.55000000,0.55625000,5,pinv,2,0.55416667,15,63300015,seeded_ic_v1,crazyflie_ofat_pinv_fine_v1
3,thrust_coefficient_minus10,thrust_coefficient,0.90,0.55000000,0.55625000,5,pinv,2,0.55416667,16,63300016,seeded_ic_v1,crazyflie_ofat_pinv_fine_v1
3,thrust_coefficient_minus10,thrust_coefficient,0.90,0.55000000,0.55625000,5,pinv,2,0.55416667,17,63300017,seeded_ic_v1,crazyflie_ofat_pinv_fine_v1
3,thrust_coefficient_minus10,thrust_coefficient,0.90,0.55000000,0.55625000,5,pinv,2,0.55416667,18,63300018,seeded_ic_v1,crazyflie_ofat_pinv_fine_v1
3,thrust_coefficient_minus10,thrust_coefficient,0.90,0.55000000,0.55625000,5,pinv,2,0.55416667,19,63300019,seeded_ic_v1,crazyflie_ofat_pinv_fine_v1
3,thrust_coefficient_minus10,thrust_coefficient,0.90,0.55000000,0.55625000,5,pinv,2,0.55416667,20,63300020,seeded_ic_v1,crazyflie_ofat_pinv_fine_v1
3,thrust_coefficient_minus10,thrust_coefficient,0.90,0.55000000,0.55625000,5,pinv,2,0.55416667,21,63300021,seeded_ic_v1,crazyflie_ofat_pinv_fine_v1
3,thrust_coefficient_minus10,thrust_coefficient,0.90,0.55000000,0.55625000,5,pinv,2,0.55416667,22,63300022,seeded_ic_v1,crazyflie_ofat_pinv_fine_v1
3,thrust_coefficient_minus10,thrust_coefficient,0.90,0.55000000,0.55625000,5,pinv,2,0.55416667,23,63300023,seeded_ic_v1,crazyflie_ofat_pinv_fine_v1
3,thrust_coefficient_minus10,thrust_coefficient,0.90,0.55000000,0.55625000,5,pinv,2,0.55416667,24,63300024,seeded_ic_v1,crazyflie_ofat_pinv_fine_v1
3,thrust_coefficient_minus10,thrust_coefficient,0.90,0.55000000,0.55625000,5,pinv,2,0.55416667,25,63300025,seeded_ic_v1,crazyflie_ofat_pinv_fine_v1
3,thrust_coefficient_minus10,thrust_coefficient,0.90,0.55000000,0.55625000,5,pinv,2,0.55416667,26,63300026,seeded_ic_v1,crazyflie_ofat_pinv_fine_v1
3,thrust_coefficient_minus10,thrust_coefficient,0.90,0.55000000,0.55625000,5,pinv,2,0.55416667,27,63300027,seeded_ic_v1,crazyflie_ofat_pinv_fine_v1
3,thrust_coefficient_minus10,thrust_coefficient,0.90,0.55000000,0.55625000,5,pinv,2,0.55416667,28,63300028,seeded_ic_v1,crazyflie_ofat_pinv_fine_v1
3,thrust_coefficient_minus10,thrust_coefficient,0.90,0.55000000,0.55625000,5,pinv,2,0.55416667,29,63300029,seeded_ic_v1,crazyflie_ofat_pinv_fine_v1
3,thrust_coefficient_minus10,thrust_coefficient,0.90,0.55000000,0.55625000,5,pinv,2,0.55416667,30,63300030,seeded_ic_v1,crazyflie_ofat_pinv_fine_v1
3,thrust_coefficient_minus10,thrust_coefficient,0.90,0.55000000,0.55625000,6,pinv,2,0.55520833,1,63300001,seeded_ic_v1,crazyflie_ofat_pinv_fine_v1
3,thrust_coefficient_minus10,thrust_coefficient,0.90,0.55000000,0.55625000,6,pinv,2,0.55520833,2,63300002,seeded_ic_v1,crazyflie_ofat_pinv_fine_v1
3,thrust_coefficient_minus10,thrust_coefficient,0.90,0.55000000,0.55625000,6,pinv,2,0.55520833,3,63300003,seeded_ic_v1,crazyflie_ofat_pinv_fine_v1
3,thrust_coefficient_minus10,thrust_coefficient,0.90,0.55000000,0.55625000,6,pinv,2,0.55520833,4,63300004,seeded_ic_v1,crazyflie_ofat_pinv_fine_v1
3,thrust_coefficient_minus10,thrust_coefficient,0.90,0.55000000,0.55625000,6,pinv,2,0.55520833,5,63300005,seeded_ic_v1,crazyflie_ofat_pinv_fine_v1
3,thrust_coefficient_minus10,thrust_coefficient,0.90,0.55000000,0.55625000,6,pinv,2,0.55520833,6,63300006,seeded_ic_v1,crazyflie_ofat_pinv_fine_v1
3,thrust_coefficient_minus10,thrust_coefficient,0.90,0.55000000,0.55625000,6,pinv,2,0.55520833,7,63300007,seeded_ic_v1,crazyflie_ofat_pinv_fine_v1
3,thrust_coefficient_minus10,thrust_coefficient,0.90,0.55000000,0.55625000,6,pinv,2,0.55520833,8,63300008,seeded_ic_v1,crazyflie_ofat_pinv_fine_v1
3,thrust_coefficient_minus10,thrust_coefficient,0.90,0.55000000,0.55625000,6,pinv,2,0.55520833,9,63300009,seeded_ic_v1,crazyflie_ofat_pinv_fine_v1
3,thrust_coefficient_minus10,thrust_coefficient,0.90,0.55000000,0.55625000,6,pinv,2,0.55520833,10,63300010,seeded_ic_v1,crazyflie_ofat_pinv_fine_v1
3,thrust_coefficient_minus10,thrust_coefficient,0.90,0.55000000,0.55625000,6,pinv,2,0.55520833,11,63300011,seeded_ic_v1,crazyflie_ofat_pinv_fine_v1
3,thrust_coefficient_minus10,thrust_coefficient,0.90,0.55000000,0.55625000,6,pinv,2,0.55520833,12,63300012,seeded_ic_v1,crazyflie_ofat_pinv_fine_v1
3,thrust_coefficient_minus10,thrust_coefficient,0.90,0.55000000,0.55625000,6,pinv,2,0.55520833,13,63300013,seeded_ic_v1,crazyflie_ofat_pinv_fine_v1
3,thrust_coefficient_minus10,thrust_coefficient,0.90,0.55000000,0.55625000,6,pinv,2,0.55520833,14,63300014,seeded_ic_v1,crazyflie_ofat_pinv_fine_v1
3,thrust_coefficient_minus10,thrust_coefficient,0.90,0.55000000,0.55625000,6,pinv,2,0.55520833,15,63300015,seeded_ic_v1,crazyflie_ofat_pinv_fine_v1
3,thrust_coefficient_minus10,thrust_coefficient,0.90,0.55000000,0.55625000,6,pinv,2,0.55520833,16,63300016,seeded_ic_v1,crazyflie_ofat_pinv_fine_v1
3,thrust_coefficient_minus10,thrust_coefficient,0.90,0.55000000,0.55625000,6,pinv,2,0.55520833,17,63300017,seeded_ic_v1,crazyflie_ofat_pinv_fine_v1
3,thrust_coefficient_minus10,thrust_coefficient,0.90,0.55000000,0.55625000,6,pinv,2,0.55520833,18,63300018,seeded_ic_v1,crazyflie_ofat_pinv_fine_v1
3,thrust_coefficient_minus10,thrust_coefficient,0.90,0.55000000,0.55625000,6,pinv,2,0.55520833,19,63300019,seeded_ic_v1,crazyflie_ofat_pinv_fine_v1
3,thrust_coefficient_minus10,thrust_coefficient,0.90,0.55000000,0.55625000,6,pinv,2,0.55520833,20,63300020,seeded_ic_v1,crazyflie_ofat_pinv_fine_v1
3,thrust_coefficient_minus10,thrust_coefficient,0.90,0.55000000,0.55625000,6,pinv,2,0.55520833,21,63300021,seeded_ic_v1,crazyflie_ofat_pinv_fine_v1
3,thrust_coefficient_minus10,thrust_coefficient,0.90,0.55000000,0.55625000,6,pinv,2,0.55520833,22,63300022,seeded_ic_v1,crazyflie_ofat_pinv_fine_v1
3,thrust_coefficient_minus10,thrust_coefficient,0.90,0.55000000,0.55625000,6,pinv,2,0.55520833,23,63300023,seeded_ic_v1,crazyflie_ofat_pinv_fine_v1
3,thrust_coefficient_minus10,thrust_coefficient,0.90,0.55000000,0.55625000,6,pinv,2,0.55520833,24,63300024,seeded_ic_v1,crazyflie_ofat_pinv_fine_v1
3,thrust_coefficient_minus10,thrust_coefficient,0.90,0.55000000,0.55625000,6,pinv,2,0.55520833,25,63300025,seeded_ic_v1,crazyflie_ofat_pinv_fine_v1
3,thrust_coefficient_minus10,thrust_coefficient,0.90,0.55000000,0.55625000,6,pinv,2,0.55520833,26,63300026,seeded_ic_v1,crazyflie_ofat_pinv_fine_v1
3,thrust_coefficient_minus10,thrust_coefficient,0.90,0.55000000,0.55625000,6,pinv,2,0.55520833,27,63300027,seeded_ic_v1,crazyflie_ofat_pinv_fine_v1
3,thrust_coefficient_minus10,thrust_coefficient,0.90,0.55000000,0.55625000,6,pinv,2,0.55520833,28,63300028,seeded_ic_v1,crazyflie_ofat_pinv_fine_v1
3,thrust_coefficient_minus10,thrust_coefficient,0.90,0.55000000,0.55625000,6,pinv,2,0.55520833,29,63300029,seeded_ic_v1,crazyflie_ofat_pinv_fine_v1
3,thrust_coefficient_minus10,thrust_coefficient,0.90,0.55000000,0.55625000,6,pinv,2,0.55520833,30,63300030,seeded_ic_v1,crazyflie_ofat_pinv_fine_v1
3,thrust_coefficient_minus10,thrust_coefficient,0.90,0.55000000,0.55625000,7,pinv,2,0.55625000,1,63300001,seeded_ic_v1,crazyflie_ofat_pinv_fine_v1
3,thrust_coefficient_minus10,thrust_coefficient,0.90,0.55000000,0.55625000,7,pinv,2,0.55625000,2,63300002,seeded_ic_v1,crazyflie_ofat_pinv_fine_v1
3,thrust_coefficient_minus10,thrust_coefficient,0.90,0.55000000,0.55625000,7,pinv,2,0.55625000,3,63300003,seeded_ic_v1,crazyflie_ofat_pinv_fine_v1
3,thrust_coefficient_minus10,thrust_coefficient,0.90,0.55000000,0.55625000,7,pinv,2,0.55625000,4,63300004,seeded_ic_v1,crazyflie_ofat_pinv_fine_v1
3,thrust_coefficient_minus10,thrust_coefficient,0.90,0.55000000,0.55625000,7,pinv,2,0.55625000,5,63300005,seeded_ic_v1,crazyflie_ofat_pinv_fine_v1
3,thrust_coefficient_minus10,thrust_coefficient,0.90,0.55000000,0.55625000,7,pinv,2,0.55625000,6,63300006,seeded_ic_v1,crazyflie_ofat_pinv_fine_v1
3,thrust_coefficient_minus10,thrust_coefficient,0.90,0.55000000,0.55625000,7,pinv,2,0.55625000,7,63300007,seeded_ic_v1,crazyflie_ofat_pinv_fine_v1
3,thrust_coefficient_minus10,thrust_coefficient,0.90,0.55000000,0.55625000,7,pinv,2,0.55625000,8,63300008,seeded_ic_v1,crazyflie_ofat_pinv_fine_v1
3,thrust_coefficient_minus10,thrust_coefficient,0.90,0.55000000,0.55625000,7,pinv,2,0.55625000,9,63300009,seeded_ic_v1,crazyflie_ofat_pinv_fine_v1
3,thrust_coefficient_minus10,thrust_coefficient,0.90,0.55000000,0.55625000,7,pinv,2,0.55625000,10,63300010,seeded_ic_v1,crazyflie_ofat_pinv_fine_v1
3,thrust_coefficient_minus10,thrust_coefficient,0.90,0.55000000,0.55625000,7,pinv,2,0.55625000,11,63300011,seeded_ic_v1,crazyflie_ofat_pinv_fine_v1
3,thrust_coefficient_minus10,thrust_coefficient,0.90,0.55000000,0.55625000,7,pinv,2,0.55625000,12,63300012,seeded_ic_v1,crazyflie_ofat_pinv_fine_v1
3,thrust_coefficient_minus10,thrust_coefficient,0.90,0.55000000,0.55625000,7,pinv,2,0.55625000,13,63300013,seeded_ic_v1,crazyflie_ofat_pinv_fine_v1
3,thrust_coefficient_minus10,thrust_coefficient,0.90,0.55000000,0.55625000,7,pinv,2,0.55625000,14,63300014,seeded_ic_v1,crazyflie_ofat_pinv_fine_v1
3,thrust_coefficient_minus10,thrust_coefficient,0.90,0.55000000,0.55625000,7,pinv,2,0.55625000,15,63300015,seeded_ic_v1,crazyflie_ofat_pinv_fine_v1
3,thrust_coefficient_minus10,thrust_coefficient,0.90,0.55000000,0.55625000,7,pinv,2,0.55625000,16,63300016,seeded_ic_v1,crazyflie_ofat_pinv_fine_v1
3,thrust_coefficient_minus10,thrust_coefficient,0.90,0.55000000,0.55625000,7,pinv,2,0.55625000,17,63300017,seeded_ic_v1,crazyflie_ofat_pinv_fine_v1
3,thrust_coefficient_minus10,thrust_coefficient,0.90,0.55000000,0.55625000,7,pinv,2,0.55625000,18,63300018,seeded_ic_v1,crazyflie_ofat_pinv_fine_v1
3,thrust_coefficient_minus10,thrust_coefficient,0.90,0.55000000,0.55625000,7,pinv,2,0.55625000,19,63300019,seeded_ic_v1,crazyflie_ofat_pinv_fine_v1
3,thrust_coefficient_minus10,thrust_coefficient,0.90,0.55000000,0.55625000,7,pinv,2,0.55625000,20,63300020,seeded_ic_v1,crazyflie_ofat_pinv_fine_v1
3,thrust_coefficient_minus10,thrust_coefficient,0.90,0.55000000,0.55625000,7,pinv,2,0.55625000,21,63300021,seeded_ic_v1,crazyflie_ofat_pinv_fine_v1
3,thrust_coefficient_minus10,thrust_coefficient,0.90,0.55000000,0.55625000,7,pinv,2,0.55625000,22,63300022,seeded_ic_v1,crazyflie_ofat_pinv_fine_v1
3,thrust_coefficient_minus10,thrust_coefficient,0.90,0.55000000,0.55625000,7,pinv,2,0.55625000,23,63300023,seeded_ic_v1,crazyflie_ofat_pinv_fine_v1
3,thrust_coefficient_minus10,thrust_coefficient,0.90,0.55000000,0.55625000,7,pinv,2,0.55625000,24,63300024,seeded_ic_v1,crazyflie_ofat_pinv_fine_v1
3,thrust_coefficient_minus10,thrust_coefficient,0.90,0.55000000,0.55625000,7,pinv,2,0.55625000,25,63300025,seeded_ic_v1,crazyflie_ofat_pinv_fine_v1
3,thrust_coefficient_minus10,thrust_coefficient,0.90,0.55000000,0.55625000,7,pinv,2,0.55625000,26,63300026,seeded_ic_v1,crazyflie_ofat_pinv_fine_v1
3,thrust_coefficient_minus10,thrust_coefficient,0.90,0.55000000,0.55625000,7,pinv,2,0.55625000,27,63300027,seeded_ic_v1,crazyflie_ofat_pinv_fine_v1
3,thrust_coefficient_minus10,thrust_coefficient,0.90,0.55000000,0.55625000,7,pinv,2,0.55625000,28,63300028,seeded_ic_v1,crazyflie_ofat_pinv_fine_v1
3,thrust_coefficient_minus10,thrust_coefficient,0.90,0.55000000,0.55625000,7,pinv,2,0.55625000,29,63300029,seeded_ic_v1,crazyflie_ofat_pinv_fine_v1
3,thrust_coefficient_minus10,thrust_coefficient,0.90,0.55000000,0.55625000,7,pinv,2,0.55625000,30,63300030,seeded_ic_v1,crazyflie_ofat_pinv_fine_v1
4,thrust_coefficient_plus10,thrust_coefficient,1.10,0.45000000,0.45625000,1,pinv,2,0.45000000,1,63300001,seeded_ic_v1,crazyflie_ofat_pinv_fine_v1
4,thrust_coefficient_plus10,thrust_coefficient,1.10,0.45000000,0.45625000,1,pinv,2,0.45000000,2,63300002,seeded_ic_v1,crazyflie_ofat_pinv_fine_v1
4,thrust_coefficient_plus10,thrust_coefficient,1.10,0.45000000,0.45625000,1,pinv,2,0.45000000,3,63300003,seeded_ic_v1,crazyflie_ofat_pinv_fine_v1
4,thrust_coefficient_plus10,thrust_coefficient,1.10,0.45000000,0.45625000,1,pinv,2,0.45000000,4,63300004,seeded_ic_v1,crazyflie_ofat_pinv_fine_v1
4,thrust_coefficient_plus10,thrust_coefficient,1.10,0.45000000,0.45625000,1,pinv,2,0.45000000,5,63300005,seeded_ic_v1,crazyflie_ofat_pinv_fine_v1
4,thrust_coefficient_plus10,thrust_coefficient,1.10,0.45000000,0.45625000,1,pinv,2,0.45000000,6,63300006,seeded_ic_v1,crazyflie_ofat_pinv_fine_v1
4,thrust_coefficient_plus10,thrust_coefficient,1.10,0.45000000,0.45625000,1,pinv,2,0.45000000,7,63300007,seeded_ic_v1,crazyflie_ofat_pinv_fine_v1
4,thrust_coefficient_plus10,thrust_coefficient,1.10,0.45000000,0.45625000,1,pinv,2,0.45000000,8,63300008,seeded_ic_v1,crazyflie_ofat_pinv_fine_v1
4,thrust_coefficient_plus10,thrust_coefficient,1.10,0.45000000,0.45625000,1,pinv,2,0.45000000,9,63300009,seeded_ic_v1,crazyflie_ofat_pinv_fine_v1
4,thrust_coefficient_plus10,thrust_coefficient,1.10,0.45000000,0.45625000,1,pinv,2,0.45000000,10,63300010,seeded_ic_v1,crazyflie_ofat_pinv_fine_v1
4,thrust_coefficient_plus10,thrust_coefficient,1.10,0.45000000,0.45625000,1,pinv,2,0.45000000,11,63300011,seeded_ic_v1,crazyflie_ofat_pinv_fine_v1
4,thrust_coefficient_plus10,thrust_coefficient,1.10,0.45000000,0.45625000,1,pinv,2,0.45000000,12,63300012,seeded_ic_v1,crazyflie_ofat_pinv_fine_v1
4,thrust_coefficient_plus10,thrust_coefficient,1.10,0.45000000,0.45625000,1,pinv,2,0.45000000,13,63300013,seeded_ic_v1,crazyflie_ofat_pinv_fine_v1
4,thrust_coefficient_plus10,thrust_coefficient,1.10,0.45000000,0.45625000,1,pinv,2,0.45000000,14,63300014,seeded_ic_v1,crazyflie_ofat_pinv_fine_v1
4,thrust_coefficient_plus10,thrust_coefficient,1.10,0.45000000,0.45625000,1,pinv,2,0.45000000,15,63300015,seeded_ic_v1,crazyflie_ofat_pinv_fine_v1
4,thrust_coefficient_plus10,thrust_coefficient,1.10,0.45000000,0.45625000,1,pinv,2,0.45000000,16,63300016,seeded_ic_v1,crazyflie_ofat_pinv_fine_v1
4,thrust_coefficient_plus10,thrust_coefficient,1.10,0.45000000,0.45625000,1,pinv,2,0.45000000,17,63300017,seeded_ic_v1,crazyflie_ofat_pinv_fine_v1
4,thrust_coefficient_plus10,thrust_coefficient,1.10,0.45000000,0.45625000,1,pinv,2,0.45000000,18,63300018,seeded_ic_v1,crazyflie_ofat_pinv_fine_v1
4,thrust_coefficient_plus10,thrust_coefficient,1.10,0.45000000,0.45625000,1,pinv,2,0.45000000,19,63300019,seeded_ic_v1,crazyflie_ofat_pinv_fine_v1
4,thrust_coefficient_plus10,thrust_coefficient,1.10,0.45000000,0.45625000,1,pinv,2,0.45000000,20,63300020,seeded_ic_v1,crazyflie_ofat_pinv_fine_v1
4,thrust_coefficient_plus10,thrust_coefficient,1.10,0.45000000,0.45625000,1,pinv,2,0.45000000,21,63300021,seeded_ic_v1,crazyflie_ofat_pinv_fine_v1
4,thrust_coefficient_plus10,thrust_coefficient,1.10,0.45000000,0.45625000,1,pinv,2,0.45000000,22,63300022,seeded_ic_v1,crazyflie_ofat_pinv_fine_v1
4,thrust_coefficient_plus10,thrust_coefficient,1.10,0.45000000,0.45625000,1,pinv,2,0.45000000,23,63300023,seeded_ic_v1,crazyflie_ofat_pinv_fine_v1
4,thrust_coefficient_plus10,thrust_coefficient,1.10,0.45000000,0.45625000,1,pinv,2,0.45000000,24,63300024,seeded_ic_v1,crazyflie_ofat_pinv_fine_v1
4,thrust_coefficient_plus10,thrust_coefficient,1.10,0.45000000,0.45625000,1,pinv,2,0.45000000,25,63300025,seeded_ic_v1,crazyflie_ofat_pinv_fine_v1
4,thrust_coefficient_plus10,thrust_coefficient,1.10,0.45000000,0.45625000,1,pinv,2,0.45000000,26,63300026,seeded_ic_v1,crazyflie_ofat_pinv_fine_v1
4,thrust_coefficient_plus10,thrust_coefficient,1.10,0.45000000,0.45625000,1,pinv,2,0.45000000,27,63300027,seeded_ic_v1,crazyflie_ofat_pinv_fine_v1
4,thrust_coefficient_plus10,thrust_coefficient,1.10,0.45000000,0.45625000,1,pinv,2,0.45000000,28,63300028,seeded_ic_v1,crazyflie_ofat_pinv_fine_v1
4,thrust_coefficient_plus10,thrust_coefficient,1.10,0.45000000,0.45625000,1,pinv,2,0.45000000,29,63300029,seeded_ic_v1,crazyflie_ofat_pinv_fine_v1
4,thrust_coefficient_plus10,thrust_coefficient,1.10,0.45000000,0.45625000,1,pinv,2,0.45000000,30,63300030,seeded_ic_v1,crazyflie_ofat_pinv_fine_v1
4,thrust_coefficient_plus10,thrust_coefficient,1.10,0.45000000,0.45625000,2,pinv,2,0.45104167,1,63300001,seeded_ic_v1,crazyflie_ofat_pinv_fine_v1
4,thrust_coefficient_plus10,thrust_coefficient,1.10,0.45000000,0.45625000,2,pinv,2,0.45104167,2,63300002,seeded_ic_v1,crazyflie_ofat_pinv_fine_v1
4,thrust_coefficient_plus10,thrust_coefficient,1.10,0.45000000,0.45625000,2,pinv,2,0.45104167,3,63300003,seeded_ic_v1,crazyflie_ofat_pinv_fine_v1
4,thrust_coefficient_plus10,thrust_coefficient,1.10,0.45000000,0.45625000,2,pinv,2,0.45104167,4,63300004,seeded_ic_v1,crazyflie_ofat_pinv_fine_v1
4,thrust_coefficient_plus10,thrust_coefficient,1.10,0.45000000,0.45625000,2,pinv,2,0.45104167,5,63300005,seeded_ic_v1,crazyflie_ofat_pinv_fine_v1
4,thrust_coefficient_plus10,thrust_coefficient,1.10,0.45000000,0.45625000,2,pinv,2,0.45104167,6,63300006,seeded_ic_v1,crazyflie_ofat_pinv_fine_v1
4,thrust_coefficient_plus10,thrust_coefficient,1.10,0.45000000,0.45625000,2,pinv,2,0.45104167,7,63300007,seeded_ic_v1,crazyflie_ofat_pinv_fine_v1
4,thrust_coefficient_plus10,thrust_coefficient,1.10,0.45000000,0.45625000,2,pinv,2,0.45104167,8,63300008,seeded_ic_v1,crazyflie_ofat_pinv_fine_v1
4,thrust_coefficient_plus10,thrust_coefficient,1.10,0.45000000,0.45625000,2,pinv,2,0.45104167,9,63300009,seeded_ic_v1,crazyflie_ofat_pinv_fine_v1
4,thrust_coefficient_plus10,thrust_coefficient,1.10,0.45000000,0.45625000,2,pinv,2,0.45104167,10,63300010,seeded_ic_v1,crazyflie_ofat_pinv_fine_v1
4,thrust_coefficient_plus10,thrust_coefficient,1.10,0.45000000,0.45625000,2,pinv,2,0.45104167,11,63300011,seeded_ic_v1,crazyflie_ofat_pinv_fine_v1
4,thrust_coefficient_plus10,thrust_coefficient,1.10,0.45000000,0.45625000,2,pinv,2,0.45104167,12,63300012,seeded_ic_v1,crazyflie_ofat_pinv_fine_v1
4,thrust_coefficient_plus10,thrust_coefficient,1.10,0.45000000,0.45625000,2,pinv,2,0.45104167,13,63300013,seeded_ic_v1,crazyflie_ofat_pinv_fine_v1
4,thrust_coefficient_plus10,thrust_coefficient,1.10,0.45000000,0.45625000,2,pinv,2,0.45104167,14,63300014,seeded_ic_v1,crazyflie_ofat_pinv_fine_v1
4,thrust_coefficient_plus10,thrust_coefficient,1.10,0.45000000,0.45625000,2,pinv,2,0.45104167,15,63300015,seeded_ic_v1,crazyflie_ofat_pinv_fine_v1
4,thrust_coefficient_plus10,thrust_coefficient,1.10,0.45000000,0.45625000,2,pinv,2,0.45104167,16,63300016,seeded_ic_v1,crazyflie_ofat_pinv_fine_v1
4,thrust_coefficient_plus10,thrust_coefficient,1.10,0.45000000,0.45625000,2,pinv,2,0.45104167,17,63300017,seeded_ic_v1,crazyflie_ofat_pinv_fine_v1
4,thrust_coefficient_plus10,thrust_coefficient,1.10,0.45000000,0.45625000,2,pinv,2,0.45104167,18,63300018,seeded_ic_v1,crazyflie_ofat_pinv_fine_v1
4,thrust_coefficient_plus10,thrust_coefficient,1.10,0.45000000,0.45625000,2,pinv,2,0.45104167,19,63300019,seeded_ic_v1,crazyflie_ofat_pinv_fine_v1
4,thrust_coefficient_plus10,thrust_coefficient,1.10,0.45000000,0.45625000,2,pinv,2,0.45104167,20,63300020,seeded_ic_v1,crazyflie_ofat_pinv_fine_v1
4,thrust_coefficient_plus10,thrust_coefficient,1.10,0.45000000,0.45625000,2,pinv,2,0.45104167,21,63300021,seeded_ic_v1,crazyflie_ofat_pinv_fine_v1
4,thrust_coefficient_plus10,thrust_coefficient,1.10,0.45000000,0.45625000,2,pinv,2,0.45104167,22,63300022,seeded_ic_v1,crazyflie_ofat_pinv_fine_v1
4,thrust_coefficient_plus10,thrust_coefficient,1.10,0.45000000,0.45625000,2,pinv,2,0.45104167,23,63300023,seeded_ic_v1,crazyflie_ofat_pinv_fine_v1
4,thrust_coefficient_plus10,thrust_coefficient,1.10,0.45000000,0.45625000,2,pinv,2,0.45104167,24,63300024,seeded_ic_v1,crazyflie_ofat_pinv_fine_v1
4,thrust_coefficient_plus10,thrust_coefficient,1.10,0.45000000,0.45625000,2,pinv,2,0.45104167,25,63300025,seeded_ic_v1,crazyflie_ofat_pinv_fine_v1
4,thrust_coefficient_plus10,thrust_coefficient,1.10,0.45000000,0.45625000,2,pinv,2,0.45104167,26,63300026,seeded_ic_v1,crazyflie_ofat_pinv_fine_v1
4,thrust_coefficient_plus10,thrust_coefficient,1.10,0.45000000,0.45625000,2,pinv,2,0.45104167,27,63300027,seeded_ic_v1,crazyflie_ofat_pinv_fine_v1
4,thrust_coefficient_plus10,thrust_coefficient,1.10,0.45000000,0.45625000,2,pinv,2,0.45104167,28,63300028,seeded_ic_v1,crazyflie_ofat_pinv_fine_v1
4,thrust_coefficient_plus10,thrust_coefficient,1.10,0.45000000,0.45625000,2,pinv,2,0.45104167,29,63300029,seeded_ic_v1,crazyflie_ofat_pinv_fine_v1
4,thrust_coefficient_plus10,thrust_coefficient,1.10,0.45000000,0.45625000,2,pinv,2,0.45104167,30,63300030,seeded_ic_v1,crazyflie_ofat_pinv_fine_v1
4,thrust_coefficient_plus10,thrust_coefficient,1.10,0.45000000,0.45625000,3,pinv,2,0.45208333,1,63300001,seeded_ic_v1,crazyflie_ofat_pinv_fine_v1
4,thrust_coefficient_plus10,thrust_coefficient,1.10,0.45000000,0.45625000,3,pinv,2,0.45208333,2,63300002,seeded_ic_v1,crazyflie_ofat_pinv_fine_v1
4,thrust_coefficient_plus10,thrust_coefficient,1.10,0.45000000,0.45625000,3,pinv,2,0.45208333,3,63300003,seeded_ic_v1,crazyflie_ofat_pinv_fine_v1
4,thrust_coefficient_plus10,thrust_coefficient,1.10,0.45000000,0.45625000,3,pinv,2,0.45208333,4,63300004,seeded_ic_v1,crazyflie_ofat_pinv_fine_v1
4,thrust_coefficient_plus10,thrust_coefficient,1.10,0.45000000,0.45625000,3,pinv,2,0.45208333,5,63300005,seeded_ic_v1,crazyflie_ofat_pinv_fine_v1
4,thrust_coefficient_plus10,thrust_coefficient,1.10,0.45000000,0.45625000,3,pinv,2,0.45208333,6,63300006,seeded_ic_v1,crazyflie_ofat_pinv_fine_v1
4,thrust_coefficient_plus10,thrust_coefficient,1.10,0.45000000,0.45625000,3,pinv,2,0.45208333,7,63300007,seeded_ic_v1,crazyflie_ofat_pinv_fine_v1
4,thrust_coefficient_plus10,thrust_coefficient,1.10,0.45000000,0.45625000,3,pinv,2,0.45208333,8,63300008,seeded_ic_v1,crazyflie_ofat_pinv_fine_v1
4,thrust_coefficient_plus10,thrust_coefficient,1.10,0.45000000,0.45625000,3,pinv,2,0.45208333,9,63300009,seeded_ic_v1,crazyflie_ofat_pinv_fine_v1
4,thrust_coefficient_plus10,thrust_coefficient,1.10,0.45000000,0.45625000,3,pinv,2,0.45208333,10,63300010,seeded_ic_v1,crazyflie_ofat_pinv_fine_v1
4,thrust_coefficient_plus10,thrust_coefficient,1.10,0.45000000,0.45625000,3,pinv,2,0.45208333,11,63300011,seeded_ic_v1,crazyflie_ofat_pinv_fine_v1
4,thrust_coefficient_plus10,thrust_coefficient,1.10,0.45000000,0.45625000,3,pinv,2,0.45208333,12,63300012,seeded_ic_v1,crazyflie_ofat_pinv_fine_v1
4,thrust_coefficient_plus10,thrust_coefficient,1.10,0.45000000,0.45625000,3,pinv,2,0.45208333,13,63300013,seeded_ic_v1,crazyflie_ofat_pinv_fine_v1
4,thrust_coefficient_plus10,thrust_coefficient,1.10,0.45000000,0.45625000,3,pinv,2,0.45208333,14,63300014,seeded_ic_v1,crazyflie_ofat_pinv_fine_v1
4,thrust_coefficient_plus10,thrust_coefficient,1.10,0.45000000,0.45625000,3,pinv,2,0.45208333,15,63300015,seeded_ic_v1,crazyflie_ofat_pinv_fine_v1
4,thrust_coefficient_plus10,thrust_coefficient,1.10,0.45000000,0.45625000,3,pinv,2,0.45208333,16,63300016,seeded_ic_v1,crazyflie_ofat_pinv_fine_v1
4,thrust_coefficient_plus10,thrust_coefficient,1.10,0.45000000,0.45625000,3,pinv,2,0.45208333,17,63300017,seeded_ic_v1,crazyflie_ofat_pinv_fine_v1
4,thrust_coefficient_plus10,thrust_coefficient,1.10,0.45000000,0.45625000,3,pinv,2,0.45208333,18,63300018,seeded_ic_v1,crazyflie_ofat_pinv_fine_v1
4,thrust_coefficient_plus10,thrust_coefficient,1.10,0.45000000,0.45625000,3,pinv,2,0.45208333,19,63300019,seeded_ic_v1,crazyflie_ofat_pinv_fine_v1
4,thrust_coefficient_plus10,thrust_coefficient,1.10,0.45000000,0.45625000,3,pinv,2,0.45208333,20,63300020,seeded_ic_v1,crazyflie_ofat_pinv_fine_v1
4,thrust_coefficient_plus10,thrust_coefficient,1.10,0.45000000,0.45625000,3,pinv,2,0.45208333,21,63300021,seeded_ic_v1,crazyflie_ofat_pinv_fine_v1
4,thrust_coefficient_plus10,thrust_coefficient,1.10,0.45000000,0.45625000,3,pinv,2,0.45208333,22,63300022,seeded_ic_v1,crazyflie_ofat_pinv_fine_v1
4,thrust_coefficient_plus10,thrust_coefficient,1.10,0.45000000,0.45625000,3,pinv,2,0.45208333,23,63300023,seeded_ic_v1,crazyflie_ofat_pinv_fine_v1
4,thrust_coefficient_plus10,thrust_coefficient,1.10,0.45000000,0.45625000,3,pinv,2,0.45208333,24,63300024,seeded_ic_v1,crazyflie_ofat_pinv_fine_v1
4,thrust_coefficient_plus10,thrust_coefficient,1.10,0.45000000,0.45625000,3,pinv,2,0.45208333,25,63300025,seeded_ic_v1,crazyflie_ofat_pinv_fine_v1
4,thrust_coefficient_plus10,thrust_coefficient,1.10,0.45000000,0.45625000,3,pinv,2,0.45208333,26,63300026,seeded_ic_v1,crazyflie_ofat_pinv_fine_v1
4,thrust_coefficient_plus10,thrust_coefficient,1.10,0.45000000,0.45625000,3,pinv,2,0.45208333,27,63300027,seeded_ic_v1,crazyflie_ofat_pinv_fine_v1
4,thrust_coefficient_plus10,thrust_coefficient,1.10,0.45000000,0.45625000,3,pinv,2,0.45208333,28,63300028,seeded_ic_v1,crazyflie_ofat_pinv_fine_v1
4,thrust_coefficient_plus10,thrust_coefficient,1.10,0.45000000,0.45625000,3,pinv,2,0.45208333,29,63300029,seeded_ic_v1,crazyflie_ofat_pinv_fine_v1
4,thrust_coefficient_plus10,thrust_coefficient,1.10,0.45000000,0.45625000,3,pinv,2,0.45208333,30,63300030,seeded_ic_v1,crazyflie_ofat_pinv_fine_v1
4,thrust_coefficient_plus10,thrust_coefficient,1.10,0.45000000,0.45625000,4,pinv,2,0.45312500,1,63300001,seeded_ic_v1,crazyflie_ofat_pinv_fine_v1
4,thrust_coefficient_plus10,thrust_coefficient,1.10,0.45000000,0.45625000,4,pinv,2,0.45312500,2,63300002,seeded_ic_v1,crazyflie_ofat_pinv_fine_v1
4,thrust_coefficient_plus10,thrust_coefficient,1.10,0.45000000,0.45625000,4,pinv,2,0.45312500,3,63300003,seeded_ic_v1,crazyflie_ofat_pinv_fine_v1
4,thrust_coefficient_plus10,thrust_coefficient,1.10,0.45000000,0.45625000,4,pinv,2,0.45312500,4,63300004,seeded_ic_v1,crazyflie_ofat_pinv_fine_v1
4,thrust_coefficient_plus10,thrust_coefficient,1.10,0.45000000,0.45625000,4,pinv,2,0.45312500,5,63300005,seeded_ic_v1,crazyflie_ofat_pinv_fine_v1
4,thrust_coefficient_plus10,thrust_coefficient,1.10,0.45000000,0.45625000,4,pinv,2,0.45312500,6,63300006,seeded_ic_v1,crazyflie_ofat_pinv_fine_v1
4,thrust_coefficient_plus10,thrust_coefficient,1.10,0.45000000,0.45625000,4,pinv,2,0.45312500,7,63300007,seeded_ic_v1,crazyflie_ofat_pinv_fine_v1
4,thrust_coefficient_plus10,thrust_coefficient,1.10,0.45000000,0.45625000,4,pinv,2,0.45312500,8,63300008,seeded_ic_v1,crazyflie_ofat_pinv_fine_v1
4,thrust_coefficient_plus10,thrust_coefficient,1.10,0.45000000,0.45625000,4,pinv,2,0.45312500,9,63300009,seeded_ic_v1,crazyflie_ofat_pinv_fine_v1
4,thrust_coefficient_plus10,thrust_coefficient,1.10,0.45000000,0.45625000,4,pinv,2,0.45312500,10,63300010,seeded_ic_v1,crazyflie_ofat_pinv_fine_v1
4,thrust_coefficient_plus10,thrust_coefficient,1.10,0.45000000,0.45625000,4,pinv,2,0.45312500,11,63300011,seeded_ic_v1,crazyflie_ofat_pinv_fine_v1
4,thrust_coefficient_plus10,thrust_coefficient,1.10,0.45000000,0.45625000,4,pinv,2,0.45312500,12,63300012,seeded_ic_v1,crazyflie_ofat_pinv_fine_v1
4,thrust_coefficient_plus10,thrust_coefficient,1.10,0.45000000,0.45625000,4,pinv,2,0.45312500,13,63300013,seeded_ic_v1,crazyflie_ofat_pinv_fine_v1
4,thrust_coefficient_plus10,thrust_coefficient,1.10,0.45000000,0.45625000,4,pinv,2,0.45312500,14,63300014,seeded_ic_v1,crazyflie_ofat_pinv_fine_v1
4,thrust_coefficient_plus10,thrust_coefficient,1.10,0.45000000,0.45625000,4,pinv,2,0.45312500,15,63300015,seeded_ic_v1,crazyflie_ofat_pinv_fine_v1
4,thrust_coefficient_plus10,thrust_coefficient,1.10,0.45000000,0.45625000,4,pinv,2,0.45312500,16,63300016,seeded_ic_v1,crazyflie_ofat_pinv_fine_v1
4,thrust_coefficient_plus10,thrust_coefficient,1.10,0.45000000,0.45625000,4,pinv,2,0.45312500,17,63300017,seeded_ic_v1,crazyflie_ofat_pinv_fine_v1
4,thrust_coefficient_plus10,thrust_coefficient,1.10,0.45000000,0.45625000,4,pinv,2,0.45312500,18,63300018,seeded_ic_v1,crazyflie_ofat_pinv_fine_v1
4,thrust_coefficient_plus10,thrust_coefficient,1.10,0.45000000,0.45625000,4,pinv,2,0.45312500,19,63300019,seeded_ic_v1,crazyflie_ofat_pinv_fine_v1
4,thrust_coefficient_plus10,thrust_coefficient,1.10,0.45000000,0.45625000,4,pinv,2,0.45312500,20,63300020,seeded_ic_v1,crazyflie_ofat_pinv_fine_v1
4,thrust_coefficient_plus10,thrust_coefficient,1.10,0.45000000,0.45625000,4,pinv,2,0.45312500,21,63300021,seeded_ic_v1,crazyflie_ofat_pinv_fine_v1
4,thrust_coefficient_plus10,thrust_coefficient,1.10,0.45000000,0.45625000,4,pinv,2,0.45312500,22,63300022,seeded_ic_v1,crazyflie_ofat_pinv_fine_v1
4,thrust_coefficient_plus10,thrust_coefficient,1.10,0.45000000,0.45625000,4,pinv,2,0.45312500,23,63300023,seeded_ic_v1,crazyflie_ofat_pinv_fine_v1
4,thrust_coefficient_plus10,thrust_coefficient,1.10,0.45000000,0.45625000,4,pinv,2,0.45312500,24,63300024,seeded_ic_v1,crazyflie_ofat_pinv_fine_v1
4,thrust_coefficient_plus10,thrust_coefficient,1.10,0.45000000,0.45625000,4,pinv,2,0.45312500,25,63300025,seeded_ic_v1,crazyflie_ofat_pinv_fine_v1
4,thrust_coefficient_plus10,thrust_coefficient,1.10,0.45000000,0.45625000,4,pinv,2,0.45312500,26,63300026,seeded_ic_v1,crazyflie_ofat_pinv_fine_v1
4,thrust_coefficient_plus10,thrust_coefficient,1.10,0.45000000,0.45625000,4,pinv,2,0.45312500,27,63300027,seeded_ic_v1,crazyflie_ofat_pinv_fine_v1
4,thrust_coefficient_plus10,thrust_coefficient,1.10,0.45000000,0.45625000,4,pinv,2,0.45312500,28,63300028,seeded_ic_v1,crazyflie_ofat_pinv_fine_v1
4,thrust_coefficient_plus10,thrust_coefficient,1.10,0.45000000,0.45625000,4,pinv,2,0.45312500,29,63300029,seeded_ic_v1,crazyflie_ofat_pinv_fine_v1
4,thrust_coefficient_plus10,thrust_coefficient,1.10,0.45000000,0.45625000,4,pinv,2,0.45312500,30,63300030,seeded_ic_v1,crazyflie_ofat_pinv_fine_v1
4,thrust_coefficient_plus10,thrust_coefficient,1.10,0.45000000,0.45625000,5,pinv,2,0.45416667,1,63300001,seeded_ic_v1,crazyflie_ofat_pinv_fine_v1
4,thrust_coefficient_plus10,thrust_coefficient,1.10,0.45000000,0.45625000,5,pinv,2,0.45416667,2,63300002,seeded_ic_v1,crazyflie_ofat_pinv_fine_v1
4,thrust_coefficient_plus10,thrust_coefficient,1.10,0.45000000,0.45625000,5,pinv,2,0.45416667,3,63300003,seeded_ic_v1,crazyflie_ofat_pinv_fine_v1
4,thrust_coefficient_plus10,thrust_coefficient,1.10,0.45000000,0.45625000,5,pinv,2,0.45416667,4,63300004,seeded_ic_v1,crazyflie_ofat_pinv_fine_v1
4,thrust_coefficient_plus10,thrust_coefficient,1.10,0.45000000,0.45625000,5,pinv,2,0.45416667,5,63300005,seeded_ic_v1,crazyflie_ofat_pinv_fine_v1
4,thrust_coefficient_plus10,thrust_coefficient,1.10,0.45000000,0.45625000,5,pinv,2,0.45416667,6,63300006,seeded_ic_v1,crazyflie_ofat_pinv_fine_v1
4,thrust_coefficient_plus10,thrust_coefficient,1.10,0.45000000,0.45625000,5,pinv,2,0.45416667,7,63300007,seeded_ic_v1,crazyflie_ofat_pinv_fine_v1
4,thrust_coefficient_plus10,thrust_coefficient,1.10,0.45000000,0.45625000,5,pinv,2,0.45416667,8,63300008,seeded_ic_v1,crazyflie_ofat_pinv_fine_v1
4,thrust_coefficient_plus10,thrust_coefficient,1.10,0.45000000,0.45625000,5,pinv,2,0.45416667,9,63300009,seeded_ic_v1,crazyflie_ofat_pinv_fine_v1
4,thrust_coefficient_plus10,thrust_coefficient,1.10,0.45000000,0.45625000,5,pinv,2,0.45416667,10,63300010,seeded_ic_v1,crazyflie_ofat_pinv_fine_v1
4,thrust_coefficient_plus10,thrust_coefficient,1.10,0.45000000,0.45625000,5,pinv,2,0.45416667,11,63300011,seeded_ic_v1,crazyflie_ofat_pinv_fine_v1
4,thrust_coefficient_plus10,thrust_coefficient,1.10,0.45000000,0.45625000,5,pinv,2,0.45416667,12,63300012,seeded_ic_v1,crazyflie_ofat_pinv_fine_v1
4,thrust_coefficient_plus10,thrust_coefficient,1.10,0.45000000,0.45625000,5,pinv,2,0.45416667,13,63300013,seeded_ic_v1,crazyflie_ofat_pinv_fine_v1
4,thrust_coefficient_plus10,thrust_coefficient,1.10,0.45000000,0.45625000,5,pinv,2,0.45416667,14,63300014,seeded_ic_v1,crazyflie_ofat_pinv_fine_v1
4,thrust_coefficient_plus10,thrust_coefficient,1.10,0.45000000,0.45625000,5,pinv,2,0.45416667,15,63300015,seeded_ic_v1,crazyflie_ofat_pinv_fine_v1
4,thrust_coefficient_plus10,thrust_coefficient,1.10,0.45000000,0.45625000,5,pinv,2,0.45416667,16,63300016,seeded_ic_v1,crazyflie_ofat_pinv_fine_v1
4,thrust_coefficient_plus10,thrust_coefficient,1.10,0.45000000,0.45625000,5,pinv,2,0.45416667,17,63300017,seeded_ic_v1,crazyflie_ofat_pinv_fine_v1
4,thrust_coefficient_plus10,thrust_coefficient,1.10,0.45000000,0.45625000,5,pinv,2,0.45416667,18,63300018,seeded_ic_v1,crazyflie_ofat_pinv_fine_v1
4,thrust_coefficient_plus10,thrust_coefficient,1.10,0.45000000,0.45625000,5,pinv,2,0.45416667,19,63300019,seeded_ic_v1,crazyflie_ofat_pinv_fine_v1
4,thrust_coefficient_plus10,thrust_coefficient,1.10,0.45000000,0.45625000,5,pinv,2,0.45416667,20,63300020,seeded_ic_v1,crazyflie_ofat_pinv_fine_v1
4,thrust_coefficient_plus10,thrust_coefficient,1.10,0.45000000,0.45625000,5,pinv,2,0.45416667,21,63300021,seeded_ic_v1,crazyflie_ofat_pinv_fine_v1
4,thrust_coefficient_plus10,thrust_coefficient,1.10,0.45000000,0.45625000,5,pinv,2,0.45416667,22,63300022,seeded_ic_v1,crazyflie_ofat_pinv_fine_v1
4,thrust_coefficient_plus10,thrust_coefficient,1.10,0.45000000,0.45625000,5,pinv,2,0.45416667,23,63300023,seeded_ic_v1,crazyflie_ofat_pinv_fine_v1
4,thrust_coefficient_plus10,thrust_coefficient,1.10,0.45000000,0.45625000,5,pinv,2,0.45416667,24,63300024,seeded_ic_v1,crazyflie_ofat_pinv_fine_v1
4,thrust_coefficient_plus10,thrust_coefficient,1.10,0.45000000,0.45625000,5,pinv,2,0.45416667,25,63300025,seeded_ic_v1,crazyflie_ofat_pinv_fine_v1
4,thrust_coefficient_plus10,thrust_coefficient,1.10,0.45000000,0.45625000,5,pinv,2,0.45416667,26,63300026,seeded_ic_v1,crazyflie_ofat_pinv_fine_v1
4,thrust_coefficient_plus10,thrust_coefficient,1.10,0.45000000,0.45625000,5,pinv,2,0.45416667,27,63300027,seeded_ic_v1,crazyflie_ofat_pinv_fine_v1
4,thrust_coefficient_plus10,thrust_coefficient,1.10,0.45000000,0.45625000,5,pinv,2,0.45416667,28,63300028,seeded_ic_v1,crazyflie_ofat_pinv_fine_v1
4,thrust_coefficient_plus10,thrust_coefficient,1.10,0.45000000,0.45625000,5,pinv,2,0.45416667,29,63300029,seeded_ic_v1,crazyflie_ofat_pinv_fine_v1
4,thrust_coefficient_plus10,thrust_coefficient,1.10,0.45000000,0.45625000,5,pinv,2,0.45416667,30,63300030,seeded_ic_v1,crazyflie_ofat_pinv_fine_v1
4,thrust_coefficient_plus10,thrust_coefficient,1.10,0.45000000,0.45625000,6,pinv,2,0.45520833,1,63300001,seeded_ic_v1,crazyflie_ofat_pinv_fine_v1
4,thrust_coefficient_plus10,thrust_coefficient,1.10,0.45000000,0.45625000,6,pinv,2,0.45520833,2,63300002,seeded_ic_v1,crazyflie_ofat_pinv_fine_v1
4,thrust_coefficient_plus10,thrust_coefficient,1.10,0.45000000,0.45625000,6,pinv,2,0.45520833,3,63300003,seeded_ic_v1,crazyflie_ofat_pinv_fine_v1
4,thrust_coefficient_plus10,thrust_coefficient,1.10,0.45000000,0.45625000,6,pinv,2,0.45520833,4,63300004,seeded_ic_v1,crazyflie_ofat_pinv_fine_v1
4,thrust_coefficient_plus10,thrust_coefficient,1.10,0.45000000,0.45625000,6,pinv,2,0.45520833,5,63300005,seeded_ic_v1,crazyflie_ofat_pinv_fine_v1
4,thrust_coefficient_plus10,thrust_coefficient,1.10,0.45000000,0.45625000,6,pinv,2,0.45520833,6,63300006,seeded_ic_v1,crazyflie_ofat_pinv_fine_v1
4,thrust_coefficient_plus10,thrust_coefficient,1.10,0.45000000,0.45625000,6,pinv,2,0.45520833,7,63300007,seeded_ic_v1,crazyflie_ofat_pinv_fine_v1
4,thrust_coefficient_plus10,thrust_coefficient,1.10,0.45000000,0.45625000,6,pinv,2,0.45520833,8,63300008,seeded_ic_v1,crazyflie_ofat_pinv_fine_v1
4,thrust_coefficient_plus10,thrust_coefficient,1.10,0.45000000,0.45625000,6,pinv,2,0.45520833,9,63300009,seeded_ic_v1,crazyflie_ofat_pinv_fine_v1
4,thrust_coefficient_plus10,thrust_coefficient,1.10,0.45000000,0.45625000,6,pinv,2,0.45520833,10,63300010,seeded_ic_v1,crazyflie_ofat_pinv_fine_v1
4,thrust_coefficient_plus10,thrust_coefficient,1.10,0.45000000,0.45625000,6,pinv,2,0.45520833,11,63300011,seeded_ic_v1,crazyflie_ofat_pinv_fine_v1
4,thrust_coefficient_plus10,thrust_coefficient,1.10,0.45000000,0.45625000,6,pinv,2,0.45520833,12,63300012,seeded_ic_v1,crazyflie_ofat_pinv_fine_v1
4,thrust_coefficient_plus10,thrust_coefficient,1.10,0.45000000,0.45625000,6,pinv,2,0.45520833,13,63300013,seeded_ic_v1,crazyflie_ofat_pinv_fine_v1
4,thrust_coefficient_plus10,thrust_coefficient,1.10,0.45000000,0.45625000,6,pinv,2,0.45520833,14,63300014,seeded_ic_v1,crazyflie_ofat_pinv_fine_v1
4,thrust_coefficient_plus10,thrust_coefficient,1.10,0.45000000,0.45625000,6,pinv,2,0.45520833,15,63300015,seeded_ic_v1,crazyflie_ofat_pinv_fine_v1
4,thrust_coefficient_plus10,thrust_coefficient,1.10,0.45000000,0.45625000,6,pinv,2,0.45520833,16,63300016,seeded_ic_v1,crazyflie_ofat_pinv_fine_v1
4,thrust_coefficient_plus10,thrust_coefficient,1.10,0.45000000,0.45625000,6,pinv,2,0.45520833,17,63300017,seeded_ic_v1,crazyflie_ofat_pinv_fine_v1
4,thrust_coefficient_plus10,thrust_coefficient,1.10,0.45000000,0.45625000,6,pinv,2,0.45520833,18,63300018,seeded_ic_v1,crazyflie_ofat_pinv_fine_v1
4,thrust_coefficient_plus10,thrust_coefficient,1.10,0.45000000,0.45625000,6,pinv,2,0.45520833,19,63300019,seeded_ic_v1,crazyflie_ofat_pinv_fine_v1
4,thrust_coefficient_plus10,thrust_coefficient,1.10,0.45000000,0.45625000,6,pinv,2,0.45520833,20,63300020,seeded_ic_v1,crazyflie_ofat_pinv_fine_v1
4,thrust_coefficient_plus10,thrust_coefficient,1.10,0.45000000,0.45625000,6,pinv,2,0.45520833,21,63300021,seeded_ic_v1,crazyflie_ofat_pinv_fine_v1
4,thrust_coefficient_plus10,thrust_coefficient,1.10,0.45000000,0.45625000,6,pinv,2,0.45520833,22,63300022,seeded_ic_v1,crazyflie_ofat_pinv_fine_v1
4,thrust_coefficient_plus10,thrust_coefficient,1.10,0.45000000,0.45625000,6,pinv,2,0.45520833,23,63300023,seeded_ic_v1,crazyflie_ofat_pinv_fine_v1
4,thrust_coefficient_plus10,thrust_coefficient,1.10,0.45000000,0.45625000,6,pinv,2,0.45520833,24,63300024,seeded_ic_v1,crazyflie_ofat_pinv_fine_v1
4,thrust_coefficient_plus10,thrust_coefficient,1.10,0.45000000,0.45625000,6,pinv,2,0.45520833,25,63300025,seeded_ic_v1,crazyflie_ofat_pinv_fine_v1
4,thrust_coefficient_plus10,thrust_coefficient,1.10,0.45000000,0.45625000,6,pinv,2,0.45520833,26,63300026,seeded_ic_v1,crazyflie_ofat_pinv_fine_v1
4,thrust_coefficient_plus10,thrust_coefficient,1.10,0.45000000,0.45625000,6,pinv,2,0.45520833,27,63300027,seeded_ic_v1,crazyflie_ofat_pinv_fine_v1
4,thrust_coefficient_plus10,thrust_coefficient,1.10,0.45000000,0.45625000,6,pinv,2,0.45520833,28,63300028,seeded_ic_v1,crazyflie_ofat_pinv_fine_v1
4,thrust_coefficient_plus10,thrust_coefficient,1.10,0.45000000,0.45625000,6,pinv,2,0.45520833,29,63300029,seeded_ic_v1,crazyflie_ofat_pinv_fine_v1
4,thrust_coefficient_plus10,thrust_coefficient,1.10,0.45000000,0.45625000,6,pinv,2,0.45520833,30,63300030,seeded_ic_v1,crazyflie_ofat_pinv_fine_v1
4,thrust_coefficient_plus10,thrust_coefficient,1.10,0.45000000,0.45625000,7,pinv,2,0.45625000,1,63300001,seeded_ic_v1,crazyflie_ofat_pinv_fine_v1
4,thrust_coefficient_plus10,thrust_coefficient,1.10,0.45000000,0.45625000,7,pinv,2,0.45625000,2,63300002,seeded_ic_v1,crazyflie_ofat_pinv_fine_v1
4,thrust_coefficient_plus10,thrust_coefficient,1.10,0.45000000,0.45625000,7,pinv,2,0.45625000,3,63300003,seeded_ic_v1,crazyflie_ofat_pinv_fine_v1
4,thrust_coefficient_plus10,thrust_coefficient,1.10,0.45000000,0.45625000,7,pinv,2,0.45625000,4,63300004,seeded_ic_v1,crazyflie_ofat_pinv_fine_v1
4,thrust_coefficient_plus10,thrust_coefficient,1.10,0.45000000,0.45625000,7,pinv,2,0.45625000,5,63300005,seeded_ic_v1,crazyflie_ofat_pinv_fine_v1
4,thrust_coefficient_plus10,thrust_coefficient,1.10,0.45000000,0.45625000,7,pinv,2,0.45625000,6,63300006,seeded_ic_v1,crazyflie_ofat_pinv_fine_v1
4,thrust_coefficient_plus10,thrust_coefficient,1.10,0.45000000,0.45625000,7,pinv,2,0.45625000,7,63300007,seeded_ic_v1,crazyflie_ofat_pinv_fine_v1
4,thrust_coefficient_plus10,thrust_coefficient,1.10,0.45000000,0.45625000,7,pinv,2,0.45625000,8,63300008,seeded_ic_v1,crazyflie_ofat_pinv_fine_v1
4,thrust_coefficient_plus10,thrust_coefficient,1.10,0.45000000,0.45625000,7,pinv,2,0.45625000,9,63300009,seeded_ic_v1,crazyflie_ofat_pinv_fine_v1
4,thrust_coefficient_plus10,thrust_coefficient,1.10,0.45000000,0.45625000,7,pinv,2,0.45625000,10,63300010,seeded_ic_v1,crazyflie_ofat_pinv_fine_v1
4,thrust_coefficient_plus10,thrust_coefficient,1.10,0.45000000,0.45625000,7,pinv,2,0.45625000,11,63300011,seeded_ic_v1,crazyflie_ofat_pinv_fine_v1
4,thrust_coefficient_plus10,thrust_coefficient,1.10,0.45000000,0.45625000,7,pinv,2,0.45625000,12,63300012,seeded_ic_v1,crazyflie_ofat_pinv_fine_v1
4,thrust_coefficient_plus10,thrust_coefficient,1.10,0.45000000,0.45625000,7,pinv,2,0.45625000,13,63300013,seeded_ic_v1,crazyflie_ofat_pinv_fine_v1
4,thrust_coefficient_plus10,thrust_coefficient,1.10,0.45000000,0.45625000,7,pinv,2,0.45625000,14,63300014,seeded_ic_v1,crazyflie_ofat_pinv_fine_v1
4,thrust_coefficient_plus10,thrust_coefficient,1.10,0.45000000,0.45625000,7,pinv,2,0.45625000,15,63300015,seeded_ic_v1,crazyflie_ofat_pinv_fine_v1
4,thrust_coefficient_plus10,thrust_coefficient,1.10,0.45000000,0.45625000,7,pinv,2,0.45625000,16,63300016,seeded_ic_v1,crazyflie_ofat_pinv_fine_v1
4,thrust_coefficient_plus10,thrust_coefficient,1.10,0.45000000,0.45625000,7,pinv,2,0.45625000,17,63300017,seeded_ic_v1,crazyflie_ofat_pinv_fine_v1
4,thrust_coefficient_plus10,thrust_coefficient,1.10,0.45000000,0.45625000,7,pinv,2,0.45625000,18,63300018,seeded_ic_v1,crazyflie_ofat_pinv_fine_v1
4,thrust_coefficient_plus10,thrust_coefficient,1.10,0.45000000,0.45625000,7,pinv,2,0.45625000,19,63300019,seeded_ic_v1,crazyflie_ofat_pinv_fine_v1
4,thrust_coefficient_plus10,thrust_coefficient,1.10,0.45000000,0.45625000,7,pinv,2,0.45625000,20,63300020,seeded_ic_v1,crazyflie_ofat_pinv_fine_v1
4,thrust_coefficient_plus10,thrust_coefficient,1.10,0.45000000,0.45625000,7,pinv,2,0.45625000,21,63300021,seeded_ic_v1,crazyflie_ofat_pinv_fine_v1
4,thrust_coefficient_plus10,thrust_coefficient,1.10,0.45000000,0.45625000,7,pinv,2,0.45625000,22,63300022,seeded_ic_v1,crazyflie_ofat_pinv_fine_v1
4,thrust_coefficient_plus10,thrust_coefficient,1.10,0.45000000,0.45625000,7,pinv,2,0.45625000,23,63300023,seeded_ic_v1,crazyflie_ofat_pinv_fine_v1
4,thrust_coefficient_plus10,thrust_coefficient,1.10,0.45000000,0.45625000,7,pinv,2,0.45625000,24,63300024,seeded_ic_v1,crazyflie_ofat_pinv_fine_v1
4,thrust_coefficient_plus10,thrust_coefficient,1.10,0.45000000,0.45625000,7,pinv,2,0.45625000,25,63300025,seeded_ic_v1,crazyflie_ofat_pinv_fine_v1
4,thrust_coefficient_plus10,thrust_coefficient,1.10,0.45000000,0.45625000,7,pinv,2,0.45625000,26,63300026,seeded_ic_v1,crazyflie_ofat_pinv_fine_v1
4,thrust_coefficient_plus10,thrust_coefficient,1.10,0.45000000,0.45625000,7,pinv,2,0.45625000,27,63300027,seeded_ic_v1,crazyflie_ofat_pinv_fine_v1
4,thrust_coefficient_plus10,thrust_coefficient,1.10,0.45000000,0.45625000,7,pinv,2,0.45625000,28,63300028,seeded_ic_v1,crazyflie_ofat_pinv_fine_v1
4,thrust_coefficient_plus10,thrust_coefficient,1.10,0.45000000,0.45625000,7,pinv,2,0.45625000,29,63300029,seeded_ic_v1,crazyflie_ofat_pinv_fine_v1
4,thrust_coefficient_plus10,thrust_coefficient,1.10,0.45000000,0.45625000,7,pinv,2,0.45625000,30,63300030,seeded_ic_v1,crazyflie_ofat_pinv_fine_v1
5,motor_time_constant_minus10,motor_time_constant,0.90,0.49375000,0.50000000,1,pinv,2,0.49375000,1,63300001,seeded_ic_v1,crazyflie_ofat_pinv_fine_v1
5,motor_time_constant_minus10,motor_time_constant,0.90,0.49375000,0.50000000,1,pinv,2,0.49375000,2,63300002,seeded_ic_v1,crazyflie_ofat_pinv_fine_v1
5,motor_time_constant_minus10,motor_time_constant,0.90,0.49375000,0.50000000,1,pinv,2,0.49375000,3,63300003,seeded_ic_v1,crazyflie_ofat_pinv_fine_v1
5,motor_time_constant_minus10,motor_time_constant,0.90,0.49375000,0.50000000,1,pinv,2,0.49375000,4,63300004,seeded_ic_v1,crazyflie_ofat_pinv_fine_v1
5,motor_time_constant_minus10,motor_time_constant,0.90,0.49375000,0.50000000,1,pinv,2,0.49375000,5,63300005,seeded_ic_v1,crazyflie_ofat_pinv_fine_v1
5,motor_time_constant_minus10,motor_time_constant,0.90,0.49375000,0.50000000,1,pinv,2,0.49375000,6,63300006,seeded_ic_v1,crazyflie_ofat_pinv_fine_v1
5,motor_time_constant_minus10,motor_time_constant,0.90,0.49375000,0.50000000,1,pinv,2,0.49375000,7,63300007,seeded_ic_v1,crazyflie_ofat_pinv_fine_v1
5,motor_time_constant_minus10,motor_time_constant,0.90,0.49375000,0.50000000,1,pinv,2,0.49375000,8,63300008,seeded_ic_v1,crazyflie_ofat_pinv_fine_v1
5,motor_time_constant_minus10,motor_time_constant,0.90,0.49375000,0.50000000,1,pinv,2,0.49375000,9,63300009,seeded_ic_v1,crazyflie_ofat_pinv_fine_v1
5,motor_time_constant_minus10,motor_time_constant,0.90,0.49375000,0.50000000,1,pinv,2,0.49375000,10,63300010,seeded_ic_v1,crazyflie_ofat_pinv_fine_v1
5,motor_time_constant_minus10,motor_time_constant,0.90,0.49375000,0.50000000,1,pinv,2,0.49375000,11,63300011,seeded_ic_v1,crazyflie_ofat_pinv_fine_v1
5,motor_time_constant_minus10,motor_time_constant,0.90,0.49375000,0.50000000,1,pinv,2,0.49375000,12,63300012,seeded_ic_v1,crazyflie_ofat_pinv_fine_v1
5,motor_time_constant_minus10,motor_time_constant,0.90,0.49375000,0.50000000,1,pinv,2,0.49375000,13,63300013,seeded_ic_v1,crazyflie_ofat_pinv_fine_v1
5,motor_time_constant_minus10,motor_time_constant,0.90,0.49375000,0.50000000,1,pinv,2,0.49375000,14,63300014,seeded_ic_v1,crazyflie_ofat_pinv_fine_v1
5,motor_time_constant_minus10,motor_time_constant,0.90,0.49375000,0.50000000,1,pinv,2,0.49375000,15,63300015,seeded_ic_v1,crazyflie_ofat_pinv_fine_v1
5,motor_time_constant_minus10,motor_time_constant,0.90,0.49375000,0.50000000,1,pinv,2,0.49375000,16,63300016,seeded_ic_v1,crazyflie_ofat_pinv_fine_v1
5,motor_time_constant_minus10,motor_time_constant,0.90,0.49375000,0.50000000,1,pinv,2,0.49375000,17,63300017,seeded_ic_v1,crazyflie_ofat_pinv_fine_v1
5,motor_time_constant_minus10,motor_time_constant,0.90,0.49375000,0.50000000,1,pinv,2,0.49375000,18,63300018,seeded_ic_v1,crazyflie_ofat_pinv_fine_v1
5,motor_time_constant_minus10,motor_time_constant,0.90,0.49375000,0.50000000,1,pinv,2,0.49375000,19,63300019,seeded_ic_v1,crazyflie_ofat_pinv_fine_v1
5,motor_time_constant_minus10,motor_time_constant,0.90,0.49375000,0.50000000,1,pinv,2,0.49375000,20,63300020,seeded_ic_v1,crazyflie_ofat_pinv_fine_v1
5,motor_time_constant_minus10,motor_time_constant,0.90,0.49375000,0.50000000,1,pinv,2,0.49375000,21,63300021,seeded_ic_v1,crazyflie_ofat_pinv_fine_v1
5,motor_time_constant_minus10,motor_time_constant,0.90,0.49375000,0.50000000,1,pinv,2,0.49375000,22,63300022,seeded_ic_v1,crazyflie_ofat_pinv_fine_v1
5,motor_time_constant_minus10,motor_time_constant,0.90,0.49375000,0.50000000,1,pinv,2,0.49375000,23,63300023,seeded_ic_v1,crazyflie_ofat_pinv_fine_v1
5,motor_time_constant_minus10,motor_time_constant,0.90,0.49375000,0.50000000,1,pinv,2,0.49375000,24,63300024,seeded_ic_v1,crazyflie_ofat_pinv_fine_v1
5,motor_time_constant_minus10,motor_time_constant,0.90,0.49375000,0.50000000,1,pinv,2,0.49375000,25,63300025,seeded_ic_v1,crazyflie_ofat_pinv_fine_v1
5,motor_time_constant_minus10,motor_time_constant,0.90,0.49375000,0.50000000,1,pinv,2,0.49375000,26,63300026,seeded_ic_v1,crazyflie_ofat_pinv_fine_v1
5,motor_time_constant_minus10,motor_time_constant,0.90,0.49375000,0.50000000,1,pinv,2,0.49375000,27,63300027,seeded_ic_v1,crazyflie_ofat_pinv_fine_v1
5,motor_time_constant_minus10,motor_time_constant,0.90,0.49375000,0.50000000,1,pinv,2,0.49375000,28,63300028,seeded_ic_v1,crazyflie_ofat_pinv_fine_v1
5,motor_time_constant_minus10,motor_time_constant,0.90,0.49375000,0.50000000,1,pinv,2,0.49375000,29,63300029,seeded_ic_v1,crazyflie_ofat_pinv_fine_v1
5,motor_time_constant_minus10,motor_time_constant,0.90,0.49375000,0.50000000,1,pinv,2,0.49375000,30,63300030,seeded_ic_v1,crazyflie_ofat_pinv_fine_v1
5,motor_time_constant_minus10,motor_time_constant,0.90,0.49375000,0.50000000,2,pinv,2,0.49479167,1,63300001,seeded_ic_v1,crazyflie_ofat_pinv_fine_v1
5,motor_time_constant_minus10,motor_time_constant,0.90,0.49375000,0.50000000,2,pinv,2,0.49479167,2,63300002,seeded_ic_v1,crazyflie_ofat_pinv_fine_v1
5,motor_time_constant_minus10,motor_time_constant,0.90,0.49375000,0.50000000,2,pinv,2,0.49479167,3,63300003,seeded_ic_v1,crazyflie_ofat_pinv_fine_v1
5,motor_time_constant_minus10,motor_time_constant,0.90,0.49375000,0.50000000,2,pinv,2,0.49479167,4,63300004,seeded_ic_v1,crazyflie_ofat_pinv_fine_v1
5,motor_time_constant_minus10,motor_time_constant,0.90,0.49375000,0.50000000,2,pinv,2,0.49479167,5,63300005,seeded_ic_v1,crazyflie_ofat_pinv_fine_v1
5,motor_time_constant_minus10,motor_time_constant,0.90,0.49375000,0.50000000,2,pinv,2,0.49479167,6,63300006,seeded_ic_v1,crazyflie_ofat_pinv_fine_v1
5,motor_time_constant_minus10,motor_time_constant,0.90,0.49375000,0.50000000,2,pinv,2,0.49479167,7,63300007,seeded_ic_v1,crazyflie_ofat_pinv_fine_v1
5,motor_time_constant_minus10,motor_time_constant,0.90,0.49375000,0.50000000,2,pinv,2,0.49479167,8,63300008,seeded_ic_v1,crazyflie_ofat_pinv_fine_v1
5,motor_time_constant_minus10,motor_time_constant,0.90,0.49375000,0.50000000,2,pinv,2,0.49479167,9,63300009,seeded_ic_v1,crazyflie_ofat_pinv_fine_v1
5,motor_time_constant_minus10,motor_time_constant,0.90,0.49375000,0.50000000,2,pinv,2,0.49479167,10,63300010,seeded_ic_v1,crazyflie_ofat_pinv_fine_v1
5,motor_time_constant_minus10,motor_time_constant,0.90,0.49375000,0.50000000,2,pinv,2,0.49479167,11,63300011,seeded_ic_v1,crazyflie_ofat_pinv_fine_v1
5,motor_time_constant_minus10,motor_time_constant,0.90,0.49375000,0.50000000,2,pinv,2,0.49479167,12,63300012,seeded_ic_v1,crazyflie_ofat_pinv_fine_v1
5,motor_time_constant_minus10,motor_time_constant,0.90,0.49375000,0.50000000,2,pinv,2,0.49479167,13,63300013,seeded_ic_v1,crazyflie_ofat_pinv_fine_v1
5,motor_time_constant_minus10,motor_time_constant,0.90,0.49375000,0.50000000,2,pinv,2,0.49479167,14,63300014,seeded_ic_v1,crazyflie_ofat_pinv_fine_v1
5,motor_time_constant_minus10,motor_time_constant,0.90,0.49375000,0.50000000,2,pinv,2,0.49479167,15,63300015,seeded_ic_v1,crazyflie_ofat_pinv_fine_v1
5,motor_time_constant_minus10,motor_time_constant,0.90,0.49375000,0.50000000,2,pinv,2,0.49479167,16,63300016,seeded_ic_v1,crazyflie_ofat_pinv_fine_v1
5,motor_time_constant_minus10,motor_time_constant,0.90,0.49375000,0.50000000,2,pinv,2,0.49479167,17,63300017,seeded_ic_v1,crazyflie_ofat_pinv_fine_v1
5,motor_time_constant_minus10,motor_time_constant,0.90,0.49375000,0.50000000,2,pinv,2,0.49479167,18,63300018,seeded_ic_v1,crazyflie_ofat_pinv_fine_v1
5,motor_time_constant_minus10,motor_time_constant,0.90,0.49375000,0.50000000,2,pinv,2,0.49479167,19,63300019,seeded_ic_v1,crazyflie_ofat_pinv_fine_v1
5,motor_time_constant_minus10,motor_time_constant,0.90,0.49375000,0.50000000,2,pinv,2,0.49479167,20,63300020,seeded_ic_v1,crazyflie_ofat_pinv_fine_v1
5,motor_time_constant_minus10,motor_time_constant,0.90,0.49375000,0.50000000,2,pinv,2,0.49479167,21,63300021,seeded_ic_v1,crazyflie_ofat_pinv_fine_v1
5,motor_time_constant_minus10,motor_time_constant,0.90,0.49375000,0.50000000,2,pinv,2,0.49479167,22,63300022,seeded_ic_v1,crazyflie_ofat_pinv_fine_v1
5,motor_time_constant_minus10,motor_time_constant,0.90,0.49375000,0.50000000,2,pinv,2,0.49479167,23,63300023,seeded_ic_v1,crazyflie_ofat_pinv_fine_v1
5,motor_time_constant_minus10,motor_time_constant,0.90,0.49375000,0.50000000,2,pinv,2,0.49479167,24,63300024,seeded_ic_v1,crazyflie_ofat_pinv_fine_v1
5,motor_time_constant_minus10,motor_time_constant,0.90,0.49375000,0.50000000,2,pinv,2,0.49479167,25,63300025,seeded_ic_v1,crazyflie_ofat_pinv_fine_v1
5,motor_time_constant_minus10,motor_time_constant,0.90,0.49375000,0.50000000,2,pinv,2,0.49479167,26,63300026,seeded_ic_v1,crazyflie_ofat_pinv_fine_v1
5,motor_time_constant_minus10,motor_time_constant,0.90,0.49375000,0.50000000,2,pinv,2,0.49479167,27,63300027,seeded_ic_v1,crazyflie_ofat_pinv_fine_v1
5,motor_time_constant_minus10,motor_time_constant,0.90,0.49375000,0.50000000,2,pinv,2,0.49479167,28,63300028,seeded_ic_v1,crazyflie_ofat_pinv_fine_v1
5,motor_time_constant_minus10,motor_time_constant,0.90,0.49375000,0.50000000,2,pinv,2,0.49479167,29,63300029,seeded_ic_v1,crazyflie_ofat_pinv_fine_v1
5,motor_time_constant_minus10,motor_time_constant,0.90,0.49375000,0.50000000,2,pinv,2,0.49479167,30,63300030,seeded_ic_v1,crazyflie_ofat_pinv_fine_v1
5,motor_time_constant_minus10,motor_time_constant,0.90,0.49375000,0.50000000,3,pinv,2,0.49583333,1,63300001,seeded_ic_v1,crazyflie_ofat_pinv_fine_v1
5,motor_time_constant_minus10,motor_time_constant,0.90,0.49375000,0.50000000,3,pinv,2,0.49583333,2,63300002,seeded_ic_v1,crazyflie_ofat_pinv_fine_v1
5,motor_time_constant_minus10,motor_time_constant,0.90,0.49375000,0.50000000,3,pinv,2,0.49583333,3,63300003,seeded_ic_v1,crazyflie_ofat_pinv_fine_v1
5,motor_time_constant_minus10,motor_time_constant,0.90,0.49375000,0.50000000,3,pinv,2,0.49583333,4,63300004,seeded_ic_v1,crazyflie_ofat_pinv_fine_v1
5,motor_time_constant_minus10,motor_time_constant,0.90,0.49375000,0.50000000,3,pinv,2,0.49583333,5,63300005,seeded_ic_v1,crazyflie_ofat_pinv_fine_v1
5,motor_time_constant_minus10,motor_time_constant,0.90,0.49375000,0.50000000,3,pinv,2,0.49583333,6,63300006,seeded_ic_v1,crazyflie_ofat_pinv_fine_v1
5,motor_time_constant_minus10,motor_time_constant,0.90,0.49375000,0.50000000,3,pinv,2,0.49583333,7,63300007,seeded_ic_v1,crazyflie_ofat_pinv_fine_v1
5,motor_time_constant_minus10,motor_time_constant,0.90,0.49375000,0.50000000,3,pinv,2,0.49583333,8,63300008,seeded_ic_v1,crazyflie_ofat_pinv_fine_v1
5,motor_time_constant_minus10,motor_time_constant,0.90,0.49375000,0.50000000,3,pinv,2,0.49583333,9,63300009,seeded_ic_v1,crazyflie_ofat_pinv_fine_v1
5,motor_time_constant_minus10,motor_time_constant,0.90,0.49375000,0.50000000,3,pinv,2,0.49583333,10,63300010,seeded_ic_v1,crazyflie_ofat_pinv_fine_v1
5,motor_time_constant_minus10,motor_time_constant,0.90,0.49375000,0.50000000,3,pinv,2,0.49583333,11,63300011,seeded_ic_v1,crazyflie_ofat_pinv_fine_v1
5,motor_time_constant_minus10,motor_time_constant,0.90,0.49375000,0.50000000,3,pinv,2,0.49583333,12,63300012,seeded_ic_v1,crazyflie_ofat_pinv_fine_v1
5,motor_time_constant_minus10,motor_time_constant,0.90,0.49375000,0.50000000,3,pinv,2,0.49583333,13,63300013,seeded_ic_v1,crazyflie_ofat_pinv_fine_v1
5,motor_time_constant_minus10,motor_time_constant,0.90,0.49375000,0.50000000,3,pinv,2,0.49583333,14,63300014,seeded_ic_v1,crazyflie_ofat_pinv_fine_v1
5,motor_time_constant_minus10,motor_time_constant,0.90,0.49375000,0.50000000,3,pinv,2,0.49583333,15,63300015,seeded_ic_v1,crazyflie_ofat_pinv_fine_v1
5,motor_time_constant_minus10,motor_time_constant,0.90,0.49375000,0.50000000,3,pinv,2,0.49583333,16,63300016,seeded_ic_v1,crazyflie_ofat_pinv_fine_v1
5,motor_time_constant_minus10,motor_time_constant,0.90,0.49375000,0.50000000,3,pinv,2,0.49583333,17,63300017,seeded_ic_v1,crazyflie_ofat_pinv_fine_v1
5,motor_time_constant_minus10,motor_time_constant,0.90,0.49375000,0.50000000,3,pinv,2,0.49583333,18,63300018,seeded_ic_v1,crazyflie_ofat_pinv_fine_v1
5,motor_time_constant_minus10,motor_time_constant,0.90,0.49375000,0.50000000,3,pinv,2,0.49583333,19,63300019,seeded_ic_v1,crazyflie_ofat_pinv_fine_v1
5,motor_time_constant_minus10,motor_time_constant,0.90,0.49375000,0.50000000,3,pinv,2,0.49583333,20,63300020,seeded_ic_v1,crazyflie_ofat_pinv_fine_v1
5,motor_time_constant_minus10,motor_time_constant,0.90,0.49375000,0.50000000,3,pinv,2,0.49583333,21,63300021,seeded_ic_v1,crazyflie_ofat_pinv_fine_v1
5,motor_time_constant_minus10,motor_time_constant,0.90,0.49375000,0.50000000,3,pinv,2,0.49583333,22,63300022,seeded_ic_v1,crazyflie_ofat_pinv_fine_v1
5,motor_time_constant_minus10,motor_time_constant,0.90,0.49375000,0.50000000,3,pinv,2,0.49583333,23,63300023,seeded_ic_v1,crazyflie_ofat_pinv_fine_v1
5,motor_time_constant_minus10,motor_time_constant,0.90,0.49375000,0.50000000,3,pinv,2,0.49583333,24,63300024,seeded_ic_v1,crazyflie_ofat_pinv_fine_v1
5,motor_time_constant_minus10,motor_time_constant,0.90,0.49375000,0.50000000,3,pinv,2,0.49583333,25,63300025,seeded_ic_v1,crazyflie_ofat_pinv_fine_v1
5,motor_time_constant_minus10,motor_time_constant,0.90,0.49375000,0.50000000,3,pinv,2,0.49583333,26,63300026,seeded_ic_v1,crazyflie_ofat_pinv_fine_v1
5,motor_time_constant_minus10,motor_time_constant,0.90,0.49375000,0.50000000,3,pinv,2,0.49583333,27,63300027,seeded_ic_v1,crazyflie_ofat_pinv_fine_v1
5,motor_time_constant_minus10,motor_time_constant,0.90,0.49375000,0.50000000,3,pinv,2,0.49583333,28,63300028,seeded_ic_v1,crazyflie_ofat_pinv_fine_v1
5,motor_time_constant_minus10,motor_time_constant,0.90,0.49375000,0.50000000,3,pinv,2,0.49583333,29,63300029,seeded_ic_v1,crazyflie_ofat_pinv_fine_v1
5,motor_time_constant_minus10,motor_time_constant,0.90,0.49375000,0.50000000,3,pinv,2,0.49583333,30,63300030,seeded_ic_v1,crazyflie_ofat_pinv_fine_v1
5,motor_time_constant_minus10,motor_time_constant,0.90,0.49375000,0.50000000,4,pinv,2,0.49687500,1,63300001,seeded_ic_v1,crazyflie_ofat_pinv_fine_v1
5,motor_time_constant_minus10,motor_time_constant,0.90,0.49375000,0.50000000,4,pinv,2,0.49687500,2,63300002,seeded_ic_v1,crazyflie_ofat_pinv_fine_v1
5,motor_time_constant_minus10,motor_time_constant,0.90,0.49375000,0.50000000,4,pinv,2,0.49687500,3,63300003,seeded_ic_v1,crazyflie_ofat_pinv_fine_v1
5,motor_time_constant_minus10,motor_time_constant,0.90,0.49375000,0.50000000,4,pinv,2,0.49687500,4,63300004,seeded_ic_v1,crazyflie_ofat_pinv_fine_v1
5,motor_time_constant_minus10,motor_time_constant,0.90,0.49375000,0.50000000,4,pinv,2,0.49687500,5,63300005,seeded_ic_v1,crazyflie_ofat_pinv_fine_v1
5,motor_time_constant_minus10,motor_time_constant,0.90,0.49375000,0.50000000,4,pinv,2,0.49687500,6,63300006,seeded_ic_v1,crazyflie_ofat_pinv_fine_v1
5,motor_time_constant_minus10,motor_time_constant,0.90,0.49375000,0.50000000,4,pinv,2,0.49687500,7,63300007,seeded_ic_v1,crazyflie_ofat_pinv_fine_v1
5,motor_time_constant_minus10,motor_time_constant,0.90,0.49375000,0.50000000,4,pinv,2,0.49687500,8,63300008,seeded_ic_v1,crazyflie_ofat_pinv_fine_v1
5,motor_time_constant_minus10,motor_time_constant,0.90,0.49375000,0.50000000,4,pinv,2,0.49687500,9,63300009,seeded_ic_v1,crazyflie_ofat_pinv_fine_v1
5,motor_time_constant_minus10,motor_time_constant,0.90,0.49375000,0.50000000,4,pinv,2,0.49687500,10,63300010,seeded_ic_v1,crazyflie_ofat_pinv_fine_v1
5,motor_time_constant_minus10,motor_time_constant,0.90,0.49375000,0.50000000,4,pinv,2,0.49687500,11,63300011,seeded_ic_v1,crazyflie_ofat_pinv_fine_v1
5,motor_time_constant_minus10,motor_time_constant,0.90,0.49375000,0.50000000,4,pinv,2,0.49687500,12,63300012,seeded_ic_v1,crazyflie_ofat_pinv_fine_v1
5,motor_time_constant_minus10,motor_time_constant,0.90,0.49375000,0.50000000,4,pinv,2,0.49687500,13,63300013,seeded_ic_v1,crazyflie_ofat_pinv_fine_v1
5,motor_time_constant_minus10,motor_time_constant,0.90,0.49375000,0.50000000,4,pinv,2,0.49687500,14,63300014,seeded_ic_v1,crazyflie_ofat_pinv_fine_v1
5,motor_time_constant_minus10,motor_time_constant,0.90,0.49375000,0.50000000,4,pinv,2,0.49687500,15,63300015,seeded_ic_v1,crazyflie_ofat_pinv_fine_v1
5,motor_time_constant_minus10,motor_time_constant,0.90,0.49375000,0.50000000,4,pinv,2,0.49687500,16,63300016,seeded_ic_v1,crazyflie_ofat_pinv_fine_v1
5,motor_time_constant_minus10,motor_time_constant,0.90,0.49375000,0.50000000,4,pinv,2,0.49687500,17,63300017,seeded_ic_v1,crazyflie_ofat_pinv_fine_v1
5,motor_time_constant_minus10,motor_time_constant,0.90,0.49375000,0.50000000,4,pinv,2,0.49687500,18,63300018,seeded_ic_v1,crazyflie_ofat_pinv_fine_v1
5,motor_time_constant_minus10,motor_time_constant,0.90,0.49375000,0.50000000,4,pinv,2,0.49687500,19,63300019,seeded_ic_v1,crazyflie_ofat_pinv_fine_v1
5,motor_time_constant_minus10,motor_time_constant,0.90,0.49375000,0.50000000,4,pinv,2,0.49687500,20,63300020,seeded_ic_v1,crazyflie_ofat_pinv_fine_v1
5,motor_time_constant_minus10,motor_time_constant,0.90,0.49375000,0.50000000,4,pinv,2,0.49687500,21,63300021,seeded_ic_v1,crazyflie_ofat_pinv_fine_v1
5,motor_time_constant_minus10,motor_time_constant,0.90,0.49375000,0.50000000,4,pinv,2,0.49687500,22,63300022,seeded_ic_v1,crazyflie_ofat_pinv_fine_v1
5,motor_time_constant_minus10,motor_time_constant,0.90,0.49375000,0.50000000,4,pinv,2,0.49687500,23,63300023,seeded_ic_v1,crazyflie_ofat_pinv_fine_v1
5,motor_time_constant_minus10,motor_time_constant,0.90,0.49375000,0.50000000,4,pinv,2,0.49687500,24,63300024,seeded_ic_v1,crazyflie_ofat_pinv_fine_v1
5,motor_time_constant_minus10,motor_time_constant,0.90,0.49375000,0.50000000,4,pinv,2,0.49687500,25,63300025,seeded_ic_v1,crazyflie_ofat_pinv_fine_v1
5,motor_time_constant_minus10,motor_time_constant,0.90,0.49375000,0.50000000,4,pinv,2,0.49687500,26,63300026,seeded_ic_v1,crazyflie_ofat_pinv_fine_v1
5,motor_time_constant_minus10,motor_time_constant,0.90,0.49375000,0.50000000,4,pinv,2,0.49687500,27,63300027,seeded_ic_v1,crazyflie_ofat_pinv_fine_v1
5,motor_time_constant_minus10,motor_time_constant,0.90,0.49375000,0.50000000,4,pinv,2,0.49687500,28,63300028,seeded_ic_v1,crazyflie_ofat_pinv_fine_v1
5,motor_time_constant_minus10,motor_time_constant,0.90,0.49375000,0.50000000,4,pinv,2,0.49687500,29,63300029,seeded_ic_v1,crazyflie_ofat_pinv_fine_v1
5,motor_time_constant_minus10,motor_time_constant,0.90,0.49375000,0.50000000,4,pinv,2,0.49687500,30,63300030,seeded_ic_v1,crazyflie_ofat_pinv_fine_v1
5,motor_time_constant_minus10,motor_time_constant,0.90,0.49375000,0.50000000,5,pinv,2,0.49791667,1,63300001,seeded_ic_v1,crazyflie_ofat_pinv_fine_v1
5,motor_time_constant_minus10,motor_time_constant,0.90,0.49375000,0.50000000,5,pinv,2,0.49791667,2,63300002,seeded_ic_v1,crazyflie_ofat_pinv_fine_v1
5,motor_time_constant_minus10,motor_time_constant,0.90,0.49375000,0.50000000,5,pinv,2,0.49791667,3,63300003,seeded_ic_v1,crazyflie_ofat_pinv_fine_v1
5,motor_time_constant_minus10,motor_time_constant,0.90,0.49375000,0.50000000,5,pinv,2,0.49791667,4,63300004,seeded_ic_v1,crazyflie_ofat_pinv_fine_v1
5,motor_time_constant_minus10,motor_time_constant,0.90,0.49375000,0.50000000,5,pinv,2,0.49791667,5,63300005,seeded_ic_v1,crazyflie_ofat_pinv_fine_v1
5,motor_time_constant_minus10,motor_time_constant,0.90,0.49375000,0.50000000,5,pinv,2,0.49791667,6,63300006,seeded_ic_v1,crazyflie_ofat_pinv_fine_v1
5,motor_time_constant_minus10,motor_time_constant,0.90,0.49375000,0.50000000,5,pinv,2,0.49791667,7,63300007,seeded_ic_v1,crazyflie_ofat_pinv_fine_v1
5,motor_time_constant_minus10,motor_time_constant,0.90,0.49375000,0.50000000,5,pinv,2,0.49791667,8,63300008,seeded_ic_v1,crazyflie_ofat_pinv_fine_v1
5,motor_time_constant_minus10,motor_time_constant,0.90,0.49375000,0.50000000,5,pinv,2,0.49791667,9,63300009,seeded_ic_v1,crazyflie_ofat_pinv_fine_v1
5,motor_time_constant_minus10,motor_time_constant,0.90,0.49375000,0.50000000,5,pinv,2,0.49791667,10,63300010,seeded_ic_v1,crazyflie_ofat_pinv_fine_v1
5,motor_time_constant_minus10,motor_time_constant,0.90,0.49375000,0.50000000,5,pinv,2,0.49791667,11,63300011,seeded_ic_v1,crazyflie_ofat_pinv_fine_v1
5,motor_time_constant_minus10,motor_time_constant,0.90,0.49375000,0.50000000,5,pinv,2,0.49791667,12,63300012,seeded_ic_v1,crazyflie_ofat_pinv_fine_v1
5,motor_time_constant_minus10,motor_time_constant,0.90,0.49375000,0.50000000,5,pinv,2,0.49791667,13,63300013,seeded_ic_v1,crazyflie_ofat_pinv_fine_v1
5,motor_time_constant_minus10,motor_time_constant,0.90,0.49375000,0.50000000,5,pinv,2,0.49791667,14,63300014,seeded_ic_v1,crazyflie_ofat_pinv_fine_v1
5,motor_time_constant_minus10,motor_time_constant,0.90,0.49375000,0.50000000,5,pinv,2,0.49791667,15,63300015,seeded_ic_v1,crazyflie_ofat_pinv_fine_v1
5,motor_time_constant_minus10,motor_time_constant,0.90,0.49375000,0.50000000,5,pinv,2,0.49791667,16,63300016,seeded_ic_v1,crazyflie_ofat_pinv_fine_v1
5,motor_time_constant_minus10,motor_time_constant,0.90,0.49375000,0.50000000,5,pinv,2,0.49791667,17,63300017,seeded_ic_v1,crazyflie_ofat_pinv_fine_v1
5,motor_time_constant_minus10,motor_time_constant,0.90,0.49375000,0.50000000,5,pinv,2,0.49791667,18,63300018,seeded_ic_v1,crazyflie_ofat_pinv_fine_v1
5,motor_time_constant_minus10,motor_time_constant,0.90,0.49375000,0.50000000,5,pinv,2,0.49791667,19,63300019,seeded_ic_v1,crazyflie_ofat_pinv_fine_v1
5,motor_time_constant_minus10,motor_time_constant,0.90,0.49375000,0.50000000,5,pinv,2,0.49791667,20,63300020,seeded_ic_v1,crazyflie_ofat_pinv_fine_v1
5,motor_time_constant_minus10,motor_time_constant,0.90,0.49375000,0.50000000,5,pinv,2,0.49791667,21,63300021,seeded_ic_v1,crazyflie_ofat_pinv_fine_v1
5,motor_time_constant_minus10,motor_time_constant,0.90,0.49375000,0.50000000,5,pinv,2,0.49791667,22,63300022,seeded_ic_v1,crazyflie_ofat_pinv_fine_v1
5,motor_time_constant_minus10,motor_time_constant,0.90,0.49375000,0.50000000,5,pinv,2,0.49791667,23,63300023,seeded_ic_v1,crazyflie_ofat_pinv_fine_v1
5,motor_time_constant_minus10,motor_time_constant,0.90,0.49375000,0.50000000,5,pinv,2,0.49791667,24,63300024,seeded_ic_v1,crazyflie_ofat_pinv_fine_v1
5,motor_time_constant_minus10,motor_time_constant,0.90,0.49375000,0.50000000,5,pinv,2,0.49791667,25,63300025,seeded_ic_v1,crazyflie_ofat_pinv_fine_v1
5,motor_time_constant_minus10,motor_time_constant,0.90,0.49375000,0.50000000,5,pinv,2,0.49791667,26,63300026,seeded_ic_v1,crazyflie_ofat_pinv_fine_v1
5,motor_time_constant_minus10,motor_time_constant,0.90,0.49375000,0.50000000,5,pinv,2,0.49791667,27,63300027,seeded_ic_v1,crazyflie_ofat_pinv_fine_v1
5,motor_time_constant_minus10,motor_time_constant,0.90,0.49375000,0.50000000,5,pinv,2,0.49791667,28,63300028,seeded_ic_v1,crazyflie_ofat_pinv_fine_v1
5,motor_time_constant_minus10,motor_time_constant,0.90,0.49375000,0.50000000,5,pinv,2,0.49791667,29,63300029,seeded_ic_v1,crazyflie_ofat_pinv_fine_v1
5,motor_time_constant_minus10,motor_time_constant,0.90,0.49375000,0.50000000,5,pinv,2,0.49791667,30,63300030,seeded_ic_v1,crazyflie_ofat_pinv_fine_v1
5,motor_time_constant_minus10,motor_time_constant,0.90,0.49375000,0.50000000,6,pinv,2,0.49895833,1,63300001,seeded_ic_v1,crazyflie_ofat_pinv_fine_v1
5,motor_time_constant_minus10,motor_time_constant,0.90,0.49375000,0.50000000,6,pinv,2,0.49895833,2,63300002,seeded_ic_v1,crazyflie_ofat_pinv_fine_v1
5,motor_time_constant_minus10,motor_time_constant,0.90,0.49375000,0.50000000,6,pinv,2,0.49895833,3,63300003,seeded_ic_v1,crazyflie_ofat_pinv_fine_v1
5,motor_time_constant_minus10,motor_time_constant,0.90,0.49375000,0.50000000,6,pinv,2,0.49895833,4,63300004,seeded_ic_v1,crazyflie_ofat_pinv_fine_v1
5,motor_time_constant_minus10,motor_time_constant,0.90,0.49375000,0.50000000,6,pinv,2,0.49895833,5,63300005,seeded_ic_v1,crazyflie_ofat_pinv_fine_v1
5,motor_time_constant_minus10,motor_time_constant,0.90,0.49375000,0.50000000,6,pinv,2,0.49895833,6,63300006,seeded_ic_v1,crazyflie_ofat_pinv_fine_v1
5,motor_time_constant_minus10,motor_time_constant,0.90,0.49375000,0.50000000,6,pinv,2,0.49895833,7,63300007,seeded_ic_v1,crazyflie_ofat_pinv_fine_v1
5,motor_time_constant_minus10,motor_time_constant,0.90,0.49375000,0.50000000,6,pinv,2,0.49895833,8,63300008,seeded_ic_v1,crazyflie_ofat_pinv_fine_v1
5,motor_time_constant_minus10,motor_time_constant,0.90,0.49375000,0.50000000,6,pinv,2,0.49895833,9,63300009,seeded_ic_v1,crazyflie_ofat_pinv_fine_v1
5,motor_time_constant_minus10,motor_time_constant,0.90,0.49375000,0.50000000,6,pinv,2,0.49895833,10,63300010,seeded_ic_v1,crazyflie_ofat_pinv_fine_v1
5,motor_time_constant_minus10,motor_time_constant,0.90,0.49375000,0.50000000,6,pinv,2,0.49895833,11,63300011,seeded_ic_v1,crazyflie_ofat_pinv_fine_v1
5,motor_time_constant_minus10,motor_time_constant,0.90,0.49375000,0.50000000,6,pinv,2,0.49895833,12,63300012,seeded_ic_v1,crazyflie_ofat_pinv_fine_v1
5,motor_time_constant_minus10,motor_time_constant,0.90,0.49375000,0.50000000,6,pinv,2,0.49895833,13,63300013,seeded_ic_v1,crazyflie_ofat_pinv_fine_v1
5,motor_time_constant_minus10,motor_time_constant,0.90,0.49375000,0.50000000,6,pinv,2,0.49895833,14,63300014,seeded_ic_v1,crazyflie_ofat_pinv_fine_v1
5,motor_time_constant_minus10,motor_time_constant,0.90,0.49375000,0.50000000,6,pinv,2,0.49895833,15,63300015,seeded_ic_v1,crazyflie_ofat_pinv_fine_v1
5,motor_time_constant_minus10,motor_time_constant,0.90,0.49375000,0.50000000,6,pinv,2,0.49895833,16,63300016,seeded_ic_v1,crazyflie_ofat_pinv_fine_v1
5,motor_time_constant_minus10,motor_time_constant,0.90,0.49375000,0.50000000,6,pinv,2,0.49895833,17,63300017,seeded_ic_v1,crazyflie_ofat_pinv_fine_v1
5,motor_time_constant_minus10,motor_time_constant,0.90,0.49375000,0.50000000,6,pinv,2,0.49895833,18,63300018,seeded_ic_v1,crazyflie_ofat_pinv_fine_v1
5,motor_time_constant_minus10,motor_time_constant,0.90,0.49375000,0.50000000,6,pinv,2,0.49895833,19,63300019,seeded_ic_v1,crazyflie_ofat_pinv_fine_v1
5,motor_time_constant_minus10,motor_time_constant,0.90,0.49375000,0.50000000,6,pinv,2,0.49895833,20,63300020,seeded_ic_v1,crazyflie_ofat_pinv_fine_v1
5,motor_time_constant_minus10,motor_time_constant,0.90,0.49375000,0.50000000,6,pinv,2,0.49895833,21,63300021,seeded_ic_v1,crazyflie_ofat_pinv_fine_v1
5,motor_time_constant_minus10,motor_time_constant,0.90,0.49375000,0.50000000,6,pinv,2,0.49895833,22,63300022,seeded_ic_v1,crazyflie_ofat_pinv_fine_v1
5,motor_time_constant_minus10,motor_time_constant,0.90,0.49375000,0.50000000,6,pinv,2,0.49895833,23,63300023,seeded_ic_v1,crazyflie_ofat_pinv_fine_v1
5,motor_time_constant_minus10,motor_time_constant,0.90,0.49375000,0.50000000,6,pinv,2,0.49895833,24,63300024,seeded_ic_v1,crazyflie_ofat_pinv_fine_v1
5,motor_time_constant_minus10,motor_time_constant,0.90,0.49375000,0.50000000,6,pinv,2,0.49895833,25,63300025,seeded_ic_v1,crazyflie_ofat_pinv_fine_v1
5,motor_time_constant_minus10,motor_time_constant,0.90,0.49375000,0.50000000,6,pinv,2,0.49895833,26,63300026,seeded_ic_v1,crazyflie_ofat_pinv_fine_v1
5,motor_time_constant_minus10,motor_time_constant,0.90,0.49375000,0.50000000,6,pinv,2,0.49895833,27,63300027,seeded_ic_v1,crazyflie_ofat_pinv_fine_v1
5,motor_time_constant_minus10,motor_time_constant,0.90,0.49375000,0.50000000,6,pinv,2,0.49895833,28,63300028,seeded_ic_v1,crazyflie_ofat_pinv_fine_v1
5,motor_time_constant_minus10,motor_time_constant,0.90,0.49375000,0.50000000,6,pinv,2,0.49895833,29,63300029,seeded_ic_v1,crazyflie_ofat_pinv_fine_v1
5,motor_time_constant_minus10,motor_time_constant,0.90,0.49375000,0.50000000,6,pinv,2,0.49895833,30,63300030,seeded_ic_v1,crazyflie_ofat_pinv_fine_v1
5,motor_time_constant_minus10,motor_time_constant,0.90,0.49375000,0.50000000,7,pinv,2,0.50000000,1,63300001,seeded_ic_v1,crazyflie_ofat_pinv_fine_v1
5,motor_time_constant_minus10,motor_time_constant,0.90,0.49375000,0.50000000,7,pinv,2,0.50000000,2,63300002,seeded_ic_v1,crazyflie_ofat_pinv_fine_v1
5,motor_time_constant_minus10,motor_time_constant,0.90,0.49375000,0.50000000,7,pinv,2,0.50000000,3,63300003,seeded_ic_v1,crazyflie_ofat_pinv_fine_v1
5,motor_time_constant_minus10,motor_time_constant,0.90,0.49375000,0.50000000,7,pinv,2,0.50000000,4,63300004,seeded_ic_v1,crazyflie_ofat_pinv_fine_v1
5,motor_time_constant_minus10,motor_time_constant,0.90,0.49375000,0.50000000,7,pinv,2,0.50000000,5,63300005,seeded_ic_v1,crazyflie_ofat_pinv_fine_v1
5,motor_time_constant_minus10,motor_time_constant,0.90,0.49375000,0.50000000,7,pinv,2,0.50000000,6,63300006,seeded_ic_v1,crazyflie_ofat_pinv_fine_v1
5,motor_time_constant_minus10,motor_time_constant,0.90,0.49375000,0.50000000,7,pinv,2,0.50000000,7,63300007,seeded_ic_v1,crazyflie_ofat_pinv_fine_v1
5,motor_time_constant_minus10,motor_time_constant,0.90,0.49375000,0.50000000,7,pinv,2,0.50000000,8,63300008,seeded_ic_v1,crazyflie_ofat_pinv_fine_v1
5,motor_time_constant_minus10,motor_time_constant,0.90,0.49375000,0.50000000,7,pinv,2,0.50000000,9,63300009,seeded_ic_v1,crazyflie_ofat_pinv_fine_v1
5,motor_time_constant_minus10,motor_time_constant,0.90,0.49375000,0.50000000,7,pinv,2,0.50000000,10,63300010,seeded_ic_v1,crazyflie_ofat_pinv_fine_v1
5,motor_time_constant_minus10,motor_time_constant,0.90,0.49375000,0.50000000,7,pinv,2,0.50000000,11,63300011,seeded_ic_v1,crazyflie_ofat_pinv_fine_v1
5,motor_time_constant_minus10,motor_time_constant,0.90,0.49375000,0.50000000,7,pinv,2,0.50000000,12,63300012,seeded_ic_v1,crazyflie_ofat_pinv_fine_v1
5,motor_time_constant_minus10,motor_time_constant,0.90,0.49375000,0.50000000,7,pinv,2,0.50000000,13,63300013,seeded_ic_v1,crazyflie_ofat_pinv_fine_v1
5,motor_time_constant_minus10,motor_time_constant,0.90,0.49375000,0.50000000,7,pinv,2,0.50000000,14,63300014,seeded_ic_v1,crazyflie_ofat_pinv_fine_v1
5,motor_time_constant_minus10,motor_time_constant,0.90,0.49375000,0.50000000,7,pinv,2,0.50000000,15,63300015,seeded_ic_v1,crazyflie_ofat_pinv_fine_v1
5,motor_time_constant_minus10,motor_time_constant,0.90,0.49375000,0.50000000,7,pinv,2,0.50000000,16,63300016,seeded_ic_v1,crazyflie_ofat_pinv_fine_v1
5,motor_time_constant_minus10,motor_time_constant,0.90,0.49375000,0.50000000,7,pinv,2,0.50000000,17,63300017,seeded_ic_v1,crazyflie_ofat_pinv_fine_v1
5,motor_time_constant_minus10,motor_time_constant,0.90,0.49375000,0.50000000,7,pinv,2,0.50000000,18,63300018,seeded_ic_v1,crazyflie_ofat_pinv_fine_v1
5,motor_time_constant_minus10,motor_time_constant,0.90,0.49375000,0.50000000,7,pinv,2,0.50000000,19,63300019,seeded_ic_v1,crazyflie_ofat_pinv_fine_v1
5,motor_time_constant_minus10,motor_time_constant,0.90,0.49375000,0.50000000,7,pinv,2,0.50000000,20,63300020,seeded_ic_v1,crazyflie_ofat_pinv_fine_v1
5,motor_time_constant_minus10,motor_time_constant,0.90,0.49375000,0.50000000,7,pinv,2,0.50000000,21,63300021,seeded_ic_v1,crazyflie_ofat_pinv_fine_v1
5,motor_time_constant_minus10,motor_time_constant,0.90,0.49375000,0.50000000,7,pinv,2,0.50000000,22,63300022,seeded_ic_v1,crazyflie_ofat_pinv_fine_v1
5,motor_time_constant_minus10,motor_time_constant,0.90,0.49375000,0.50000000,7,pinv,2,0.50000000,23,63300023,seeded_ic_v1,crazyflie_ofat_pinv_fine_v1
5,motor_time_constant_minus10,motor_time_constant,0.90,0.49375000,0.50000000,7,pinv,2,0.50000000,24,63300024,seeded_ic_v1,crazyflie_ofat_pinv_fine_v1
5,motor_time_constant_minus10,motor_time_constant,0.90,0.49375000,0.50000000,7,pinv,2,0.50000000,25,63300025,seeded_ic_v1,crazyflie_ofat_pinv_fine_v1
5,motor_time_constant_minus10,motor_time_constant,0.90,0.49375000,0.50000000,7,pinv,2,0.50000000,26,63300026,seeded_ic_v1,crazyflie_ofat_pinv_fine_v1
5,motor_time_constant_minus10,motor_time_constant,0.90,0.49375000,0.50000000,7,pinv,2,0.50000000,27,63300027,seeded_ic_v1,crazyflie_ofat_pinv_fine_v1
5,motor_time_constant_minus10,motor_time_constant,0.90,0.49375000,0.50000000,7,pinv,2,0.50000000,28,63300028,seeded_ic_v1,crazyflie_ofat_pinv_fine_v1
5,motor_time_constant_minus10,motor_time_constant,0.90,0.49375000,0.50000000,7,pinv,2,0.50000000,29,63300029,seeded_ic_v1,crazyflie_ofat_pinv_fine_v1
5,motor_time_constant_minus10,motor_time_constant,0.90,0.49375000,0.50000000,7,pinv,2,0.50000000,30,63300030,seeded_ic_v1,crazyflie_ofat_pinv_fine_v1
6,motor_time_constant_plus10,motor_time_constant,1.10,0.49375000,0.50000000,1,pinv,2,0.49375000,1,63300001,seeded_ic_v1,crazyflie_ofat_pinv_fine_v1
6,motor_time_constant_plus10,motor_time_constant,1.10,0.49375000,0.50000000,1,pinv,2,0.49375000,2,63300002,seeded_ic_v1,crazyflie_ofat_pinv_fine_v1
6,motor_time_constant_plus10,motor_time_constant,1.10,0.49375000,0.50000000,1,pinv,2,0.49375000,3,63300003,seeded_ic_v1,crazyflie_ofat_pinv_fine_v1
6,motor_time_constant_plus10,motor_time_constant,1.10,0.49375000,0.50000000,1,pinv,2,0.49375000,4,63300004,seeded_ic_v1,crazyflie_ofat_pinv_fine_v1
6,motor_time_constant_plus10,motor_time_constant,1.10,0.49375000,0.50000000,1,pinv,2,0.49375000,5,63300005,seeded_ic_v1,crazyflie_ofat_pinv_fine_v1
6,motor_time_constant_plus10,motor_time_constant,1.10,0.49375000,0.50000000,1,pinv,2,0.49375000,6,63300006,seeded_ic_v1,crazyflie_ofat_pinv_fine_v1
6,motor_time_constant_plus10,motor_time_constant,1.10,0.49375000,0.50000000,1,pinv,2,0.49375000,7,63300007,seeded_ic_v1,crazyflie_ofat_pinv_fine_v1
6,motor_time_constant_plus10,motor_time_constant,1.10,0.49375000,0.50000000,1,pinv,2,0.49375000,8,63300008,seeded_ic_v1,crazyflie_ofat_pinv_fine_v1
6,motor_time_constant_plus10,motor_time_constant,1.10,0.49375000,0.50000000,1,pinv,2,0.49375000,9,63300009,seeded_ic_v1,crazyflie_ofat_pinv_fine_v1
6,motor_time_constant_plus10,motor_time_constant,1.10,0.49375000,0.50000000,1,pinv,2,0.49375000,10,63300010,seeded_ic_v1,crazyflie_ofat_pinv_fine_v1
6,motor_time_constant_plus10,motor_time_constant,1.10,0.49375000,0.50000000,1,pinv,2,0.49375000,11,63300011,seeded_ic_v1,crazyflie_ofat_pinv_fine_v1
6,motor_time_constant_plus10,motor_time_constant,1.10,0.49375000,0.50000000,1,pinv,2,0.49375000,12,63300012,seeded_ic_v1,crazyflie_ofat_pinv_fine_v1
6,motor_time_constant_plus10,motor_time_constant,1.10,0.49375000,0.50000000,1,pinv,2,0.49375000,13,63300013,seeded_ic_v1,crazyflie_ofat_pinv_fine_v1
6,motor_time_constant_plus10,motor_time_constant,1.10,0.49375000,0.50000000,1,pinv,2,0.49375000,14,63300014,seeded_ic_v1,crazyflie_ofat_pinv_fine_v1
6,motor_time_constant_plus10,motor_time_constant,1.10,0.49375000,0.50000000,1,pinv,2,0.49375000,15,63300015,seeded_ic_v1,crazyflie_ofat_pinv_fine_v1
6,motor_time_constant_plus10,motor_time_constant,1.10,0.49375000,0.50000000,1,pinv,2,0.49375000,16,63300016,seeded_ic_v1,crazyflie_ofat_pinv_fine_v1
6,motor_time_constant_plus10,motor_time_constant,1.10,0.49375000,0.50000000,1,pinv,2,0.49375000,17,63300017,seeded_ic_v1,crazyflie_ofat_pinv_fine_v1
6,motor_time_constant_plus10,motor_time_constant,1.10,0.49375000,0.50000000,1,pinv,2,0.49375000,18,63300018,seeded_ic_v1,crazyflie_ofat_pinv_fine_v1
6,motor_time_constant_plus10,motor_time_constant,1.10,0.49375000,0.50000000,1,pinv,2,0.49375000,19,63300019,seeded_ic_v1,crazyflie_ofat_pinv_fine_v1
6,motor_time_constant_plus10,motor_time_constant,1.10,0.49375000,0.50000000,1,pinv,2,0.49375000,20,63300020,seeded_ic_v1,crazyflie_ofat_pinv_fine_v1
6,motor_time_constant_plus10,motor_time_constant,1.10,0.49375000,0.50000000,1,pinv,2,0.49375000,21,63300021,seeded_ic_v1,crazyflie_ofat_pinv_fine_v1
6,motor_time_constant_plus10,motor_time_constant,1.10,0.49375000,0.50000000,1,pinv,2,0.49375000,22,63300022,seeded_ic_v1,crazyflie_ofat_pinv_fine_v1
6,motor_time_constant_plus10,motor_time_constant,1.10,0.49375000,0.50000000,1,pinv,2,0.49375000,23,63300023,seeded_ic_v1,crazyflie_ofat_pinv_fine_v1
6,motor_time_constant_plus10,motor_time_constant,1.10,0.49375000,0.50000000,1,pinv,2,0.49375000,24,63300024,seeded_ic_v1,crazyflie_ofat_pinv_fine_v1
6,motor_time_constant_plus10,motor_time_constant,1.10,0.49375000,0.50000000,1,pinv,2,0.49375000,25,63300025,seeded_ic_v1,crazyflie_ofat_pinv_fine_v1
6,motor_time_constant_plus10,motor_time_constant,1.10,0.49375000,0.50000000,1,pinv,2,0.49375000,26,63300026,seeded_ic_v1,crazyflie_ofat_pinv_fine_v1
6,motor_time_constant_plus10,motor_time_constant,1.10,0.49375000,0.50000000,1,pinv,2,0.49375000,27,63300027,seeded_ic_v1,crazyflie_ofat_pinv_fine_v1
6,motor_time_constant_plus10,motor_time_constant,1.10,0.49375000,0.50000000,1,pinv,2,0.49375000,28,63300028,seeded_ic_v1,crazyflie_ofat_pinv_fine_v1
6,motor_time_constant_plus10,motor_time_constant,1.10,0.49375000,0.50000000,1,pinv,2,0.49375000,29,63300029,seeded_ic_v1,crazyflie_ofat_pinv_fine_v1
6,motor_time_constant_plus10,motor_time_constant,1.10,0.49375000,0.50000000,1,pinv,2,0.49375000,30,63300030,seeded_ic_v1,crazyflie_ofat_pinv_fine_v1
6,motor_time_constant_plus10,motor_time_constant,1.10,0.49375000,0.50000000,2,pinv,2,0.49479167,1,63300001,seeded_ic_v1,crazyflie_ofat_pinv_fine_v1
6,motor_time_constant_plus10,motor_time_constant,1.10,0.49375000,0.50000000,2,pinv,2,0.49479167,2,63300002,seeded_ic_v1,crazyflie_ofat_pinv_fine_v1
6,motor_time_constant_plus10,motor_time_constant,1.10,0.49375000,0.50000000,2,pinv,2,0.49479167,3,63300003,seeded_ic_v1,crazyflie_ofat_pinv_fine_v1
6,motor_time_constant_plus10,motor_time_constant,1.10,0.49375000,0.50000000,2,pinv,2,0.49479167,4,63300004,seeded_ic_v1,crazyflie_ofat_pinv_fine_v1
6,motor_time_constant_plus10,motor_time_constant,1.10,0.49375000,0.50000000,2,pinv,2,0.49479167,5,63300005,seeded_ic_v1,crazyflie_ofat_pinv_fine_v1
6,motor_time_constant_plus10,motor_time_constant,1.10,0.49375000,0.50000000,2,pinv,2,0.49479167,6,63300006,seeded_ic_v1,crazyflie_ofat_pinv_fine_v1
6,motor_time_constant_plus10,motor_time_constant,1.10,0.49375000,0.50000000,2,pinv,2,0.49479167,7,63300007,seeded_ic_v1,crazyflie_ofat_pinv_fine_v1
6,motor_time_constant_plus10,motor_time_constant,1.10,0.49375000,0.50000000,2,pinv,2,0.49479167,8,63300008,seeded_ic_v1,crazyflie_ofat_pinv_fine_v1
6,motor_time_constant_plus10,motor_time_constant,1.10,0.49375000,0.50000000,2,pinv,2,0.49479167,9,63300009,seeded_ic_v1,crazyflie_ofat_pinv_fine_v1
6,motor_time_constant_plus10,motor_time_constant,1.10,0.49375000,0.50000000,2,pinv,2,0.49479167,10,63300010,seeded_ic_v1,crazyflie_ofat_pinv_fine_v1
6,motor_time_constant_plus10,motor_time_constant,1.10,0.49375000,0.50000000,2,pinv,2,0.49479167,11,63300011,seeded_ic_v1,crazyflie_ofat_pinv_fine_v1
6,motor_time_constant_plus10,motor_time_constant,1.10,0.49375000,0.50000000,2,pinv,2,0.49479167,12,63300012,seeded_ic_v1,crazyflie_ofat_pinv_fine_v1
6,motor_time_constant_plus10,motor_time_constant,1.10,0.49375000,0.50000000,2,pinv,2,0.49479167,13,63300013,seeded_ic_v1,crazyflie_ofat_pinv_fine_v1
6,motor_time_constant_plus10,motor_time_constant,1.10,0.49375000,0.50000000,2,pinv,2,0.49479167,14,63300014,seeded_ic_v1,crazyflie_ofat_pinv_fine_v1
6,motor_time_constant_plus10,motor_time_constant,1.10,0.49375000,0.50000000,2,pinv,2,0.49479167,15,63300015,seeded_ic_v1,crazyflie_ofat_pinv_fine_v1
6,motor_time_constant_plus10,motor_time_constant,1.10,0.49375000,0.50000000,2,pinv,2,0.49479167,16,63300016,seeded_ic_v1,crazyflie_ofat_pinv_fine_v1
6,motor_time_constant_plus10,motor_time_constant,1.10,0.49375000,0.50000000,2,pinv,2,0.49479167,17,63300017,seeded_ic_v1,crazyflie_ofat_pinv_fine_v1
6,motor_time_constant_plus10,motor_time_constant,1.10,0.49375000,0.50000000,2,pinv,2,0.49479167,18,63300018,seeded_ic_v1,crazyflie_ofat_pinv_fine_v1
6,motor_time_constant_plus10,motor_time_constant,1.10,0.49375000,0.50000000,2,pinv,2,0.49479167,19,63300019,seeded_ic_v1,crazyflie_ofat_pinv_fine_v1
6,motor_time_constant_plus10,motor_time_constant,1.10,0.49375000,0.50000000,2,pinv,2,0.49479167,20,63300020,seeded_ic_v1,crazyflie_ofat_pinv_fine_v1
6,motor_time_constant_plus10,motor_time_constant,1.10,0.49375000,0.50000000,2,pinv,2,0.49479167,21,63300021,seeded_ic_v1,crazyflie_ofat_pinv_fine_v1
6,motor_time_constant_plus10,motor_time_constant,1.10,0.49375000,0.50000000,2,pinv,2,0.49479167,22,63300022,seeded_ic_v1,crazyflie_ofat_pinv_fine_v1
6,motor_time_constant_plus10,motor_time_constant,1.10,0.49375000,0.50000000,2,pinv,2,0.49479167,23,63300023,seeded_ic_v1,crazyflie_ofat_pinv_fine_v1
6,motor_time_constant_plus10,motor_time_constant,1.10,0.49375000,0.50000000,2,pinv,2,0.49479167,24,63300024,seeded_ic_v1,crazyflie_ofat_pinv_fine_v1
6,motor_time_constant_plus10,motor_time_constant,1.10,0.49375000,0.50000000,2,pinv,2,0.49479167,25,63300025,seeded_ic_v1,crazyflie_ofat_pinv_fine_v1
6,motor_time_constant_plus10,motor_time_constant,1.10,0.49375000,0.50000000,2,pinv,2,0.49479167,26,63300026,seeded_ic_v1,crazyflie_ofat_pinv_fine_v1
6,motor_time_constant_plus10,motor_time_constant,1.10,0.49375000,0.50000000,2,pinv,2,0.49479167,27,63300027,seeded_ic_v1,crazyflie_ofat_pinv_fine_v1
6,motor_time_constant_plus10,motor_time_constant,1.10,0.49375000,0.50000000,2,pinv,2,0.49479167,28,63300028,seeded_ic_v1,crazyflie_ofat_pinv_fine_v1
6,motor_time_constant_plus10,motor_time_constant,1.10,0.49375000,0.50000000,2,pinv,2,0.49479167,29,63300029,seeded_ic_v1,crazyflie_ofat_pinv_fine_v1
6,motor_time_constant_plus10,motor_time_constant,1.10,0.49375000,0.50000000,2,pinv,2,0.49479167,30,63300030,seeded_ic_v1,crazyflie_ofat_pinv_fine_v1
6,motor_time_constant_plus10,motor_time_constant,1.10,0.49375000,0.50000000,3,pinv,2,0.49583333,1,63300001,seeded_ic_v1,crazyflie_ofat_pinv_fine_v1
6,motor_time_constant_plus10,motor_time_constant,1.10,0.49375000,0.50000000,3,pinv,2,0.49583333,2,63300002,seeded_ic_v1,crazyflie_ofat_pinv_fine_v1
6,motor_time_constant_plus10,motor_time_constant,1.10,0.49375000,0.50000000,3,pinv,2,0.49583333,3,63300003,seeded_ic_v1,crazyflie_ofat_pinv_fine_v1
6,motor_time_constant_plus10,motor_time_constant,1.10,0.49375000,0.50000000,3,pinv,2,0.49583333,4,63300004,seeded_ic_v1,crazyflie_ofat_pinv_fine_v1
6,motor_time_constant_plus10,motor_time_constant,1.10,0.49375000,0.50000000,3,pinv,2,0.49583333,5,63300005,seeded_ic_v1,crazyflie_ofat_pinv_fine_v1
6,motor_time_constant_plus10,motor_time_constant,1.10,0.49375000,0.50000000,3,pinv,2,0.49583333,6,63300006,seeded_ic_v1,crazyflie_ofat_pinv_fine_v1
6,motor_time_constant_plus10,motor_time_constant,1.10,0.49375000,0.50000000,3,pinv,2,0.49583333,7,63300007,seeded_ic_v1,crazyflie_ofat_pinv_fine_v1
6,motor_time_constant_plus10,motor_time_constant,1.10,0.49375000,0.50000000,3,pinv,2,0.49583333,8,63300008,seeded_ic_v1,crazyflie_ofat_pinv_fine_v1
6,motor_time_constant_plus10,motor_time_constant,1.10,0.49375000,0.50000000,3,pinv,2,0.49583333,9,63300009,seeded_ic_v1,crazyflie_ofat_pinv_fine_v1
6,motor_time_constant_plus10,motor_time_constant,1.10,0.49375000,0.50000000,3,pinv,2,0.49583333,10,63300010,seeded_ic_v1,crazyflie_ofat_pinv_fine_v1
6,motor_time_constant_plus10,motor_time_constant,1.10,0.49375000,0.50000000,3,pinv,2,0.49583333,11,63300011,seeded_ic_v1,crazyflie_ofat_pinv_fine_v1
6,motor_time_constant_plus10,motor_time_constant,1.10,0.49375000,0.50000000,3,pinv,2,0.49583333,12,63300012,seeded_ic_v1,crazyflie_ofat_pinv_fine_v1
6,motor_time_constant_plus10,motor_time_constant,1.10,0.49375000,0.50000000,3,pinv,2,0.49583333,13,63300013,seeded_ic_v1,crazyflie_ofat_pinv_fine_v1
6,motor_time_constant_plus10,motor_time_constant,1.10,0.49375000,0.50000000,3,pinv,2,0.49583333,14,63300014,seeded_ic_v1,crazyflie_ofat_pinv_fine_v1
6,motor_time_constant_plus10,motor_time_constant,1.10,0.49375000,0.50000000,3,pinv,2,0.49583333,15,63300015,seeded_ic_v1,crazyflie_ofat_pinv_fine_v1
6,motor_time_constant_plus10,motor_time_constant,1.10,0.49375000,0.50000000,3,pinv,2,0.49583333,16,63300016,seeded_ic_v1,crazyflie_ofat_pinv_fine_v1
6,motor_time_constant_plus10,motor_time_constant,1.10,0.49375000,0.50000000,3,pinv,2,0.49583333,17,63300017,seeded_ic_v1,crazyflie_ofat_pinv_fine_v1
6,motor_time_constant_plus10,motor_time_constant,1.10,0.49375000,0.50000000,3,pinv,2,0.49583333,18,63300018,seeded_ic_v1,crazyflie_ofat_pinv_fine_v1
6,motor_time_constant_plus10,motor_time_constant,1.10,0.49375000,0.50000000,3,pinv,2,0.49583333,19,63300019,seeded_ic_v1,crazyflie_ofat_pinv_fine_v1
6,motor_time_constant_plus10,motor_time_constant,1.10,0.49375000,0.50000000,3,pinv,2,0.49583333,20,63300020,seeded_ic_v1,crazyflie_ofat_pinv_fine_v1
6,motor_time_constant_plus10,motor_time_constant,1.10,0.49375000,0.50000000,3,pinv,2,0.49583333,21,63300021,seeded_ic_v1,crazyflie_ofat_pinv_fine_v1
6,motor_time_constant_plus10,motor_time_constant,1.10,0.49375000,0.50000000,3,pinv,2,0.49583333,22,63300022,seeded_ic_v1,crazyflie_ofat_pinv_fine_v1
6,motor_time_constant_plus10,motor_time_constant,1.10,0.49375000,0.50000000,3,pinv,2,0.49583333,23,63300023,seeded_ic_v1,crazyflie_ofat_pinv_fine_v1
6,motor_time_constant_plus10,motor_time_constant,1.10,0.49375000,0.50000000,3,pinv,2,0.49583333,24,63300024,seeded_ic_v1,crazyflie_ofat_pinv_fine_v1
6,motor_time_constant_plus10,motor_time_constant,1.10,0.49375000,0.50000000,3,pinv,2,0.49583333,25,63300025,seeded_ic_v1,crazyflie_ofat_pinv_fine_v1
6,motor_time_constant_plus10,motor_time_constant,1.10,0.49375000,0.50000000,3,pinv,2,0.49583333,26,63300026,seeded_ic_v1,crazyflie_ofat_pinv_fine_v1
6,motor_time_constant_plus10,motor_time_constant,1.10,0.49375000,0.50000000,3,pinv,2,0.49583333,27,63300027,seeded_ic_v1,crazyflie_ofat_pinv_fine_v1
6,motor_time_constant_plus10,motor_time_constant,1.10,0.49375000,0.50000000,3,pinv,2,0.49583333,28,63300028,seeded_ic_v1,crazyflie_ofat_pinv_fine_v1
6,motor_time_constant_plus10,motor_time_constant,1.10,0.49375000,0.50000000,3,pinv,2,0.49583333,29,63300029,seeded_ic_v1,crazyflie_ofat_pinv_fine_v1
6,motor_time_constant_plus10,motor_time_constant,1.10,0.49375000,0.50000000,3,pinv,2,0.49583333,30,63300030,seeded_ic_v1,crazyflie_ofat_pinv_fine_v1
6,motor_time_constant_plus10,motor_time_constant,1.10,0.49375000,0.50000000,4,pinv,2,0.49687500,1,63300001,seeded_ic_v1,crazyflie_ofat_pinv_fine_v1
6,motor_time_constant_plus10,motor_time_constant,1.10,0.49375000,0.50000000,4,pinv,2,0.49687500,2,63300002,seeded_ic_v1,crazyflie_ofat_pinv_fine_v1
6,motor_time_constant_plus10,motor_time_constant,1.10,0.49375000,0.50000000,4,pinv,2,0.49687500,3,63300003,seeded_ic_v1,crazyflie_ofat_pinv_fine_v1
6,motor_time_constant_plus10,motor_time_constant,1.10,0.49375000,0.50000000,4,pinv,2,0.49687500,4,63300004,seeded_ic_v1,crazyflie_ofat_pinv_fine_v1
6,motor_time_constant_plus10,motor_time_constant,1.10,0.49375000,0.50000000,4,pinv,2,0.49687500,5,63300005,seeded_ic_v1,crazyflie_ofat_pinv_fine_v1
6,motor_time_constant_plus10,motor_time_constant,1.10,0.49375000,0.50000000,4,pinv,2,0.49687500,6,63300006,seeded_ic_v1,crazyflie_ofat_pinv_fine_v1
6,motor_time_constant_plus10,motor_time_constant,1.10,0.49375000,0.50000000,4,pinv,2,0.49687500,7,63300007,seeded_ic_v1,crazyflie_ofat_pinv_fine_v1
6,motor_time_constant_plus10,motor_time_constant,1.10,0.49375000,0.50000000,4,pinv,2,0.49687500,8,63300008,seeded_ic_v1,crazyflie_ofat_pinv_fine_v1
6,motor_time_constant_plus10,motor_time_constant,1.10,0.49375000,0.50000000,4,pinv,2,0.49687500,9,63300009,seeded_ic_v1,crazyflie_ofat_pinv_fine_v1
6,motor_time_constant_plus10,motor_time_constant,1.10,0.49375000,0.50000000,4,pinv,2,0.49687500,10,63300010,seeded_ic_v1,crazyflie_ofat_pinv_fine_v1
6,motor_time_constant_plus10,motor_time_constant,1.10,0.49375000,0.50000000,4,pinv,2,0.49687500,11,63300011,seeded_ic_v1,crazyflie_ofat_pinv_fine_v1
6,motor_time_constant_plus10,motor_time_constant,1.10,0.49375000,0.50000000,4,pinv,2,0.49687500,12,63300012,seeded_ic_v1,crazyflie_ofat_pinv_fine_v1
6,motor_time_constant_plus10,motor_time_constant,1.10,0.49375000,0.50000000,4,pinv,2,0.49687500,13,63300013,seeded_ic_v1,crazyflie_ofat_pinv_fine_v1
6,motor_time_constant_plus10,motor_time_constant,1.10,0.49375000,0.50000000,4,pinv,2,0.49687500,14,63300014,seeded_ic_v1,crazyflie_ofat_pinv_fine_v1
6,motor_time_constant_plus10,motor_time_constant,1.10,0.49375000,0.50000000,4,pinv,2,0.49687500,15,63300015,seeded_ic_v1,crazyflie_ofat_pinv_fine_v1
6,motor_time_constant_plus10,motor_time_constant,1.10,0.49375000,0.50000000,4,pinv,2,0.49687500,16,63300016,seeded_ic_v1,crazyflie_ofat_pinv_fine_v1
6,motor_time_constant_plus10,motor_time_constant,1.10,0.49375000,0.50000000,4,pinv,2,0.49687500,17,63300017,seeded_ic_v1,crazyflie_ofat_pinv_fine_v1
6,motor_time_constant_plus10,motor_time_constant,1.10,0.49375000,0.50000000,4,pinv,2,0.49687500,18,63300018,seeded_ic_v1,crazyflie_ofat_pinv_fine_v1
6,motor_time_constant_plus10,motor_time_constant,1.10,0.49375000,0.50000000,4,pinv,2,0.49687500,19,63300019,seeded_ic_v1,crazyflie_ofat_pinv_fine_v1
6,motor_time_constant_plus10,motor_time_constant,1.10,0.49375000,0.50000000,4,pinv,2,0.49687500,20,63300020,seeded_ic_v1,crazyflie_ofat_pinv_fine_v1
6,motor_time_constant_plus10,motor_time_constant,1.10,0.49375000,0.50000000,4,pinv,2,0.49687500,21,63300021,seeded_ic_v1,crazyflie_ofat_pinv_fine_v1
6,motor_time_constant_plus10,motor_time_constant,1.10,0.49375000,0.50000000,4,pinv,2,0.49687500,22,63300022,seeded_ic_v1,crazyflie_ofat_pinv_fine_v1
6,motor_time_constant_plus10,motor_time_constant,1.10,0.49375000,0.50000000,4,pinv,2,0.49687500,23,63300023,seeded_ic_v1,crazyflie_ofat_pinv_fine_v1
6,motor_time_constant_plus10,motor_time_constant,1.10,0.49375000,0.50000000,4,pinv,2,0.49687500,24,63300024,seeded_ic_v1,crazyflie_ofat_pinv_fine_v1
6,motor_time_constant_plus10,motor_time_constant,1.10,0.49375000,0.50000000,4,pinv,2,0.49687500,25,63300025,seeded_ic_v1,crazyflie_ofat_pinv_fine_v1
6,motor_time_constant_plus10,motor_time_constant,1.10,0.49375000,0.50000000,4,pinv,2,0.49687500,26,63300026,seeded_ic_v1,crazyflie_ofat_pinv_fine_v1
6,motor_time_constant_plus10,motor_time_constant,1.10,0.49375000,0.50000000,4,pinv,2,0.49687500,27,63300027,seeded_ic_v1,crazyflie_ofat_pinv_fine_v1
6,motor_time_constant_plus10,motor_time_constant,1.10,0.49375000,0.50000000,4,pinv,2,0.49687500,28,63300028,seeded_ic_v1,crazyflie_ofat_pinv_fine_v1
6,motor_time_constant_plus10,motor_time_constant,1.10,0.49375000,0.50000000,4,pinv,2,0.49687500,29,63300029,seeded_ic_v1,crazyflie_ofat_pinv_fine_v1
6,motor_time_constant_plus10,motor_time_constant,1.10,0.49375000,0.50000000,4,pinv,2,0.49687500,30,63300030,seeded_ic_v1,crazyflie_ofat_pinv_fine_v1
6,motor_time_constant_plus10,motor_time_constant,1.10,0.49375000,0.50000000,5,pinv,2,0.49791667,1,63300001,seeded_ic_v1,crazyflie_ofat_pinv_fine_v1
6,motor_time_constant_plus10,motor_time_constant,1.10,0.49375000,0.50000000,5,pinv,2,0.49791667,2,63300002,seeded_ic_v1,crazyflie_ofat_pinv_fine_v1
6,motor_time_constant_plus10,motor_time_constant,1.10,0.49375000,0.50000000,5,pinv,2,0.49791667,3,63300003,seeded_ic_v1,crazyflie_ofat_pinv_fine_v1
6,motor_time_constant_plus10,motor_time_constant,1.10,0.49375000,0.50000000,5,pinv,2,0.49791667,4,63300004,seeded_ic_v1,crazyflie_ofat_pinv_fine_v1
6,motor_time_constant_plus10,motor_time_constant,1.10,0.49375000,0.50000000,5,pinv,2,0.49791667,5,63300005,seeded_ic_v1,crazyflie_ofat_pinv_fine_v1
6,motor_time_constant_plus10,motor_time_constant,1.10,0.49375000,0.50000000,5,pinv,2,0.49791667,6,63300006,seeded_ic_v1,crazyflie_ofat_pinv_fine_v1
6,motor_time_constant_plus10,motor_time_constant,1.10,0.49375000,0.50000000,5,pinv,2,0.49791667,7,63300007,seeded_ic_v1,crazyflie_ofat_pinv_fine_v1
6,motor_time_constant_plus10,motor_time_constant,1.10,0.49375000,0.50000000,5,pinv,2,0.49791667,8,63300008,seeded_ic_v1,crazyflie_ofat_pinv_fine_v1
6,motor_time_constant_plus10,motor_time_constant,1.10,0.49375000,0.50000000,5,pinv,2,0.49791667,9,63300009,seeded_ic_v1,crazyflie_ofat_pinv_fine_v1
6,motor_time_constant_plus10,motor_time_constant,1.10,0.49375000,0.50000000,5,pinv,2,0.49791667,10,63300010,seeded_ic_v1,crazyflie_ofat_pinv_fine_v1
6,motor_time_constant_plus10,motor_time_constant,1.10,0.49375000,0.50000000,5,pinv,2,0.49791667,11,63300011,seeded_ic_v1,crazyflie_ofat_pinv_fine_v1
6,motor_time_constant_plus10,motor_time_constant,1.10,0.49375000,0.50000000,5,pinv,2,0.49791667,12,63300012,seeded_ic_v1,crazyflie_ofat_pinv_fine_v1
6,motor_time_constant_plus10,motor_time_constant,1.10,0.49375000,0.50000000,5,pinv,2,0.49791667,13,63300013,seeded_ic_v1,crazyflie_ofat_pinv_fine_v1
6,motor_time_constant_plus10,motor_time_constant,1.10,0.49375000,0.50000000,5,pinv,2,0.49791667,14,63300014,seeded_ic_v1,crazyflie_ofat_pinv_fine_v1
6,motor_time_constant_plus10,motor_time_constant,1.10,0.49375000,0.50000000,5,pinv,2,0.49791667,15,63300015,seeded_ic_v1,crazyflie_ofat_pinv_fine_v1
6,motor_time_constant_plus10,motor_time_constant,1.10,0.49375000,0.50000000,5,pinv,2,0.49791667,16,63300016,seeded_ic_v1,crazyflie_ofat_pinv_fine_v1
6,motor_time_constant_plus10,motor_time_constant,1.10,0.49375000,0.50000000,5,pinv,2,0.49791667,17,63300017,seeded_ic_v1,crazyflie_ofat_pinv_fine_v1
6,motor_time_constant_plus10,motor_time_constant,1.10,0.49375000,0.50000000,5,pinv,2,0.49791667,18,63300018,seeded_ic_v1,crazyflie_ofat_pinv_fine_v1
6,motor_time_constant_plus10,motor_time_constant,1.10,0.49375000,0.50000000,5,pinv,2,0.49791667,19,63300019,seeded_ic_v1,crazyflie_ofat_pinv_fine_v1
6,motor_time_constant_plus10,motor_time_constant,1.10,0.49375000,0.50000000,5,pinv,2,0.49791667,20,63300020,seeded_ic_v1,crazyflie_ofat_pinv_fine_v1
6,motor_time_constant_plus10,motor_time_constant,1.10,0.49375000,0.50000000,5,pinv,2,0.49791667,21,63300021,seeded_ic_v1,crazyflie_ofat_pinv_fine_v1
6,motor_time_constant_plus10,motor_time_constant,1.10,0.49375000,0.50000000,5,pinv,2,0.49791667,22,63300022,seeded_ic_v1,crazyflie_ofat_pinv_fine_v1
6,motor_time_constant_plus10,motor_time_constant,1.10,0.49375000,0.50000000,5,pinv,2,0.49791667,23,63300023,seeded_ic_v1,crazyflie_ofat_pinv_fine_v1
6,motor_time_constant_plus10,motor_time_constant,1.10,0.49375000,0.50000000,5,pinv,2,0.49791667,24,63300024,seeded_ic_v1,crazyflie_ofat_pinv_fine_v1
6,motor_time_constant_plus10,motor_time_constant,1.10,0.49375000,0.50000000,5,pinv,2,0.49791667,25,63300025,seeded_ic_v1,crazyflie_ofat_pinv_fine_v1
6,motor_time_constant_plus10,motor_time_constant,1.10,0.49375000,0.50000000,5,pinv,2,0.49791667,26,63300026,seeded_ic_v1,crazyflie_ofat_pinv_fine_v1
6,motor_time_constant_plus10,motor_time_constant,1.10,0.49375000,0.50000000,5,pinv,2,0.49791667,27,63300027,seeded_ic_v1,crazyflie_ofat_pinv_fine_v1
6,motor_time_constant_plus10,motor_time_constant,1.10,0.49375000,0.50000000,5,pinv,2,0.49791667,28,63300028,seeded_ic_v1,crazyflie_ofat_pinv_fine_v1
6,motor_time_constant_plus10,motor_time_constant,1.10,0.49375000,0.50000000,5,pinv,2,0.49791667,29,63300029,seeded_ic_v1,crazyflie_ofat_pinv_fine_v1
6,motor_time_constant_plus10,motor_time_constant,1.10,0.49375000,0.50000000,5,pinv,2,0.49791667,30,63300030,seeded_ic_v1,crazyflie_ofat_pinv_fine_v1
6,motor_time_constant_plus10,motor_time_constant,1.10,0.49375000,0.50000000,6,pinv,2,0.49895833,1,63300001,seeded_ic_v1,crazyflie_ofat_pinv_fine_v1
6,motor_time_constant_plus10,motor_time_constant,1.10,0.49375000,0.50000000,6,pinv,2,0.49895833,2,63300002,seeded_ic_v1,crazyflie_ofat_pinv_fine_v1
6,motor_time_constant_plus10,motor_time_constant,1.10,0.49375000,0.50000000,6,pinv,2,0.49895833,3,63300003,seeded_ic_v1,crazyflie_ofat_pinv_fine_v1
6,motor_time_constant_plus10,motor_time_constant,1.10,0.49375000,0.50000000,6,pinv,2,0.49895833,4,63300004,seeded_ic_v1,crazyflie_ofat_pinv_fine_v1
6,motor_time_constant_plus10,motor_time_constant,1.10,0.49375000,0.50000000,6,pinv,2,0.49895833,5,63300005,seeded_ic_v1,crazyflie_ofat_pinv_fine_v1
6,motor_time_constant_plus10,motor_time_constant,1.10,0.49375000,0.50000000,6,pinv,2,0.49895833,6,63300006,seeded_ic_v1,crazyflie_ofat_pinv_fine_v1
6,motor_time_constant_plus10,motor_time_constant,1.10,0.49375000,0.50000000,6,pinv,2,0.49895833,7,63300007,seeded_ic_v1,crazyflie_ofat_pinv_fine_v1
6,motor_time_constant_plus10,motor_time_constant,1.10,0.49375000,0.50000000,6,pinv,2,0.49895833,8,63300008,seeded_ic_v1,crazyflie_ofat_pinv_fine_v1
6,motor_time_constant_plus10,motor_time_constant,1.10,0.49375000,0.50000000,6,pinv,2,0.49895833,9,63300009,seeded_ic_v1,crazyflie_ofat_pinv_fine_v1
6,motor_time_constant_plus10,motor_time_constant,1.10,0.49375000,0.50000000,6,pinv,2,0.49895833,10,63300010,seeded_ic_v1,crazyflie_ofat_pinv_fine_v1
6,motor_time_constant_plus10,motor_time_constant,1.10,0.49375000,0.50000000,6,pinv,2,0.49895833,11,63300011,seeded_ic_v1,crazyflie_ofat_pinv_fine_v1
6,motor_time_constant_plus10,motor_time_constant,1.10,0.49375000,0.50000000,6,pinv,2,0.49895833,12,63300012,seeded_ic_v1,crazyflie_ofat_pinv_fine_v1
6,motor_time_constant_plus10,motor_time_constant,1.10,0.49375000,0.50000000,6,pinv,2,0.49895833,13,63300013,seeded_ic_v1,crazyflie_ofat_pinv_fine_v1
6,motor_time_constant_plus10,motor_time_constant,1.10,0.49375000,0.50000000,6,pinv,2,0.49895833,14,63300014,seeded_ic_v1,crazyflie_ofat_pinv_fine_v1
6,motor_time_constant_plus10,motor_time_constant,1.10,0.49375000,0.50000000,6,pinv,2,0.49895833,15,63300015,seeded_ic_v1,crazyflie_ofat_pinv_fine_v1
6,motor_time_constant_plus10,motor_time_constant,1.10,0.49375000,0.50000000,6,pinv,2,0.49895833,16,63300016,seeded_ic_v1,crazyflie_ofat_pinv_fine_v1
6,motor_time_constant_plus10,motor_time_constant,1.10,0.49375000,0.50000000,6,pinv,2,0.49895833,17,63300017,seeded_ic_v1,crazyflie_ofat_pinv_fine_v1
6,motor_time_constant_plus10,motor_time_constant,1.10,0.49375000,0.50000000,6,pinv,2,0.49895833,18,63300018,seeded_ic_v1,crazyflie_ofat_pinv_fine_v1
6,motor_time_constant_plus10,motor_time_constant,1.10,0.49375000,0.50000000,6,pinv,2,0.49895833,19,63300019,seeded_ic_v1,crazyflie_ofat_pinv_fine_v1
6,motor_time_constant_plus10,motor_time_constant,1.10,0.49375000,0.50000000,6,pinv,2,0.49895833,20,63300020,seeded_ic_v1,crazyflie_ofat_pinv_fine_v1
6,motor_time_constant_plus10,motor_time_constant,1.10,0.49375000,0.50000000,6,pinv,2,0.49895833,21,63300021,seeded_ic_v1,crazyflie_ofat_pinv_fine_v1
6,motor_time_constant_plus10,motor_time_constant,1.10,0.49375000,0.50000000,6,pinv,2,0.49895833,22,63300022,seeded_ic_v1,crazyflie_ofat_pinv_fine_v1
6,motor_time_constant_plus10,motor_time_constant,1.10,0.49375000,0.50000000,6,pinv,2,0.49895833,23,63300023,seeded_ic_v1,crazyflie_ofat_pinv_fine_v1
6,motor_time_constant_plus10,motor_time_constant,1.10,0.49375000,0.50000000,6,pinv,2,0.49895833,24,63300024,seeded_ic_v1,crazyflie_ofat_pinv_fine_v1
6,motor_time_constant_plus10,motor_time_constant,1.10,0.49375000,0.50000000,6,pinv,2,0.49895833,25,63300025,seeded_ic_v1,crazyflie_ofat_pinv_fine_v1
6,motor_time_constant_plus10,motor_time_constant,1.10,0.49375000,0.50000000,6,pinv,2,0.49895833,26,63300026,seeded_ic_v1,crazyflie_ofat_pinv_fine_v1
6,motor_time_constant_plus10,motor_time_constant,1.10,0.49375000,0.50000000,6,pinv,2,0.49895833,27,63300027,seeded_ic_v1,crazyflie_ofat_pinv_fine_v1
6,motor_time_constant_plus10,motor_time_constant,1.10,0.49375000,0.50000000,6,pinv,2,0.49895833,28,63300028,seeded_ic_v1,crazyflie_ofat_pinv_fine_v1
6,motor_time_constant_plus10,motor_time_constant,1.10,0.49375000,0.50000000,6,pinv,2,0.49895833,29,63300029,seeded_ic_v1,crazyflie_ofat_pinv_fine_v1
6,motor_time_constant_plus10,motor_time_constant,1.10,0.49375000,0.50000000,6,pinv,2,0.49895833,30,63300030,seeded_ic_v1,crazyflie_ofat_pinv_fine_v1
6,motor_time_constant_plus10,motor_time_constant,1.10,0.49375000,0.50000000,7,pinv,2,0.50000000,1,63300001,seeded_ic_v1,crazyflie_ofat_pinv_fine_v1
6,motor_time_constant_plus10,motor_time_constant,1.10,0.49375000,0.50000000,7,pinv,2,0.50000000,2,63300002,seeded_ic_v1,crazyflie_ofat_pinv_fine_v1
6,motor_time_constant_plus10,motor_time_constant,1.10,0.49375000,0.50000000,7,pinv,2,0.50000000,3,63300003,seeded_ic_v1,crazyflie_ofat_pinv_fine_v1
6,motor_time_constant_plus10,motor_time_constant,1.10,0.49375000,0.50000000,7,pinv,2,0.50000000,4,63300004,seeded_ic_v1,crazyflie_ofat_pinv_fine_v1
6,motor_time_constant_plus10,motor_time_constant,1.10,0.49375000,0.50000000,7,pinv,2,0.50000000,5,63300005,seeded_ic_v1,crazyflie_ofat_pinv_fine_v1
6,motor_time_constant_plus10,motor_time_constant,1.10,0.49375000,0.50000000,7,pinv,2,0.50000000,6,63300006,seeded_ic_v1,crazyflie_ofat_pinv_fine_v1
6,motor_time_constant_plus10,motor_time_constant,1.10,0.49375000,0.50000000,7,pinv,2,0.50000000,7,63300007,seeded_ic_v1,crazyflie_ofat_pinv_fine_v1
6,motor_time_constant_plus10,motor_time_constant,1.10,0.49375000,0.50000000,7,pinv,2,0.50000000,8,63300008,seeded_ic_v1,crazyflie_ofat_pinv_fine_v1
6,motor_time_constant_plus10,motor_time_constant,1.10,0.49375000,0.50000000,7,pinv,2,0.50000000,9,63300009,seeded_ic_v1,crazyflie_ofat_pinv_fine_v1
6,motor_time_constant_plus10,motor_time_constant,1.10,0.49375000,0.50000000,7,pinv,2,0.50000000,10,63300010,seeded_ic_v1,crazyflie_ofat_pinv_fine_v1
6,motor_time_constant_plus10,motor_time_constant,1.10,0.49375000,0.50000000,7,pinv,2,0.50000000,11,63300011,seeded_ic_v1,crazyflie_ofat_pinv_fine_v1
6,motor_time_constant_plus10,motor_time_constant,1.10,0.49375000,0.50000000,7,pinv,2,0.50000000,12,63300012,seeded_ic_v1,crazyflie_ofat_pinv_fine_v1
6,motor_time_constant_plus10,motor_time_constant,1.10,0.49375000,0.50000000,7,pinv,2,0.50000000,13,63300013,seeded_ic_v1,crazyflie_ofat_pinv_fine_v1
6,motor_time_constant_plus10,motor_time_constant,1.10,0.49375000,0.50000000,7,pinv,2,0.50000000,14,63300014,seeded_ic_v1,crazyflie_ofat_pinv_fine_v1
6,motor_time_constant_plus10,motor_time_constant,1.10,0.49375000,0.50000000,7,pinv,2,0.50000000,15,63300015,seeded_ic_v1,crazyflie_ofat_pinv_fine_v1
6,motor_time_constant_plus10,motor_time_constant,1.10,0.49375000,0.50000000,7,pinv,2,0.50000000,16,63300016,seeded_ic_v1,crazyflie_ofat_pinv_fine_v1
6,motor_time_constant_plus10,motor_time_constant,1.10,0.49375000,0.50000000,7,pinv,2,0.50000000,17,63300017,seeded_ic_v1,crazyflie_ofat_pinv_fine_v1
6,motor_time_constant_plus10,motor_time_constant,1.10,0.49375000,0.50000000,7,pinv,2,0.50000000,18,63300018,seeded_ic_v1,crazyflie_ofat_pinv_fine_v1
6,motor_time_constant_plus10,motor_time_constant,1.10,0.49375000,0.50000000,7,pinv,2,0.50000000,19,63300019,seeded_ic_v1,crazyflie_ofat_pinv_fine_v1
6,motor_time_constant_plus10,motor_time_constant,1.10,0.49375000,0.50000000,7,pinv,2,0.50000000,20,63300020,seeded_ic_v1,crazyflie_ofat_pinv_fine_v1
6,motor_time_constant_plus10,motor_time_constant,1.10,0.49375000,0.50000000,7,pinv,2,0.50000000,21,63300021,seeded_ic_v1,crazyflie_ofat_pinv_fine_v1
6,motor_time_constant_plus10,motor_time_constant,1.10,0.49375000,0.50000000,7,pinv,2,0.50000000,22,63300022,seeded_ic_v1,crazyflie_ofat_pinv_fine_v1
6,motor_time_constant_plus10,motor_time_constant,1.10,0.49375000,0.50000000,7,pinv,2,0.50000000,23,63300023,seeded_ic_v1,crazyflie_ofat_pinv_fine_v1
6,motor_time_constant_plus10,motor_time_constant,1.10,0.49375000,0.50000000,7,pinv,2,0.50000000,24,63300024,seeded_ic_v1,crazyflie_ofat_pinv_fine_v1
6,motor_time_constant_plus10,motor_time_constant,1.10,0.49375000,0.50000000,7,pinv,2,0.50000000,25,63300025,seeded_ic_v1,crazyflie_ofat_pinv_fine_v1
6,motor_time_constant_plus10,motor_time_constant,1.10,0.49375000,0.50000000,7,pinv,2,0.50000000,26,63300026,seeded_ic_v1,crazyflie_ofat_pinv_fine_v1
6,motor_time_constant_plus10,motor_time_constant,1.10,0.49375000,0.50000000,7,pinv,2,0.50000000,27,63300027,seeded_ic_v1,crazyflie_ofat_pinv_fine_v1
6,motor_time_constant_plus10,motor_time_constant,1.10,0.49375000,0.50000000,7,pinv,2,0.50000000,28,63300028,seeded_ic_v1,crazyflie_ofat_pinv_fine_v1
6,motor_time_constant_plus10,motor_time_constant,1.10,0.49375000,0.50000000,7,pinv,2,0.50000000,29,63300029,seeded_ic_v1,crazyflie_ofat_pinv_fine_v1
6,motor_time_constant_plus10,motor_time_constant,1.10,0.49375000,0.50000000,7,pinv,2,0.50000000,30,63300030,seeded_ic_v1,crazyflie_ofat_pinv_fine_v1
7,thrust_to_torque_ratio_minus10,thrust_to_torque_ratio,0.90,0.49375000,0.50000000,1,pinv,2,0.49375000,1,63300001,seeded_ic_v1,crazyflie_ofat_pinv_fine_v1
7,thrust_to_torque_ratio_minus10,thrust_to_torque_ratio,0.90,0.49375000,0.50000000,1,pinv,2,0.49375000,2,63300002,seeded_ic_v1,crazyflie_ofat_pinv_fine_v1
7,thrust_to_torque_ratio_minus10,thrust_to_torque_ratio,0.90,0.49375000,0.50000000,1,pinv,2,0.49375000,3,63300003,seeded_ic_v1,crazyflie_ofat_pinv_fine_v1
7,thrust_to_torque_ratio_minus10,thrust_to_torque_ratio,0.90,0.49375000,0.50000000,1,pinv,2,0.49375000,4,63300004,seeded_ic_v1,crazyflie_ofat_pinv_fine_v1
7,thrust_to_torque_ratio_minus10,thrust_to_torque_ratio,0.90,0.49375000,0.50000000,1,pinv,2,0.49375000,5,63300005,seeded_ic_v1,crazyflie_ofat_pinv_fine_v1
7,thrust_to_torque_ratio_minus10,thrust_to_torque_ratio,0.90,0.49375000,0.50000000,1,pinv,2,0.49375000,6,63300006,seeded_ic_v1,crazyflie_ofat_pinv_fine_v1
7,thrust_to_torque_ratio_minus10,thrust_to_torque_ratio,0.90,0.49375000,0.50000000,1,pinv,2,0.49375000,7,63300007,seeded_ic_v1,crazyflie_ofat_pinv_fine_v1
7,thrust_to_torque_ratio_minus10,thrust_to_torque_ratio,0.90,0.49375000,0.50000000,1,pinv,2,0.49375000,8,63300008,seeded_ic_v1,crazyflie_ofat_pinv_fine_v1
7,thrust_to_torque_ratio_minus10,thrust_to_torque_ratio,0.90,0.49375000,0.50000000,1,pinv,2,0.49375000,9,63300009,seeded_ic_v1,crazyflie_ofat_pinv_fine_v1
7,thrust_to_torque_ratio_minus10,thrust_to_torque_ratio,0.90,0.49375000,0.50000000,1,pinv,2,0.49375000,10,63300010,seeded_ic_v1,crazyflie_ofat_pinv_fine_v1
7,thrust_to_torque_ratio_minus10,thrust_to_torque_ratio,0.90,0.49375000,0.50000000,1,pinv,2,0.49375000,11,63300011,seeded_ic_v1,crazyflie_ofat_pinv_fine_v1
7,thrust_to_torque_ratio_minus10,thrust_to_torque_ratio,0.90,0.49375000,0.50000000,1,pinv,2,0.49375000,12,63300012,seeded_ic_v1,crazyflie_ofat_pinv_fine_v1
7,thrust_to_torque_ratio_minus10,thrust_to_torque_ratio,0.90,0.49375000,0.50000000,1,pinv,2,0.49375000,13,63300013,seeded_ic_v1,crazyflie_ofat_pinv_fine_v1
7,thrust_to_torque_ratio_minus10,thrust_to_torque_ratio,0.90,0.49375000,0.50000000,1,pinv,2,0.49375000,14,63300014,seeded_ic_v1,crazyflie_ofat_pinv_fine_v1
7,thrust_to_torque_ratio_minus10,thrust_to_torque_ratio,0.90,0.49375000,0.50000000,1,pinv,2,0.49375000,15,63300015,seeded_ic_v1,crazyflie_ofat_pinv_fine_v1
7,thrust_to_torque_ratio_minus10,thrust_to_torque_ratio,0.90,0.49375000,0.50000000,1,pinv,2,0.49375000,16,63300016,seeded_ic_v1,crazyflie_ofat_pinv_fine_v1
7,thrust_to_torque_ratio_minus10,thrust_to_torque_ratio,0.90,0.49375000,0.50000000,1,pinv,2,0.49375000,17,63300017,seeded_ic_v1,crazyflie_ofat_pinv_fine_v1
7,thrust_to_torque_ratio_minus10,thrust_to_torque_ratio,0.90,0.49375000,0.50000000,1,pinv,2,0.49375000,18,63300018,seeded_ic_v1,crazyflie_ofat_pinv_fine_v1
7,thrust_to_torque_ratio_minus10,thrust_to_torque_ratio,0.90,0.49375000,0.50000000,1,pinv,2,0.49375000,19,63300019,seeded_ic_v1,crazyflie_ofat_pinv_fine_v1
7,thrust_to_torque_ratio_minus10,thrust_to_torque_ratio,0.90,0.49375000,0.50000000,1,pinv,2,0.49375000,20,63300020,seeded_ic_v1,crazyflie_ofat_pinv_fine_v1
7,thrust_to_torque_ratio_minus10,thrust_to_torque_ratio,0.90,0.49375000,0.50000000,1,pinv,2,0.49375000,21,63300021,seeded_ic_v1,crazyflie_ofat_pinv_fine_v1
7,thrust_to_torque_ratio_minus10,thrust_to_torque_ratio,0.90,0.49375000,0.50000000,1,pinv,2,0.49375000,22,63300022,seeded_ic_v1,crazyflie_ofat_pinv_fine_v1
7,thrust_to_torque_ratio_minus10,thrust_to_torque_ratio,0.90,0.49375000,0.50000000,1,pinv,2,0.49375000,23,63300023,seeded_ic_v1,crazyflie_ofat_pinv_fine_v1
7,thrust_to_torque_ratio_minus10,thrust_to_torque_ratio,0.90,0.49375000,0.50000000,1,pinv,2,0.49375000,24,63300024,seeded_ic_v1,crazyflie_ofat_pinv_fine_v1
7,thrust_to_torque_ratio_minus10,thrust_to_torque_ratio,0.90,0.49375000,0.50000000,1,pinv,2,0.49375000,25,63300025,seeded_ic_v1,crazyflie_ofat_pinv_fine_v1
7,thrust_to_torque_ratio_minus10,thrust_to_torque_ratio,0.90,0.49375000,0.50000000,1,pinv,2,0.49375000,26,63300026,seeded_ic_v1,crazyflie_ofat_pinv_fine_v1
7,thrust_to_torque_ratio_minus10,thrust_to_torque_ratio,0.90,0.49375000,0.50000000,1,pinv,2,0.49375000,27,63300027,seeded_ic_v1,crazyflie_ofat_pinv_fine_v1
7,thrust_to_torque_ratio_minus10,thrust_to_torque_ratio,0.90,0.49375000,0.50000000,1,pinv,2,0.49375000,28,63300028,seeded_ic_v1,crazyflie_ofat_pinv_fine_v1
7,thrust_to_torque_ratio_minus10,thrust_to_torque_ratio,0.90,0.49375000,0.50000000,1,pinv,2,0.49375000,29,63300029,seeded_ic_v1,crazyflie_ofat_pinv_fine_v1
7,thrust_to_torque_ratio_minus10,thrust_to_torque_ratio,0.90,0.49375000,0.50000000,1,pinv,2,0.49375000,30,63300030,seeded_ic_v1,crazyflie_ofat_pinv_fine_v1
7,thrust_to_torque_ratio_minus10,thrust_to_torque_ratio,0.90,0.49375000,0.50000000,2,pinv,2,0.49479167,1,63300001,seeded_ic_v1,crazyflie_ofat_pinv_fine_v1
7,thrust_to_torque_ratio_minus10,thrust_to_torque_ratio,0.90,0.49375000,0.50000000,2,pinv,2,0.49479167,2,63300002,seeded_ic_v1,crazyflie_ofat_pinv_fine_v1
7,thrust_to_torque_ratio_minus10,thrust_to_torque_ratio,0.90,0.49375000,0.50000000,2,pinv,2,0.49479167,3,63300003,seeded_ic_v1,crazyflie_ofat_pinv_fine_v1
7,thrust_to_torque_ratio_minus10,thrust_to_torque_ratio,0.90,0.49375000,0.50000000,2,pinv,2,0.49479167,4,63300004,seeded_ic_v1,crazyflie_ofat_pinv_fine_v1
7,thrust_to_torque_ratio_minus10,thrust_to_torque_ratio,0.90,0.49375000,0.50000000,2,pinv,2,0.49479167,5,63300005,seeded_ic_v1,crazyflie_ofat_pinv_fine_v1
7,thrust_to_torque_ratio_minus10,thrust_to_torque_ratio,0.90,0.49375000,0.50000000,2,pinv,2,0.49479167,6,63300006,seeded_ic_v1,crazyflie_ofat_pinv_fine_v1
7,thrust_to_torque_ratio_minus10,thrust_to_torque_ratio,0.90,0.49375000,0.50000000,2,pinv,2,0.49479167,7,63300007,seeded_ic_v1,crazyflie_ofat_pinv_fine_v1
7,thrust_to_torque_ratio_minus10,thrust_to_torque_ratio,0.90,0.49375000,0.50000000,2,pinv,2,0.49479167,8,63300008,seeded_ic_v1,crazyflie_ofat_pinv_fine_v1
7,thrust_to_torque_ratio_minus10,thrust_to_torque_ratio,0.90,0.49375000,0.50000000,2,pinv,2,0.49479167,9,63300009,seeded_ic_v1,crazyflie_ofat_pinv_fine_v1
7,thrust_to_torque_ratio_minus10,thrust_to_torque_ratio,0.90,0.49375000,0.50000000,2,pinv,2,0.49479167,10,63300010,seeded_ic_v1,crazyflie_ofat_pinv_fine_v1
7,thrust_to_torque_ratio_minus10,thrust_to_torque_ratio,0.90,0.49375000,0.50000000,2,pinv,2,0.49479167,11,63300011,seeded_ic_v1,crazyflie_ofat_pinv_fine_v1
7,thrust_to_torque_ratio_minus10,thrust_to_torque_ratio,0.90,0.49375000,0.50000000,2,pinv,2,0.49479167,12,63300012,seeded_ic_v1,crazyflie_ofat_pinv_fine_v1
7,thrust_to_torque_ratio_minus10,thrust_to_torque_ratio,0.90,0.49375000,0.50000000,2,pinv,2,0.49479167,13,63300013,seeded_ic_v1,crazyflie_ofat_pinv_fine_v1
7,thrust_to_torque_ratio_minus10,thrust_to_torque_ratio,0.90,0.49375000,0.50000000,2,pinv,2,0.49479167,14,63300014,seeded_ic_v1,crazyflie_ofat_pinv_fine_v1
7,thrust_to_torque_ratio_minus10,thrust_to_torque_ratio,0.90,0.49375000,0.50000000,2,pinv,2,0.49479167,15,63300015,seeded_ic_v1,crazyflie_ofat_pinv_fine_v1
7,thrust_to_torque_ratio_minus10,thrust_to_torque_ratio,0.90,0.49375000,0.50000000,2,pinv,2,0.49479167,16,63300016,seeded_ic_v1,crazyflie_ofat_pinv_fine_v1
7,thrust_to_torque_ratio_minus10,thrust_to_torque_ratio,0.90,0.49375000,0.50000000,2,pinv,2,0.49479167,17,63300017,seeded_ic_v1,crazyflie_ofat_pinv_fine_v1
7,thrust_to_torque_ratio_minus10,thrust_to_torque_ratio,0.90,0.49375000,0.50000000,2,pinv,2,0.49479167,18,63300018,seeded_ic_v1,crazyflie_ofat_pinv_fine_v1
7,thrust_to_torque_ratio_minus10,thrust_to_torque_ratio,0.90,0.49375000,0.50000000,2,pinv,2,0.49479167,19,63300019,seeded_ic_v1,crazyflie_ofat_pinv_fine_v1
7,thrust_to_torque_ratio_minus10,thrust_to_torque_ratio,0.90,0.49375000,0.50000000,2,pinv,2,0.49479167,20,63300020,seeded_ic_v1,crazyflie_ofat_pinv_fine_v1
7,thrust_to_torque_ratio_minus10,thrust_to_torque_ratio,0.90,0.49375000,0.50000000,2,pinv,2,0.49479167,21,63300021,seeded_ic_v1,crazyflie_ofat_pinv_fine_v1
7,thrust_to_torque_ratio_minus10,thrust_to_torque_ratio,0.90,0.49375000,0.50000000,2,pinv,2,0.49479167,22,63300022,seeded_ic_v1,crazyflie_ofat_pinv_fine_v1
7,thrust_to_torque_ratio_minus10,thrust_to_torque_ratio,0.90,0.49375000,0.50000000,2,pinv,2,0.49479167,23,63300023,seeded_ic_v1,crazyflie_ofat_pinv_fine_v1
7,thrust_to_torque_ratio_minus10,thrust_to_torque_ratio,0.90,0.49375000,0.50000000,2,pinv,2,0.49479167,24,63300024,seeded_ic_v1,crazyflie_ofat_pinv_fine_v1
7,thrust_to_torque_ratio_minus10,thrust_to_torque_ratio,0.90,0.49375000,0.50000000,2,pinv,2,0.49479167,25,63300025,seeded_ic_v1,crazyflie_ofat_pinv_fine_v1
7,thrust_to_torque_ratio_minus10,thrust_to_torque_ratio,0.90,0.49375000,0.50000000,2,pinv,2,0.49479167,26,63300026,seeded_ic_v1,crazyflie_ofat_pinv_fine_v1
7,thrust_to_torque_ratio_minus10,thrust_to_torque_ratio,0.90,0.49375000,0.50000000,2,pinv,2,0.49479167,27,63300027,seeded_ic_v1,crazyflie_ofat_pinv_fine_v1
7,thrust_to_torque_ratio_minus10,thrust_to_torque_ratio,0.90,0.49375000,0.50000000,2,pinv,2,0.49479167,28,63300028,seeded_ic_v1,crazyflie_ofat_pinv_fine_v1
7,thrust_to_torque_ratio_minus10,thrust_to_torque_ratio,0.90,0.49375000,0.50000000,2,pinv,2,0.49479167,29,63300029,seeded_ic_v1,crazyflie_ofat_pinv_fine_v1
7,thrust_to_torque_ratio_minus10,thrust_to_torque_ratio,0.90,0.49375000,0.50000000,2,pinv,2,0.49479167,30,63300030,seeded_ic_v1,crazyflie_ofat_pinv_fine_v1
7,thrust_to_torque_ratio_minus10,thrust_to_torque_ratio,0.90,0.49375000,0.50000000,3,pinv,2,0.49583333,1,63300001,seeded_ic_v1,crazyflie_ofat_pinv_fine_v1
7,thrust_to_torque_ratio_minus10,thrust_to_torque_ratio,0.90,0.49375000,0.50000000,3,pinv,2,0.49583333,2,63300002,seeded_ic_v1,crazyflie_ofat_pinv_fine_v1
7,thrust_to_torque_ratio_minus10,thrust_to_torque_ratio,0.90,0.49375000,0.50000000,3,pinv,2,0.49583333,3,63300003,seeded_ic_v1,crazyflie_ofat_pinv_fine_v1
7,thrust_to_torque_ratio_minus10,thrust_to_torque_ratio,0.90,0.49375000,0.50000000,3,pinv,2,0.49583333,4,63300004,seeded_ic_v1,crazyflie_ofat_pinv_fine_v1
7,thrust_to_torque_ratio_minus10,thrust_to_torque_ratio,0.90,0.49375000,0.50000000,3,pinv,2,0.49583333,5,63300005,seeded_ic_v1,crazyflie_ofat_pinv_fine_v1
7,thrust_to_torque_ratio_minus10,thrust_to_torque_ratio,0.90,0.49375000,0.50000000,3,pinv,2,0.49583333,6,63300006,seeded_ic_v1,crazyflie_ofat_pinv_fine_v1
7,thrust_to_torque_ratio_minus10,thrust_to_torque_ratio,0.90,0.49375000,0.50000000,3,pinv,2,0.49583333,7,63300007,seeded_ic_v1,crazyflie_ofat_pinv_fine_v1
7,thrust_to_torque_ratio_minus10,thrust_to_torque_ratio,0.90,0.49375000,0.50000000,3,pinv,2,0.49583333,8,63300008,seeded_ic_v1,crazyflie_ofat_pinv_fine_v1
7,thrust_to_torque_ratio_minus10,thrust_to_torque_ratio,0.90,0.49375000,0.50000000,3,pinv,2,0.49583333,9,63300009,seeded_ic_v1,crazyflie_ofat_pinv_fine_v1
7,thrust_to_torque_ratio_minus10,thrust_to_torque_ratio,0.90,0.49375000,0.50000000,3,pinv,2,0.49583333,10,63300010,seeded_ic_v1,crazyflie_ofat_pinv_fine_v1
7,thrust_to_torque_ratio_minus10,thrust_to_torque_ratio,0.90,0.49375000,0.50000000,3,pinv,2,0.49583333,11,63300011,seeded_ic_v1,crazyflie_ofat_pinv_fine_v1
7,thrust_to_torque_ratio_minus10,thrust_to_torque_ratio,0.90,0.49375000,0.50000000,3,pinv,2,0.49583333,12,63300012,seeded_ic_v1,crazyflie_ofat_pinv_fine_v1
7,thrust_to_torque_ratio_minus10,thrust_to_torque_ratio,0.90,0.49375000,0.50000000,3,pinv,2,0.49583333,13,63300013,seeded_ic_v1,crazyflie_ofat_pinv_fine_v1
7,thrust_to_torque_ratio_minus10,thrust_to_torque_ratio,0.90,0.49375000,0.50000000,3,pinv,2,0.49583333,14,63300014,seeded_ic_v1,crazyflie_ofat_pinv_fine_v1
7,thrust_to_torque_ratio_minus10,thrust_to_torque_ratio,0.90,0.49375000,0.50000000,3,pinv,2,0.49583333,15,63300015,seeded_ic_v1,crazyflie_ofat_pinv_fine_v1
7,thrust_to_torque_ratio_minus10,thrust_to_torque_ratio,0.90,0.49375000,0.50000000,3,pinv,2,0.49583333,16,63300016,seeded_ic_v1,crazyflie_ofat_pinv_fine_v1
7,thrust_to_torque_ratio_minus10,thrust_to_torque_ratio,0.90,0.49375000,0.50000000,3,pinv,2,0.49583333,17,63300017,seeded_ic_v1,crazyflie_ofat_pinv_fine_v1
7,thrust_to_torque_ratio_minus10,thrust_to_torque_ratio,0.90,0.49375000,0.50000000,3,pinv,2,0.49583333,18,63300018,seeded_ic_v1,crazyflie_ofat_pinv_fine_v1
7,thrust_to_torque_ratio_minus10,thrust_to_torque_ratio,0.90,0.49375000,0.50000000,3,pinv,2,0.49583333,19,63300019,seeded_ic_v1,crazyflie_ofat_pinv_fine_v1
7,thrust_to_torque_ratio_minus10,thrust_to_torque_ratio,0.90,0.49375000,0.50000000,3,pinv,2,0.49583333,20,63300020,seeded_ic_v1,crazyflie_ofat_pinv_fine_v1
7,thrust_to_torque_ratio_minus10,thrust_to_torque_ratio,0.90,0.49375000,0.50000000,3,pinv,2,0.49583333,21,63300021,seeded_ic_v1,crazyflie_ofat_pinv_fine_v1
7,thrust_to_torque_ratio_minus10,thrust_to_torque_ratio,0.90,0.49375000,0.50000000,3,pinv,2,0.49583333,22,63300022,seeded_ic_v1,crazyflie_ofat_pinv_fine_v1
7,thrust_to_torque_ratio_minus10,thrust_to_torque_ratio,0.90,0.49375000,0.50000000,3,pinv,2,0.49583333,23,63300023,seeded_ic_v1,crazyflie_ofat_pinv_fine_v1
7,thrust_to_torque_ratio_minus10,thrust_to_torque_ratio,0.90,0.49375000,0.50000000,3,pinv,2,0.49583333,24,63300024,seeded_ic_v1,crazyflie_ofat_pinv_fine_v1
7,thrust_to_torque_ratio_minus10,thrust_to_torque_ratio,0.90,0.49375000,0.50000000,3,pinv,2,0.49583333,25,63300025,seeded_ic_v1,crazyflie_ofat_pinv_fine_v1
7,thrust_to_torque_ratio_minus10,thrust_to_torque_ratio,0.90,0.49375000,0.50000000,3,pinv,2,0.49583333,26,63300026,seeded_ic_v1,crazyflie_ofat_pinv_fine_v1
7,thrust_to_torque_ratio_minus10,thrust_to_torque_ratio,0.90,0.49375000,0.50000000,3,pinv,2,0.49583333,27,63300027,seeded_ic_v1,crazyflie_ofat_pinv_fine_v1
7,thrust_to_torque_ratio_minus10,thrust_to_torque_ratio,0.90,0.49375000,0.50000000,3,pinv,2,0.49583333,28,63300028,seeded_ic_v1,crazyflie_ofat_pinv_fine_v1
7,thrust_to_torque_ratio_minus10,thrust_to_torque_ratio,0.90,0.49375000,0.50000000,3,pinv,2,0.49583333,29,63300029,seeded_ic_v1,crazyflie_ofat_pinv_fine_v1
7,thrust_to_torque_ratio_minus10,thrust_to_torque_ratio,0.90,0.49375000,0.50000000,3,pinv,2,0.49583333,30,63300030,seeded_ic_v1,crazyflie_ofat_pinv_fine_v1
7,thrust_to_torque_ratio_minus10,thrust_to_torque_ratio,0.90,0.49375000,0.50000000,4,pinv,2,0.49687500,1,63300001,seeded_ic_v1,crazyflie_ofat_pinv_fine_v1
7,thrust_to_torque_ratio_minus10,thrust_to_torque_ratio,0.90,0.49375000,0.50000000,4,pinv,2,0.49687500,2,63300002,seeded_ic_v1,crazyflie_ofat_pinv_fine_v1
7,thrust_to_torque_ratio_minus10,thrust_to_torque_ratio,0.90,0.49375000,0.50000000,4,pinv,2,0.49687500,3,63300003,seeded_ic_v1,crazyflie_ofat_pinv_fine_v1
7,thrust_to_torque_ratio_minus10,thrust_to_torque_ratio,0.90,0.49375000,0.50000000,4,pinv,2,0.49687500,4,63300004,seeded_ic_v1,crazyflie_ofat_pinv_fine_v1
7,thrust_to_torque_ratio_minus10,thrust_to_torque_ratio,0.90,0.49375000,0.50000000,4,pinv,2,0.49687500,5,63300005,seeded_ic_v1,crazyflie_ofat_pinv_fine_v1
7,thrust_to_torque_ratio_minus10,thrust_to_torque_ratio,0.90,0.49375000,0.50000000,4,pinv,2,0.49687500,6,63300006,seeded_ic_v1,crazyflie_ofat_pinv_fine_v1
7,thrust_to_torque_ratio_minus10,thrust_to_torque_ratio,0.90,0.49375000,0.50000000,4,pinv,2,0.49687500,7,63300007,seeded_ic_v1,crazyflie_ofat_pinv_fine_v1
7,thrust_to_torque_ratio_minus10,thrust_to_torque_ratio,0.90,0.49375000,0.50000000,4,pinv,2,0.49687500,8,63300008,seeded_ic_v1,crazyflie_ofat_pinv_fine_v1
7,thrust_to_torque_ratio_minus10,thrust_to_torque_ratio,0.90,0.49375000,0.50000000,4,pinv,2,0.49687500,9,63300009,seeded_ic_v1,crazyflie_ofat_pinv_fine_v1
7,thrust_to_torque_ratio_minus10,thrust_to_torque_ratio,0.90,0.49375000,0.50000000,4,pinv,2,0.49687500,10,63300010,seeded_ic_v1,crazyflie_ofat_pinv_fine_v1
7,thrust_to_torque_ratio_minus10,thrust_to_torque_ratio,0.90,0.49375000,0.50000000,4,pinv,2,0.49687500,11,63300011,seeded_ic_v1,crazyflie_ofat_pinv_fine_v1
7,thrust_to_torque_ratio_minus10,thrust_to_torque_ratio,0.90,0.49375000,0.50000000,4,pinv,2,0.49687500,12,63300012,seeded_ic_v1,crazyflie_ofat_pinv_fine_v1
7,thrust_to_torque_ratio_minus10,thrust_to_torque_ratio,0.90,0.49375000,0.50000000,4,pinv,2,0.49687500,13,63300013,seeded_ic_v1,crazyflie_ofat_pinv_fine_v1
7,thrust_to_torque_ratio_minus10,thrust_to_torque_ratio,0.90,0.49375000,0.50000000,4,pinv,2,0.49687500,14,63300014,seeded_ic_v1,crazyflie_ofat_pinv_fine_v1
7,thrust_to_torque_ratio_minus10,thrust_to_torque_ratio,0.90,0.49375000,0.50000000,4,pinv,2,0.49687500,15,63300015,seeded_ic_v1,crazyflie_ofat_pinv_fine_v1
7,thrust_to_torque_ratio_minus10,thrust_to_torque_ratio,0.90,0.49375000,0.50000000,4,pinv,2,0.49687500,16,63300016,seeded_ic_v1,crazyflie_ofat_pinv_fine_v1
7,thrust_to_torque_ratio_minus10,thrust_to_torque_ratio,0.90,0.49375000,0.50000000,4,pinv,2,0.49687500,17,63300017,seeded_ic_v1,crazyflie_ofat_pinv_fine_v1
7,thrust_to_torque_ratio_minus10,thrust_to_torque_ratio,0.90,0.49375000,0.50000000,4,pinv,2,0.49687500,18,63300018,seeded_ic_v1,crazyflie_ofat_pinv_fine_v1
7,thrust_to_torque_ratio_minus10,thrust_to_torque_ratio,0.90,0.49375000,0.50000000,4,pinv,2,0.49687500,19,63300019,seeded_ic_v1,crazyflie_ofat_pinv_fine_v1
7,thrust_to_torque_ratio_minus10,thrust_to_torque_ratio,0.90,0.49375000,0.50000000,4,pinv,2,0.49687500,20,63300020,seeded_ic_v1,crazyflie_ofat_pinv_fine_v1
7,thrust_to_torque_ratio_minus10,thrust_to_torque_ratio,0.90,0.49375000,0.50000000,4,pinv,2,0.49687500,21,63300021,seeded_ic_v1,crazyflie_ofat_pinv_fine_v1
7,thrust_to_torque_ratio_minus10,thrust_to_torque_ratio,0.90,0.49375000,0.50000000,4,pinv,2,0.49687500,22,63300022,seeded_ic_v1,crazyflie_ofat_pinv_fine_v1
7,thrust_to_torque_ratio_minus10,thrust_to_torque_ratio,0.90,0.49375000,0.50000000,4,pinv,2,0.49687500,23,63300023,seeded_ic_v1,crazyflie_ofat_pinv_fine_v1
7,thrust_to_torque_ratio_minus10,thrust_to_torque_ratio,0.90,0.49375000,0.50000000,4,pinv,2,0.49687500,24,63300024,seeded_ic_v1,crazyflie_ofat_pinv_fine_v1
7,thrust_to_torque_ratio_minus10,thrust_to_torque_ratio,0.90,0.49375000,0.50000000,4,pinv,2,0.49687500,25,63300025,seeded_ic_v1,crazyflie_ofat_pinv_fine_v1
7,thrust_to_torque_ratio_minus10,thrust_to_torque_ratio,0.90,0.49375000,0.50000000,4,pinv,2,0.49687500,26,63300026,seeded_ic_v1,crazyflie_ofat_pinv_fine_v1
7,thrust_to_torque_ratio_minus10,thrust_to_torque_ratio,0.90,0.49375000,0.50000000,4,pinv,2,0.49687500,27,63300027,seeded_ic_v1,crazyflie_ofat_pinv_fine_v1
7,thrust_to_torque_ratio_minus10,thrust_to_torque_ratio,0.90,0.49375000,0.50000000,4,pinv,2,0.49687500,28,63300028,seeded_ic_v1,crazyflie_ofat_pinv_fine_v1
7,thrust_to_torque_ratio_minus10,thrust_to_torque_ratio,0.90,0.49375000,0.50000000,4,pinv,2,0.49687500,29,63300029,seeded_ic_v1,crazyflie_ofat_pinv_fine_v1
7,thrust_to_torque_ratio_minus10,thrust_to_torque_ratio,0.90,0.49375000,0.50000000,4,pinv,2,0.49687500,30,63300030,seeded_ic_v1,crazyflie_ofat_pinv_fine_v1
7,thrust_to_torque_ratio_minus10,thrust_to_torque_ratio,0.90,0.49375000,0.50000000,5,pinv,2,0.49791667,1,63300001,seeded_ic_v1,crazyflie_ofat_pinv_fine_v1
7,thrust_to_torque_ratio_minus10,thrust_to_torque_ratio,0.90,0.49375000,0.50000000,5,pinv,2,0.49791667,2,63300002,seeded_ic_v1,crazyflie_ofat_pinv_fine_v1
7,thrust_to_torque_ratio_minus10,thrust_to_torque_ratio,0.90,0.49375000,0.50000000,5,pinv,2,0.49791667,3,63300003,seeded_ic_v1,crazyflie_ofat_pinv_fine_v1
7,thrust_to_torque_ratio_minus10,thrust_to_torque_ratio,0.90,0.49375000,0.50000000,5,pinv,2,0.49791667,4,63300004,seeded_ic_v1,crazyflie_ofat_pinv_fine_v1
7,thrust_to_torque_ratio_minus10,thrust_to_torque_ratio,0.90,0.49375000,0.50000000,5,pinv,2,0.49791667,5,63300005,seeded_ic_v1,crazyflie_ofat_pinv_fine_v1
7,thrust_to_torque_ratio_minus10,thrust_to_torque_ratio,0.90,0.49375000,0.50000000,5,pinv,2,0.49791667,6,63300006,seeded_ic_v1,crazyflie_ofat_pinv_fine_v1
7,thrust_to_torque_ratio_minus10,thrust_to_torque_ratio,0.90,0.49375000,0.50000000,5,pinv,2,0.49791667,7,63300007,seeded_ic_v1,crazyflie_ofat_pinv_fine_v1
7,thrust_to_torque_ratio_minus10,thrust_to_torque_ratio,0.90,0.49375000,0.50000000,5,pinv,2,0.49791667,8,63300008,seeded_ic_v1,crazyflie_ofat_pinv_fine_v1
7,thrust_to_torque_ratio_minus10,thrust_to_torque_ratio,0.90,0.49375000,0.50000000,5,pinv,2,0.49791667,9,63300009,seeded_ic_v1,crazyflie_ofat_pinv_fine_v1
7,thrust_to_torque_ratio_minus10,thrust_to_torque_ratio,0.90,0.49375000,0.50000000,5,pinv,2,0.49791667,10,63300010,seeded_ic_v1,crazyflie_ofat_pinv_fine_v1
7,thrust_to_torque_ratio_minus10,thrust_to_torque_ratio,0.90,0.49375000,0.50000000,5,pinv,2,0.49791667,11,63300011,seeded_ic_v1,crazyflie_ofat_pinv_fine_v1
7,thrust_to_torque_ratio_minus10,thrust_to_torque_ratio,0.90,0.49375000,0.50000000,5,pinv,2,0.49791667,12,63300012,seeded_ic_v1,crazyflie_ofat_pinv_fine_v1
7,thrust_to_torque_ratio_minus10,thrust_to_torque_ratio,0.90,0.49375000,0.50000000,5,pinv,2,0.49791667,13,63300013,seeded_ic_v1,crazyflie_ofat_pinv_fine_v1
7,thrust_to_torque_ratio_minus10,thrust_to_torque_ratio,0.90,0.49375000,0.50000000,5,pinv,2,0.49791667,14,63300014,seeded_ic_v1,crazyflie_ofat_pinv_fine_v1
7,thrust_to_torque_ratio_minus10,thrust_to_torque_ratio,0.90,0.49375000,0.50000000,5,pinv,2,0.49791667,15,63300015,seeded_ic_v1,crazyflie_ofat_pinv_fine_v1
7,thrust_to_torque_ratio_minus10,thrust_to_torque_ratio,0.90,0.49375000,0.50000000,5,pinv,2,0.49791667,16,63300016,seeded_ic_v1,crazyflie_ofat_pinv_fine_v1
7,thrust_to_torque_ratio_minus10,thrust_to_torque_ratio,0.90,0.49375000,0.50000000,5,pinv,2,0.49791667,17,63300017,seeded_ic_v1,crazyflie_ofat_pinv_fine_v1
7,thrust_to_torque_ratio_minus10,thrust_to_torque_ratio,0.90,0.49375000,0.50000000,5,pinv,2,0.49791667,18,63300018,seeded_ic_v1,crazyflie_ofat_pinv_fine_v1
7,thrust_to_torque_ratio_minus10,thrust_to_torque_ratio,0.90,0.49375000,0.50000000,5,pinv,2,0.49791667,19,63300019,seeded_ic_v1,crazyflie_ofat_pinv_fine_v1
7,thrust_to_torque_ratio_minus10,thrust_to_torque_ratio,0.90,0.49375000,0.50000000,5,pinv,2,0.49791667,20,63300020,seeded_ic_v1,crazyflie_ofat_pinv_fine_v1
7,thrust_to_torque_ratio_minus10,thrust_to_torque_ratio,0.90,0.49375000,0.50000000,5,pinv,2,0.49791667,21,63300021,seeded_ic_v1,crazyflie_ofat_pinv_fine_v1
7,thrust_to_torque_ratio_minus10,thrust_to_torque_ratio,0.90,0.49375000,0.50000000,5,pinv,2,0.49791667,22,63300022,seeded_ic_v1,crazyflie_ofat_pinv_fine_v1
7,thrust_to_torque_ratio_minus10,thrust_to_torque_ratio,0.90,0.49375000,0.50000000,5,pinv,2,0.49791667,23,63300023,seeded_ic_v1,crazyflie_ofat_pinv_fine_v1
7,thrust_to_torque_ratio_minus10,thrust_to_torque_ratio,0.90,0.49375000,0.50000000,5,pinv,2,0.49791667,24,63300024,seeded_ic_v1,crazyflie_ofat_pinv_fine_v1
7,thrust_to_torque_ratio_minus10,thrust_to_torque_ratio,0.90,0.49375000,0.50000000,5,pinv,2,0.49791667,25,63300025,seeded_ic_v1,crazyflie_ofat_pinv_fine_v1
7,thrust_to_torque_ratio_minus10,thrust_to_torque_ratio,0.90,0.49375000,0.50000000,5,pinv,2,0.49791667,26,63300026,seeded_ic_v1,crazyflie_ofat_pinv_fine_v1
7,thrust_to_torque_ratio_minus10,thrust_to_torque_ratio,0.90,0.49375000,0.50000000,5,pinv,2,0.49791667,27,63300027,seeded_ic_v1,crazyflie_ofat_pinv_fine_v1
7,thrust_to_torque_ratio_minus10,thrust_to_torque_ratio,0.90,0.49375000,0.50000000,5,pinv,2,0.49791667,28,63300028,seeded_ic_v1,crazyflie_ofat_pinv_fine_v1
7,thrust_to_torque_ratio_minus10,thrust_to_torque_ratio,0.90,0.49375000,0.50000000,5,pinv,2,0.49791667,29,63300029,seeded_ic_v1,crazyflie_ofat_pinv_fine_v1
7,thrust_to_torque_ratio_minus10,thrust_to_torque_ratio,0.90,0.49375000,0.50000000,5,pinv,2,0.49791667,30,63300030,seeded_ic_v1,crazyflie_ofat_pinv_fine_v1
7,thrust_to_torque_ratio_minus10,thrust_to_torque_ratio,0.90,0.49375000,0.50000000,6,pinv,2,0.49895833,1,63300001,seeded_ic_v1,crazyflie_ofat_pinv_fine_v1
7,thrust_to_torque_ratio_minus10,thrust_to_torque_ratio,0.90,0.49375000,0.50000000,6,pinv,2,0.49895833,2,63300002,seeded_ic_v1,crazyflie_ofat_pinv_fine_v1
7,thrust_to_torque_ratio_minus10,thrust_to_torque_ratio,0.90,0.49375000,0.50000000,6,pinv,2,0.49895833,3,63300003,seeded_ic_v1,crazyflie_ofat_pinv_fine_v1
7,thrust_to_torque_ratio_minus10,thrust_to_torque_ratio,0.90,0.49375000,0.50000000,6,pinv,2,0.49895833,4,63300004,seeded_ic_v1,crazyflie_ofat_pinv_fine_v1
7,thrust_to_torque_ratio_minus10,thrust_to_torque_ratio,0.90,0.49375000,0.50000000,6,pinv,2,0.49895833,5,63300005,seeded_ic_v1,crazyflie_ofat_pinv_fine_v1
7,thrust_to_torque_ratio_minus10,thrust_to_torque_ratio,0.90,0.49375000,0.50000000,6,pinv,2,0.49895833,6,63300006,seeded_ic_v1,crazyflie_ofat_pinv_fine_v1
7,thrust_to_torque_ratio_minus10,thrust_to_torque_ratio,0.90,0.49375000,0.50000000,6,pinv,2,0.49895833,7,63300007,seeded_ic_v1,crazyflie_ofat_pinv_fine_v1
7,thrust_to_torque_ratio_minus10,thrust_to_torque_ratio,0.90,0.49375000,0.50000000,6,pinv,2,0.49895833,8,63300008,seeded_ic_v1,crazyflie_ofat_pinv_fine_v1
7,thrust_to_torque_ratio_minus10,thrust_to_torque_ratio,0.90,0.49375000,0.50000000,6,pinv,2,0.49895833,9,63300009,seeded_ic_v1,crazyflie_ofat_pinv_fine_v1
7,thrust_to_torque_ratio_minus10,thrust_to_torque_ratio,0.90,0.49375000,0.50000000,6,pinv,2,0.49895833,10,63300010,seeded_ic_v1,crazyflie_ofat_pinv_fine_v1
7,thrust_to_torque_ratio_minus10,thrust_to_torque_ratio,0.90,0.49375000,0.50000000,6,pinv,2,0.49895833,11,63300011,seeded_ic_v1,crazyflie_ofat_pinv_fine_v1
7,thrust_to_torque_ratio_minus10,thrust_to_torque_ratio,0.90,0.49375000,0.50000000,6,pinv,2,0.49895833,12,63300012,seeded_ic_v1,crazyflie_ofat_pinv_fine_v1
7,thrust_to_torque_ratio_minus10,thrust_to_torque_ratio,0.90,0.49375000,0.50000000,6,pinv,2,0.49895833,13,63300013,seeded_ic_v1,crazyflie_ofat_pinv_fine_v1
7,thrust_to_torque_ratio_minus10,thrust_to_torque_ratio,0.90,0.49375000,0.50000000,6,pinv,2,0.49895833,14,63300014,seeded_ic_v1,crazyflie_ofat_pinv_fine_v1
7,thrust_to_torque_ratio_minus10,thrust_to_torque_ratio,0.90,0.49375000,0.50000000,6,pinv,2,0.49895833,15,63300015,seeded_ic_v1,crazyflie_ofat_pinv_fine_v1
7,thrust_to_torque_ratio_minus10,thrust_to_torque_ratio,0.90,0.49375000,0.50000000,6,pinv,2,0.49895833,16,63300016,seeded_ic_v1,crazyflie_ofat_pinv_fine_v1
7,thrust_to_torque_ratio_minus10,thrust_to_torque_ratio,0.90,0.49375000,0.50000000,6,pinv,2,0.49895833,17,63300017,seeded_ic_v1,crazyflie_ofat_pinv_fine_v1
7,thrust_to_torque_ratio_minus10,thrust_to_torque_ratio,0.90,0.49375000,0.50000000,6,pinv,2,0.49895833,18,63300018,seeded_ic_v1,crazyflie_ofat_pinv_fine_v1
7,thrust_to_torque_ratio_minus10,thrust_to_torque_ratio,0.90,0.49375000,0.50000000,6,pinv,2,0.49895833,19,63300019,seeded_ic_v1,crazyflie_ofat_pinv_fine_v1
7,thrust_to_torque_ratio_minus10,thrust_to_torque_ratio,0.90,0.49375000,0.50000000,6,pinv,2,0.49895833,20,63300020,seeded_ic_v1,crazyflie_ofat_pinv_fine_v1
7,thrust_to_torque_ratio_minus10,thrust_to_torque_ratio,0.90,0.49375000,0.50000000,6,pinv,2,0.49895833,21,63300021,seeded_ic_v1,crazyflie_ofat_pinv_fine_v1
7,thrust_to_torque_ratio_minus10,thrust_to_torque_ratio,0.90,0.49375000,0.50000000,6,pinv,2,0.49895833,22,63300022,seeded_ic_v1,crazyflie_ofat_pinv_fine_v1
7,thrust_to_torque_ratio_minus10,thrust_to_torque_ratio,0.90,0.49375000,0.50000000,6,pinv,2,0.49895833,23,63300023,seeded_ic_v1,crazyflie_ofat_pinv_fine_v1
7,thrust_to_torque_ratio_minus10,thrust_to_torque_ratio,0.90,0.49375000,0.50000000,6,pinv,2,0.49895833,24,63300024,seeded_ic_v1,crazyflie_ofat_pinv_fine_v1
7,thrust_to_torque_ratio_minus10,thrust_to_torque_ratio,0.90,0.49375000,0.50000000,6,pinv,2,0.49895833,25,63300025,seeded_ic_v1,crazyflie_ofat_pinv_fine_v1
7,thrust_to_torque_ratio_minus10,thrust_to_torque_ratio,0.90,0.49375000,0.50000000,6,pinv,2,0.49895833,26,63300026,seeded_ic_v1,crazyflie_ofat_pinv_fine_v1
7,thrust_to_torque_ratio_minus10,thrust_to_torque_ratio,0.90,0.49375000,0.50000000,6,pinv,2,0.49895833,27,63300027,seeded_ic_v1,crazyflie_ofat_pinv_fine_v1
7,thrust_to_torque_ratio_minus10,thrust_to_torque_ratio,0.90,0.49375000,0.50000000,6,pinv,2,0.49895833,28,63300028,seeded_ic_v1,crazyflie_ofat_pinv_fine_v1
7,thrust_to_torque_ratio_minus10,thrust_to_torque_ratio,0.90,0.49375000,0.50000000,6,pinv,2,0.49895833,29,63300029,seeded_ic_v1,crazyflie_ofat_pinv_fine_v1
7,thrust_to_torque_ratio_minus10,thrust_to_torque_ratio,0.90,0.49375000,0.50000000,6,pinv,2,0.49895833,30,63300030,seeded_ic_v1,crazyflie_ofat_pinv_fine_v1
7,thrust_to_torque_ratio_minus10,thrust_to_torque_ratio,0.90,0.49375000,0.50000000,7,pinv,2,0.50000000,1,63300001,seeded_ic_v1,crazyflie_ofat_pinv_fine_v1
7,thrust_to_torque_ratio_minus10,thrust_to_torque_ratio,0.90,0.49375000,0.50000000,7,pinv,2,0.50000000,2,63300002,seeded_ic_v1,crazyflie_ofat_pinv_fine_v1
7,thrust_to_torque_ratio_minus10,thrust_to_torque_ratio,0.90,0.49375000,0.50000000,7,pinv,2,0.50000000,3,63300003,seeded_ic_v1,crazyflie_ofat_pinv_fine_v1
7,thrust_to_torque_ratio_minus10,thrust_to_torque_ratio,0.90,0.49375000,0.50000000,7,pinv,2,0.50000000,4,63300004,seeded_ic_v1,crazyflie_ofat_pinv_fine_v1
7,thrust_to_torque_ratio_minus10,thrust_to_torque_ratio,0.90,0.49375000,0.50000000,7,pinv,2,0.50000000,5,63300005,seeded_ic_v1,crazyflie_ofat_pinv_fine_v1
7,thrust_to_torque_ratio_minus10,thrust_to_torque_ratio,0.90,0.49375000,0.50000000,7,pinv,2,0.50000000,6,63300006,seeded_ic_v1,crazyflie_ofat_pinv_fine_v1
7,thrust_to_torque_ratio_minus10,thrust_to_torque_ratio,0.90,0.49375000,0.50000000,7,pinv,2,0.50000000,7,63300007,seeded_ic_v1,crazyflie_ofat_pinv_fine_v1
7,thrust_to_torque_ratio_minus10,thrust_to_torque_ratio,0.90,0.49375000,0.50000000,7,pinv,2,0.50000000,8,63300008,seeded_ic_v1,crazyflie_ofat_pinv_fine_v1
7,thrust_to_torque_ratio_minus10,thrust_to_torque_ratio,0.90,0.49375000,0.50000000,7,pinv,2,0.50000000,9,63300009,seeded_ic_v1,crazyflie_ofat_pinv_fine_v1
7,thrust_to_torque_ratio_minus10,thrust_to_torque_ratio,0.90,0.49375000,0.50000000,7,pinv,2,0.50000000,10,63300010,seeded_ic_v1,crazyflie_ofat_pinv_fine_v1
7,thrust_to_torque_ratio_minus10,thrust_to_torque_ratio,0.90,0.49375000,0.50000000,7,pinv,2,0.50000000,11,63300011,seeded_ic_v1,crazyflie_ofat_pinv_fine_v1
7,thrust_to_torque_ratio_minus10,thrust_to_torque_ratio,0.90,0.49375000,0.50000000,7,pinv,2,0.50000000,12,63300012,seeded_ic_v1,crazyflie_ofat_pinv_fine_v1
7,thrust_to_torque_ratio_minus10,thrust_to_torque_ratio,0.90,0.49375000,0.50000000,7,pinv,2,0.50000000,13,63300013,seeded_ic_v1,crazyflie_ofat_pinv_fine_v1
7,thrust_to_torque_ratio_minus10,thrust_to_torque_ratio,0.90,0.49375000,0.50000000,7,pinv,2,0.50000000,14,63300014,seeded_ic_v1,crazyflie_ofat_pinv_fine_v1
7,thrust_to_torque_ratio_minus10,thrust_to_torque_ratio,0.90,0.49375000,0.50000000,7,pinv,2,0.50000000,15,63300015,seeded_ic_v1,crazyflie_ofat_pinv_fine_v1
7,thrust_to_torque_ratio_minus10,thrust_to_torque_ratio,0.90,0.49375000,0.50000000,7,pinv,2,0.50000000,16,63300016,seeded_ic_v1,crazyflie_ofat_pinv_fine_v1
7,thrust_to_torque_ratio_minus10,thrust_to_torque_ratio,0.90,0.49375000,0.50000000,7,pinv,2,0.50000000,17,63300017,seeded_ic_v1,crazyflie_ofat_pinv_fine_v1
7,thrust_to_torque_ratio_minus10,thrust_to_torque_ratio,0.90,0.49375000,0.50000000,7,pinv,2,0.50000000,18,63300018,seeded_ic_v1,crazyflie_ofat_pinv_fine_v1
7,thrust_to_torque_ratio_minus10,thrust_to_torque_ratio,0.90,0.49375000,0.50000000,7,pinv,2,0.50000000,19,63300019,seeded_ic_v1,crazyflie_ofat_pinv_fine_v1
7,thrust_to_torque_ratio_minus10,thrust_to_torque_ratio,0.90,0.49375000,0.50000000,7,pinv,2,0.50000000,20,63300020,seeded_ic_v1,crazyflie_ofat_pinv_fine_v1
7,thrust_to_torque_ratio_minus10,thrust_to_torque_ratio,0.90,0.49375000,0.50000000,7,pinv,2,0.50000000,21,63300021,seeded_ic_v1,crazyflie_ofat_pinv_fine_v1
7,thrust_to_torque_ratio_minus10,thrust_to_torque_ratio,0.90,0.49375000,0.50000000,7,pinv,2,0.50000000,22,63300022,seeded_ic_v1,crazyflie_ofat_pinv_fine_v1
7,thrust_to_torque_ratio_minus10,thrust_to_torque_ratio,0.90,0.49375000,0.50000000,7,pinv,2,0.50000000,23,63300023,seeded_ic_v1,crazyflie_ofat_pinv_fine_v1
7,thrust_to_torque_ratio_minus10,thrust_to_torque_ratio,0.90,0.49375000,0.50000000,7,pinv,2,0.50000000,24,63300024,seeded_ic_v1,crazyflie_ofat_pinv_fine_v1
7,thrust_to_torque_ratio_minus10,thrust_to_torque_ratio,0.90,0.49375000,0.50000000,7,pinv,2,0.50000000,25,63300025,seeded_ic_v1,crazyflie_ofat_pinv_fine_v1
7,thrust_to_torque_ratio_minus10,thrust_to_torque_ratio,0.90,0.49375000,0.50000000,7,pinv,2,0.50000000,26,63300026,seeded_ic_v1,crazyflie_ofat_pinv_fine_v1
7,thrust_to_torque_ratio_minus10,thrust_to_torque_ratio,0.90,0.49375000,0.50000000,7,pinv,2,0.50000000,27,63300027,seeded_ic_v1,crazyflie_ofat_pinv_fine_v1
7,thrust_to_torque_ratio_minus10,thrust_to_torque_ratio,0.90,0.49375000,0.50000000,7,pinv,2,0.50000000,28,63300028,seeded_ic_v1,crazyflie_ofat_pinv_fine_v1
7,thrust_to_torque_ratio_minus10,thrust_to_torque_ratio,0.90,0.49375000,0.50000000,7,pinv,2,0.50000000,29,63300029,seeded_ic_v1,crazyflie_ofat_pinv_fine_v1
7,thrust_to_torque_ratio_minus10,thrust_to_torque_ratio,0.90,0.49375000,0.50000000,7,pinv,2,0.50000000,30,63300030,seeded_ic_v1,crazyflie_ofat_pinv_fine_v1
8,thrust_to_torque_ratio_plus10,thrust_to_torque_ratio,1.10,0.49375000,0.50000000,1,pinv,2,0.49375000,1,63300001,seeded_ic_v1,crazyflie_ofat_pinv_fine_v1
8,thrust_to_torque_ratio_plus10,thrust_to_torque_ratio,1.10,0.49375000,0.50000000,1,pinv,2,0.49375000,2,63300002,seeded_ic_v1,crazyflie_ofat_pinv_fine_v1
8,thrust_to_torque_ratio_plus10,thrust_to_torque_ratio,1.10,0.49375000,0.50000000,1,pinv,2,0.49375000,3,63300003,seeded_ic_v1,crazyflie_ofat_pinv_fine_v1
8,thrust_to_torque_ratio_plus10,thrust_to_torque_ratio,1.10,0.49375000,0.50000000,1,pinv,2,0.49375000,4,63300004,seeded_ic_v1,crazyflie_ofat_pinv_fine_v1
8,thrust_to_torque_ratio_plus10,thrust_to_torque_ratio,1.10,0.49375000,0.50000000,1,pinv,2,0.49375000,5,63300005,seeded_ic_v1,crazyflie_ofat_pinv_fine_v1
8,thrust_to_torque_ratio_plus10,thrust_to_torque_ratio,1.10,0.49375000,0.50000000,1,pinv,2,0.49375000,6,63300006,seeded_ic_v1,crazyflie_ofat_pinv_fine_v1
8,thrust_to_torque_ratio_plus10,thrust_to_torque_ratio,1.10,0.49375000,0.50000000,1,pinv,2,0.49375000,7,63300007,seeded_ic_v1,crazyflie_ofat_pinv_fine_v1
8,thrust_to_torque_ratio_plus10,thrust_to_torque_ratio,1.10,0.49375000,0.50000000,1,pinv,2,0.49375000,8,63300008,seeded_ic_v1,crazyflie_ofat_pinv_fine_v1
8,thrust_to_torque_ratio_plus10,thrust_to_torque_ratio,1.10,0.49375000,0.50000000,1,pinv,2,0.49375000,9,63300009,seeded_ic_v1,crazyflie_ofat_pinv_fine_v1
8,thrust_to_torque_ratio_plus10,thrust_to_torque_ratio,1.10,0.49375000,0.50000000,1,pinv,2,0.49375000,10,63300010,seeded_ic_v1,crazyflie_ofat_pinv_fine_v1
8,thrust_to_torque_ratio_plus10,thrust_to_torque_ratio,1.10,0.49375000,0.50000000,1,pinv,2,0.49375000,11,63300011,seeded_ic_v1,crazyflie_ofat_pinv_fine_v1
8,thrust_to_torque_ratio_plus10,thrust_to_torque_ratio,1.10,0.49375000,0.50000000,1,pinv,2,0.49375000,12,63300012,seeded_ic_v1,crazyflie_ofat_pinv_fine_v1
8,thrust_to_torque_ratio_plus10,thrust_to_torque_ratio,1.10,0.49375000,0.50000000,1,pinv,2,0.49375000,13,63300013,seeded_ic_v1,crazyflie_ofat_pinv_fine_v1
8,thrust_to_torque_ratio_plus10,thrust_to_torque_ratio,1.10,0.49375000,0.50000000,1,pinv,2,0.49375000,14,63300014,seeded_ic_v1,crazyflie_ofat_pinv_fine_v1
8,thrust_to_torque_ratio_plus10,thrust_to_torque_ratio,1.10,0.49375000,0.50000000,1,pinv,2,0.49375000,15,63300015,seeded_ic_v1,crazyflie_ofat_pinv_fine_v1
8,thrust_to_torque_ratio_plus10,thrust_to_torque_ratio,1.10,0.49375000,0.50000000,1,pinv,2,0.49375000,16,63300016,seeded_ic_v1,crazyflie_ofat_pinv_fine_v1
8,thrust_to_torque_ratio_plus10,thrust_to_torque_ratio,1.10,0.49375000,0.50000000,1,pinv,2,0.49375000,17,63300017,seeded_ic_v1,crazyflie_ofat_pinv_fine_v1
8,thrust_to_torque_ratio_plus10,thrust_to_torque_ratio,1.10,0.49375000,0.50000000,1,pinv,2,0.49375000,18,63300018,seeded_ic_v1,crazyflie_ofat_pinv_fine_v1
8,thrust_to_torque_ratio_plus10,thrust_to_torque_ratio,1.10,0.49375000,0.50000000,1,pinv,2,0.49375000,19,63300019,seeded_ic_v1,crazyflie_ofat_pinv_fine_v1
8,thrust_to_torque_ratio_plus10,thrust_to_torque_ratio,1.10,0.49375000,0.50000000,1,pinv,2,0.49375000,20,63300020,seeded_ic_v1,crazyflie_ofat_pinv_fine_v1
8,thrust_to_torque_ratio_plus10,thrust_to_torque_ratio,1.10,0.49375000,0.50000000,1,pinv,2,0.49375000,21,63300021,seeded_ic_v1,crazyflie_ofat_pinv_fine_v1
8,thrust_to_torque_ratio_plus10,thrust_to_torque_ratio,1.10,0.49375000,0.50000000,1,pinv,2,0.49375000,22,63300022,seeded_ic_v1,crazyflie_ofat_pinv_fine_v1
8,thrust_to_torque_ratio_plus10,thrust_to_torque_ratio,1.10,0.49375000,0.50000000,1,pinv,2,0.49375000,23,63300023,seeded_ic_v1,crazyflie_ofat_pinv_fine_v1
8,thrust_to_torque_ratio_plus10,thrust_to_torque_ratio,1.10,0.49375000,0.50000000,1,pinv,2,0.49375000,24,63300024,seeded_ic_v1,crazyflie_ofat_pinv_fine_v1
8,thrust_to_torque_ratio_plus10,thrust_to_torque_ratio,1.10,0.49375000,0.50000000,1,pinv,2,0.49375000,25,63300025,seeded_ic_v1,crazyflie_ofat_pinv_fine_v1
8,thrust_to_torque_ratio_plus10,thrust_to_torque_ratio,1.10,0.49375000,0.50000000,1,pinv,2,0.49375000,26,63300026,seeded_ic_v1,crazyflie_ofat_pinv_fine_v1
8,thrust_to_torque_ratio_plus10,thrust_to_torque_ratio,1.10,0.49375000,0.50000000,1,pinv,2,0.49375000,27,63300027,seeded_ic_v1,crazyflie_ofat_pinv_fine_v1
8,thrust_to_torque_ratio_plus10,thrust_to_torque_ratio,1.10,0.49375000,0.50000000,1,pinv,2,0.49375000,28,63300028,seeded_ic_v1,crazyflie_ofat_pinv_fine_v1
8,thrust_to_torque_ratio_plus10,thrust_to_torque_ratio,1.10,0.49375000,0.50000000,1,pinv,2,0.49375000,29,63300029,seeded_ic_v1,crazyflie_ofat_pinv_fine_v1
8,thrust_to_torque_ratio_plus10,thrust_to_torque_ratio,1.10,0.49375000,0.50000000,1,pinv,2,0.49375000,30,63300030,seeded_ic_v1,crazyflie_ofat_pinv_fine_v1
8,thrust_to_torque_ratio_plus10,thrust_to_torque_ratio,1.10,0.49375000,0.50000000,2,pinv,2,0.49479167,1,63300001,seeded_ic_v1,crazyflie_ofat_pinv_fine_v1
8,thrust_to_torque_ratio_plus10,thrust_to_torque_ratio,1.10,0.49375000,0.50000000,2,pinv,2,0.49479167,2,63300002,seeded_ic_v1,crazyflie_ofat_pinv_fine_v1
8,thrust_to_torque_ratio_plus10,thrust_to_torque_ratio,1.10,0.49375000,0.50000000,2,pinv,2,0.49479167,3,63300003,seeded_ic_v1,crazyflie_ofat_pinv_fine_v1
8,thrust_to_torque_ratio_plus10,thrust_to_torque_ratio,1.10,0.49375000,0.50000000,2,pinv,2,0.49479167,4,63300004,seeded_ic_v1,crazyflie_ofat_pinv_fine_v1
8,thrust_to_torque_ratio_plus10,thrust_to_torque_ratio,1.10,0.49375000,0.50000000,2,pinv,2,0.49479167,5,63300005,seeded_ic_v1,crazyflie_ofat_pinv_fine_v1
8,thrust_to_torque_ratio_plus10,thrust_to_torque_ratio,1.10,0.49375000,0.50000000,2,pinv,2,0.49479167,6,63300006,seeded_ic_v1,crazyflie_ofat_pinv_fine_v1
8,thrust_to_torque_ratio_plus10,thrust_to_torque_ratio,1.10,0.49375000,0.50000000,2,pinv,2,0.49479167,7,63300007,seeded_ic_v1,crazyflie_ofat_pinv_fine_v1
8,thrust_to_torque_ratio_plus10,thrust_to_torque_ratio,1.10,0.49375000,0.50000000,2,pinv,2,0.49479167,8,63300008,seeded_ic_v1,crazyflie_ofat_pinv_fine_v1
8,thrust_to_torque_ratio_plus10,thrust_to_torque_ratio,1.10,0.49375000,0.50000000,2,pinv,2,0.49479167,9,63300009,seeded_ic_v1,crazyflie_ofat_pinv_fine_v1
8,thrust_to_torque_ratio_plus10,thrust_to_torque_ratio,1.10,0.49375000,0.50000000,2,pinv,2,0.49479167,10,63300010,seeded_ic_v1,crazyflie_ofat_pinv_fine_v1
8,thrust_to_torque_ratio_plus10,thrust_to_torque_ratio,1.10,0.49375000,0.50000000,2,pinv,2,0.49479167,11,63300011,seeded_ic_v1,crazyflie_ofat_pinv_fine_v1
8,thrust_to_torque_ratio_plus10,thrust_to_torque_ratio,1.10,0.49375000,0.50000000,2,pinv,2,0.49479167,12,63300012,seeded_ic_v1,crazyflie_ofat_pinv_fine_v1
8,thrust_to_torque_ratio_plus10,thrust_to_torque_ratio,1.10,0.49375000,0.50000000,2,pinv,2,0.49479167,13,63300013,seeded_ic_v1,crazyflie_ofat_pinv_fine_v1
8,thrust_to_torque_ratio_plus10,thrust_to_torque_ratio,1.10,0.49375000,0.50000000,2,pinv,2,0.49479167,14,63300014,seeded_ic_v1,crazyflie_ofat_pinv_fine_v1
8,thrust_to_torque_ratio_plus10,thrust_to_torque_ratio,1.10,0.49375000,0.50000000,2,pinv,2,0.49479167,15,63300015,seeded_ic_v1,crazyflie_ofat_pinv_fine_v1
8,thrust_to_torque_ratio_plus10,thrust_to_torque_ratio,1.10,0.49375000,0.50000000,2,pinv,2,0.49479167,16,63300016,seeded_ic_v1,crazyflie_ofat_pinv_fine_v1
8,thrust_to_torque_ratio_plus10,thrust_to_torque_ratio,1.10,0.49375000,0.50000000,2,pinv,2,0.49479167,17,63300017,seeded_ic_v1,crazyflie_ofat_pinv_fine_v1
8,thrust_to_torque_ratio_plus10,thrust_to_torque_ratio,1.10,0.49375000,0.50000000,2,pinv,2,0.49479167,18,63300018,seeded_ic_v1,crazyflie_ofat_pinv_fine_v1
8,thrust_to_torque_ratio_plus10,thrust_to_torque_ratio,1.10,0.49375000,0.50000000,2,pinv,2,0.49479167,19,63300019,seeded_ic_v1,crazyflie_ofat_pinv_fine_v1
8,thrust_to_torque_ratio_plus10,thrust_to_torque_ratio,1.10,0.49375000,0.50000000,2,pinv,2,0.49479167,20,63300020,seeded_ic_v1,crazyflie_ofat_pinv_fine_v1
8,thrust_to_torque_ratio_plus10,thrust_to_torque_ratio,1.10,0.49375000,0.50000000,2,pinv,2,0.49479167,21,63300021,seeded_ic_v1,crazyflie_ofat_pinv_fine_v1
8,thrust_to_torque_ratio_plus10,thrust_to_torque_ratio,1.10,0.49375000,0.50000000,2,pinv,2,0.49479167,22,63300022,seeded_ic_v1,crazyflie_ofat_pinv_fine_v1
8,thrust_to_torque_ratio_plus10,thrust_to_torque_ratio,1.10,0.49375000,0.50000000,2,pinv,2,0.49479167,23,63300023,seeded_ic_v1,crazyflie_ofat_pinv_fine_v1
8,thrust_to_torque_ratio_plus10,thrust_to_torque_ratio,1.10,0.49375000,0.50000000,2,pinv,2,0.49479167,24,63300024,seeded_ic_v1,crazyflie_ofat_pinv_fine_v1
8,thrust_to_torque_ratio_plus10,thrust_to_torque_ratio,1.10,0.49375000,0.50000000,2,pinv,2,0.49479167,25,63300025,seeded_ic_v1,crazyflie_ofat_pinv_fine_v1
8,thrust_to_torque_ratio_plus10,thrust_to_torque_ratio,1.10,0.49375000,0.50000000,2,pinv,2,0.49479167,26,63300026,seeded_ic_v1,crazyflie_ofat_pinv_fine_v1
8,thrust_to_torque_ratio_plus10,thrust_to_torque_ratio,1.10,0.49375000,0.50000000,2,pinv,2,0.49479167,27,63300027,seeded_ic_v1,crazyflie_ofat_pinv_fine_v1
8,thrust_to_torque_ratio_plus10,thrust_to_torque_ratio,1.10,0.49375000,0.50000000,2,pinv,2,0.49479167,28,63300028,seeded_ic_v1,crazyflie_ofat_pinv_fine_v1
8,thrust_to_torque_ratio_plus10,thrust_to_torque_ratio,1.10,0.49375000,0.50000000,2,pinv,2,0.49479167,29,63300029,seeded_ic_v1,crazyflie_ofat_pinv_fine_v1
8,thrust_to_torque_ratio_plus10,thrust_to_torque_ratio,1.10,0.49375000,0.50000000,2,pinv,2,0.49479167,30,63300030,seeded_ic_v1,crazyflie_ofat_pinv_fine_v1
8,thrust_to_torque_ratio_plus10,thrust_to_torque_ratio,1.10,0.49375000,0.50000000,3,pinv,2,0.49583333,1,63300001,seeded_ic_v1,crazyflie_ofat_pinv_fine_v1
8,thrust_to_torque_ratio_plus10,thrust_to_torque_ratio,1.10,0.49375000,0.50000000,3,pinv,2,0.49583333,2,63300002,seeded_ic_v1,crazyflie_ofat_pinv_fine_v1
8,thrust_to_torque_ratio_plus10,thrust_to_torque_ratio,1.10,0.49375000,0.50000000,3,pinv,2,0.49583333,3,63300003,seeded_ic_v1,crazyflie_ofat_pinv_fine_v1
8,thrust_to_torque_ratio_plus10,thrust_to_torque_ratio,1.10,0.49375000,0.50000000,3,pinv,2,0.49583333,4,63300004,seeded_ic_v1,crazyflie_ofat_pinv_fine_v1
8,thrust_to_torque_ratio_plus10,thrust_to_torque_ratio,1.10,0.49375000,0.50000000,3,pinv,2,0.49583333,5,63300005,seeded_ic_v1,crazyflie_ofat_pinv_fine_v1
8,thrust_to_torque_ratio_plus10,thrust_to_torque_ratio,1.10,0.49375000,0.50000000,3,pinv,2,0.49583333,6,63300006,seeded_ic_v1,crazyflie_ofat_pinv_fine_v1
8,thrust_to_torque_ratio_plus10,thrust_to_torque_ratio,1.10,0.49375000,0.50000000,3,pinv,2,0.49583333,7,63300007,seeded_ic_v1,crazyflie_ofat_pinv_fine_v1
8,thrust_to_torque_ratio_plus10,thrust_to_torque_ratio,1.10,0.49375000,0.50000000,3,pinv,2,0.49583333,8,63300008,seeded_ic_v1,crazyflie_ofat_pinv_fine_v1
8,thrust_to_torque_ratio_plus10,thrust_to_torque_ratio,1.10,0.49375000,0.50000000,3,pinv,2,0.49583333,9,63300009,seeded_ic_v1,crazyflie_ofat_pinv_fine_v1
8,thrust_to_torque_ratio_plus10,thrust_to_torque_ratio,1.10,0.49375000,0.50000000,3,pinv,2,0.49583333,10,63300010,seeded_ic_v1,crazyflie_ofat_pinv_fine_v1
8,thrust_to_torque_ratio_plus10,thrust_to_torque_ratio,1.10,0.49375000,0.50000000,3,pinv,2,0.49583333,11,63300011,seeded_ic_v1,crazyflie_ofat_pinv_fine_v1
8,thrust_to_torque_ratio_plus10,thrust_to_torque_ratio,1.10,0.49375000,0.50000000,3,pinv,2,0.49583333,12,63300012,seeded_ic_v1,crazyflie_ofat_pinv_fine_v1
8,thrust_to_torque_ratio_plus10,thrust_to_torque_ratio,1.10,0.49375000,0.50000000,3,pinv,2,0.49583333,13,63300013,seeded_ic_v1,crazyflie_ofat_pinv_fine_v1
8,thrust_to_torque_ratio_plus10,thrust_to_torque_ratio,1.10,0.49375000,0.50000000,3,pinv,2,0.49583333,14,63300014,seeded_ic_v1,crazyflie_ofat_pinv_fine_v1
8,thrust_to_torque_ratio_plus10,thrust_to_torque_ratio,1.10,0.49375000,0.50000000,3,pinv,2,0.49583333,15,63300015,seeded_ic_v1,crazyflie_ofat_pinv_fine_v1
8,thrust_to_torque_ratio_plus10,thrust_to_torque_ratio,1.10,0.49375000,0.50000000,3,pinv,2,0.49583333,16,63300016,seeded_ic_v1,crazyflie_ofat_pinv_fine_v1
8,thrust_to_torque_ratio_plus10,thrust_to_torque_ratio,1.10,0.49375000,0.50000000,3,pinv,2,0.49583333,17,63300017,seeded_ic_v1,crazyflie_ofat_pinv_fine_v1
8,thrust_to_torque_ratio_plus10,thrust_to_torque_ratio,1.10,0.49375000,0.50000000,3,pinv,2,0.49583333,18,63300018,seeded_ic_v1,crazyflie_ofat_pinv_fine_v1
8,thrust_to_torque_ratio_plus10,thrust_to_torque_ratio,1.10,0.49375000,0.50000000,3,pinv,2,0.49583333,19,63300019,seeded_ic_v1,crazyflie_ofat_pinv_fine_v1
8,thrust_to_torque_ratio_plus10,thrust_to_torque_ratio,1.10,0.49375000,0.50000000,3,pinv,2,0.49583333,20,63300020,seeded_ic_v1,crazyflie_ofat_pinv_fine_v1
8,thrust_to_torque_ratio_plus10,thrust_to_torque_ratio,1.10,0.49375000,0.50000000,3,pinv,2,0.49583333,21,63300021,seeded_ic_v1,crazyflie_ofat_pinv_fine_v1
8,thrust_to_torque_ratio_plus10,thrust_to_torque_ratio,1.10,0.49375000,0.50000000,3,pinv,2,0.49583333,22,63300022,seeded_ic_v1,crazyflie_ofat_pinv_fine_v1
8,thrust_to_torque_ratio_plus10,thrust_to_torque_ratio,1.10,0.49375000,0.50000000,3,pinv,2,0.49583333,23,63300023,seeded_ic_v1,crazyflie_ofat_pinv_fine_v1
8,thrust_to_torque_ratio_plus10,thrust_to_torque_ratio,1.10,0.49375000,0.50000000,3,pinv,2,0.49583333,24,63300024,seeded_ic_v1,crazyflie_ofat_pinv_fine_v1
8,thrust_to_torque_ratio_plus10,thrust_to_torque_ratio,1.10,0.49375000,0.50000000,3,pinv,2,0.49583333,25,63300025,seeded_ic_v1,crazyflie_ofat_pinv_fine_v1
8,thrust_to_torque_ratio_plus10,thrust_to_torque_ratio,1.10,0.49375000,0.50000000,3,pinv,2,0.49583333,26,63300026,seeded_ic_v1,crazyflie_ofat_pinv_fine_v1
8,thrust_to_torque_ratio_plus10,thrust_to_torque_ratio,1.10,0.49375000,0.50000000,3,pinv,2,0.49583333,27,63300027,seeded_ic_v1,crazyflie_ofat_pinv_fine_v1
8,thrust_to_torque_ratio_plus10,thrust_to_torque_ratio,1.10,0.49375000,0.50000000,3,pinv,2,0.49583333,28,63300028,seeded_ic_v1,crazyflie_ofat_pinv_fine_v1
8,thrust_to_torque_ratio_plus10,thrust_to_torque_ratio,1.10,0.49375000,0.50000000,3,pinv,2,0.49583333,29,63300029,seeded_ic_v1,crazyflie_ofat_pinv_fine_v1
8,thrust_to_torque_ratio_plus10,thrust_to_torque_ratio,1.10,0.49375000,0.50000000,3,pinv,2,0.49583333,30,63300030,seeded_ic_v1,crazyflie_ofat_pinv_fine_v1
8,thrust_to_torque_ratio_plus10,thrust_to_torque_ratio,1.10,0.49375000,0.50000000,4,pinv,2,0.49687500,1,63300001,seeded_ic_v1,crazyflie_ofat_pinv_fine_v1
8,thrust_to_torque_ratio_plus10,thrust_to_torque_ratio,1.10,0.49375000,0.50000000,4,pinv,2,0.49687500,2,63300002,seeded_ic_v1,crazyflie_ofat_pinv_fine_v1
8,thrust_to_torque_ratio_plus10,thrust_to_torque_ratio,1.10,0.49375000,0.50000000,4,pinv,2,0.49687500,3,63300003,seeded_ic_v1,crazyflie_ofat_pinv_fine_v1
8,thrust_to_torque_ratio_plus10,thrust_to_torque_ratio,1.10,0.49375000,0.50000000,4,pinv,2,0.49687500,4,63300004,seeded_ic_v1,crazyflie_ofat_pinv_fine_v1
8,thrust_to_torque_ratio_plus10,thrust_to_torque_ratio,1.10,0.49375000,0.50000000,4,pinv,2,0.49687500,5,63300005,seeded_ic_v1,crazyflie_ofat_pinv_fine_v1
8,thrust_to_torque_ratio_plus10,thrust_to_torque_ratio,1.10,0.49375000,0.50000000,4,pinv,2,0.49687500,6,63300006,seeded_ic_v1,crazyflie_ofat_pinv_fine_v1
8,thrust_to_torque_ratio_plus10,thrust_to_torque_ratio,1.10,0.49375000,0.50000000,4,pinv,2,0.49687500,7,63300007,seeded_ic_v1,crazyflie_ofat_pinv_fine_v1
8,thrust_to_torque_ratio_plus10,thrust_to_torque_ratio,1.10,0.49375000,0.50000000,4,pinv,2,0.49687500,8,63300008,seeded_ic_v1,crazyflie_ofat_pinv_fine_v1
8,thrust_to_torque_ratio_plus10,thrust_to_torque_ratio,1.10,0.49375000,0.50000000,4,pinv,2,0.49687500,9,63300009,seeded_ic_v1,crazyflie_ofat_pinv_fine_v1
8,thrust_to_torque_ratio_plus10,thrust_to_torque_ratio,1.10,0.49375000,0.50000000,4,pinv,2,0.49687500,10,63300010,seeded_ic_v1,crazyflie_ofat_pinv_fine_v1
8,thrust_to_torque_ratio_plus10,thrust_to_torque_ratio,1.10,0.49375000,0.50000000,4,pinv,2,0.49687500,11,63300011,seeded_ic_v1,crazyflie_ofat_pinv_fine_v1
8,thrust_to_torque_ratio_plus10,thrust_to_torque_ratio,1.10,0.49375000,0.50000000,4,pinv,2,0.49687500,12,63300012,seeded_ic_v1,crazyflie_ofat_pinv_fine_v1
8,thrust_to_torque_ratio_plus10,thrust_to_torque_ratio,1.10,0.49375000,0.50000000,4,pinv,2,0.49687500,13,63300013,seeded_ic_v1,crazyflie_ofat_pinv_fine_v1
8,thrust_to_torque_ratio_plus10,thrust_to_torque_ratio,1.10,0.49375000,0.50000000,4,pinv,2,0.49687500,14,63300014,seeded_ic_v1,crazyflie_ofat_pinv_fine_v1
8,thrust_to_torque_ratio_plus10,thrust_to_torque_ratio,1.10,0.49375000,0.50000000,4,pinv,2,0.49687500,15,63300015,seeded_ic_v1,crazyflie_ofat_pinv_fine_v1
8,thrust_to_torque_ratio_plus10,thrust_to_torque_ratio,1.10,0.49375000,0.50000000,4,pinv,2,0.49687500,16,63300016,seeded_ic_v1,crazyflie_ofat_pinv_fine_v1
8,thrust_to_torque_ratio_plus10,thrust_to_torque_ratio,1.10,0.49375000,0.50000000,4,pinv,2,0.49687500,17,63300017,seeded_ic_v1,crazyflie_ofat_pinv_fine_v1
8,thrust_to_torque_ratio_plus10,thrust_to_torque_ratio,1.10,0.49375000,0.50000000,4,pinv,2,0.49687500,18,63300018,seeded_ic_v1,crazyflie_ofat_pinv_fine_v1
8,thrust_to_torque_ratio_plus10,thrust_to_torque_ratio,1.10,0.49375000,0.50000000,4,pinv,2,0.49687500,19,63300019,seeded_ic_v1,crazyflie_ofat_pinv_fine_v1
8,thrust_to_torque_ratio_plus10,thrust_to_torque_ratio,1.10,0.49375000,0.50000000,4,pinv,2,0.49687500,20,63300020,seeded_ic_v1,crazyflie_ofat_pinv_fine_v1
8,thrust_to_torque_ratio_plus10,thrust_to_torque_ratio,1.10,0.49375000,0.50000000,4,pinv,2,0.49687500,21,63300021,seeded_ic_v1,crazyflie_ofat_pinv_fine_v1
8,thrust_to_torque_ratio_plus10,thrust_to_torque_ratio,1.10,0.49375000,0.50000000,4,pinv,2,0.49687500,22,63300022,seeded_ic_v1,crazyflie_ofat_pinv_fine_v1
8,thrust_to_torque_ratio_plus10,thrust_to_torque_ratio,1.10,0.49375000,0.50000000,4,pinv,2,0.49687500,23,63300023,seeded_ic_v1,crazyflie_ofat_pinv_fine_v1
8,thrust_to_torque_ratio_plus10,thrust_to_torque_ratio,1.10,0.49375000,0.50000000,4,pinv,2,0.49687500,24,63300024,seeded_ic_v1,crazyflie_ofat_pinv_fine_v1
8,thrust_to_torque_ratio_plus10,thrust_to_torque_ratio,1.10,0.49375000,0.50000000,4,pinv,2,0.49687500,25,63300025,seeded_ic_v1,crazyflie_ofat_pinv_fine_v1
8,thrust_to_torque_ratio_plus10,thrust_to_torque_ratio,1.10,0.49375000,0.50000000,4,pinv,2,0.49687500,26,63300026,seeded_ic_v1,crazyflie_ofat_pinv_fine_v1
8,thrust_to_torque_ratio_plus10,thrust_to_torque_ratio,1.10,0.49375000,0.50000000,4,pinv,2,0.49687500,27,63300027,seeded_ic_v1,crazyflie_ofat_pinv_fine_v1
8,thrust_to_torque_ratio_plus10,thrust_to_torque_ratio,1.10,0.49375000,0.50000000,4,pinv,2,0.49687500,28,63300028,seeded_ic_v1,crazyflie_ofat_pinv_fine_v1
8,thrust_to_torque_ratio_plus10,thrust_to_torque_ratio,1.10,0.49375000,0.50000000,4,pinv,2,0.49687500,29,63300029,seeded_ic_v1,crazyflie_ofat_pinv_fine_v1
8,thrust_to_torque_ratio_plus10,thrust_to_torque_ratio,1.10,0.49375000,0.50000000,4,pinv,2,0.49687500,30,63300030,seeded_ic_v1,crazyflie_ofat_pinv_fine_v1
8,thrust_to_torque_ratio_plus10,thrust_to_torque_ratio,1.10,0.49375000,0.50000000,5,pinv,2,0.49791667,1,63300001,seeded_ic_v1,crazyflie_ofat_pinv_fine_v1
8,thrust_to_torque_ratio_plus10,thrust_to_torque_ratio,1.10,0.49375000,0.50000000,5,pinv,2,0.49791667,2,63300002,seeded_ic_v1,crazyflie_ofat_pinv_fine_v1
8,thrust_to_torque_ratio_plus10,thrust_to_torque_ratio,1.10,0.49375000,0.50000000,5,pinv,2,0.49791667,3,63300003,seeded_ic_v1,crazyflie_ofat_pinv_fine_v1
8,thrust_to_torque_ratio_plus10,thrust_to_torque_ratio,1.10,0.49375000,0.50000000,5,pinv,2,0.49791667,4,63300004,seeded_ic_v1,crazyflie_ofat_pinv_fine_v1
8,thrust_to_torque_ratio_plus10,thrust_to_torque_ratio,1.10,0.49375000,0.50000000,5,pinv,2,0.49791667,5,63300005,seeded_ic_v1,crazyflie_ofat_pinv_fine_v1
8,thrust_to_torque_ratio_plus10,thrust_to_torque_ratio,1.10,0.49375000,0.50000000,5,pinv,2,0.49791667,6,63300006,seeded_ic_v1,crazyflie_ofat_pinv_fine_v1
8,thrust_to_torque_ratio_plus10,thrust_to_torque_ratio,1.10,0.49375000,0.50000000,5,pinv,2,0.49791667,7,63300007,seeded_ic_v1,crazyflie_ofat_pinv_fine_v1
8,thrust_to_torque_ratio_plus10,thrust_to_torque_ratio,1.10,0.49375000,0.50000000,5,pinv,2,0.49791667,8,63300008,seeded_ic_v1,crazyflie_ofat_pinv_fine_v1
8,thrust_to_torque_ratio_plus10,thrust_to_torque_ratio,1.10,0.49375000,0.50000000,5,pinv,2,0.49791667,9,63300009,seeded_ic_v1,crazyflie_ofat_pinv_fine_v1
8,thrust_to_torque_ratio_plus10,thrust_to_torque_ratio,1.10,0.49375000,0.50000000,5,pinv,2,0.49791667,10,63300010,seeded_ic_v1,crazyflie_ofat_pinv_fine_v1
8,thrust_to_torque_ratio_plus10,thrust_to_torque_ratio,1.10,0.49375000,0.50000000,5,pinv,2,0.49791667,11,63300011,seeded_ic_v1,crazyflie_ofat_pinv_fine_v1
8,thrust_to_torque_ratio_plus10,thrust_to_torque_ratio,1.10,0.49375000,0.50000000,5,pinv,2,0.49791667,12,63300012,seeded_ic_v1,crazyflie_ofat_pinv_fine_v1
8,thrust_to_torque_ratio_plus10,thrust_to_torque_ratio,1.10,0.49375000,0.50000000,5,pinv,2,0.49791667,13,63300013,seeded_ic_v1,crazyflie_ofat_pinv_fine_v1
8,thrust_to_torque_ratio_plus10,thrust_to_torque_ratio,1.10,0.49375000,0.50000000,5,pinv,2,0.49791667,14,63300014,seeded_ic_v1,crazyflie_ofat_pinv_fine_v1
8,thrust_to_torque_ratio_plus10,thrust_to_torque_ratio,1.10,0.49375000,0.50000000,5,pinv,2,0.49791667,15,63300015,seeded_ic_v1,crazyflie_ofat_pinv_fine_v1
8,thrust_to_torque_ratio_plus10,thrust_to_torque_ratio,1.10,0.49375000,0.50000000,5,pinv,2,0.49791667,16,63300016,seeded_ic_v1,crazyflie_ofat_pinv_fine_v1
8,thrust_to_torque_ratio_plus10,thrust_to_torque_ratio,1.10,0.49375000,0.50000000,5,pinv,2,0.49791667,17,63300017,seeded_ic_v1,crazyflie_ofat_pinv_fine_v1
8,thrust_to_torque_ratio_plus10,thrust_to_torque_ratio,1.10,0.49375000,0.50000000,5,pinv,2,0.49791667,18,63300018,seeded_ic_v1,crazyflie_ofat_pinv_fine_v1
8,thrust_to_torque_ratio_plus10,thrust_to_torque_ratio,1.10,0.49375000,0.50000000,5,pinv,2,0.49791667,19,63300019,seeded_ic_v1,crazyflie_ofat_pinv_fine_v1
8,thrust_to_torque_ratio_plus10,thrust_to_torque_ratio,1.10,0.49375000,0.50000000,5,pinv,2,0.49791667,20,63300020,seeded_ic_v1,crazyflie_ofat_pinv_fine_v1
8,thrust_to_torque_ratio_plus10,thrust_to_torque_ratio,1.10,0.49375000,0.50000000,5,pinv,2,0.49791667,21,63300021,seeded_ic_v1,crazyflie_ofat_pinv_fine_v1
8,thrust_to_torque_ratio_plus10,thrust_to_torque_ratio,1.10,0.49375000,0.50000000,5,pinv,2,0.49791667,22,63300022,seeded_ic_v1,crazyflie_ofat_pinv_fine_v1
8,thrust_to_torque_ratio_plus10,thrust_to_torque_ratio,1.10,0.49375000,0.50000000,5,pinv,2,0.49791667,23,63300023,seeded_ic_v1,crazyflie_ofat_pinv_fine_v1
8,thrust_to_torque_ratio_plus10,thrust_to_torque_ratio,1.10,0.49375000,0.50000000,5,pinv,2,0.49791667,24,63300024,seeded_ic_v1,crazyflie_ofat_pinv_fine_v1
8,thrust_to_torque_ratio_plus10,thrust_to_torque_ratio,1.10,0.49375000,0.50000000,5,pinv,2,0.49791667,25,63300025,seeded_ic_v1,crazyflie_ofat_pinv_fine_v1
8,thrust_to_torque_ratio_plus10,thrust_to_torque_ratio,1.10,0.49375000,0.50000000,5,pinv,2,0.49791667,26,63300026,seeded_ic_v1,crazyflie_ofat_pinv_fine_v1
8,thrust_to_torque_ratio_plus10,thrust_to_torque_ratio,1.10,0.49375000,0.50000000,5,pinv,2,0.49791667,27,63300027,seeded_ic_v1,crazyflie_ofat_pinv_fine_v1
8,thrust_to_torque_ratio_plus10,thrust_to_torque_ratio,1.10,0.49375000,0.50000000,5,pinv,2,0.49791667,28,63300028,seeded_ic_v1,crazyflie_ofat_pinv_fine_v1
8,thrust_to_torque_ratio_plus10,thrust_to_torque_ratio,1.10,0.49375000,0.50000000,5,pinv,2,0.49791667,29,63300029,seeded_ic_v1,crazyflie_ofat_pinv_fine_v1
8,thrust_to_torque_ratio_plus10,thrust_to_torque_ratio,1.10,0.49375000,0.50000000,5,pinv,2,0.49791667,30,63300030,seeded_ic_v1,crazyflie_ofat_pinv_fine_v1
8,thrust_to_torque_ratio_plus10,thrust_to_torque_ratio,1.10,0.49375000,0.50000000,6,pinv,2,0.49895833,1,63300001,seeded_ic_v1,crazyflie_ofat_pinv_fine_v1
8,thrust_to_torque_ratio_plus10,thrust_to_torque_ratio,1.10,0.49375000,0.50000000,6,pinv,2,0.49895833,2,63300002,seeded_ic_v1,crazyflie_ofat_pinv_fine_v1
8,thrust_to_torque_ratio_plus10,thrust_to_torque_ratio,1.10,0.49375000,0.50000000,6,pinv,2,0.49895833,3,63300003,seeded_ic_v1,crazyflie_ofat_pinv_fine_v1
8,thrust_to_torque_ratio_plus10,thrust_to_torque_ratio,1.10,0.49375000,0.50000000,6,pinv,2,0.49895833,4,63300004,seeded_ic_v1,crazyflie_ofat_pinv_fine_v1
8,thrust_to_torque_ratio_plus10,thrust_to_torque_ratio,1.10,0.49375000,0.50000000,6,pinv,2,0.49895833,5,63300005,seeded_ic_v1,crazyflie_ofat_pinv_fine_v1
8,thrust_to_torque_ratio_plus10,thrust_to_torque_ratio,1.10,0.49375000,0.50000000,6,pinv,2,0.49895833,6,63300006,seeded_ic_v1,crazyflie_ofat_pinv_fine_v1
8,thrust_to_torque_ratio_plus10,thrust_to_torque_ratio,1.10,0.49375000,0.50000000,6,pinv,2,0.49895833,7,63300007,seeded_ic_v1,crazyflie_ofat_pinv_fine_v1
8,thrust_to_torque_ratio_plus10,thrust_to_torque_ratio,1.10,0.49375000,0.50000000,6,pinv,2,0.49895833,8,63300008,seeded_ic_v1,crazyflie_ofat_pinv_fine_v1
8,thrust_to_torque_ratio_plus10,thrust_to_torque_ratio,1.10,0.49375000,0.50000000,6,pinv,2,0.49895833,9,63300009,seeded_ic_v1,crazyflie_ofat_pinv_fine_v1
8,thrust_to_torque_ratio_plus10,thrust_to_torque_ratio,1.10,0.49375000,0.50000000,6,pinv,2,0.49895833,10,63300010,seeded_ic_v1,crazyflie_ofat_pinv_fine_v1
8,thrust_to_torque_ratio_plus10,thrust_to_torque_ratio,1.10,0.49375000,0.50000000,6,pinv,2,0.49895833,11,63300011,seeded_ic_v1,crazyflie_ofat_pinv_fine_v1
8,thrust_to_torque_ratio_plus10,thrust_to_torque_ratio,1.10,0.49375000,0.50000000,6,pinv,2,0.49895833,12,63300012,seeded_ic_v1,crazyflie_ofat_pinv_fine_v1
8,thrust_to_torque_ratio_plus10,thrust_to_torque_ratio,1.10,0.49375000,0.50000000,6,pinv,2,0.49895833,13,63300013,seeded_ic_v1,crazyflie_ofat_pinv_fine_v1
8,thrust_to_torque_ratio_plus10,thrust_to_torque_ratio,1.10,0.49375000,0.50000000,6,pinv,2,0.49895833,14,63300014,seeded_ic_v1,crazyflie_ofat_pinv_fine_v1
8,thrust_to_torque_ratio_plus10,thrust_to_torque_ratio,1.10,0.49375000,0.50000000,6,pinv,2,0.49895833,15,63300015,seeded_ic_v1,crazyflie_ofat_pinv_fine_v1
8,thrust_to_torque_ratio_plus10,thrust_to_torque_ratio,1.10,0.49375000,0.50000000,6,pinv,2,0.49895833,16,63300016,seeded_ic_v1,crazyflie_ofat_pinv_fine_v1
8,thrust_to_torque_ratio_plus10,thrust_to_torque_ratio,1.10,0.49375000,0.50000000,6,pinv,2,0.49895833,17,63300017,seeded_ic_v1,crazyflie_ofat_pinv_fine_v1
8,thrust_to_torque_ratio_plus10,thrust_to_torque_ratio,1.10,0.49375000,0.50000000,6,pinv,2,0.49895833,18,63300018,seeded_ic_v1,crazyflie_ofat_pinv_fine_v1
8,thrust_to_torque_ratio_plus10,thrust_to_torque_ratio,1.10,0.49375000,0.50000000,6,pinv,2,0.49895833,19,63300019,seeded_ic_v1,crazyflie_ofat_pinv_fine_v1
8,thrust_to_torque_ratio_plus10,thrust_to_torque_ratio,1.10,0.49375000,0.50000000,6,pinv,2,0.49895833,20,63300020,seeded_ic_v1,crazyflie_ofat_pinv_fine_v1
8,thrust_to_torque_ratio_plus10,thrust_to_torque_ratio,1.10,0.49375000,0.50000000,6,pinv,2,0.49895833,21,63300021,seeded_ic_v1,crazyflie_ofat_pinv_fine_v1
8,thrust_to_torque_ratio_plus10,thrust_to_torque_ratio,1.10,0.49375000,0.50000000,6,pinv,2,0.49895833,22,63300022,seeded_ic_v1,crazyflie_ofat_pinv_fine_v1
8,thrust_to_torque_ratio_plus10,thrust_to_torque_ratio,1.10,0.49375000,0.50000000,6,pinv,2,0.49895833,23,63300023,seeded_ic_v1,crazyflie_ofat_pinv_fine_v1
8,thrust_to_torque_ratio_plus10,thrust_to_torque_ratio,1.10,0.49375000,0.50000000,6,pinv,2,0.49895833,24,63300024,seeded_ic_v1,crazyflie_ofat_pinv_fine_v1
8,thrust_to_torque_ratio_plus10,thrust_to_torque_ratio,1.10,0.49375000,0.50000000,6,pinv,2,0.49895833,25,63300025,seeded_ic_v1,crazyflie_ofat_pinv_fine_v1
8,thrust_to_torque_ratio_plus10,thrust_to_torque_ratio,1.10,0.49375000,0.50000000,6,pinv,2,0.49895833,26,63300026,seeded_ic_v1,crazyflie_ofat_pinv_fine_v1
8,thrust_to_torque_ratio_plus10,thrust_to_torque_ratio,1.10,0.49375000,0.50000000,6,pinv,2,0.49895833,27,63300027,seeded_ic_v1,crazyflie_ofat_pinv_fine_v1
8,thrust_to_torque_ratio_plus10,thrust_to_torque_ratio,1.10,0.49375000,0.50000000,6,pinv,2,0.49895833,28,63300028,seeded_ic_v1,crazyflie_ofat_pinv_fine_v1
8,thrust_to_torque_ratio_plus10,thrust_to_torque_ratio,1.10,0.49375000,0.50000000,6,pinv,2,0.49895833,29,63300029,seeded_ic_v1,crazyflie_ofat_pinv_fine_v1
8,thrust_to_torque_ratio_plus10,thrust_to_torque_ratio,1.10,0.49375000,0.50000000,6,pinv,2,0.49895833,30,63300030,seeded_ic_v1,crazyflie_ofat_pinv_fine_v1
8,thrust_to_torque_ratio_plus10,thrust_to_torque_ratio,1.10,0.49375000,0.50000000,7,pinv,2,0.50000000,1,63300001,seeded_ic_v1,crazyflie_ofat_pinv_fine_v1
8,thrust_to_torque_ratio_plus10,thrust_to_torque_ratio,1.10,0.49375000,0.50000000,7,pinv,2,0.50000000,2,63300002,seeded_ic_v1,crazyflie_ofat_pinv_fine_v1
8,thrust_to_torque_ratio_plus10,thrust_to_torque_ratio,1.10,0.49375000,0.50000000,7,pinv,2,0.50000000,3,63300003,seeded_ic_v1,crazyflie_ofat_pinv_fine_v1
8,thrust_to_torque_ratio_plus10,thrust_to_torque_ratio,1.10,0.49375000,0.50000000,7,pinv,2,0.50000000,4,63300004,seeded_ic_v1,crazyflie_ofat_pinv_fine_v1
8,thrust_to_torque_ratio_plus10,thrust_to_torque_ratio,1.10,0.49375000,0.50000000,7,pinv,2,0.50000000,5,63300005,seeded_ic_v1,crazyflie_ofat_pinv_fine_v1
8,thrust_to_torque_ratio_plus10,thrust_to_torque_ratio,1.10,0.49375000,0.50000000,7,pinv,2,0.50000000,6,63300006,seeded_ic_v1,crazyflie_ofat_pinv_fine_v1
8,thrust_to_torque_ratio_plus10,thrust_to_torque_ratio,1.10,0.49375000,0.50000000,7,pinv,2,0.50000000,7,63300007,seeded_ic_v1,crazyflie_ofat_pinv_fine_v1
8,thrust_to_torque_ratio_plus10,thrust_to_torque_ratio,1.10,0.49375000,0.50000000,7,pinv,2,0.50000000,8,63300008,seeded_ic_v1,crazyflie_ofat_pinv_fine_v1
8,thrust_to_torque_ratio_plus10,thrust_to_torque_ratio,1.10,0.49375000,0.50000000,7,pinv,2,0.50000000,9,63300009,seeded_ic_v1,crazyflie_ofat_pinv_fine_v1
8,thrust_to_torque_ratio_plus10,thrust_to_torque_ratio,1.10,0.49375000,0.50000000,7,pinv,2,0.50000000,10,63300010,seeded_ic_v1,crazyflie_ofat_pinv_fine_v1
8,thrust_to_torque_ratio_plus10,thrust_to_torque_ratio,1.10,0.49375000,0.50000000,7,pinv,2,0.50000000,11,63300011,seeded_ic_v1,crazyflie_ofat_pinv_fine_v1
8,thrust_to_torque_ratio_plus10,thrust_to_torque_ratio,1.10,0.49375000,0.50000000,7,pinv,2,0.50000000,12,63300012,seeded_ic_v1,crazyflie_ofat_pinv_fine_v1
8,thrust_to_torque_ratio_plus10,thrust_to_torque_ratio,1.10,0.49375000,0.50000000,7,pinv,2,0.50000000,13,63300013,seeded_ic_v1,crazyflie_ofat_pinv_fine_v1
8,thrust_to_torque_ratio_plus10,thrust_to_torque_ratio,1.10,0.49375000,0.50000000,7,pinv,2,0.50000000,14,63300014,seeded_ic_v1,crazyflie_ofat_pinv_fine_v1
8,thrust_to_torque_ratio_plus10,thrust_to_torque_ratio,1.10,0.49375000,0.50000000,7,pinv,2,0.50000000,15,63300015,seeded_ic_v1,crazyflie_ofat_pinv_fine_v1
8,thrust_to_torque_ratio_plus10,thrust_to_torque_ratio,1.10,0.49375000,0.50000000,7,pinv,2,0.50000000,16,63300016,seeded_ic_v1,crazyflie_ofat_pinv_fine_v1
8,thrust_to_torque_ratio_plus10,thrust_to_torque_ratio,1.10,0.49375000,0.50000000,7,pinv,2,0.50000000,17,63300017,seeded_ic_v1,crazyflie_ofat_pinv_fine_v1
8,thrust_to_torque_ratio_plus10,thrust_to_torque_ratio,1.10,0.49375000,0.50000000,7,pinv,2,0.50000000,18,63300018,seeded_ic_v1,crazyflie_ofat_pinv_fine_v1
8,thrust_to_torque_ratio_plus10,thrust_to_torque_ratio,1.10,0.49375000,0.50000000,7,pinv,2,0.50000000,19,63300019,seeded_ic_v1,crazyflie_ofat_pinv_fine_v1
8,thrust_to_torque_ratio_plus10,thrust_to_torque_ratio,1.10,0.49375000,0.50000000,7,pinv,2,0.50000000,20,63300020,seeded_ic_v1,crazyflie_ofat_pinv_fine_v1
8,thrust_to_torque_ratio_plus10,thrust_to_torque_ratio,1.10,0.49375000,0.50000000,7,pinv,2,0.50000000,21,63300021,seeded_ic_v1,crazyflie_ofat_pinv_fine_v1
8,thrust_to_torque_ratio_plus10,thrust_to_torque_ratio,1.10,0.49375000,0.50000000,7,pinv,2,0.50000000,22,63300022,seeded_ic_v1,crazyflie_ofat_pinv_fine_v1
8,thrust_to_torque_ratio_plus10,thrust_to_torque_ratio,1.10,0.49375000,0.50000000,7,pinv,2,0.50000000,23,63300023,seeded_ic_v1,crazyflie_ofat_pinv_fine_v1
8,thrust_to_torque_ratio_plus10,thrust_to_torque_ratio,1.10,0.49375000,0.50000000,7,pinv,2,0.50000000,24,63300024,seeded_ic_v1,crazyflie_ofat_pinv_fine_v1
8,thrust_to_torque_ratio_plus10,thrust_to_torque_ratio,1.10,0.49375000,0.50000000,7,pinv,2,0.50000000,25,63300025,seeded_ic_v1,crazyflie_ofat_pinv_fine_v1
8,thrust_to_torque_ratio_plus10,thrust_to_torque_ratio,1.10,0.49375000,0.50000000,7,pinv,2,0.50000000,26,63300026,seeded_ic_v1,crazyflie_ofat_pinv_fine_v1
8,thrust_to_torque_ratio_plus10,thrust_to_torque_ratio,1.10,0.49375000,0.50000000,7,pinv,2,0.50000000,27,63300027,seeded_ic_v1,crazyflie_ofat_pinv_fine_v1
8,thrust_to_torque_ratio_plus10,thrust_to_torque_ratio,1.10,0.49375000,0.50000000,7,pinv,2,0.50000000,28,63300028,seeded_ic_v1,crazyflie_ofat_pinv_fine_v1
8,thrust_to_torque_ratio_plus10,thrust_to_torque_ratio,1.10,0.49375000,0.50000000,7,pinv,2,0.50000000,29,63300029,seeded_ic_v1,crazyflie_ofat_pinv_fine_v1
8,thrust_to_torque_ratio_plus10,thrust_to_torque_ratio,1.10,0.49375000,0.50000000,7,pinv,2,0.50000000,30,63300030,seeded_ic_v1,crazyflie_ofat_pinv_fine_v1
9,arm_length_minus10,arm_length,0.90,0.49375000,0.50000000,1,pinv,2,0.49375000,1,63300001,seeded_ic_v1,crazyflie_ofat_pinv_fine_v1
9,arm_length_minus10,arm_length,0.90,0.49375000,0.50000000,1,pinv,2,0.49375000,2,63300002,seeded_ic_v1,crazyflie_ofat_pinv_fine_v1
9,arm_length_minus10,arm_length,0.90,0.49375000,0.50000000,1,pinv,2,0.49375000,3,63300003,seeded_ic_v1,crazyflie_ofat_pinv_fine_v1
9,arm_length_minus10,arm_length,0.90,0.49375000,0.50000000,1,pinv,2,0.49375000,4,63300004,seeded_ic_v1,crazyflie_ofat_pinv_fine_v1
9,arm_length_minus10,arm_length,0.90,0.49375000,0.50000000,1,pinv,2,0.49375000,5,63300005,seeded_ic_v1,crazyflie_ofat_pinv_fine_v1
9,arm_length_minus10,arm_length,0.90,0.49375000,0.50000000,1,pinv,2,0.49375000,6,63300006,seeded_ic_v1,crazyflie_ofat_pinv_fine_v1
9,arm_length_minus10,arm_length,0.90,0.49375000,0.50000000,1,pinv,2,0.49375000,7,63300007,seeded_ic_v1,crazyflie_ofat_pinv_fine_v1
9,arm_length_minus10,arm_length,0.90,0.49375000,0.50000000,1,pinv,2,0.49375000,8,63300008,seeded_ic_v1,crazyflie_ofat_pinv_fine_v1
9,arm_length_minus10,arm_length,0.90,0.49375000,0.50000000,1,pinv,2,0.49375000,9,63300009,seeded_ic_v1,crazyflie_ofat_pinv_fine_v1
9,arm_length_minus10,arm_length,0.90,0.49375000,0.50000000,1,pinv,2,0.49375000,10,63300010,seeded_ic_v1,crazyflie_ofat_pinv_fine_v1
9,arm_length_minus10,arm_length,0.90,0.49375000,0.50000000,1,pinv,2,0.49375000,11,63300011,seeded_ic_v1,crazyflie_ofat_pinv_fine_v1
9,arm_length_minus10,arm_length,0.90,0.49375000,0.50000000,1,pinv,2,0.49375000,12,63300012,seeded_ic_v1,crazyflie_ofat_pinv_fine_v1
9,arm_length_minus10,arm_length,0.90,0.49375000,0.50000000,1,pinv,2,0.49375000,13,63300013,seeded_ic_v1,crazyflie_ofat_pinv_fine_v1
9,arm_length_minus10,arm_length,0.90,0.49375000,0.50000000,1,pinv,2,0.49375000,14,63300014,seeded_ic_v1,crazyflie_ofat_pinv_fine_v1
9,arm_length_minus10,arm_length,0.90,0.49375000,0.50000000,1,pinv,2,0.49375000,15,63300015,seeded_ic_v1,crazyflie_ofat_pinv_fine_v1
9,arm_length_minus10,arm_length,0.90,0.49375000,0.50000000,1,pinv,2,0.49375000,16,63300016,seeded_ic_v1,crazyflie_ofat_pinv_fine_v1
9,arm_length_minus10,arm_length,0.90,0.49375000,0.50000000,1,pinv,2,0.49375000,17,63300017,seeded_ic_v1,crazyflie_ofat_pinv_fine_v1
9,arm_length_minus10,arm_length,0.90,0.49375000,0.50000000,1,pinv,2,0.49375000,18,63300018,seeded_ic_v1,crazyflie_ofat_pinv_fine_v1
9,arm_length_minus10,arm_length,0.90,0.49375000,0.50000000,1,pinv,2,0.49375000,19,63300019,seeded_ic_v1,crazyflie_ofat_pinv_fine_v1
9,arm_length_minus10,arm_length,0.90,0.49375000,0.50000000,1,pinv,2,0.49375000,20,63300020,seeded_ic_v1,crazyflie_ofat_pinv_fine_v1
9,arm_length_minus10,arm_length,0.90,0.49375000,0.50000000,1,pinv,2,0.49375000,21,63300021,seeded_ic_v1,crazyflie_ofat_pinv_fine_v1
9,arm_length_minus10,arm_length,0.90,0.49375000,0.50000000,1,pinv,2,0.49375000,22,63300022,seeded_ic_v1,crazyflie_ofat_pinv_fine_v1
9,arm_length_minus10,arm_length,0.90,0.49375000,0.50000000,1,pinv,2,0.49375000,23,63300023,seeded_ic_v1,crazyflie_ofat_pinv_fine_v1
9,arm_length_minus10,arm_length,0.90,0.49375000,0.50000000,1,pinv,2,0.49375000,24,63300024,seeded_ic_v1,crazyflie_ofat_pinv_fine_v1
9,arm_length_minus10,arm_length,0.90,0.49375000,0.50000000,1,pinv,2,0.49375000,25,63300025,seeded_ic_v1,crazyflie_ofat_pinv_fine_v1
9,arm_length_minus10,arm_length,0.90,0.49375000,0.50000000,1,pinv,2,0.49375000,26,63300026,seeded_ic_v1,crazyflie_ofat_pinv_fine_v1
9,arm_length_minus10,arm_length,0.90,0.49375000,0.50000000,1,pinv,2,0.49375000,27,63300027,seeded_ic_v1,crazyflie_ofat_pinv_fine_v1
9,arm_length_minus10,arm_length,0.90,0.49375000,0.50000000,1,pinv,2,0.49375000,28,63300028,seeded_ic_v1,crazyflie_ofat_pinv_fine_v1
9,arm_length_minus10,arm_length,0.90,0.49375000,0.50000000,1,pinv,2,0.49375000,29,63300029,seeded_ic_v1,crazyflie_ofat_pinv_fine_v1
9,arm_length_minus10,arm_length,0.90,0.49375000,0.50000000,1,pinv,2,0.49375000,30,63300030,seeded_ic_v1,crazyflie_ofat_pinv_fine_v1
9,arm_length_minus10,arm_length,0.90,0.49375000,0.50000000,2,pinv,2,0.49479167,1,63300001,seeded_ic_v1,crazyflie_ofat_pinv_fine_v1
9,arm_length_minus10,arm_length,0.90,0.49375000,0.50000000,2,pinv,2,0.49479167,2,63300002,seeded_ic_v1,crazyflie_ofat_pinv_fine_v1
9,arm_length_minus10,arm_length,0.90,0.49375000,0.50000000,2,pinv,2,0.49479167,3,63300003,seeded_ic_v1,crazyflie_ofat_pinv_fine_v1
9,arm_length_minus10,arm_length,0.90,0.49375000,0.50000000,2,pinv,2,0.49479167,4,63300004,seeded_ic_v1,crazyflie_ofat_pinv_fine_v1
9,arm_length_minus10,arm_length,0.90,0.49375000,0.50000000,2,pinv,2,0.49479167,5,63300005,seeded_ic_v1,crazyflie_ofat_pinv_fine_v1
9,arm_length_minus10,arm_length,0.90,0.49375000,0.50000000,2,pinv,2,0.49479167,6,63300006,seeded_ic_v1,crazyflie_ofat_pinv_fine_v1
9,arm_length_minus10,arm_length,0.90,0.49375000,0.50000000,2,pinv,2,0.49479167,7,63300007,seeded_ic_v1,crazyflie_ofat_pinv_fine_v1
9,arm_length_minus10,arm_length,0.90,0.49375000,0.50000000,2,pinv,2,0.49479167,8,63300008,seeded_ic_v1,crazyflie_ofat_pinv_fine_v1
9,arm_length_minus10,arm_length,0.90,0.49375000,0.50000000,2,pinv,2,0.49479167,9,63300009,seeded_ic_v1,crazyflie_ofat_pinv_fine_v1
9,arm_length_minus10,arm_length,0.90,0.49375000,0.50000000,2,pinv,2,0.49479167,10,63300010,seeded_ic_v1,crazyflie_ofat_pinv_fine_v1
9,arm_length_minus10,arm_length,0.90,0.49375000,0.50000000,2,pinv,2,0.49479167,11,63300011,seeded_ic_v1,crazyflie_ofat_pinv_fine_v1
9,arm_length_minus10,arm_length,0.90,0.49375000,0.50000000,2,pinv,2,0.49479167,12,63300012,seeded_ic_v1,crazyflie_ofat_pinv_fine_v1
9,arm_length_minus10,arm_length,0.90,0.49375000,0.50000000,2,pinv,2,0.49479167,13,63300013,seeded_ic_v1,crazyflie_ofat_pinv_fine_v1
9,arm_length_minus10,arm_length,0.90,0.49375000,0.50000000,2,pinv,2,0.49479167,14,63300014,seeded_ic_v1,crazyflie_ofat_pinv_fine_v1
9,arm_length_minus10,arm_length,0.90,0.49375000,0.50000000,2,pinv,2,0.49479167,15,63300015,seeded_ic_v1,crazyflie_ofat_pinv_fine_v1
9,arm_length_minus10,arm_length,0.90,0.49375000,0.50000000,2,pinv,2,0.49479167,16,63300016,seeded_ic_v1,crazyflie_ofat_pinv_fine_v1
9,arm_length_minus10,arm_length,0.90,0.49375000,0.50000000,2,pinv,2,0.49479167,17,63300017,seeded_ic_v1,crazyflie_ofat_pinv_fine_v1
9,arm_length_minus10,arm_length,0.90,0.49375000,0.50000000,2,pinv,2,0.49479167,18,63300018,seeded_ic_v1,crazyflie_ofat_pinv_fine_v1
9,arm_length_minus10,arm_length,0.90,0.49375000,0.50000000,2,pinv,2,0.49479167,19,63300019,seeded_ic_v1,crazyflie_ofat_pinv_fine_v1
9,arm_length_minus10,arm_length,0.90,0.49375000,0.50000000,2,pinv,2,0.49479167,20,63300020,seeded_ic_v1,crazyflie_ofat_pinv_fine_v1
9,arm_length_minus10,arm_length,0.90,0.49375000,0.50000000,2,pinv,2,0.49479167,21,63300021,seeded_ic_v1,crazyflie_ofat_pinv_fine_v1
9,arm_length_minus10,arm_length,0.90,0.49375000,0.50000000,2,pinv,2,0.49479167,22,63300022,seeded_ic_v1,crazyflie_ofat_pinv_fine_v1
9,arm_length_minus10,arm_length,0.90,0.49375000,0.50000000,2,pinv,2,0.49479167,23,63300023,seeded_ic_v1,crazyflie_ofat_pinv_fine_v1
9,arm_length_minus10,arm_length,0.90,0.49375000,0.50000000,2,pinv,2,0.49479167,24,63300024,seeded_ic_v1,crazyflie_ofat_pinv_fine_v1
9,arm_length_minus10,arm_length,0.90,0.49375000,0.50000000,2,pinv,2,0.49479167,25,63300025,seeded_ic_v1,crazyflie_ofat_pinv_fine_v1
9,arm_length_minus10,arm_length,0.90,0.49375000,0.50000000,2,pinv,2,0.49479167,26,63300026,seeded_ic_v1,crazyflie_ofat_pinv_fine_v1
9,arm_length_minus10,arm_length,0.90,0.49375000,0.50000000,2,pinv,2,0.49479167,27,63300027,seeded_ic_v1,crazyflie_ofat_pinv_fine_v1
9,arm_length_minus10,arm_length,0.90,0.49375000,0.50000000,2,pinv,2,0.49479167,28,63300028,seeded_ic_v1,crazyflie_ofat_pinv_fine_v1
9,arm_length_minus10,arm_length,0.90,0.49375000,0.50000000,2,pinv,2,0.49479167,29,63300029,seeded_ic_v1,crazyflie_ofat_pinv_fine_v1
9,arm_length_minus10,arm_length,0.90,0.49375000,0.50000000,2,pinv,2,0.49479167,30,63300030,seeded_ic_v1,crazyflie_ofat_pinv_fine_v1
9,arm_length_minus10,arm_length,0.90,0.49375000,0.50000000,3,pinv,2,0.49583333,1,63300001,seeded_ic_v1,crazyflie_ofat_pinv_fine_v1
9,arm_length_minus10,arm_length,0.90,0.49375000,0.50000000,3,pinv,2,0.49583333,2,63300002,seeded_ic_v1,crazyflie_ofat_pinv_fine_v1
9,arm_length_minus10,arm_length,0.90,0.49375000,0.50000000,3,pinv,2,0.49583333,3,63300003,seeded_ic_v1,crazyflie_ofat_pinv_fine_v1
9,arm_length_minus10,arm_length,0.90,0.49375000,0.50000000,3,pinv,2,0.49583333,4,63300004,seeded_ic_v1,crazyflie_ofat_pinv_fine_v1
9,arm_length_minus10,arm_length,0.90,0.49375000,0.50000000,3,pinv,2,0.49583333,5,63300005,seeded_ic_v1,crazyflie_ofat_pinv_fine_v1
9,arm_length_minus10,arm_length,0.90,0.49375000,0.50000000,3,pinv,2,0.49583333,6,63300006,seeded_ic_v1,crazyflie_ofat_pinv_fine_v1
9,arm_length_minus10,arm_length,0.90,0.49375000,0.50000000,3,pinv,2,0.49583333,7,63300007,seeded_ic_v1,crazyflie_ofat_pinv_fine_v1
9,arm_length_minus10,arm_length,0.90,0.49375000,0.50000000,3,pinv,2,0.49583333,8,63300008,seeded_ic_v1,crazyflie_ofat_pinv_fine_v1
9,arm_length_minus10,arm_length,0.90,0.49375000,0.50000000,3,pinv,2,0.49583333,9,63300009,seeded_ic_v1,crazyflie_ofat_pinv_fine_v1
9,arm_length_minus10,arm_length,0.90,0.49375000,0.50000000,3,pinv,2,0.49583333,10,63300010,seeded_ic_v1,crazyflie_ofat_pinv_fine_v1
9,arm_length_minus10,arm_length,0.90,0.49375000,0.50000000,3,pinv,2,0.49583333,11,63300011,seeded_ic_v1,crazyflie_ofat_pinv_fine_v1
9,arm_length_minus10,arm_length,0.90,0.49375000,0.50000000,3,pinv,2,0.49583333,12,63300012,seeded_ic_v1,crazyflie_ofat_pinv_fine_v1
9,arm_length_minus10,arm_length,0.90,0.49375000,0.50000000,3,pinv,2,0.49583333,13,63300013,seeded_ic_v1,crazyflie_ofat_pinv_fine_v1
9,arm_length_minus10,arm_length,0.90,0.49375000,0.50000000,3,pinv,2,0.49583333,14,63300014,seeded_ic_v1,crazyflie_ofat_pinv_fine_v1
9,arm_length_minus10,arm_length,0.90,0.49375000,0.50000000,3,pinv,2,0.49583333,15,63300015,seeded_ic_v1,crazyflie_ofat_pinv_fine_v1
9,arm_length_minus10,arm_length,0.90,0.49375000,0.50000000,3,pinv,2,0.49583333,16,63300016,seeded_ic_v1,crazyflie_ofat_pinv_fine_v1
9,arm_length_minus10,arm_length,0.90,0.49375000,0.50000000,3,pinv,2,0.49583333,17,63300017,seeded_ic_v1,crazyflie_ofat_pinv_fine_v1
9,arm_length_minus10,arm_length,0.90,0.49375000,0.50000000,3,pinv,2,0.49583333,18,63300018,seeded_ic_v1,crazyflie_ofat_pinv_fine_v1
9,arm_length_minus10,arm_length,0.90,0.49375000,0.50000000,3,pinv,2,0.49583333,19,63300019,seeded_ic_v1,crazyflie_ofat_pinv_fine_v1
9,arm_length_minus10,arm_length,0.90,0.49375000,0.50000000,3,pinv,2,0.49583333,20,63300020,seeded_ic_v1,crazyflie_ofat_pinv_fine_v1
9,arm_length_minus10,arm_length,0.90,0.49375000,0.50000000,3,pinv,2,0.49583333,21,63300021,seeded_ic_v1,crazyflie_ofat_pinv_fine_v1
9,arm_length_minus10,arm_length,0.90,0.49375000,0.50000000,3,pinv,2,0.49583333,22,63300022,seeded_ic_v1,crazyflie_ofat_pinv_fine_v1
9,arm_length_minus10,arm_length,0.90,0.49375000,0.50000000,3,pinv,2,0.49583333,23,63300023,seeded_ic_v1,crazyflie_ofat_pinv_fine_v1
9,arm_length_minus10,arm_length,0.90,0.49375000,0.50000000,3,pinv,2,0.49583333,24,63300024,seeded_ic_v1,crazyflie_ofat_pinv_fine_v1
9,arm_length_minus10,arm_length,0.90,0.49375000,0.50000000,3,pinv,2,0.49583333,25,63300025,seeded_ic_v1,crazyflie_ofat_pinv_fine_v1
9,arm_length_minus10,arm_length,0.90,0.49375000,0.50000000,3,pinv,2,0.49583333,26,63300026,seeded_ic_v1,crazyflie_ofat_pinv_fine_v1
9,arm_length_minus10,arm_length,0.90,0.49375000,0.50000000,3,pinv,2,0.49583333,27,63300027,seeded_ic_v1,crazyflie_ofat_pinv_fine_v1
9,arm_length_minus10,arm_length,0.90,0.49375000,0.50000000,3,pinv,2,0.49583333,28,63300028,seeded_ic_v1,crazyflie_ofat_pinv_fine_v1
9,arm_length_minus10,arm_length,0.90,0.49375000,0.50000000,3,pinv,2,0.49583333,29,63300029,seeded_ic_v1,crazyflie_ofat_pinv_fine_v1
9,arm_length_minus10,arm_length,0.90,0.49375000,0.50000000,3,pinv,2,0.49583333,30,63300030,seeded_ic_v1,crazyflie_ofat_pinv_fine_v1
9,arm_length_minus10,arm_length,0.90,0.49375000,0.50000000,4,pinv,2,0.49687500,1,63300001,seeded_ic_v1,crazyflie_ofat_pinv_fine_v1
9,arm_length_minus10,arm_length,0.90,0.49375000,0.50000000,4,pinv,2,0.49687500,2,63300002,seeded_ic_v1,crazyflie_ofat_pinv_fine_v1
9,arm_length_minus10,arm_length,0.90,0.49375000,0.50000000,4,pinv,2,0.49687500,3,63300003,seeded_ic_v1,crazyflie_ofat_pinv_fine_v1
9,arm_length_minus10,arm_length,0.90,0.49375000,0.50000000,4,pinv,2,0.49687500,4,63300004,seeded_ic_v1,crazyflie_ofat_pinv_fine_v1
9,arm_length_minus10,arm_length,0.90,0.49375000,0.50000000,4,pinv,2,0.49687500,5,63300005,seeded_ic_v1,crazyflie_ofat_pinv_fine_v1
9,arm_length_minus10,arm_length,0.90,0.49375000,0.50000000,4,pinv,2,0.49687500,6,63300006,seeded_ic_v1,crazyflie_ofat_pinv_fine_v1
9,arm_length_minus10,arm_length,0.90,0.49375000,0.50000000,4,pinv,2,0.49687500,7,63300007,seeded_ic_v1,crazyflie_ofat_pinv_fine_v1
9,arm_length_minus10,arm_length,0.90,0.49375000,0.50000000,4,pinv,2,0.49687500,8,63300008,seeded_ic_v1,crazyflie_ofat_pinv_fine_v1
9,arm_length_minus10,arm_length,0.90,0.49375000,0.50000000,4,pinv,2,0.49687500,9,63300009,seeded_ic_v1,crazyflie_ofat_pinv_fine_v1
9,arm_length_minus10,arm_length,0.90,0.49375000,0.50000000,4,pinv,2,0.49687500,10,63300010,seeded_ic_v1,crazyflie_ofat_pinv_fine_v1
9,arm_length_minus10,arm_length,0.90,0.49375000,0.50000000,4,pinv,2,0.49687500,11,63300011,seeded_ic_v1,crazyflie_ofat_pinv_fine_v1
9,arm_length_minus10,arm_length,0.90,0.49375000,0.50000000,4,pinv,2,0.49687500,12,63300012,seeded_ic_v1,crazyflie_ofat_pinv_fine_v1
9,arm_length_minus10,arm_length,0.90,0.49375000,0.50000000,4,pinv,2,0.49687500,13,63300013,seeded_ic_v1,crazyflie_ofat_pinv_fine_v1
9,arm_length_minus10,arm_length,0.90,0.49375000,0.50000000,4,pinv,2,0.49687500,14,63300014,seeded_ic_v1,crazyflie_ofat_pinv_fine_v1
9,arm_length_minus10,arm_length,0.90,0.49375000,0.50000000,4,pinv,2,0.49687500,15,63300015,seeded_ic_v1,crazyflie_ofat_pinv_fine_v1
9,arm_length_minus10,arm_length,0.90,0.49375000,0.50000000,4,pinv,2,0.49687500,16,63300016,seeded_ic_v1,crazyflie_ofat_pinv_fine_v1
9,arm_length_minus10,arm_length,0.90,0.49375000,0.50000000,4,pinv,2,0.49687500,17,63300017,seeded_ic_v1,crazyflie_ofat_pinv_fine_v1
9,arm_length_minus10,arm_length,0.90,0.49375000,0.50000000,4,pinv,2,0.49687500,18,63300018,seeded_ic_v1,crazyflie_ofat_pinv_fine_v1
9,arm_length_minus10,arm_length,0.90,0.49375000,0.50000000,4,pinv,2,0.49687500,19,63300019,seeded_ic_v1,crazyflie_ofat_pinv_fine_v1
9,arm_length_minus10,arm_length,0.90,0.49375000,0.50000000,4,pinv,2,0.49687500,20,63300020,seeded_ic_v1,crazyflie_ofat_pinv_fine_v1
9,arm_length_minus10,arm_length,0.90,0.49375000,0.50000000,4,pinv,2,0.49687500,21,63300021,seeded_ic_v1,crazyflie_ofat_pinv_fine_v1
9,arm_length_minus10,arm_length,0.90,0.49375000,0.50000000,4,pinv,2,0.49687500,22,63300022,seeded_ic_v1,crazyflie_ofat_pinv_fine_v1
9,arm_length_minus10,arm_length,0.90,0.49375000,0.50000000,4,pinv,2,0.49687500,23,63300023,seeded_ic_v1,crazyflie_ofat_pinv_fine_v1
9,arm_length_minus10,arm_length,0.90,0.49375000,0.50000000,4,pinv,2,0.49687500,24,63300024,seeded_ic_v1,crazyflie_ofat_pinv_fine_v1
9,arm_length_minus10,arm_length,0.90,0.49375000,0.50000000,4,pinv,2,0.49687500,25,63300025,seeded_ic_v1,crazyflie_ofat_pinv_fine_v1
9,arm_length_minus10,arm_length,0.90,0.49375000,0.50000000,4,pinv,2,0.49687500,26,63300026,seeded_ic_v1,crazyflie_ofat_pinv_fine_v1
9,arm_length_minus10,arm_length,0.90,0.49375000,0.50000000,4,pinv,2,0.49687500,27,63300027,seeded_ic_v1,crazyflie_ofat_pinv_fine_v1
9,arm_length_minus10,arm_length,0.90,0.49375000,0.50000000,4,pinv,2,0.49687500,28,63300028,seeded_ic_v1,crazyflie_ofat_pinv_fine_v1
9,arm_length_minus10,arm_length,0.90,0.49375000,0.50000000,4,pinv,2,0.49687500,29,63300029,seeded_ic_v1,crazyflie_ofat_pinv_fine_v1
9,arm_length_minus10,arm_length,0.90,0.49375000,0.50000000,4,pinv,2,0.49687500,30,63300030,seeded_ic_v1,crazyflie_ofat_pinv_fine_v1
9,arm_length_minus10,arm_length,0.90,0.49375000,0.50000000,5,pinv,2,0.49791667,1,63300001,seeded_ic_v1,crazyflie_ofat_pinv_fine_v1
9,arm_length_minus10,arm_length,0.90,0.49375000,0.50000000,5,pinv,2,0.49791667,2,63300002,seeded_ic_v1,crazyflie_ofat_pinv_fine_v1
9,arm_length_minus10,arm_length,0.90,0.49375000,0.50000000,5,pinv,2,0.49791667,3,63300003,seeded_ic_v1,crazyflie_ofat_pinv_fine_v1
9,arm_length_minus10,arm_length,0.90,0.49375000,0.50000000,5,pinv,2,0.49791667,4,63300004,seeded_ic_v1,crazyflie_ofat_pinv_fine_v1
9,arm_length_minus10,arm_length,0.90,0.49375000,0.50000000,5,pinv,2,0.49791667,5,63300005,seeded_ic_v1,crazyflie_ofat_pinv_fine_v1
9,arm_length_minus10,arm_length,0.90,0.49375000,0.50000000,5,pinv,2,0.49791667,6,63300006,seeded_ic_v1,crazyflie_ofat_pinv_fine_v1
9,arm_length_minus10,arm_length,0.90,0.49375000,0.50000000,5,pinv,2,0.49791667,7,63300007,seeded_ic_v1,crazyflie_ofat_pinv_fine_v1
9,arm_length_minus10,arm_length,0.90,0.49375000,0.50000000,5,pinv,2,0.49791667,8,63300008,seeded_ic_v1,crazyflie_ofat_pinv_fine_v1
9,arm_length_minus10,arm_length,0.90,0.49375000,0.50000000,5,pinv,2,0.49791667,9,63300009,seeded_ic_v1,crazyflie_ofat_pinv_fine_v1
9,arm_length_minus10,arm_length,0.90,0.49375000,0.50000000,5,pinv,2,0.49791667,10,63300010,seeded_ic_v1,crazyflie_ofat_pinv_fine_v1
9,arm_length_minus10,arm_length,0.90,0.49375000,0.50000000,5,pinv,2,0.49791667,11,63300011,seeded_ic_v1,crazyflie_ofat_pinv_fine_v1
9,arm_length_minus10,arm_length,0.90,0.49375000,0.50000000,5,pinv,2,0.49791667,12,63300012,seeded_ic_v1,crazyflie_ofat_pinv_fine_v1
9,arm_length_minus10,arm_length,0.90,0.49375000,0.50000000,5,pinv,2,0.49791667,13,63300013,seeded_ic_v1,crazyflie_ofat_pinv_fine_v1
9,arm_length_minus10,arm_length,0.90,0.49375000,0.50000000,5,pinv,2,0.49791667,14,63300014,seeded_ic_v1,crazyflie_ofat_pinv_fine_v1
9,arm_length_minus10,arm_length,0.90,0.49375000,0.50000000,5,pinv,2,0.49791667,15,63300015,seeded_ic_v1,crazyflie_ofat_pinv_fine_v1
9,arm_length_minus10,arm_length,0.90,0.49375000,0.50000000,5,pinv,2,0.49791667,16,63300016,seeded_ic_v1,crazyflie_ofat_pinv_fine_v1
9,arm_length_minus10,arm_length,0.90,0.49375000,0.50000000,5,pinv,2,0.49791667,17,63300017,seeded_ic_v1,crazyflie_ofat_pinv_fine_v1
9,arm_length_minus10,arm_length,0.90,0.49375000,0.50000000,5,pinv,2,0.49791667,18,63300018,seeded_ic_v1,crazyflie_ofat_pinv_fine_v1
9,arm_length_minus10,arm_length,0.90,0.49375000,0.50000000,5,pinv,2,0.49791667,19,63300019,seeded_ic_v1,crazyflie_ofat_pinv_fine_v1
9,arm_length_minus10,arm_length,0.90,0.49375000,0.50000000,5,pinv,2,0.49791667,20,63300020,seeded_ic_v1,crazyflie_ofat_pinv_fine_v1
9,arm_length_minus10,arm_length,0.90,0.49375000,0.50000000,5,pinv,2,0.49791667,21,63300021,seeded_ic_v1,crazyflie_ofat_pinv_fine_v1
9,arm_length_minus10,arm_length,0.90,0.49375000,0.50000000,5,pinv,2,0.49791667,22,63300022,seeded_ic_v1,crazyflie_ofat_pinv_fine_v1
9,arm_length_minus10,arm_length,0.90,0.49375000,0.50000000,5,pinv,2,0.49791667,23,63300023,seeded_ic_v1,crazyflie_ofat_pinv_fine_v1
9,arm_length_minus10,arm_length,0.90,0.49375000,0.50000000,5,pinv,2,0.49791667,24,63300024,seeded_ic_v1,crazyflie_ofat_pinv_fine_v1
9,arm_length_minus10,arm_length,0.90,0.49375000,0.50000000,5,pinv,2,0.49791667,25,63300025,seeded_ic_v1,crazyflie_ofat_pinv_fine_v1
9,arm_length_minus10,arm_length,0.90,0.49375000,0.50000000,5,pinv,2,0.49791667,26,63300026,seeded_ic_v1,crazyflie_ofat_pinv_fine_v1
9,arm_length_minus10,arm_length,0.90,0.49375000,0.50000000,5,pinv,2,0.49791667,27,63300027,seeded_ic_v1,crazyflie_ofat_pinv_fine_v1
9,arm_length_minus10,arm_length,0.90,0.49375000,0.50000000,5,pinv,2,0.49791667,28,63300028,seeded_ic_v1,crazyflie_ofat_pinv_fine_v1
9,arm_length_minus10,arm_length,0.90,0.49375000,0.50000000,5,pinv,2,0.49791667,29,63300029,seeded_ic_v1,crazyflie_ofat_pinv_fine_v1
9,arm_length_minus10,arm_length,0.90,0.49375000,0.50000000,5,pinv,2,0.49791667,30,63300030,seeded_ic_v1,crazyflie_ofat_pinv_fine_v1
9,arm_length_minus10,arm_length,0.90,0.49375000,0.50000000,6,pinv,2,0.49895833,1,63300001,seeded_ic_v1,crazyflie_ofat_pinv_fine_v1
9,arm_length_minus10,arm_length,0.90,0.49375000,0.50000000,6,pinv,2,0.49895833,2,63300002,seeded_ic_v1,crazyflie_ofat_pinv_fine_v1
9,arm_length_minus10,arm_length,0.90,0.49375000,0.50000000,6,pinv,2,0.49895833,3,63300003,seeded_ic_v1,crazyflie_ofat_pinv_fine_v1
9,arm_length_minus10,arm_length,0.90,0.49375000,0.50000000,6,pinv,2,0.49895833,4,63300004,seeded_ic_v1,crazyflie_ofat_pinv_fine_v1
9,arm_length_minus10,arm_length,0.90,0.49375000,0.50000000,6,pinv,2,0.49895833,5,63300005,seeded_ic_v1,crazyflie_ofat_pinv_fine_v1
9,arm_length_minus10,arm_length,0.90,0.49375000,0.50000000,6,pinv,2,0.49895833,6,63300006,seeded_ic_v1,crazyflie_ofat_pinv_fine_v1
9,arm_length_minus10,arm_length,0.90,0.49375000,0.50000000,6,pinv,2,0.49895833,7,63300007,seeded_ic_v1,crazyflie_ofat_pinv_fine_v1
9,arm_length_minus10,arm_length,0.90,0.49375000,0.50000000,6,pinv,2,0.49895833,8,63300008,seeded_ic_v1,crazyflie_ofat_pinv_fine_v1
9,arm_length_minus10,arm_length,0.90,0.49375000,0.50000000,6,pinv,2,0.49895833,9,63300009,seeded_ic_v1,crazyflie_ofat_pinv_fine_v1
9,arm_length_minus10,arm_length,0.90,0.49375000,0.50000000,6,pinv,2,0.49895833,10,63300010,seeded_ic_v1,crazyflie_ofat_pinv_fine_v1
9,arm_length_minus10,arm_length,0.90,0.49375000,0.50000000,6,pinv,2,0.49895833,11,63300011,seeded_ic_v1,crazyflie_ofat_pinv_fine_v1
9,arm_length_minus10,arm_length,0.90,0.49375000,0.50000000,6,pinv,2,0.49895833,12,63300012,seeded_ic_v1,crazyflie_ofat_pinv_fine_v1
9,arm_length_minus10,arm_length,0.90,0.49375000,0.50000000,6,pinv,2,0.49895833,13,63300013,seeded_ic_v1,crazyflie_ofat_pinv_fine_v1
9,arm_length_minus10,arm_length,0.90,0.49375000,0.50000000,6,pinv,2,0.49895833,14,63300014,seeded_ic_v1,crazyflie_ofat_pinv_fine_v1
9,arm_length_minus10,arm_length,0.90,0.49375000,0.50000000,6,pinv,2,0.49895833,15,63300015,seeded_ic_v1,crazyflie_ofat_pinv_fine_v1
9,arm_length_minus10,arm_length,0.90,0.49375000,0.50000000,6,pinv,2,0.49895833,16,63300016,seeded_ic_v1,crazyflie_ofat_pinv_fine_v1
9,arm_length_minus10,arm_length,0.90,0.49375000,0.50000000,6,pinv,2,0.49895833,17,63300017,seeded_ic_v1,crazyflie_ofat_pinv_fine_v1
9,arm_length_minus10,arm_length,0.90,0.49375000,0.50000000,6,pinv,2,0.49895833,18,63300018,seeded_ic_v1,crazyflie_ofat_pinv_fine_v1
9,arm_length_minus10,arm_length,0.90,0.49375000,0.50000000,6,pinv,2,0.49895833,19,63300019,seeded_ic_v1,crazyflie_ofat_pinv_fine_v1
9,arm_length_minus10,arm_length,0.90,0.49375000,0.50000000,6,pinv,2,0.49895833,20,63300020,seeded_ic_v1,crazyflie_ofat_pinv_fine_v1
9,arm_length_minus10,arm_length,0.90,0.49375000,0.50000000,6,pinv,2,0.49895833,21,63300021,seeded_ic_v1,crazyflie_ofat_pinv_fine_v1
9,arm_length_minus10,arm_length,0.90,0.49375000,0.50000000,6,pinv,2,0.49895833,22,63300022,seeded_ic_v1,crazyflie_ofat_pinv_fine_v1
9,arm_length_minus10,arm_length,0.90,0.49375000,0.50000000,6,pinv,2,0.49895833,23,63300023,seeded_ic_v1,crazyflie_ofat_pinv_fine_v1
9,arm_length_minus10,arm_length,0.90,0.49375000,0.50000000,6,pinv,2,0.49895833,24,63300024,seeded_ic_v1,crazyflie_ofat_pinv_fine_v1
9,arm_length_minus10,arm_length,0.90,0.49375000,0.50000000,6,pinv,2,0.49895833,25,63300025,seeded_ic_v1,crazyflie_ofat_pinv_fine_v1
9,arm_length_minus10,arm_length,0.90,0.49375000,0.50000000,6,pinv,2,0.49895833,26,63300026,seeded_ic_v1,crazyflie_ofat_pinv_fine_v1
9,arm_length_minus10,arm_length,0.90,0.49375000,0.50000000,6,pinv,2,0.49895833,27,63300027,seeded_ic_v1,crazyflie_ofat_pinv_fine_v1
9,arm_length_minus10,arm_length,0.90,0.49375000,0.50000000,6,pinv,2,0.49895833,28,63300028,seeded_ic_v1,crazyflie_ofat_pinv_fine_v1
9,arm_length_minus10,arm_length,0.90,0.49375000,0.50000000,6,pinv,2,0.49895833,29,63300029,seeded_ic_v1,crazyflie_ofat_pinv_fine_v1
9,arm_length_minus10,arm_length,0.90,0.49375000,0.50000000,6,pinv,2,0.49895833,30,63300030,seeded_ic_v1,crazyflie_ofat_pinv_fine_v1
9,arm_length_minus10,arm_length,0.90,0.49375000,0.50000000,7,pinv,2,0.50000000,1,63300001,seeded_ic_v1,crazyflie_ofat_pinv_fine_v1
9,arm_length_minus10,arm_length,0.90,0.49375000,0.50000000,7,pinv,2,0.50000000,2,63300002,seeded_ic_v1,crazyflie_ofat_pinv_fine_v1
9,arm_length_minus10,arm_length,0.90,0.49375000,0.50000000,7,pinv,2,0.50000000,3,63300003,seeded_ic_v1,crazyflie_ofat_pinv_fine_v1
9,arm_length_minus10,arm_length,0.90,0.49375000,0.50000000,7,pinv,2,0.50000000,4,63300004,seeded_ic_v1,crazyflie_ofat_pinv_fine_v1
9,arm_length_minus10,arm_length,0.90,0.49375000,0.50000000,7,pinv,2,0.50000000,5,63300005,seeded_ic_v1,crazyflie_ofat_pinv_fine_v1
9,arm_length_minus10,arm_length,0.90,0.49375000,0.50000000,7,pinv,2,0.50000000,6,63300006,seeded_ic_v1,crazyflie_ofat_pinv_fine_v1
9,arm_length_minus10,arm_length,0.90,0.49375000,0.50000000,7,pinv,2,0.50000000,7,63300007,seeded_ic_v1,crazyflie_ofat_pinv_fine_v1
9,arm_length_minus10,arm_length,0.90,0.49375000,0.50000000,7,pinv,2,0.50000000,8,63300008,seeded_ic_v1,crazyflie_ofat_pinv_fine_v1
9,arm_length_minus10,arm_length,0.90,0.49375000,0.50000000,7,pinv,2,0.50000000,9,63300009,seeded_ic_v1,crazyflie_ofat_pinv_fine_v1
9,arm_length_minus10,arm_length,0.90,0.49375000,0.50000000,7,pinv,2,0.50000000,10,63300010,seeded_ic_v1,crazyflie_ofat_pinv_fine_v1
9,arm_length_minus10,arm_length,0.90,0.49375000,0.50000000,7,pinv,2,0.50000000,11,63300011,seeded_ic_v1,crazyflie_ofat_pinv_fine_v1
9,arm_length_minus10,arm_length,0.90,0.49375000,0.50000000,7,pinv,2,0.50000000,12,63300012,seeded_ic_v1,crazyflie_ofat_pinv_fine_v1
9,arm_length_minus10,arm_length,0.90,0.49375000,0.50000000,7,pinv,2,0.50000000,13,63300013,seeded_ic_v1,crazyflie_ofat_pinv_fine_v1
9,arm_length_minus10,arm_length,0.90,0.49375000,0.50000000,7,pinv,2,0.50000000,14,63300014,seeded_ic_v1,crazyflie_ofat_pinv_fine_v1
9,arm_length_minus10,arm_length,0.90,0.49375000,0.50000000,7,pinv,2,0.50000000,15,63300015,seeded_ic_v1,crazyflie_ofat_pinv_fine_v1
9,arm_length_minus10,arm_length,0.90,0.49375000,0.50000000,7,pinv,2,0.50000000,16,63300016,seeded_ic_v1,crazyflie_ofat_pinv_fine_v1
9,arm_length_minus10,arm_length,0.90,0.49375000,0.50000000,7,pinv,2,0.50000000,17,63300017,seeded_ic_v1,crazyflie_ofat_pinv_fine_v1
9,arm_length_minus10,arm_length,0.90,0.49375000,0.50000000,7,pinv,2,0.50000000,18,63300018,seeded_ic_v1,crazyflie_ofat_pinv_fine_v1
9,arm_length_minus10,arm_length,0.90,0.49375000,0.50000000,7,pinv,2,0.50000000,19,63300019,seeded_ic_v1,crazyflie_ofat_pinv_fine_v1
9,arm_length_minus10,arm_length,0.90,0.49375000,0.50000000,7,pinv,2,0.50000000,20,63300020,seeded_ic_v1,crazyflie_ofat_pinv_fine_v1
9,arm_length_minus10,arm_length,0.90,0.49375000,0.50000000,7,pinv,2,0.50000000,21,63300021,seeded_ic_v1,crazyflie_ofat_pinv_fine_v1
9,arm_length_minus10,arm_length,0.90,0.49375000,0.50000000,7,pinv,2,0.50000000,22,63300022,seeded_ic_v1,crazyflie_ofat_pinv_fine_v1
9,arm_length_minus10,arm_length,0.90,0.49375000,0.50000000,7,pinv,2,0.50000000,23,63300023,seeded_ic_v1,crazyflie_ofat_pinv_fine_v1
9,arm_length_minus10,arm_length,0.90,0.49375000,0.50000000,7,pinv,2,0.50000000,24,63300024,seeded_ic_v1,crazyflie_ofat_pinv_fine_v1
9,arm_length_minus10,arm_length,0.90,0.49375000,0.50000000,7,pinv,2,0.50000000,25,63300025,seeded_ic_v1,crazyflie_ofat_pinv_fine_v1
9,arm_length_minus10,arm_length,0.90,0.49375000,0.50000000,7,pinv,2,0.50000000,26,63300026,seeded_ic_v1,crazyflie_ofat_pinv_fine_v1
9,arm_length_minus10,arm_length,0.90,0.49375000,0.50000000,7,pinv,2,0.50000000,27,63300027,seeded_ic_v1,crazyflie_ofat_pinv_fine_v1
9,arm_length_minus10,arm_length,0.90,0.49375000,0.50000000,7,pinv,2,0.50000000,28,63300028,seeded_ic_v1,crazyflie_ofat_pinv_fine_v1
9,arm_length_minus10,arm_length,0.90,0.49375000,0.50000000,7,pinv,2,0.50000000,29,63300029,seeded_ic_v1,crazyflie_ofat_pinv_fine_v1
9,arm_length_minus10,arm_length,0.90,0.49375000,0.50000000,7,pinv,2,0.50000000,30,63300030,seeded_ic_v1,crazyflie_ofat_pinv_fine_v1
10,arm_length_plus10,arm_length,1.10,0.49375000,0.50000000,1,pinv,2,0.49375000,1,63300001,seeded_ic_v1,crazyflie_ofat_pinv_fine_v1
10,arm_length_plus10,arm_length,1.10,0.49375000,0.50000000,1,pinv,2,0.49375000,2,63300002,seeded_ic_v1,crazyflie_ofat_pinv_fine_v1
10,arm_length_plus10,arm_length,1.10,0.49375000,0.50000000,1,pinv,2,0.49375000,3,63300003,seeded_ic_v1,crazyflie_ofat_pinv_fine_v1
10,arm_length_plus10,arm_length,1.10,0.49375000,0.50000000,1,pinv,2,0.49375000,4,63300004,seeded_ic_v1,crazyflie_ofat_pinv_fine_v1
10,arm_length_plus10,arm_length,1.10,0.49375000,0.50000000,1,pinv,2,0.49375000,5,63300005,seeded_ic_v1,crazyflie_ofat_pinv_fine_v1
10,arm_length_plus10,arm_length,1.10,0.49375000,0.50000000,1,pinv,2,0.49375000,6,63300006,seeded_ic_v1,crazyflie_ofat_pinv_fine_v1
10,arm_length_plus10,arm_length,1.10,0.49375000,0.50000000,1,pinv,2,0.49375000,7,63300007,seeded_ic_v1,crazyflie_ofat_pinv_fine_v1
10,arm_length_plus10,arm_length,1.10,0.49375000,0.50000000,1,pinv,2,0.49375000,8,63300008,seeded_ic_v1,crazyflie_ofat_pinv_fine_v1
10,arm_length_plus10,arm_length,1.10,0.49375000,0.50000000,1,pinv,2,0.49375000,9,63300009,seeded_ic_v1,crazyflie_ofat_pinv_fine_v1
10,arm_length_plus10,arm_length,1.10,0.49375000,0.50000000,1,pinv,2,0.49375000,10,63300010,seeded_ic_v1,crazyflie_ofat_pinv_fine_v1
10,arm_length_plus10,arm_length,1.10,0.49375000,0.50000000,1,pinv,2,0.49375000,11,63300011,seeded_ic_v1,crazyflie_ofat_pinv_fine_v1
10,arm_length_plus10,arm_length,1.10,0.49375000,0.50000000,1,pinv,2,0.49375000,12,63300012,seeded_ic_v1,crazyflie_ofat_pinv_fine_v1
10,arm_length_plus10,arm_length,1.10,0.49375000,0.50000000,1,pinv,2,0.49375000,13,63300013,seeded_ic_v1,crazyflie_ofat_pinv_fine_v1
10,arm_length_plus10,arm_length,1.10,0.49375000,0.50000000,1,pinv,2,0.49375000,14,63300014,seeded_ic_v1,crazyflie_ofat_pinv_fine_v1
10,arm_length_plus10,arm_length,1.10,0.49375000,0.50000000,1,pinv,2,0.49375000,15,63300015,seeded_ic_v1,crazyflie_ofat_pinv_fine_v1
10,arm_length_plus10,arm_length,1.10,0.49375000,0.50000000,1,pinv,2,0.49375000,16,63300016,seeded_ic_v1,crazyflie_ofat_pinv_fine_v1
10,arm_length_plus10,arm_length,1.10,0.49375000,0.50000000,1,pinv,2,0.49375000,17,63300017,seeded_ic_v1,crazyflie_ofat_pinv_fine_v1
10,arm_length_plus10,arm_length,1.10,0.49375000,0.50000000,1,pinv,2,0.49375000,18,63300018,seeded_ic_v1,crazyflie_ofat_pinv_fine_v1
10,arm_length_plus10,arm_length,1.10,0.49375000,0.50000000,1,pinv,2,0.49375000,19,63300019,seeded_ic_v1,crazyflie_ofat_pinv_fine_v1
10,arm_length_plus10,arm_length,1.10,0.49375000,0.50000000,1,pinv,2,0.49375000,20,63300020,seeded_ic_v1,crazyflie_ofat_pinv_fine_v1
10,arm_length_plus10,arm_length,1.10,0.49375000,0.50000000,1,pinv,2,0.49375000,21,63300021,seeded_ic_v1,crazyflie_ofat_pinv_fine_v1
10,arm_length_plus10,arm_length,1.10,0.49375000,0.50000000,1,pinv,2,0.49375000,22,63300022,seeded_ic_v1,crazyflie_ofat_pinv_fine_v1
10,arm_length_plus10,arm_length,1.10,0.49375000,0.50000000,1,pinv,2,0.49375000,23,63300023,seeded_ic_v1,crazyflie_ofat_pinv_fine_v1
10,arm_length_plus10,arm_length,1.10,0.49375000,0.50000000,1,pinv,2,0.49375000,24,63300024,seeded_ic_v1,crazyflie_ofat_pinv_fine_v1
10,arm_length_plus10,arm_length,1.10,0.49375000,0.50000000,1,pinv,2,0.49375000,25,63300025,seeded_ic_v1,crazyflie_ofat_pinv_fine_v1
10,arm_length_plus10,arm_length,1.10,0.49375000,0.50000000,1,pinv,2,0.49375000,26,63300026,seeded_ic_v1,crazyflie_ofat_pinv_fine_v1
10,arm_length_plus10,arm_length,1.10,0.49375000,0.50000000,1,pinv,2,0.49375000,27,63300027,seeded_ic_v1,crazyflie_ofat_pinv_fine_v1
10,arm_length_plus10,arm_length,1.10,0.49375000,0.50000000,1,pinv,2,0.49375000,28,63300028,seeded_ic_v1,crazyflie_ofat_pinv_fine_v1
10,arm_length_plus10,arm_length,1.10,0.49375000,0.50000000,1,pinv,2,0.49375000,29,63300029,seeded_ic_v1,crazyflie_ofat_pinv_fine_v1
10,arm_length_plus10,arm_length,1.10,0.49375000,0.50000000,1,pinv,2,0.49375000,30,63300030,seeded_ic_v1,crazyflie_ofat_pinv_fine_v1
10,arm_length_plus10,arm_length,1.10,0.49375000,0.50000000,2,pinv,2,0.49479167,1,63300001,seeded_ic_v1,crazyflie_ofat_pinv_fine_v1
10,arm_length_plus10,arm_length,1.10,0.49375000,0.50000000,2,pinv,2,0.49479167,2,63300002,seeded_ic_v1,crazyflie_ofat_pinv_fine_v1
10,arm_length_plus10,arm_length,1.10,0.49375000,0.50000000,2,pinv,2,0.49479167,3,63300003,seeded_ic_v1,crazyflie_ofat_pinv_fine_v1
10,arm_length_plus10,arm_length,1.10,0.49375000,0.50000000,2,pinv,2,0.49479167,4,63300004,seeded_ic_v1,crazyflie_ofat_pinv_fine_v1
10,arm_length_plus10,arm_length,1.10,0.49375000,0.50000000,2,pinv,2,0.49479167,5,63300005,seeded_ic_v1,crazyflie_ofat_pinv_fine_v1
10,arm_length_plus10,arm_length,1.10,0.49375000,0.50000000,2,pinv,2,0.49479167,6,63300006,seeded_ic_v1,crazyflie_ofat_pinv_fine_v1
10,arm_length_plus10,arm_length,1.10,0.49375000,0.50000000,2,pinv,2,0.49479167,7,63300007,seeded_ic_v1,crazyflie_ofat_pinv_fine_v1
10,arm_length_plus10,arm_length,1.10,0.49375000,0.50000000,2,pinv,2,0.49479167,8,63300008,seeded_ic_v1,crazyflie_ofat_pinv_fine_v1
10,arm_length_plus10,arm_length,1.10,0.49375000,0.50000000,2,pinv,2,0.49479167,9,63300009,seeded_ic_v1,crazyflie_ofat_pinv_fine_v1
10,arm_length_plus10,arm_length,1.10,0.49375000,0.50000000,2,pinv,2,0.49479167,10,63300010,seeded_ic_v1,crazyflie_ofat_pinv_fine_v1
10,arm_length_plus10,arm_length,1.10,0.49375000,0.50000000,2,pinv,2,0.49479167,11,63300011,seeded_ic_v1,crazyflie_ofat_pinv_fine_v1
10,arm_length_plus10,arm_length,1.10,0.49375000,0.50000000,2,pinv,2,0.49479167,12,63300012,seeded_ic_v1,crazyflie_ofat_pinv_fine_v1
10,arm_length_plus10,arm_length,1.10,0.49375000,0.50000000,2,pinv,2,0.49479167,13,63300013,seeded_ic_v1,crazyflie_ofat_pinv_fine_v1
10,arm_length_plus10,arm_length,1.10,0.49375000,0.50000000,2,pinv,2,0.49479167,14,63300014,seeded_ic_v1,crazyflie_ofat_pinv_fine_v1
10,arm_length_plus10,arm_length,1.10,0.49375000,0.50000000,2,pinv,2,0.49479167,15,63300015,seeded_ic_v1,crazyflie_ofat_pinv_fine_v1
10,arm_length_plus10,arm_length,1.10,0.49375000,0.50000000,2,pinv,2,0.49479167,16,63300016,seeded_ic_v1,crazyflie_ofat_pinv_fine_v1
10,arm_length_plus10,arm_length,1.10,0.49375000,0.50000000,2,pinv,2,0.49479167,17,63300017,seeded_ic_v1,crazyflie_ofat_pinv_fine_v1
10,arm_length_plus10,arm_length,1.10,0.49375000,0.50000000,2,pinv,2,0.49479167,18,63300018,seeded_ic_v1,crazyflie_ofat_pinv_fine_v1
10,arm_length_plus10,arm_length,1.10,0.49375000,0.50000000,2,pinv,2,0.49479167,19,63300019,seeded_ic_v1,crazyflie_ofat_pinv_fine_v1
10,arm_length_plus10,arm_length,1.10,0.49375000,0.50000000,2,pinv,2,0.49479167,20,63300020,seeded_ic_v1,crazyflie_ofat_pinv_fine_v1
10,arm_length_plus10,arm_length,1.10,0.49375000,0.50000000,2,pinv,2,0.49479167,21,63300021,seeded_ic_v1,crazyflie_ofat_pinv_fine_v1
10,arm_length_plus10,arm_length,1.10,0.49375000,0.50000000,2,pinv,2,0.49479167,22,63300022,seeded_ic_v1,crazyflie_ofat_pinv_fine_v1
10,arm_length_plus10,arm_length,1.10,0.49375000,0.50000000,2,pinv,2,0.49479167,23,63300023,seeded_ic_v1,crazyflie_ofat_pinv_fine_v1
10,arm_length_plus10,arm_length,1.10,0.49375000,0.50000000,2,pinv,2,0.49479167,24,63300024,seeded_ic_v1,crazyflie_ofat_pinv_fine_v1
10,arm_length_plus10,arm_length,1.10,0.49375000,0.50000000,2,pinv,2,0.49479167,25,63300025,seeded_ic_v1,crazyflie_ofat_pinv_fine_v1
10,arm_length_plus10,arm_length,1.10,0.49375000,0.50000000,2,pinv,2,0.49479167,26,63300026,seeded_ic_v1,crazyflie_ofat_pinv_fine_v1
10,arm_length_plus10,arm_length,1.10,0.49375000,0.50000000,2,pinv,2,0.49479167,27,63300027,seeded_ic_v1,crazyflie_ofat_pinv_fine_v1
10,arm_length_plus10,arm_length,1.10,0.49375000,0.50000000,2,pinv,2,0.49479167,28,63300028,seeded_ic_v1,crazyflie_ofat_pinv_fine_v1
10,arm_length_plus10,arm_length,1.10,0.49375000,0.50000000,2,pinv,2,0.49479167,29,63300029,seeded_ic_v1,crazyflie_ofat_pinv_fine_v1
10,arm_length_plus10,arm_length,1.10,0.49375000,0.50000000,2,pinv,2,0.49479167,30,63300030,seeded_ic_v1,crazyflie_ofat_pinv_fine_v1
10,arm_length_plus10,arm_length,1.10,0.49375000,0.50000000,3,pinv,2,0.49583333,1,63300001,seeded_ic_v1,crazyflie_ofat_pinv_fine_v1
10,arm_length_plus10,arm_length,1.10,0.49375000,0.50000000,3,pinv,2,0.49583333,2,63300002,seeded_ic_v1,crazyflie_ofat_pinv_fine_v1
10,arm_length_plus10,arm_length,1.10,0.49375000,0.50000000,3,pinv,2,0.49583333,3,63300003,seeded_ic_v1,crazyflie_ofat_pinv_fine_v1
10,arm_length_plus10,arm_length,1.10,0.49375000,0.50000000,3,pinv,2,0.49583333,4,63300004,seeded_ic_v1,crazyflie_ofat_pinv_fine_v1
10,arm_length_plus10,arm_length,1.10,0.49375000,0.50000000,3,pinv,2,0.49583333,5,63300005,seeded_ic_v1,crazyflie_ofat_pinv_fine_v1
10,arm_length_plus10,arm_length,1.10,0.49375000,0.50000000,3,pinv,2,0.49583333,6,63300006,seeded_ic_v1,crazyflie_ofat_pinv_fine_v1
10,arm_length_plus10,arm_length,1.10,0.49375000,0.50000000,3,pinv,2,0.49583333,7,63300007,seeded_ic_v1,crazyflie_ofat_pinv_fine_v1
10,arm_length_plus10,arm_length,1.10,0.49375000,0.50000000,3,pinv,2,0.49583333,8,63300008,seeded_ic_v1,crazyflie_ofat_pinv_fine_v1
10,arm_length_plus10,arm_length,1.10,0.49375000,0.50000000,3,pinv,2,0.49583333,9,63300009,seeded_ic_v1,crazyflie_ofat_pinv_fine_v1
10,arm_length_plus10,arm_length,1.10,0.49375000,0.50000000,3,pinv,2,0.49583333,10,63300010,seeded_ic_v1,crazyflie_ofat_pinv_fine_v1
10,arm_length_plus10,arm_length,1.10,0.49375000,0.50000000,3,pinv,2,0.49583333,11,63300011,seeded_ic_v1,crazyflie_ofat_pinv_fine_v1
10,arm_length_plus10,arm_length,1.10,0.49375000,0.50000000,3,pinv,2,0.49583333,12,63300012,seeded_ic_v1,crazyflie_ofat_pinv_fine_v1
10,arm_length_plus10,arm_length,1.10,0.49375000,0.50000000,3,pinv,2,0.49583333,13,63300013,seeded_ic_v1,crazyflie_ofat_pinv_fine_v1
10,arm_length_plus10,arm_length,1.10,0.49375000,0.50000000,3,pinv,2,0.49583333,14,63300014,seeded_ic_v1,crazyflie_ofat_pinv_fine_v1
10,arm_length_plus10,arm_length,1.10,0.49375000,0.50000000,3,pinv,2,0.49583333,15,63300015,seeded_ic_v1,crazyflie_ofat_pinv_fine_v1
10,arm_length_plus10,arm_length,1.10,0.49375000,0.50000000,3,pinv,2,0.49583333,16,63300016,seeded_ic_v1,crazyflie_ofat_pinv_fine_v1
10,arm_length_plus10,arm_length,1.10,0.49375000,0.50000000,3,pinv,2,0.49583333,17,63300017,seeded_ic_v1,crazyflie_ofat_pinv_fine_v1
10,arm_length_plus10,arm_length,1.10,0.49375000,0.50000000,3,pinv,2,0.49583333,18,63300018,seeded_ic_v1,crazyflie_ofat_pinv_fine_v1
10,arm_length_plus10,arm_length,1.10,0.49375000,0.50000000,3,pinv,2,0.49583333,19,63300019,seeded_ic_v1,crazyflie_ofat_pinv_fine_v1
10,arm_length_plus10,arm_length,1.10,0.49375000,0.50000000,3,pinv,2,0.49583333,20,63300020,seeded_ic_v1,crazyflie_ofat_pinv_fine_v1
10,arm_length_plus10,arm_length,1.10,0.49375000,0.50000000,3,pinv,2,0.49583333,21,63300021,seeded_ic_v1,crazyflie_ofat_pinv_fine_v1
10,arm_length_plus10,arm_length,1.10,0.49375000,0.50000000,3,pinv,2,0.49583333,22,63300022,seeded_ic_v1,crazyflie_ofat_pinv_fine_v1
10,arm_length_plus10,arm_length,1.10,0.49375000,0.50000000,3,pinv,2,0.49583333,23,63300023,seeded_ic_v1,crazyflie_ofat_pinv_fine_v1
10,arm_length_plus10,arm_length,1.10,0.49375000,0.50000000,3,pinv,2,0.49583333,24,63300024,seeded_ic_v1,crazyflie_ofat_pinv_fine_v1
10,arm_length_plus10,arm_length,1.10,0.49375000,0.50000000,3,pinv,2,0.49583333,25,63300025,seeded_ic_v1,crazyflie_ofat_pinv_fine_v1
10,arm_length_plus10,arm_length,1.10,0.49375000,0.50000000,3,pinv,2,0.49583333,26,63300026,seeded_ic_v1,crazyflie_ofat_pinv_fine_v1
10,arm_length_plus10,arm_length,1.10,0.49375000,0.50000000,3,pinv,2,0.49583333,27,63300027,seeded_ic_v1,crazyflie_ofat_pinv_fine_v1
10,arm_length_plus10,arm_length,1.10,0.49375000,0.50000000,3,pinv,2,0.49583333,28,63300028,seeded_ic_v1,crazyflie_ofat_pinv_fine_v1
10,arm_length_plus10,arm_length,1.10,0.49375000,0.50000000,3,pinv,2,0.49583333,29,63300029,seeded_ic_v1,crazyflie_ofat_pinv_fine_v1
10,arm_length_plus10,arm_length,1.10,0.49375000,0.50000000,3,pinv,2,0.49583333,30,63300030,seeded_ic_v1,crazyflie_ofat_pinv_fine_v1
10,arm_length_plus10,arm_length,1.10,0.49375000,0.50000000,4,pinv,2,0.49687500,1,63300001,seeded_ic_v1,crazyflie_ofat_pinv_fine_v1
10,arm_length_plus10,arm_length,1.10,0.49375000,0.50000000,4,pinv,2,0.49687500,2,63300002,seeded_ic_v1,crazyflie_ofat_pinv_fine_v1
10,arm_length_plus10,arm_length,1.10,0.49375000,0.50000000,4,pinv,2,0.49687500,3,63300003,seeded_ic_v1,crazyflie_ofat_pinv_fine_v1
10,arm_length_plus10,arm_length,1.10,0.49375000,0.50000000,4,pinv,2,0.49687500,4,63300004,seeded_ic_v1,crazyflie_ofat_pinv_fine_v1
10,arm_length_plus10,arm_length,1.10,0.49375000,0.50000000,4,pinv,2,0.49687500,5,63300005,seeded_ic_v1,crazyflie_ofat_pinv_fine_v1
10,arm_length_plus10,arm_length,1.10,0.49375000,0.50000000,4,pinv,2,0.49687500,6,63300006,seeded_ic_v1,crazyflie_ofat_pinv_fine_v1
10,arm_length_plus10,arm_length,1.10,0.49375000,0.50000000,4,pinv,2,0.49687500,7,63300007,seeded_ic_v1,crazyflie_ofat_pinv_fine_v1
10,arm_length_plus10,arm_length,1.10,0.49375000,0.50000000,4,pinv,2,0.49687500,8,63300008,seeded_ic_v1,crazyflie_ofat_pinv_fine_v1
10,arm_length_plus10,arm_length,1.10,0.49375000,0.50000000,4,pinv,2,0.49687500,9,63300009,seeded_ic_v1,crazyflie_ofat_pinv_fine_v1
10,arm_length_plus10,arm_length,1.10,0.49375000,0.50000000,4,pinv,2,0.49687500,10,63300010,seeded_ic_v1,crazyflie_ofat_pinv_fine_v1
10,arm_length_plus10,arm_length,1.10,0.49375000,0.50000000,4,pinv,2,0.49687500,11,63300011,seeded_ic_v1,crazyflie_ofat_pinv_fine_v1
10,arm_length_plus10,arm_length,1.10,0.49375000,0.50000000,4,pinv,2,0.49687500,12,63300012,seeded_ic_v1,crazyflie_ofat_pinv_fine_v1
10,arm_length_plus10,arm_length,1.10,0.49375000,0.50000000,4,pinv,2,0.49687500,13,63300013,seeded_ic_v1,crazyflie_ofat_pinv_fine_v1
10,arm_length_plus10,arm_length,1.10,0.49375000,0.50000000,4,pinv,2,0.49687500,14,63300014,seeded_ic_v1,crazyflie_ofat_pinv_fine_v1
10,arm_length_plus10,arm_length,1.10,0.49375000,0.50000000,4,pinv,2,0.49687500,15,63300015,seeded_ic_v1,crazyflie_ofat_pinv_fine_v1
10,arm_length_plus10,arm_length,1.10,0.49375000,0.50000000,4,pinv,2,0.49687500,16,63300016,seeded_ic_v1,crazyflie_ofat_pinv_fine_v1
10,arm_length_plus10,arm_length,1.10,0.49375000,0.50000000,4,pinv,2,0.49687500,17,63300017,seeded_ic_v1,crazyflie_ofat_pinv_fine_v1
10,arm_length_plus10,arm_length,1.10,0.49375000,0.50000000,4,pinv,2,0.49687500,18,63300018,seeded_ic_v1,crazyflie_ofat_pinv_fine_v1
10,arm_length_plus10,arm_length,1.10,0.49375000,0.50000000,4,pinv,2,0.49687500,19,63300019,seeded_ic_v1,crazyflie_ofat_pinv_fine_v1
10,arm_length_plus10,arm_length,1.10,0.49375000,0.50000000,4,pinv,2,0.49687500,20,63300020,seeded_ic_v1,crazyflie_ofat_pinv_fine_v1
10,arm_length_plus10,arm_length,1.10,0.49375000,0.50000000,4,pinv,2,0.49687500,21,63300021,seeded_ic_v1,crazyflie_ofat_pinv_fine_v1
10,arm_length_plus10,arm_length,1.10,0.49375000,0.50000000,4,pinv,2,0.49687500,22,63300022,seeded_ic_v1,crazyflie_ofat_pinv_fine_v1
10,arm_length_plus10,arm_length,1.10,0.49375000,0.50000000,4,pinv,2,0.49687500,23,63300023,seeded_ic_v1,crazyflie_ofat_pinv_fine_v1
10,arm_length_plus10,arm_length,1.10,0.49375000,0.50000000,4,pinv,2,0.49687500,24,63300024,seeded_ic_v1,crazyflie_ofat_pinv_fine_v1
10,arm_length_plus10,arm_length,1.10,0.49375000,0.50000000,4,pinv,2,0.49687500,25,63300025,seeded_ic_v1,crazyflie_ofat_pinv_fine_v1
10,arm_length_plus10,arm_length,1.10,0.49375000,0.50000000,4,pinv,2,0.49687500,26,63300026,seeded_ic_v1,crazyflie_ofat_pinv_fine_v1
10,arm_length_plus10,arm_length,1.10,0.49375000,0.50000000,4,pinv,2,0.49687500,27,63300027,seeded_ic_v1,crazyflie_ofat_pinv_fine_v1
10,arm_length_plus10,arm_length,1.10,0.49375000,0.50000000,4,pinv,2,0.49687500,28,63300028,seeded_ic_v1,crazyflie_ofat_pinv_fine_v1
10,arm_length_plus10,arm_length,1.10,0.49375000,0.50000000,4,pinv,2,0.49687500,29,63300029,seeded_ic_v1,crazyflie_ofat_pinv_fine_v1
10,arm_length_plus10,arm_length,1.10,0.49375000,0.50000000,4,pinv,2,0.49687500,30,63300030,seeded_ic_v1,crazyflie_ofat_pinv_fine_v1
10,arm_length_plus10,arm_length,1.10,0.49375000,0.50000000,5,pinv,2,0.49791667,1,63300001,seeded_ic_v1,crazyflie_ofat_pinv_fine_v1
10,arm_length_plus10,arm_length,1.10,0.49375000,0.50000000,5,pinv,2,0.49791667,2,63300002,seeded_ic_v1,crazyflie_ofat_pinv_fine_v1
10,arm_length_plus10,arm_length,1.10,0.49375000,0.50000000,5,pinv,2,0.49791667,3,63300003,seeded_ic_v1,crazyflie_ofat_pinv_fine_v1
10,arm_length_plus10,arm_length,1.10,0.49375000,0.50000000,5,pinv,2,0.49791667,4,63300004,seeded_ic_v1,crazyflie_ofat_pinv_fine_v1
10,arm_length_plus10,arm_length,1.10,0.49375000,0.50000000,5,pinv,2,0.49791667,5,63300005,seeded_ic_v1,crazyflie_ofat_pinv_fine_v1
10,arm_length_plus10,arm_length,1.10,0.49375000,0.50000000,5,pinv,2,0.49791667,6,63300006,seeded_ic_v1,crazyflie_ofat_pinv_fine_v1
10,arm_length_plus10,arm_length,1.10,0.49375000,0.50000000,5,pinv,2,0.49791667,7,63300007,seeded_ic_v1,crazyflie_ofat_pinv_fine_v1
10,arm_length_plus10,arm_length,1.10,0.49375000,0.50000000,5,pinv,2,0.49791667,8,63300008,seeded_ic_v1,crazyflie_ofat_pinv_fine_v1
10,arm_length_plus10,arm_length,1.10,0.49375000,0.50000000,5,pinv,2,0.49791667,9,63300009,seeded_ic_v1,crazyflie_ofat_pinv_fine_v1
10,arm_length_plus10,arm_length,1.10,0.49375000,0.50000000,5,pinv,2,0.49791667,10,63300010,seeded_ic_v1,crazyflie_ofat_pinv_fine_v1
10,arm_length_plus10,arm_length,1.10,0.49375000,0.50000000,5,pinv,2,0.49791667,11,63300011,seeded_ic_v1,crazyflie_ofat_pinv_fine_v1
10,arm_length_plus10,arm_length,1.10,0.49375000,0.50000000,5,pinv,2,0.49791667,12,63300012,seeded_ic_v1,crazyflie_ofat_pinv_fine_v1
10,arm_length_plus10,arm_length,1.10,0.49375000,0.50000000,5,pinv,2,0.49791667,13,63300013,seeded_ic_v1,crazyflie_ofat_pinv_fine_v1
10,arm_length_plus10,arm_length,1.10,0.49375000,0.50000000,5,pinv,2,0.49791667,14,63300014,seeded_ic_v1,crazyflie_ofat_pinv_fine_v1
10,arm_length_plus10,arm_length,1.10,0.49375000,0.50000000,5,pinv,2,0.49791667,15,63300015,seeded_ic_v1,crazyflie_ofat_pinv_fine_v1
10,arm_length_plus10,arm_length,1.10,0.49375000,0.50000000,5,pinv,2,0.49791667,16,63300016,seeded_ic_v1,crazyflie_ofat_pinv_fine_v1
10,arm_length_plus10,arm_length,1.10,0.49375000,0.50000000,5,pinv,2,0.49791667,17,63300017,seeded_ic_v1,crazyflie_ofat_pinv_fine_v1
10,arm_length_plus10,arm_length,1.10,0.49375000,0.50000000,5,pinv,2,0.49791667,18,63300018,seeded_ic_v1,crazyflie_ofat_pinv_fine_v1
10,arm_length_plus10,arm_length,1.10,0.49375000,0.50000000,5,pinv,2,0.49791667,19,63300019,seeded_ic_v1,crazyflie_ofat_pinv_fine_v1
10,arm_length_plus10,arm_length,1.10,0.49375000,0.50000000,5,pinv,2,0.49791667,20,63300020,seeded_ic_v1,crazyflie_ofat_pinv_fine_v1
10,arm_length_plus10,arm_length,1.10,0.49375000,0.50000000,5,pinv,2,0.49791667,21,63300021,seeded_ic_v1,crazyflie_ofat_pinv_fine_v1
10,arm_length_plus10,arm_length,1.10,0.49375000,0.50000000,5,pinv,2,0.49791667,22,63300022,seeded_ic_v1,crazyflie_ofat_pinv_fine_v1
10,arm_length_plus10,arm_length,1.10,0.49375000,0.50000000,5,pinv,2,0.49791667,23,63300023,seeded_ic_v1,crazyflie_ofat_pinv_fine_v1
10,arm_length_plus10,arm_length,1.10,0.49375000,0.50000000,5,pinv,2,0.49791667,24,63300024,seeded_ic_v1,crazyflie_ofat_pinv_fine_v1
10,arm_length_plus10,arm_length,1.10,0.49375000,0.50000000,5,pinv,2,0.49791667,25,63300025,seeded_ic_v1,crazyflie_ofat_pinv_fine_v1
10,arm_length_plus10,arm_length,1.10,0.49375000,0.50000000,5,pinv,2,0.49791667,26,63300026,seeded_ic_v1,crazyflie_ofat_pinv_fine_v1
10,arm_length_plus10,arm_length,1.10,0.49375000,0.50000000,5,pinv,2,0.49791667,27,63300027,seeded_ic_v1,crazyflie_ofat_pinv_fine_v1
10,arm_length_plus10,arm_length,1.10,0.49375000,0.50000000,5,pinv,2,0.49791667,28,63300028,seeded_ic_v1,crazyflie_ofat_pinv_fine_v1
10,arm_length_plus10,arm_length,1.10,0.49375000,0.50000000,5,pinv,2,0.49791667,29,63300029,seeded_ic_v1,crazyflie_ofat_pinv_fine_v1
10,arm_length_plus10,arm_length,1.10,0.49375000,0.50000000,5,pinv,2,0.49791667,30,63300030,seeded_ic_v1,crazyflie_ofat_pinv_fine_v1
10,arm_length_plus10,arm_length,1.10,0.49375000,0.50000000,6,pinv,2,0.49895833,1,63300001,seeded_ic_v1,crazyflie_ofat_pinv_fine_v1
10,arm_length_plus10,arm_length,1.10,0.49375000,0.50000000,6,pinv,2,0.49895833,2,63300002,seeded_ic_v1,crazyflie_ofat_pinv_fine_v1
10,arm_length_plus10,arm_length,1.10,0.49375000,0.50000000,6,pinv,2,0.49895833,3,63300003,seeded_ic_v1,crazyflie_ofat_pinv_fine_v1
10,arm_length_plus10,arm_length,1.10,0.49375000,0.50000000,6,pinv,2,0.49895833,4,63300004,seeded_ic_v1,crazyflie_ofat_pinv_fine_v1
10,arm_length_plus10,arm_length,1.10,0.49375000,0.50000000,6,pinv,2,0.49895833,5,63300005,seeded_ic_v1,crazyflie_ofat_pinv_fine_v1
10,arm_length_plus10,arm_length,1.10,0.49375000,0.50000000,6,pinv,2,0.49895833,6,63300006,seeded_ic_v1,crazyflie_ofat_pinv_fine_v1
10,arm_length_plus10,arm_length,1.10,0.49375000,0.50000000,6,pinv,2,0.49895833,7,63300007,seeded_ic_v1,crazyflie_ofat_pinv_fine_v1
10,arm_length_plus10,arm_length,1.10,0.49375000,0.50000000,6,pinv,2,0.49895833,8,63300008,seeded_ic_v1,crazyflie_ofat_pinv_fine_v1
10,arm_length_plus10,arm_length,1.10,0.49375000,0.50000000,6,pinv,2,0.49895833,9,63300009,seeded_ic_v1,crazyflie_ofat_pinv_fine_v1
10,arm_length_plus10,arm_length,1.10,0.49375000,0.50000000,6,pinv,2,0.49895833,10,63300010,seeded_ic_v1,crazyflie_ofat_pinv_fine_v1
10,arm_length_plus10,arm_length,1.10,0.49375000,0.50000000,6,pinv,2,0.49895833,11,63300011,seeded_ic_v1,crazyflie_ofat_pinv_fine_v1
10,arm_length_plus10,arm_length,1.10,0.49375000,0.50000000,6,pinv,2,0.49895833,12,63300012,seeded_ic_v1,crazyflie_ofat_pinv_fine_v1
10,arm_length_plus10,arm_length,1.10,0.49375000,0.50000000,6,pinv,2,0.49895833,13,63300013,seeded_ic_v1,crazyflie_ofat_pinv_fine_v1
10,arm_length_plus10,arm_length,1.10,0.49375000,0.50000000,6,pinv,2,0.49895833,14,63300014,seeded_ic_v1,crazyflie_ofat_pinv_fine_v1
10,arm_length_plus10,arm_length,1.10,0.49375000,0.50000000,6,pinv,2,0.49895833,15,63300015,seeded_ic_v1,crazyflie_ofat_pinv_fine_v1
10,arm_length_plus10,arm_length,1.10,0.49375000,0.50000000,6,pinv,2,0.49895833,16,63300016,seeded_ic_v1,crazyflie_ofat_pinv_fine_v1
10,arm_length_plus10,arm_length,1.10,0.49375000,0.50000000,6,pinv,2,0.49895833,17,63300017,seeded_ic_v1,crazyflie_ofat_pinv_fine_v1
10,arm_length_plus10,arm_length,1.10,0.49375000,0.50000000,6,pinv,2,0.49895833,18,63300018,seeded_ic_v1,crazyflie_ofat_pinv_fine_v1
10,arm_length_plus10,arm_length,1.10,0.49375000,0.50000000,6,pinv,2,0.49895833,19,63300019,seeded_ic_v1,crazyflie_ofat_pinv_fine_v1
10,arm_length_plus10,arm_length,1.10,0.49375000,0.50000000,6,pinv,2,0.49895833,20,63300020,seeded_ic_v1,crazyflie_ofat_pinv_fine_v1
10,arm_length_plus10,arm_length,1.10,0.49375000,0.50000000,6,pinv,2,0.49895833,21,63300021,seeded_ic_v1,crazyflie_ofat_pinv_fine_v1
10,arm_length_plus10,arm_length,1.10,0.49375000,0.50000000,6,pinv,2,0.49895833,22,63300022,seeded_ic_v1,crazyflie_ofat_pinv_fine_v1
10,arm_length_plus10,arm_length,1.10,0.49375000,0.50000000,6,pinv,2,0.49895833,23,63300023,seeded_ic_v1,crazyflie_ofat_pinv_fine_v1
10,arm_length_plus10,arm_length,1.10,0.49375000,0.50000000,6,pinv,2,0.49895833,24,63300024,seeded_ic_v1,crazyflie_ofat_pinv_fine_v1
10,arm_length_plus10,arm_length,1.10,0.49375000,0.50000000,6,pinv,2,0.49895833,25,63300025,seeded_ic_v1,crazyflie_ofat_pinv_fine_v1
10,arm_length_plus10,arm_length,1.10,0.49375000,0.50000000,6,pinv,2,0.49895833,26,63300026,seeded_ic_v1,crazyflie_ofat_pinv_fine_v1
10,arm_length_plus10,arm_length,1.10,0.49375000,0.50000000,6,pinv,2,0.49895833,27,63300027,seeded_ic_v1,crazyflie_ofat_pinv_fine_v1
10,arm_length_plus10,arm_length,1.10,0.49375000,0.50000000,6,pinv,2,0.49895833,28,63300028,seeded_ic_v1,crazyflie_ofat_pinv_fine_v1
10,arm_length_plus10,arm_length,1.10,0.49375000,0.50000000,6,pinv,2,0.49895833,29,63300029,seeded_ic_v1,crazyflie_ofat_pinv_fine_v1
10,arm_length_plus10,arm_length,1.10,0.49375000,0.50000000,6,pinv,2,0.49895833,30,63300030,seeded_ic_v1,crazyflie_ofat_pinv_fine_v1
10,arm_length_plus10,arm_length,1.10,0.49375000,0.50000000,7,pinv,2,0.50000000,1,63300001,seeded_ic_v1,crazyflie_ofat_pinv_fine_v1
10,arm_length_plus10,arm_length,1.10,0.49375000,0.50000000,7,pinv,2,0.50000000,2,63300002,seeded_ic_v1,crazyflie_ofat_pinv_fine_v1
10,arm_length_plus10,arm_length,1.10,0.49375000,0.50000000,7,pinv,2,0.50000000,3,63300003,seeded_ic_v1,crazyflie_ofat_pinv_fine_v1
10,arm_length_plus10,arm_length,1.10,0.49375000,0.50000000,7,pinv,2,0.50000000,4,63300004,seeded_ic_v1,crazyflie_ofat_pinv_fine_v1
10,arm_length_plus10,arm_length,1.10,0.49375000,0.50000000,7,pinv,2,0.50000000,5,63300005,seeded_ic_v1,crazyflie_ofat_pinv_fine_v1
10,arm_length_plus10,arm_length,1.10,0.49375000,0.50000000,7,pinv,2,0.50000000,6,63300006,seeded_ic_v1,crazyflie_ofat_pinv_fine_v1
10,arm_length_plus10,arm_length,1.10,0.49375000,0.50000000,7,pinv,2,0.50000000,7,63300007,seeded_ic_v1,crazyflie_ofat_pinv_fine_v1
10,arm_length_plus10,arm_length,1.10,0.49375000,0.50000000,7,pinv,2,0.50000000,8,63300008,seeded_ic_v1,crazyflie_ofat_pinv_fine_v1
10,arm_length_plus10,arm_length,1.10,0.49375000,0.50000000,7,pinv,2,0.50000000,9,63300009,seeded_ic_v1,crazyflie_ofat_pinv_fine_v1
10,arm_length_plus10,arm_length,1.10,0.49375000,0.50000000,7,pinv,2,0.50000000,10,63300010,seeded_ic_v1,crazyflie_ofat_pinv_fine_v1
10,arm_length_plus10,arm_length,1.10,0.49375000,0.50000000,7,pinv,2,0.50000000,11,63300011,seeded_ic_v1,crazyflie_ofat_pinv_fine_v1
10,arm_length_plus10,arm_length,1.10,0.49375000,0.50000000,7,pinv,2,0.50000000,12,63300012,seeded_ic_v1,crazyflie_ofat_pinv_fine_v1
10,arm_length_plus10,arm_length,1.10,0.49375000,0.50000000,7,pinv,2,0.50000000,13,63300013,seeded_ic_v1,crazyflie_ofat_pinv_fine_v1
10,arm_length_plus10,arm_length,1.10,0.49375000,0.50000000,7,pinv,2,0.50000000,14,63300014,seeded_ic_v1,crazyflie_ofat_pinv_fine_v1
10,arm_length_plus10,arm_length,1.10,0.49375000,0.50000000,7,pinv,2,0.50000000,15,63300015,seeded_ic_v1,crazyflie_ofat_pinv_fine_v1
10,arm_length_plus10,arm_length,1.10,0.49375000,0.50000000,7,pinv,2,0.50000000,16,63300016,seeded_ic_v1,crazyflie_ofat_pinv_fine_v1
10,arm_length_plus10,arm_length,1.10,0.49375000,0.50000000,7,pinv,2,0.50000000,17,63300017,seeded_ic_v1,crazyflie_ofat_pinv_fine_v1
10,arm_length_plus10,arm_length,1.10,0.49375000,0.50000000,7,pinv,2,0.50000000,18,63300018,seeded_ic_v1,crazyflie_ofat_pinv_fine_v1
10,arm_length_plus10,arm_length,1.10,0.49375000,0.50000000,7,pinv,2,0.50000000,19,63300019,seeded_ic_v1,crazyflie_ofat_pinv_fine_v1
10,arm_length_plus10,arm_length,1.10,0.49375000,0.50000000,7,pinv,2,0.50000000,20,63300020,seeded_ic_v1,crazyflie_ofat_pinv_fine_v1
10,arm_length_plus10,arm_length,1.10,0.49375000,0.50000000,7,pinv,2,0.50000000,21,63300021,seeded_ic_v1,crazyflie_ofat_pinv_fine_v1
10,arm_length_plus10,arm_length,1.10,0.49375000,0.50000000,7,pinv,2,0.50000000,22,63300022,seeded_ic_v1,crazyflie_ofat_pinv_fine_v1
10,arm_length_plus10,arm_length,1.10,0.49375000,0.50000000,7,pinv,2,0.50000000,23,63300023,seeded_ic_v1,crazyflie_ofat_pinv_fine_v1
10,arm_length_plus10,arm_length,1.10,0.49375000,0.50000000,7,pinv,2,0.50000000,24,63300024,seeded_ic_v1,crazyflie_ofat_pinv_fine_v1
10,arm_length_plus10,arm_length,1.10,0.49375000,0.50000000,7,pinv,2,0.50000000,25,63300025,seeded_ic_v1,crazyflie_ofat_pinv_fine_v1
10,arm_length_plus10,arm_length,1.10,0.49375000,0.50000000,7,pinv,2,0.50000000,26,63300026,seeded_ic_v1,crazyflie_ofat_pinv_fine_v1
10,arm_length_plus10,arm_length,1.10,0.49375000,0.50000000,7,pinv,2,0.50000000,27,63300027,seeded_ic_v1,crazyflie_ofat_pinv_fine_v1
10,arm_length_plus10,arm_length,1.10,0.49375000,0.50000000,7,pinv,2,0.50000000,28,63300028,seeded_ic_v1,crazyflie_ofat_pinv_fine_v1
10,arm_length_plus10,arm_length,1.10,0.49375000,0.50000000,7,pinv,2,0.50000000,29,63300029,seeded_ic_v1,crazyflie_ofat_pinv_fine_v1
10,arm_length_plus10,arm_length,1.10,0.49375000,0.50000000,7,pinv,2,0.50000000,30,63300030,seeded_ic_v1,crazyflie_ofat_pinv_fine_v1
