protocol_id,trial_seed,spawn_x_cmd,spawn_y_cmd,spawn_yaw_deg_cmd,fault_time_cmd,hover_z_cmd,stage1_z_cmd,post_fault_mode,eval_duration_cmd,landing_descent_rate_cmd,t,phase,x,y,z,vx,vy,vz,roll_deg,pitch_deg,yaw_deg,gyro_x_deg_s,gyro_y_deg_s,gyro_z_deg_s,motor_m1,motor_m2,motor_m3,motor_m4,z_cmd,allocator_config,selected_candidate,r1,r2,r3,r4,qp_score,qp_predicted_vz,qp_predicted_drift,qp_predicted_tilt,fault_x,fault_y,fault_z,fault_vx,fault_vy,fault_vz,fault_roll_deg,fault_pitch_deg,fault_max_motor_pwm,tau
seeded_ic_v1,19980020,-0.017431,-0.024454,-2.351529,10.232681,0.704866,0.30309238,adaptive_ramp_v1,18.0,0.08,10.246591091156006,fault_event,-0.0158662684261798,-0.0231468435376882,0.7177340388298035,-0.000143556157127,-6.128767563495785e-05,-0.0038250598590821,0.0111753307282924,0.0011528093600645,4.1112976759905e-05,-9.486832706125797e-14,0.0610332340002059,0.0,32760,32756,32746,32750,0.05,cem_tuned_boundary,opp_m3_12000,0,0,12000,0,5.73871124581079,0.3476,0.0761563496883014,0.0111753307282924,-0.0158662684261798,-0.0231468435376882,0.7177340388298035,-0.000143556157127,-6.128767563495785e-05,-0.0038250598590821,0.0111753307282924,0.0011528093600645,32760.0,0.0
seeded_ic_v1,19980020,-0.017431,-0.024454,-2.351529,10.232681,0.704866,0.30309238,adaptive_ramp_v1,18.0,0.08,10.33948802947998,landing_ramp,-0.0158662684261798,-0.0231468435376882,0.7177340388298035,-0.000143556157127,-6.128767563495785e-05,-0.0038250598590821,0.0111753307282924,-6.787481834180653e-05,4.135106792091392e-05,-0.0121278576552867,0.0610351376235485,0.0,32760,32756,32746,32750,0.6963214376416015,cem_tuned_boundary,opp_m3_12000,0,0,12000,0,5.73871124581079,0.3476,0.0761563496883014,0.0111753307282924,-0.0158662684261798,-0.0231468435376882,0.7177340388298035,-0.000143556157127,-6.128767563495785e-05,-0.0038250598590821,0.0111753307282924,0.0011528093600645,32760.0,0.09289693832397461
seeded_ic_v1,19980020,-0.017431,-0.024454,-2.351529,10.232681,0.704866,0.30309238,adaptive_ramp_v1,18.0,0.08,10.339585781097412,landing_ramp,-0.0158662684261798,-0.0231468435376882,0.7177340388298035,-0.000143556157127,-6.128767563495785e-05,-0.0038250598590821,0.0111753307282924,-6.787481834180653e-05,4.135106792091392e-05,-0.0121278576552867,0.0610351376235485,0.0,32761,32755,32747,32753,0.696313617512207,cem_tuned_boundary,opp_m3_12000,0,0,12000,0,5.73871124581079,0.3476,0.0761563496883014,0.0111753307282924,-0.0158662684261798,-0.0231468435376882,0.7177340388298035,-0.000143556157127,-6.128767563495785e-05,-0.0038250598590821,0.0111753307282924,0.0011528093600645,32760.0,0.09299468994140625
seeded_ic_v1,19980020,-0.017431,-0.024454,-2.351529,10.232681,0.704866,0.30309238,adaptive_ramp_v1,18.0,0.08,10.339648246765137,landing_ramp,-0.0158675927668809,-0.0231480225920677,0.7176967263221741,-0.0001416382438037,-8.376880577998236e-05,-0.0038195010274648,0.0111753307282924,-6.787481834180653e-05,4.135106792091392e-05,-0.0121278576552867,0.0610351376235485,0.0,32761,32755,32747,32753,0.696308620258789,cem_tuned_boundary,opp_m3_12000,0,0,12000,0,5.73871124581079,0.3476,0.0761563496883014,0.0111753307282924,-0.0158662684261798,-0.0231468435376882,0.7177340388298035,-0.000143556157127,-6.128767563495785e-05,-0.0038250598590821,0.0111753307282924,0.0011528093600645,32760.0,0.09305715560913086
seeded_ic_v1,19980020,-0.017431,-0.024454,-2.351529,10.232681,0.704866,0.30309238,adaptive_ramp_v1,18.0,0.08,10.339720010757446,landing_ramp,-0.0158675927668809,-0.0231480225920677,0.7176967263221741,-0.0001416382438037,-8.376880577998236e-05,-0.0038195010274648,0.0109281577169895,-0.0006782250129617,4.1468796553090215e-05,-0.0609506070613861,0.0610351376235485,0.0,32761,32755,32747,32753,0.6963028791394043,cem_tuned_boundary,opp_m3_12000,0,0,12000,0,5.73871124581079,0.3476,0.0761563496883014,0.0111753307282924,-0.0158662684261798,-0.0231468435376882,0.7177340388298035,-0.000143556157127,-6.128767563495785e-05,-0.0038250598590821,0.0111753307282924,0.0011528093600645,32760.0,0.09312891960144043
seeded_ic_v1,19980020,-0.017431,-0.024454,-2.351529,10.232681,0.704866,0.30309238,adaptive_ramp_v1,18.0,0.08,10.339779376983644,landing_ramp,-0.0158675927668809,-0.0231480225920677,0.7176967263221741,-0.0001416382438037,-8.376880577998236e-05,-0.0038195010274648,0.0109281577169895,-0.0006782250129617,4.1468796553090215e-05,-0.0609506070613861,0.0610351376235485,0.0,32758,32750,32750,32758,0.6962981298413086,cem_tuned_boundary,opp_m3_12000,0,0,12000,0,5.73871124581079,0.3476,0.0761563496883014,0.0111753307282924,-0.0158662684261798,-0.0231468435376882,0.7177340388298035,-0.000143556157127,-6.128767563495785e-05,-0.0038250598590821,0.0111753307282924,0.0011528093600645,32760.0,0.0931882858276385
seeded_ic_v1,19980020,-0.017431,-0.024454,-2.351529,10.232681,0.704866,0.30309238,adaptive_ramp_v1,18.0,0.08,10.339832544326782,landing_ramp,-0.0158714558929204,-0.0231525097042322,0.7175793051719666,-0.0001311254454776,-0.0001447351241949,-0.0041805072687566,0.0109281577169895,-0.0006782250129617,4.1468796553090215e-05,-0.0609506070613861,0.0610351376235485,0.0,32758,32750,32750,32758,0.6962938764538573,cem_tuned_boundary,opp_m3_12000,0,0,12000,0,5.73871124581079,0.3476,0.0761563496883014,0.0111753307282924,-0.0158662684261798,-0.0231468435376882,0.7177340388298035,-0.000143556157127,-6.128767563495785e-05,-0.0038250598590821,0.0111753307282924,0.0011528093600645,32760.0,0.09324145317077637
seeded_ic_v1,19980020,-0.017431,-0.024454,-2.351529,10.232681,0.704866,0.30309238,adaptive_ramp_v1,18.0,0.08,10.339908838272097,landing_ramp,-0.0158714558929204,-0.0231525097042322,0.7175793051719666,-0.0001311254454776,-0.0001447351241949,-0.0041805072687566,0.0169370137155056,-0.0101322531700134,0.0020783448126167,4.307921886444092,4.59605884552002,0.8653638362884521,32758,32750,32750,32758,0.6962877729382324,cem_tuned_boundary,opp_m3_12000,0,0,12000,0,5.73871124581079,0.3476,0.0761563496883014,0.0111753307282924,-0.0158662684261798,-0.0231468435376882,0.7177340388298035,-0.000143556157127,-6.128767563495785e-05,-0.0038250598590821,0.0111753307282924,0.0011528093600645,32760.0,0.09331774711609064
seeded_ic_v1,19980020,-0.017431,-0.024454,-2.351529,10.232681,0.704866,0.30309238,adaptive_ramp_v1,18.0,0.08,10.339962482452393,landing_ramp,-0.0158714558929204,-0.0231525097042322,0.7175793051719666,-0.0001311254454776,-0.0001447351241949,-0.0041805072687566,0.0169370137155056,-0.0101322531700134,0.0020783448126167,4.307921886444092,4.59605884552002,0.8653638362884521,17239,32627,30925,32711,0.6962834814038086,cem_tuned_boundary,opp_m3_12000,0,0,12000,0,5.73871124581079,0.3476,0.0761563496883014,0.0111753307282924,-0.0158662684261798,-0.0231468435376882,0.7177340388298035,-0.000143556157127,-6.128767563495785e-05,-0.0038250598590821,0.0111753307282924,0.0011528093600645,32760.0,0.09337139129638672
seeded_ic_v1,19980020,-0.017431,-0.024454,-2.351529,10.232681,0.704866,0.30309238,adaptive_ramp_v1,18.0,0.08,10.340017318725586,landing_ramp,-0.0158668234944343,-0.0231632832437753,0.7174057960510254,7.525427645305172e-05,-0.0003670047735795,-0.0140108680352568,0.0169370137155056,-0.0101322531700134,0.0020783448126167,4.307921886444092,4.59605884552002,0.8653638362884521,17239,32627,30925,32711,0.696279094501953,cem_tuned_boundary,opp_m3_12000,0,0,12000,0,5.73871124581079,0.3476,0.0761563496883014,0.0111753307282924,-0.0158662684261798,-0.0231468435376882,0.7177340388298035,-0.000143556157127,-6.128767563495785e-05,-0.0038250598590821,0.0111753307282924,0.0011528093600645,32760.0,0.09342622756958008
seeded_ic_v1,19980020,-0.017431,-0.024454,-2.351529,10.232681,0.704866,0.30309238,adaptive_ramp_v1,18.0,0.08,10.34006929397583,landing_ramp,-0.0158668234944343,-0.0231632832437753,0.7174057960510254,7.525427645305172e-05,-0.0003670047735795,-0.0140108680352568,0.3180603682994842,-0.3268916010856628,0.0529249869287014,30.55978202819824,32.123802185058594,5.180219650268555,17239,32627,30925,32711,0.6962749364819335,cem_tuned_boundary,opp_m3_12000,0,0,12000,0,5.73871124581079,0.3476,0.0761563496883014,0.0111753307282924,-0.0158662684261798,-0.0231468435376882,0.7177340388298035,-0.000143556157127,-6.128767563495785e-05,-0.0038250598590821,0.0111753307282924,0.0011528093600645,32760.0,0.09347820281982422
seeded_ic_v1,19980020,-0.017431,-0.024454,-2.351529,10.232681,0.704866,0.30309238,adaptive_ramp_v1,18.0,0.08,10.340123176574709,landing_ramp,-0.0158668234944343,-0.0231632832437753,0.7174057960510254,7.525427645305172e-05,-0.0003670047735795,-0.0140108680352568,0.3180603682994842,-0.3268916010856628,0.0529249869287014,30.55978202819824,32.123802185058594,5.180219650268555,22862,31141,22439,31707,0.6962706258740234,cem_tuned_boundary,opp_m3_12000,0,0,12000,0,5.73871124581079,0.3476,0.0761563496883014,0.0111753307282924,-0.0158662684261798,-0.0231468435376882,0.7177340388298035,-0.000143556157127,-6.128767563495785e-05,-0.0038250598590821,0.0111753307282924,0.0011528093600645,32760.0,0.09353208541870295
seeded_ic_v1,19980020,-0.017431,-0.024454,-2.351529,10.232681,0.704866,0.30309238,adaptive_ramp_v1,18.0,0.08,10.340173959732056,landing_ramp,-0.0158387888222932,-0.0231968853622674,0.7168704867362976,0.0016287430189549,-0.0018623727373778,-0.0356800220906734,0.3180603682994842,-0.3268916010856628,0.0529249869287014,30.55978202819824,32.123802185058594,5.180219650268555,22862,31141,22439,31707,0.6962665632214355,cem_tuned_boundary,opp_m3_12000,0,0,12000,0,5.73871124581079,0.3476,0.0761563496883014,0.0111753307282924,-0.0158662684261798,-0.0231468435376882,0.7177340388298035,-0.000143556157127,-6.128767563495785e-05,-0.0038250598590821,0.0111753307282924,0.0011528093600645,32760.0,0.0935828685760498
seeded_ic_v1,19980020,-0.017431,-0.024454,-2.351529,10.232681,0.704866,0.30309238,adaptive_ramp_v1,18.0,0.08,10.340225458145142,landing_ramp,-0.0158387888222932,-0.0231968853622674,0.7168704867362976,0.0016287430189549,-0.0018623727373778,-0.0356800220906734,1.1012893915176392,-1.1461687088012695,0.2175233364105224,46.95760726928711,49.39657974243164,11.336444854736328,22862,31141,22439,31707,0.6962624433483886,cem_tuned_boundary,opp_m3_12000,0,0,12000,0,5.73871124581079,0.3476,0.0761563496883014,0.0111753307282924,-0.0158662684261798,-0.0231468435376882,0.7177340388298035,-0.000143556157127,-6.128767563495785e-05,-0.0038250598590821,0.0111753307282924,0.0011528093600645,32760.0,0.09363436698913574
seeded_ic_v1,19980020,-0.017431,-0.024454,-2.351529,10.232681,0.704866,0.30309238,adaptive_ramp_v1,18.0,0.08,10.340271472930908,landing_ramp,-0.0158387888222932,-0.0231968853622674,0.7168704867362976,0.0016287430189549,-0.0018623727373778,-0.0356800220906734,1.1012893915176392,-1.1461687088012695,0.2175233364105224,46.95760726928711,49.39657974243164,11.336444854736328,24238,31516,20502,32210,0.6962587621655273,cem_tuned_boundary,opp_m3_12000,0,0,12000,0,5.73871124581079,0.3476,0.0761563496883014,0.0111753307282924,-0.0158662684261798,-0.0231468435376882,0.7177340388298035,-0.000143556157127,-6.128767563495785e-05,-0.0038250598590821,0.0111753307282924,0.0011528093600645,32760.0,0.09368038177490234
seeded_ic_v1,19980020,-0.017431,-0.024454,-2.351529,10.232681,0.704866,0.30309238,adaptive_ramp_v1,18.0,0.08,10.345546960830688,landing_ramp,-0.0157541651278734,-0.0232846289873123,0.7157770991325378,0.0057184938341379,-0.0057374499738216,-0.0636411160230636,1.1012893915176392,-1.1461687088012695,0.2175233364105224,46.95760726928711,49.39657974243164,11.336444854736328,24238,31516,20502,32210,0.6958367231335448,cem_tuned_boundary,opp_m3_12000,0,0,12000,0,5.73871124581079,0.3476,0.0761563496883014,0.0111753307282924,-0.0158662684261798,-0.0231468435376882,0.7177340388298035,-0.000143556157127,-6.128767563495785e-05,-0.0038250598590821,0.0111753307282924,0.0011528093600645,32760.0,0.09895586967468262
seeded_ic_v1,19980020,-0.017431,-0.024454,-2.351529,10.232681,0.704866,0.30309238,adaptive_ramp_v1,18.0,0.08,10.345715284347534,landing_ramp,-0.0157541651278734,-0.0232846289873123,0.7157770991325378,0.0057184938341379,-0.0057374499738216,-0.0636411160230636,2.0662763118743896,-2.145507335662842,0.5242559313774109,50.19599151611328,52.95984649658203,16.711700439453125,24238,31516,20502,32210,0.6958232572521972,cem_tuned_boundary,opp_m3_12000,0,0,12000,0,5.73871124581079,0.3476,0.0761563496883014,0.0111753307282924,-0.0158662684261798,-0.0231468435376882,0.7177340388298035,-0.000143556157127,-6.128767563495785e-05,-0.0038250598590821,0.0111753307282924,0.0011528093600645,32760.0,0.09912419319152832
seeded_ic_v1,19980020,-0.017431,-0.024454,-2.351529,10.232681,0.704866,0.30309238,adaptive_ramp_v1,18.0,0.08,10.345764875411987,landing_ramp,-0.0157541651278734,-0.0232846289873123,0.7157770991325378,0.0057184938341379,-0.0057374499738216,-0.0636411160230636,2.0662763118743896,-2.145507335662842,0.5242559313774109,50.19599151611328,52.95984649658203,16.711700439453125,29196,27495,32927,28415,0.695819289967041,cem_tuned_boundary,opp_m3_12000,0,0,12000,0,5.73871124581079,0.3476,0.0761563496883014,0.0111753307282924,-0.0158662684261798,-0.0231468435376882,0.7177340388298035,-0.000143556157127,-6.128767563495785e-05,-0.0038250598590821,0.0111753307282924,0.0011528093600645,32760.0,0.09917378425598145
seeded_ic_v1,19980020,-0.017431,-0.024454,-2.351529,10.232681,0.704866,0.30309238,adaptive_ramp_v1,18.0,0.08,10.36676287651062,landing_ramp,-0.0156552847474813,-0.023382905870676,0.7148731350898743,0.0094046462327241,-0.0092062195762991,-0.0771189853549003,2.0662763118743896,-2.145507335662842,0.5242559313774109,50.19599151611328,52.95984649658203,16.711700439453125,29196,27495,32927,28415,0.6941394498791503,cem_tuned_boundary,opp_m3_12000,0,0,12000,0,5.73871124581079,0.3476,0.0761563496883014,0.0111753307282924,-0.0158662684261798,-0.0231468435376882,0.7177340388298035,-0.000143556157127,-6.128767563495785e-05,-0.0038250598590821,0.0111753307282924,0.0011528093600645,32760.0,0.12017178535461426
seeded_ic_v1,19980020,-0.017431,-0.024454,-2.351529,10.232681,0.704866,0.30309238,adaptive_ramp_v1,18.0,0.08,10.367239236831663,landing_ramp,-0.0156552847474813,-0.023382905870676,0.7148731350898743,0.0094046462327241,-0.0092062195762991,-0.0771189853549003,2.656381607055664,-2.7496981620788574,0.7399634718894958,60.83619689941406,65.125732421875,19.267505645751957,29196,27495,32927,28415,0.6941013410534668,cem_tuned_boundary,opp_m3_12000,0,0,12000,0,5.73871124581079,0.3476,0.0761563496883014,0.0111753307282924,-0.0158662684261798,-0.0231468435376882,0.7177340388298035,-0.000143556157127,-6.128767563495785e-05,-0.0038250598590821,0.0111753307282924,0.0011528093600645,32760.0,0.1206481456756574
seeded_ic_v1,19980020,-0.017431,-0.024454,-2.351529,10.232681,0.704866,0.30309238,adaptive_ramp_v1,18.0,0.08,10.367450714111328,landing_ramp,-0.0156552847474813,-0.023382905870676,0.7148731350898743,0.0094046462327241,-0.0092062195762991,-0.0771189853549003,2.656381607055664,-2.7496981620788574,0.7399634718894958,60.83619689941406,65.125732421875,19.267505645751957,29644,30713,26539,32169,0.6940844228710937,cem_tuned_boundary,opp_m3_12000,0,0,12000,0,5.73871124581079,0.3476,0.0761563496883014,0.0111753307282924,-0.0158662684261798,-0.0231468435376882,0.7177340388298035,-0.000143556157127,-6.128767563495785e-05,-0.0038250598590821,0.0111753307282924,0.0011528093600645,32760.0,0.12085962295532227
seeded_ic_v1,19980020,-0.017431,-0.024454,-2.351529,10.232681,0.704866,0.30309238,adaptive_ramp_v1,18.0,0.08,10.386703729629517,landing_ramp,-0.015130559913814,-0.023886801674962,0.7120051980018616,0.0254400428384542,-0.0241111982613801,-0.1052136495709419,2.656381607055664,-2.7496981620788574,0.7399634718894958,60.83619689941406,65.125732421875,19.267505645751957,29644,30713,26539,32169,0.6925441816296386,cem_tuned_boundary,opp_m3_12000,0,0,12000,0,5.73871124581079,0.3476,0.0761563496883014,0.0111753307282924,-0.0158662684261798,-0.0231468435376882,0.7177340388298035,-0.000143556157127,-6.128767563495785e-05,-0.0038250598590821,0.0111753307282924,0.0011528093600645,32760.0,0.14011263847351074
seeded_ic_v1,19980020,-0.017431,-0.024454,-2.351529,10.232681,0.704866,0.30309238,adaptive_ramp_v1,18.0,0.08,10.386957168579102,landing_ramp,-0.015130559913814,-0.023886801674962,0.7120051980018616,0.0254400428384542,-0.0241111982613801,-0.1052136495709419,4.497037410736084,-4.653926372528076,1.4505655765533447,56.74967193603516,64.22162628173828,20.955270767211918,29644,30713,26539,32169,0.6925239065136718,cem_tuned_boundary,opp_m3_12000,0,0,12000,0,5.73871124581079,0.3476,0.0761563496883014,0.0111753307282924,-0.0158662684261798,-0.0231468435376882,0.7177340388298035,-0.000143556157127,-6.128767563495785e-05,-0.0038250598590821,0.0111753307282924,0.0011528093600645,32760.0,0.1403660774230957
seeded_ic_v1,19980020,-0.017431,-0.024454,-2.351529,10.232681,0.704866,0.30309238,adaptive_ramp_v1,18.0,0.08,10.387090682983398,landing_ramp,-0.015130559913814,-0.023886801674962,0.7120051980018616,0.0254400428384542,-0.0241111982613801,-0.1052136495709419,4.497037410736084,-4.653926372528076,1.4505655765533447,56.74967193603516,64.22162628173828,20.955270767211918,32505,21601,27987,24221,0.6925132253613281,cem_tuned_boundary,opp_m3_12000,0,0,12000,0,5.73871124581079,0.3476,0.0761563496883014,0.0111753307282924,-0.0158662684261798,-0.0231468435376882,0.7177340388298035,-0.000143556157127,-6.128767563495785e-05,-0.0038250598590821,0.0111753307282924,0.0011528093600645,32760.0,0.14049959182739258
seeded_ic_v1,19980020,-0.017431,-0.024454,-2.351529,10.232681,0.704866,0.30309238,adaptive_ramp_v1,18.0,0.08,10.405905723571776,landing_ramp,-0.014807223342359,-0.0241927374154329,0.7107679843902588,0.0330489948391914,-0.0310724601149559,-0.1153904572129249,4.497037410736084,-4.653926372528076,1.4505655765533447,56.74967193603516,64.22162628173828,20.955270767211918,32505,21601,27987,24221,0.6910080221142577,cem_tuned_boundary,opp_m3_12000,0,0,12000,0,5.73871124581079,0.3476,0.0761563496883014,0.0111753307282924,-0.0158662684261798,-0.0231468435376882,0.7177340388298035,-0.000143556157127,-6.128767563495785e-05,-0.0038250598590821,0.0111753307282924,0.0011528093600645,32760.0,0.1593146324157697
seeded_ic_v1,19980020,-0.017431,-0.024454,-2.351529,10.232681,0.704866,0.30309238,adaptive_ramp_v1,18.0,0.08,10.40626311302185,landing_ramp,-0.014807223342359,-0.0241927374154329,0.7107679843902588,0.0330489948391914,-0.0310724601149559,-0.1153904572129249,5.067450046539307,-5.259994983673096,1.7146819829940796,44.25828552246094,53.2326774597168,21.85405731201172,32505,21601,27987,24221,0.6909794309582519,cem_tuned_boundary,opp_m3_12000,0,0,12000,0,5.73871124581079,0.3476,0.0761563496883014,0.0111753307282924,-0.0158662684261798,-0.0231468435376882,0.7177340388298035,-0.000143556157127,-6.128767563495785e-05,-0.0038250598590821,0.0111753307282924,0.0011528093600645,32760.0,0.15967202186584473
seeded_ic_v1,19980020,-0.017431,-0.024454,-2.351529,10.232681,0.704866,0.30309238,adaptive_ramp_v1,18.0,0.08,10.406411409378052,landing_ramp,-0.014807223342359,-0.0241927374154329,0.7107679843902588,0.0330489948391914,-0.0310724601149559,-0.1153904572129249,5.067450046539307,-5.259994983673096,1.7146819829940796,44.25828552246094,53.2326774597168,21.85405731201172,31556,29979,26877,32863,0.6909675672497558,cem_tuned_boundary,opp_m3_12000,0,0,12000,0,5.73871124581079,0.3476,0.0761563496883014,0.0111753307282924,-0.0158662684261798,-0.0231468435376882,0.7177340388298035,-0.000143556157127,-6.128767563495785e-05,-0.0038250598590821,0.0111753307282924,0.0011528093600645,32760.0,0.1598203182220459
seeded_ic_v1,19980020,-0.017431,-0.024454,-2.351529,10.232681,0.704866,0.30309238,adaptive_ramp_v1,18.0,0.08,10.426668643951416,landing_ramp,-0.0138448504731059,-0.0250916220247745,0.7078931331634521,0.0526103526353836,-0.0486293882131576,-0.1377645581960678,5.067450046539307,-5.259994983673096,1.7146819829940796,44.25828552246094,53.2326774597168,21.85405731201172,31556,29979,26877,32863,0.6893469884838866,cem_tuned_boundary,opp_m3_12000,0,0,12000,0,5.73871124581079,0.3476,0.0761563496883014,0.0111753307282924,-0.0158662684261798,-0.0231468435376882,0.7177340388298035,-0.000143556157127,-6.128767563495785e-05,-0.0038250598590821,0.0111753307282924,0.0011528093600645,32760.0,0.18007755279541016
seeded_ic_v1,19980020,-0.017431,-0.024454,-2.351529,10.232681,0.704866,0.30309238,adaptive_ramp_v1,18.0,0.08,10.42693543434143,landing_ramp,-0.0138448504731059,-0.0250916220247745,0.7078931331634521,0.0526103526353836,-0.0486293882131576,-0.1377645581960678,6.0963287353515625,-6.3731865882873535,2.309776782989502,28.826005935668945,39.20783996582031,22.04545021057129,31556,29979,26877,32863,0.6893256452526855,cem_tuned_boundary,opp_m3_12000,0,0,12000,0,5.73871124581079,0.3476,0.0761563496883014,0.0111753307282924,-0.0158662684261798,-0.0231468435376882,0.7177340388298035,-0.000143556157127,-6.128767563495785e-05,-0.0038250598590821,0.0111753307282924,0.0011528093600645,32760.0,0.1803443431854248
seeded_ic_v1,19980020,-0.017431,-0.024454,-2.351529,10.232681,0.704866,0.30309238,adaptive_ramp_v1,18.0,0.08,10.427040100097656,landing_ramp,-0.0138448504731059,-0.0250916220247745,0.7078931331634521,0.0526103526353836,-0.0486293882131576,-0.1377645581960678,6.0963287353515625,-6.3731865882873535,2.309776782989502,28.826005935668945,39.20783996582031,22.04545021057129,31576,29800,29096,33406,0.6893172719921874,cem_tuned_boundary,opp_m3_12000,0,0,12000,0,5.73871124581079,0.3476,0.0761563496883014,0.0111753307282924,-0.0158662684261798,-0.0231468435376882,0.7177340388298035,-0.000143556157127,-6.128767563495785e-05,-0.0038250598590821,0.0111753307282924,0.0011528093600645,32760.0,0.1804490089416504
seeded_ic_v1,19980020,-0.017431,-0.024454,-2.351529,10.232681,0.704866,0.30309238,adaptive_ramp_v1,18.0,0.08,10.446760654449465,adaptive_brake,-0.0125195626169443,-0.0263095516711473,0.7047839760780334,0.0740201845765113,-0.0673788711428642,-0.1588329523801803,6.0963287353515625,-6.3731865882873535,2.309776782989502,28.826005935668945,39.20783996582031,22.04545021057129,31576,29800,29096,33406,0.95,cem_tuned_boundary,opp_m3_12000,0,0,12000,0,5.73871124581079,0.3476,0.0761563496883014,0.0111753307282924,-0.0158662684261798,-0.0231468435376882,0.7177340388298035,-0.000143556157127,-6.128767563495785e-05,-0.0038250598590821,0.0111753307282924,0.0011528093600645,32760.0,0.2001695632934588
seeded_ic_v1,19980020,-0.017431,-0.024454,-2.351529,10.232681,0.704866,0.30309238,adaptive_ramp_v1,18.0,0.08,10.446960926055908,adaptive_brake,-0.0125195626169443,-0.0263095516711473,0.7047839760780334,0.0740201845765113,-0.0673788711428642,-0.1588329523801803,6.737685203552246,-7.105308532714844,2.839500188827514,16.782562255859375,28.864931106567383,21.557567596435547,31576,29800,29096,33406,0.95,cem_tuned_boundary,opp_m3_12000,0,0,12000,0,5.73871124581079,0.3476,0.0761563496883014,0.0111753307282924,-0.0158662684261798,-0.0231468435376882,0.7177340388298035,-0.000143556157127,-6.128767563495785e-05,-0.0038250598590821,0.0111753307282924,0.0011528093600645,32760.0,0.20036983489990234
seeded_ic_v1,19980020,-0.017431,-0.024454,-2.351529,10.232681,0.704866,0.30309238,adaptive_ramp_v1,18.0,0.08,10.447036027908323,adaptive_brake,-0.0125195626169443,-0.0263095516711473,0.7047839760780334,0.0740201845765113,-0.0673788711428642,-0.1588329523801803,6.737685203552246,-7.105308532714844,2.839500188827514,16.782562255859375,28.864931106567383,21.557567596435547,32484,29770,29218,34008,0.95,cem_tuned_boundary,opp_m3_12000,0,0,12000,0,5.73871124581079,0.3476,0.0761563496883014,0.0111753307282924,-0.0158662684261798,-0.0231468435376882,0.7177340388298035,-0.000143556157127,-6.128767563495785e-05,-0.0038250598590821,0.0111753307282924,0.0011528093600645,32760.0,0.20044493675231756
seeded_ic_v1,19980020,-0.017431,-0.024454,-2.351529,10.232681,0.704866,0.30309238,adaptive_ramp_v1,18.0,0.08,10.46684741973877,adaptive_brake,-0.0107591180130839,-0.0279031265527009,0.701353907585144,0.0979092717170715,-0.0877504125237464,-0.1779345870018005,6.737685203552246,-7.105308532714844,2.839500188827514,16.782562255859375,28.864931106567383,21.557567596435547,32484,29770,29218,34008,0.95,cem_tuned_boundary,opp_m3_12000,0,0,12000,0,5.73871124581079,0.3476,0.0761563496883014,0.0111753307282924,-0.0158662684261798,-0.0231468435376882,0.7177340388298035,-0.000143556157127,-6.128767563495785e-05,-0.0038250598590821,0.0111753307282924,0.0011528093600645,32760.0,0.22025632858276367
seeded_ic_v1,19980020,-0.017431,-0.024454,-2.351529,10.232681,0.704866,0.30309238,adaptive_ramp_v1,18.0,0.08,10.466989755630491,adaptive_brake,-0.0107591180130839,-0.0279031265527009,0.701353907585144,0.0979092717170715,-0.0877504125237464,-0.1779345870018005,7.133129119873047,-7.622653961181641,3.340481758117676,5.265718460083008,19.606616973876957,20.97332000732422,32484,29770,29218,34008,0.95,cem_tuned_boundary,opp_m3_12000,0,0,12000,0,5.73871124581079,0.3476,0.0761563496883014,0.0111753307282924,-0.0158662684261798,-0.0231468435376882,0.7177340388298035,-0.000143556157127,-6.128767563495785e-05,-0.0038250598590821,0.0111753307282924,0.0011528093600645,32760.0,0.22039866447448553
seeded_ic_v1,19980020,-0.017431,-0.024454,-2.351529,10.232681,0.704866,0.30309238,adaptive_ramp_v1,18.0,0.08,10.46706771850586,adaptive_brake,-0.0107591180130839,-0.0279031265527009,0.701353907585144,0.0979092717170715,-0.0877504125237464,-0.1779345870018005,7.133129119873047,-7.622653961181641,3.340481758117676,5.265718460083008,19.606616973876957,20.97332000732422,32505,28737,29287,33873,0.95,cem_tuned_boundary,opp_m3_12000,0,0,12000,0,5.73871124581079,0.3476,0.0761563496883014,0.0111753307282924,-0.0158662684261798,-0.0231468435376882,0.7177340388298035,-0.000143556157127,-6.128767563495785e-05,-0.0038250598590821,0.0111753307282924,0.0011528093600645,32760.0,0.22047662734985352
seeded_ic_v1,19980020,-0.017431,-0.024454,-2.351529,10.232681,0.704866,0.30309238,adaptive_ramp_v1,18.0,0.08,10.486881494522097,adaptive_brake,-0.0084830028936266,-0.0299303866922855,0.6975862383842468,0.1240267530083656,-0.109340526163578,-0.1939368695020675,7.133129119873047,-7.622653961181641,3.340481758117676,5.265718460083008,19.606616973876957,20.97332000732422,32505,28737,29287,33873,0.95,cem_tuned_boundary,opp_m3_12000,0,0,12000,0,5.73871124581079,0.3476,0.0761563496883014,0.0111753307282924,-0.0158662684261798,-0.0231468435376882,0.7177340388298035,-0.000143556157127,-6.128767563495785e-05,-0.0038250598590821,0.0111753307282924,0.0011528093600645,32760.0,0.24029040336609064
seeded_ic_v1,19980020,-0.017431,-0.024454,-2.351529,10.232681,0.704866,0.30309238,adaptive_ramp_v1,18.0,0.08,10.487229108810425,adaptive_brake,-0.0084830028936266,-0.0299303866922855,0.6975862383842468,0.1240267530083656,-0.109340526163578,-0.1939368695020675,7.298183441162109,-7.95582103729248,3.8094003200531006,-5.0077314376831055,11.270421981811523,20.16165542602539,32505,28737,29287,33873,0.95,cem_tuned_boundary,opp_m3_12000,0,0,12000,0,5.73871124581079,0.3476,0.0761563496883014,0.0111753307282924,-0.0158662684261798,-0.0231468435376882,0.7177340388298035,-0.000143556157127,-6.128767563495785e-05,-0.0038250598590821,0.0111753307282924,0.0011528093600645,32760.0,0.24063801765441895
seeded_ic_v1,19980020,-0.017431,-0.024454,-2.351529,10.232681,0.704866,0.30309238,adaptive_ramp_v1,18.0,0.08,10.487317085266112,adaptive_brake,-0.0084830028936266,-0.0299303866922855,0.6975862383842468,0.1240267530083656,-0.109340526163578,-0.1939368695020675,7.298183441162109,-7.95582103729248,3.8094003200531006,-5.0077314376831055,11.270421981811523,20.16165542602539,32505,27899,29597,33969,0.95,cem_tuned_boundary,opp_m3_12000,0,0,12000,0,5.73871124581079,0.3476,0.0761563496883014,0.0111753307282924,-0.0158662684261798,-0.0231468435376882,0.7177340388298035,-0.000143556157127,-6.128767563495785e-05,-0.0038250598590821,0.0111753307282924,0.0011528093600645,32760.0,0.24072599411010565
seeded_ic_v1,19980020,-0.017431,-0.024454,-2.351529,10.232681,0.704866,0.30309238,adaptive_ramp_v1,18.0,0.08,10.5067036151886,adaptive_brake,-0.0056579741649329,-0.032403364777565,0.6935316920280457,0.1515390276908874,-0.1312510371208191,-0.2083746045827865,7.298183441162109,-7.95582103729248,3.8094003200531006,-5.0077314376831055,11.270421981811523,20.16165542602539,32505,27899,29597,33969,0.95,cem_tuned_boundary,opp_m3_12000,0,0,12000,0,5.73871124581079,0.3476,0.0761563496883014,0.0111753307282924,-0.0158662684261798,-0.0231468435376882,0.7177340388298035,-0.000143556157127,-6.128767563495785e-05,-0.0038250598590821,0.0111753307282924,0.0011528093600645,32760.0,0.26011252403259455
seeded_ic_v1,19980020,-0.017431,-0.024454,-2.351529,10.232681,0.704866,0.30309238,adaptive_ramp_v1,18.0,0.08,10.506932735443115,adaptive_brake,-0.0056579741649329,-0.032403364777565,0.6935316920280457,0.1515390276908874,-0.1312510371208191,-0.2083746045827865,7.25351619720459,-8.124184608459473,4.241062641143799,-14.942249298095703,3.053178071975708,19.060007095336918,32505,27899,29597,33969,0.95,cem_tuned_boundary,opp_m3_12000,0,0,12000,0,5.73871124581079,0.3476,0.0761563496883014,0.0111753307282924,-0.0158662684261798,-0.0231468435376882,0.7177340388298035,-0.000143556157127,-6.128767563495785e-05,-0.0038250598590821,0.0111753307282924,0.0011528093600645,32760.0,0.2603416442871094
seeded_ic_v1,19980020,-0.017431,-0.024454,-2.351529,10.232681,0.704866,0.30309238,adaptive_ramp_v1,18.0,0.08,10.50700616836548,adaptive_brake,-0.0056579741649329,-0.032403364777565,0.6935316920280457,0.1515390276908874,-0.1312510371208191,-0.2083746045827865,7.25351619720459,-8.124184608459473,4.241062641143799,-14.942249298095703,3.053178071975708,19.060007095336918,32505,27263,30153,34301,0.95,cem_tuned_boundary,opp_m3_12000,0,0,12000,0,5.73871124581079,0.3476,0.0761563496883014,0.0111753307282924,-0.0158662684261798,-0.0231468435376882,0.7177340388298035,-0.000143556157127,-6.128767563495785e-05,-0.0038250598590821,0.0111753307282924,0.0011528093600645,32760.0,0.26041507720947443
seeded_ic_v1,19980020,-0.017431,-0.024454,-2.351529,10.232681,0.704866,0.30309238,adaptive_ramp_v1,18.0,0.08,10.526569366455078,adaptive_brake,-0.0022699192631989,-0.0353144407272338,0.6891998648643494,0.1795831769704818,-0.1526219695806503,-0.2229536771774292,7.25351619720459,-8.124184608459473,4.241062641143799,-14.942249298095703,3.053178071975708,19.060007095336918,32505,27263,30153,34301,0.95,cem_tuned_boundary,opp_m3_12000,0,0,12000,0,5.73871124581079,0.3476,0.0761563496883014,0.0111753307282924,-0.0158662684261798,-0.0231468435376882,0.7177340388298035,-0.000143556157127,-6.128767563495785e-05,-0.0038250598590821,0.0111753307282924,0.0011528093600645,32760.0,0.27997827529907227
seeded_ic_v1,19980020,-0.017431,-0.024454,-2.351529,10.232681,0.704866,0.30309238,adaptive_ramp_v1,18.0,0.08,10.526750802993774,adaptive_brake,-0.0022699192631989,-0.0353144407272338,0.6891998648643494,0.1795831769704818,-0.1526219695806503,-0.2229536771774292,7.006583213806152,-8.135037422180176,4.629978656768799,-23.59672164916992,-4.098824501037598,17.765024185180664,32505,27263,30153,34301,0.95,cem_tuned_boundary,opp_m3_12000,0,0,12000,0,5.73871124581079,0.3476,0.0761563496883014,0.0111753307282924,-0.0158662684261798,-0.0231468435376882,0.7177340388298035,-0.000143556157127,-6.128767563495785e-05,-0.0038250598590821,0.0111753307282924,0.0011528093600645,32760.0,0.28015971183776855
seeded_ic_v1,19980020,-0.017431,-0.024454,-2.351529,10.232681,0.704866,0.30309238,adaptive_ramp_v1,18.0,0.08,10.526805400848389,adaptive_brake,-0.0022699192631989,-0.0353144407272338,0.6891998648643494,0.1795831769704818,-0.1526219695806503,-0.2229536771774292,7.006583213806152,-8.135037422180176,4.629978656768799,-23.59672164916992,-4.098824501037598,17.765024185180664,32505,27201,31753,35375,0.95,cem_tuned_boundary,opp_m3_12000,0,0,12000,0,5.73871124581079,0.3476,0.0761563496883014,0.0111753307282924,-0.0158662684261798,-0.0231468435376882,0.7177340388298035,-0.000143556157127,-6.128767563495785e-05,-0.0038250598590821,0.0111753307282924,0.0011528093600645,32760.0,0.2802143096923828
seeded_ic_v1,19980020,-0.017431,-0.024454,-2.351529,10.232681,0.704866,0.30309238,adaptive_ramp_v1,18.0,0.08,10.546596050262451,adaptive_brake,0.0016819554148241,-0.038642294704914,0.6845967769622803,0.2077159434556961,-0.1729483306407928,-0.236683189868927,7.006583213806152,-8.135037422180176,4.629978656768799,-23.59672164916992,-4.098824501037598,17.765024185180664,32505,27201,31753,35375,0.95,cem_tuned_boundary,opp_m3_12000,0,0,12000,0,5.73871124581079,0.3476,0.0761563496883014,0.0111753307282924,-0.0158662684261798,-0.0231468435376882,0.7177340388298035,-0.000143556157127,-6.128767563495785e-05,-0.0038250598590821,0.0111753307282924,0.0011528093600645,32760.0,0.3000049591064453
seeded_ic_v1,19980020,-0.017431,-0.024454,-2.351529,10.232681,0.704866,0.30309238,adaptive_ramp_v1,18.0,0.08,10.5467529296875,adaptive_brake,0.0016819554148241,-0.038642294704914,0.6845967769622803,0.2077159434556961,-0.1729483306407928,-0.236683189868927,6.580646991729736,-8.008768081665039,4.975313663482666,-30.781381607055664,-10.61277961730957,16.304536819458008,32505,27201,31753,35375,0.95,cem_tuned_boundary,opp_m3_12000,0,0,12000,0,5.73871124581079,0.3476,0.0761563496883014,0.0111753307282924,-0.0158662684261798,-0.0231468435376882,0.7177340388298035,-0.000143556157127,-6.128767563495785e-05,-0.0038250598590821,0.0111753307282924,0.0011528093600645,32760.0,0.30016183853149414
seeded_ic_v1,19980020,-0.017431,-0.024454,-2.351529,10.232681,0.704866,0.30309238,adaptive_ramp_v1,18.0,0.08,10.546798706054688,adaptive_brake,0.0016819554148241,-0.038642294704914,0.6845967769622803,0.2077159434556961,-0.1729483306407928,-0.236683189868927,6.580646991729736,-8.008768081665039,4.975313663482666,-30.781381607055664,-10.61277961730957,16.304536819458008,32505,26367,31399,35407,0.95,cem_tuned_boundary,opp_m3_12000,0,0,12000,0,5.73871124581079,0.3476,0.0761563496883014,0.0111753307282924,-0.0158662684261798,-0.0231468435376882,0.7177340388298035,-0.000143556157127,-6.128767563495785e-05,-0.0038250598590821,0.0111753307282924,0.0011528093600645,32760.0,0.30020761489868164
seeded_ic_v1,19980020,-0.017431,-0.024454,-2.351529,10.232681,0.704866,0.30309238,adaptive_ramp_v1,18.0,0.08,10.566664218902588,adaptive_brake,0.0061886506155133,-0.0423550456762313,0.6797420382499695,0.2354251444339752,-0.1917102634906768,-0.2493893206119537,6.580646991729736,-8.008768081665039,4.975313663482666,-30.781381607055664,-10.61277961730957,16.304536819458008,32505,26367,31399,35407,0.95,cem_tuned_boundary,opp_m3_12000,0,0,12000,0,5.73871124581079,0.3476,0.0761563496883014,0.0111753307282924,-0.0158662684261798,-0.0231468435376882,0.7177340388298035,-0.000143556157127,-6.128767563495785e-05,-0.0038250598590821,0.0111753307282924,0.0011528093600645,32760.0,0.32007312774658203
seeded_ic_v1,19980020,-0.017431,-0.024454,-2.351529,10.232681,0.704866,0.30309238,adaptive_ramp_v1,18.0,0.08,10.56690549850464,adaptive_brake,0.0061886506155133,-0.0423550456762313,0.6797420382499695,0.2354251444339752,-0.1917102634906768,-0.2493893206119537,6.00672721862793,-7.761680603027344,5.278510570526123,-35.39034652709961,-15.149532318115234,14.872272491455078,32505,26367,31399,35407,0.95,cem_tuned_boundary,opp_m3_12000,0,0,12000,0,5.73871124581079,0.3476,0.0761563496883014,0.0111753307282924,-0.0158662684261798,-0.0231468435376882,0.7177340388298035,-0.000143556157127,-6.128767563495785e-05,-0.0038250598590821,0.0111753307282924,0.0011528093600645,32760.0,0.3203144073486346
seeded_ic_v1,19980020,-0.017431,-0.024454,-2.351529,10.232681,0.704866,0.30309238,adaptive_ramp_v1,18.0,0.08,10.566992282867432,adaptive_brake,0.0061886506155133,-0.0423550456762313,0.6797420382499695,0.2354251444339752,-0.1917102634906768,-0.2493893206119537,6.00672721862793,-7.761680603027344,5.278510570526123,-35.39034652709961,-15.149532318115234,14.872272491455078,32505,25751,31389,35705,0.95,cem_tuned_boundary,opp_m3_12000,0,0,12000,0,5.73871124581079,0.3476,0.0761563496883014,0.0111753307282924,-0.0158662684261798,-0.0231468435376882,0.7177340388298035,-0.000143556157127,-6.128767563495785e-05,-0.0038250598590821,0.0111753307282924,0.0011528093600645,32760.0,0.3204011917114258
seeded_ic_v1,19980020,-0.017431,-0.024454,-2.351529,10.232681,0.704866,0.30309238,adaptive_ramp_v1,18.0,0.08,10.586779832839966,adaptive_brake,0.0112330019474029,-0.0464123077690601,0.6746703386306763,0.262419044971466,-0.2085853368043899,-0.2597873508930206,6.00672721862793,-7.761680603027344,5.278510570526123,-35.39034652709961,-15.149532318115234,14.872272491455078,32505,25751,31389,35705,0.95,cem_tuned_boundary,opp_m3_12000,0,0,12000,0,5.73871124581079,0.3476,0.0761563496883014,0.0111753307282924,-0.0158662684261798,-0.0231468435376882,0.7177340388298035,-0.000143556157127,-6.128767563495785e-05,-0.0038250598590821,0.0111753307282924,0.0011528093600645,32760.0,0.34018874168395996
seeded_ic_v1,19980020,-0.017431,-0.024454,-2.351529,10.232681,0.704866,0.30309238,adaptive_ramp_v1,18.0,0.08,10.586935758590698,adaptive_brake,0.0112330019474029,-0.0464123077690601,0.6746703386306763,0.262419044971466,-0.2085853368043899,-0.2597873508930206,5.333540916442871,-7.429112911224365,5.545584678649902,-38.62627029418945,-19.281742095947266,13.260819435119627,32505,25751,31389,35705,0.95,cem_tuned_boundary,opp_m3_12000,0,0,12000,0,5.73871124581079,0.3476,0.0761563496883014,0.0111753307282924,-0.0158662684261798,-0.0231468435376882,0.7177340388298035,-0.000143556157127,-6.128767563495785e-05,-0.0038250598590821,0.0111753307282924,0.0011528093600645,32760.0,0.3403446674346924
seeded_ic_v1,19980020,-0.017431,-0.024454,-2.351529,10.232681,0.704866,0.30309238,adaptive_ramp_v1,18.0,0.08,10.58700680732727,adaptive_brake,0.0112330019474029,-0.0464123077690601,0.6746703386306763,0.262419044971466,-0.2085853368043899,-0.2597873508930206,5.333540916442871,-7.429112911224365,5.545584678649902,-38.62627029418945,-19.281742095947266,13.260819435119627,32505,25453,31623,36149,0.95,cem_tuned_boundary,opp_m3_12000,0,0,12000,0,5.73871124581079,0.3476,0.0761563496883014,0.0111753307282924,-0.0158662684261798,-0.0231468435376882,0.7177340388298035,-0.000143556157127,-6.128767563495785e-05,-0.0038250598590821,0.0111753307282924,0.0011528093600645,32760.0,0.34041571617126465
seeded_ic_v1,19980020,-0.017431,-0.024454,-2.351529,10.232681,0.704866,0.30309238,adaptive_ramp_v1,18.0,0.08,10.606806755065918,adaptive_brake,0.0167892202734947,-0.0507664158940315,0.6694181561470032,0.288156121969223,-0.2231699079275131,-0.2691107392311096,5.333540916442871,-7.429112911224365,5.545584678649902,-38.62627029418945,-19.281742095947266,13.260819435119627,32505,25453,31623,36149,0.95,cem_tuned_boundary,opp_m3_12000,0,0,12000,0,5.73871124581079,0.3476,0.0761563496883014,0.0111753307282924,-0.0158662684261798,-0.0231468435376882,0.7177340388298035,-0.000143556157127,-6.128767563495785e-05,-0.0038250598590821,0.0111753307282924,0.0011528093600645,32760.0,0.3602156639099121
seeded_ic_v1,19980020,-0.017431,-0.024454,-2.351529,10.232681,0.704866,0.30309238,adaptive_ramp_v1,18.0,0.08,10.606940269470217,adaptive_brake,0.0167892202734947,-0.0507664158940315,0.6694181561470032,0.288156121969223,-0.2231699079275131,-0.2691107392311096,4.589506149291992,-7.020199298858643,5.777450084686279,-41.23932647705078,-23.535907745361328,11.724855422973633,32505,25453,31623,36149,0.95,cem_tuned_boundary,opp_m3_12000,0,0,12000,0,5.73871124581079,0.3476,0.0761563496883014,0.0111753307282924,-0.0158662684261798,-0.0231468435376882,0.7177340388298035,-0.000143556157127,-6.128767563495785e-05,-0.0038250598590821,0.0111753307282924,0.0011528093600645,32760.0,0.36034917831421076
seeded_ic_v1,19980020,-0.017431,-0.024454,-2.351529,10.232681,0.704866,0.30309238,adaptive_ramp_v1,18.0,0.08,10.60697603225708,adaptive_brake,0.0167892202734947,-0.0507664158940315,0.6694181561470032,0.288156121969223,-0.2231699079275131,-0.2691107392311096,4.589506149291992,-7.020199298858643,5.777450084686279,-41.23932647705078,-23.535907745361328,11.724855422973633,32505,25277,32037,36647,0.95,cem_tuned_boundary,opp_m3_12000,0,0,12000,0,5.73871124581079,0.3476,0.0761563496883014,0.0111753307282924,-0.0158662684261798,-0.0231468435376882,0.7177340388298035,-0.000143556157127,-6.128767563495785e-05,-0.0038250598590821,0.0111753307282924,0.0011528093600645,32760.0,0.3603849411010742
seeded_ic_v1,19980020,-0.017431,-0.024454,-2.351529,10.232681,0.704866,0.30309238,adaptive_ramp_v1,18.0,0.08,10.625683784484863,adaptive_brake,0.0230837110430002,-0.0555642992258071,0.6637662649154663,0.3133113980293274,-0.2357147634029388,-0.2773821949958801,4.589506149291992,-7.020199298858643,5.777450084686279,-41.23932647705078,-23.535907745361328,11.724855422973633,32505,25277,32037,36647,0.95,cem_tuned_boundary,opp_m3_12000,0,0,12000,0,5.73871124581079,0.3476,0.0761563496883014,0.0111753307282924,-0.0158662684261798,-0.0231468435376882,0.7177340388298035,-0.000143556157127,-6.128767563495785e-05,-0.0038250598590821,0.0111753307282924,0.0011528093600645,32760.0,0.3790926933288574
seeded_ic_v1,19980020,-0.017431,-0.024454,-2.351529,10.232681,0.704866,0.30309238,adaptive_ramp_v1,18.0,0.08,10.62585425376892,adaptive_brake,0.0230837110430002,-0.0555642992258071,0.6637662649154663,0.3133113980293274,-0.2357147634029388,-0.2773821949958801,3.7472755908966064,-6.506376266479492,5.987327098846436,-42.96207046508789,-27.136871337890625,10.415653228759766,32505,25277,32037,36647,0.95,cem_tuned_boundary,opp_m3_12000,0,0,12000,0,5.73871124581079,0.3476,0.0761563496883014,0.0111753307282924,-0.0158662684261798,-0.0231468435376882,0.7177340388298035,-0.000143556157127,-6.128767563495785e-05,-0.0038250598590821,0.0111753307282924,0.0011528093600645,32760.0,0.37926316261291326
seeded_ic_v1,19980020,-0.017431,-0.024454,-2.351529,10.232681,0.704866,0.30309238,adaptive_ramp_v1,18.0,0.08,10.625957727432253,adaptive_brake,0.0230837110430002,-0.0555642992258071,0.6637662649154663,0.3133113980293274,-0.2357147634029388,-0.2773821949958801,3.7472755908966064,-6.506376266479492,5.987327098846436,-42.96207046508789,-27.136871337890625,10.415653228759766,32505,25953,33805,37655,0.95,cem_tuned_boundary,opp_m3_12000,0,0,12000,0,5.73871124581079,0.3476,0.0761563496883014,0.0111753307282924,-0.0158662684261798,-0.0231468435376882,0.7177340388298035,-0.000143556157127,-6.128767563495785e-05,-0.0038250598590821,0.0111753307282924,0.0011528093600645,32760.0,0.3793666362762469
seeded_ic_v1,19980020,-0.017431,-0.024454,-2.351529,10.232681,0.704866,0.30309238,adaptive_ramp_v1,18.0,0.08,10.645692586898804,adaptive_brake,0.0295294988900423,-0.0603271387517452,0.6582669615745544,0.3352927565574646,-0.2448991388082504,-0.2836221754550934,3.7472755908966064,-6.506376266479492,5.987327098846436,-42.96207046508789,-27.136871337890625,10.415653228759766,32505,25953,33805,37655,0.95,cem_tuned_boundary,opp_m3_12000,0,0,12000,0,5.73871124581079,0.3476,0.0761563496883014,0.0111753307282924,-0.0158662684261798,-0.0231468435376882,0.7177340388298035,-0.000143556157127,-6.128767563495785e-05,-0.0038250598590821,0.0111753307282924,0.0011528093600645,32760.0,0.39910149574279785
seeded_ic_v1,19980020,-0.017431,-0.024454,-2.351529,10.232681,0.704866,0.30309238,adaptive_ramp_v1,18.0,0.08,10.645955801010132,adaptive_brake,0.0295294988900423,-0.0603271387517452,0.6582669615745544,0.3352927565574646,-0.2448991388082504,-0.2836221754550934,2.903491497039795,-5.9428582191467285,6.160748958587647,-44.13851165771485,-30.950519561767575,9.066781997680664,32505,25953,33805,37655,0.95,cem_tuned_boundary,opp_m3_12000,0,0,12000,0,5.73871124581079,0.3476,0.0761563496883014,0.0111753307282924,-0.0158662684261798,-0.0231468435376882,0.7177340388298035,-0.000143556157127,-6.128767563495785e-05,-0.0038250598590821,0.0111753307282924,0.0011528093600645,32760.0,0.399364709854126
seeded_ic_v1,19980020,-0.017431,-0.024454,-2.351529,10.232681,0.704866,0.30309238,adaptive_ramp_v1,18.0,0.08,10.6460280418396,adaptive_brake,0.0295294988900423,-0.0603271387517452,0.6582669615745544,0.3352927565574646,-0.2448991388082504,-0.2836221754550934,2.903491497039795,-5.9428582191467285,6.160748958587647,-44.13851165771485,-30.950519561767575,9.066781997680664,32505,25653,33735,37925,0.95,cem_tuned_boundary,opp_m3_12000,0,0,12000,0,5.73871124581079,0.3476,0.0761563496883014,0.0111753307282924,-0.0158662684261798,-0.0231468435376882,0.7177340388298035,-0.000143556157127,-6.128767563495785e-05,-0.0038250598590821,0.0111753307282924,0.0011528093600645,32760.0,0.39943695068359375
seeded_ic_v1,19980020,-0.017431,-0.024454,-2.351529,10.232681,0.704866,0.30309238,adaptive_ramp_v1,18.0,0.08,10.665647983551024,adaptive_brake,0.0363673195242881,-0.0652196928858757,0.6526637673377991,0.3551116585731506,-0.2513370513916015,-0.288006067276001,2.903491497039795,-5.9428582191467285,6.160748958587647,-44.13851165771485,-30.950519561767575,9.066781997680664,32505,25653,33735,37925,0.95,cem_tuned_boundary,opp_m3_12000,0,0,12000,0,5.73871124581079,0.3476,0.0761563496883014,0.0111753307282924,-0.0158662684261798,-0.0231468435376882,0.7177340388298035,-0.000143556157127,-6.128767563495785e-05,-0.0038250598590821,0.0111753307282924,0.0011528093600645,32760.0,0.41905689239501775
seeded_ic_v1,19980020,-0.017431,-0.024454,-2.351529,10.232681,0.704866,0.30309238,adaptive_ramp_v1,18.0,0.08,10.665806293487549,adaptive_brake,0.0363673195242881,-0.0652196928858757,0.6526637673377991,0.3551116585731506,-0.2513370513916015,-0.288006067276001,2.03605580329895,-5.311087131500244,6.312585353851318,-44.00138092041016,-33.638999938964844,7.771779537200928,32505,25653,33735,37925,0.95,cem_tuned_boundary,opp_m3_12000,0,0,12000,0,5.73871124581079,0.3476,0.0761563496883014,0.0111753307282924,-0.0158662684261798,-0.0231468435376882,0.7177340388298035,-0.000143556157127,-6.128767563495785e-05,-0.0038250598590821,0.0111753307282924,0.0011528093600645,32760.0,0.41921520233154297
seeded_ic_v1,19980020,-0.017431,-0.024454,-2.351529,10.232681,0.704866,0.30309238,adaptive_ramp_v1,18.0,0.08,10.665886163711548,adaptive_brake,0.0363673195242881,-0.0652196928858757,0.6526637673377991,0.3551116585731506,-0.2513370513916015,-0.288006067276001,2.03605580329895,-5.311087131500244,6.312585353851318,-44.00138092041016,-33.638999938964844,7.771779537200928,32505,25685,34169,38351,0.95,cem_tuned_boundary,opp_m3_12000,0,0,12000,0,5.73871124581079,0.3476,0.0761563496883014,0.0111753307282924,-0.0158662684261798,-0.0231468435376882,0.7177340388298035,-0.000143556157127,-6.128767563495785e-05,-0.0038250598590821,0.0111753307282924,0.0011528093600645,32760.0,0.419295072555542
seeded_ic_v1,19980020,-0.017431,-0.024454,-2.351529,10.232681,0.704866,0.30309238,adaptive_ramp_v1,18.0,0.08,10.68680191040039,adaptive_brake,0.0438698604702949,-0.070393867790699,0.646758496761322,0.3730862438678741,-0.2549085021018982,-0.290379524230957,2.03605580329895,-5.311087131500244,6.312585353851318,-44.00138092041016,-33.638999938964844,7.771779537200928,32505,25685,34169,38351,0.95,cem_tuned_boundary,opp_m3_12000,0,0,12000,0,5.73871124581079,0.3476,0.0761563496883014,0.0111753307282924,-0.0158662684261798,-0.0231468435376882,0.7177340388298035,-0.000143556157127,-6.128767563495785e-05,-0.0038250598590821,0.0111753307282924,0.0011528093600645,32760.0,0.44021081924438477
seeded_ic_v1,19980020,-0.017431,-0.024454,-2.351529,10.232681,0.704866,0.30309238,adaptive_ramp_v1,18.0,0.08,10.687016487121582,adaptive_brake,0.0438698604702949,-0.070393867790699,0.646758496761322,0.3730862438678741,-0.2549085021018982,-0.290379524230957,1.1263984441757202,-4.595190525054932,6.453659534454346,-43.07648849487305,-35.892181396484375,6.528766632080078,32505,25685,34169,38351,0.95,cem_tuned_boundary,opp_m3_12000,0,0,12000,0,5.73871124581079,0.3476,0.0761563496883014,0.0111753307282924,-0.0158662684261798,-0.0231468435376882,0.7177340388298035,-0.000143556157127,-6.128767563495785e-05,-0.0038250598590821,0.0111753307282924,0.0011528093600645,32760.0,0.44042539596557617
seeded_ic_v1,19980020,-0.017431,-0.024454,-2.351529,10.232681,0.704866,0.30309238,adaptive_ramp_v1,18.0,0.08,10.687091588974,adaptive_brake,0.0438698604702949,-0.070393867790699,0.646758496761322,0.3730862438678741,-0.2549085021018982,-0.290379524230957,1.1263984441757202,-4.595190525054932,6.453659534454346,-43.07648849487305,-35.892181396484375,6.528766632080078,32505,25837,34699,38813,0.95,cem_tuned_boundary,opp_m3_12000,0,0,12000,0,5.73871124581079,0.3476,0.0761563496883014,0.0111753307282924,-0.0158662684261798,-0.0231468435376882,0.7177340388298035,-0.000143556157127,-6.128767563495785e-05,-0.0038250598590821,0.0111753307282924,0.0011528093600645,32760.0,0.44050049781799494
seeded_ic_v1,19980020,-0.017431,-0.024454,-2.351529,10.232681,0.704866,0.30309238,adaptive_ramp_v1,18.0,0.08,10.705904245376589,adaptive_brake,0.051294308155775,-0.0753436833620071,0.6411125063896179,0.3874364495277405,-0.2555082142353058,-0.291023850440979,1.1263984441757202,-4.595190525054932,6.453659534454346,-43.07648849487305,-35.892181396484375,6.528766632080078,32505,25837,34699,38813,0.95,cem_tuned_boundary,opp_m3_12000,0,0,12000,0,5.73871124581079,0.3476,0.0761563496883014,0.0111753307282924,-0.0158662684261798,-0.0231468435376882,0.7177340388298035,-0.000143556157127,-6.128767563495785e-05,-0.0038250598590821,0.0111753307282924,0.0011528093600645,32760.0,0.45931315422058283
seeded_ic_v1,19980020,-0.017431,-0.024454,-2.351529,10.232681,0.704866,0.30309238,adaptive_ramp_v1,18.0,0.08,10.70626187324524,adaptive_brake,0.051294308155775,-0.0753436833620071,0.6411125063896179,0.3874364495277405,-0.2555082142353058,-0.291023850440979,0.2779888808727264,-3.8710134029388423,6.57238245010376,-41.33245086669922,-37.48292541503906,5.418342113494873,32505,25837,34699,38813,0.95,cem_tuned_boundary,opp_m3_12000,0,0,12000,0,5.73871124581079,0.3476,0.0761563496883014,0.0111753307282924,-0.0158662684261798,-0.0231468435376882,0.7177340388298035,-0.000143556157127,-6.128767563495785e-05,-0.0038250598590821,0.0111753307282924,0.0011528093600645,32760.0,0.4596707820892334
seeded_ic_v1,19980020,-0.017431,-0.024454,-2.351529,10.232681,0.704866,0.30309238,adaptive_ramp_v1,18.0,0.08,10.706331968307495,adaptive_brake,0.051294308155775,-0.0753436833620071,0.6411125063896179,0.3874364495277405,-0.2555082142353058,-0.291023850440979,0.2779888808727264,-3.8710134029388423,6.57238245010376,-41.33245086669922,-37.48292541503906,5.418342113494873,32505,26053,35197,39159,0.95,cem_tuned_boundary,opp_m3_12000,0,0,12000,0,5.73871124581079,0.3476,0.0761563496883014,0.0111753307282924,-0.0158662684261798,-0.0231468435376882,0.7177340388298035,-0.000143556157127,-6.128767563495785e-05,-0.0038250598590821,0.0111753307282924,0.0011528093600645,32760.0,0.45974087715148926
seeded_ic_v1,19980020,-0.017431,-0.024454,-2.351529,10.232681,0.704866,0.30309238,adaptive_ramp_v1,18.0,0.08,10.726086139678957,adaptive_brake,0.0592908896505832,-0.0804574489593505,0.635226845741272,0.3992303907871246,-0.2530547082424164,-0.2897911965847015,0.2779888808727264,-3.8710134029388423,6.57238245010376,-41.33245086669922,-37.48292541503906,5.418342113494873,32505,26053,35197,39159,0.95,cem_tuned_boundary,opp_m3_12000,0,0,12000,0,5.73871124581079,0.3476,0.0761563496883014,0.0111753307282924,-0.0158662684261798,-0.0231468435376882,0.7177340388298035,-0.000143556157127,-6.128767563495785e-05,-0.0038250598590821,0.0111753307282924,0.0011528093600645,32760.0,0.479495048522951
seeded_ic_v1,19980020,-0.017431,-0.024454,-2.351529,10.232681,0.704866,0.30309238,adaptive_ramp_v1,18.0,0.08,10.726581811904907,adaptive_brake,0.0592908896505832,-0.0804574489593505,0.635226845741272,0.3992303907871246,-0.2530547082424164,-0.2897911965847015,-0.5721181035041809,-3.079339027404785,6.683525562286377,-38.73786544799805,-38.5843505859375,4.332001686096191,32505,26053,35197,39159,0.95,cem_tuned_boundary,opp_m3_12000,0,0,12000,0,5.73871124581079,0.3476,0.0761563496883014,0.0111753307282924,-0.0158662684261798,-0.0231468435376882,0.7177340388298035,-0.000143556157127,-6.128767563495785e-05,-0.0038250598590821,0.0111753307282924,0.0011528093600645,32760.0,0.47999072074890137
seeded_ic_v1,19980020,-0.017431,-0.024454,-2.351529,10.232681,0.704866,0.30309238,adaptive_ramp_v1,18.0,0.08,10.72688603401184,adaptive_brake,0.0592908896505832,-0.0804574489593505,0.635226845741272,0.3992303907871246,-0.2530547082424164,-0.2897911965847015,-0.5721181035041809,-3.079339027404785,6.683525562286377,-38.73786544799805,-38.5843505859375,4.332001686096191,32505,26395,35773,39469,0.95,cem_tuned_boundary,opp_m3_12000,0,0,12000,0,5.73871124581079,0.3476,0.0761563496883014,0.0111753307282924,-0.0158662684261798,-0.0231468435376882,0.7177340388298035,-0.000143556157127,-6.128767563495785e-05,-0.0038250598590821,0.0111753307282924,0.0011528093600645,32760.0,0.48029494285583496
seeded_ic_v1,19980020,-0.017431,-0.024454,-2.351529,10.232681,0.704866,0.30309238,adaptive_ramp_v1,18.0,0.08,10.746609449386597,adaptive_brake,0.0675867274403572,-0.0855383202433586,0.6292712092399597,0.4081953465938568,-0.2480797320604324,-0.2876056730747223,-0.5721181035041809,-3.079339027404785,6.683525562286377,-38.73786544799805,-38.5843505859375,4.332001686096191,32505,26395,35773,39469,0.95,cem_tuned_boundary,opp_m3_12000,0,0,12000,0,5.73871124581079,0.3476,0.0761563496883014,0.0111753307282924,-0.0158662684261798,-0.0231468435376882,0.7177340388298035,-0.000143556157127,-6.128767563495785e-05,-0.0038250598590821,0.0111753307282924,0.0011528093600645,32760.0,0.5000183582305908
seeded_ic_v1,19980020,-0.017431,-0.024454,-2.351529,10.232681,0.704866,0.30309238,adaptive_ramp_v1,18.0,0.08,10.746845483779907,adaptive_brake,0.0675867274403572,-0.0855383202433586,0.6292712092399597,0.4081953465938568,-0.2480797320604324,-0.2876056730747223,-1.3618087768554688,-2.2640340328216557,6.781799793243408,-35.0433349609375,-39.47086334228516,3.097855567932129,32505,26395,35773,39469,0.95,cem_tuned_boundary,opp_m3_12000,0,0,12000,0,5.73871124581079,0.3476,0.0761563496883014,0.0111753307282924,-0.0158662684261798,-0.0231468435376882,0.7177340388298035,-0.000143556157127,-6.128767563495785e-05,-0.0038250598590821,0.0111753307282924,0.0011528093600645,32760.0,0.5002543926239014
seeded_ic_v1,19980020,-0.017431,-0.024454,-2.351529,10.232681,0.704866,0.30309238,adaptive_ramp_v1,18.0,0.08,10.746914148330688,adaptive_brake,0.0675867274403572,-0.0855383202433586,0.6292712092399597,0.4081953465938568,-0.2480797320604324,-0.2876056730747223,-1.3618087768554688,-2.2640340328216557,6.781799793243408,-35.0433349609375,-39.47086334228516,3.097855567932129,32505,26857,36145,39515,0.95,cem_tuned_boundary,opp_m3_12000,0,0,12000,0,5.73871124581079,0.3476,0.0761563496883014,0.0111753307282924,-0.0158662684261798,-0.0231468435376882,0.7177340388298035,-0.000143556157127,-6.128767563495785e-05,-0.0038250598590821,0.0111753307282924,0.0011528093600645,32760.0,0.5003230571746826
seeded_ic_v1,19980020,-0.017431,-0.024454,-2.351529,10.232681,0.704866,0.30309238,adaptive_ramp_v1,18.0,0.08,10.76671576499939,adaptive_brake,0.0753703415393829,-0.0900851339101791,0.6238424777984619,0.4125473797321319,-0.2402640730142593,-0.2834373712539673,-1.3618087768554688,-2.2640340328216557,6.781799793243408,-35.0433349609375,-39.47086334228516,3.097855567932129,32505,26857,36145,39515,0.95,cem_tuned_boundary,opp_m3_12000,0,0,12000,0,5.73871124581079,0.3476,0.0761563496883014,0.0111753307282924,-0.0158662684261798,-0.0231468435376882,0.7177340388298035,-0.000143556157127,-6.128767563495785e-05,-0.0038250598590821,0.0111753307282924,0.0011528093600645,32760.0,0.5201246738433838
seeded_ic_v1,19980020,-0.017431,-0.024454,-2.351529,10.232681,0.704866,0.30309238,adaptive_ramp_v1,18.0,0.08,10.766854763031006,adaptive_brake,0.0753703415393829,-0.0900851339101791,0.6238424777984619,0.4125473797321319,-0.2402640730142593,-0.2834373712539673,-2.044894218444824,-1.4778196811676023,6.863383769989014,-31.153533935546875,-39.18024444580078,2.130396842956543,32505,26857,36145,39515,0.95,cem_tuned_boundary,opp_m3_12000,0,0,12000,0,5.73871124581079,0.3476,0.0761563496883014,0.0111753307282924,-0.0158662684261798,-0.0231468435376882,0.7177340388298035,-0.000143556157127,-6.128767563495785e-05,-0.0038250598590821,0.0111753307282924,0.0011528093600645,32760.0,0.520263671875
seeded_ic_v1,19980020,-0.017431,-0.024454,-2.351529,10.232681,0.704866,0.30309238,adaptive_ramp_v1,18.0,0.08,10.76694107055664,adaptive_brake,0.0753703415393829,-0.0900851339101791,0.6238424777984619,0.4125473797321319,-0.2402640730142593,-0.2834373712539673,-2.044894218444824,-1.4778196811676023,6.863383769989014,-31.153533935546875,-39.18024444580078,2.130396842956543,32505,27119,36349,39569,0.95,cem_tuned_boundary,opp_m3_12000,0,0,12000,0,5.73871124581079,0.3476,0.0761563496883014,0.0111753307282924,-0.0158662684261798,-0.0231468435376882,0.7177340388298035,-0.000143556157127,-6.128767563495785e-05,-0.0038250598590821,0.0111753307282924,0.0011528093600645,32760.0,0.5203499794006348
seeded_ic_v1,19980020,-0.017431,-0.024454,-2.351529,10.232681,0.704866,0.30309238,adaptive_ramp_v1,18.0,0.08,10.787105560302734,adaptive_brake,0.083197109401226,-0.0944451168179512,0.6184830665588379,0.4138535857200622,-0.2303687185049057,-0.2778644859790802,-2.044894218444824,-1.4778196811676023,6.863383769989014,-31.153533935546875,-39.18024444580078,2.130396842956543,32505,27119,36349,39569,0.95,cem_tuned_boundary,opp_m3_12000,0,0,12000,0,5.73871124581079,0.3476,0.0761563496883014,0.0111753307282924,-0.0158662684261798,-0.0231468435376882,0.7177340388298035,-0.000143556157127,-6.128767563495785e-05,-0.0038250598590821,0.0111753307282924,0.0011528093600645,32760.0,0.5405144691467285
seeded_ic_v1,19980020,-0.017431,-0.024454,-2.351529,10.232681,0.704866,0.30309238,adaptive_ramp_v1,18.0,0.08,10.787293910980225,adaptive_brake,0.083197109401226,-0.0944451168179512,0.6184830665588379,0.4138535857200622,-0.2303687185049057,-0.2778644859790802,-2.64713978767395,-0.6979102492332458,6.933978080749512,-26.71640396118164,-38.77491760253906,1.232312798500061,32505,27119,36349,39569,0.95,cem_tuned_boundary,opp_m3_12000,0,0,12000,0,5.73871124581079,0.3476,0.0761563496883014,0.0111753307282924,-0.0158662684261798,-0.0231468435376882,0.7177340388298035,-0.000143556157127,-6.128767563495785e-05,-0.0038250598590821,0.0111753307282924,0.0011528093600645,32760.0,0.5407028198242188
seeded_ic_v1,19980020,-0.017431,-0.024454,-2.351529,10.232681,0.704866,0.30309238,adaptive_ramp_v1,18.0,0.08,10.787405490875244,adaptive_brake,0.083197109401226,-0.0944451168179512,0.6184830665588379,0.4138535857200622,-0.2303687185049057,-0.2778644859790802,-2.64713978767395,-0.6979102492332458,6.933978080749512,-26.71640396118164,-38.77491760253906,1.232312798500061,32505,27719,36671,39399,0.95,cem_tuned_boundary,opp_m3_12000,0,0,12000,0,5.73871124581079,0.3476,0.0761563496883014,0.0111753307282924,-0.0158662684261798,-0.0231468435376882,0.7177340388298035,-0.000143556157127,-6.128767563495785e-05,-0.0038250598590821,0.0111753307282924,0.0011528093600645,32760.0,0.5408143997192383
seeded_ic_v1,19980020,-0.017431,-0.024454,-2.351529,10.232681,0.704866,0.30309238,adaptive_ramp_v1,18.0,0.08,10.806906461715698,adaptive_brake,0.09100391715765,-0.0985799804329872,0.6132217049598694,0.412118524312973,-0.2186819911003112,-0.2712260782718658,-2.64713978767395,-0.6979102492332458,6.933978080749512,-26.71640396118164,-38.77491760253906,1.232312798500061,32505,27719,36671,39399,0.95,cem_tuned_boundary,opp_m3_12000,0,0,12000,0,5.73871124581079,0.3476,0.0761563496883014,0.0111753307282924,-0.0158662684261798,-0.0231468435376882,0.7177340388298035,-0.000143556157127,-6.128767563495785e-05,-0.0038250598590821,0.0111753307282924,0.0011528093600645,32760.0,0.5603153705596924
seeded_ic_v1,19980020,-0.017431,-0.024454,-2.351529,10.232681,0.704866,0.30309238,adaptive_ramp_v1,18.0,0.08,10.807267427444458,adaptive_brake,0.09100391715765,-0.0985799804329872,0.6132217049598694,0.412118524312973,-0.2186819911003112,-0.2712260782718658,-3.160390615463257,0.0703577473759651,6.994073867797852,-22.17840385437012,-37.20694732666016,0.415253609418869,32505,27719,36671,39399,0.95,cem_tuned_boundary,opp_m3_12000,0,0,12000,0,5.73871124581079,0.3476,0.0761563496883014,0.0111753307282924,-0.0158662684261798,-0.0231468435376882,0.7177340388298035,-0.000143556157127,-6.128767563495785e-05,-0.0038250598590821,0.0111753307282924,0.0011528093600645,32760.0,0.5606763362884521
seeded_ic_v1,19980020,-0.017431,-0.024454,-2.351529,10.232681,0.704866,0.30309238,adaptive_ramp_v1,18.0,0.08,10.807358980178831,adaptive_brake,0.09100391715765,-0.0985799804329872,0.6132217049598694,0.412118524312973,-0.2186819911003112,-0.2712260782718658,-3.160390615463257,0.0703577473759651,6.994073867797852,-22.17840385437012,-37.20694732666016,0.415253609418869,32505,28143,36977,39353,0.95,cem_tuned_boundary,opp_m3_12000,0,0,12000,0,5.73871124581079,0.3476,0.0761563496883014,0.0111753307282924,-0.0158662684261798,-0.0231468435376882,0.7177340388298035,-0.000143556157127,-6.128767563495785e-05,-0.0038250598590821,0.0111753307282924,0.0011528093600645,32760.0,0.5607678890228254
seeded_ic_v1,19980020,-0.017431,-0.024454,-2.351529,10.232681,0.704866,0.30309238,adaptive_ramp_v1,18.0,0.08,10.82657551765442,adaptive_brake,0.0987292528152465,-0.1024578660726547,0.6080838441848755,0.4074041247367859,-0.2055009305477142,-0.2634914219379425,-3.160390615463257,0.0703577473759651,6.994073867797852,-22.17840385437012,-37.20694732666016,0.415253609418869,32505,28143,36977,39353,0.95,cem_tuned_boundary,opp_m3_12000,0,0,12000,0,5.73871124581079,0.3476,0.0761563496883014,0.0111753307282924,-0.0158662684261798,-0.0231468435376882,0.7177340388298035,-0.000143556157127,-6.128767563495785e-05,-0.0038250598590821,0.0111753307282924,0.0011528093600645,32760.0,0.5799844264984149
seeded_ic_v1,19980020,-0.017431,-0.024454,-2.351529,10.232681,0.704866,0.30309238,adaptive_ramp_v1,18.0,0.08,10.82672953605652,adaptive_brake,0.0987292528152465,-0.1024578660726547,0.6080838441848755,0.4074041247367859,-0.2055009305477142,-0.2634914219379425,-3.585005521774292,0.8004629611968994,7.042098522186279,-17.698163986206055,-34.24368667602539,-0.276722639799118,32505,28143,36977,39353,0.95,cem_tuned_boundary,opp_m3_12000,0,0,12000,0,5.73871124581079,0.3476,0.0761563496883014,0.0111753307282924,-0.0158662684261798,-0.0231468435376882,0.7177340388298035,-0.000143556157127,-6.128767563495785e-05,-0.0038250598590821,0.0111753307282924,0.0011528093600645,32760.0,0.5801384449005145
seeded_ic_v1,19980020,-0.017431,-0.024454,-2.351529,10.232681,0.704866,0.30309238,adaptive_ramp_v1,18.0,0.08,10.826812505722046,adaptive_brake,0.0987292528152465,-0.1024578660726547,0.6080838441848755,0.4074041247367859,-0.2055009305477142,-0.2634914219379425,-3.585005521774292,0.8004629611968994,7.042098522186279,-17.698163986206055,-34.24368667602539,-0.276722639799118,32505,28293,36783,39081,0.95,cem_tuned_boundary,opp_m3_12000,0,0,12000,0,5.73871124581079,0.3476,0.0761563496883014,0.0111753307282924,-0.0158662684261798,-0.0231468435376882,0.7177340388298035,-0.000143556157127,-6.128767563495785e-05,-0.0038250598590821,0.0111753307282924,0.0011528093600645,32760.0,0.58022141456604
seeded_ic_v1,19980020,-0.017431,-0.024454,-2.351529,10.232681,0.704866,0.30309238,adaptive_ramp_v1,18.0,0.08,10.846705436706545,adaptive_brake,0.1063145771622657,-0.1060537099838256,0.6030928492546082,0.3998839259147644,-0.1911297589540481,-0.2548777461051941,-3.585005521774292,0.8004629611968994,7.042098522186279,-17.698163986206055,-34.24368667602539,-0.276722639799118,32505,28293,36783,39081,0.95,cem_tuned_boundary,opp_m3_12000,0,0,12000,0,5.73871124581079,0.3476,0.0761563496883014,0.0111753307282924,-0.0158662684261798,-0.0231468435376882,0.7177340388298035,-0.000143556157127,-6.128767563495785e-05,-0.0038250598590821,0.0111753307282924,0.0011528093600645,32760.0,0.6001143455505389
seeded_ic_v1,19980020,-0.017431,-0.024454,-2.351529,10.232681,0.704866,0.30309238,adaptive_ramp_v1,18.0,0.08,10.846893787384031,adaptive_brake,0.1063145771622657,-0.1060537099838256,0.6030928492546082,0.3998839259147644,-0.1911297589540481,-0.2548777461051941,-3.919718980789185,1.470739722251892,7.077456951141357,-13.066119194030762,-31.07499313354492,-0.9863612055778505,32505,28293,36783,39081,0.95,cem_tuned_boundary,opp_m3_12000,0,0,12000,0,5.73871124581079,0.3476,0.0761563496883014,0.0111753307282924,-0.0158662684261798,-0.0231468435376882,0.7177340388298035,-0.000143556157127,-6.128767563495785e-05,-0.0038250598590821,0.0111753307282924,0.0011528093600645,32760.0,0.6003026962280256
seeded_ic_v1,19980020,-0.017431,-0.024454,-2.351529,10.232681,0.704866,0.30309238,adaptive_ramp_v1,18.0,0.08,10.847025394439695,adaptive_brake,0.1063145771622657,-0.1060537099838256,0.6030928492546082,0.3998839259147644,-0.1911297589540481,-0.2548777461051941,-3.919718980789185,1.470739722251892,7.077456951141357,-13.066119194030762,-31.07499313354492,-0.9863612055778505,32505,28647,36869,38905,0.95,cem_tuned_boundary,opp_m3_12000,0,0,12000,0,5.73871124581079,0.3476,0.0761563496883014,0.0111753307282924,-0.0158662684261798,-0.0231468435376882,0.7177340388298035,-0.000143556157127,-6.128767563495785e-05,-0.0038250598590821,0.0111753307282924,0.0011528093600645,32760.0,0.6004343032836896
seeded_ic_v1,19980020,-0.017431,-0.024454,-2.351529,10.232681,0.704866,0.30309238,adaptive_ramp_v1,18.0,0.08,10.866608381271362,adaptive_brake,0.113706387579441,-0.1093496605753898,0.5982597470283508,0.3898187577724457,-0.1759114116430282,-0.2460784316062927,-3.919718980789185,1.470739722251892,7.077456951141357,-13.066119194030762,-31.07499313354492,-0.9863612055778505,32505,28647,36869,38905,0.95,cem_tuned_boundary,opp_m3_12000,0,0,12000,0,5.73871124581079,0.3476,0.0761563496883014,0.0111753307282924,-0.0158662684261798,-0.0231468435376882,0.7177340388298035,-0.000143556157127,-6.128767563495785e-05,-0.0038250598590821,0.0111753307282924,0.0011528093600645,32760.0,0.6200172901153564
seeded_ic_v1,19980020,-0.017431,-0.024454,-2.351529,10.232681,0.704866,0.30309238,adaptive_ramp_v1,18.0,0.08,10.866759300231934,adaptive_brake,0.113706387579441,-0.1093496605753898,0.5982597470283508,0.3898187577724457,-0.1759114116430282,-0.2460784316062927,-4.166656017303467,2.0814852714538574,7.098695755004883,-8.796704292297363,-27.99907493591309,-1.579155206680298,32505,28647,36869,38905,0.95,cem_tuned_boundary,opp_m3_12000,0,0,12000,0,5.73871124581079,0.3476,0.0761563496883014,0.0111753307282924,-0.0158662684261798,-0.0231468435376882,0.7177340388298035,-0.000143556157127,-6.128767563495785e-05,-0.0038250598590821,0.0111753307282924,0.0011528093600645,32760.0,0.6201682090759277
seeded_ic_v1,19980020,-0.017431,-0.024454,-2.351529,10.232681,0.704866,0.30309238,adaptive_ramp_v1,18.0,0.08,10.866828441619871,adaptive_brake,0.113706387579441,-0.1093496605753898,0.5982597470283508,0.3898187577724457,-0.1759114116430282,-0.2460784316062927,-4.166656017303467,2.0814852714538574,7.098695755004883,-8.796704292297363,-27.99907493591309,-1.579155206680298,32505,28927,36781,38637,0.95,cem_tuned_boundary,opp_m3_12000,0,0,12000,0,5.73871124581079,0.3476,0.0761563496883014,0.0111753307282924,-0.0158662684261798,-0.0231468435376882,0.7177340388298035,-0.000143556157127,-6.128767563495785e-05,-0.0038250598590821,0.0111753307282924,0.0011528093600645,32760.0,0.6202373504638654
seeded_ic_v1,19980020,-0.017431,-0.024454,-2.351529,10.232681,0.704866,0.30309238,adaptive_ramp_v1,18.0,0.08,10.886833429336548,adaptive_brake,0.1208572089672088,-0.1123344674706459,0.5935914516448975,0.3774523437023163,-0.1601288914680481,-0.2368531823158264,-4.166656017303467,2.0814852714538574,7.098695755004883,-8.796704292297363,-27.99907493591309,-1.579155206680298,32505,28927,36781,38637,0.95,cem_tuned_boundary,opp_m3_12000,0,0,12000,0,5.73871124581079,0.3476,0.0761563496883014,0.0111753307282924,-0.0158662684261798,-0.0231468435376882,0.7177340388298035,-0.000143556157127,-6.128767563495785e-05,-0.0038250598590821,0.0111753307282924,0.0011528093600645,32760.0,0.640242338180542
seeded_ic_v1,19980020,-0.017431,-0.024454,-2.351529,10.232681,0.704866,0.30309238,adaptive_ramp_v1,18.0,0.08,10.886990547180176,adaptive_brake,0.1208572089672088,-0.1123344674706459,0.5935914516448975,0.3774523437023163,-0.1601288914680481,-0.2368531823158264,-4.32200813293457,2.627807378768921,7.105037689208984,-4.195397853851318,-24.76516342163086,-2.142484664916992,32505,28927,36781,38637,0.95,cem_tuned_boundary,opp_m3_12000,0,0,12000,0,5.73871124581079,0.3476,0.0761563496883014,0.0111753307282924,-0.0158662684261798,-0.0231468435376882,0.7177340388298035,-0.000143556157127,-6.128767563495785e-05,-0.0038250598590821,0.0111753307282924,0.0011528093600645,32760.0,0.6403994560241699
seeded_ic_v1,19980020,-0.017431,-0.024454,-2.351529,10.232681,0.704866,0.30309238,adaptive_ramp_v1,18.0,0.08,10.887070894241331,adaptive_brake,0.1208572089672088,-0.1123344674706459,0.5935914516448975,0.3774523437023163,-0.1601288914680481,-0.2368531823158264,-4.32200813293457,2.627807378768921,7.105037689208984,-4.195397853851318,-24.76516342163086,-2.142484664916992,32505,29421,37053,38543,0.95,cem_tuned_boundary,opp_m3_12000,0,0,12000,0,5.73871124581079,0.3476,0.0761563496883014,0.0111753307282924,-0.0158662684261798,-0.0231468435376882,0.7177340388298035,-0.000143556157127,-6.128767563495785e-05,-0.0038250598590821,0.0111753307282924,0.0011528093600645,32760.0,0.6404798030853254
seeded_ic_v1,19980020,-0.017431,-0.024454,-2.351529,10.232681,0.704866,0.30309238,adaptive_ramp_v1,18.0,0.08,10.90682291984558,adaptive_brake,0.127725601196289,-0.1150033697485923,0.5890936255455017,0.3630810678005218,-0.1441221088171005,-0.2275903970003128,-4.32200813293457,2.627807378768921,7.105037689208984,-4.195397853851318,-24.76516342163086,-2.142484664916992,32505,29421,37053,38543,0.95,cem_tuned_boundary,opp_m3_12000,0,0,12000,0,5.73871124581079,0.3476,0.0761563496883014,0.0111753307282924,-0.0158662684261798,-0.0231468435376882,0.7177340388298035,-0.000143556157127,-6.128767563495785e-05,-0.0038250598590821,0.0111753307282924,0.0011528093600645,32760.0,0.6602318286895734
seeded_ic_v1,19980020,-0.017431,-0.024454,-2.351529,10.232681,0.704866,0.30309238,adaptive_ramp_v1,18.0,0.08,10.906994342803957,adaptive_brake,0.127725601196289,-0.1150033697485923,0.5890936255455017,0.3630810678005218,-0.1441221088171005,-0.2275903970003128,-4.386349678039551,3.1113009452819824,7.09660530090332,-0.0610873997211456,-21.62917709350586,-2.6286137104034424,32505,29421,37053,38543,0.95,cem_tuned_boundary,opp_m3_12000,0,0,12000,0,5.73871124581079,0.3476,0.0761563496883014,0.0111753307282924,-0.0158662684261798,-0.0231468435376882,0.7177340388298035,-0.000143556157127,-6.128767563495785e-05,-0.0038250598590821,0.0111753307282924,0.0011528093600645,32760.0,0.660403251647951
seeded_ic_v1,19980020,-0.017431,-0.024454,-2.351529,10.232681,0.704866,0.30309238,adaptive_ramp_v1,18.0,0.08,10.907068014144896,adaptive_brake,0.127725601196289,-0.1150033697485923,0.5890936255455017,0.3630810678005218,-0.1441221088171005,-0.2275903970003128,-4.386349678039551,3.1113009452819824,7.09660530090332,-0.0610873997211456,-21.62917709350586,-2.6286137104034424,32505,29819,37069,38281,0.95,cem_tuned_boundary,opp_m3_12000,0,0,12000,0,5.73871124581079,0.3476,0.0761563496883014,0.0111753307282924,-0.0158662684261798,-0.0231468435376882,0.7177340388298035,-0.000143556157127,-6.128767563495785e-05,-0.0038250598590821,0.0111753307282924,0.0011528093600645,32760.0,0.6604769229888898
seeded_ic_v1,19980020,-0.017431,-0.024454,-2.351529,10.232681,0.704866,0.30309238,adaptive_ramp_v1,18.0,0.08,10.926713466644289,adaptive_brake,0.1342766731977462,-0.1173582673072815,0.5847667455673218,0.3469793796539306,-0.1281925290822982,-0.2183043658733368,-4.386349678039551,3.1113009452819824,7.09660530090332,-0.0610873997211456,-21.62917709350586,-2.6286137104034424,32505,29819,37069,38281,0.95,cem_tuned_boundary,opp_m3_12000,0,0,12000,0,5.73871124581079,0.3476,0.0761563496883014,0.0111753307282924,-0.0158662684261798,-0.0231468435376882,0.7177340388298035,-0.000143556157127,-6.128767563495785e-05,-0.0038250598590821,0.0111753307282924,0.0011528093600645,32760.0,0.680122375488283
seeded_ic_v1,19980020,-0.017431,-0.024454,-2.351529,10.232681,0.704866,0.30309238,adaptive_ramp_v1,18.0,0.08,10.926930665969849,adaptive_brake,0.1342766731977462,-0.1173582673072815,0.5847667455673218,0.3469793796539306,-0.1281925290822982,-0.2183043658733368,-4.369638442993164,3.5330634117126465,7.074368000030518,3.5964884757995605,-18.47865867614746,-3.01552963256836,32505,29819,37069,38281,0.95,cem_tuned_boundary,opp_m3_12000,0,0,12000,0,5.73871124581079,0.3476,0.0761563496883014,0.0111753307282924,-0.0158662684261798,-0.0231468435376882,0.7177340388298035,-0.000143556157127,-6.128767563495785e-05,-0.0038250598590821,0.0111753307282924,0.0011528093600645,32760.0,0.6803395748138428
seeded_ic_v1,19980020,-0.017431,-0.024454,-2.351529,10.232681,0.704866,0.30309238,adaptive_ramp_v1,18.0,0.08,10.926994562149048,adaptive_brake,0.1342766731977462,-0.1173582673072815,0.5847667455673218,0.3469793796539306,-0.1281925290822982,-0.2183043658733368,-4.369638442993164,3.5330634117126465,7.074368000030518,3.5964884757995605,-18.47865867614746,-3.01552963256836,32505,30101,36857,37911,0.95,cem_tuned_boundary,opp_m3_12000,0,0,12000,0,5.73871124581079,0.3476,0.0761563496883014,0.0111753307282924,-0.0158662684261798,-0.0231468435376882,0.7177340388298035,-0.000143556157127,-6.128767563495785e-05,-0.0038250598590821,0.0111753307282924,0.0011528093600645,32760.0,0.680403470993042
seeded_ic_v1,19980020,-0.017431,-0.024454,-2.351529,10.232681,0.704866,0.30309238,adaptive_ramp_v1,18.0,0.08,10.946735620498655,adaptive_brake,0.1404815465211868,-0.1194068267941474,0.580612063407898,0.3294134140014648,-0.1126019954681396,-0.2089176625013351,-4.369638442993164,3.5330634117126465,7.074368000030518,3.5964884757995605,-18.47865867614746,-3.01552963256836,32505,30101,36857,37911,0.95,cem_tuned_boundary,opp_m3_12000,0,0,12000,0,5.73871124581079,0.3476,0.0761563496883014,0.0111753307282924,-0.0158662684261798,-0.0231468435376882,0.7177340388298035,-0.000143556157127,-6.128767563495785e-05,-0.0038250598590821,0.0111753307282924,0.0011528093600645,32760.0,0.7001445293426496
seeded_ic_v1,19980020,-0.017431,-0.024454,-2.351529,10.232681,0.704866,0.30309238,adaptive_ramp_v1,18.0,0.08,10.946975708007812,adaptive_brake,0.1404815465211868,-0.1194068267941474,0.580612063407898,0.3294134140014648,-0.1126019954681396,-0.2089176625013351,-4.280518531799316,3.89229679107666,7.039605617523193,6.8530707359313965,-15.391074180603027,-3.3237996101379395,32505,30101,36857,37911,0.95,cem_tuned_boundary,opp_m3_12000,0,0,12000,0,5.73871124581079,0.3476,0.0761563496883014,0.0111753307282924,-0.0158662684261798,-0.0231468435376882,0.7177340388298035,-0.000143556157127,-6.128767563495785e-05,-0.0038250598590821,0.0111753307282924,0.0011528093600645,32760.0,0.7003846168518066
seeded_ic_v1,19980020,-0.017431,-0.024454,-2.351529,10.232681,0.704866,0.30309238,adaptive_ramp_v1,18.0,0.08,10.947058200836182,adaptive_brake,0.1404815465211868,-0.1194068267941474,0.580612063407898,0.3294134140014648,-0.1126019954681396,-0.2089176625013351,-4.280518531799316,3.89229679107666,7.039605617523193,6.8530707359313965,-15.391074180603027,-3.3237996101379395,32505,30421,36653,37511,0.95,cem_tuned_boundary,opp_m3_12000,0,0,12000,0,5.73871124581079,0.3476,0.0761563496883014,0.0111753307282924,-0.0158662684261798,-0.0231468435376882,0.7177340388298035,-0.000143556157127,-6.128767563495785e-05,-0.0038250598590821,0.0111753307282924,0.0011528093600645,32760.0,0.7004671096801758
seeded_ic_v1,19980020,-0.017431,-0.024454,-2.351529,10.232681,0.704866,0.30309238,adaptive_ramp_v1,18.0,0.08,10.96565079689026,adaptive_brake,0.146583616733551,-0.121243417263031,0.5764655470848083,0.309640496969223,-0.0968536213040351,-0.1989630758762359,-4.280518531799316,3.89229679107666,7.039605617523193,6.8530707359313965,-15.391074180603027,-3.3237996101379395,32505,30421,36653,37511,0.95,cem_tuned_boundary,opp_m3_12000,0,0,12000,0,5.73871124581079,0.3476,0.0761563496883014,0.0111753307282924,-0.0158662684261798,-0.0231468435376882,0.7177340388298035,-0.000143556157127,-6.128767563495785e-05,-0.0038250598590821,0.0111753307282924,0.0011528093600645,32760.0,0.7190597057342547
seeded_ic_v1,19980020,-0.017431,-0.024454,-2.351529,10.232681,0.704866,0.30309238,adaptive_ramp_v1,18.0,0.08,10.965805530548096,adaptive_brake,0.146583616733551,-0.121243417263031,0.5764655470848083,0.309640496969223,-0.0968536213040351,-0.1989630758762359,-4.116876602172852,4.204311370849609,6.991307735443115,9.765356063842772,-12.515439987182615,-3.5298094749450684,32505,30421,36653,37511,0.95,cem_tuned_boundary,opp_m3_12000,0,0,12000,0,5.73871124581079,0.3476,0.0761563496883014,0.0111753307282924,-0.0158662684261798,-0.0231468435376882,0.7177340388298035,-0.000143556157127,-6.128767563495785e-05,-0.0038250598590821,0.0111753307282924,0.0011528093600645,32760.0,0.7192144393920898
seeded_ic_v1,19980020,-0.017431,-0.024454,-2.351529,10.232681,0.704866,0.30309238,adaptive_ramp_v1,18.0,0.08,10.965876579284668,adaptive_brake,0.146583616733551,-0.121243417263031,0.5764655470848083,0.309640496969223,-0.0968536213040351,-0.1989630758762359,-4.116876602172852,4.204311370849609,6.991307735443115,9.765356063842772,-12.515439987182615,-3.5298094749450684,32505,30815,36577,37157,0.95,cem_tuned_boundary,opp_m3_12000,0,0,12000,0,5.73871124581079,0.3476,0.0761563496883014,0.0111753307282924,-0.0158662684261798,-0.0231468435376882,0.7177340388298035,-0.000143556157127,-6.128767563495785e-05,-0.0038250598590821,0.0111753307282924,0.0011528093600645,32760.0,0.7192854881286621
seeded_ic_v1,19980020,-0.017431,-0.024454,-2.351529,10.232681,0.704866,0.30309238,adaptive_ramp_v1,18.0,0.08,10.986948490142822,adaptive_brake,0.1522107571363449,-0.1227595582604408,0.5725474953651428,0.2886495888233185,-0.081912413239479,-0.1888581812381744,-4.116876602172852,4.204311370849609,6.991307735443115,9.765356063842772,-12.515439987182615,-3.5298094749450684,32505,30815,36577,37157,0.95,cem_tuned_boundary,opp_m3_12000,0,0,12000,0,5.73871124581079,0.3476,0.0761563496883014,0.0111753307282924,-0.0158662684261798,-0.0231468435376882,0.7177340388298035,-0.000143556157127,-6.128767563495785e-05,-0.0038250598590821,0.0111753307282924,0.0011528093600645,32760.0,0.7403573989868164
seeded_ic_v1,19980020,-0.017431,-0.024454,-2.351529,10.232681,0.704866,0.30309238,adaptive_ramp_v1,18.0,0.08,10.987097263336182,adaptive_brake,0.1522107571363449,-0.1227595582604408,0.5725474953651428,0.2886495888233185,-0.081912413239479,-0.1888581812381744,-3.8864552974700928,4.448398590087891,6.932769298553467,12.575935363769531,-9.20473861694336,-3.666919231414795,32505,30815,36577,37157,0.95,cem_tuned_boundary,opp_m3_12000,0,0,12000,0,5.73871124581079,0.3476,0.0761563496883014,0.0111753307282924,-0.0158662684261798,-0.0231468435376882,0.7177340388298035,-0.000143556157127,-6.128767563495785e-05,-0.0038250598590821,0.0111753307282924,0.0011528093600645,32760.0,0.7405061721801758
seeded_ic_v1,19980020,-0.017431,-0.024454,-2.351529,10.232681,0.704866,0.30309238,adaptive_ramp_v1,18.0,0.08,10.987183332443236,adaptive_brake,0.1522107571363449,-0.1227595582604408,0.5725474953651428,0.2886495888233185,-0.081912413239479,-0.1888581812381744,-3.8864552974700928,4.448398590087891,6.932769298553467,12.575935363769531,-9.20473861694336,-3.666919231414795,32505,30795,35727,36427,0.95,cem_tuned_boundary,opp_m3_12000,0,0,12000,0,5.73871124581079,0.3476,0.0761563496883014,0.0111753307282924,-0.0158662684261798,-0.0231468435376882,0.7177340388298035,-0.000143556157127,-6.128767563495785e-05,-0.0038250598590821,0.0111753307282924,0.0011528093600645,32760.0,0.7405922412872297
seeded_ic_v1,19980020,-0.017431,-0.024454,-2.351529,10.232681,0.704866,0.30309238,adaptive_ramp_v1,18.0,0.08,11.006706953048706,adaptive_brake,0.1571327596902847,-0.1239297240972518,0.5689924955368042,0.2679475247859955,-0.0687005594372749,-0.1798278987407684,-3.8864552974700928,4.448398590087891,6.932769298553467,12.575935363769531,-9.20473861694336,-3.666919231414795,32505,30795,35727,36427,0.95,cem_tuned_boundary,opp_m3_12000,0,0,12000,0,5.73871124581079,0.3476,0.0761563496883014,0.0111753307282924,-0.0158662684261798,-0.0231468435376882,0.7177340388298035,-0.000143556157127,-6.128767563495785e-05,-0.0038250598590821,0.0111753307282924,0.0011528093600645,32760.0,0.7601158618927002
seeded_ic_v1,19980020,-0.017431,-0.024454,-2.351529,10.232681,0.704866,0.30309238,adaptive_ramp_v1,18.0,0.08,11.007083892822266,adaptive_brake,0.1571327596902847,-0.1239297240972518,0.5689924955368042,0.2679475247859955,-0.0687005594372749,-0.1798278987407684,-3.619638919830322,4.621074676513672,6.869635581970215,13.979711532592772,-6.847747802734375,-3.735219717025757,32505,30795,35727,36427,0.95,cem_tuned_boundary,opp_m3_12000,0,0,12000,0,5.73871124581079,0.3476,0.0761563496883014,0.0111753307282924,-0.0158662684261798,-0.0231468435376882,0.7177340388298035,-0.000143556157127,-6.128767563495785e-05,-0.0038250598590821,0.0111753307282924,0.0011528093600645,32760.0,0.7604928016662598
seeded_ic_v1,19980020,-0.017431,-0.024454,-2.351529,10.232681,0.704866,0.30309238,adaptive_ramp_v1,18.0,0.08,11.007208824157717,adaptive_brake,0.1571327596902847,-0.1239297240972518,0.5689924955368042,0.2679475247859955,-0.0687005594372749,-0.1798278987407684,-3.619638919830322,4.621074676513672,6.869635581970215,13.979711532592772,-6.847747802734375,-3.735219717025757,32505,32639,35969,37625,0.95,cem_tuned_boundary,opp_m3_12000,0,0,12000,0,5.73871124581079,0.3476,0.0761563496883014,0.0111753307282924,-0.0158662684261798,-0.0231468435376882,0.7177340388298035,-0.000143556157127,-6.128767563495785e-05,-0.0038250598590821,0.0111753307282924,0.0011528093600645,32760.0,0.7606177330017108
seeded_ic_v1,19980020,-0.017431,-0.024454,-2.351529,10.232681,0.704866,0.30309238,adaptive_ramp_v1,18.0,0.08,11.026676893234251,adaptive_brake,0.1616677194833755,-0.1248797923326492,0.5655750632286072,0.2470127642154693,-0.0567025169730186,-0.1715958565473556,-3.619638919830322,4.621074676513672,6.869635581970215,13.979711532592772,-6.847747802734375,-3.735219717025757,32505,32639,35969,37625,0.95,cem_tuned_boundary,opp_m3_12000,0,0,12000,0,5.73871124581079,0.3476,0.0761563496883014,0.0111753307282924,-0.0158662684261798,-0.0231468435376882,0.7177340388298035,-0.000143556157127,-6.128767563495785e-05,-0.0038250598590821,0.0111753307282924,0.0011528093600645,32760.0,0.7800858020782453
seeded_ic_v1,19980020,-0.017431,-0.024454,-2.351529,10.232681,0.704866,0.30309238,adaptive_ramp_v1,18.0,0.08,11.026866912841797,adaptive_brake,0.1616677194833755,-0.1248797923326492,0.5655750632286072,0.2470127642154693,-0.0567025169730186,-0.1715958565473556,-3.327484369277954,4.746439933776856,6.801646709442139,15.153873443603516,-4.174166679382324,-3.720879316329956,32505,32639,35969,37625,0.95,cem_tuned_boundary,opp_m3_12000,0,0,12000,0,5.73871124581079,0.3476,0.0761563496883014,0.0111753307282924,-0.0158662684261798,-0.0231468435376882,0.7177340388298035,-0.000143556157127,-6.128767563495785e-05,-0.0038250598590821,0.0111753307282924,0.0011528093600645,32760.0,0.780275821685791
seeded_ic_v1,19980020,-0.017431,-0.024454,-2.351529,10.232681,0.704866,0.30309238,adaptive_ramp_v1,18.0,0.08,11.026916980743408,adaptive_brake,0.1616677194833755,-0.1248797923326492,0.5655750632286072,0.2470127642154693,-0.0567025169730186,-0.1715958565473556,-3.327484369277954,4.746439933776856,6.801646709442139,15.153873443603516,-4.174166679382324,-3.720879316329956,32505,31349,35599,35897,0.95,cem_tuned_boundary,opp_m3_12000,0,0,12000,0,5.73871124581079,0.3476,0.0761563496883014,0.0111753307282924,-0.0158662684261798,-0.0231468435376882,0.7177340388298035,-0.000143556157127,-6.128767563495785e-05,-0.0038250598590821,0.0111753307282924,0.0011528093600645,32760.0,0.7803258895874023
seeded_ic_v1,19980020,-0.017431,-0.024454,-2.351529,10.232681,0.704866,0.30309238,adaptive_ramp_v1,18.0,0.08,11.046741008758543,adaptive_brake,0.1658129841089248,-0.1256346702575683,0.562293529510498,0.2259597927331924,-0.0459398068487644,-0.1632708460092544,-3.327484369277954,4.746439933776856,6.801646709442139,15.153873443603516,-4.174166679382324,-3.720879316329956,32505,31349,35599,35897,0.95,cem_tuned_boundary,opp_m3_12000,0,0,12000,0,5.73871124581079,0.3476,0.0761563496883014,0.0111753307282924,-0.0158662684261798,-0.0231468435376882,0.7177340388298035,-0.000143556157127,-6.128767563495785e-05,-0.0038250598590821,0.0111753307282924,0.0011528093600645,32760.0,0.8001499176025373
seeded_ic_v1,19980020,-0.017431,-0.024454,-2.351529,10.232681,0.704866,0.30309238,adaptive_ramp_v1,18.0,0.08,11.046976327896118,adaptive_brake,0.1658129841089248,-0.1256346702575683,0.562293529510498,0.2259597927331924,-0.0459398068487644,-0.1632708460092544,-3.0104708671569824,4.813611507415772,6.730560779571533,16.325227737426758,-1.2453843355178833,-3.723137378692627,32505,31349,35599,35897,0.95,cem_tuned_boundary,opp_m3_12000,0,0,12000,0,5.73871124581079,0.3476,0.0761563496883014,0.0111753307282924,-0.0158662684261798,-0.0231468435376882,0.7177340388298035,-0.000143556157127,-6.128767563495785e-05,-0.0038250598590821,0.0111753307282924,0.0011528093600645,32760.0,0.8003852367401123
seeded_ic_v1,19980020,-0.017431,-0.024454,-2.351529,10.232681,0.704866,0.30309238,adaptive_ramp_v1,18.0,0.08,11.04705572128296,adaptive_brake,0.1658129841089248,-0.1256346702575683,0.562293529510498,0.2259597927331924,-0.0459398068487644,-0.1632708460092544,-3.0104708671569824,4.813611507415772,6.730560779571533,16.325227737426758,-1.2453843355178833,-3.723137378692627,32505,32995,35253,37021,0.95,cem_tuned_boundary,opp_m3_12000,0,0,12000,0,5.73871124581079,0.3476,0.0761563496883014,0.0111753307282924,-0.0158662684261798,-0.0231468435376882,0.7177340388298035,-0.000143556157127,-6.128767563495785e-05,-0.0038250598590821,0.0111753307282924,0.0011528093600645,32760.0,0.8004646301269549
seeded_ic_v1,19980020,-0.017431,-0.024454,-2.351529,10.232681,0.704866,0.30309238,adaptive_ramp_v1,18.0,0.08,11.065597295761108,adaptive_brake,0.1697639226913452,-0.1262541711330413,0.5590029954910278,0.2040902376174926,-0.0360801555216312,-0.1549011468887329,-3.0104708671569824,4.813611507415772,6.730560779571533,16.325227737426758,-1.2453843355178833,-3.723137378692627,32505,32995,35253,37021,0.95,cem_tuned_boundary,opp_m3_12000,0,0,12000,0,5.73871124581079,0.3476,0.0761563496883014,0.0111753307282924,-0.0158662684261798,-0.0231468435376882,0.7177340388298035,-0.000143556157127,-6.128767563495785e-05,-0.0038250598590821,0.0111753307282924,0.0011528093600645,32760.0,0.8190062046051025
seeded_ic_v1,19980020,-0.017431,-0.024454,-2.351529,10.232681,0.704866,0.30309238,adaptive_ramp_v1,18.0,0.08,11.065819501876833,adaptive_brake,0.1697639226913452,-0.1262541711330413,0.5590029954910278,0.2040902376174926,-0.0360801555216312,-0.1549011468887329,-2.6534266471862797,4.821671009063721,6.6538987159729,17.20524024963379,1.4797842502593994,-3.54401969909668,32505,32995,35253,37021,0.95,cem_tuned_boundary,opp_m3_12000,0,0,12000,0,5.73871124581079,0.3476,0.0761563496883014,0.0111753307282924,-0.0158662684261798,-0.0231468435376882,0.7177340388298035,-0.000143556157127,-6.128767563495785e-05,-0.0038250598590821,0.0111753307282924,0.0011528093600645,32760.0,0.819228410720827
seeded_ic_v1,19980020,-0.017431,-0.024454,-2.351529,10.232681,0.704866,0.30309238,adaptive_ramp_v1,18.0,0.08,11.065858364105225,adaptive_brake,0.1697639226913452,-0.1262541711330413,0.5590029954910278,0.2040902376174926,-0.0360801555216312,-0.1549011468887329,-2.6534266471862797,4.821671009063721,6.6538987159729,17.20524024963379,1.4797842502593994,-3.54401969909668,32505,33223,34855,36743,0.95,cem_tuned_boundary,opp_m3_12000,0,0,12000,0,5.73871124581079,0.3476,0.0761563496883014,0.0111753307282924,-0.0158662684261798,-0.0231468435376882,0.7177340388298035,-0.000143556157127,-6.128767563495785e-05,-0.0038250598590821,0.0111753307282924,0.0011528093600645,32760.0,0.8192672729492188
seeded_ic_v1,19980020,-0.017431,-0.024454,-2.351529,10.232681,0.704866,0.30309238,adaptive_ramp_v1,18.0,0.08,11.085934400558472,landing_ramp,0.1732429563999176,-0.1267365366220474,0.5559974312782288,0.1841668486595153,-0.028280321508646,-0.1475396156311035,-2.6534266471862797,4.821671009063721,6.6538987159729,17.20524024963379,1.4797842502593994,-3.54401969909668,32505,33223,34855,36743,0.6366057279553222,cem_tuned_boundary,opp_m3_12000,0,0,12000,0,5.73871124581079,0.3476,0.0761563496883014,0.0111753307282924,-0.0158662684261798,-0.0231468435376882,0.7177340388298035,-0.000143556157127,-6.128767563495785e-05,-0.0038250598590821,0.0111753307282924,0.0011528093600645,32760.0,0.8393433094024658
seeded_ic_v1,19980020,-0.017431,-0.024454,-2.351529,10.232681,0.704866,0.30309238,adaptive_ramp_v1,18.0,0.08,11.086188077926636,landing_ramp,0.1732429563999176,-0.1267365366220474,0.5559974312782288,0.1841668486595153,-0.028280321508646,-0.1475396156311035,-2.298307180404663,4.773714065551758,6.581728458404541,17.75394630432129,4.055321216583252,-3.403226852416992,32505,33223,34855,36743,0.6365854337658691,cem_tuned_boundary,opp_m3_12000,0,0,12000,0,5.73871124581079,0.3476,0.0761563496883014,0.0111753307282924,-0.0158662684261798,-0.0231468435376882,0.7177340388298035,-0.000143556157127,-6.128767563495785e-05,-0.0038250598590821,0.0111753307282924,0.0011528093600645,32760.0,0.8395969867706299
seeded_ic_v1,19980020,-0.017431,-0.024454,-2.351529,10.232681,0.704866,0.30309238,adaptive_ramp_v1,18.0,0.08,11.08626413345337,landing_ramp,0.1732429563999176,-0.1267365366220474,0.5559974312782288,0.1841668486595153,-0.028280321508646,-0.1475396156311035,-2.298307180404663,4.773714065551758,6.581728458404541,17.75394630432129,4.055321216583252,-3.403226852416992,32505,33141,34529,36183,0.6365793493237304,cem_tuned_boundary,opp_m3_12000,0,0,12000,0,5.73871124581079,0.3476,0.0761563496883014,0.0111753307282924,-0.0158662684261798,-0.0231468435376882,0.7177340388298035,-0.000143556157127,-6.128767563495785e-05,-0.0038250598590821,0.0111753307282924,0.0011528093600645,32760.0,0.8396730422973633
seeded_ic_v1,19980020,-0.017431,-0.024454,-2.351529,10.232681,0.704866,0.30309238,adaptive_ramp_v1,18.0,0.08,11.106058359146118,landing_ramp,0.1744995564222335,-0.1268125474452972,0.5545675754547119,0.1728269159793853,-0.0243585724383592,-0.1440691500902176,-2.298307180404663,4.773714065551758,6.581728458404541,17.75394630432129,4.055321216583252,-3.403226852416992,32505,33141,34529,36183,0.6349958112683105,cem_tuned_boundary,opp_m3_12000,0,0,12000,0,5.73871124581079,0.3476,0.0761563496883014,0.0111753307282924,-0.0158662684261798,-0.0231468435376882,0.7177340388298035,-0.000143556157127,-6.128767563495785e-05,-0.0038250598590821,0.0111753307282924,0.0011528093600645,32760.0,0.8594672679901123
seeded_ic_v1,19980020,-0.017431,-0.024454,-2.351529,10.232681,0.704866,0.30309238,adaptive_ramp_v1,18.0,0.08,11.106457710266112,landing_ramp,0.1744995564222335,-0.1268125474452972,0.5545675754547119,0.1728269159793853,-0.0243585724383592,-0.1440691500902176,-2.1173624992370605,4.729879856109619,6.546161651611328,17.844329833984375,6.412874698638916,-3.291741132736206,32505,33141,34529,36183,0.6349638631787109,cem_tuned_boundary,opp_m3_12000,0,0,12000,0,5.73871124581079,0.3476,0.0761563496883014,0.0111753307282924,-0.0158662684261798,-0.0231468435376882,0.7177340388298035,-0.000143556157127,-6.128767563495785e-05,-0.0038250598590821,0.0111753307282924,0.0011528093600645,32760.0,0.8598666191101056
seeded_ic_v1,19980020,-0.017431,-0.024454,-2.351529,10.232681,0.704866,0.30309238,adaptive_ramp_v1,18.0,0.08,11.106600522994995,landing_ramp,0.1744995564222335,-0.1268125474452972,0.5545675754547119,0.1728269159793853,-0.0243585724383592,-0.1440691500902176,-2.1173624992370605,4.729879856109619,6.546161651611328,17.844329833984375,6.412874698638916,-3.291741132736206,32505,31715,34563,34559,0.6349524381604004,cem_tuned_boundary,opp_m3_12000,0,0,12000,0,5.73871124581079,0.3476,0.0761563496883014,0.0111753307282924,-0.0158662684261798,-0.0231468435376882,0.7177340388298035,-0.000143556157127,-6.128767563495785e-05,-0.0038250598590821,0.0111753307282924,0.0011528093600645,32760.0,0.8600094318389893
seeded_ic_v1,19980020,-0.017431,-0.024454,-2.351529,10.232681,0.704866,0.30309238,adaptive_ramp_v1,18.0,0.08,11.125670909881592,landing_ramp,0.1787771731615066,-0.1272637546062469,0.5503748059272766,0.1448772400617599,-0.0163031909614801,-0.1357178688049316,-2.1173624992370605,4.729879856109619,6.546161651611328,17.844329833984375,6.412874698638916,-3.291741132736206,32505,31715,34563,34559,0.6334268072094726,cem_tuned_boundary,opp_m3_12000,0,0,12000,0,5.73871124581079,0.3476,0.0761563496883014,0.0111753307282924,-0.0158662684261798,-0.0231468435376882,0.7177340388298035,-0.000143556157127,-6.128767563495785e-05,-0.0038250598590821,0.0111753307282924,0.0011528093600645,32760.0,0.8790798187255859
seeded_ic_v1,19980020,-0.017431,-0.024454,-2.351529,10.232681,0.704866,0.30309238,adaptive_ramp_v1,18.0,0.08,11.125821590423584,landing_ramp,0.1787771731615066,-0.1272637546062469,0.5503748059272766,0.1448772400617599,-0.0163031909614801,-0.1357178688049316,-1.575299859046936,4.526538848876953,6.441400527954102,17.52762222290039,8.702116012573242,-3.178053379058838,32505,31715,34563,34559,0.6334147527661133,cem_tuned_boundary,opp_m3_12000,0,0,12000,0,5.73871124581079,0.3476,0.0761563496883014,0.0111753307282924,-0.0158662684261798,-0.0231468435376882,0.7177340388298035,-0.000143556157127,-6.128767563495785e-05,-0.0038250598590821,0.0111753307282924,0.0011528093600645,32760.0,0.8792304992675781
seeded_ic_v1,19980020,-0.017431,-0.024454,-2.351529,10.232681,0.704866,0.30309238,adaptive_ramp_v1,18.0,0.08,11.125895500183104,landing_ramp,0.1787771731615066,-0.1272637546062469,0.5503748059272766,0.1448772400617599,-0.0163031909614801,-0.1357178688049316,-1.575299859046936,4.526538848876953,6.441400527954102,17.52762222290039,8.702116012573242,-3.178053379058838,32505,33073,33751,35425,0.6334088399853515,cem_tuned_boundary,opp_m3_12000,0,0,12000,0,5.73871124581079,0.3476,0.0761563496883014,0.0111753307282924,-0.0158662684261798,-0.0231468435376882,0.7177340388298035,-0.000143556157127,-6.128767563495785e-05,-0.0038250598590821,0.0111753307282924,0.0011528093600645,32760.0,0.8793044090270978
seeded_ic_v1,19980020,-0.017431,-0.024454,-2.351529,10.232681,0.704866,0.30309238,adaptive_ramp_v1,18.0,0.08,11.145670413970947,landing_ramp,0.1810399740934372,-0.1274269074201584,0.5476776957511902,0.1266476213932037,-0.0123585807159543,-0.1314105838537216,-1.575299859046936,4.526538848876953,6.441400527954102,17.52762222290039,8.702116012573242,-3.178053379058838,32505,33073,33751,35425,0.6318268468823242,cem_tuned_boundary,opp_m3_12000,0,0,12000,0,5.73871124581079,0.3476,0.0761563496883014,0.0111753307282924,-0.0158662684261798,-0.0231468435376882,0.7177340388298035,-0.000143556157127,-6.128767563495785e-05,-0.0038250598590821,0.0111753307282924,0.0011528093600645,32760.0,0.8990793228149414
seeded_ic_v1,19980020,-0.017431,-0.024454,-2.351529,10.232681,0.704866,0.30309238,adaptive_ramp_v1,18.0,0.08,11.14579463005066,landing_ramp,0.1810399740934372,-0.1274269074201584,0.5476776957511902,0.1266476213932037,-0.0123585807159543,-0.1314105838537216,-1.2245904207229614,4.339506149291992,6.3737473487854,16.81301498413086,10.482707977294922,-3.1127099990844727,32505,33073,33751,35425,0.6318169095959472,cem_tuned_boundary,opp_m3_12000,0,0,12000,0,5.73871124581079,0.3476,0.0761563496883014,0.0111753307282924,-0.0158662684261798,-0.0231468435376882,0.7177340388298035,-0.000143556157127,-6.128767563495785e-05,-0.0038250598590821,0.0111753307282924,0.0011528093600645,32760.0,0.8992035388946533
seeded_ic_v1,19980020,-0.017431,-0.024454,-2.351529,10.232681,0.704866,0.30309238,adaptive_ramp_v1,18.0,0.08,11.145885467529297,landing_ramp,0.1810399740934372,-0.1274269074201584,0.5476776957511902,0.1266476213932037,-0.0123585807159543,-0.1314105838537216,-1.2245904207229614,4.339506149291992,6.3737473487854,16.81301498413086,10.482707977294922,-3.1127099990844727,32505,33039,33431,35091,0.6318096425976562,cem_tuned_boundary,opp_m3_12000,0,0,12000,0,5.73871124581079,0.3476,0.0761563496883014,0.0111753307282924,-0.0158662684261798,-0.0231468435376882,0.7177340388298035,-0.000143556157127,-6.128767563495785e-05,-0.0038250598590821,0.0111753307282924,0.0011528093600645,32760.0,0.899294376373291
seeded_ic_v1,19980020,-0.017431,-0.024454,-2.351529,10.232681,0.704866,0.30309238,adaptive_ramp_v1,18.0,0.08,11.165570974349976,landing_ramp,0.182992935180664,-0.1275558620691299,0.5450313687324524,0.1095347851514816,-0.0096832010895013,-0.128289133310318,-1.2245904207229614,4.339506149291992,6.3737473487854,16.81301498413086,10.482707977294922,-3.1127099990844727,32505,33039,33431,35091,0.6302348020520019,cem_tuned_boundary,opp_m3_12000,0,0,12000,0,5.73871124581079,0.3476,0.0761563496883014,0.0111753307282924,-0.0158662684261798,-0.0231468435376882,0.7177340388298035,-0.000143556157127,-6.128767563495785e-05,-0.0038250598590821,0.0111753307282924,0.0011528093600645,32760.0,0.9189798831939697
seeded_ic_v1,19980020,-0.017431,-0.024454,-2.351529,10.232681,0.704866,0.30309238,adaptive_ramp_v1,18.0,0.08,11.16577959060669,landing_ramp,0.182992935180664,-0.1275558620691299,0.5450313687324524,0.1095347851514816,-0.0096832010895013,-0.128289133310318,-0.8926584720611572,4.117319583892822,6.30777645111084,15.670905113220217,12.018803596496582,-3.0542144775390625,32505,33039,33431,35091,0.6302181127514648,cem_tuned_boundary,opp_m3_12000,0,0,12000,0,5.73871124581079,0.3476,0.0761563496883014,0.0111753307282924,-0.0158662684261798,-0.0231468435376882,0.7177340388298035,-0.000143556157127,-6.128767563495785e-05,-0.0038250598590821,0.0111753307282924,0.0011528093600645,32760.0,0.9191884994506836
seeded_ic_v1,19980020,-0.017431,-0.024454,-2.351529,10.232681,0.704866,0.30309238,adaptive_ramp_v1,18.0,0.08,11.165826559066772,landing_ramp,0.182992935180664,-0.1275558620691299,0.5450313687324524,0.1095347851514816,-0.0096832010895013,-0.128289133310318,-0.8926584720611572,4.117319583892822,6.30777645111084,15.670905113220217,12.018803596496582,-3.0542144775390625,32505,31769,33595,33661,0.6302143552746582,cem_tuned_boundary,opp_m3_12000,0,0,12000,0,5.73871124581079,0.3476,0.0761563496883014,0.0111753307282924,-0.0158662684261798,-0.0231468435376882,0.7177340388298035,-0.000143556157127,-6.128767563495785e-05,-0.0038250598590821,0.0111753307282924,0.0011528093600645,32760.0,0.9192354679107666
seeded_ic_v1,19980020,-0.017431,-0.024454,-2.351529,10.232681,0.704866,0.30309238,adaptive_ramp_v1,18.0,0.08,11.185839653015137,landing_ramp,0.1846585869789123,-0.1276728957891464,0.5424142479896545,0.0936312824487686,-0.0081726349890232,-0.1263822168111801,-0.8926584720611572,4.117319583892822,6.30777645111084,15.670905113220217,12.018803596496582,-3.0542144775390625,32505,31769,33595,33661,0.628613307758789,cem_tuned_boundary,opp_m3_12000,0,0,12000,0,5.73871124581079,0.3476,0.0761563496883014,0.0111753307282924,-0.0158662684261798,-0.0231468435376882,0.7177340388298035,-0.000143556157127,-6.128767563495785e-05,-0.0038250598590821,0.0111753307282924,0.0011528093600645,32760.0,0.9392485618591309
seeded_ic_v1,19980020,-0.017431,-0.024454,-2.351529,10.232681,0.704866,0.30309238,adaptive_ramp_v1,18.0,0.08,11.186012506484984,landing_ramp,0.1846585869789123,-0.1276728957891464,0.5424142479896545,0.0936312824487686,-0.0081726349890232,-0.1263822168111801,-0.5850998163223267,3.8670387268066406,6.242373943328857,14.388679504394531,13.2596435546875,-3.1127405166625977,32505,31769,33595,33661,0.6285994794812011,cem_tuned_boundary,opp_m3_12000,0,0,12000,0,5.73871124581079,0.3476,0.0761563496883014,0.0111753307282924,-0.0158662684261798,-0.0231468435376882,0.7177340388298035,-0.000143556157127,-6.128767563495785e-05,-0.0038250598590821,0.0111753307282924,0.0011528093600645,32760.0,0.9394214153289777
seeded_ic_v1,19980020,-0.017431,-0.024454,-2.351529,10.232681,0.704866,0.30309238,adaptive_ramp_v1,18.0,0.08,11.186056852340698,landing_ramp,0.1846585869789123,-0.1276728957891464,0.5424142479896545,0.0936312824487686,-0.0081726349890232,-0.1263822168111801,-0.5850998163223267,3.8670387268066406,6.242373943328857,14.388679504394531,13.2596435546875,-3.1127405166625977,32505,33299,33253,34725,0.6285959318127441,cem_tuned_boundary,opp_m3_12000,0,0,12000,0,5.73871124581079,0.3476,0.0761563496883014,0.0111753307282924,-0.0158662684261798,-0.0231468435376882,0.7177340388298035,-0.000143556157127,-6.128767563495785e-05,-0.0038250598590821,0.0111753307282924,0.0011528093600645,32760.0,0.9394657611846924
seeded_ic_v1,19980020,-0.017431,-0.024454,-2.351529,10.232681,0.704866,0.30309238,adaptive_ramp_v1,18.0,0.08,11.20563793182373,landing_ramp,0.1860607415437698,-0.1277978271245956,0.5398095846176147,0.0789695382118225,-0.0077091045677661,-0.1251782476902008,-0.5850998163223267,3.8670387268066406,6.242373943328857,14.388679504394531,13.2596435546875,-3.1127405166625977,32505,33299,33253,34725,0.6270294454541016,cem_tuned_boundary,opp_m3_12000,0,0,12000,0,5.73871124581079,0.3476,0.0761563496883014,0.0111753307282924,-0.0158662684261798,-0.0231468435376882,0.7177340388298035,-0.000143556157127,-6.128767563495785e-05,-0.0038250598590821,0.0111753307282924,0.0011528093600645,32760.0,0.9590468406677246
seeded_ic_v1,19980020,-0.017431,-0.024454,-2.351529,10.232681,0.704866,0.30309238,adaptive_ramp_v1,18.0,0.08,11.205895900726318,landing_ramp,0.1860607415437698,-0.1277978271245956,0.5398095846176147,0.0789695382118225,-0.0077091045677661,-0.1251782476902008,-0.3072257339954376,3.5922439098358154,6.1786065101623535,12.735774040222168,14.35475730895996,-3.0518951416015625,32505,33299,33253,34725,0.6270088079418945,cem_tuned_boundary,opp_m3_12000,0,0,12000,0,5.73871124581079,0.3476,0.0761563496883014,0.0111753307282924,-0.0158662684261798,-0.0231468435376882,0.7177340388298035,-0.000143556157127,-6.128767563495785e-05,-0.0038250598590821,0.0111753307282924,0.0011528093600645,32760.0,0.9593048095703125
seeded_ic_v1,19980020,-0.017431,-0.024454,-2.351529,10.232681,0.704866,0.30309238,adaptive_ramp_v1,18.0,0.08,11.205994367599487,landing_ramp,0.1860607415437698,-0.1277978271245956,0.5398095846176147,0.0789695382118225,-0.0077091045677661,-0.1251782476902008,-0.3072257339954376,3.5922439098358154,6.1786065101623535,12.735774040222168,14.35475730895996,-3.0518951416015625,32505,31803,33127,33303,0.627000930592041,cem_tuned_boundary,opp_m3_12000,0,0,12000,0,5.73871124581079,0.3476,0.0761563496883014,0.0111753307282924,-0.0158662684261798,-0.0231468435376882,0.7177340388298035,-0.000143556157127,-6.128767563495785e-05,-0.0038250598590821,0.0111753307282924,0.0011528093600645,32760.0,0.9594032764434814
seeded_ic_v1,19980020,-0.017431,-0.024454,-2.351529,10.232681,0.704866,0.30309238,adaptive_ramp_v1,18.0,0.08,11.225589752197266,landing_ramp,0.1872238218784332,-0.1279477328062057,0.5372063517570496,0.0656140148639679,-0.0081605119630694,-0.124863177537918,-0.3072257339954376,3.5922439098358154,6.1786065101623535,12.735774040222168,14.35475730895996,-3.0518951416015625,32505,31803,33127,33303,0.6254332998242187,cem_tuned_boundary,opp_m3_12000,0,0,12000,0,5.73871124581079,0.3476,0.0761563496883014,0.0111753307282924,-0.0158662684261798,-0.0231468435376882,0.7177340388298035,-0.000143556157127,-6.128767563495785e-05,-0.0038250598590821,0.0111753307282924,0.0011528093600645,32760.0,0.9789986610412598
seeded_ic_v1,19980020,-0.017431,-0.024454,-2.351529,10.232681,0.704866,0.30309238,adaptive_ramp_v1,18.0,0.08,11.225824356079102,landing_ramp,0.1872238218784332,-0.1279477328062057,0.5372063517570496,0.0656140148639679,-0.0081605119630694,-0.124863177537918,-0.0622854866087436,3.300567626953125,6.117093563079834,11.136578559875488,14.709924697875977,-2.990362882614136,32505,31803,33127,33303,0.6254145315136719,cem_tuned_boundary,opp_m3_12000,0,0,12000,0,5.73871124581079,0.3476,0.0761563496883014,0.0111753307282924,-0.0158662684261798,-0.0231468435376882,0.7177340388298035,-0.000143556157127,-6.128767563495785e-05,-0.0038250598590821,0.0111753307282924,0.0011528093600645,32760.0,0.9792332649230957
seeded_ic_v1,19980020,-0.017431,-0.024454,-2.351529,10.232681,0.704866,0.30309238,adaptive_ramp_v1,18.0,0.08,11.225870847702026,landing_ramp,0.1872238218784332,-0.1279477328062057,0.5372063517570496,0.0656140148639679,-0.0081605119630694,-0.124863177537918,-0.0622854866087436,3.300567626953125,6.117093563079834,11.136578559875488,14.709924697875977,-2.990362882614136,32505,33035,32659,34267,0.6254108121838379,cem_tuned_boundary,opp_m3_12000,0,0,12000,0,5.73871124581079,0.3476,0.0761563496883014,0.0111753307282924,-0.0158662684261798,-0.0231468435376882,0.7177340388298035,-0.000143556157127,-6.128767563495785e-05,-0.0038250598590821,0.0111753307282924,0.0011528093600645,32760.0,0.9792797565460205
seeded_ic_v1,19980020,-0.017431,-0.024454,-2.351529,10.232681,0.704866,0.30309238,adaptive_ramp_v1,18.0,0.08,11.2465717792511,landing_ramp,0.1882260739803314,-0.1281464248895645,0.5344641804695129,0.0530348755419254,-0.009460674598813,-0.1253246217966079,-0.0622854866087436,3.300567626953125,6.117093563079834,11.136578559875488,14.709924697875977,-2.990362882614136,32505,33035,32659,34267,0.6237547376599121,cem_tuned_boundary,opp_m3_12000,0,0,12000,0,5.73871124581079,0.3476,0.0761563496883014,0.0111753307282924,-0.0158662684261798,-0.0231468435376882,0.7177340388298035,-0.000143556157127,-6.128767563495785e-05,-0.0038250598590821,0.0111753307282924,0.0011528093600645,32760.0,0.9999806880950945
seeded_ic_v1,19980020,-0.017431,-0.024454,-2.351529,10.232681,0.704866,0.30309238,adaptive_ramp_v1,18.0,0.08,11.246798992156982,landing_ramp,0.1882260739803314,-0.1281464248895645,0.5344641804695129,0.0530348755419254,-0.009460674598813,-0.1253246217966079,0.1587699204683303,2.9928157329559326,6.055356979370117,9.358434677124023,14.634310722351074,-2.872993469238281,32505,33035,32659,34267,0.6237365606274413,cem_tuned_boundary,opp_m3_12000,0,0,12000,0,5.73871124581079,0.3476,0.0761563496883014,0.0111753307282924,-0.0158662684261798,-0.0231468435376882,0.7177340388298035,-0.000143556157127,-6.128767563495785e-05,-0.0038250598590821,0.0111753307282924,0.0011528093600645,32760.0,1.0002079010009766
seeded_ic_v1,19980020,-0.017431,-0.024454,-2.351529,10.232681,0.704866,0.30309238,adaptive_ramp_v1,18.0,0.08,11.246837854385376,landing_ramp,0.1882260739803314,-0.1281464248895645,0.5344641804695129,0.0530348755419254,-0.009460674598813,-0.1253246217966079,0.1587699204683303,2.9928157329559326,6.055356979370117,9.358434677124023,14.634310722351074,-2.872993469238281,32505,33115,32505,34165,0.6237334516491698,cem_tuned_boundary,opp_m3_12000,0,0,12000,0,5.73871124581079,0.3476,0.0761563496883014,0.0111753307282924,-0.0158662684261798,-0.0231468435376882,0.7177340388298035,-0.000143556157127,-6.128767563495785e-05,-0.0038250598590821,0.0111753307282924,0.0011528093600645,32760.0,1.0002467632293701
seeded_ic_v1,19980020,-0.017431,-0.024454,-2.351529,10.232681,0.704866,0.30309238,adaptive_ramp_v1,18.0,0.08,11.26665425300598,landing_ramp,0.1889632046222686,-0.1283861398696899,0.5318499803543091,0.0422620847821235,-0.0113653754815459,-0.1262685507535934,0.1587699204683303,2.9928157329559326,6.055356979370117,9.358434677124023,14.634310722351074,-2.872993469238281,32505,33115,32505,34165,0.6221481397595214,cem_tuned_boundary,opp_m3_12000,0,0,12000,0,5.73871124581079,0.3476,0.0761563496883014,0.0111753307282924,-0.0158662684261798,-0.0231468435376882,0.7177340388298035,-0.000143556157127,-6.128767563495785e-05,-0.0038250598590821,0.0111753307282924,0.0011528093600645,32760.0,1.0200631618499738
seeded_ic_v1,19980020,-0.017431,-0.024454,-2.351529,10.232681,0.704866,0.30309238,adaptive_ramp_v1,18.0,0.08,11.266781091690063,landing_ramp,0.1889632046222686,-0.1283861398696899,0.5318499803543091,0.0422620847821235,-0.0113653754815459,-0.1262685507535934,0.3360548019409179,2.6985135078430176,5.999191284179688,7.7925496101379395,14.88478660583496,-2.8686447143554688,32505,33115,32505,34165,0.6221379926647949,cem_tuned_boundary,opp_m3_12000,0,0,12000,0,5.73871124581079,0.3476,0.0761563496883014,0.0111753307282924,-0.0158662684261798,-0.0231468435376882,0.7177340388298035,-0.000143556157127,-6.128767563495785e-05,-0.0038250598590821,0.0111753307282924,0.0011528093600645,32760.0,1.0201900005340576
seeded_ic_v1,19980020,-0.017431,-0.024454,-2.351529,10.232681,0.704866,0.30309238,adaptive_ramp_v1,18.0,0.08,11.266833543777466,landing_ramp,0.1889632046222686,-0.1283861398696899,0.5318499803543091,0.0422620847821235,-0.0113653754815459,-0.1262685507535934,0.3360548019409179,2.6985135078430176,5.999191284179688,7.7925496101379395,14.88478660583496,-2.8686447143554688,32505,32923,32283,33859,0.6221337964978026,cem_tuned_boundary,opp_m3_12000,0,0,12000,0,5.73871124581079,0.3476,0.0761563496883014,0.0111753307282924,-0.0158662684261798,-0.0231468435376882,0.7177340388298035,-0.000143556157127,-6.128767563495785e-05,-0.0038250598590821,0.0111753307282924,0.0011528093600645,32760.0,1.02024245262146
seeded_ic_v1,19980020,-0.017431,-0.024454,-2.351529,10.232681,0.704866,0.30309238,adaptive_ramp_v1,18.0,0.08,11.286763429641724,landing_ramp,0.1895396113395691,-0.1286861896514892,0.5292003750801086,0.0327737480401992,-0.0137981940060853,-0.1278421431779861,0.3360548019409179,2.6985135078430176,5.999191284179688,7.7925496101379395,14.88478660583496,-2.8686447143554688,32505,32923,32283,33859,0.620539405628662,cem_tuned_boundary,opp_m3_12000,0,0,12000,0,5.73871124581079,0.3476,0.0761563496883014,0.0111753307282924,-0.0158662684261798,-0.0231468435376882,0.7177340388298035,-0.000143556157127,-6.128767563495785e-05,-0.0038250598590821,0.0111753307282924,0.0011528093600645,32760.0,1.0401723384857178
seeded_ic_v1,19980020,-0.017431,-0.024454,-2.351529,10.232681,0.704866,0.30309238,adaptive_ramp_v1,18.0,0.08,11.286909818649292,landing_ramp,0.1895396113395691,-0.1286861896514892,0.5292003750801086,0.0327737480401992,-0.0137981940060853,-0.1278421431779861,0.4822812378406524,2.39658522605896,5.943930149078369,6.244907379150391,15.315507888793944,-2.8807802200317383,32505,32923,32283,33859,0.6205276945080566,cem_tuned_boundary,opp_m3_12000,0,0,12000,0,5.73871124581079,0.3476,0.0761563496883014,0.0111753307282924,-0.0158662684261798,-0.0231468435376882,0.7177340388298035,-0.000143556157127,-6.128767563495785e-05,-0.0038250598590821,0.0111753307282924,0.0011528093600645,32760.0,1.0403187274932861
seeded_ic_v1,19980020,-0.017431,-0.024454,-2.351529,10.232681,0.704866,0.30309238,adaptive_ramp_v1,18.0,0.08,11.286976099014282,landing_ramp,0.1895396113395691,-0.1286861896514892,0.5292003750801086,0.0327737480401992,-0.0137981940060853,-0.1278421431779861,0.4822812378406524,2.39658522605896,5.943930149078369,6.244907379150391,15.315507888793944,-2.8807802200317383,32505,31819,32337,32641,0.6205223920788574,cem_tuned_boundary,opp_m3_12000,0,0,12000,0,5.73871124581079,0.3476,0.0761563496883014,0.0111753307282924,-0.0158662684261798,-0.0231468435376882,0.7177340388298035,-0.000143556157127,-6.128767563495785e-05,-0.0038250598590821,0.0111753307282924,0.0011528093600645,32760.0,1.0403850078582764
seeded_ic_v1,19980020,-0.017431,-0.024454,-2.351529,10.232681,0.704866,0.30309238,adaptive_ramp_v1,18.0,0.08,11.306856155395508,landing_ramp,0.1899784803390503,-0.1290528029203415,0.526501476764679,0.0245750341564416,-0.01663039624691,-0.1302731484174728,0.4822812378406524,2.39658522605896,5.943930149078369,6.244907379150391,15.315507888793944,-2.8807802200317383,32505,31819,32337,32641,0.6189319875683593,cem_tuned_boundary,opp_m3_12000,0,0,12000,0,5.73871124581079,0.3476,0.0761563496883014,0.0111753307282924,-0.0158662684261798,-0.0231468435376882,0.7177340388298035,-0.000143556157127,-6.128767563495785e-05,-0.0038250598590821,0.0111753307282924,0.0011528093600645,32760.0,1.060265064239502
seeded_ic_v1,19980020,-0.017431,-0.024454,-2.351529,10.232681,0.704866,0.30309238,adaptive_ramp_v1,18.0,0.08,11.3072350025177,landing_ramp,0.1899784803390503,-0.1290528029203415,0.526501476764679,0.0245750341564416,-0.01663039624691,-0.1302731484174728,0.5949550867080688,2.088112592697144,5.888998508453369,4.539966106414795,15.430076599121094,-2.868547201156616,32505,31819,32337,32641,0.6189016797985839,cem_tuned_boundary,opp_m3_12000,0,0,12000,0,5.73871124581079,0.3476,0.0761563496883014,0.0111753307282924,-0.0158662684261798,-0.0231468435376882,0.7177340388298035,-0.000143556157127,-6.128767563495785e-05,-0.0038250598590821,0.0111753307282924,0.0011528093600645,32760.0,1.0606439113616943
seeded_ic_v1,19980020,-0.017431,-0.024454,-2.351529,10.232681,0.704866,0.30309238,adaptive_ramp_v1,18.0,0.08,11.307336330413818,landing_ramp,0.1899784803390503,-0.1290528029203415,0.526501476764679,0.0245750341564416,-0.01663039624691,-0.1302731484174728,0.5949550867080688,2.088112592697144,5.888998508453369,4.539966106414795,15.430076599121094,-2.868547201156616,32505,32711,31871,33687,0.6188935735668945,cem_tuned_boundary,opp_m3_12000,0,0,12000,0,5.73871124581079,0.3476,0.0761563496883014,0.0111753307282924,-0.0158662684261798,-0.0231468435376882,0.7177340388298035,-0.000143556157127,-6.128767563495785e-05,-0.0038250598590821,0.0111753307282924,0.0011528093600645,32760.0,1.0607452392578125
seeded_ic_v1,19980020,-0.017431,-0.024454,-2.351529,10.232681,0.704866,0.30309238,adaptive_ramp_v1,18.0,0.08,11.325612306594849,landing_ramp,0.1901103258132934,-0.1292994022369384,0.525070309638977,0.0207800213247537,-0.01833151653409,-0.1319231539964676,0.5949550867080688,2.088112592697144,5.888998508453369,4.539966106414795,15.430076599121094,-2.868547201156616,32505,32711,31871,33687,0.617431495472412,cem_tuned_boundary,opp_m3_12000,0,0,12000,0,5.73871124581079,0.3476,0.0761563496883014,0.0111753307282924,-0.0158662684261798,-0.0231468435376882,0.7177340388298035,-0.000143556157127,-6.128767563495785e-05,-0.0038250598590821,0.0111753307282924,0.0011528093600645,32760.0,1.0790212154388428
seeded_ic_v1,19980020,-0.017431,-0.024454,-2.351529,10.232681,0.704866,0.30309238,adaptive_ramp_v1,18.0,0.08,11.325745820999146,landing_ramp,0.1901103258132934,-0.1292994022369384,0.525070309638977,0.0207800213247537,-0.01833151653409,-0.1319231539964676,0.6381033062934875,1.9338736534118648,5.862032413482666,2.901712656021118,15.1868314743042,-2.795412063598633,32505,32711,31871,33687,0.6174208143200683,cem_tuned_boundary,opp_m3_12000,0,0,12000,0,5.73871124581079,0.3476,0.0761563496883014,0.0111753307282924,-0.0158662684261798,-0.0231468435376882,0.7177340388298035,-0.000143556157127,-6.128767563495785e-05,-0.0038250598590821,0.0111753307282924,0.0011528093600645,32760.0,1.0791547298431396
seeded_ic_v1,19980020,-0.017431,-0.024454,-2.351529,10.232681,0.704866,0.30309238,adaptive_ramp_v1,18.0,0.08,11.32582712173462,landing_ramp,0.1901103258132934,-0.1292994022369384,0.525070309638977,0.0207800213247537,-0.01833151653409,-0.1319231539964676,0.6381033062934875,1.9338736534118648,5.862032413482666,2.901712656021118,15.1868314743042,-2.795412063598633,32505,31695,32211,32691,0.6174143102612304,cem_tuned_boundary,opp_m3_12000,0,0,12000,0,5.73871124581079,0.3476,0.0761563496883014,0.0111753307282924,-0.0158662684261798,-0.0231468435376882,0.7177340388298035,-0.000143556157127,-6.128767563495785e-05,-0.0038250598590821,0.0111753307282924,0.0011528093600645,32760.0,1.0792360305786133
seeded_ic_v1,19980020,-0.017431,-0.024454,-2.351529,10.232681,0.704866,0.30309238,adaptive_ramp_v1,18.0,0.08,11.346595764160156,landing_ramp,0.1904232800006866,-0.129814013838768,0.5220569372177124,0.0139051852747797,-0.0218121670186519,-0.1348365694284439,0.6381033062934875,1.9338736534118648,5.862032413482666,2.901712656021118,15.1868314743042,-2.795412063598633,32505,31695,32211,32691,0.6157528188671875,cem_tuned_boundary,opp_m3_12000,0,0,12000,0,5.73871124581079,0.3476,0.0761563496883014,0.0111753307282924,-0.0158662684261798,-0.0231468435376882,0.7177340388298035,-0.000143556157127,-6.128767563495785e-05,-0.0038250598590821,0.0111753307282924,0.0011528093600645,32760.0,1.1000046730041504
seeded_ic_v1,19980020,-0.017431,-0.024454,-2.351529,10.232681,0.704866,0.30309238,adaptive_ramp_v1,18.0,0.08,11.346742868423462,landing_ramp,0.1904232800006866,-0.129814013838768,0.5220569372177124,0.0139051852747797,-0.0218121670186519,-0.1348365694284439,0.7039639949798584,1.5992413759231567,5.804779052734375,1.7599804401397705,14.786134719848633,-2.683257579803467,32505,31695,32211,32691,0.6157410505261229,cem_tuned_boundary,opp_m3_12000,0,0,12000,0,5.73871124581079,0.3476,0.0761563496883014,0.0111753307282924,-0.0158662684261798,-0.0231468435376882,0.7177340388298035,-0.000143556157127,-6.128767563495785e-05,-0.0038250598590821,0.0111753307282924,0.0011528093600645,32760.0,1.100151777267456
seeded_ic_v1,19980020,-0.017431,-0.024454,-2.351529,10.232681,0.704866,0.30309238,adaptive_ramp_v1,18.0,0.08,11.346805334091188,landing_ramp,0.1904232800006866,-0.129814013838768,0.5220569372177124,0.0139051852747797,-0.0218121670186519,-0.1348365694284439,0.7039639949798584,1.5992413759231567,5.804779052734375,1.7599804401397705,14.786134719848633,-2.683257579803467,32505,31589,32079,32661,0.615736053272705,cem_tuned_boundary,opp_m3_12000,0,0,12000,0,5.73871124581079,0.3476,0.0761563496883014,0.0111753307282924,-0.0158662684261798,-0.0231468435376882,0.7177340388298035,-0.000143556157127,-6.128767563495785e-05,-0.0038250598590821,0.0111753307282924,0.0011528093600645,32760.0,1.1002142429351824
seeded_ic_v1,19980020,-0.017431,-0.024454,-2.351529,10.232681,0.704866,0.30309238,adaptive_ramp_v1,18.0,0.08,11.367162704467772,landing_ramp,0.1906144767999649,-0.1303602755069732,0.5192574858665466,0.0088951112702488,-0.02510024048388,-0.1376268416643142,0.7039639949798584,1.5992413759231567,5.804779052734375,1.7599804401397705,14.786134719848633,-2.683257579803467,32505,31589,32079,32661,0.6141074636425781,cem_tuned_boundary,opp_m3_12000,0,0,12000,0,5.73871124581079,0.3476,0.0761563496883014,0.0111753307282924,-0.0158662684261798,-0.0231468435376882,0.7177340388298035,-0.000143556157127,-6.128767563495785e-05,-0.0038250598590821,0.0111753307282924,0.0011528093600645,32760.0,1.1205716133117658
seeded_ic_v1,19980020,-0.017431,-0.024454,-2.351529,10.232681,0.704866,0.30309238,adaptive_ramp_v1,18.0,0.08,11.367436170578005,landing_ramp,0.1906144767999649,-0.1303602755069732,0.5192574858665466,0.0088951112702488,-0.02510024048388,-0.1376268416643142,0.7409366369247437,1.3029954433441162,5.754818916320801,1.2975245714187622,14.320012092590332,-2.535805940628052,32505,31589,32079,32661,0.6140855863537598,cem_tuned_boundary,opp_m3_12000,0,0,12000,0,5.73871124581079,0.3476,0.0761563496883014,0.0111753307282924,-0.0158662684261798,-0.0231468435376882,0.7177340388298035,-0.000143556157127,-6.128767563495785e-05,-0.0038250598590821,0.0111753307282924,0.0011528093600645,32760.0,1.1208450794219988
seeded_ic_v1,19980020,-0.017431,-0.024454,-2.351529,10.232681,0.704866,0.30309238,adaptive_ramp_v1,18.0,0.08,11.36758303642273,landing_ramp,0.1906144767999649,-0.1303602755069732,0.5192574858665466,0.0088951112702488,-0.02510024048388,-0.1376268416643142,0.7409366369247437,1.3029954433441162,5.754818916320801,1.2975245714187622,14.320012092590332,-2.535805940628052,32505,31479,31869,32529,0.6140738370861816,cem_tuned_boundary,opp_m3_12000,0,0,12000,0,5.73871124581079,0.3476,0.0761563496883014,0.0111753307282924,-0.0158662684261798,-0.0231468435376882,0.7177340388298035,-0.000143556157127,-6.128767563495785e-05,-0.0038250598590821,0.0111753307282924,0.0011528093600645,32760.0,1.1209919452667236
seeded_ic_v1,19980020,-0.017431,-0.024454,-2.351529,10.232681,0.704866,0.30309238,adaptive_ramp_v1,18.0,0.08,11.386761903762816,landing_ramp,0.1907474249601364,-0.1309754997491836,0.5163956880569458,0.0050299479626119,-0.0284122601151466,-0.1404896825551986,0.7409366369247437,1.3029954433441162,5.754818916320801,1.2975245714187622,14.320012092590332,-2.535805940628052,32505,31479,31869,32529,0.6125395276989746,cem_tuned_boundary,opp_m3_12000,0,0,12000,0,5.73871124581079,0.3476,0.0761563496883014,0.0111753307282924,-0.0158662684261798,-0.0231468435376882,0.7177340388298035,-0.000143556157127,-6.128767563495785e-05,-0.0038250598590821,0.0111753307282924,0.0011528093600645,32760.0,1.1401708126068097
seeded_ic_v1,19980020,-0.017431,-0.024454,-2.351529,10.232681,0.704866,0.30309238,adaptive_ramp_v1,18.0,0.08,11.386926412582396,landing_ramp,0.1907474249601364,-0.1309754997491836,0.5163956880569458,0.0050299479626119,-0.0284122601151466,-0.1404896825551986,0.7676234841346741,1.0165460109710691,5.707874774932861,0.8737736344337463,13.61504077911377,-2.401679277420044,32505,31479,31869,32529,0.6125263669934081,cem_tuned_boundary,opp_m3_12000,0,0,12000,0,5.73871124581079,0.3476,0.0761563496883014,0.0111753307282924,-0.0158662684261798,-0.0231468435376882,0.7177340388298035,-0.000143556157127,-6.128767563495785e-05,-0.0038250598590821,0.0111753307282924,0.0011528093600645,32760.0,1.1403353214263898
seeded_ic_v1,19980020,-0.017431,-0.024454,-2.351529,10.232681,0.704866,0.30309238,adaptive_ramp_v1,18.0,0.08,11.387011289596558,landing_ramp,0.1907474249601364,-0.1309754997491836,0.5163956880569458,0.0050299479626119,-0.0284122601151466,-0.1404896825551986,0.7676234841346741,1.0165460109710691,5.707874774932861,0.8737736344337463,13.61504077911377,-2.401679277420044,32505,31323,31717,32505,0.6125195768322753,cem_tuned_boundary,opp_m3_12000,0,0,12000,0,5.73871124581079,0.3476,0.0761563496883014,0.0111753307282924,-0.0158662684261798,-0.0231468435376882,0.7177340388298035,-0.000143556157127,-6.128767563495785e-05,-0.0038250598590821,0.0111753307282924,0.0011528093600645,32760.0,1.1404201984405518
seeded_ic_v1,19980020,-0.017431,-0.024454,-2.351529,10.232681,0.704866,0.30309238,adaptive_ramp_v1,18.0,0.08,11.406689882278442,landing_ramp,0.1908410191535949,-0.1316574513912201,0.5134680271148682,0.0022569943685084,-0.0317052491009235,-0.1437991559505462,0.7676234841346741,1.0165460109710691,5.707874774932861,0.8737736344337463,13.61504077911377,-2.401679277420044,32505,31323,31717,32505,0.6109452894177245,cem_tuned_boundary,opp_m3_12000,0,0,12000,0,5.73871124581079,0.3476,0.0761563496883014,0.0111753307282924,-0.0158662684261798,-0.0231468435376882,0.7177340388298035,-0.000143556157127,-6.128767563495785e-05,-0.0038250598590821,0.0111753307282924,0.0011528093600645,32760.0,1.1600987911224365
seeded_ic_v1,19980020,-0.017431,-0.024454,-2.351529,10.232681,0.704866,0.30309238,adaptive_ramp_v1,18.0,0.08,11.40695023536682,landing_ramp,0.1908410191535949,-0.1316574513912201,0.5134680271148682,0.0022569943685084,-0.0317052491009235,-0.1437991559505462,0.7856557965278625,0.7444116473197937,5.66351842880249,0.4372128546237945,12.607976913452148,-2.269747495651245,32505,31323,31717,32505,0.6109244611706542,cem_tuned_boundary,opp_m3_12000,0,0,12000,0,5.73871124581079,0.3476,0.0761563496883014,0.0111753307282924,-0.0158662684261798,-0.0231468435376882,0.7177340388298035,-0.000143556157127,-6.128767563495785e-05,-0.0038250598590821,0.0111753307282924,0.0011528093600645,32760.0,1.1603591442108137
seeded_ic_v1,19980020,-0.017431,-0.024454,-2.351529,10.232681,0.704866,0.30309238,adaptive_ramp_v1,18.0,0.08,11.407026052474976,landing_ramp,0.1908410191535949,-0.1316574513912201,0.5134680271148682,0.0022569943685084,-0.0317052491009235,-0.1437991559505462,0.7856557965278625,0.7444116473197937,5.66351842880249,0.4372128546237945,12.607976913452148,-2.269747495651245,32505,31377,31697,32375,0.6109183958020019,cem_tuned_boundary,opp_m3_12000,0,0,12000,0,5.73871124581079,0.3476,0.0761563496883014,0.0111753307282924,-0.0158662684261798,-0.0231468435376882,0.7177340388298035,-0.000143556157127,-6.128767563495785e-05,-0.0038250598590821,0.0111753307282924,0.0011528093600645,32760.0,1.1604349613189697
seeded_ic_v1,19980020,-0.017431,-0.024454,-2.351529,10.232681,0.704866,0.30309238,adaptive_ramp_v1,18.0,0.08,11.426706075668337,landing_ramp,0.1909130960702896,-0.1324034631252288,0.5104670524597168,0.0005003722617402,-0.0349466241896152,-0.1475890874862671,0.7856557965278625,0.7444116473197937,5.66351842880249,0.4372128546237945,12.607976913452148,-2.269747495651245,32505,31377,31697,32375,0.6093439939465332,cem_tuned_boundary,opp_m3_12000,0,0,12000,0,5.73871124581079,0.3476,0.0761563496883014,0.0111753307282924,-0.0158662684261798,-0.0231468435376882,0.7177340388298035,-0.000143556157127,-6.128767563495785e-05,-0.0038250598590821,0.0111753307282924,0.0011528093600645,32760.0,1.1801149845123309
seeded_ic_v1,19980020,-0.017431,-0.024454,-2.351529,10.232681,0.704866,0.30309238,adaptive_ramp_v1,18.0,0.08,11.426889657974243,landing_ramp,0.1909130960702896,-0.1324034631252288,0.5104670524597168,0.0005003722617402,-0.0349466241896152,-0.1475890874862671,0.794513463973999,0.4925003349781036,5.6214375495910645,-0.0836528241634368,11.473796844482422,-2.184772729873657,32505,31377,31697,32375,0.6093293073620605,cem_tuned_boundary,opp_m3_12000,0,0,12000,0,5.73871124581079,0.3476,0.0761563496883014,0.0111753307282924,-0.0158662684261798,-0.0231468435376882,0.7177340388298035,-0.000143556157127,-6.128767563495785e-05,-0.0038250598590821,0.0111753307282924,0.0011528093600645,32760.0,1.1802985668182373
seeded_ic_v1,19980020,-0.017431,-0.024454,-2.351529,10.232681,0.704866,0.30309238,adaptive_ramp_v1,18.0,0.08,11.426942825317385,landing_ramp,0.1909130960702896,-0.1324034631252288,0.5104670524597168,0.0005003722617402,-0.0349466241896152,-0.1475890874862671,0.794513463973999,0.4925003349781036,5.6214375495910645,-0.0836528241634368,11.473796844482422,-2.184772729873657,32505,31367,31647,32315,0.6093250539746093,cem_tuned_boundary,opp_m3_12000,0,0,12000,0,5.73871124581079,0.3476,0.0761563496883014,0.0111753307282924,-0.0158662684261798,-0.0231468435376882,0.7177340388298035,-0.000143556157127,-6.128767563495785e-05,-0.0038250598590821,0.0111753307282924,0.0011528093600645,32760.0,1.1803517341613787
seeded_ic_v1,19980020,-0.017431,-0.024454,-2.351529,10.232681,0.704866,0.30309238,adaptive_ramp_v1,18.0,0.08,11.446537494659424,adaptive_brake,0.1909800171852111,-0.1332103759050369,0.5073855519294739,-0.0003330574254505,-0.0381051041185855,-0.151751235127449,0.794513463973999,0.4925003349781036,5.6214375495910645,-0.0836528241634368,11.473796844482422,-2.184772729873657,32505,31367,31647,32315,0.95,cem_tuned_boundary,opp_m3_12000,0,0,12000,0,5.73871124581079,0.3476,0.0761563496883014,0.0111753307282924,-0.0158662684261798,-0.0231468435376882,0.7177340388298035,-0.000143556157127,-6.128767563495785e-05,-0.0038250598590821,0.0111753307282924,0.0011528093600645,32760.0,1.199946403503418
seeded_ic_v1,19980020,-0.017431,-0.024454,-2.351529,10.232681,0.704866,0.30309238,adaptive_ramp_v1,18.0,0.08,11.446762800216677,adaptive_brake,0.1909800171852111,-0.1332103759050369,0.5073855519294739,-0.0003330574254505,-0.0381051041185855,-0.151751235127449,0.7925147414207458,0.2625009417533874,5.581225395202637,-0.7260960340499878,10.524578094482422,-2.136283159255981,32505,31367,31647,32315,0.95,cem_tuned_boundary,opp_m3_12000,0,0,12000,0,5.73871124581079,0.3476,0.0761563496883014,0.0111753307282924,-0.0158662684261798,-0.0231468435376882,0.7177340388298035,-0.000143556157127,-6.128767563495785e-05,-0.0038250598590821,0.0111753307282924,0.0011528093600645,32760.0,1.2001717090606707
seeded_ic_v1,19980020,-0.017431,-0.024454,-2.351529,10.232681,0.704866,0.30309238,adaptive_ramp_v1,18.0,0.08,11.446799993515016,adaptive_brake,0.1909800171852111,-0.1332103759050369,0.5073855519294739,-0.0003330574254505,-0.0381051041185855,-0.151751235127449,0.7925147414207458,0.2625009417533874,5.581225395202637,-0.7260960340499878,10.524578094482422,-2.136283159255981,32505,31259,31595,32355,0.95,cem_tuned_boundary,opp_m3_12000,0,0,12000,0,5.73871124581079,0.3476,0.0761563496883014,0.0111753307282924,-0.0158662684261798,-0.0231468435376882,0.7177340388298035,-0.000143556157127,-6.128767563495785e-05,-0.0038250598590821,0.0111753307282924,0.0011528093600645,32760.0,1.2002089023590106
seeded_ic_v1,19980020,-0.017431,-0.024454,-2.351529,10.232681,0.704866,0.30309238,adaptive_ramp_v1,18.0,0.08,11.466789245605469,adaptive_brake,0.1910563558340072,-0.1340747475624084,0.5042188167572021,-0.0003352991770952,-0.0411451086401939,-0.1562074571847915,0.7925147414207458,0.2625009417533874,5.581225395202637,-0.7260960340499878,10.524578094482422,-2.136283159255981,32505,31259,31595,32355,0.95,cem_tuned_boundary,opp_m3_12000,0,0,12000,0,5.73871124581079,0.3476,0.0761563496883014,0.0111753307282924,-0.0158662684261798,-0.0231468435376882,0.7177340388298035,-0.000143556157127,-6.128767563495785e-05,-0.0038250598590821,0.0111753307282924,0.0011528093600645,32760.0,1.220198154449463
seeded_ic_v1,19980020,-0.017431,-0.024454,-2.351529,10.232681,0.704866,0.30309238,adaptive_ramp_v1,18.0,0.08,11.467290878295898,adaptive_brake,0.1910563558340072,-0.1340747475624084,0.5042188167572021,-0.0003352991770952,-0.0411451086401939,-0.1562074571847915,0.7777325510978699,0.0518503561615943,5.5413899421691895,-1.4235296249389648,9.633295059204102,-2.1362297534942627,32505,31259,31595,32355,0.95,cem_tuned_boundary,opp_m3_12000,0,0,12000,0,5.73871124581079,0.3476,0.0761563496883014,0.0111753307282924,-0.0158662684261798,-0.0231468435376882,0.7177340388298035,-0.000143556157127,-6.128767563495785e-05,-0.0038250598590821,0.0111753307282924,0.0011528093600645,32760.0,1.2206997871398926
seeded_ic_v1,19980020,-0.017431,-0.024454,-2.351529,10.232681,0.704866,0.30309238,adaptive_ramp_v1,18.0,0.08,11.46741247177124,adaptive_brake,0.1910563558340072,-0.1340747475624084,0.5042188167572021,-0.0003352991770952,-0.0411451086401939,-0.1562074571847915,0.7777325510978699,0.0518503561615943,5.5413899421691895,-1.4235296249389648,9.633295059204102,-2.1362297534942627,32505,31191,31593,32425,0.95,cem_tuned_boundary,opp_m3_12000,0,0,12000,0,5.73871124581079,0.3476,0.0761563496883014,0.0111753307282924,-0.0158662684261798,-0.0231468435376882,0.7177340388298035,-0.000143556157127,-6.128767563495785e-05,-0.0038250598590821,0.0111753307282924,0.0011528093600645,32760.0,1.2208213806152344
seeded_ic_v1,19980020,-0.017431,-0.024454,-2.351529,10.232681,0.704866,0.30309238,adaptive_ramp_v1,18.0,0.08,11.48690676689148,adaptive_brake,0.1911549717187881,-0.1349925249814987,0.500960111618042,0.0004100306541658,-0.0440226830542087,-0.1610779762268066,0.7777325510978699,0.0518503561615943,5.5413899421691895,-1.4235296249389648,9.633295059204102,-2.1362297534942627,32505,31191,31593,32425,0.95,cem_tuned_boundary,opp_m3_12000,0,0,12000,0,5.73871124581079,0.3476,0.0761563496883014,0.0111753307282924,-0.0158662684261798,-0.0231468435376882,0.7177340388298035,-0.000143556157127,-6.128767563495785e-05,-0.0038250598590821,0.0111753307282924,0.0011528093600645,32760.0,1.2403156757354736
seeded_ic_v1,19980020,-0.017431,-0.024454,-2.351529,10.232681,0.704866,0.30309238,adaptive_ramp_v1,18.0,0.08,11.487136840820312,adaptive_brake,0.1911549717187881,-0.1349925249814987,0.500960111618042,0.0004100306541658,-0.0440226830542087,-0.1610779762268066,0.7491021752357483,-0.1406664103269577,5.501124382019043,-2.009937524795532,8.593146324157715,-2.174732446670532,32505,31191,31593,32425,0.95,cem_tuned_boundary,opp_m3_12000,0,0,12000,0,5.73871124581079,0.3476,0.0761563496883014,0.0111753307282924,-0.0158662684261798,-0.0231468435376882,0.7177340388298035,-0.000143556157127,-6.128767563495785e-05,-0.0038250598590821,0.0111753307282924,0.0011528093600645,32760.0,1.2405457496643066
seeded_ic_v1,19980020,-0.017431,-0.024454,-2.351529,10.232681,0.704866,0.30309238,adaptive_ramp_v1,18.0,0.08,11.487193822860718,adaptive_brake,0.1911549717187881,-0.1349925249814987,0.500960111618042,0.0004100306541658,-0.0440226830542087,-0.1610779762268066,0.7491021752357483,-0.1406664103269577,5.501124382019043,-2.009937524795532,8.593146324157715,-2.174732446670532,32505,31171,31575,32451,0.95,cem_tuned_boundary,opp_m3_12000,0,0,12000,0,5.73871124581079,0.3476,0.0761563496883014,0.0111753307282924,-0.0158662684261798,-0.0231468435376882,0.7177340388298035,-0.000143556157127,-6.128767563495785e-05,-0.0038250598590821,0.0111753307282924,0.0011528093600645,32760.0,1.240602731704712
seeded_ic_v1,19980020,-0.017431,-0.024454,-2.351529,10.232681,0.704866,0.30309238,adaptive_ramp_v1,18.0,0.08,11.506956338882446,adaptive_brake,0.1912872940301895,-0.1359591335058212,0.4976073503494262,0.0018231582362204,-0.0467012003064155,-0.1659443229436874,0.7491021752357483,-0.1406664103269577,5.501124382019043,-2.009937524795532,8.593146324157715,-2.174732446670532,32505,31171,31575,32451,0.95,cem_tuned_boundary,opp_m3_12000,0,0,12000,0,5.73871124581079,0.3476,0.0761563496883014,0.0111753307282924,-0.0158662684261798,-0.0231468435376882,0.7177340388298035,-0.000143556157127,-6.128767563495785e-05,-0.0038250598590821,0.0111753307282924,0.0011528093600645,32760.0,1.2603652477264404
seeded_ic_v1,19980020,-0.017431,-0.024454,-2.351529,10.232681,0.704866,0.30309238,adaptive_ramp_v1,18.0,0.08,11.507178544998167,adaptive_brake,0.1912872940301895,-0.1359591335058212,0.4976073503494262,0.0018231582362204,-0.0467012003064155,-0.1659443229436874,0.7085469365119934,-0.3123827576637268,5.4598798751831055,-2.487452745437622,7.492352962493896,-2.197266101837158,32505,31171,31575,32451,0.95,cem_tuned_boundary,opp_m3_12000,0,0,12000,0,5.73871124581079,0.3476,0.0761563496883014,0.0111753307282924,-0.0158662684261798,-0.0231468435376882,0.7177340388298035,-0.000143556157127,-6.128767563495785e-05,-0.0038250598590821,0.0111753307282924,0.0011528093600645,32760.0,1.2605874538421613
seeded_ic_v1,19980020,-0.017431,-0.024454,-2.351529,10.232681,0.704866,0.30309238,adaptive_ramp_v1,18.0,0.08,11.507224798202516,adaptive_brake,0.1912872940301895,-0.1359591335058212,0.4976073503494262,0.0018231582362204,-0.0467012003064155,-0.1659443229436874,0.7085469365119934,-0.3123827576637268,5.4598798751831055,-2.487452745437622,7.492352962493896,-2.197266101837158,32505,31165,31597,32503,0.95,cem_tuned_boundary,opp_m3_12000,0,0,12000,0,5.73871124581079,0.3476,0.0761563496883014,0.0111753307282924,-0.0158662684261798,-0.0231468435376882,0.7177340388298035,-0.000143556157127,-6.128767563495785e-05,-0.0038250598590821,0.0111753307282924,0.0011528093600645,32760.0,1.2606337070465106
seeded_ic_v1,19980020,-0.017431,-0.024454,-2.351529,10.232681,0.704866,0.30309238,adaptive_ramp_v1,18.0,0.08,11.525763750076294,adaptive_brake,0.1914316266775131,-0.1369518786668777,0.4942052066326141,0.0036604283377528,-0.0490699969232082,-0.1705163121223449,0.7085469365119934,-0.3123827576637268,5.4598798751831055,-2.487452745437622,7.492352962493896,-2.197266101837158,32505,31165,31597,32503,0.95,cem_tuned_boundary,opp_m3_12000,0,0,12000,0,5.73871124581079,0.3476,0.0761563496883014,0.0111753307282924,-0.0158662684261798,-0.0231468435376882,0.7177340388298035,-0.000143556157127,-6.128767563495785e-05,-0.0038250598590821,0.0111753307282924,0.0011528093600645,32760.0,1.279172658920288
seeded_ic_v1,19980020,-0.017431,-0.024454,-2.351529,10.232681,0.704866,0.30309238,adaptive_ramp_v1,18.0,0.08,11.525875329971312,adaptive_brake,0.1914316266775131,-0.1369518786668777,0.4942052066326141,0.0036604283377528,-0.0490699969232082,-0.1705163121223449,0.6582590341567993,-0.461920827627182,5.4178466796875,-2.910367488861084,6.41977596282959,-2.135870695114136,32505,31165,31597,32503,0.95,cem_tuned_boundary,opp_m3_12000,0,0,12000,0,5.73871124581079,0.3476,0.0761563496883014,0.0111753307282924,-0.0158662684261798,-0.0231468435376882,0.7177340388298035,-0.000143556157127,-6.128767563495785e-05,-0.0038250598590821,0.0111753307282924,0.0011528093600645,32760.0,1.2792842388153058
seeded_ic_v1,19980020,-0.017431,-0.024454,-2.351529,10.232681,0.704866,0.30309238,adaptive_ramp_v1,18.0,0.08,11.52592635154724,adaptive_brake,0.1914316266775131,-0.1369518786668777,0.4942052066326141,0.0036604283377528,-0.0490699969232082,-0.1705163121223449,0.6582590341567993,-0.461920827627182,5.4178466796875,-2.910367488861084,6.41977596282959,-2.135870695114136,32505,31115,31609,32557,0.95,cem_tuned_boundary,opp_m3_12000,0,0,12000,0,5.73871124581079,0.3476,0.0761563496883014,0.0111753307282924,-0.0158662684261798,-0.0231468435376882,0.7177340388298035,-0.000143556157127,-6.128767563495785e-05,-0.0038250598590821,0.0111753307282924,0.0011528093600645,32760.0,1.2793352603912336
seeded_ic_v1,19980020,-0.017431,-0.024454,-2.351529,10.232681,0.704866,0.30309238,adaptive_ramp_v1,18.0,0.08,11.546612977981567,adaptive_brake,0.1917023807764053,-0.1381080597639084,0.4903327226638794,0.0064963996410369,-0.0514743141829967,-0.1755557358264923,0.6582590341567993,-0.461920827627182,5.4178466796875,-2.910367488861084,6.41977596282959,-2.135870695114136,32505,31115,31609,32557,0.95,cem_tuned_boundary,opp_m3_12000,0,0,12000,0,5.73871124581079,0.3476,0.0761563496883014,0.0111753307282924,-0.0158662684261798,-0.0231468435376882,0.7177340388298035,-0.000143556157127,-6.128767563495785e-05,-0.0038250598590821,0.0111753307282924,0.0011528093600645,32760.0,1.3000218868255615
seeded_ic_v1,19980020,-0.017431,-0.024454,-2.351529,10.232681,0.704866,0.30309238,adaptive_ramp_v1,18.0,0.08,11.546847820281982,adaptive_brake,0.1917023807764053,-0.1381080597639084,0.4903327226638794,0.0064963996410369,-0.0514743141829967,-0.1755557358264923,0.592962384223938,-0.6017483472824097,5.372384071350098,-3.3410520553588867,5.358445167541504,-2.133414030075073,32505,31115,31609,32557,0.95,cem_tuned_boundary,opp_m3_12000,0,0,12000,0,5.73871124581079,0.3476,0.0761563496883014,0.0111753307282924,-0.0158662684261798,-0.0231468435376882,0.7177340388298035,-0.000143556157127,-6.128767563495785e-05,-0.0038250598590821,0.0111753307282924,0.0011528093600645,32760.0,1.3002567291259766
seeded_ic_v1,19980020,-0.017431,-0.024454,-2.351529,10.232681,0.704866,0.30309238,adaptive_ramp_v1,18.0,0.08,11.546934843063354,adaptive_brake,0.1917023807764053,-0.1381080597639084,0.4903327226638794,0.0064963996410369,-0.0514743141829967,-0.1755557358264923,0.592962384223938,-0.6017483472824097,5.372384071350098,-3.3410520553588867,5.358445167541504,-2.133414030075073,32505,31085,31629,32635,0.95,cem_tuned_boundary,opp_m3_12000,0,0,12000,0,5.73871124581079,0.3476,0.0761563496883014,0.0111753307282924,-0.0158662684261798,-0.0231468435376882,0.7177340388298035,-0.000143556157127,-6.128767563495785e-05,-0.0038250598590821,0.0111753307282924,0.0011528093600645,32760.0,1.3003437519073486
seeded_ic_v1,19980020,-0.017431,-0.024454,-2.351529,10.232681,0.704866,0.30309238,adaptive_ramp_v1,18.0,0.08,11.566940307617188,adaptive_brake,0.1919574737548828,-0.1391658782958984,0.4868004322052002,0.0092551466077566,-0.0532453693449497,-0.1795819699764251,0.592962384223938,-0.6017483472824097,5.372384071350098,-3.3410520553588867,5.358445167541504,-2.133414030075073,32505,31085,31629,32635,0.95,cem_tuned_boundary,opp_m3_12000,0,0,12000,0,5.73871124581079,0.3476,0.0761563496883014,0.0111753307282924,-0.0158662684261798,-0.0231468435376882,0.7177340388298035,-0.000143556157127,-6.128767563495785e-05,-0.0038250598590821,0.0111753307282924,0.0011528093600645,32760.0,1.3203492164611816
seeded_ic_v1,19980020,-0.017431,-0.024454,-2.351529,10.232681,0.704866,0.30309238,adaptive_ramp_v1,18.0,0.08,11.567417860031128,adaptive_brake,0.1919574737548828,-0.1391658782958984,0.4868004322052002,0.0092551466077566,-0.0532453693449497,-0.1795819699764251,0.5246415734291077,-0.7064419388771057,5.331303596496582,-3.7186338901519775,4.2596116065979,-2.0495152473449707,32505,31085,31629,32635,0.95,cem_tuned_boundary,opp_m3_12000,0,0,12000,0,5.73871124581079,0.3476,0.0761563496883014,0.0111753307282924,-0.0158662684261798,-0.0231468435376882,0.7177340388298035,-0.000143556157127,-6.128767563495785e-05,-0.0038250598590821,0.0111753307282924,0.0011528093600645,32760.0,1.320826768875122
seeded_ic_v1,19980020,-0.017431,-0.024454,-2.351529,10.232681,0.704866,0.30309238,adaptive_ramp_v1,18.0,0.08,11.567548513412476,adaptive_brake,0.1919574737548828,-0.1391658782958984,0.4868004322052002,0.0092551466077566,-0.0532453693449497,-0.1795819699764251,0.5246415734291077,-0.7064419388771057,5.331303596496582,-3.7186338901519775,4.2596116065979,-2.0495152473449707,32505,31087,31717,32689,0.95,cem_tuned_boundary,opp_m3_12000,0,0,12000,0,5.73871124581079,0.3476,0.0761563496883014,0.0111753307282924,-0.0158662684261798,-0.0231468435376882,0.7177340388298035,-0.000143556157127,-6.128767563495785e-05,-0.0038250598590821,0.0111753307282924,0.0011528093600645,32760.0,1.3209574222564697
seeded_ic_v1,19980020,-0.017431,-0.024454,-2.351529,10.232681,0.704866,0.30309238,adaptive_ramp_v1,18.0,0.08,11.586647510528564,adaptive_brake,0.1923099011182785,-0.1402620375156402,0.4831545650959015,0.012495819479227,-0.0547714792191982,-0.1836162507534027,0.5246415734291077,-0.7064419388771057,5.331303596496582,-3.7186338901519775,4.2596116065979,-2.0495152473449707,32505,31087,31717,32689,0.95,cem_tuned_boundary,opp_m3_12000,0,0,12000,0,5.73871124581079,0.3476,0.0761563496883014,0.0111753307282924,-0.0158662684261798,-0.0231468435376882,0.7177340388298035,-0.000143556157127,-6.128767563495785e-05,-0.0038250598590821,0.0111753307282924,0.0011528093600645,32760.0,1.3400564193725586
seeded_ic_v1,19980020,-0.017431,-0.024454,-2.351529,10.232681,0.704866,0.30309238,adaptive_ramp_v1,18.0,0.08,11.586976051330566,adaptive_brake,0.1923099011182785,-0.1402620375156402,0.4831545650959015,0.012495819479227,-0.0547714792191982,-0.1836162507534027,0.448975145816803,-0.7890986204147339,5.291248321533203,-3.9808268547058105,3.234205484390259,-2.01418685913086,32505,31087,31717,32689,0.95,cem_tuned_boundary,opp_m3_12000,0,0,12000,0,5.73871124581079,0.3476,0.0761563496883014,0.0111753307282924,-0.0158662684261798,-0.0231468435376882,0.7177340388298035,-0.000143556157127,-6.128767563495785e-05,-0.0038250598590821,0.0111753307282924,0.0011528093600645,32760.0,1.3403849601745605
seeded_ic_v1,19980020,-0.017431,-0.024454,-2.351529,10.232681,0.704866,0.30309238,adaptive_ramp_v1,18.0,0.08,11.587080955505373,adaptive_brake,0.1923099011182785,-0.1402620375156402,0.4831545650959015,0.012495819479227,-0.0547714792191982,-0.1836162507534027,0.448975145816803,-0.7890986204147339,5.291248321533203,-3.9808268547058105,3.234205484390259,-2.01418685913086,32505,31119,31853,32793,0.95,cem_tuned_boundary,opp_m3_12000,0,0,12000,0,5.73871124581079,0.3476,0.0761563496883014,0.0111753307282924,-0.0158662684261798,-0.0231468435376882,0.7177340388298035,-0.000143556157127,-6.128767563495785e-05,-0.0038250598590821,0.0111753307282924,0.0011528093600645,32760.0,1.340489864349367
seeded_ic_v1,19980020,-0.017431,-0.024454,-2.351529,10.232681,0.704866,0.30309238,adaptive_ramp_v1,18.0,0.08,11.60675311088562,adaptive_brake,0.1927299797534942,-0.141378179192543,0.4794232845306396,0.0159699600189924,-0.0559828504920005,-0.1876551508903503,0.448975145816803,-0.7890986204147339,5.291248321533203,-3.9808268547058105,3.234205484390259,-2.01418685913086,32505,31119,31853,32793,0.95,cem_tuned_boundary,opp_m3_12000,0,0,12000,0,5.73871124581079,0.3476,0.0761563496883014,0.0111753307282924,-0.0158662684261798,-0.0231468435376882,0.7177340388298035,-0.000143556157127,-6.128767563495785e-05,-0.0038250598590821,0.0111753307282924,0.0011528093600645,32760.0,1.3601620197296143
seeded_ic_v1,19980020,-0.017431,-0.024454,-2.351529,10.232681,0.704866,0.30309238,adaptive_ramp_v1,18.0,0.08,11.606930494308472,adaptive_brake,0.1927299797534942,-0.141378179192543,0.4794232845306396,0.0159699600189924,-0.0559828504920005,-0.1876551508903503,0.3684640824794769,-0.850996732711792,5.251403331756592,-4.085134506225586,2.392075061798096,-2.027764320373535,32505,31119,31853,32793,0.95,cem_tuned_boundary,opp_m3_12000,0,0,12000,0,5.73871124581079,0.3476,0.0761563496883014,0.0111753307282924,-0.0158662684261798,-0.0231468435376882,0.7177340388298035,-0.000143556157127,-6.128767563495785e-05,-0.0038250598590821,0.0111753307282924,0.0011528093600645,32760.0,1.3603394031524658
seeded_ic_v1,19980020,-0.017431,-0.024454,-2.351529,10.232681,0.704866,0.30309238,adaptive_ramp_v1,18.0,0.08,11.607000827789308,adaptive_brake,0.1927299797534942,-0.141378179192543,0.4794232845306396,0.0159699600189924,-0.0559828504920005,-0.1876551508903503,0.3684640824794769,-0.850996732711792,5.251403331756592,-4.085134506225586,2.392075061798096,-2.027764320373535,32505,31067,31845,32857,0.95,cem_tuned_boundary,opp_m3_12000,0,0,12000,0,5.73871124581079,0.3476,0.0761563496883014,0.0111753307282924,-0.0158662684261798,-0.0231468435376882,0.7177340388298035,-0.000143556157127,-6.128767563495785e-05,-0.0038250598590821,0.0111753307282924,0.0011528093600645,32760.0,1.3604097366333026
seeded_ic_v1,19980020,-0.017431,-0.024454,-2.351529,10.232681,0.704866,0.30309238,adaptive_ramp_v1,18.0,0.08,11.626753807067873,adaptive_brake,0.1932197213172912,-0.1425076872110366,0.4756095111370086,0.0196038726717233,-0.0568721368908882,-0.1916267126798629,0.3684640824794769,-0.850996732711792,5.251403331756592,-4.085134506225586,2.392075061798096,-2.027764320373535,32505,31067,31845,32857,0.95,cem_tuned_boundary,opp_m3_12000,0,0,12000,0,5.73871124581079,0.3476,0.0761563496883014,0.0111753307282924,-0.0158662684261798,-0.0231468435376882,0.7177340388298035,-0.000143556157127,-6.128767563495785e-05,-0.0038250598590821,0.0111753307282924,0.0011528093600645,32760.0,1.380162715911867
seeded_ic_v1,19980020,-0.017431,-0.024454,-2.351529,10.232681,0.704866,0.30309238,adaptive_ramp_v1,18.0,0.08,11.626935958862305,adaptive_brake,0.1932197213172912,-0.1425076872110366,0.4756095111370086,0.0196038726717233,-0.0568721368908882,-0.1916267126798629,0.286184161901474,-0.896770179271698,5.21081018447876,-4.1511945724487305,1.5216153860092163,-2.062966823577881,32505,31067,31845,32857,0.95,cem_tuned_boundary,opp_m3_12000,0,0,12000,0,5.73871124581079,0.3476,0.0761563496883014,0.0111753307282924,-0.0158662684261798,-0.0231468435376882,0.7177340388298035,-0.000143556157127,-6.128767563495785e-05,-0.0038250598590821,0.0111753307282924,0.0011528093600645,32760.0,1.3803448677062988
seeded_ic_v1,19980020,-0.017431,-0.024454,-2.351529,10.232681,0.704866,0.30309238,adaptive_ramp_v1,18.0,0.08,11.627007007598875,adaptive_brake,0.1932197213172912,-0.1425076872110366,0.4756095111370086,0.0196038726717233,-0.0568721368908882,-0.1916267126798629,0.286184161901474,-0.896770179271698,5.21081018447876,-4.1511945724487305,1.5216153860092163,-2.062966823577881,32505,31101,31891,32897,0.95,cem_tuned_boundary,opp_m3_12000,0,0,12000,0,5.73871124581079,0.3476,0.0761563496883014,0.0111753307282924,-0.0158662684261798,-0.0231468435376882,0.7177340388298035,-0.000143556157127,-6.128767563495785e-05,-0.0038250598590821,0.0111753307282924,0.0011528093600645,32760.0,1.3804159164428693
seeded_ic_v1,19980020,-0.017431,-0.024454,-2.351529,10.232681,0.704866,0.30309238,adaptive_ramp_v1,18.0,0.08,11.646671056747437,adaptive_brake,0.1937799304723739,-0.1436440497636795,0.471716433763504,0.0233369972556829,-0.0574382878839969,-0.1953959316015243,0.286184161901474,-0.896770179271698,5.21081018447876,-4.1511945724487305,1.5216153860092163,-2.062966823577881,32505,31101,31891,32897,0.95,cem_tuned_boundary,opp_m3_12000,0,0,12000,0,5.73871124581079,0.3476,0.0761563496883014,0.0111753307282924,-0.0158662684261798,-0.0231468435376882,0.7177340388298035,-0.000143556157127,-6.128767563495785e-05,-0.0038250598590821,0.0111753307282924,0.0011528093600645,32760.0,1.4000799655914307
seeded_ic_v1,19980020,-0.017431,-0.024454,-2.351529,10.232681,0.704866,0.30309238,adaptive_ramp_v1,18.0,0.08,11.646857500076294,adaptive_brake,0.1937799304723739,-0.1436440497636795,0.471716433763504,0.0233369972556829,-0.0574382878839969,-0.1953959316015243,0.2021463811397552,-0.9248153567314148,5.170107364654541,-4.2112884521484375,0.557813823223114,-2.014186382293701,32505,31101,31891,32897,0.95,cem_tuned_boundary,opp_m3_12000,0,0,12000,0,5.73871124581079,0.3476,0.0761563496883014,0.0111753307282924,-0.0158662684261798,-0.0231468435376882,0.7177340388298035,-0.000143556157127,-6.128767563495785e-05,-0.0038250598590821,0.0111753307282924,0.0011528093600645,32760.0,1.400266408920288
seeded_ic_v1,19980020,-0.017431,-0.024454,-2.351529,10.232681,0.704866,0.30309238,adaptive_ramp_v1,18.0,0.08,11.646979093551636,adaptive_brake,0.1937799304723739,-0.1436440497636795,0.471716433763504,0.0233369972556829,-0.0574382878839969,-0.1953959316015243,0.2021463811397552,-0.9248153567314148,5.170107364654541,-4.2112884521484375,0.557813823223114,-2.014186382293701,32505,31119,31985,32969,0.95,cem_tuned_boundary,opp_m3_12000,0,0,12000,0,5.73871124581079,0.3476,0.0761563496883014,0.0111753307282924,-0.0158662684261798,-0.0231468435376882,0.7177340388298035,-0.000143556157127,-6.128767563495785e-05,-0.0038250598590821,0.0111753307282924,0.0011528093600645,32760.0,1.4003880023956299
seeded_ic_v1,19980020,-0.017431,-0.024454,-2.351529,10.232681,0.704866,0.30309238,adaptive_ramp_v1,18.0,0.08,11.666580438613892,adaptive_brake,0.194410428404808,-0.1447808146476745,0.4677516520023346,0.0271019153296947,-0.0576815046370029,-0.1988713145256042,0.2021463811397552,-0.9248153567314148,5.170107364654541,-4.2112884521484375,0.557813823223114,-2.014186382293701,32505,31119,31985,32969,0.95,cem_tuned_boundary,opp_m3_12000,0,0,12000,0,5.73871124581079,0.3476,0.0761563496883014,0.0111753307282924,-0.0158662684261798,-0.0231468435376882,0.7177340388298035,-0.000143556157127,-6.128767563495785e-05,-0.0038250598590821,0.0111753307282924,0.0011528093600645,32760.0,1.4199893474578857
seeded_ic_v1,19980020,-0.017431,-0.024454,-2.351529,10.232681,0.704866,0.30309238,adaptive_ramp_v1,18.0,0.08,11.66683793067932,adaptive_brake,0.194410428404808,-0.1447808146476745,0.4677516520023346,0.0271019153296947,-0.0576815046370029,-0.1988713145256042,0.1172572672367096,-0.9339618682861328,5.12984561920166,-4.150210380554199,-0.2314186841249466,-1.9573240280151367,32505,31119,31985,32969,0.95,cem_tuned_boundary,opp_m3_12000,0,0,12000,0,5.73871124581079,0.3476,0.0761563496883014,0.0111753307282924,-0.0158662684261798,-0.0231468435376882,0.7177340388298035,-0.000143556157127,-6.128767563495785e-05,-0.0038250598590821,0.0111753307282924,0.0011528093600645,32760.0,1.4202468395233137
seeded_ic_v1,19980020,-0.017431,-0.024454,-2.351529,10.232681,0.704866,0.30309238,adaptive_ramp_v1,18.0,0.08,11.666914939880373,adaptive_brake,0.194410428404808,-0.1447808146476745,0.4677516520023346,0.0271019153296947,-0.0576815046370029,-0.1988713145256042,0.1172572672367096,-0.9339618682861328,5.12984561920166,-4.150210380554199,-0.2314186841249466,-1.9573240280151367,32505,31061,31967,32989,0.95,cem_tuned_boundary,opp_m3_12000,0,0,12000,0,5.73871124581079,0.3476,0.0761563496883014,0.0111753307282924,-0.0158662684261798,-0.0231468435376882,0.7177340388298035,-0.000143556157127,-6.128767563495785e-05,-0.0038250598590821,0.0111753307282924,0.0011528093600645,32760.0,1.420323848724367
seeded_ic_v1,19980020,-0.017431,-0.024454,-2.351529,10.232681,0.704866,0.30309238,adaptive_ramp_v1,18.0,0.08,11.686827421188354,adaptive_brake,0.1951097548007965,-0.1459116488695144,0.4637218713760376,0.030832877382636,-0.0576056838035583,-0.2019868791103363,0.1172572672367096,-0.9339618682861328,5.12984561920166,-4.150210380554199,-0.2314186841249466,-1.9573240280151367,32505,31061,31967,32989,0.95,cem_tuned_boundary,opp_m3_12000,0,0,12000,0,5.73871124581079,0.3476,0.0761563496883014,0.0111753307282924,-0.0158662684261798,-0.0231468435376882,0.7177340388298035,-0.000143556157127,-6.128767563495785e-05,-0.0038250598590821,0.0111753307282924,0.0011528093600645,32760.0,1.4402363300323486
seeded_ic_v1,19980020,-0.017431,-0.024454,-2.351529,10.232681,0.704866,0.30309238,adaptive_ramp_v1,18.0,0.08,11.687040090560911,adaptive_brake,0.1951097548007965,-0.1459116488695144,0.4637218713760376,0.030832877382636,-0.0576056838035583,-0.2019868791103363,0.0333535261452198,-0.9274583458900452,5.090518474578857,-4.124650955200195,-1.0696961879730225,-1.8900110721588133,32505,31061,31967,32989,0.95,cem_tuned_boundary,opp_m3_12000,0,0,12000,0,5.73871124581079,0.3476,0.0761563496883014,0.0111753307282924,-0.0158662684261798,-0.0231468435376882,0.7177340388298035,-0.000143556157127,-6.128767563495785e-05,-0.0038250598590821,0.0111753307282924,0.0011528093600645,32760.0,1.4404489994049055
seeded_ic_v1,19980020,-0.017431,-0.024454,-2.351529,10.232681,0.704866,0.30309238,adaptive_ramp_v1,18.0,0.08,11.6871235370636,adaptive_brake,0.1951097548007965,-0.1459116488695144,0.4637218713760376,0.030832877382636,-0.0576056838035583,-0.2019868791103363,0.0333535261452198,-0.9274583458900452,5.090518474578857,-4.124650955200195,-1.0696961879730225,-1.8900110721588133,32505,31109,32091,33049,0.95,cem_tuned_boundary,opp_m3_12000,0,0,12000,0,5.73871124581079,0.3476,0.0761563496883014,0.0111753307282924,-0.0158662684261798,-0.0231468435376882,0.7177340388298035,-0.000143556157127,-6.128767563495785e-05,-0.0038250598590821,0.0111753307282924,0.0011528093600645,32760.0,1.4405324459075945
seeded_ic_v1,19980020,-0.017431,-0.024454,-2.351529,10.232681,0.704866,0.30309238,adaptive_ramp_v1,18.0,0.08,11.706824779510498,adaptive_brake,0.1958753764629364,-0.1470305025577545,0.4596356749534607,0.0344686694443225,-0.0572194643318653,-0.2048465758562088,0.0333535261452198,-0.9274583458900452,5.090518474578857,-4.124650955200195,-1.0696961879730225,-1.8900110721588133,32505,31109,32091,33049,0.95,cem_tuned_boundary,opp_m3_12000,0,0,12000,0,5.73871124581079,0.3476,0.0761563496883014,0.0111753307282924,-0.0158662684261798,-0.0231468435376882,0.7177340388298035,-0.000143556157127,-6.128767563495785e-05,-0.0038250598590821,0.0111753307282924,0.0011528093600645,32760.0,1.4602336883544922
seeded_ic_v1,19980020,-0.017431,-0.024454,-2.351529,10.232681,0.704866,0.30309238,adaptive_ramp_v1,18.0,0.08,11.707051515579224,adaptive_brake,0.1958753764629364,-0.1470305025577545,0.4596356749534607,0.0344686694443225,-0.0572194643318653,-0.2048465758562088,-0.0493684262037277,-0.904143452644348,5.052671432495117,-3.970695972442627,-1.7655363082885742,-1.892088890075684,32505,31109,32091,33049,0.95,cem_tuned_boundary,opp_m3_12000,0,0,12000,0,5.73871124581079,0.3476,0.0761563496883014,0.0111753307282924,-0.0158662684261798,-0.0231468435376882,0.7177340388298035,-0.000143556157127,-6.128767563495785e-05,-0.0038250598590821,0.0111753307282924,0.0011528093600645,32760.0,1.4604604244232178
seeded_ic_v1,19980020,-0.017431,-0.024454,-2.351529,10.232681,0.704866,0.30309238,adaptive_ramp_v1,18.0,0.08,11.707156658172607,adaptive_brake,0.1958753764629364,-0.1470305025577545,0.4596356749534607,0.0344686694443225,-0.0572194643318653,-0.2048465758562088,-0.0493684262037277,-0.904143452644348,5.052671432495117,-3.970695972442627,-1.7655363082885742,-1.892088890075684,32505,31121,32161,33119,0.95,cem_tuned_boundary,opp_m3_12000,0,0,12000,0,5.73871124581079,0.3476,0.0761563496883014,0.0111753307282924,-0.0158662684261798,-0.0231468435376882,0.7177340388298035,-0.000143556157127,-6.128767563495785e-05,-0.0038250598590821,0.0111753307282924,0.0011528093600645,32760.0,1.4605655670166016
seeded_ic_v1,19980020,-0.017431,-0.024454,-2.351529,10.232681,0.704866,0.30309238,adaptive_ramp_v1,18.0,0.08,11.72664737701416,adaptive_brake,0.1967037171125412,-0.1481316089630127,0.4554953873157501,0.037948440760374,-0.0565346144139766,-0.2076458632946014,-0.0493684262037277,-0.904143452644348,5.052671432495117,-3.970695972442627,-1.7655363082885742,-1.892088890075684,32505,31121,32161,33119,0.95,cem_tuned_boundary,opp_m3_12000,0,0,12000,0,5.73871124581079,0.3476,0.0761563496883014,0.0111753307282924,-0.0158662684261798,-0.0231468435376882,0.7177340388298035,-0.000143556157127,-6.128767563495785e-05,-0.0038250598590821,0.0111753307282924,0.0011528093600645,32760.0,1.4800562858581543
seeded_ic_v1,19980020,-0.017431,-0.024454,-2.351529,10.232681,0.704866,0.30309238,adaptive_ramp_v1,18.0,0.08,11.726945877075195,adaptive_brake,0.1967037171125412,-0.1481316089630127,0.4554953873157501,0.037948440760374,-0.0565346144139766,-0.2076458632946014,-0.1291024386882782,-0.8669294714927673,5.014884471893311,-3.793766736984253,-2.434164524078369,-1.8920899629592896,32505,31121,32161,33119,0.95,cem_tuned_boundary,opp_m3_12000,0,0,12000,0,5.73871124581079,0.3476,0.0761563496883014,0.0111753307282924,-0.0158662684261798,-0.0231468435376882,0.7177340388298035,-0.000143556157127,-6.128767563495785e-05,-0.0038250598590821,0.0111753307282924,0.0011528093600645,32760.0,1.4803547859191895
seeded_ic_v1,19980020,-0.017431,-0.024454,-2.351529,10.232681,0.704866,0.30309238,adaptive_ramp_v1,18.0,0.08,11.727017402648926,adaptive_brake,0.1967037171125412,-0.1481316089630127,0.4554953873157501,0.037948440760374,-0.0565346144139766,-0.2076458632946014,-0.1291024386882782,-0.8669294714927673,5.014884471893311,-3.793766736984253,-2.434164524078369,-1.8920899629592896,32505,31189,32289,33183,0.95,cem_tuned_boundary,opp_m3_12000,0,0,12000,0,5.73871124581079,0.3476,0.0761563496883014,0.0111753307282924,-0.0158662684261798,-0.0231468435376882,0.7177340388298035,-0.000143556157127,-6.128767563495785e-05,-0.0038250598590821,0.0111753307282924,0.0011528093600645,32760.0,1.48042631149292
seeded_ic_v1,19980020,-0.017431,-0.024454,-2.351529,10.232681,0.704866,0.30309238,adaptive_ramp_v1,18.0,0.08,11.74669861793518,adaptive_brake,0.1975736171007156,-0.1491846144199371,0.4514195024967193,0.0411582812666893,-0.0554511398077011,-0.2095608115196228,-0.1291024386882782,-0.8669294714927673,5.014884471893311,-3.793766736984253,-2.434164524078369,-1.8920899629592896,32505,31189,32289,33183,0.95,cem_tuned_boundary,opp_m3_12000,0,0,12000,0,5.73871124581079,0.3476,0.0761563496883014,0.0111753307282924,-0.0158662684261798,-0.0231468435376882,0.7177340388298035,-0.000143556157127,-6.128767563495785e-05,-0.0038250598590821,0.0111753307282924,0.0011528093600645,32760.0,1.5001075267791748
seeded_ic_v1,19980020,-0.017431,-0.024454,-2.351529,10.232681,0.704866,0.30309238,adaptive_ramp_v1,18.0,0.08,11.746881246566772,adaptive_brake,0.1975736171007156,-0.1491846144199371,0.4514195024967193,0.0411582812666893,-0.0554511398077011,-0.2095608115196228,-0.2050783783197403,-0.8167740702629089,4.977187156677246,-3.547987937927246,-2.9589829444885254,-1.8920899629592896,32505,31189,32289,33183,0.95,cem_tuned_boundary,opp_m3_12000,0,0,12000,0,5.73871124581079,0.3476,0.0761563496883014,0.0111753307282924,-0.0158662684261798,-0.0231468435376882,0.7177340388298035,-0.000143556157127,-6.128767563495785e-05,-0.0038250598590821,0.0111753307282924,0.0011528093600645,32760.0,1.5002901554107666
seeded_ic_v1,19980020,-0.017431,-0.024454,-2.351529,10.232681,0.704866,0.30309238,adaptive_ramp_v1,18.0,0.08,11.746992349624634,adaptive_brake,0.1975736171007156,-0.1491846144199371,0.4514195024967193,0.0411582812666893,-0.0554511398077011,-0.2095608115196228,-0.2050783783197403,-0.8167740702629089,4.977187156677246,-3.547987937927246,-2.9589829444885254,-1.8920899629592896,32505,31235,32381,33245,0.95,cem_tuned_boundary,opp_m3_12000,0,0,12000,0,5.73871124581079,0.3476,0.0761563496883014,0.0111753307282924,-0.0158662684261798,-0.0231468435376882,0.7177340388298035,-0.000143556157127,-6.128767563495785e-05,-0.0038250598590821,0.0111753307282924,0.0011528093600645,32760.0,1.500401258468628
seeded_ic_v1,19980020,-0.017431,-0.024454,-2.351529,10.232681,0.704866,0.30309238,adaptive_ramp_v1,18.0,0.08,11.766615629196169,adaptive_brake,0.1984965950250625,-0.1502123773097992,0.4472880363464355,0.0441299006342887,-0.0541263185441494,-0.2111540883779525,-0.2050783783197403,-0.8167740702629089,4.977187156677246,-3.547987937927246,-2.9589829444885254,-1.8920899629592896,32505,31235,32381,33245,0.95,cem_tuned_boundary,opp_m3_12000,0,0,12000,0,5.73871124581079,0.3476,0.0761563496883014,0.0111753307282924,-0.0158662684261798,-0.0231468435376882,0.7177340388298035,-0.000143556157127,-6.128767563495785e-05,-0.0038250598590821,0.0111753307282924,0.0011528093600645,32760.0,1.520024538040163
seeded_ic_v1,19980020,-0.017431,-0.024454,-2.351529,10.232681,0.704866,0.30309238,adaptive_ramp_v1,18.0,0.08,11.766767024993896,adaptive_brake,0.1984965950250625,-0.1502123773097992,0.4472880363464355,0.0441299006342887,-0.0541263185441494,-0.2111540883779525,-0.2757728993892669,-0.7561866641044617,4.939726829528809,-3.223432302474976,-3.423473358154297,-1.8302562236785889,32505,31235,32381,33245,0.95,cem_tuned_boundary,opp_m3_12000,0,0,12000,0,5.73871124581079,0.3476,0.0761563496883014,0.0111753307282924,-0.0158662684261798,-0.0231468435376882,0.7177340388298035,-0.000143556157127,-6.128767563495785e-05,-0.0038250598590821,0.0111753307282924,0.0011528093600645,32760.0,1.5201759338378906
seeded_ic_v1,19980020,-0.017431,-0.024454,-2.351529,10.232681,0.704866,0.30309238,adaptive_ramp_v1,18.0,0.08,11.76682734489441,adaptive_brake,0.1984965950250625,-0.1502123773097992,0.4472880363464355,0.0441299006342887,-0.0541263185441494,-0.2111540883779525,-0.2757728993892669,-0.7561866641044617,4.939726829528809,-3.223432302474976,-3.423473358154297,-1.8302562236785889,32505,31271,32465,33273,0.95,cem_tuned_boundary,opp_m3_12000,0,0,12000,0,5.73871124581079,0.3476,0.0761563496883014,0.0111753307282924,-0.0158662684261798,-0.0231468435376882,0.7177340388298035,-0.000143556157127,-6.128767563495785e-05,-0.0038250598590821,0.0111753307282924,0.0011528093600645,32760.0,1.5202362537384033
seeded_ic_v1,19980020,-0.017431,-0.024454,-2.351529,10.232681,0.704866,0.30309238,adaptive_ramp_v1,18.0,0.08,11.787043809890749,adaptive_brake,0.1995527446269989,-0.1513045132160186,0.4427360892295837,0.0470328256487846,-0.0524111315608024,-0.2124267071485519,-0.2757728993892669,-0.7561866641044617,4.939726829528809,-3.223432302474976,-3.423473358154297,-1.8302562236785889,32505,31271,32465,33273,0.95,cem_tuned_boundary,opp_m3_12000,0,0,12000,0,5.73871124581079,0.3476,0.0761563496883014,0.0111753307282924,-0.0158662684261798,-0.0231468435376882,0.7177340388298035,-0.000143556157127,-6.128767563495785e-05,-0.0038250598590821,0.0111753307282924,0.0011528093600645,32760.0,1.540452718734743
seeded_ic_v1,19980020,-0.017431,-0.024454,-2.351529,10.232681,0.704866,0.30309238,adaptive_ramp_v1,18.0,0.08,11.787193298339844,adaptive_brake,0.1995527446269989,-0.1513045132160186,0.4427360892295837,0.0470328256487846,-0.0524111315608024,-0.2124267071485519,-0.346175879240036,-0.6796308755874634,4.900076389312744,-2.856473207473755,-3.77956748008728,-1.7692214250564575,32505,31271,32465,33273,0.95,cem_tuned_boundary,opp_m3_12000,0,0,12000,0,5.73871124581079,0.3476,0.0761563496883014,0.0111753307282924,-0.0158662684261798,-0.0231468435376882,0.7177340388298035,-0.000143556157127,-6.128767563495785e-05,-0.0038250598590821,0.0111753307282924,0.0011528093600645,32760.0,1.540602207183838
seeded_ic_v1,19980020,-0.017431,-0.024454,-2.351529,10.232681,0.704866,0.30309238,adaptive_ramp_v1,18.0,0.08,11.787265300750732,adaptive_brake,0.1995527446269989,-0.1513045132160186,0.4427360892295837,0.0470328256487846,-0.0524111315608024,-0.2124267071485519,-0.346175879240036,-0.6796308755874634,4.900076389312744,-2.856473207473755,-3.77956748008728,-1.7692214250564575,32505,31307,32553,33309,0.95,cem_tuned_boundary,opp_m3_12000,0,0,12000,0,5.73871124581079,0.3476,0.0761563496883014,0.0111753307282924,-0.0158662684261798,-0.0231468435376882,0.7177340388298035,-0.000143556157127,-6.128767563495785e-05,-0.0038250598590821,0.0111753307282924,0.0011528093600645,32760.0,1.5406742095947266
seeded_ic_v1,19980020,-0.017431,-0.024454,-2.351529,10.232681,0.704866,0.30309238,adaptive_ramp_v1,18.0,0.08,11.80668330192566,adaptive_brake,0.2005747854709625,-0.1522716730833053,0.4384850263595581,0.0494286306202411,-0.0506893992424011,-0.213721752166748,-0.346175879240036,-0.6796308755874634,4.900076389312744,-2.856473207473755,-3.77956748008728,-1.7692214250564575,32505,31307,32553,33309,0.95,cem_tuned_boundary,opp_m3_12000,0,0,12000,0,5.73871124581079,0.3476,0.0761563496883014,0.0111753307282924,-0.0158662684261798,-0.0231468435376882,0.7177340388298035,-0.000143556157127,-6.128767563495785e-05,-0.0038250598590821,0.0111753307282924,0.0011528093600645,32760.0,1.5600922107696533
seeded_ic_v1,19980020,-0.017431,-0.024454,-2.351529,10.232681,0.704866,0.30309238,adaptive_ramp_v1,18.0,0.08,11.806818723678589,adaptive_brake,0.2005747854709625,-0.1522716730833053,0.4384850263595581,0.0494286306202411,-0.0506893992424011,-0.213721752166748,-0.4020050764083862,-0.6022192239761353,4.865748405456543,-2.456305980682373,-4.118093490600586,-1.709120512008667,32505,31307,32553,33309,0.95,cem_tuned_boundary,opp_m3_12000,0,0,12000,0,5.73871124581079,0.3476,0.0761563496883014,0.0111753307282924,-0.0158662684261798,-0.0231468435376882,0.7177340388298035,-0.000143556157127,-6.128767563495785e-05,-0.0038250598590821,0.0111753307282924,0.0011528093600645,32760.0,1.560227632522583
seeded_ic_v1,19980020,-0.017431,-0.024454,-2.351529,10.232681,0.704866,0.30309238,adaptive_ramp_v1,18.0,0.08,11.806905269622805,adaptive_brake,0.2005747854709625,-0.1522716730833053,0.4384850263595581,0.0494286306202411,-0.0506893992424011,-0.213721752166748,-0.4020050764083862,-0.6022192239761353,4.865748405456543,-2.456305980682373,-4.118093490600586,-1.709120512008667,32505,31377,32643,33305,0.95,cem_tuned_boundary,opp_m3_12000,0,0,12000,0,5.73871124581079,0.3476,0.0761563496883014,0.0111753307282924,-0.0158662684261798,-0.0231468435376882,0.7177340388298035,-0.000143556157127,-6.128767563495785e-05,-0.0038250598590821,0.0111753307282924,0.0011528093600645,32760.0,1.5603141784667987
seeded_ic_v1,19980020,-0.017431,-0.024454,-2.351529,10.232681,0.704866,0.30309238,adaptive_ramp_v1,18.0,0.08,11.82675051689148,adaptive_brake,0.2016759067773819,-0.1532426625490188,0.4340240955352783,0.0515528693795204,-0.0486880652606487,-0.2148806601762771,-0.4020050764083862,-0.6022192239761353,4.865748405456543,-2.456305980682373,-4.118093490600586,-1.709120512008667,32505,31377,32643,33305,0.95,cem_tuned_boundary,opp_m3_12000,0,0,12000,0,5.73871124581079,0.3476,0.0761563496883014,0.0111753307282924,-0.0158662684261798,-0.0231468435376882,0.7177340388298035,-0.000143556157127,-6.128767563495785e-05,-0.0038250598590821,0.0111753307282924,0.0011528093600645,32760.0,1.5801594257354736
seeded_ic_v1,19980020,-0.017431,-0.024454,-2.351529,10.232681,0.704866,0.30309238,adaptive_ramp_v1,18.0,0.08,11.826908826828005,adaptive_brake,0.2016759067773819,-0.1532426625490188,0.4340240955352783,0.0515528693795204,-0.0486880652606487,-0.2148806601762771,-0.451634407043457,-0.5139951705932617,4.830517292022705,-2.0184080600738525,-4.335413932800293,-1.7089842557907104,32505,31377,32643,33305,0.95,cem_tuned_boundary,opp_m3_12000,0,0,12000,0,5.73871124581079,0.3476,0.0761563496883014,0.0111753307282924,-0.0158662684261798,-0.0231468435376882,0.7177340388298035,-0.000143556157127,-6.128767563495785e-05,-0.0038250598590821,0.0111753307282924,0.0011528093600645,32760.0,1.5803177356719988
seeded_ic_v1,19980020,-0.017431,-0.024454,-2.351529,10.232681,0.704866,0.30309238,adaptive_ramp_v1,18.0,0.08,11.826976776123049,adaptive_brake,0.2016759067773819,-0.1532426625490188,0.4340240955352783,0.0515528693795204,-0.0486880652606487,-0.2148806601762771,-0.451634407043457,-0.5139951705932617,4.830517292022705,-2.0184080600738525,-4.335413932800293,-1.7089842557907104,32505,31433,32701,33303,0.95,cem_tuned_boundary,opp_m3_12000,0,0,12000,0,5.73871124581079,0.3476,0.0761563496883014,0.0111753307282924,-0.0158662684261798,-0.0231468435376882,0.7177340388298035,-0.000143556157127,-6.128767563495785e-05,-0.0038250598590821,0.0111753307282924,0.0011528093600645,32760.0,1.5803856849670428
seeded_ic_v1,19980020,-0.017431,-0.024454,-2.351529,10.232681,0.704866,0.30309238,adaptive_ramp_v1,18.0,0.08,11.84663701057434,adaptive_brake,0.2027990370988845,-0.1541608572006225,0.4295733571052551,0.0532612241804599,-0.0465055964887142,-0.2158596068620681,-0.451634407043457,-0.5139951705932617,4.830517292022705,-2.0184080600738525,-4.335413932800293,-1.7089842557907104,32505,31433,32701,33303,0.95,cem_tuned_boundary,opp_m3_12000,0,0,12000,0,5.73871124581079,0.3476,0.0761563496883014,0.0111753307282924,-0.0158662684261798,-0.0231468435376882,0.7177340388298035,-0.000143556157127,-6.128767563495785e-05,-0.0038250598590821,0.0111753307282924,0.0011528093600645,32760.0,1.600045919418335
seeded_ic_v1,19980020,-0.017431,-0.024454,-2.351529,10.232681,0.704866,0.30309238,adaptive_ramp_v1,18.0,0.08,11.846768856048584,adaptive_brake,0.2027990370988845,-0.1541608572006225,0.4295733571052551,0.0532612241804599,-0.0465055964887142,-0.2158596068620681,-0.4926169216632843,-0.4220559895038605,4.794637680053711,-1.7141296863555908,-4.3943939208984375,-1.7699012756347656,32505,31433,32701,33303,0.95,cem_tuned_boundary,opp_m3_12000,0,0,12000,0,5.73871124581079,0.3476,0.0761563496883014,0.0111753307282924,-0.0158662684261798,-0.0231468435376882,0.7177340388298035,-0.000143556157127,-6.128767563495785e-05,-0.0038250598590821,0.0111753307282924,0.0011528093600645,32760.0,1.6001777648925781
seeded_ic_v1,19980020,-0.017431,-0.024454,-2.351529,10.232681,0.704866,0.30309238,adaptive_ramp_v1,18.0,0.08,11.846848487854004,adaptive_brake,0.2027990370988845,-0.1541608572006225,0.4295733571052551,0.0532612241804599,-0.0465055964887142,-0.2158596068620681,-0.4926169216632843,-0.4220559895038605,4.794637680053711,-1.7141296863555908,-4.3943939208984375,-1.7699012756347656,32505,31497,32791,33369,0.95,cem_tuned_boundary,opp_m3_12000,0,0,12000,0,5.73871124581079,0.3476,0.0761563496883014,0.0111753307282924,-0.0158662684261798,-0.0231468435376882,0.7177340388298035,-0.000143556157127,-6.128767563495785e-05,-0.0038250598590821,0.0111753307282924,0.0011528093600645,32760.0,1.600257396697998
seeded_ic_v1,19980020,-0.017431,-0.024454,-2.351529,10.232681,0.704866,0.30309238,adaptive_ramp_v1,18.0,0.08,11.86674690246582,adaptive_brake,0.2038885951042175,-0.1549875289201736,0.4253112375736236,0.0545246116816997,-0.0443029999732971,-0.2166182547807693,-0.4926169216632843,-0.4220559895038605,4.794637680053711,-1.7141296863555908,-4.3943939208984375,-1.7699012756347656,32505,31497,32791,33369,0.95,cem_tuned_boundary,opp_m3_12000,0,0,12000,0,5.73871124581079,0.3476,0.0761563496883014,0.0111753307282924,-0.0158662684261798,-0.0231468435376882,0.7177340388298035,-0.000143556157127,-6.128767563495785e-05,-0.0038250598590821,0.0111753307282924,0.0011528093600645,32760.0,1.6201558113098145
seeded_ic_v1,19980020,-0.017431,-0.024454,-2.351529,10.232681,0.704866,0.30309238,adaptive_ramp_v1,18.0,0.08,11.866899728775024,adaptive_brake,0.2038885951042175,-0.1549875289201736,0.4253112375736236,0.0545246116816997,-0.0443029999732971,-0.2166182547807693,-0.5248569250106812,-0.333854615688324,4.760019302368164,-1.3376202583312988,-4.394528865814209,-1.78214693069458,32505,31497,32791,33369,0.95,cem_tuned_boundary,opp_m3_12000,0,0,12000,0,5.73871124581079,0.3476,0.0761563496883014,0.0111753307282924,-0.0158662684261798,-0.0231468435376882,0.7177340388298035,-0.000143556157127,-6.128767563495785e-05,-0.0038250598590821,0.0111753307282924,0.0011528093600645,32760.0,1.6203086376190186
seeded_ic_v1,19980020,-0.017431,-0.024454,-2.351529,10.232681,0.704866,0.30309238,adaptive_ramp_v1,18.0,0.08,11.867000579833984,adaptive_brake,0.2038885951042175,-0.1549875289201736,0.4253112375736236,0.0545246116816997,-0.0443029999732971,-0.2166182547807693,-0.5248569250106812,-0.333854615688324,4.760019302368164,-1.3376202583312988,-4.394528865814209,-1.78214693069458,32505,32271,32841,34105,0.95,cem_tuned_boundary,opp_m3_12000,0,0,12000,0,5.73871124581079,0.3476,0.0761563496883014,0.0111753307282924,-0.0158662684261798,-0.0231468435376882,0.7177340388298035,-0.000143556157127,-6.128767563495785e-05,-0.0038250598590821,0.0111753307282924,0.0011528093600645,32760.0,1.6204094886779785
seeded_ic_v1,19980020,-0.017431,-0.024454,-2.351529,10.232681,0.704866,0.30309238,adaptive_ramp_v1,18.0,0.08,11.886886358261108,adaptive_brake,0.2049914896488189,-0.1557720005512237,0.4210180342197418,0.0554420799016952,-0.0420334078371524,-0.2171907275915146,-0.5248569250106812,-0.333854615688324,4.760019302368164,-1.3376202583312988,-4.394528865814209,-1.78214693069458,32505,32271,32841,34105,0.95,cem_tuned_boundary,opp_m3_12000,0,0,12000,0,5.73871124581079,0.3476,0.0761563496883014,0.0111753307282924,-0.0158662684261798,-0.0231468435376882,0.7177340388298035,-0.000143556157127,-6.128767563495785e-05,-0.0038250598590821,0.0111753307282924,0.0011528093600645,32760.0,1.6402952671051025
seeded_ic_v1,19980020,-0.017431,-0.024454,-2.351529,10.232681,0.704866,0.30309238,adaptive_ramp_v1,18.0,0.08,11.8874409198761,adaptive_brake,0.2049914896488189,-0.1557720005512237,0.4210180342197418,0.0554420799016952,-0.0420334078371524,-0.2171907275915146,-0.5489777326583862,-0.2456303238868713,4.724842071533203,-0.91040301322937,-4.394528865814209,-1.768194556236267,32505,32271,32841,34105,0.95,cem_tuned_boundary,opp_m3_12000,0,0,12000,0,5.73871124581079,0.3476,0.0761563496883014,0.0111753307282924,-0.0158662684261798,-0.0231468435376882,0.7177340388298035,-0.000143556157127,-6.128767563495785e-05,-0.0038250598590821,0.0111753307282924,0.0011528093600645,32760.0,1.6408498287200945
seeded_ic_v1,19980020,-0.017431,-0.024454,-2.351529,10.232681,0.704866,0.30309238,adaptive_ramp_v1,18.0,0.08,11.887566328048706,adaptive_brake,0.2049914896488189,-0.1557720005512237,0.4210180342197418,0.0554420799016952,-0.0420334078371524,-0.2171907275915146,-0.5489777326583862,-0.2456303238868713,4.724842071533203,-0.91040301322937,-4.394528865814209,-1.768194556236267,32505,31597,32883,33365,0.95,cem_tuned_boundary,opp_m3_12000,0,0,12000,0,5.73871124581079,0.3476,0.0761563496883014,0.0111753307282924,-0.0158662684261798,-0.0231468435376882,0.7177340388298035,-0.000143556157127,-6.128767563495785e-05,-0.0038250598590821,0.0111753307282924,0.0011528093600645,32760.0,1.6409752368927002
seeded_ic_v1,19980020,-0.017431,-0.024454,-2.351529,10.232681,0.704866,0.30309238,adaptive_ramp_v1,18.0,0.08,11.90690541267395,adaptive_brake,0.2061009705066681,-0.1565133482217788,0.4167003035545349,0.0560154914855957,-0.0397256910800933,-0.2175911962985992,-0.5489777326583862,-0.2456303238868713,4.724842071533203,-0.91040301322937,-4.394528865814209,-1.768194556236267,32505,31597,32883,33365,0.95,cem_tuned_boundary,opp_m3_12000,0,0,12000,0,5.73871124581079,0.3476,0.0761563496883014,0.0111753307282924,-0.0158662684261798,-0.0231468435376882,0.7177340388298035,-0.000143556157127,-6.128767563495785e-05,-0.0038250598590821,0.0111753307282924,0.0011528093600645,32760.0,1.6603143215179443
seeded_ic_v1,19980020,-0.017431,-0.024454,-2.351529,10.232681,0.704866,0.30309238,adaptive_ramp_v1,18.0,0.08,11.907238245010376,adaptive_brake,0.2061009705066681,-0.1565133482217788,0.4167003035545349,0.0560154914855957,-0.0397256910800933,-0.2175911962985992,-0.5642493367195129,-0.1573997288942337,4.690289974212647,-0.4827462434768677,-4.394528865814209,-1.7700127363204956,32505,31597,32883,33365,0.95,cem_tuned_boundary,opp_m3_12000,0,0,12000,0,5.73871124581079,0.3476,0.0761563496883014,0.0111753307282924,-0.0158662684261798,-0.0231468435376882,0.7177340388298035,-0.000143556157127,-6.128767563495785e-05,-0.0038250598590821,0.0111753307282924,0.0011528093600645,32760.0,1.6606471538543701
seeded_ic_v1,19980020,-0.017431,-0.024454,-2.351529,10.232681,0.704866,0.30309238,adaptive_ramp_v1,18.0,0.08,11.90733814239502,adaptive_brake,0.2061009705066681,-0.1565133482217788,0.4167003035545349,0.0560154914855957,-0.0397256910800933,-0.2175911962985992,-0.5642493367195129,-0.1573997288942337,4.690289974212647,-0.4827462434768677,-4.394528865814209,-1.7700127363204956,32505,32395,32939,34083,0.95,cem_tuned_boundary,opp_m3_12000,0,0,12000,0,5.73871124581079,0.3476,0.0761563496883014,0.0111753307282924,-0.0158662684261798,-0.0231468435376882,0.7177340388298035,-0.000143556157127,-6.128767563495785e-05,-0.0038250598590821,0.0111753307282924,0.0011528093600645,32760.0,1.6607470512390137
seeded_ic_v1,19980020,-0.017431,-0.024454,-2.351529,10.232681,0.704866,0.30309238,adaptive_ramp_v1,18.0,0.08,11.925631523132324,adaptive_brake,0.2072773724794387,-0.1572717428207397,0.4121103882789612,0.0563095696270465,-0.0374211072921752,-0.2180933803319931,-0.5642493367195129,-0.1573997288942337,4.690289974212647,-0.4827462434768677,-4.394528865814209,-1.7700127363204956,32505,32395,32939,34083,0.95,cem_tuned_boundary,opp_m3_12000,0,0,12000,0,5.73871124581079,0.3476,0.0761563496883014,0.0111753307282924,-0.0158662684261798,-0.0231468435376882,0.7177340388298035,-0.000143556157127,-6.128767563495785e-05,-0.0038250598590821,0.0111753307282924,0.0011528093600645,32760.0,1.6790404319763184
seeded_ic_v1,19980020,-0.017431,-0.024454,-2.351529,10.232681,0.704866,0.30309238,adaptive_ramp_v1,18.0,0.08,11.925790309906006,adaptive_brake,0.2072773724794387,-0.1572717428207397,0.4121103882789612,0.0563095696270465,-0.0374211072921752,-0.2180933803319931,-0.571282148361206,-0.0651659592986106,4.654032707214356,-0.0768940076231956,-4.2931671142578125,-1.7700194120407104,32505,32395,32939,34083,0.95,cem_tuned_boundary,opp_m3_12000,0,0,12000,0,5.73871124581079,0.3476,0.0761563496883014,0.0111753307282924,-0.0158662684261798,-0.0231468435376882,0.7177340388298035,-0.000143556157127,-6.128767563495785e-05,-0.0038250598590821,0.0111753307282924,0.0011528093600645,32760.0,1.67919921875
seeded_ic_v1,19980020,-0.017431,-0.024454,-2.351529,10.232681,0.704866,0.30309238,adaptive_ramp_v1,18.0,0.08,11.925869226455688,adaptive_brake,0.2072773724794387,-0.1572717428207397,0.4121103882789612,0.0563095696270465,-0.0374211072921752,-0.2180933803319931,-0.571282148361206,-0.0651659592986106,4.654032707214356,-0.0768940076231956,-4.2931671142578125,-1.7700194120407104,32505,32507,32955,34147,0.95,cem_tuned_boundary,opp_m3_12000,0,0,12000,0,5.73871124581079,0.3476,0.0761563496883014,0.0111753307282924,-0.0158662684261798,-0.0231468435376882,0.7177340388298035,-0.000143556157127,-6.128767563495785e-05,-0.0038250598590821,0.0111753307282924,0.0011528093600645,32760.0,1.6792781352996826
seeded_ic_v1,19980020,-0.017431,-0.024454,-2.351529,10.232681,0.704866,0.30309238,adaptive_ramp_v1,18.0,0.08,11.945692300796509,adaptive_brake,0.2083723843097686,-0.1579160541296005,0.4078111946582794,0.0561601966619491,-0.0350893251597881,-0.2179648131132125,-0.571282148361206,-0.0651659592986106,4.654032707214356,-0.0768940076231956,-4.2931671142578125,-1.7700194120407104,32505,32507,32955,34147,0.95,cem_tuned_boundary,opp_m3_12000,0,0,12000,0,5.73871124581079,0.3476,0.0761563496883014,0.0111753307282924,-0.0158662684261798,-0.0231468435376882,0.7177340388298035,-0.000143556157127,-6.128767563495785e-05,-0.0038250598590821,0.0111753307282924,0.0011528093600645,32760.0,1.699101209640503
seeded_ic_v1,19980020,-0.017431,-0.024454,-2.351529,10.232681,0.704866,0.30309238,adaptive_ramp_v1,18.0,0.08,11.945834398269652,adaptive_brake,0.2083723843097686,-0.1579160541296005,0.4078111946582794,0.0561601966619491,-0.0350893251597881,-0.2179648131132125,-0.5701353549957275,0.0196736827492713,4.620109558105469,0.3094719052314758,-4.098333358764648,-1.709059715270996,32505,32507,32955,34147,0.95,cem_tuned_boundary,opp_m3_12000,0,0,12000,0,5.73871124581079,0.3476,0.0761563496883014,0.0111753307282924,-0.0158662684261798,-0.0231468435376882,0.7177340388298035,-0.000143556157127,-6.128767563495785e-05,-0.0038250598590821,0.0111753307282924,0.0011528093600645,32760.0,1.6992433071136457
seeded_ic_v1,19980020,-0.017431,-0.024454,-2.351529,10.232681,0.704866,0.30309238,adaptive_ramp_v1,18.0,0.08,11.94590187072754,adaptive_brake,0.2083723843097686,-0.1579160541296005,0.4078111946582794,0.0561601966619491,-0.0350893251597881,-0.2179648131132125,-0.5701353549957275,0.0196736827492713,4.620109558105469,0.3094719052314758,-4.098333358764648,-1.709059715270996,32505,31671,32965,33325,0.95,cem_tuned_boundary,opp_m3_12000,0,0,12000,0,5.73871124581079,0.3476,0.0761563496883014,0.0111753307282924,-0.0158662684261798,-0.0231468435376882,0.7177340388298035,-0.000143556157127,-6.128767563495785e-05,-0.0038250598590821,0.0111753307282924,0.0011528093600645,32760.0,1.699310779571535
seeded_ic_v1,19980020,-0.017431,-0.024454,-2.351529,10.232681,0.704866,0.30309238,adaptive_ramp_v1,18.0,0.08,11.965673446655272,adaptive_brake,0.2094554007053375,-0.1585191935300827,0.4034965634346008,0.0557002238929271,-0.0328146964311599,-0.2177917510271072,-0.5701353549957275,0.0196736827492713,4.620109558105469,0.3094719052314758,-4.098333358764648,-1.709059715270996,32505,31671,32965,33325,0.95,cem_tuned_boundary,opp_m3_12000,0,0,12000,0,5.73871124581079,0.3476,0.0761563496883014,0.0111753307282924,-0.0158662684261798,-0.0231468435376882,0.7177340388298035,-0.000143556157127,-6.128767563495785e-05,-0.0038250598590821,0.0111753307282924,0.0011528093600645,32760.0,1.7190823554992658
seeded_ic_v1,19980020,-0.017431,-0.024454,-2.351529,10.232681,0.704866,0.30309238,adaptive_ramp_v1,18.0,0.08,11.9658043384552,adaptive_brake,0.2094554007053375,-0.1585191935300827,0.4034965634346008,0.0557002238929271,-0.0328146964311599,-0.2177917510271072,-0.560001015663147,0.0998393073678016,4.586721897125244,0.7583539485931396,-3.854666233062744,-1.6832517385482788,32505,31671,32965,33325,0.95,cem_tuned_boundary,opp_m3_12000,0,0,12000,0,5.73871124581079,0.3476,0.0761563496883014,0.0111753307282924,-0.0158662684261798,-0.0231468435376882,0.7177340388298035,-0.000143556157127,-6.128767563495785e-05,-0.0038250598590821,0.0111753307282924,0.0011528093600645,32760.0,1.7192132472991943
seeded_ic_v1,19980020,-0.017431,-0.024454,-2.351529,10.232681,0.704866,0.30309238,adaptive_ramp_v1,18.0,0.08,11.96587061882019,adaptive_brake,0.2094554007053375,-0.1585191935300827,0.4034965634346008,0.0557002238929271,-0.0328146964311599,-0.2177917510271072,-0.560001015663147,0.0998393073678016,4.586721897125244,0.7583539485931396,-3.854666233062744,-1.6832517385482788,32505,32477,33011,34001,0.95,cem_tuned_boundary,opp_m3_12000,0,0,12000,0,5.73871124581079,0.3476,0.0761563496883014,0.0111753307282924,-0.0158662684261798,-0.0231468435376882,0.7177340388298035,-0.000143556157127,-6.128767563495785e-05,-0.0038250598590821,0.0111753307282924,0.0011528093600645,32760.0,1.7192795276641846
seeded_ic_v1,19980020,-0.017431,-0.024454,-2.351529,10.232681,0.704866,0.30309238,adaptive_ramp_v1,18.0,0.08,11.986932277679443,adaptive_brake,0.2105756253004074,-0.1591131836175918,0.3989514112472534,0.0549188517034053,-0.0305351521819829,-0.2177179753780365,-0.560001015663147,0.0998393073678016,4.586721897125244,0.7583539485931396,-3.854666233062744,-1.6832517385482788,32505,32477,33011,34001,0.95,cem_tuned_boundary,opp_m3_12000,0,0,12000,0,5.73871124581079,0.3476,0.0761563496883014,0.0111753307282924,-0.0158662684261798,-0.0231468435376882,0.7177340388298035,-0.000143556157127,-6.128767563495785e-05,-0.0038250598590821,0.0111753307282924,0.0011528093600645,32760.0,1.7403411865234375
seeded_ic_v1,19980020,-0.017431,-0.024454,-2.351529,10.232681,0.704866,0.30309238,adaptive_ramp_v1,18.0,0.08,11.987101316452026,adaptive_brake,0.2105756253004074,-0.1591131836175918,0.3989514112472534,0.0549188517034053,-0.0305351521819829,-0.2177179753780365,-0.5408204793930054,0.179360419511795,4.552687644958496,1.1234872341156006,-3.63339114189148,-1.6479535102844238,32505,32477,33011,34001,0.95,cem_tuned_boundary,opp_m3_12000,0,0,12000,0,5.73871124581079,0.3476,0.0761563496883014,0.0111753307282924,-0.0158662684261798,-0.0231468435376882,0.7177340388298035,-0.000143556157127,-6.128767563495785e-05,-0.0038250598590821,0.0111753307282924,0.0011528093600645,32760.0,1.7405102252960205
seeded_ic_v1,19980020,-0.017431,-0.024454,-2.351529,10.232681,0.704866,0.30309238,adaptive_ramp_v1,18.0,0.08,11.98715329170227,adaptive_brake,0.2105756253004074,-0.1591131836175918,0.3989514112472534,0.0549188517034053,-0.0305351521819829,-0.2177179753780365,-0.5408204793930054,0.179360419511795,4.552687644958496,1.1234872341156006,-3.63339114189148,-1.6479535102844238,32505,31741,32955,33217,0.95,cem_tuned_boundary,opp_m3_12000,0,0,12000,0,5.73871124581079,0.3476,0.0761563496883014,0.0111753307282924,-0.0158662684261798,-0.0231468435376882,0.7177340388298035,-0.000143556157127,-6.128767563495785e-05,-0.0038250598590821,0.0111753307282924,0.0011528093600645,32760.0,1.7405622005462646
seeded_ic_v1,19980020,-0.017431,-0.024454,-2.351529,10.232681,0.704866,0.30309238,adaptive_ramp_v1,18.0,0.08,12.006823062896729,adaptive_brake,0.2116072624921798,-0.1596307307481765,0.3946605920791626,0.0538417771458625,-0.0284354612231254,-0.2174563258886337,-0.5408204793930054,0.179360419511795,4.552687644958496,1.1234872341156006,-3.63339114189148,-1.6479535102844238,32505,31741,32955,33217,0.95,cem_tuned_boundary,opp_m3_12000,0,0,12000,0,5.73871124581079,0.3476,0.0761563496883014,0.0111753307282924,-0.0158662684261798,-0.0231468435376882,0.7177340388298035,-0.000143556157127,-6.128767563495785e-05,-0.0038250598590821,0.0111753307282924,0.0011528093600645,32760.0,1.7602319717407227
seeded_ic_v1,19980020,-0.017431,-0.024454,-2.351529,10.232681,0.704866,0.30309238,adaptive_ramp_v1,18.0,0.08,12.007067680358888,adaptive_brake,0.2116072624921798,-0.1596307307481765,0.3946605920791626,0.0538417771458625,-0.0284354612231254,-0.2174563258886337,-0.5157874226570129,0.2499551922082901,4.5203776359558105,1.384352684020996,-3.3460845947265625,-1.64794921875,32505,31741,32955,33217,0.95,cem_tuned_boundary,opp_m3_12000,0,0,12000,0,5.73871124581079,0.3476,0.0761563496883014,0.0111753307282924,-0.0158662684261798,-0.0231468435376882,0.7177340388298035,-0.000143556157127,-6.128767563495785e-05,-0.0038250598590821,0.0111753307282924,0.0011528093600645,32760.0,1.7604765892028826
seeded_ic_v1,19980020,-0.017431,-0.024454,-2.351529,10.232681,0.704866,0.30309238,adaptive_ramp_v1,18.0,0.08,12.007160425186155,adaptive_brake,0.2116072624921798,-0.1596307307481765,0.3946605920791626,0.0538417771458625,-0.0284354612231254,-0.2174563258886337,-0.5157874226570129,0.2499551922082901,4.5203776359558105,1.384352684020996,-3.3460845947265625,-1.64794921875,32505,32531,33009,33885,0.95,cem_tuned_boundary,opp_m3_12000,0,0,12000,0,5.73871124581079,0.3476,0.0761563496883014,0.0111753307282924,-0.0158662684261798,-0.0231468435376882,0.7177340388298035,-0.000143556157127,-6.128767563495785e-05,-0.0038250598590821,0.0111753307282924,0.0011528093600645,32760.0,1.7605693340301496
seeded_ic_v1,19980020,-0.017431,-0.024454,-2.351529,10.232681,0.704866,0.30309238,adaptive_ramp_v1,18.0,0.08,12.026720762252808,adaptive_brake,0.212612122297287,-0.1601139158010482,0.3903525173664093,0.0525250285863876,-0.0264736097306013,-0.2173327207565307,-0.5157874226570129,0.2499551922082901,4.5203776359558105,1.384352684020996,-3.3460845947265625,-1.64794921875,32505,32531,33009,33885,0.95,cem_tuned_boundary,opp_m3_12000,0,0,12000,0,5.73871124581079,0.3476,0.0761563496883014,0.0111753307282924,-0.0158662684261798,-0.0231468435376882,0.7177340388298035,-0.000143556157127,-6.128767563495785e-05,-0.0038250598590821,0.0111753307282924,0.0011528093600645,32760.0,1.7801296710968018
seeded_ic_v1,19980020,-0.017431,-0.024454,-2.351529,10.232681,0.704866,0.30309238,adaptive_ramp_v1,18.0,0.08,12.026883840560911,adaptive_brake,0.212612122297287,-0.1601139158010482,0.3903525173664093,0.0525250285863876,-0.0264736097306013,-0.2173327207565307,-0.486401230096817,0.314372569322586,4.487980842590332,1.5874688625335691,-3.0054328441619877,-1.64794921875,32505,32531,33009,33885,0.95,cem_tuned_boundary,opp_m3_12000,0,0,12000,0,5.73871124581079,0.3476,0.0761563496883014,0.0111753307282924,-0.0158662684261798,-0.0231468435376882,0.7177340388298035,-0.000143556157127,-6.128767563495785e-05,-0.0038250598590821,0.0111753307282924,0.0011528093600645,32760.0,1.7802927494049055
seeded_ic_v1,19980020,-0.017431,-0.024454,-2.351529,10.232681,0.704866,0.30309238,adaptive_ramp_v1,18.0,0.08,12.026952743530272,adaptive_brake,0.212612122297287,-0.1601139158010482,0.3903525173664093,0.0525250285863876,-0.0264736097306013,-0.2173327207565307,-0.486401230096817,0.314372569322586,4.487980842590332,1.5874688625335691,-3.0054328441619877,-1.64794921875,32505,31833,33033,33207,0.95,cem_tuned_boundary,opp_m3_12000,0,0,12000,0,5.73871124581079,0.3476,0.0761563496883014,0.0111753307282924,-0.0158662684261798,-0.0231468435376882,0.7177340388298035,-0.000143556157127,-6.128767563495785e-05,-0.0038250598590821,0.0111753307282924,0.0011528093600645,32760.0,1.7803616523742658
seeded_ic_v1,19980020,-0.017431,-0.024454,-2.351529,10.232681,0.704866,0.30309238,adaptive_ramp_v1,18.0,0.08,12.0455424785614,adaptive_brake,0.2130730152130127,-0.160314992070198,0.3882014453411102,0.0516425631940364,-0.0254170633852481,-0.2172433882951736,-0.486401230096817,0.314372569322586,4.487980842590332,1.5874688625335691,-3.0054328441619877,-1.64794921875,32505,31833,33033,33207,0.95,cem_tuned_boundary,opp_m3_12000,0,0,12000,0,5.73871124581079,0.3476,0.0761563496883014,0.0111753307282924,-0.0158662684261798,-0.0231468435376882,0.7177340388298035,-0.000143556157127,-6.128767563495785e-05,-0.0038250598590821,0.0111753307282924,0.0011528093600645,32760.0,1.7989513874053937
seeded_ic_v1,19980020,-0.017431,-0.024454,-2.351529,10.232681,0.704866,0.30309238,adaptive_ramp_v1,18.0,0.08,12.045736074447632,adaptive_brake,0.2130730152130127,-0.160314992070198,0.3882014453411102,0.0516425631940364,-0.0254170633852481,-0.2172433882951736,-0.4699813425540924,0.3438827991485595,4.471747398376465,1.8222123384475708,-2.656376838684082,-1.64794921875,32505,31833,33033,33207,0.95,cem_tuned_boundary,opp_m3_12000,0,0,12000,0,5.73871124581079,0.3476,0.0761563496883014,0.0111753307282924,-0.0158662684261798,-0.0231468435376882,0.7177340388298035,-0.000143556157127,-6.128767563495785e-05,-0.0038250598590821,0.0111753307282924,0.0011528093600645,32760.0,1.799144983291626
seeded_ic_v1,19980020,-0.017431,-0.024454,-2.351529,10.232681,0.704866,0.30309238,adaptive_ramp_v1,18.0,0.08,12.04581093788147,adaptive_brake,0.2130730152130127,-0.160314992070198,0.3882014453411102,0.0516425631940364,-0.0254170633852481,-0.2172433882951736,-0.4699813425540924,0.3438827991485595,4.471747398376465,1.8222123384475708,-2.656376838684082,-1.64794921875,32505,31869,33025,33167,0.95,cem_tuned_boundary,opp_m3_12000,0,0,12000,0,5.73871124581079,0.3476,0.0761563496883014,0.0111753307282924,-0.0158662684261798,-0.0231468435376882,0.7177340388298035,-0.000143556157127,-6.128767563495785e-05,-0.0038250598590821,0.0111753307282924,0.0011528093600645,32760.0,1.7992198467254639
seeded_ic_v1,19980020,-0.017431,-0.024454,-2.351529,10.232681,0.704866,0.30309238,adaptive_ramp_v1,18.0,0.08,12.066570043563845,adaptive_brake,0.2141157388687133,-0.1607948243618011,0.3834995031356811,0.0498071387410163,-0.0235174726694822,-0.2169020771980285,-0.4699813425540924,0.3438827991485595,4.471747398376465,1.8222123384475708,-2.656376838684082,-1.64794921875,32505,31869,33025,33167,0.95,cem_tuned_boundary,opp_m3_12000,0,0,12000,0,5.73871124581079,0.3476,0.0761563496883014,0.0111753307282924,-0.0158662684261798,-0.0231468435376882,0.7177340388298035,-0.000143556157127,-6.128767563495785e-05,-0.0038250598590821,0.0111753307282924,0.0011528093600645,32760.0,1.8199789524078387
seeded_ic_v1,19980020,-0.017431,-0.024454,-2.351529,10.232681,0.704866,0.30309238,adaptive_ramp_v1,18.0,0.08,12.066763162612917,adaptive_brake,0.2141157388687133,-0.1607948243618011,0.3834995031356811,0.0498071387410163,-0.0235174726694822,-0.2169020771980285,-0.4295997321605682,0.4025421440601349,4.435951232910156,2.0560147762298584,-2.307260751724243,-1.6222167015075684,32505,31869,33025,33167,0.95,cem_tuned_boundary,opp_m3_12000,0,0,12000,0,5.73871124581079,0.3476,0.0761563496883014,0.0111753307282924,-0.0158662684261798,-0.0231468435376882,0.7177340388298035,-0.000143556157127,-6.128767563495785e-05,-0.0038250598590821,0.0111753307282924,0.0011528093600645,32760.0,1.820172071456911
seeded_ic_v1,19980020,-0.017431,-0.024454,-2.351529,10.232681,0.704866,0.30309238,adaptive_ramp_v1,18.0,0.08,12.066842079162598,adaptive_brake,0.2141157388687133,-0.1607948243618011,0.3834995031356811,0.0498071387410163,-0.0235174726694822,-0.2169020771980285,-0.4295997321605682,0.4025421440601349,4.435951232910156,2.0560147762298584,-2.307260751724243,-1.6222167015075684,32505,31905,33013,33111,0.95,cem_tuned_boundary,opp_m3_12000,0,0,12000,0,5.73871124581079,0.3476,0.0761563496883014,0.0111753307282924,-0.0158662684261798,-0.0231468435376882,0.7177340388298035,-0.000143556157127,-6.128767563495785e-05,-0.0038250598590821,0.0111753307282924,0.0011528093600645,32760.0,1.8202509880065918
seeded_ic_v1,19980020,-0.017431,-0.024454,-2.351529,10.232681,0.704866,0.30309238,adaptive_ramp_v1,18.0,0.08,12.086849927902222,adaptive_brake,0.2150166481733322,-0.1611959189176559,0.3792332112789154,0.04791696742177,-0.0219436399638652,-0.2166114598512649,-0.4295997321605682,0.4025421440601349,4.435951232910156,2.0560147762298584,-2.307260751724243,-1.6222167015075684,32505,31905,33013,33111,0.95,cem_tuned_boundary,opp_m3_12000,0,0,12000,0,5.73871124581079,0.3476,0.0761563496883014,0.0111753307282924,-0.0158662684261798,-0.0231468435376882,0.7177340388298035,-0.000143556157127,-6.128767563495785e-05,-0.0038250598590821,0.0111753307282924,0.0011528093600645,32760.0,1.8402588367462158
seeded_ic_v1,19980020,-0.017431,-0.024454,-2.351529,10.232681,0.704866,0.30309238,adaptive_ramp_v1,18.0,0.08,12.087516069412231,adaptive_brake,0.2150166481733322,-0.1611959189176559,0.3792332112789154,0.04791696742177,-0.0219436399638652,-0.2166114598512649,-0.3882560431957245,0.4486817121505737,4.40367603302002,2.2619545459747314,-1.8723127841949463,-1.5965555906295776,32505,31905,33013,33111,0.95,cem_tuned_boundary,opp_m3_12000,0,0,12000,0,5.73871124581079,0.3476,0.0761563496883014,0.0111753307282924,-0.0158662684261798,-0.0231468435376882,0.7177340388298035,-0.000143556157127,-6.128767563495785e-05,-0.0038250598590821,0.0111753307282924,0.0011528093600645,32760.0,1.8409249782562256
seeded_ic_v1,19980020,-0.017431,-0.024454,-2.351529,10.232681,0.704866,0.30309238,adaptive_ramp_v1,18.0,0.08,12.087614059448242,adaptive_brake,0.2150166481733322,-0.1611959189176559,0.3792332112789154,0.04791696742177,-0.0219436399638652,-0.2166114598512649,-0.3882560431957245,0.4486817121505737,4.40367603302002,2.2619545459747314,-1.8723127841949463,-1.5965555906295776,32505,31905,32967,33061,0.95,cem_tuned_boundary,opp_m3_12000,0,0,12000,0,5.73871124581079,0.3476,0.0761563496883014,0.0111753307282924,-0.0158662684261798,-0.0231468435376882,0.7177340388298035,-0.000143556157127,-6.128767563495785e-05,-0.0038250598590821,0.0111753307282924,0.0011528093600645,32760.0,1.8410229682922363
seeded_ic_v1,19980020,-0.017431,-0.024454,-2.351529,10.232681,0.704866,0.30309238,adaptive_ramp_v1,18.0,0.08,12.10678505897522,adaptive_brake,0.2158808708190918,-0.1615747213363647,0.3749445676803589,0.0459010824561119,-0.0205615721642971,-0.2164743542671203,-0.3882560431957245,0.4486817121505737,4.40367603302002,2.2619545459747314,-1.8723127841949463,-1.5965555906295776,32505,31905,32967,33061,0.95,cem_tuned_boundary,opp_m3_12000,0,0,12000,0,5.73871124581079,0.3476,0.0761563496883014,0.0111753307282924,-0.0158662684261798,-0.0231468435376882,0.7177340388298035,-0.000143556157127,-6.128767563495785e-05,-0.0038250598590821,0.0111753307282924,0.0011528093600645,32760.0,1.8601939678192139
seeded_ic_v1,19980020,-0.017431,-0.024454,-2.351529,10.232681,0.704866,0.30309238,adaptive_ramp_v1,18.0,0.08,12.107064962387083,adaptive_brake,0.2158808708190918,-0.1615747213363647,0.3749445676803589,0.0459010824561119,-0.0205615721642971,-0.2164743542671203,-0.342657059431076,0.486208438873291,4.3720293045043945,2.3839383125305176,-1.4391438961029053,-1.6177401542663574,32505,31905,32967,33061,0.95,cem_tuned_boundary,opp_m3_12000,0,0,12000,0,5.73871124581079,0.3476,0.0761563496883014,0.0111753307282924,-0.0158662684261798,-0.0231468435376882,0.7177340388298035,-0.000143556157127,-6.128767563495785e-05,-0.0038250598590821,0.0111753307282924,0.0011528093600645,32760.0,1.8604738712310773
seeded_ic_v1,19980020,-0.017431,-0.024454,-2.351529,10.232681,0.704866,0.30309238,adaptive_ramp_v1,18.0,0.08,12.107165098190308,adaptive_brake,0.2158808708190918,-0.1615747213363647,0.3749445676803589,0.0459010824561119,-0.0205615721642971,-0.2164743542671203,-0.342657059431076,0.486208438873291,4.3720293045043945,2.3839383125305176,-1.4391438961029053,-1.6177401542663574,32505,31911,32927,33019,0.95,cem_tuned_boundary,opp_m3_12000,0,0,12000,0,5.73871124581079,0.3476,0.0761563496883014,0.0111753307282924,-0.0158662684261798,-0.0231468435376882,0.7177340388298035,-0.000143556157127,-6.128767563495785e-05,-0.0038250598590821,0.0111753307282924,0.0011528093600645,32760.0,1.8605740070343018
seeded_ic_v1,19980020,-0.017431,-0.024454,-2.351529,10.232681,0.704866,0.30309238,adaptive_ramp_v1,18.0,0.08,12.126734495162964,adaptive_brake,0.2167062312364578,-0.1619346290826797,0.3706341981887817,0.0437915697693824,-0.0193797182291746,-0.2165851444005966,-0.342657059431076,0.486208438873291,4.3720293045043945,2.3839383125305176,-1.4391438961029053,-1.6177401542663574,32505,31911,32927,33019,0.95,cem_tuned_boundary,opp_m3_12000,0,0,12000,0,5.73871124581079,0.3476,0.0761563496883014,0.0111753307282924,-0.0158662684261798,-0.0231468435376882,0.7177340388298035,-0.000143556157127,-6.128767563495785e-05,-0.0038250598590821,0.0111753307282924,0.0011528093600645,32760.0,1.880143404006958
seeded_ic_v1,19980020,-0.017431,-0.024454,-2.351529,10.232681,0.704866,0.30309238,adaptive_ramp_v1,18.0,0.08,12.12688970565796,adaptive_brake,0.2167062312364578,-0.1619346290826797,0.3706341981887817,0.0437915697693824,-0.0193797182291746,-0.2165851444005966,-0.2942924499511719,0.5149690508842468,4.340023994445801,2.4413535594940186,-1.032484769821167,-1.5864293575286863,32505,31911,32927,33019,0.95,cem_tuned_boundary,opp_m3_12000,0,0,12000,0,5.73871124581079,0.3476,0.0761563496883014,0.0111753307282924,-0.0158662684261798,-0.0231468435376882,0.7177340388298035,-0.000143556157127,-6.128767563495785e-05,-0.0038250598590821,0.0111753307282924,0.0011528093600645,32760.0,1.880298614501955
seeded_ic_v1,19980020,-0.017431,-0.024454,-2.351529,10.232681,0.704866,0.30309238,adaptive_ramp_v1,18.0,0.08,12.126956701278688,adaptive_brake,0.2167062312364578,-0.1619346290826797,0.3706341981887817,0.0437915697693824,-0.0193797182291746,-0.2165851444005966,-0.2942924499511719,0.5149690508842468,4.340023994445801,2.4413535594940186,-1.032484769821167,-1.5864293575286863,32505,31915,32897,32973,0.95,cem_tuned_boundary,opp_m3_12000,0,0,12000,0,5.73871124581079,0.3476,0.0761563496883014,0.0111753307282924,-0.0158662684261798,-0.0231468435376882,0.7177340388298035,-0.000143556157127,-6.128767563495785e-05,-0.0038250598590821,0.0111753307282924,0.0011528093600645,32760.0,1.8803656101226824
seeded_ic_v1,19980020,-0.017431,-0.024454,-2.351529,10.232681,0.704866,0.30309238,adaptive_ramp_v1,18.0,0.08,12.146620512008669,adaptive_brake,0.2174912095069885,-0.1622790694236755,0.3663017451763153,0.0416176952421665,-0.0184006374329328,-0.216872900724411,-0.2942924499511719,0.5149690508842468,4.340023994445801,2.4413535594940186,-1.032484769821167,-1.5864293575286863,32505,31915,32897,32973,0.95,cem_tuned_boundary,opp_m3_12000,0,0,12000,0,5.73871124581079,0.3476,0.0761563496883014,0.0111753307282924,-0.0158662684261798,-0.0231468435376882,0.7177340388298035,-0.000143556157127,-6.128767563495785e-05,-0.0038250598590821,0.0111753307282924,0.0011528093600645,32760.0,1.900029420852663
seeded_ic_v1,19980020,-0.017431,-0.024454,-2.351529,10.232681,0.704866,0.30309238,adaptive_ramp_v1,18.0,0.08,12.14687967300415,adaptive_brake,0.2174912095069885,-0.1622790694236755,0.3663017451763153,0.0416176952421665,-0.0184006374329328,-0.216872900724411,-0.2447330355644226,0.535724937915802,4.308311462402344,2.50235652923584,-0.675804615020752,-1.6507136821746826,32505,31915,32897,32973,0.95,cem_tuned_boundary,opp_m3_12000,0,0,12000,0,5.73871124581079,0.3476,0.0761563496883014,0.0111753307282924,-0.0158662684261798,-0.0231468435376882,0.7177340388298035,-0.000143556157127,-6.128767563495785e-05,-0.0038250598590821,0.0111753307282924,0.0011528093600645,32760.0,1.9002885818481445
seeded_ic_v1,19980020,-0.017431,-0.024454,-2.351529,10.232681,0.704866,0.30309238,adaptive_ramp_v1,18.0,0.08,12.146985292434692,adaptive_brake,0.2174912095069885,-0.1622790694236755,0.3663017451763153,0.0416176952421665,-0.0184006374329328,-0.216872900724411,-0.2447330355644226,0.535724937915802,4.308311462402344,2.50235652923584,-0.675804615020752,-1.6507136821746826,32505,31937,32851,32933,0.95,cem_tuned_boundary,opp_m3_12000,0,0,12000,0,5.73871124581079,0.3476,0.0761563496883014,0.0111753307282924,-0.0158662684261798,-0.0231468435376882,0.7177340388298035,-0.000143556157127,-6.128767563495785e-05,-0.0038250598590821,0.0111753307282924,0.0011528093600645,32760.0,1.9003942012786865
seeded_ic_v1,19980020,-0.017431,-0.024454,-2.351529,10.232681,0.704866,0.30309238,adaptive_ramp_v1,18.0,0.08,12.166635036468506,adaptive_brake,0.2183026224374771,-0.1626416444778442,0.3615811467170715,0.0391637235879898,-0.0175365544855594,-0.2171303331851959,-0.2447330355644226,0.535724937915802,4.308311462402344,2.50235652923584,-0.675804615020752,-1.6507136821746826,32505,31937,32851,32933,0.95,cem_tuned_boundary,opp_m3_12000,0,0,12000,0,5.73871124581079,0.3476,0.0761563496883014,0.0111753307282924,-0.0158662684261798,-0.0231468435376882,0.7177340388298035,-0.000143556157127,-6.128767563495785e-05,-0.0038250598590821,0.0111753307282924,0.0011528093600645,32760.0,1.9200439453125
seeded_ic_v1,19980020,-0.017431,-0.024454,-2.351529,10.232681,0.704866,0.30309238,adaptive_ramp_v1,18.0,0.08,12.166986227035522,adaptive_brake,0.2183026224374771,-0.1626416444778442,0.3615811467170715,0.0391637235879898,-0.0175365544855594,-0.2171303331851959,-0.1890231817960739,0.5505678653717041,4.272359848022461,2.5634007453918457,-0.3411135077476501,-1.6708707809448242,32505,31937,32851,32933,0.95,cem_tuned_boundary,opp_m3_12000,0,0,12000,0,5.73871124581079,0.3476,0.0761563496883014,0.0111753307282924,-0.0158662684261798,-0.0231468435376882,0.7177340388298035,-0.000143556157127,-6.128767563495785e-05,-0.0038250598590821,0.0111753307282924,0.0011528093600645,32760.0,1.9203951358795166
seeded_ic_v1,19980020,-0.017431,-0.024454,-2.351529,10.232681,0.704866,0.30309238,adaptive_ramp_v1,18.0,0.08,12.167161226272585,adaptive_brake,0.2183026224374771,-0.1626416444778442,0.3615811467170715,0.0391637235879898,-0.0175365544855594,-0.2171303331851959,-0.1890231817960739,0.5505678653717041,4.272359848022461,2.5634007453918457,-0.3411135077476501,-1.6708707809448242,32505,31915,32731,32863,0.95,cem_tuned_boundary,opp_m3_12000,0,0,12000,0,5.73871124581079,0.3476,0.0761563496883014,0.0111753307282924,-0.0158662684261798,-0.0231468435376882,0.7177340388298035,-0.000143556157127,-6.128767563495785e-05,-0.0038250598590821,0.0111753307282924,0.0011528093600645,32760.0,1.920570135116579
seeded_ic_v1,19980020,-0.017431,-0.024454,-2.351529,10.232681,0.704866,0.30309238,adaptive_ramp_v1,18.0,0.08,12.186915636062622,adaptive_brake,0.2189876586198806,-0.1629586517810821,0.3572821319103241,0.0368828028440475,-0.0169497374445199,-0.2175184935331344,-0.1890231817960739,0.5505678653717041,4.272359848022461,2.5634007453918457,-0.3411135077476501,-1.6708707809448242,32505,31915,32731,32863,0.95,cem_tuned_boundary,opp_m3_12000,0,0,12000,0,5.73871124581079,0.3476,0.0761563496883014,0.0111753307282924,-0.0158662684261798,-0.0231468435376882,0.7177340388298035,-0.000143556157127,-6.128767563495785e-05,-0.0038250598590821,0.0111753307282924,0.0011528093600645,32760.0,1.9403245449066162
seeded_ic_v1,19980020,-0.017431,-0.024454,-2.351529,10.232681,0.704866,0.30309238,adaptive_ramp_v1,18.0,0.08,12.18724250793457,adaptive_brake,0.2189876586198806,-0.1629586517810821,0.3572821319103241,0.0368828028440475,-0.0169497374445199,-0.2175184935331344,-0.13792185485363,0.5568322539329529,4.238919258117676,2.4457225799560547,-0.0603858008980751,-1.7088903188705444,32505,31915,32731,32863,0.95,cem_tuned_boundary,opp_m3_12000,0,0,12000,0,5.73871124581079,0.3476,0.0761563496883014,0.0111753307282924,-0.0158662684261798,-0.0231468435376882,0.7177340388298035,-0.000143556157127,-6.128767563495785e-05,-0.0038250598590821,0.0111753307282924,0.0011528093600645,32760.0,1.9406514167785645
seeded_ic_v1,19980020,-0.017431,-0.024454,-2.351529,10.232681,0.704866,0.30309238,adaptive_ramp_v1,18.0,0.08,12.187376499176024,adaptive_brake,0.2189876586198806,-0.1629586517810821,0.3572821319103241,0.0368828028440475,-0.0169497374445199,-0.2175184935331344,-0.13792185485363,0.5568322539329529,4.238919258117676,2.4457225799560547,-0.0603858008980751,-1.7088903188705444,32505,31947,32749,32877,0.95,cem_tuned_boundary,opp_m3_12000,0,0,12000,0,5.73871124581079,0.3476,0.0761563496883014,0.0111753307282924,-0.0158662684261798,-0.0231468435376882,0.7177340388298035,-0.000143556157127,-6.128767563495785e-05,-0.0038250598590821,0.0111753307282924,0.0011528093600645,32760.0,1.9407854080200178
seeded_ic_v1,19980020,-0.017431,-0.024454,-2.351529,10.232681,0.704866,0.30309238,adaptive_ramp_v1,18.0,0.08,12.206771850585938,adaptive_brake,0.2196492999792099,-0.1632800549268722,0.352832555770874,0.034707237035036,-0.0166056230664253,-0.2187131345272064,-0.13792185485363,0.5568322539329529,4.238919258117676,2.4457225799560547,-0.0603858008980751,-1.7088903188705444,32505,31947,32749,32877,0.95,cem_tuned_boundary,opp_m3_12000,0,0,12000,0,5.73871124581079,0.3476,0.0761563496883014,0.0111753307282924,-0.0158662684261798,-0.0231468435376882,0.7177340388298035,-0.000143556157127,-6.128767563495785e-05,-0.0038250598590821,0.0111753307282924,0.0011528093600645,32760.0,1.9601807594299316
seeded_ic_v1,19980020,-0.017431,-0.024454,-2.351529,10.232681,0.704866,0.30309238,adaptive_ramp_v1,18.0,0.08,12.206929445266724,adaptive_brake,0.2196492999792099,-0.1632800549268722,0.352832555770874,0.034707237035036,-0.0166056230664253,-0.2187131345272064,-0.0886591449379921,0.5577178597450256,4.204733848571777,2.3800041675567627,0.1674679517745971,-1.7089835405349731,32505,31947,32749,32877,0.95,cem_tuned_boundary,opp_m3_12000,0,0,12000,0,5.73871124581079,0.3476,0.0761563496883014,0.0111753307282924,-0.0158662684261798,-0.0231468435376882,0.7177340388298035,-0.000143556157127,-6.128767563495785e-05,-0.0038250598590821,0.0111753307282924,0.0011528093600645,32760.0,1.9603383541107178
seeded_ic_v1,19980020,-0.017431,-0.024454,-2.351529,10.232681,0.704866,0.30309238,adaptive_ramp_v1,18.0,0.08,12.207008361816406,adaptive_brake,0.2196492999792099,-0.1632800549268722,0.352832555770874,0.034707237035036,-0.0166056230664253,-0.2187131345272064,-0.0886591449379921,0.5577178597450256,4.204733848571777,2.3800041675567627,0.1674679517745971,-1.7089835405349731,32505,32007,32751,32823,0.95,cem_tuned_boundary,opp_m3_12000,0,0,12000,0,5.73871124581079,0.3476,0.0761563496883014,0.0111753307282924,-0.0158662684261798,-0.0231468435376882,0.7177340388298035,-0.000143556157127,-6.128767563495785e-05,-0.0038250598590821,0.0111753307282924,0.0011528093600645,32760.0,1.9604172706604004
seeded_ic_v1,19980020,-0.017431,-0.024454,-2.351529,10.232681,0.704866,0.30309238,adaptive_ramp_v1,18.0,0.08,12.226724863052368,adaptive_brake,0.2202543169260025,-0.163592517375946,0.3484759330749511,0.0324800796806812,-0.0164056327193975,-0.2193349599838256,-0.0886591449379921,0.5577178597450256,4.204733848571777,2.3800041675567627,0.1674679517745971,-1.7089835405349731,32505,32007,32751,32823,0.95,cem_tuned_boundary,opp_m3_12000,0,0,12000,0,5.73871124581079,0.3476,0.0761563496883014,0.0111753307282924,-0.0158662684261798,-0.0231468435376882,0.7177340388298035,-0.000143556157127,-6.128767563495785e-05,-0.0038250598590821,0.0111753307282924,0.0011528093600645,32760.0,1.9801337718963623
seeded_ic_v1,19980020,-0.017431,-0.024454,-2.351529,10.232681,0.704866,0.30309238,adaptive_ramp_v1,18.0,0.08,12.226938486099243,adaptive_brake,0.2202543169260025,-0.163592517375946,0.3484759330749511,0.0324800796806812,-0.0164056327193975,-0.2193349599838256,-0.0411708168685436,0.5533265471458435,4.170627593994141,2.269967794418335,0.5448676943778992,-1.6465587615966797,32505,32007,32751,32823,0.95,cem_tuned_boundary,opp_m3_12000,0,0,12000,0,5.73871124581079,0.3476,0.0761563496883014,0.0111753307282924,-0.0158662684261798,-0.0231468435376882,0.7177340388298035,-0.000143556157127,-6.128767563495785e-05,-0.0038250598590821,0.0111753307282924,0.0011528093600645,32760.0,1.9803473949432373
seeded_ic_v1,19980020,-0.017431,-0.024454,-2.351529,10.232681,0.704866,0.30309238,adaptive_ramp_v1,18.0,0.08,12.227023839950562,adaptive_brake,0.2202543169260025,-0.163592517375946,0.3484759330749511,0.0324800796806812,-0.0164056327193975,-0.2193349599838256,-0.0411708168685436,0.5533265471458435,4.170627593994141,2.269967794418335,0.5448676943778992,-1.6465587615966797,32505,31977,32705,32791,0.95,cem_tuned_boundary,opp_m3_12000,0,0,12000,0,5.73871124581079,0.3476,0.0761563496883014,0.0111753307282924,-0.0158662684261798,-0.0231468435376882,0.7177340388298035,-0.000143556157127,-6.128767563495785e-05,-0.0038250598590821,0.0111753307282924,0.0011528093600645,32760.0,1.9804327487945557
seeded_ic_v1,19980020,-0.017431,-0.024454,-2.351529,10.232681,0.704866,0.30309238,adaptive_ramp_v1,18.0,0.08,12.246631145477297,adaptive_brake,0.2208353728055954,-0.1639154553413391,0.3439705073833465,0.0303858369588851,-0.0164252631366252,-0.2207166105508804,-0.0411708168685436,0.5533265471458435,4.170627593994141,2.269967794418335,0.5448676943778992,-1.6465587615966797,32505,31977,32705,32791,0.95,cem_tuned_boundary,opp_m3_12000,0,0,12000,0,5.73871124581079,0.3476,0.0761563496883014,0.0111753307282924,-0.0158662684261798,-0.0231468435376882,0.7177340388298035,-0.000143556157127,-6.128767563495785e-05,-0.0038250598590821,0.0111753307282924,0.0011528093600645,32760.0,2.000040054321291
seeded_ic_v1,19980020,-0.017431,-0.024454,-2.351529,10.232681,0.704866,0.30309238,adaptive_ramp_v1,18.0,0.08,12.246875762939451,adaptive_brake,0.2208353728055954,-0.1639154553413391,0.3439705073833465,0.0303858369588851,-0.0164252631366252,-0.2207166105508804,0.0044712051749229,0.5417478680610657,4.137659549713135,2.147390842437744,0.849319577217102,-1.64794921875,32505,31977,32705,32791,0.95,cem_tuned_boundary,opp_m3_12000,0,0,12000,0,5.73871124581079,0.3476,0.0761563496883014,0.0111753307282924,-0.0158662684261798,-0.0231468435376882,0.7177340388298035,-0.000143556157127,-6.128767563495785e-05,-0.0038250598590821,0.0111753307282924,0.0011528093600645,32760.0,2.0002846717834455
seeded_ic_v1,19980020,-0.017431,-0.024454,-2.351529,10.232681,0.704866,0.30309238,adaptive_ramp_v1,18.0,0.08,12.246986150741575,adaptive_brake,0.2208353728055954,-0.1639154553413391,0.3439705073833465,0.0303858369588851,-0.0164252631366252,-0.2207166105508804,0.0044712051749229,0.5417478680610657,4.137659549713135,2.147390842437744,0.849319577217102,-1.64794921875,32505,31955,32635,32747,0.95,cem_tuned_boundary,opp_m3_12000,0,0,12000,0,5.73871124581079,0.3476,0.0761563496883014,0.0111753307282924,-0.0158662684261798,-0.0231468435376882,0.7177340388298035,-0.000143556157127,-6.128767563495785e-05,-0.0038250598590821,0.0111753307282924,0.0011528093600645,32760.0,2.0003950595855695
seeded_ic_v1,19980020,-0.017431,-0.024454,-2.351529,10.232681,0.704866,0.30309238,adaptive_ramp_v1,18.0,0.08,12.266607284545898,adaptive_brake,0.221402496099472,-0.1642580926418304,0.3392527401447296,0.0282501056790351,-0.0166068896651268,-0.2221042662858963,0.0044712051749229,0.5417478680610657,4.137659549713135,2.147390842437744,0.849319577217102,-1.64794921875,32505,31955,32635,32747,0.95,cem_tuned_boundary,opp_m3_12000,0,0,12000,0,5.73871124581079,0.3476,0.0761563496883014,0.0111753307282924,-0.0158662684261798,-0.0231468435376882,0.7177340388298035,-0.000143556157127,-6.128767563495785e-05,-0.0038250598590821,0.0111753307282924,0.0011528093600645,32760.0,2.0200161933898926
seeded_ic_v1,19980020,-0.017431,-0.024454,-2.351529,10.232681,0.704866,0.30309238,adaptive_ramp_v1,18.0,0.08,12.266952991485596,adaptive_brake,0.221402496099472,-0.1642580926418304,0.3392527401447296,0.0282501056790351,-0.0166068896651268,-0.2221042662858963,0.0497876703739166,0.5231619477272034,4.102997779846191,2.0248866081237797,1.089788794517517,-1.7041926383972168,32505,31955,32635,32747,0.95,cem_tuned_boundary,opp_m3_12000,0,0,12000,0,5.73871124581079,0.3476,0.0761563496883014,0.0111753307282924,-0.0158662684261798,-0.0231468435376882,0.7177340388298035,-0.000143556157127,-6.128767563495785e-05,-0.0038250598590821,0.0111753307282924,0.0011528093600645,32760.0,2.02036190032959
seeded_ic_v1,19980020,-0.017431,-0.024454,-2.351529,10.232681,0.704866,0.30309238,adaptive_ramp_v1,18.0,0.08,12.267076969146729,adaptive_brake,0.221402496099472,-0.1642580926418304,0.3392527401447296,0.0282501056790351,-0.0166068896651268,-0.2221042662858963,0.0497876703739166,0.5231619477272034,4.102997779846191,2.0248866081237797,1.089788794517517,-1.7041926383972168,32505,31945,32571,32741,0.95,cem_tuned_boundary,opp_m3_12000,0,0,12000,0,5.73871124581079,0.3476,0.0761563496883014,0.0111753307282924,-0.0158662684261798,-0.0231468435376882,0.7177340388298035,-0.000143556157127,-6.128767563495785e-05,-0.0038250598590821,0.0111753307282924,0.0011528093600645,32760.0,2.0204858779907227
seeded_ic_v1,19980020,-0.017431,-0.024454,-2.351529,10.232681,0.704866,0.30309238,adaptive_ramp_v1,18.0,0.08,12.28665852546692,adaptive_brake,0.2219126522541046,-0.1645986288785934,0.3346293270587921,0.0263537820428609,-0.0169680900871753,-0.2242748141288757,0.0497876703739166,0.5231619477272034,4.102997779846191,2.0248866081237797,1.089788794517517,-1.7041926383972168,32505,31945,32571,32741,0.95,cem_tuned_boundary,opp_m3_12000,0,0,12000,0,5.73871124581079,0.3476,0.0761563496883014,0.0111753307282924,-0.0158662684261798,-0.0231468435376882,0.7177340388298035,-0.000143556157127,-6.128767563495785e-05,-0.0038250598590821,0.0111753307282924,0.0011528093600645,32760.0,2.040067434310915
seeded_ic_v1,19980020,-0.017431,-0.024454,-2.351529,10.232681,0.704866,0.30309238,adaptive_ramp_v1,18.0,0.08,12.287659168243408,adaptive_brake,0.2219126522541046,-0.1645986288785934,0.3346293270587921,0.0263537820428609,-0.0169680900871753,-0.2242748141288757,0.0900681167840957,0.500531017780304,4.069069862365723,1.850604772567749,1.3100520372390747,-1.7089911699295044,32505,31945,32571,32741,0.95,cem_tuned_boundary,opp_m3_12000,0,0,12000,0,5.73871124581079,0.3476,0.0761563496883014,0.0111753307282924,-0.0158662684261798,-0.0231468435376882,0.7177340388298035,-0.000143556157127,-6.128767563495785e-05,-0.0038250598590821,0.0111753307282924,0.0011528093600645,32760.0,2.0410680770874023
seeded_ic_v1,19980020,-0.017431,-0.024454,-2.351529,10.232681,0.704866,0.30309238,adaptive_ramp_v1,18.0,0.08,12.28777241706848,adaptive_brake,0.2219126522541046,-0.1645986288785934,0.3346293270587921,0.0263537820428609,-0.0169680900871753,-0.2242748141288757,0.0900681167840957,0.500531017780304,4.069069862365723,1.850604772567749,1.3100520372390747,-1.7089911699295044,32505,31925,32513,32715,0.95,cem_tuned_boundary,opp_m3_12000,0,0,12000,0,5.73871124581079,0.3476,0.0761563496883014,0.0111753307282924,-0.0158662684261798,-0.0231468435376882,0.7177340388298035,-0.000143556157127,-6.128767563495785e-05,-0.0038250598590821,0.0111753307282924,0.0011528093600645,32760.0,2.041181325912474
seeded_ic_v1,19980020,-0.017431,-0.024454,-2.351529,10.232681,0.704866,0.30309238,adaptive_ramp_v1,18.0,0.08,12.306799173355104,adaptive_brake,0.2224073857069015,-0.1649643033742904,0.3297927677631378,0.0244524888694286,-0.0174752566963434,-0.2263163030147552,0.0900681167840957,0.500531017780304,4.069069862365723,1.850604772567749,1.3100520372390747,-1.7089911699295044,32505,31925,32513,32715,0.95,cem_tuned_boundary,opp_m3_12000,0,0,12000,0,5.73871124581079,0.3476,0.0761563496883014,0.0111753307282924,-0.0158662684261798,-0.0231468435376882,0.7177340388298035,-0.000143556157127,-6.128767563495785e-05,-0.0038250598590821,0.0111753307282924,0.0011528093600645,32760.0,2.0602080821990985
seeded_ic_v1,19980020,-0.017431,-0.024454,-2.351529,10.232681,0.704866,0.30309238,adaptive_ramp_v1,18.0,0.08,12.306976556777954,adaptive_brake,0.2224073857069015,-0.1649643033742904,0.3297927677631378,0.0244524888694286,-0.0174752566963434,-0.2263163030147552,0.1284603178501129,0.4721274077892303,4.033233642578125,1.648076415061951,1.493117332458496,-1.7089838981628418,32505,31925,32513,32715,0.95,cem_tuned_boundary,opp_m3_12000,0,0,12000,0,5.73871124581079,0.3476,0.0761563496883014,0.0111753307282924,-0.0158662684261798,-0.0231468435376882,0.7177340388298035,-0.000143556157127,-6.128767563495785e-05,-0.0038250598590821,0.0111753307282924,0.0011528093600645,32760.0,2.0603854656219482
seeded_ic_v1,19980020,-0.017431,-0.024454,-2.351529,10.232681,0.704866,0.30309238,adaptive_ramp_v1,18.0,0.08,12.307034015655518,adaptive_brake,0.2224073857069015,-0.1649643033742904,0.3297927677631378,0.0244524888694286,-0.0174752566963434,-0.2263163030147552,0.1284603178501129,0.4721274077892303,4.033233642578125,1.648076415061951,1.493117332458496,-1.7089838981628418,32505,31933,32469,32683,0.95,cem_tuned_boundary,opp_m3_12000,0,0,12000,0,5.73871124581079,0.3476,0.0761563496883014,0.0111753307282924,-0.0158662684261798,-0.0231468435376882,0.7177340388298035,-0.000143556157127,-6.128767563495785e-05,-0.0038250598590821,0.0111753307282924,0.0011528093600645,32760.0,2.0604429244995117
seeded_ic_v1,19980020,-0.017431,-0.024454,-2.351529,10.232681,0.704866,0.30309238,adaptive_ramp_v1,18.0,0.08,12.32662796974182,adaptive_brake,0.2228415757417678,-0.165324792265892,0.3251666724681854,0.0227456334978342,-0.0180806908756494,-0.2281161099672317,0.1284603178501129,0.4721274077892303,4.033233642578125,1.648076415061951,1.493117332458496,-1.7089838981628418,32505,31933,32469,32683,0.95,cem_tuned_boundary,opp_m3_12000,0,0,12000,0,5.73871124581079,0.3476,0.0761563496883014,0.0111753307282924,-0.0158662684261798,-0.0231468435376882,0.7177340388298035,-0.000143556157127,-6.128767563495785e-05,-0.0038250598590821,0.0111753307282924,0.0011528093600645,32760.0,2.0800368785858137
seeded_ic_v1,19980020,-0.017431,-0.024454,-2.351529,10.232681,0.704866,0.30309238,adaptive_ramp_v1,18.0,0.08,12.326740503311155,adaptive_brake,0.2228415757417678,-0.165324792265892,0.3251666724681854,0.0227456334978342,-0.0180806908756494,-0.2281161099672317,0.1605269312858581,0.4414233267307281,3.999171733856201,1.3895496129989624,1.6501648426055908,-1.6450318098068235,32505,31933,32469,32683,0.95,cem_tuned_boundary,opp_m3_12000,0,0,12000,0,5.73871124581079,0.3476,0.0761563496883014,0.0111753307282924,-0.0158662684261798,-0.0231468435376882,0.7177340388298035,-0.000143556157127,-6.128767563495785e-05,-0.0038250598590821,0.0111753307282924,0.0011528093600645,32760.0,2.0801494121551496
seeded_ic_v1,19980020,-0.017431,-0.024454,-2.351529,10.232681,0.704866,0.30309238,adaptive_ramp_v1,18.0,0.08,12.32677721977234,adaptive_brake,0.2228415757417678,-0.165324792265892,0.3251666724681854,0.0227456334978342,-0.0180806908756494,-0.2281161099672317,0.1605269312858581,0.4414233267307281,3.999171733856201,1.3895496129989624,1.6501648426055908,-1.6450318098068235,32505,31901,32437,32659,0.95,cem_tuned_boundary,opp_m3_12000,0,0,12000,0,5.73871124581079,0.3476,0.0761563496883014,0.0111753307282924,-0.0158662684261798,-0.0231468435376882,0.7177340388298035,-0.000143556157127,-6.128767563495785e-05,-0.0038250598590821,0.0111753307282924,0.0011528093600645,32760.0,2.080186128616335
seeded_ic_v1,19980020,-0.017431,-0.024454,-2.351529,10.232681,0.704866,0.30309238,adaptive_ramp_v1,18.0,0.08,12.345540046691896,adaptive_brake,0.2232655733823776,-0.1657177656888961,0.320298433303833,0.0210904534906148,-0.0188181828707456,-0.229919284582138,0.1605269312858581,0.4414233267307281,3.999171733856201,1.3895496129989624,1.6501648426055908,-1.6450318098068235,32505,31901,32437,32659,0.95,cem_tuned_boundary,opp_m3_12000,0,0,12000,0,5.73871124581079,0.3476,0.0761563496883014,0.0111753307282924,-0.0158662684261798,-0.0231468435376882,0.7177340388298035,-0.000143556157127,-6.128767563495785e-05,-0.0038250598590821,0.0111753307282924,0.0011528093600645,32760.0,2.0989489555358904
seeded_ic_v1,19980020,-0.017431,-0.024454,-2.351529,10.232681,0.704866,0.30309238,adaptive_ramp_v1,18.0,0.08,12.345711469650269,adaptive_brake,0.2232655733823776,-0.1657177656888961,0.320298433303833,0.0210904534906148,-0.0188181828707456,-0.229919284582138,0.1886772066354751,0.4059794843196869,3.964646816253662,1.169239521026611,1.7700860500335691,-1.6479442119598389,32505,31901,32437,32659,0.95,cem_tuned_boundary,opp_m3_12000,0,0,12000,0,5.73871124581079,0.3476,0.0761563496883014,0.0111753307282924,-0.0158662684261798,-0.0231468435376882,0.7177340388298035,-0.000143556157127,-6.128767563495785e-05,-0.0038250598590821,0.0111753307282924,0.0011528093600645,32760.0,2.0991203784942627
seeded_ic_v1,19980020,-0.017431,-0.024454,-2.351529,10.232681,0.704866,0.30309238,adaptive_ramp_v1,18.0,0.08,12.345747470855711,adaptive_brake,0.2232655733823776,-0.1657177656888961,0.320298433303833,0.0210904534906148,-0.0188181828707456,-0.229919284582138,0.1886772066354751,0.4059794843196869,3.964646816253662,1.169239521026611,1.7700860500335691,-1.6479442119598389,32505,31849,32363,32657,0.95,cem_tuned_boundary,opp_m3_12000,0,0,12000,0,5.73871124581079,0.3476,0.0761563496883014,0.0111753307282924,-0.0158662684261798,-0.0231468435376882,0.7177340388298035,-0.000143556157127,-6.128767563495785e-05,-0.0038250598590821,0.0111753307282924,0.0011528093600645,32760.0,2.0991563796997053
seeded_ic_v1,19980020,-0.017431,-0.024454,-2.351529,10.232681,0.704866,0.30309238,adaptive_ramp_v1,18.0,0.08,12.366575717926024,adaptive_brake,0.223653495311737,-0.1661232858896255,0.3154730796813965,0.0195564832538366,-0.0196228511631488,-0.2314213663339615,0.1886772066354751,0.4059794843196869,3.964646816253662,1.169239521026611,1.7700860500335691,-1.6479442119598389,32505,31849,32363,32657,0.95,cem_tuned_boundary,opp_m3_12000,0,0,12000,0,5.73871124581079,0.3476,0.0761563496883014,0.0111753307282924,-0.0158662684261798,-0.0231468435376882,0.7177340388298035,-0.000143556157127,-6.128767563495785e-05,-0.0038250598590821,0.0111753307282924,0.0011528093600645,32760.0,2.1199846267700178
seeded_ic_v1,19980020,-0.017431,-0.024454,-2.351529,10.232681,0.704866,0.30309238,adaptive_ramp_v1,18.0,0.08,12.366795539855955,adaptive_brake,0.223653495311737,-0.1661232858896255,0.3154730796813965,0.0195564832538366,-0.0196228511631488,-0.2314213663339615,0.2124694138765335,0.3687226474285126,3.930807590484619,0.9794820547103882,1.731086254119873,-1.5870318412780762,32505,31849,32363,32657,0.95,cem_tuned_boundary,opp_m3_12000,0,0,12000,0,5.73871124581079,0.3476,0.0761563496883014,0.0111753307282924,-0.0158662684261798,-0.0231468435376882,0.7177340388298035,-0.000143556157127,-6.128767563495785e-05,-0.0038250598590821,0.0111753307282924,0.0011528093600645,32760.0,2.1202044486999494
seeded_ic_v1,19980020,-0.017431,-0.024454,-2.351529,10.232681,0.704866,0.30309238,adaptive_ramp_v1,18.0,0.08,12.366870641708374,adaptive_brake,0.223653495311737,-0.1661232858896255,0.3154730796813965,0.0195564832538366,-0.0196228511631488,-0.2314213663339615,0.2124694138765335,0.3687226474285126,3.930807590484619,0.9794820547103882,1.731086254119873,-1.5870318412780762,32505,31899,32389,32613,0.95,cem_tuned_boundary,opp_m3_12000,0,0,12000,0,5.73871124581079,0.3476,0.0761563496883014,0.0111753307282924,-0.0158662684261798,-0.0231468435376882,0.7177340388298035,-0.000143556157127,-6.128767563495785e-05,-0.0038250598590821,0.0111753307282924,0.0011528093600645,32760.0,2.120279550552368
seeded_ic_v1,19980020,-0.017431,-0.024454,-2.351529,10.232681,0.704866,0.30309238,adaptive_ramp_v1,18.0,0.08,12.386842489242554,adaptive_brake,0.2240072339773178,-0.1665284186601638,0.3108114302158355,0.0182843748480081,-0.0204663537442684,-0.2331716567277908,0.2124694138765335,0.3687226474285126,3.930807590484619,0.9794820547103882,1.731086254119873,-1.5870318412780762,32505,31899,32389,32613,0.95,cem_tuned_boundary,opp_m3_12000,0,0,12000,0,5.73871124581079,0.3476,0.0761563496883014,0.0111753307282924,-0.0158662684261798,-0.0231468435376882,0.7177340388298035,-0.000143556157127,-6.128767563495785e-05,-0.0038250598590821,0.0111753307282924,0.0011528093600645,32760.0,2.140251398086548
seeded_ic_v1,19980020,-0.017431,-0.024454,-2.351529,10.232681,0.704866,0.30309238,adaptive_ramp_v1,18.0,0.08,12.387125968933104,adaptive_brake,0.2240072339773178,-0.1665284186601638,0.3108114302158355,0.0182843748480081,-0.0204663537442684,-0.2331716567277908,0.2308661192655563,0.333776593208313,3.899203300476074,0.7645590901374817,1.770388126373291,-1.5869144201278689,32505,31899,32389,32613,0.95,cem_tuned_boundary,opp_m3_12000,0,0,12000,0,5.73871124581079,0.3476,0.0761563496883014,0.0111753307282924,-0.0158662684261798,-0.0231468435376882,0.7177340388298035,-0.000143556157127,-6.128767563495785e-05,-0.0038250598590821,0.0111753307282924,0.0011528093600645,32760.0,2.140534877777098
seeded_ic_v1,19980020,-0.017431,-0.024454,-2.351529,10.232681,0.704866,0.30309238,adaptive_ramp_v1,18.0,0.08,12.38719916343689,adaptive_brake,0.2240072339773178,-0.1665284186601638,0.3108114302158355,0.0182843748480081,-0.0204663537442684,-0.2331716567277908,0.2308661192655563,0.333776593208313,3.899203300476074,0.7645590901374817,1.770388126373291,-1.5869144201278689,32505,32521,32337,33275,0.95,cem_tuned_boundary,opp_m3_12000,0,0,12000,0,5.73871124581079,0.3476,0.0761563496883014,0.0111753307282924,-0.0158662684261798,-0.0231468435376882,0.7177340388298035,-0.000143556157127,-6.128767563495785e-05,-0.0038250598590821,0.0111753307282924,0.0011528093600645,32760.0,2.140608072280884
seeded_ic_v1,19980020,-0.017431,-0.024454,-2.351529,10.232681,0.704866,0.30309238,adaptive_ramp_v1,18.0,0.08,12.406717538833618,adaptive_brake,0.2243288904428482,-0.1669503152370453,0.3061465322971344,0.0171062219887971,-0.0213566608726978,-0.2350279837846756,0.2308661192655563,0.333776593208313,3.899203300476074,0.7645590901374817,1.770388126373291,-1.5869144201278689,32505,32521,32337,33275,0.95,cem_tuned_boundary,opp_m3_12000,0,0,12000,0,5.73871124581079,0.3476,0.0761563496883014,0.0111753307282924,-0.0158662684261798,-0.0231468435376882,0.7177340388298035,-0.000143556157127,-6.128767563495785e-05,-0.0038250598590821,0.0111753307282924,0.0011528093600645,32760.0,2.1601264476776123
seeded_ic_v1,19980020,-0.017431,-0.024454,-2.351529,10.232681,0.704866,0.30309238,adaptive_ramp_v1,18.0,0.08,12.406926155090332,adaptive_brake,0.2243288904428482,-0.1669503152370453,0.3061465322971344,0.0171062219887971,-0.0213566608726978,-0.2350279837846756,0.2447109967470169,0.2977408170700073,3.8676140308380127,0.5342397689819336,1.8432590961456297,-1.5869144201278689,32505,32521,32337,33275,0.95,cem_tuned_boundary,opp_m3_12000,0,0,12000,0,5.73871124581079,0.3476,0.0761563496883014,0.0111753307282924,-0.0158662684261798,-0.0231468435376882,0.7177340388298035,-0.000143556157127,-6.128767563495785e-05,-0.0038250598590821,0.0111753307282924,0.0011528093600645,32760.0,2.160335063934326
seeded_ic_v1,19980020,-0.017431,-0.024454,-2.351529,10.232681,0.704866,0.30309238,adaptive_ramp_v1,18.0,0.08,12.406994819641112,adaptive_brake,0.2243288904428482,-0.1669503152370453,0.3061465322971344,0.0171062219887971,-0.0213566608726978,-0.2350279837846756,0.2447109967470169,0.2977408170700073,3.8676140308380127,0.5342397689819336,1.8432590961456297,-1.5869144201278689,32505,32493,32281,33255,0.95,cem_tuned_boundary,opp_m3_12000,0,0,12000,0,5.73871124581079,0.3476,0.0761563496883014,0.0111753307282924,-0.0158662684261798,-0.0231468435376882,0.7177340388298035,-0.000143556157127,-6.128767563495785e-05,-0.0038250598590821,0.0111753307282924,0.0011528093600645,32760.0,2.1604037284851056
seeded_ic_v1,19980020,-0.017431,-0.024454,-2.351529,10.232681,0.704866,0.30309238,adaptive_ramp_v1,18.0,0.08,12.42668318748474,adaptive_brake,0.2246335446834564,-0.1673913300037384,0.3014341294765472,0.0160780530422925,-0.0222849547863006,-0.2369375377893448,0.2447109967470169,0.2977408170700073,3.8676140308380127,0.5342397689819336,1.8432590961456297,-1.5869144201278689,32505,32493,32281,33255,0.95,cem_tuned_boundary,opp_m3_12000,0,0,12000,0,5.73871124581079,0.3476,0.0761563496883014,0.0111753307282924,-0.0158662684261798,-0.0231468435376882,0.7177340388298035,-0.000143556157127,-6.128767563495785e-05,-0.0038250598590821,0.0111753307282924,0.0011528093600645,32760.0,2.1800920963287336
seeded_ic_v1,19980020,-0.017431,-0.024454,-2.351529,10.232681,0.704866,0.30309238,adaptive_ramp_v1,18.0,0.08,12.426894664764404,adaptive_brake,0.2246335446834564,-0.1673913300037384,0.3014341294765472,0.0160780530422925,-0.0222849547863006,-0.2369375377893448,0.2540014684200287,0.2600496709346771,3.836471080780029,0.3074235320091247,1.8920366764068604,-1.5261378288269043,32505,32493,32281,33255,0.95,cem_tuned_boundary,opp_m3_12000,0,0,12000,0,5.73871124581079,0.3476,0.0761563496883014,0.0111753307282924,-0.0158662684261798,-0.0231468435376882,0.7177340388298035,-0.000143556157127,-6.128767563495785e-05,-0.0038250598590821,0.0111753307282924,0.0011528093600645,32760.0,2.1803035736083984
seeded_ic_v1,19980020,-0.017431,-0.024454,-2.351529,10.232681,0.704866,0.30309238,adaptive_ramp_v1,18.0,0.08,12.426968097686768,adaptive_brake,0.2246335446834564,-0.1673913300037384,0.3014341294765472,0.0160780530422925,-0.0222849547863006,-0.2369375377893448,0.2540014684200287,0.2600496709346771,3.836471080780029,0.3074235320091247,1.8920366764068604,-1.5261378288269043,32505,32433,32259,33237,0.95,cem_tuned_boundary,opp_m3_12000,0,0,12000,0,5.73871124581079,0.3476,0.0761563496883014,0.0111753307282924,-0.0158662684261798,-0.0231468435376882,0.7177340388298035,-0.000143556157127,-6.128767563495785e-05,-0.0038250598590821,0.0111753307282924,0.0011528093600645,32760.0,2.1803770065307617
seeded_ic_v1,19980020,-0.017431,-0.024454,-2.351529,10.232681,0.704866,0.30309238,adaptive_ramp_v1,18.0,0.08,12.446593284606934,adaptive_brake,0.2249239534139633,-0.1678516715764999,0.2966750264167785,0.0152020948007702,-0.0232335552573204,-0.2389455884695053,0.2540014684200287,0.2600496709346771,3.836471080780029,0.3074235320091247,1.8920366764068604,-1.5261378288269043,32505,32433,32259,33237,0.95,cem_tuned_boundary,opp_m3_12000,0,0,12000,0,5.73871124581079,0.3476,0.0761563496883014,0.0111753307282924,-0.0158662684261798,-0.0231468435376882,0.7177340388298035,-0.000143556157127,-6.128767563495785e-05,-0.0038250598590821,0.0111753307282924,0.0011528093600645,32760.0,2.2000021934509277
seeded_ic_v1,19980020,-0.017431,-0.024454,-2.351529,10.232681,0.704866,0.30309238,adaptive_ramp_v1,18.0,0.08,12.446820735931396,adaptive_brake,0.2249239534139633,-0.1678516715764999,0.2966750264167785,0.0152020948007702,-0.0232335552573204,-0.2389455884695053,0.2589546740055084,0.2220869660377502,3.80611515045166,0.0937562882900238,1.8352534770965576,-1.525877594947815,32505,32433,32259,33237,0.95,cem_tuned_boundary,opp_m3_12000,0,0,12000,0,5.73871124581079,0.3476,0.0761563496883014,0.0111753307282924,-0.0158662684261798,-0.0231468435376882,0.7177340388298035,-0.000143556157127,-6.128767563495785e-05,-0.0038250598590821,0.0111753307282924,0.0011528093600645,32760.0,2.2002296447753906
seeded_ic_v1,19980020,-0.017431,-0.024454,-2.351529,10.232681,0.704866,0.30309238,adaptive_ramp_v1,18.0,0.08,12.446893453598022,adaptive_brake,0.2249239534139633,-0.1678516715764999,0.2966750264167785,0.0152020948007702,-0.0232335552573204,-0.2389455884695053,0.2589546740055084,0.2220869660377502,3.80611515045166,0.0937562882900238,1.8352534770965576,-1.525877594947815,32505,31801,32275,32597,0.95,cem_tuned_boundary,opp_m3_12000,0,0,12000,0,5.73871124581079,0.3476,0.0761563496883014,0.0111753307282924,-0.0158662684261798,-0.0231468435376882,0.7177340388298035,-0.000143556157127,-6.128767563495785e-05,-0.0038250598590821,0.0111753307282924,0.0011528093600645,32760.0,2.2003023624420166
seeded_ic_v1,19980020,-0.017431,-0.024454,-2.351529,10.232681,0.704866,0.30309238,adaptive_ramp_v1,18.0,0.08,12.465585470199583,adaptive_brake,0.2252173870801925,-0.1683553904294967,0.2916270196437835,0.0144439144060015,-0.0242322813719511,-0.241194412112236,0.2589546740055084,0.2220869660377502,3.80611515045166,0.0937562882900238,1.8352534770965576,-1.525877594947815,32505,31801,32275,32597,0.95,cem_tuned_boundary,opp_m3_12000,0,0,12000,0,5.73871124581079,0.3476,0.0761563496883014,0.0111753307282924,-0.0158662684261798,-0.0231468435376882,0.7177340388298035,-0.000143556157127,-6.128767563495785e-05,-0.0038250598590821,0.0111753307282924,0.0011528093600645,32760.0,2.2189943790435773
seeded_ic_v1,19980020,-0.017431,-0.024454,-2.351529,10.232681,0.704866,0.30309238,adaptive_ramp_v1,18.0,0.08,12.465774059295654,adaptive_brake,0.2252173870801925,-0.1683553904294967,0.2916270196437835,0.0144439144060015,-0.0242322813719511,-0.241194412112236,0.2598880529403686,0.1834296882152557,3.774374723434448,-0.0256360974162817,1.818920612335205,-1.4646649360656738,32505,31801,32275,32597,0.95,cem_tuned_boundary,opp_m3_12000,0,0,12000,0,5.73871124581079,0.3476,0.0761563496883014,0.0111753307282924,-0.0158662684261798,-0.0231468435376882,0.7177340388298035,-0.000143556157127,-6.128767563495785e-05,-0.0038250598590821,0.0111753307282924,0.0011528093600645,32760.0,2.2191829681396484
seeded_ic_v1,19980020,-0.017431,-0.024454,-2.351529,10.232681,0.704866,0.30309238,adaptive_ramp_v1,18.0,0.08,12.465885400772097,adaptive_brake,0.2252173870801925,-0.1683553904294967,0.2916270196437835,0.0144439144060015,-0.0242322813719511,-0.241194412112236,0.2598880529403686,0.1834296882152557,3.774374723434448,-0.0256360974162817,1.818920612335205,-1.4646649360656738,32505,32449,32207,33253,0.95,cem_tuned_boundary,opp_m3_12000,0,0,12000,0,5.73871124581079,0.3476,0.0761563496883014,0.0111753307282924,-0.0158662684261798,-0.0231468435376882,0.7177340388298035,-0.000143556157127,-6.128767563495785e-05,-0.0038250598590821,0.0111753307282924,0.0011528093600645,32760.0,2.2192943096160906
seeded_ic_v1,19980020,-0.017431,-0.024454,-2.351529,10.232681,0.704866,0.30309238,adaptive_ramp_v1,18.0,0.08,12.486987829208374,adaptive_brake,0.2254963964223861,-0.1688730269670486,0.2866085469722748,0.0138205699622631,-0.0251908022910356,-0.2430565655231475,0.2598880529403686,0.1834296882152557,3.774374723434448,-0.0256360974162817,1.818920612335205,-1.4646649360656738,32505,32449,32207,33253,0.95,cem_tuned_boundary,opp_m3_12000,0,0,12000,0,5.73871124581079,0.3476,0.0761563496883014,0.0111753307282924,-0.0158662684261798,-0.0231468435376882,0.7177340388298035,-0.000143556157127,-6.128767563495785e-05,-0.0038250598590821,0.0111753307282924,0.0011528093600645,32760.0,2.240396738052368
seeded_ic_v1,19980020,-0.017431,-0.024454,-2.351529,10.232681,0.704866,0.30309238,adaptive_ramp_v1,18.0,0.08,12.487118482589722,adaptive_brake,0.2254963964223861,-0.1688730269670486,0.2866085469722748,0.0138205699622631,-0.0251908022910356,-0.2430565655231475,0.2572978436946869,0.1459506750106811,3.743831872940064,-0.2728184163570404,1.7311086654663086,-1.415327548980713,32505,32449,32207,33253,0.95,cem_tuned_boundary,opp_m3_12000,0,0,12000,0,5.73871124581079,0.3476,0.0761563496883014,0.0111753307282924,-0.0158662684261798,-0.0231468435376882,0.7177340388298035,-0.000143556157127,-6.128767563495785e-05,-0.0038250598590821,0.0111753307282924,0.0011528093600645,32760.0,2.240527391433716
seeded_ic_v1,19980020,-0.017431,-0.024454,-2.351529,10.232681,0.704866,0.30309238,adaptive_ramp_v1,18.0,0.08,12.487205266952516,adaptive_brake,0.2254963964223861,-0.1688730269670486,0.2866085469722748,0.0138205699622631,-0.0251908022910356,-0.2430565655231475,0.2572978436946869,0.1459506750106811,3.743831872940064,-0.2728184163570404,1.7311086654663086,-1.415327548980713,32505,31753,32239,32537,0.95,cem_tuned_boundary,opp_m3_12000,0,0,12000,0,5.73871124581079,0.3476,0.0761563496883014,0.0111753307282924,-0.0158662684261798,-0.0231468435376882,0.7177340388298035,-0.000143556157127,-6.128767563495785e-05,-0.0038250598590821,0.0111753307282924,0.0011528093600645,32760.0,2.2406141757965106
seeded_ic_v1,19980020,-0.017431,-0.024454,-2.351529,10.232681,0.704866,0.30309238,adaptive_ramp_v1,18.0,0.08,12.506789922714232,adaptive_brake,0.2257543057203292,-0.1693824976682663,0.2817997932434082,0.0133639182895421,-0.0260729063302278,-0.2448635250329971,0.2572978436946869,0.1459506750106811,3.743831872940064,-0.2728184163570404,1.7311086654663086,-1.415327548980713,32505,31753,32239,32537,0.95,cem_tuned_boundary,opp_m3_12000,0,0,12000,0,5.73871124581079,0.3476,0.0761563496883014,0.0111753307282924,-0.0158662684261798,-0.0231468435376882,0.7177340388298035,-0.000143556157127,-6.128767563495785e-05,-0.0038250598590821,0.0111753307282924,0.0011528093600645,32760.0,2.2601988315582258
seeded_ic_v1,19980020,-0.017431,-0.024454,-2.351529,10.232681,0.704866,0.30309238,adaptive_ramp_v1,18.0,0.08,12.506949424743652,adaptive_brake,0.2257543057203292,-0.1693824976682663,0.2817997932434082,0.0133639182895421,-0.0260729063302278,-0.2448635250329971,0.2499771267175674,0.1117717772722244,3.715881109237671,-0.4897036552429199,1.6456490755081177,-1.4038026332855225,32505,31753,32239,32537,0.95,cem_tuned_boundary,opp_m3_12000,0,0,12000,0,5.73871124581079,0.3476,0.0761563496883014,0.0111753307282924,-0.0158662684261798,-0.0231468435376882,0.7177340388298035,-0.000143556157127,-6.128767563495785e-05,-0.0038250598590821,0.0111753307282924,0.0011528093600645,32760.0,2.2603583335876465
seeded_ic_v1,19980020,-0.017431,-0.024454,-2.351529,10.232681,0.704866,0.30309238,adaptive_ramp_v1,18.0,0.08,12.50701355934143,adaptive_brake,0.2257543057203292,-0.1693824976682663,0.2817997932434082,0.0133639182895421,-0.0260729063302278,-0.2448635250329971,0.2499771267175674,0.1117717772722244,3.715881109237671,-0.4897036552429199,1.6456490755081177,-1.4038026332855225,32505,32303,32179,33127,0.95,cem_tuned_boundary,opp_m3_12000,0,0,12000,0,5.73871124581079,0.3476,0.0761563496883014,0.0111753307282924,-0.0158662684261798,-0.0231468435376882,0.7177340388298035,-0.000143556157127,-6.128767563495785e-05,-0.0038250598590821,0.0111753307282924,0.0011528093600645,32760.0,2.260422468185425
seeded_ic_v1,19980020,-0.017431,-0.024454,-2.351529,10.232681,0.704866,0.30309238,adaptive_ramp_v1,18.0,0.08,12.526656150817873,adaptive_brake,0.2260093688964843,-0.1699094921350479,0.2769283652305603,0.013042421080172,-0.0269186832010746,-0.2469601184129715,0.2499771267175674,0.1117717772722244,3.715881109237671,-0.4897036552429199,1.6456490755081177,-1.4038026332855225,32505,32303,32179,33127,0.95,cem_tuned_boundary,opp_m3_12000,0,0,12000,0,5.73871124581079,0.3476,0.0761563496883014,0.0111753307282924,-0.0158662684261798,-0.0231468435376882,0.7177340388298035,-0.000143556157127,-6.128767563495785e-05,-0.0038250598590821,0.0111753307282924,0.0011528093600645,32760.0,2.280065059661867
seeded_ic_v1,19980020,-0.017431,-0.024454,-2.351529,10.232681,0.704866,0.30309238,adaptive_ramp_v1,18.0,0.08,12.526796102523804,adaptive_brake,0.2260093688964843,-0.1699094921350479,0.2769283652305603,0.013042421080172,-0.0269186832010746,-0.2469601184129715,0.2387737184762954,0.0792691707611084,3.6879429817199703,-0.6605812907218933,1.5744216442108154,-1.4038084745407104,32505,32303,32179,33127,0.95,cem_tuned_boundary,opp_m3_12000,0,0,12000,0,5.73871124581079,0.3476,0.0761563496883014,0.0111753307282924,-0.0158662684261798,-0.0231468435376882,0.7177340388298035,-0.000143556157127,-6.128767563495785e-05,-0.0038250598590821,0.0111753307282924,0.0011528093600645,32760.0,2.280205011367798
seeded_ic_v1,19980020,-0.017431,-0.024454,-2.351529,10.232681,0.704866,0.30309238,adaptive_ramp_v1,18.0,0.08,12.526856422424316,adaptive_brake,0.2260093688964843,-0.1699094921350479,0.2769283652305603,0.013042421080172,-0.0269186832010746,-0.2469601184129715,0.2387737184762954,0.0792691707611084,3.6879429817199703,-0.6605812907218933,1.5744216442108154,-1.4038084745407104,32505,31681,32197,32555,0.95,cem_tuned_boundary,opp_m3_12000,0,0,12000,0,5.73871124581079,0.3476,0.0761563496883014,0.0111753307282924,-0.0158662684261798,-0.0231468435376882,0.7177340388298035,-0.000143556157127,-6.128767563495785e-05,-0.0038250598590821,0.0111753307282924,0.0011528093600645,32760.0,2.2802653312683105
seeded_ic_v1,19980020,-0.017431,-0.024454,-2.351529,10.232681,0.704866,0.30309238,adaptive_ramp_v1,18.0,0.08,12.546658515930176,adaptive_brake,0.2262636423110962,-0.1704527884721756,0.2719923853874206,0.0128465052694082,-0.0277149677276611,-0.2493129223585128,0.2387737184762954,0.0792691707611084,3.6879429817199703,-0.6605812907218933,1.5744216442108154,-1.4038084745407104,32505,31681,32197,32555,0.95,cem_tuned_boundary,opp_m3_12000,0,0,12000,0,5.73871124581079,0.3476,0.0761563496883014,0.0111753307282924,-0.0158662684261798,-0.0231468435376882,0.7177340388298035,-0.000143556157127,-6.128767563495785e-05,-0.0038250598590821,0.0111753307282924,0.0011528093600645,32760.0,2.30006742477417
seeded_ic_v1,19980020,-0.017431,-0.024454,-2.351529,10.232681,0.704866,0.30309238,adaptive_ramp_v1,18.0,0.08,12.546801805496216,adaptive_brake,0.2262636423110962,-0.1704527884721756,0.2719923853874206,0.0128465052694082,-0.0277149677276611,-0.2493129223585128,0.2247756421566009,0.0489239953458309,3.659990072250366,-0.732504665851593,1.4245429039001465,-1.4038084745407104,32505,31681,32197,32555,0.95,cem_tuned_boundary,opp_m3_12000,0,0,12000,0,5.73871124581079,0.3476,0.0761563496883014,0.0111753307282924,-0.0158662684261798,-0.0231468435376882,0.7177340388298035,-0.000143556157127,-6.128767563495785e-05,-0.0038250598590821,0.0111753307282924,0.0011528093600645,32760.0,2.30021071434021
seeded_ic_v1,19980020,-0.017431,-0.024454,-2.351529,10.232681,0.704866,0.30309238,adaptive_ramp_v1,18.0,0.08,12.546898603439333,adaptive_brake,0.2262636423110962,-0.1704527884721756,0.2719923853874206,0.0128465052694082,-0.0277149677276611,-0.2493129223585128,0.2247756421566009,0.0489239953458309,3.659990072250366,-0.732504665851593,1.4245429039001465,-1.4038084745407104,32505,32291,32171,33131,0.95,cem_tuned_boundary,opp_m3_12000,0,0,12000,0,5.73871124581079,0.3476,0.0761563496883014,0.0111753307282924,-0.0158662684261798,-0.0231468435376882,0.7177340388298035,-0.000143556157127,-6.128767563495785e-05,-0.0038250598590821,0.0111753307282924,0.0011528093600645,32760.0,2.300307512283327
seeded_ic_v1,19980020,-0.017431,-0.024454,-2.351529,10.232681,0.704866,0.30309238,adaptive_ramp_v1,18.0,0.08,12.566528797149658,adaptive_brake,0.2265190482139587,-0.1710109561681747,0.2669915556907654,0.0127651784569025,-0.0284533128142356,-0.251783162355423,0.2247756421566009,0.0489239953458309,3.659990072250366,-0.732504665851593,1.4245429039001465,-1.4038084745407104,32505,32291,32171,33131,0.95,cem_tuned_boundary,opp_m3_12000,0,0,12000,0,5.73871124581079,0.3476,0.0761563496883014,0.0111753307282924,-0.0158662684261798,-0.0231468435376882,0.7177340388298035,-0.000143556157127,-6.128767563495785e-05,-0.0038250598590821,0.0111753307282924,0.0011528093600645,32760.0,2.3199377059936523
seeded_ic_v1,19980020,-0.017431,-0.024454,-2.351529,10.232681,0.704866,0.30309238,adaptive_ramp_v1,18.0,0.08,12.566725492477415,adaptive_brake,0.2265190482139587,-0.1710109561681747,0.2669915556907654,0.0127651784569025,-0.0284533128142356,-0.251783162355423,0.2093415856361389,0.0214359536767005,3.631641387939453,-0.8428293466567993,1.2814905643463137,-1.4674654006958008,32505,32291,32171,33131,0.95,cem_tuned_boundary,opp_m3_12000,0,0,12000,0,5.73871124581079,0.3476,0.0761563496883014,0.0111753307282924,-0.0158662684261798,-0.0231468435376882,0.7177340388298035,-0.000143556157127,-6.128767563495785e-05,-0.0038250598590821,0.0111753307282924,0.0011528093600645,32760.0,2.3201344013214094
seeded_ic_v1,19980020,-0.017431,-0.024454,-2.351529,10.232681,0.704866,0.30309238,adaptive_ramp_v1,18.0,0.08,12.566795825958252,adaptive_brake,0.2265190482139587,-0.1710109561681747,0.2669915556907654,0.0127651784569025,-0.0284533128142356,-0.251783162355423,0.2093415856361389,0.0214359536767005,3.631641387939453,-0.8428293466567993,1.2814905643463137,-1.4674654006958008,32505,32295,32179,33195,0.95,cem_tuned_boundary,opp_m3_12000,0,0,12000,0,5.73871124581079,0.3476,0.0761563496883014,0.0111753307282924,-0.0158662684261798,-0.0231468435376882,0.7177340388298035,-0.000143556157127,-6.128767563495785e-05,-0.0038250598590821,0.0111753307282924,0.0011528093600645,32760.0,2.320204734802246
seeded_ic_v1,19980020,-0.017431,-0.024454,-2.351529,10.232681,0.704866,0.30309238,adaptive_ramp_v1,18.0,0.08,12.586813926696776,adaptive_brake,0.2267773300409317,-0.171582356095314,0.2619272768497467,0.0127861285582184,-0.0291273575276136,-0.2543300092220306,0.2093415856361389,0.0214359536767005,3.631641387939453,-0.8428293466567993,1.2814905643463137,-1.4674654006958008,32505,32295,32179,33195,0.95,cem_tuned_boundary,opp_m3_12000,0,0,12000,0,5.73871124581079,0.3476,0.0761563496883014,0.0111753307282924,-0.0158662684261798,-0.0231468435376882,0.7177340388298035,-0.000143556157127,-6.128767563495785e-05,-0.0038250598590821,0.0111753307282924,0.0011528093600645,32760.0,2.3402228355407697
seeded_ic_v1,19980020,-0.017431,-0.024454,-2.351529,10.232681,0.704866,0.30309238,adaptive_ramp_v1,18.0,0.08,12.586991786956789,adaptive_brake,0.2267773300409317,-0.171582356095314,0.2619272768497467,0.0127861285582184,-0.0291273575276136,-0.2543300092220306,0.1917189061641693,-0.0032373105641454,3.6024205684661865,-0.9280200004577636,1.1540701389312744,-1.4648455381393433,32505,32295,32179,33195,0.95,cem_tuned_boundary,opp_m3_12000,0,0,12000,0,5.73871124581079,0.3476,0.0761563496883014,0.0111753307282924,-0.0158662684261798,-0.0231468435376882,0.7177340388298035,-0.000143556157127,-6.128767563495785e-05,-0.0038250598590821,0.0111753307282924,0.0011528093600645,32760.0,2.340400695800783
seeded_ic_v1,19980020,-0.017431,-0.024454,-2.351529,10.232681,0.704866,0.30309238,adaptive_ramp_v1,18.0,0.08,12.587150812149048,adaptive_brake,0.2267773300409317,-0.171582356095314,0.2619272768497467,0.0127861285582184,-0.0291273575276136,-0.2543300092220306,0.1917189061641693,-0.0032373105641454,3.6024205684661865,-0.9280200004577636,1.1540701389312744,-1.4648455381393433,32505,31677,32143,32537,0.95,cem_tuned_boundary,opp_m3_12000,0,0,12000,0,5.73871124581079,0.3476,0.0761563496883014,0.0111753307282924,-0.0158662684261798,-0.0231468435376882,0.7177340388298035,-0.000143556157127,-6.128767563495785e-05,-0.0038250598590821,0.0111753307282924,0.0011528093600645,32760.0,2.340559720993042
seeded_ic_v1,19980020,-0.017431,-0.024454,-2.351529,10.232681,0.704866,0.30309238,adaptive_ramp_v1,18.0,0.08,12.606728792190552,adaptive_brake,0.227039948105812,-0.1721653491258621,0.2568011283874511,0.012897246517241,-0.029729101806879,-0.2569459676742553,0.1917189061641693,-0.0032373105641454,3.6024205684661865,-0.9280200004577636,1.1540701389312744,-1.4648455381393433,32505,31677,32143,32537,0.95,cem_tuned_boundary,opp_m3_12000,0,0,12000,0,5.73871124581079,0.3476,0.0761563496883014,0.0111753307282924,-0.0158662684261798,-0.0231468435376882,0.7177340388298035,-0.000143556157127,-6.128767563495785e-05,-0.0038250598590821,0.0111753307282924,0.0011528093600645,32760.0,2.360137701034546
seeded_ic_v1,19980020,-0.017431,-0.024454,-2.351529,10.232681,0.704866,0.30309238,adaptive_ramp_v1,18.0,0.08,12.606983184814451,adaptive_brake,0.227039948105812,-0.1721653491258621,0.2568011283874511,0.012897246517241,-0.029729101806879,-0.2569459676742553,0.1719733029603958,-0.0249160025268793,3.573193073272705,-1.0396429300308228,0.987777590751648,-1.46484375,32505,31677,32143,32537,0.95,cem_tuned_boundary,opp_m3_12000,0,0,12000,0,5.73871124581079,0.3476,0.0761563496883014,0.0111753307282924,-0.0158662684261798,-0.0231468435376882,0.7177340388298035,-0.000143556157127,-6.128767563495785e-05,-0.0038250598590821,0.0111753307282924,0.0011528093600645,32760.0,2.3603920936584455
seeded_ic_v1,19980020,-0.017431,-0.024454,-2.351529,10.232681,0.704866,0.30309238,adaptive_ramp_v1,18.0,0.08,12.6070556640625,adaptive_brake,0.227039948105812,-0.1721653491258621,0.2568011283874511,0.012897246517241,-0.029729101806879,-0.2569459676742553,0.1719733029603958,-0.0249160025268793,3.573193073272705,-1.0396429300308228,0.987777590751648,-1.46484375,32505,32315,32171,33199,0.95,cem_tuned_boundary,opp_m3_12000,0,0,12000,0,5.73871124581079,0.3476,0.0761563496883014,0.0111753307282924,-0.0158662684261798,-0.0231468435376882,0.7177340388298035,-0.000143556157127,-6.128767563495785e-05,-0.0038250598590821,0.0111753307282924,0.0011528093600645,32760.0,2.360464572906494
seeded_ic_v1,19980020,-0.017431,-0.024454,-2.351529,10.232681,0.704866,0.30309238,adaptive_ramp_v1,18.0,0.08,12.62659740447998,adaptive_brake,0.2273081690073013,-0.1727581620216369,0.2516144514083862,0.0130860060453414,-0.0302509609609842,-0.2595658600330353,0.1719733029603958,-0.0249160025268793,3.573193073272705,-1.0396429300308228,0.987777590751648,-1.46484375,32505,32315,32171,33199,0.95,cem_tuned_boundary,opp_m3_12000,0,0,12000,0,5.73871124581079,0.3476,0.0761563496883014,0.0111753307282924,-0.0158662684261798,-0.0231468435376882,0.7177340388298035,-0.000143556157127,-6.128767563495785e-05,-0.0038250598590821,0.0111753307282924,0.0011528093600645,32760.0,2.3800063133239746
seeded_ic_v1,19980020,-0.017431,-0.024454,-2.351529,10.232681,0.704866,0.30309238,adaptive_ramp_v1,18.0,0.08,12.626842498779297,adaptive_brake,0.2273081690073013,-0.1727581620216369,0.2516144514083862,0.0130860060453414,-0.0302509609609842,-0.2595658600330353,0.1500803381204605,-0.0436816290020942,3.5440289974212646,-1.1618831157684326,0.8522631525993347,-1.4080075025558472,32505,32315,32171,33199,0.95,cem_tuned_boundary,opp_m3_12000,0,0,12000,0,5.73871124581079,0.3476,0.0761563496883014,0.0111753307282924,-0.0158662684261798,-0.0231468435376882,0.7177340388298035,-0.000143556157127,-6.128767563495785e-05,-0.0038250598590821,0.0111753307282924,0.0011528093600645,32760.0,2.380251407623291
seeded_ic_v1,19980020,-0.017431,-0.024454,-2.351529,10.232681,0.704866,0.30309238,adaptive_ramp_v1,18.0,0.08,12.626922130584717,adaptive_brake,0.2273081690073013,-0.1727581620216369,0.2516144514083862,0.0130860060453414,-0.0302509609609842,-0.2595658600330353,0.1500803381204605,-0.0436816290020942,3.5440289974212646,-1.1618831157684326,0.8522631525993347,-1.4080075025558472,32505,31661,32185,32579,0.95,cem_tuned_boundary,opp_m3_12000,0,0,12000,0,5.73871124581079,0.3476,0.0761563496883014,0.0111753307282924,-0.0158662684261798,-0.0231468435376882,0.7177340388298035,-0.000143556157127,-6.128767563495785e-05,-0.0038250598590821,0.0111753307282924,0.0011528093600645,32760.0,2.380331039428711
seeded_ic_v1,19980020,-0.017431,-0.024454,-2.351529,10.232681,0.704866,0.30309238,adaptive_ramp_v1,18.0,0.08,12.646587610244753,adaptive_brake,0.227582961320877,-0.1733589321374893,0.2463701367378235,0.0133403493091464,-0.0306858271360397,-0.2621856927871704,0.1500803381204605,-0.0436816290020942,3.5440289974212646,-1.1618831157684326,0.8522631525993347,-1.4080075025558472,32505,31661,32185,32579,0.95,cem_tuned_boundary,opp_m3_12000,0,0,12000,0,5.73871124581079,0.3476,0.0761563496883014,0.0111753307282924,-0.0158662684261798,-0.0231468435376882,0.7177340388298035,-0.000143556157127,-6.128767563495785e-05,-0.0038250598590821,0.0111753307282924,0.0011528093600645,32760.0,2.399996519088747
seeded_ic_v1,19980020,-0.017431,-0.024454,-2.351529,10.232681,0.704866,0.30309238,adaptive_ramp_v1,18.0,0.08,12.646802186965942,adaptive_brake,0.227582961320877,-0.1733589321374893,0.2463701367378235,0.0133403493091464,-0.0306858271360397,-0.2621856927871704,0.1267701238393783,-0.0594788454473018,3.5159871578216557,-1.2165089845657349,0.6816350221633911,-1.403801202774048,32505,31661,32185,32579,0.95,cem_tuned_boundary,opp_m3_12000,0,0,12000,0,5.73871124581079,0.3476,0.0761563496883014,0.0111753307282924,-0.0158662684261798,-0.0231468435376882,0.7177340388298035,-0.000143556157127,-6.128767563495785e-05,-0.0038250598590821,0.0111753307282924,0.0011528093600645,32760.0,2.4002110958099365
seeded_ic_v1,19980020,-0.017431,-0.024454,-2.351529,10.232681,0.704866,0.30309238,adaptive_ramp_v1,18.0,0.08,12.64690923690796,adaptive_brake,0.227582961320877,-0.1733589321374893,0.2463701367378235,0.0133403493091464,-0.0306858271360397,-0.2621856927871704,0.1267701238393783,-0.0594788454473018,3.5159871578216557,-1.2165089845657349,0.6816350221633911,-1.403801202774048,32505,32269,32223,33221,0.95,cem_tuned_boundary,opp_m3_12000,0,0,12000,0,5.73871124581079,0.3476,0.0761563496883014,0.0111753307282924,-0.0158662684261798,-0.0231468435376882,0.7177340388298035,-0.000143556157127,-6.128767563495785e-05,-0.0038250598590821,0.0111753307282924,0.0011528093600645,32760.0,2.400318145751955
seeded_ic_v1,19980020,-0.017431,-0.024454,-2.351529,10.232681,0.704866,0.30309238,adaptive_ramp_v1,18.0,0.08,12.667959928512571,adaptive_brake,0.2278709411621093,-0.1739792972803115,0.2409909963607788,0.0136238262057304,-0.0309676080942153,-0.2639462053775787,0.1267701238393783,-0.0594788454473018,3.5159871578216557,-1.2165089845657349,0.6816350221633911,-1.403801202774048,32505,32269,32223,33221,0.95,cem_tuned_boundary,opp_m3_12000,0,0,12000,0,5.73871124581079,0.3476,0.0761563496883014,0.0111753307282924,-0.0158662684261798,-0.0231468435376882,0.7177340388298035,-0.000143556157127,-6.128767563495785e-05,-0.0038250598590821,0.0111753307282924,0.0011528093600645,32760.0,2.4213688373565656
seeded_ic_v1,19980020,-0.017431,-0.024454,-2.351529,10.232681,0.704866,0.30309238,adaptive_ramp_v1,18.0,0.08,12.668127536773682,adaptive_brake,0.2278709411621093,-0.1739792972803115,0.2409909963607788,0.0136238262057304,-0.0309676080942153,-0.2639462053775787,0.1011052876710891,-0.0724834874272346,3.4865334033966064,-1.2207101583480835,0.5084415078163147,-1.4038084745407104,32505,32269,32223,33221,0.95,cem_tuned_boundary,opp_m3_12000,0,0,12000,0,5.73871124581079,0.3476,0.0761563496883014,0.0111753307282924,-0.0158662684261798,-0.0231468435376882,0.7177340388298035,-0.000143556157127,-6.128767563495785e-05,-0.0038250598590821,0.0111753307282924,0.0011528093600645,32760.0,2.421536445617676
seeded_ic_v1,19980020,-0.017431,-0.024454,-2.351529,10.232681,0.704866,0.30309238,adaptive_ramp_v1,18.0,0.08,12.66819190979004,adaptive_brake,0.2278709411621093,-0.1739792972803115,0.2409909963607788,0.0136238262057304,-0.0309676080942153,-0.2639462053775787,0.1011052876710891,-0.0724834874272346,3.4865334033966064,-1.2207101583480835,0.5084415078163147,-1.4038084745407104,32505,32277,32207,33209,0.95,cem_tuned_boundary,opp_m3_12000,0,0,12000,0,5.73871124581079,0.3476,0.0761563496883014,0.0111753307282924,-0.0158662684261798,-0.0231468435376882,0.7177340388298035,-0.000143556157127,-6.128767563495785e-05,-0.0038250598590821,0.0111753307282924,0.0011528093600645,32760.0,2.421600818634035
seeded_ic_v1,19980020,-0.017431,-0.024454,-2.351529,10.232681,0.704866,0.30309238,adaptive_ramp_v1,18.0,0.08,12.685760021209717,adaptive_brake,0.228020504117012,-0.1742751598358154,0.2383278161287307,0.0138282077386975,-0.0310613680630922,-0.2652835249900818,0.1011052876710891,-0.0724834874272346,3.4865334033966064,-1.2207101583480835,0.5084415078163147,-1.4038084745407104,32505,32277,32207,33209,0.95,cem_tuned_boundary,opp_m3_12000,0,0,12000,0,5.73871124581079,0.3476,0.0761563496883014,0.0111753307282924,-0.0158662684261798,-0.0231468435376882,0.7177340388298035,-0.000143556157127,-6.128767563495785e-05,-0.0038250598590821,0.0111753307282924,0.0011528093600645,32760.0,2.439168930053711
seeded_ic_v1,19980020,-0.017431,-0.024454,-2.351529,10.232681,0.704866,0.30309238,adaptive_ramp_v1,18.0,0.08,12.685925960540771,adaptive_brake,0.228020504117012,-0.1742751598358154,0.2383278161287307,0.0138282077386975,-0.0310613680630922,-0.2652835249900818,0.0888798758387565,-0.0773642361164093,3.4725027084350586,-1.1949703693389893,0.3659787178039551,-1.4038084745407104,32505,32277,32207,33209,0.95,cem_tuned_boundary,opp_m3_12000,0,0,12000,0,5.73871124581079,0.3476,0.0761563496883014,0.0111753307282924,-0.0158662684261798,-0.0231468435376882,0.7177340388298035,-0.000143556157127,-6.128767563495785e-05,-0.0038250598590821,0.0111753307282924,0.0011528093600645,32760.0,2.4393348693847656
seeded_ic_v1,19980020,-0.017431,-0.024454,-2.351529,10.232681,0.704866,0.30309238,adaptive_ramp_v1,18.0,0.08,12.685993194580078,adaptive_brake,0.228020504117012,-0.1742751598358154,0.2383278161287307,0.0138282077386975,-0.0310613680630922,-0.2652835249900818,0.0888798758387565,-0.0773642361164093,3.4725027084350586,-1.1949703693389893,0.3659787178039551,-1.4038084745407104,32505,31665,32161,32559,0.95,cem_tuned_boundary,opp_m3_12000,0,0,12000,0,5.73871124581079,0.3476,0.0761563496883014,0.0111753307282924,-0.0158662684261798,-0.0231468435376882,0.7177340388298035,-0.000143556157127,-6.128767563495785e-05,-0.0038250598590821,0.0111753307282924,0.0011528093600645,32760.0,2.4394021034240723
seeded_ic_v1,19980020,-0.017431,-0.024454,-2.351529,10.232681,0.704866,0.30309238,adaptive_ramp_v1,18.0,0.08,12.706446647644045,adaptive_brake,0.2283138185739517,-0.1748831570148468,0.2329720705747604,0.0141901103779673,-0.0312490221112966,-0.2678815722465515,0.0888798758387565,-0.0773642361164093,3.4725027084350586,-1.1949703693389893,0.3659787178039551,-1.4038084745407104,32505,31665,32161,32559,0.95,cem_tuned_boundary,opp_m3_12000,0,0,12000,0,5.73871124581079,0.3476,0.0761563496883014,0.0111753307282924,-0.0158662684261798,-0.0231468435376882,0.7177340388298035,-0.000143556157127,-6.128767563495785e-05,-0.0038250598590821,0.0111753307282924,0.0011528093600645,32760.0,2.459855556488039
seeded_ic_v1,19980020,-0.017431,-0.024454,-2.351529,10.232681,0.704866,0.30309238,adaptive_ramp_v1,18.0,0.08,12.706724166870115,adaptive_brake,0.2283138185739517,-0.1748831570148468,0.2329720705747604,0.0141901103779673,-0.0312490221112966,-0.2678815722465515,0.0650516077876091,-0.0845895931124687,3.44443678855896,-1.223395824432373,0.1939112097024917,-1.4038084745407104,32505,31665,32161,32559,0.95,cem_tuned_boundary,opp_m3_12000,0,0,12000,0,5.73871124581079,0.3476,0.0761563496883014,0.0111753307282924,-0.0158662684261798,-0.0231468435376882,0.7177340388298035,-0.000143556157127,-6.128767563495785e-05,-0.0038250598590821,0.0111753307282924,0.0011528093600645,32760.0,2.4601330757141096
seeded_ic_v1,19980020,-0.017431,-0.024454,-2.351529,10.232681,0.704866,0.30309238,adaptive_ramp_v1,18.0,0.08,12.706822395324709,adaptive_brake,0.2283138185739517,-0.1748831570148468,0.2329720705747604,0.0141901103779673,-0.0312490221112966,-0.2678815722465515,0.0650516077876091,-0.0845895931124687,3.44443678855896,-1.223395824432373,0.1939112097024917,-1.4038084745407104,32505,31693,32235,32613,0.95,cem_tuned_boundary,opp_m3_12000,0,0,12000,0,5.73871124581079,0.3476,0.0761563496883014,0.0111753307282924,-0.0158662684261798,-0.0231468435376882,0.7177340388298035,-0.000143556157127,-6.128767563495785e-05,-0.0038250598590821,0.0111753307282924,0.0011528093600645,32760.0,2.460231304168703
seeded_ic_v1,19980020,-0.017431,-0.024454,-2.351529,10.232681,0.704866,0.30309238,adaptive_ramp_v1,18.0,0.08,12.725668907165527,adaptive_brake,0.2286101132631302,-0.1754933446645736,0.2276045083999633,0.0145444851368665,-0.0313527435064315,-0.2702387869358063,0.0650516077876091,-0.0845895931124687,3.44443678855896,-1.223395824432373,0.1939112097024917,-1.4038084745407104,32505,31693,32235,32613,0.95,cem_tuned_boundary,opp_m3_12000,0,0,12000,0,5.73871124581079,0.3476,0.0761563496883014,0.0111753307282924,-0.0158662684261798,-0.0231468435376882,0.7177340388298035,-0.000143556157127,-6.128767563495785e-05,-0.0038250598590821,0.0111753307282924,0.0011528093600645,32760.0,2.4790778160095215
seeded_ic_v1,19980020,-0.017431,-0.024454,-2.351529,10.232681,0.704866,0.30309238,adaptive_ramp_v1,18.0,0.08,12.72581911087036,adaptive_brake,0.2286101132631302,-0.1754933446645736,0.2276045083999633,0.0145444851368665,-0.0313527435064315,-0.2702387869358063,0.0407656915485858,-0.0885863155126571,3.4163641929626465,-1.1575965881347656,0.0609263330698013,-1.4038084745407104,32505,31693,32235,32613,0.95,cem_tuned_boundary,opp_m3_12000,0,0,12000,0,5.73871124581079,0.3476,0.0761563496883014,0.0111753307282924,-0.0158662684261798,-0.0231468435376882,0.7177340388298035,-0.000143556157127,-6.128767563495785e-05,-0.0038250598590821,0.0111753307282924,0.0011528093600645,32760.0,2.4792280197143537
seeded_ic_v1,19980020,-0.017431,-0.024454,-2.351529,10.232681,0.704866,0.30309238,adaptive_ramp_v1,18.0,0.08,12.72588586807251,adaptive_brake,0.2286101132631302,-0.1754933446645736,0.2276045083999633,0.0145444851368665,-0.0313527435064315,-0.2702387869358063,0.0407656915485858,-0.0885863155126571,3.4163641929626465,-1.1575965881347656,0.0609263330698013,-1.4038084745407104,32505,31679,32217,32609,0.95,cem_tuned_boundary,opp_m3_12000,0,0,12000,0,5.73871124581079,0.3476,0.0761563496883014,0.0111753307282924,-0.0158662684261798,-0.0231468435376882,0.7177340388298035,-0.000143556157127,-6.128767563495785e-05,-0.0038250598590821,0.0111753307282924,0.0011528093600645,32760.0,2.479294776916504
seeded_ic_v1,19980020,-0.017431,-0.024454,-2.351529,10.232681,0.704866,0.30309238,adaptive_ramp_v1,18.0,0.08,12.74568796157837,adaptive_brake,0.2289198189973831,-0.1761027127504348,0.2221373617649078,0.0149350082501769,-0.0313642509281635,-0.2727790176868438,0.0407656915485858,-0.0885863155126571,3.4163641929626465,-1.1575965881347656,0.0609263330698013,-1.4038084745407104,32505,31679,32217,32609,0.95,cem_tuned_boundary,opp_m3_12000,0,0,12000,0,5.73871124581079,0.3476,0.0761563496883014,0.0111753307282924,-0.0158662684261798,-0.0231468435376882,0.7177340388298035,-0.000143556157127,-6.128767563495785e-05,-0.0038250598590821,0.0111753307282924,0.0011528093600645,32760.0,2.4990968704223633
seeded_ic_v1,19980020,-0.017431,-0.024454,-2.351529,10.232681,0.704866,0.30309238,adaptive_ramp_v1,18.0,0.08,12.74581813812256,adaptive_brake,0.2289198189973831,-0.1761027127504348,0.2221373617649078,0.0149350082501769,-0.0313642509281635,-0.2727790176868438,0.01741873472929,-0.0897860378026962,3.3882884979248047,-1.159666895866394,-0.0256206654012203,-1.4038084745407104,32505,31679,32217,32609,0.95,cem_tuned_boundary,opp_m3_12000,0,0,12000,0,5.73871124581079,0.3476,0.0761563496883014,0.0111753307282924,-0.0158662684261798,-0.0231468435376882,0.7177340388298035,-0.000143556157127,-6.128767563495785e-05,-0.0038250598590821,0.0111753307282924,0.0011528093600645,32760.0,2.4992270469665545
seeded_ic_v1,19980020,-0.017431,-0.024454,-2.351529,10.232681,0.704866,0.30309238,adaptive_ramp_v1,18.0,0.08,12.745893716812134,adaptive_brake,0.2289198189973831,-0.1761027127504348,0.2221373617649078,0.0149350082501769,-0.0313642509281635,-0.2727790176868438,0.01741873472929,-0.0897860378026962,3.3882884979248047,-1.159666895866394,-0.0256206654012203,-1.4038084745407104,32505,31679,32233,32629,0.95,cem_tuned_boundary,opp_m3_12000,0,0,12000,0,5.73871124581079,0.3476,0.0761563496883014,0.0111753307282924,-0.0158662684261798,-0.0231468435376882,0.7177340388298035,-0.000143556157127,-6.128767563495785e-05,-0.0038250598590821,0.0111753307282924,0.0011528093600645,32760.0,2.499302625656128
seeded_ic_v1,19980020,-0.017431,-0.024454,-2.351529,10.232681,0.704866,0.30309238,adaptive_ramp_v1,18.0,0.08,12.766592025756836,adaptive_brake,0.2292570173740387,-0.1767368614673614,0.2163234055042266,0.0153614785522222,-0.0312682017683982,-0.2755374610424042,0.01741873472929,-0.0897860378026962,3.3882884979248047,-1.159666895866394,-0.0256206654012203,-1.4038084745407104,32505,31679,32233,32629,0.95,cem_tuned_boundary,opp_m3_12000,0,0,12000,0,5.73871124581079,0.3476,0.0761563496883014,0.0111753307282924,-0.0158662684261798,-0.0231468435376882,0.7177340388298035,-0.000143556157127,-6.128767563495785e-05,-0.0038250598590821,0.0111753307282924,0.0011528093600645,32760.0,2.52000093460083
seeded_ic_v1,19980020,-0.017431,-0.024454,-2.351529,10.232681,0.704866,0.30309238,adaptive_ramp_v1,18.0,0.08,12.766804456710815,adaptive_brake,0.2292570173740387,-0.1767368614673614,0.2163234055042266,0.0153614785522222,-0.0312682017683982,-0.2755374610424042,-0.0069770435802638,-0.0888937786221504,3.358950614929199,-1.0972418785095217,-0.2107748389244079,-1.342848777770996,32505,31679,32233,32629,0.95,cem_tuned_boundary,opp_m3_12000,0,0,12000,0,5.73871124581079,0.3476,0.0761563496883014,0.0111753307282924,-0.0158662684261798,-0.0231468435376882,0.7177340388298035,-0.000143556157127,-6.128767563495785e-05,-0.0038250598590821,0.0111753307282924,0.0011528093600645,32760.0,2.5202133655548096
seeded_ic_v1,19980020,-0.017431,-0.024454,-2.351529,10.232681,0.704866,0.30309238,adaptive_ramp_v1,18.0,0.08,12.767009973526,adaptive_brake,0.2292570173740387,-0.1767368614673614,0.2163234055042266,0.0153614785522222,-0.0312682017683982,-0.2755374610424042,-0.0069770435802638,-0.0888937786221504,3.358950614929199,-1.0972418785095217,-0.2107748389244079,-1.342848777770996,32505,31679,32253,32625,0.95,cem_tuned_boundary,opp_m3_12000,0,0,12000,0,5.73871124581079,0.3476,0.0761563496883014,0.0111753307282924,-0.0158662684261798,-0.0231468435376882,0.7177340388298035,-0.000143556157127,-6.128767563495785e-05,-0.0038250598590821,0.0111753307282924,0.0011528093600645,32760.0,2.5204188823699933
seeded_ic_v1,19980020,-0.017431,-0.024454,-2.351529,10.232681,0.704866,0.30309238,adaptive_ramp_v1,18.0,0.08,12.786858797073364,adaptive_brake,0.2295753210783004,-0.1773375123739242,0.2108413875102996,0.015701899304986,-0.0310956891626119,-0.2775406539440155,-0.0069770435802638,-0.0888937786221504,3.358950614929199,-1.0972418785095217,-0.2107748389244079,-1.342848777770996,32505,31679,32253,32625,0.95,cem_tuned_boundary,opp_m3_12000,0,0,12000,0,5.73871124581079,0.3476,0.0761563496883014,0.0111753307282924,-0.0158662684261798,-0.0231468435376882,0.7177340388298035,-0.000143556157127,-6.128767563495785e-05,-0.0038250598590821,0.0111753307282924,0.0011528093600645,32760.0,2.5402677059173584
seeded_ic_v1,19980020,-0.017431,-0.024454,-2.351529,10.232681,0.704866,0.30309238,adaptive_ramp_v1,18.0,0.08,12.787013292312622,adaptive_brake,0.2295753210783004,-0.1773375123739242,0.2108413875102996,0.015701899304986,-0.0310956891626119,-0.2775406539440155,-0.028884096071124,-0.0847298875451088,3.3317618370056152,-1.0348567962646484,-0.3065405786037445,-1.3511308431625366,32505,31679,32253,32625,0.95,cem_tuned_boundary,opp_m3_12000,0,0,12000,0,5.73871124581079,0.3476,0.0761563496883014,0.0111753307282924,-0.0158662684261798,-0.0231468435376882,0.7177340388298035,-0.000143556157127,-6.128767563495785e-05,-0.0038250598590821,0.0111753307282924,0.0011528093600645,32760.0,2.540422201156616
seeded_ic_v1,19980020,-0.017431,-0.024454,-2.351529,10.232681,0.704866,0.30309238,adaptive_ramp_v1,18.0,0.08,12.787076711654665,adaptive_brake,0.2295753210783004,-0.1773375123739242,0.2108413875102996,0.015701899304986,-0.0310956891626119,-0.2775406539440155,-0.028884096071124,-0.0847298875451088,3.3317618370056152,-1.0348567962646484,-0.3065405786037445,-1.3511308431625366,32505,31679,32255,32639,0.95,cem_tuned_boundary,opp_m3_12000,0,0,12000,0,5.73871124581079,0.3476,0.0761563496883014,0.0111753307282924,-0.0158662684261798,-0.0231468435376882,0.7177340388298035,-0.000143556157127,-6.128767563495785e-05,-0.0038250598590821,0.0111753307282924,0.0011528093600645,32760.0,2.540485620498659
seeded_ic_v1,19980020,-0.017431,-0.024454,-2.351529,10.232681,0.704866,0.30309238,adaptive_ramp_v1,18.0,0.08,12.806968450546265,adaptive_brake,0.2299105077981948,-0.1779270768165588,0.2052287608385086,0.0160729233175516,-0.0308184754103422,-0.2800297737121582,-0.028884096071124,-0.0847298875451088,3.3317618370056152,-1.0348567962646484,-0.3065405786037445,-1.3511308431625366,32505,31679,32255,32639,0.95,cem_tuned_boundary,opp_m3_12000,0,0,12000,0,5.73871124581079,0.3476,0.0761563496883014,0.0111753307282924,-0.0158662684261798,-0.0231468435376882,0.7177340388298035,-0.000143556157127,-6.128767563495785e-05,-0.0038250598590821,0.0111753307282924,0.0011528093600645,32760.0,2.560377359390259
seeded_ic_v1,19980020,-0.017431,-0.024454,-2.351529,10.232681,0.704866,0.30309238,adaptive_ramp_v1,18.0,0.08,12.807165622711182,adaptive_brake,0.2299105077981948,-0.1779270768165588,0.2052287608385086,0.0160729233175516,-0.0308184754103422,-0.2800297737121582,-0.0491611324250698,-0.078293889760971,3.3047304153442383,-0.9737992882728576,-0.4156027138233185,-1.3427772521972656,32505,31679,32255,32639,0.95,cem_tuned_boundary,opp_m3_12000,0,0,12000,0,5.73871124581079,0.3476,0.0761563496883014,0.0111753307282924,-0.0158662684261798,-0.0231468435376882,0.7177340388298035,-0.000143556157127,-6.128767563495785e-05,-0.0038250598590821,0.0111753307282924,0.0011528093600645,32760.0,2.560574531555176
seeded_ic_v1,19980020,-0.017431,-0.024454,-2.351529,10.232681,0.704866,0.30309238,adaptive_ramp_v1,18.0,0.08,12.807258367538452,adaptive_brake,0.2299105077981948,-0.1779270768165588,0.2052287608385086,0.0160729233175516,-0.0308184754103422,-0.2800297737121582,-0.0491611324250698,-0.078293889760971,3.3047304153442383,-0.9737992882728576,-0.4156027138233185,-1.3427772521972656,32505,31717,32299,32637,0.95,cem_tuned_boundary,opp_m3_12000,0,0,12000,0,5.73871124581079,0.3476,0.0761563496883014,0.0111753307282924,-0.0158662684261798,-0.0231468435376882,0.7177340388298035,-0.000143556157127,-6.128767563495785e-05,-0.0038250598590821,0.0111753307282924,0.0011528093600645,32760.0,2.5606672763824463
seeded_ic_v1,19980020,-0.017431,-0.024454,-2.351529,10.232681,0.704866,0.30309238,adaptive_ramp_v1,18.0,0.08,12.827697515487673,adaptive_brake,0.2302471101284027,-0.1785130500793457,0.1996001154184341,0.0163892693817615,-0.0304871927946805,-0.2822935879230499,-0.0491611324250698,-0.078293889760971,3.3047304153442383,-0.9737992882728576,-0.4156027138233185,-1.3427772521972656,32505,31717,32299,32637,0.95,cem_tuned_boundary,opp_m3_12000,0,0,12000,0,5.73871124581079,0.3476,0.0761563496883014,0.0111753307282924,-0.0158662684261798,-0.0231468435376882,0.7177340388298035,-0.000143556157127,-6.128767563495785e-05,-0.0038250598590821,0.0111753307282924,0.0011528093600645,32760.0,2.581106424331667
seeded_ic_v1,19980020,-0.017431,-0.024454,-2.351529,10.232681,0.704866,0.30309238,adaptive_ramp_v1,18.0,0.08,12.827845811843872,adaptive_brake,0.2302471101284027,-0.1785130500793457,0.1996001154184341,0.0163892693817615,-0.0304871927946805,-0.2822935879230499,-0.0682239085435867,-0.0701076909899711,3.277883052825928,-0.8587183356285095,-0.5140981078147888,-1.3427730798721311,32505,31717,32299,32637,0.95,cem_tuned_boundary,opp_m3_12000,0,0,12000,0,5.73871124581079,0.3476,0.0761563496883014,0.0111753307282924,-0.0158662684261798,-0.0231468435376882,0.7177340388298035,-0.000143556157127,-6.128767563495785e-05,-0.0038250598590821,0.0111753307282924,0.0011528093600645,32760.0,2.581254720687866
seeded_ic_v1,19980020,-0.017431,-0.024454,-2.351529,10.232681,0.704866,0.30309238,adaptive_ramp_v1,18.0,0.08,12.827916622161863,adaptive_brake,0.2302471101284027,-0.1785130500793457,0.1996001154184341,0.0163892693817615,-0.0304871927946805,-0.2822935879230499,-0.0682239085435867,-0.0701076909899711,3.277883052825928,-0.8587183356285095,-0.5140981078147888,-1.3427730798721311,32505,31725,32285,32611,0.95,cem_tuned_boundary,opp_m3_12000,0,0,12000,0,5.73871124581079,0.3476,0.0761563496883014,0.0111753307282924,-0.0158662684261798,-0.0231468435376882,0.7177340388298035,-0.000143556157127,-6.128767563495785e-05,-0.0038250598590821,0.0111753307282924,0.0011528093600645,32760.0,2.5813255310058576
seeded_ic_v1,19980020,-0.017431,-0.024454,-2.351529,10.232681,0.704866,0.30309238,adaptive_ramp_v1,18.0,0.08,12.845765113830566,adaptive_brake,0.2305989563465118,-0.1791207045316696,0.1937255263328552,0.0166457723826169,-0.0300762634724378,-0.2842130362987518,-0.0682239085435867,-0.0701076909899711,3.277883052825928,-0.8587183356285095,-0.5140981078147888,-1.3427730798721311,32505,31725,32285,32611,0.95,cem_tuned_boundary,opp_m3_12000,0,0,12000,0,5.73871124581079,0.3476,0.0761563496883014,0.0111753307282924,-0.0158662684261798,-0.0231468435376882,0.7177340388298035,-0.000143556157127,-6.128767563495785e-05,-0.0038250598590821,0.0111753307282924,0.0011528093600645,32760.0,2.5991740226745605
seeded_ic_v1,19980020,-0.017431,-0.024454,-2.351529,10.232681,0.704866,0.30309238,adaptive_ramp_v1,18.0,0.08,12.845912456512451,adaptive_brake,0.2305989563465118,-0.1791207045316696,0.1937255263328552,0.0166457723826169,-0.0300762634724378,-0.2842130362987518,-0.0866243839263916,-0.059197761118412,3.2494702339172363,-0.7913933992385864,-0.5881696939468384,-1.404111623764038,32505,31725,32285,32611,0.95,cem_tuned_boundary,opp_m3_12000,0,0,12000,0,5.73871124581079,0.3476,0.0761563496883014,0.0111753307282924,-0.0158662684261798,-0.0231468435376882,0.7177340388298035,-0.000143556157127,-6.128767563495785e-05,-0.0038250598590821,0.0111753307282924,0.0011528093600645,32760.0,2.5993213653564453
seeded_ic_v1,19980020,-0.017431,-0.024454,-2.351529,10.232681,0.704866,0.30309238,adaptive_ramp_v1,18.0,0.08,12.84596848487854,adaptive_brake,0.2305989563465118,-0.1791207045316696,0.1937255263328552,0.0166457723826169,-0.0300762634724378,-0.2842130362987518,-0.0866243839263916,-0.059197761118412,3.2494702339172363,-0.7913933992385864,-0.5881696939468384,-1.404111623764038,32505,31767,32341,32673,0.95,cem_tuned_boundary,opp_m3_12000,0,0,12000,0,5.73871124581079,0.3476,0.0761563496883014,0.0111753307282924,-0.0158662684261798,-0.0231468435376882,0.7177340388298035,-0.000143556157127,-6.128767563495785e-05,-0.0038250598590821,0.0111753307282924,0.0011528093600645,32760.0,2.599377393722534
seeded_ic_v1,19980020,-0.017431,-0.024454,-2.351529,10.232681,0.704866,0.30309238,adaptive_ramp_v1,18.0,0.08,12.865650415420532,adaptive_brake,0.2309432476758957,-0.1796844899654388,0.1880487203598022,0.0168707482516765,-0.0295995641499757,-0.2862333357334137,-0.0866243839263916,-0.059197761118412,3.2494702339172363,-0.7913933992385864,-0.5881696939468384,-1.404111623764038,32505,31767,32341,32673,0.95,cem_tuned_boundary,opp_m3_12000,0,0,12000,0,5.73871124581079,0.3476,0.0761563496883014,0.0111753307282924,-0.0158662684261798,-0.0231468435376882,0.7177340388298035,-0.000143556157127,-6.128767563495785e-05,-0.0038250598590821,0.0111753307282924,0.0011528093600645,32760.0,2.6190593242645264
seeded_ic_v1,19980020,-0.017431,-0.024454,-2.351529,10.232681,0.704866,0.30309238,adaptive_ramp_v1,18.0,0.08,12.865798950195312,adaptive_brake,0.2309432476758957,-0.1796844899654388,0.1880487203598022,0.0168707482516765,-0.0295995641499757,-0.2862333357334137,-0.1020445600152015,-0.0473407842218875,3.2215445041656494,-0.6713250875473022,-0.6740707755088806,-1.403812050819397,32505,31767,32341,32673,0.95,cem_tuned_boundary,opp_m3_12000,0,0,12000,0,5.73871124581079,0.3476,0.0761563496883014,0.0111753307282924,-0.0158662684261798,-0.0231468435376882,0.7177340388298035,-0.000143556157127,-6.128767563495785e-05,-0.0038250598590821,0.0111753307282924,0.0011528093600645,32760.0,2.6192078590393066
seeded_ic_v1,19980020,-0.017431,-0.024454,-2.351529,10.232681,0.704866,0.30309238,adaptive_ramp_v1,18.0,0.08,12.865882635116575,adaptive_brake,0.2309432476758957,-0.1796844899654388,0.1880487203598022,0.0168707482516765,-0.0295995641499757,-0.2862333357334137,-0.1020445600152015,-0.0473407842218875,3.2215445041656494,-0.6713250875473022,-0.6740707755088806,-1.403812050819397,32505,31761,32305,32651,0.95,cem_tuned_boundary,opp_m3_12000,0,0,12000,0,5.73871124581079,0.3476,0.0761563496883014,0.0111753307282924,-0.0158662684261798,-0.0231468435376882,0.7177340388298035,-0.000143556157127,-6.128767563495785e-05,-0.0038250598590821,0.0111753307282924,0.0011528093600645,32760.0,2.6192915439605695
seeded_ic_v1,19980020,-0.017431,-0.024454,-2.351529,10.232681,0.704866,0.30309238,adaptive_ramp_v1,18.0,0.08,12.885815143585203,adaptive_brake,0.2312910705804824,-0.1802386492490768,0.1823162287473678,0.0170485563576221,-0.0290766712278127,-0.2882704734802246,-0.1020445600152015,-0.0473407842218875,3.2215445041656494,-0.6713250875473022,-0.6740707755088806,-1.403812050819397,32505,31761,32305,32651,0.95,cem_tuned_boundary,opp_m3_12000,0,0,12000,0,5.73871124581079,0.3476,0.0761563496883014,0.0111753307282924,-0.0158662684261798,-0.0231468435376882,0.7177340388298035,-0.000143556157127,-6.128767563495785e-05,-0.0038250598590821,0.0111753307282924,0.0011528093600645,32760.0,2.6392240524291974
seeded_ic_v1,19980020,-0.017431,-0.024454,-2.351529,10.232681,0.704866,0.30309238,adaptive_ramp_v1,18.0,0.08,12.885977268218994,adaptive_brake,0.2312910705804824,-0.1802386492490768,0.1823162287473678,0.0170485563576221,-0.0290766712278127,-0.2882704734802246,-0.115533135831356,-0.0338416546583175,3.1934938430786133,-0.6071698665618896,-0.7338139414787292,-1.3916802406311035,32505,31761,32305,32651,0.95,cem_tuned_boundary,opp_m3_12000,0,0,12000,0,5.73871124581079,0.3476,0.0761563496883014,0.0111753307282924,-0.0158662684261798,-0.0231468435376882,0.7177340388298035,-0.000143556157127,-6.128767563495785e-05,-0.0038250598590821,0.0111753307282924,0.0011528093600645,32760.0,2.6393861770629883
seeded_ic_v1,19980020,-0.017431,-0.024454,-2.351529,10.232681,0.704866,0.30309238,adaptive_ramp_v1,18.0,0.08,12.886027097702026,adaptive_brake,0.2312910705804824,-0.1802386492490768,0.1823162287473678,0.0170485563576221,-0.0290766712278127,-0.2882704734802246,-0.115533135831356,-0.0338416546583175,3.1934938430786133,-0.6071698665618896,-0.7338139414787292,-1.3916802406311035,32505,31769,32341,32675,0.95,cem_tuned_boundary,opp_m3_12000,0,0,12000,0,5.73871124581079,0.3476,0.0761563496883014,0.0111753307282924,-0.0158662684261798,-0.0231468435376882,0.7177340388298035,-0.000143556157127,-6.128767563495785e-05,-0.0038250598590821,0.0111753307282924,0.0011528093600645,32760.0,2.6394360065460205
seeded_ic_v1,19980020,-0.017431,-0.024454,-2.351529,10.232681,0.704866,0.30309238,adaptive_ramp_v1,18.0,0.08,12.906936883926392,adaptive_brake,0.2316412478685379,-0.1807822436094284,0.1765309274196624,0.0171736218035221,-0.0285139326006174,-0.2903068959712982,-0.115533135831356,-0.0338416546583175,3.1934938430786133,-0.6071698665618896,-0.7338139414787292,-1.3916802406311035,32505,31769,32341,32675,0.95,cem_tuned_boundary,opp_m3_12000,0,0,12000,0,5.73871124581079,0.3476,0.0761563496883014,0.0111753307282924,-0.0158662684261798,-0.0231468435376882,0.7177340388298035,-0.000143556157127,-6.128767563495785e-05,-0.0038250598590821,0.0111753307282924,0.0011528093600645,32760.0,2.6603457927703857
seeded_ic_v1,19980020,-0.017431,-0.024454,-2.351529,10.232681,0.704866,0.30309238,adaptive_ramp_v1,18.0,0.08,12.907137632369995,adaptive_brake,0.2316412478685379,-0.1807822436094284,0.1765309274196624,0.0171736218035221,-0.0285139326006174,-0.2903068959712982,-0.1270747184753418,-0.0191356167197227,3.16595458984375,-0.4869182109832763,-0.7961400747299194,-1.3554917573928833,32505,31769,32341,32675,0.95,cem_tuned_boundary,opp_m3_12000,0,0,12000,0,5.73871124581079,0.3476,0.0761563496883014,0.0111753307282924,-0.0158662684261798,-0.0231468435376882,0.7177340388298035,-0.000143556157127,-6.128767563495785e-05,-0.0038250598590821,0.0111753307282924,0.0011528093600645,32760.0,2.6605465412139893
seeded_ic_v1,19980020,-0.017431,-0.024454,-2.351529,10.232681,0.704866,0.30309238,adaptive_ramp_v1,18.0,0.08,12.90722131729126,adaptive_brake,0.2316412478685379,-0.1807822436094284,0.1765309274196624,0.0171736218035221,-0.0285139326006174,-0.2903068959712982,-0.1270747184753418,-0.0191356167197227,3.16595458984375,-0.4869182109832763,-0.7961400747299194,-1.3554917573928833,32505,31783,32361,32665,0.95,cem_tuned_boundary,opp_m3_12000,0,0,12000,0,5.73871124581079,0.3476,0.0761563496883014,0.0111753307282924,-0.0158662684261798,-0.0231468435376882,0.7177340388298035,-0.000143556157127,-6.128767563495785e-05,-0.0038250598590821,0.0111753307282924,0.0011528093600645,32760.0,2.660630226135254
seeded_ic_v1,19980020,-0.017431,-0.024454,-2.351529,10.232681,0.704866,0.30309238,adaptive_ramp_v1,18.0,0.08,12.925687074661257,adaptive_brake,0.2320239841938018,-0.1813650876283645,0.1701764464378357,0.0172293037176132,-0.0278480779379606,-0.2921710610389709,-0.1270747184753418,-0.0191356167197227,3.16595458984375,-0.4869182109832763,-0.7961400747299194,-1.3554917573928833,32505,31783,32361,32665,0.95,cem_tuned_boundary,opp_m3_12000,0,0,12000,0,5.73871124581079,0.3476,0.0761563496883014,0.0111753307282924,-0.0158662684261798,-0.0231468435376882,0.7177340388298035,-0.000143556157127,-6.128767563495785e-05,-0.0038250598590821,0.0111753307282924,0.0011528093600645,32760.0,2.679095983505251
seeded_ic_v1,19980020,-0.017431,-0.024454,-2.351529,10.232681,0.704866,0.30309238,adaptive_ramp_v1,18.0,0.08,12.9258394241333,adaptive_brake,0.2320239841938018,-0.1813650876283645,0.1701764464378357,0.0172293037176132,-0.0278480779379606,-0.2921710610389709,-0.1373468786478042,-0.0017211377853527,3.136390686035156,-0.3778723180294037,-0.7934601902961731,-1.3427904844284058,32505,31783,32361,32665,0.95,cem_tuned_boundary,opp_m3_12000,0,0,12000,0,5.73871124581079,0.3476,0.0761563496883014,0.0111753307282924,-0.0158662684261798,-0.0231468435376882,0.7177340388298035,-0.000143556157127,-6.128767563495785e-05,-0.0038250598590821,0.0111753307282924,0.0011528093600645,32760.0,2.679248332977295
seeded_ic_v1,19980020,-0.017431,-0.024454,-2.351529,10.232681,0.704866,0.30309238,adaptive_ramp_v1,18.0,0.08,12.925928354263306,adaptive_brake,0.2320239841938018,-0.1813650876283645,0.1701764464378357,0.0172293037176132,-0.0278480779379606,-0.2921710610389709,-0.1373468786478042,-0.0017211377853527,3.136390686035156,-0.3778723180294037,-0.7934601902961731,-1.3427904844284058,32505,31799,32333,32629,0.95,cem_tuned_boundary,opp_m3_12000,0,0,12000,0,5.73871124581079,0.3476,0.0761563496883014,0.0111753307282924,-0.0158662684261798,-0.0231468435376882,0.7177340388298035,-0.000143556157127,-6.128767563495785e-05,-0.0038250598590821,0.0111753307282924,0.0011528093600645,32760.0,2.6793372631073
seeded_ic_v1,19980020,-0.017431,-0.024454,-2.351529,10.232681,0.704866,0.30309238,adaptive_ramp_v1,18.0,0.08,12.945542573928831,adaptive_brake,0.2323694080114364,-0.1818747669458389,0.1644090265035629,0.0172082018107175,-0.0271816216409206,-0.2935714423656463,-0.1373468786478042,-0.0017211377853527,3.136390686035156,-0.3778723180294037,-0.7934601902961731,-1.3427904844284058,32505,31799,32333,32629,0.95,cem_tuned_boundary,opp_m3_12000,0,0,12000,0,5.73871124581079,0.3476,0.0761563496883014,0.0111753307282924,-0.0158662684261798,-0.0231468435376882,0.7177340388298035,-0.000143556157127,-6.128767563495785e-05,-0.0038250598590821,0.0111753307282924,0.0011528093600645,32760.0,2.6989514827728254
seeded_ic_v1,19980020,-0.017431,-0.024454,-2.351529,10.232681,0.704866,0.30309238,adaptive_ramp_v1,18.0,0.08,12.945744037628174,adaptive_brake,0.2323694080114364,-0.1818747669458389,0.1644090265035629,0.0172082018107175,-0.0271816216409206,-0.2935714423656463,-0.1445492058992386,0.0142140882089734,3.109574317932129,-0.2926878631114959,-0.7962725162506104,-1.3427735567092896,32505,31799,32333,32629,0.95,cem_tuned_boundary,opp_m3_12000,0,0,12000,0,5.73871124581079,0.3476,0.0761563496883014,0.0111753307282924,-0.0158662684261798,-0.0231468435376882,0.7177340388298035,-0.000143556157127,-6.128767563495785e-05,-0.0038250598590821,0.0111753307282924,0.0011528093600645,32760.0,2.699152946472168
seeded_ic_v1,19980020,-0.017431,-0.024454,-2.351529,10.232681,0.704866,0.30309238,adaptive_ramp_v1,18.0,0.08,12.945807695388794,adaptive_brake,0.2323694080114364,-0.1818747669458389,0.1644090265035629,0.0172082018107175,-0.0271816216409206,-0.2935714423656463,-0.1445492058992386,0.0142140882089734,3.109574317932129,-0.2926878631114959,-0.7962725162506104,-1.3427735567092896,32505,31819,32367,32651,0.95,cem_tuned_boundary,opp_m3_12000,0,0,12000,0,5.73871124581079,0.3476,0.0761563496883014,0.0111753307282924,-0.0158662684261798,-0.0231468435376882,0.7177340388298035,-0.000143556157127,-6.128767563495785e-05,-0.0038250598590821,0.0111753307282924,0.0011528093600645,32760.0,2.699216604232788
seeded_ic_v1,19980020,-0.017431,-0.024454,-2.351529,10.232681,0.704866,0.30309238,adaptive_ramp_v1,18.0,0.08,12.965638160705566,adaptive_brake,0.2327137291431427,-0.1823733001947403,0.1585810333490371,0.0171309392899274,-0.0265066307038068,-0.2951572835445404,-0.1445492058992386,0.0142140882089734,3.109574317932129,-0.2926878631114959,-0.7962725162506104,-1.3427735567092896,32505,31819,32367,32651,0.95,cem_tuned_boundary,opp_m3_12000,0,0,12000,0,5.73871124581079,0.3476,0.0761563496883014,0.0111753307282924,-0.0158662684261798,-0.0231468435376882,0.7177340388298035,-0.000143556157127,-6.128767563495785e-05,-0.0038250598590821,0.0111753307282924,0.0011528093600645,32760.0,2.7190470695495605
seeded_ic_v1,19980020,-0.017431,-0.024454,-2.351529,10.232681,0.704866,0.30309238,adaptive_ramp_v1,18.0,0.08,12.965837717056274,adaptive_brake,0.2327137291431427,-0.1823733001947403,0.1585810333490371,0.0171309392899274,-0.0265066307038068,-0.2951572835445404,-0.1496946662664413,0.0309002175927162,3.0827622413635254,-0.1782441288232803,-0.8516238331794739,-1.3427735567092896,32505,31819,32367,32651,0.95,cem_tuned_boundary,opp_m3_12000,0,0,12000,0,5.73871124581079,0.3476,0.0761563496883014,0.0111753307282924,-0.0158662684261798,-0.0231468435376882,0.7177340388298035,-0.000143556157127,-6.128767563495785e-05,-0.0038250598590821,0.0111753307282924,0.0011528093600645,32760.0,2.7192466259002686
seeded_ic_v1,19980020,-0.017431,-0.024454,-2.351529,10.232681,0.704866,0.30309238,adaptive_ramp_v1,18.0,0.08,12.96592664718628,adaptive_brake,0.2327137291431427,-0.1823733001947403,0.1585810333490371,0.0171309392899274,-0.0265066307038068,-0.2951572835445404,-0.1496946662664413,0.0309002175927162,3.0827622413635254,-0.1782441288232803,-0.8516238331794739,-1.3427735567092896,32505,31849,32399,32661,0.95,cem_tuned_boundary,opp_m3_12000,0,0,12000,0,5.73871124581079,0.3476,0.0761563496883014,0.0111753307282924,-0.0158662684261798,-0.0231468435376882,0.7177340388298035,-0.000143556157127,-6.128767563495785e-05,-0.0038250598590821,0.0111753307282924,0.0011528093600645,32760.0,2.7193355560302734
seeded_ic_v1,19980020,-0.017431,-0.024454,-2.351529,10.232681,0.704866,0.30309238,adaptive_ramp_v1,18.0,0.08,12.985903024673462,adaptive_brake,0.2330556958913803,-0.1828603595495224,0.1526944786310196,0.0169945955276489,-0.0258292742073535,-0.2968701720237732,-0.1496946662664413,0.0309002175927162,3.0827622413635254,-0.1782441288232803,-0.8516238331794739,-1.3427735567092896,32505,31849,32399,32661,0.95,cem_tuned_boundary,opp_m3_12000,0,0,12000,0,5.73871124581079,0.3476,0.0761563496883014,0.0111753307282924,-0.0158662684261798,-0.0231468435376882,0.7177340388298035,-0.000143556157127,-6.128767563495785e-05,-0.0038250598590821,0.0111753307282924,0.0011528093600645,32760.0,2.739311933517456
seeded_ic_v1,19980020,-0.017431,-0.024454,-2.351529,10.232681,0.704866,0.30309238,adaptive_ramp_v1,18.0,0.08,12.986116647720335,adaptive_brake,0.2330556958913803,-0.1828603595495224,0.1526944786310196,0.0169945955276489,-0.0258292742073535,-0.2968701720237732,-0.1525033265352249,0.0473121888935565,3.0559489727020264,-0.0584035068750381,-0.7935093641281128,-1.3427735567092896,32505,31849,32399,32661,0.95,cem_tuned_boundary,opp_m3_12000,0,0,12000,0,5.73871124581079,0.3476,0.0761563496883014,0.0111753307282924,-0.0158662684261798,-0.0231468435376882,0.7177340388298035,-0.000143556157127,-6.128767563495785e-05,-0.0038250598590821,0.0111753307282924,0.0011528093600645,32760.0,2.7395255565643293
seeded_ic_v1,19980020,-0.017431,-0.024454,-2.351529,10.232681,0.704866,0.30309238,adaptive_ramp_v1,18.0,0.08,12.986215829849243,adaptive_brake,0.2330556958913803,-0.1828603595495224,0.1526944786310196,0.0169945955276489,-0.0258292742073535,-0.2968701720237732,-0.1525033265352249,0.0473121888935565,3.0559489727020264,-0.0584035068750381,-0.7935093641281128,-1.3427735567092896,32505,31849,32385,32647,0.95,cem_tuned_boundary,opp_m3_12000,0,0,12000,0,5.73871124581079,0.3476,0.0761563496883014,0.0111753307282924,-0.0158662684261798,-0.0231468435376882,0.7177340388298035,-0.000143556157127,-6.128767563495785e-05,-0.0038250598590821,0.0111753307282924,0.0011528093600645,32760.0,2.7396247386932373
seeded_ic_v1,19980020,-0.017431,-0.024454,-2.351529,10.232681,0.704866,0.30309238,adaptive_ramp_v1,18.0,0.08,13.00586986541748,adaptive_brake,0.2333939224481582,-0.1833357661962509,0.1467517167329788,0.0168009512126445,-0.0251561906188726,-0.2986878156661987,-0.1525033265352249,0.0473121888935565,3.0559489727020264,-0.0584035068750381,-0.7935093641281128,-1.3427735567092896,32505,31849,32385,32647,0.95,cem_tuned_boundary,opp_m3_12000,0,0,12000,0,5.73871124581079,0.3476,0.0761563496883014,0.0111753307282924,-0.0158662684261798,-0.0231468435376882,0.7177340388298035,-0.000143556157127,-6.128767563495785e-05,-0.0038250598590821,0.0111753307282924,0.0011528093600645,32760.0,2.7592787742614746
seeded_ic_v1,19980020,-0.017431,-0.024454,-2.351529,10.232681,0.704866,0.30309238,adaptive_ramp_v1,18.0,0.08,13.006104230880736,adaptive_brake,0.2333939224481582,-0.1833357661962509,0.1467517167329788,0.0168009512126445,-0.0251561906188726,-0.2986878156661987,-0.1531386375427246,0.0632535442709922,3.029136180877685,-0.0001398585445713,-0.7934566736221313,-1.3427735567092896,32505,31849,32385,32647,0.95,cem_tuned_boundary,opp_m3_12000,0,0,12000,0,5.73871124581079,0.3476,0.0761563496883014,0.0111753307282924,-0.0158662684261798,-0.0231468435376882,0.7177340388298035,-0.000143556157127,-6.128767563495785e-05,-0.0038250598590821,0.0111753307282924,0.0011528093600645,32760.0,2.7595131397247297
seeded_ic_v1,19980020,-0.017431,-0.024454,-2.351529,10.232681,0.704866,0.30309238,adaptive_ramp_v1,18.0,0.08,13.006178379058838,adaptive_brake,0.2333939224481582,-0.1833357661962509,0.1467517167329788,0.0168009512126445,-0.0251561906188726,-0.2986878156661987,-0.1531386375427246,0.0632535442709922,3.029136180877685,-0.0001398585445713,-0.7934566736221313,-1.3427735567092896,32505,31873,32407,32653,0.95,cem_tuned_boundary,opp_m3_12000,0,0,12000,0,5.73871124581079,0.3476,0.0761563496883014,0.0111753307282924,-0.0158662684261798,-0.0231468435376882,0.7177340388298035,-0.000143556157127,-6.128767563495785e-05,-0.0038250598590821,0.0111753307282924,0.0011528093600645,32760.0,2.759587287902832
seeded_ic_v1,19980020,-0.017431,-0.024454,-2.351529,10.232681,0.704866,0.30309238,adaptive_ramp_v1,18.0,0.08,13.025681257247925,adaptive_brake,0.2337271720170974,-0.1837995499372482,0.1407550275325775,0.0165508724749088,-0.0244932658970356,-0.3005783855915069,-0.1531386375427246,0.0632535442709922,3.029136180877685,-0.0001398585445713,-0.7934566736221313,-1.3427735567092896,32505,31873,32407,32653,0.95,cem_tuned_boundary,opp_m3_12000,0,0,12000,0,5.73871124581079,0.3476,0.0761563496883014,0.0111753307282924,-0.0158662684261798,-0.0231468435376882,0.7177340388298035,-0.000143556157127,-6.128767563495785e-05,-0.0038250598590821,0.0111753307282924,0.0011528093600645,32760.0,2.779090166091919
seeded_ic_v1,19980020,-0.017431,-0.024454,-2.351529,10.232681,0.704866,0.30309238,adaptive_ramp_v1,18.0,0.08,13.025928735733032,adaptive_brake,0.2337271720170974,-0.1837995499372482,0.1407550275325775,0.0165508724749088,-0.0244932658970356,-0.3005783855915069,-0.1528300493955612,0.0789877101778984,3.0023229122161865,0.1182304322719574,-0.7316238284111023,-1.3427735567092896,32505,31873,32407,32653,0.95,cem_tuned_boundary,opp_m3_12000,0,0,12000,0,5.73871124581079,0.3476,0.0761563496883014,0.0111753307282924,-0.0158662684261798,-0.0231468435376882,0.7177340388298035,-0.000143556157127,-6.128767563495785e-05,-0.0038250598590821,0.0111753307282924,0.0011528093600645,32760.0,2.7793376445770264
seeded_ic_v1,19980020,-0.017431,-0.024454,-2.351529,10.232681,0.704866,0.30309238,adaptive_ramp_v1,18.0,0.08,13.026015758514404,adaptive_brake,0.2337271720170974,-0.1837995499372482,0.1407550275325775,0.0165508724749088,-0.0244932658970356,-0.3005783855915069,-0.1528300493955612,0.0789877101778984,3.0023229122161865,0.1182304322719574,-0.7316238284111023,-1.3427735567092896,32505,31883,32391,32627,0.95,cem_tuned_boundary,opp_m3_12000,0,0,12000,0,5.73871124581079,0.3476,0.0761563496883014,0.0111753307282924,-0.0158662684261798,-0.0231468435376882,0.7177340388298035,-0.000143556157127,-6.128767563495785e-05,-0.0038250598590821,0.0111753307282924,0.0011528093600645,32760.0,2.7794246673583984
seeded_ic_v1,19980020,-0.017431,-0.024454,-2.351529,10.232681,0.704866,0.30309238,adaptive_ramp_v1,18.0,0.08,13.046563863754272,adaptive_brake,0.234069749712944,-0.1842745244503021,0.1344221234321594,0.0162265244871377,-0.0238134581595659,-0.3024880588054657,-0.1528300493955612,0.0789877101778984,3.0023229122161865,0.1182304322719574,-0.7316238284111023,-1.3427735567092896,32505,31883,32391,32627,0.95,cem_tuned_boundary,opp_m3_12000,0,0,12000,0,5.73871124581079,0.3476,0.0761563496883014,0.0111753307282924,-0.0158662684261798,-0.0231468435376882,0.7177340388298035,-0.000143556157127,-6.128767563495785e-05,-0.0038250598590821,0.0111753307282924,0.0011528093600645,32760.0,2.7999727725982666
seeded_ic_v1,19980020,-0.017431,-0.024454,-2.351529,10.232681,0.704866,0.30309238,adaptive_ramp_v1,18.0,0.08,13.046790838241575,adaptive_brake,0.234069749712944,-0.1842745244503021,0.1344221234321594,0.0162265244871377,-0.0238134581595659,-0.3024880588054657,-0.1496970951557159,0.0944320186972618,2.974164724349976,0.246979683637619,-0.6829124689102173,-1.3427735567092896,32505,31883,32391,32627,0.95,cem_tuned_boundary,opp_m3_12000,0,0,12000,0,5.73871124581079,0.3476,0.0761563496883014,0.0111753307282924,-0.0158662684261798,-0.0231468435376882,0.7177340388298035,-0.000143556157127,-6.128767563495785e-05,-0.0038250598590821,0.0111753307282924,0.0011528093600645,32760.0,2.8001997470855695
seeded_ic_v1,19980020,-0.017431,-0.024454,-2.351529,10.232681,0.704866,0.30309238,adaptive_ramp_v1,18.0,0.08,13.046853303909302,adaptive_brake,0.234069749712944,-0.1842745244503021,0.1344221234321594,0.0162265244871377,-0.0238134581595659,-0.3024880588054657,-0.1496970951557159,0.0944320186972618,2.974164724349976,0.246979683637619,-0.6829124689102173,-1.3427735567092896,32505,31867,32367,32627,0.95,cem_tuned_boundary,opp_m3_12000,0,0,12000,0,5.73871124581079,0.3476,0.0761563496883014,0.0111753307282924,-0.0158662684261798,-0.0231468435376882,0.7177340388298035,-0.000143556157127,-6.128767563495785e-05,-0.0038250598590821,0.0111753307282924,0.0011528093600645,32760.0,2.800262212753296
seeded_ic_v1,19980020,-0.017431,-0.024454,-2.351529,10.232681,0.704866,0.30309238,adaptive_ramp_v1,18.0,0.08,13.066601991653442,adaptive_brake,0.2343864887952804,-0.1847107410430908,0.128386452794075,0.0158557891845703,-0.0231681708246469,-0.304143488407135,-0.1496970951557159,0.0944320186972618,2.974164724349976,0.246979683637619,-0.6829124689102173,-1.3427735567092896,32505,31867,32367,32627,0.95,cem_tuned_boundary,opp_m3_12000,0,0,12000,0,5.73871124581079,0.3476,0.0761563496883014,0.0111753307282924,-0.0158662684261798,-0.0231468435376882,0.7177340388298035,-0.000143556157127,-6.128767563495785e-05,-0.0038250598590821,0.0111753307282924,0.0011528093600645,32760.0,2.8200109004974365
seeded_ic_v1,19980020,-0.017431,-0.024454,-2.351529,10.232681,0.704866,0.30309238,adaptive_ramp_v1,18.0,0.08,13.066890001296995,adaptive_brake,0.2343864887952804,-0.1847107410430908,0.128386452794075,0.0158557891845703,-0.0231681708246469,-0.304143488407135,-0.1447164416313171,0.1081840917468071,2.9473447799682617,0.3078639805316925,-0.6713857650756836,-1.3427735567092896,32505,31867,32367,32627,0.95,cem_tuned_boundary,opp_m3_12000,0,0,12000,0,5.73871124581079,0.3476,0.0761563496883014,0.0111753307282924,-0.0158662684261798,-0.0231468435376882,0.7177340388298035,-0.000143556157127,-6.128767563495785e-05,-0.0038250598590821,0.0111753307282924,0.0011528093600645,32760.0,2.8202989101409894
seeded_ic_v1,19980020,-0.017431,-0.024454,-2.351529,10.232681,0.704866,0.30309238,adaptive_ramp_v1,18.0,0.08,13.06698989868164,adaptive_brake,0.2343864887952804,-0.1847107410430908,0.128386452794075,0.0158557891845703,-0.0231681708246469,-0.304143488407135,-0.1447164416313171,0.1081840917468071,2.9473447799682617,0.3078639805316925,-0.6713857650756836,-1.3427735567092896,32505,31923,32411,32623,0.95,cem_tuned_boundary,opp_m3_12000,0,0,12000,0,5.73871124581079,0.3476,0.0761563496883014,0.0111753307282924,-0.0158662684261798,-0.0231468435376882,0.7177340388298035,-0.000143556157127,-6.128767563495785e-05,-0.0038250598590821,0.0111753307282924,0.0011528093600645,32760.0,2.8203988075256348
seeded_ic_v1,19980020,-0.017431,-0.024454,-2.351529,10.232681,0.704866,0.30309238,adaptive_ramp_v1,18.0,0.08,13.086681365966797,adaptive_brake,0.2346952408552169,-0.1851366758346557,0.1222958266735076,0.0154394870623946,-0.0225545857101678,-0.3059012293815613,-0.1447164416313171,0.1081840917468071,2.9473447799682617,0.3078639805316925,-0.6713857650756836,-1.3427735567092896,32505,31923,32411,32623,0.95,cem_tuned_boundary,opp_m3_12000,0,0,12000,0,5.73871124581079,0.3476,0.0761563496883014,0.0111753307282924,-0.0158662684261798,-0.0231468435376882,0.7177340388298035,-0.000143556157127,-6.128767563495785e-05,-0.0038250598590821,0.0111753307282924,0.0011528093600645,32760.0,2.840090274810791
seeded_ic_v1,19980020,-0.017431,-0.024454,-2.351529,10.232681,0.704866,0.30309238,adaptive_ramp_v1,18.0,0.08,13.087033987045288,adaptive_brake,0.2346952408552169,-0.1851366758346557,0.1222958266735076,0.0154394870623946,-0.0225545857101678,-0.3059012293815613,-0.1383769512176513,0.1210526376962661,2.920600891113281,0.3676030039787292,-0.5983415842056274,-1.279054880142212,32505,31923,32411,32623,0.95,cem_tuned_boundary,opp_m3_12000,0,0,12000,0,5.73871124581079,0.3476,0.0761563496883014,0.0111753307282924,-0.0158662684261798,-0.0231468435376882,0.7177340388298035,-0.000143556157127,-6.128767563495785e-05,-0.0038250598590821,0.0111753307282924,0.0011528093600645,32760.0,2.8404428958892822
seeded_ic_v1,19980020,-0.017431,-0.024454,-2.351529,10.232681,0.704866,0.30309238,adaptive_ramp_v1,18.0,0.08,13.087127685546877,adaptive_brake,0.2346952408552169,-0.1851366758346557,0.1222958266735076,0.0154394870623946,-0.0225545857101678,-0.3059012293815613,-0.1383769512176513,0.1210526376962661,2.920600891113281,0.3676030039787292,-0.5983415842056274,-1.279054880142212,32505,31919,32407,32603,0.95,cem_tuned_boundary,opp_m3_12000,0,0,12000,0,5.73871124581079,0.3476,0.0761563496883014,0.0111753307282924,-0.0158662684261798,-0.0231468435376882,0.7177340388298035,-0.000143556157127,-6.128767563495785e-05,-0.0038250598590821,0.0111753307282924,0.0011528093600645,32760.0,2.840536594390871
seeded_ic_v1,19980020,-0.017431,-0.024454,-2.351529,10.232681,0.704866,0.30309238,adaptive_ramp_v1,18.0,0.08,13.106651782989502,adaptive_brake,0.2349950522184372,-0.1855527907609939,0.1161527037620544,0.014981348067522,-0.0219761747866868,-0.3077312409877777,-0.1383769512176513,0.1210526376962661,2.920600891113281,0.3676030039787292,-0.5983415842056274,-1.279054880142212,32505,31919,32407,32603,0.95,cem_tuned_boundary,opp_m3_12000,0,0,12000,0,5.73871124581079,0.3476,0.0761563496883014,0.0111753307282924,-0.0158662684261798,-0.0231468435376882,0.7177340388298035,-0.000143556157127,-6.128767563495785e-05,-0.0038250598590821,0.0111753307282924,0.0011528093600645,32760.0,2.860060691833496
seeded_ic_v1,19980020,-0.017431,-0.024454,-2.351529,10.232681,0.704866,0.30309238,adaptive_ramp_v1,18.0,0.08,13.106962442398071,adaptive_brake,0.2349950522184372,-0.1855527907609939,0.1161527037620544,0.014981348067522,-0.0219761747866868,-0.3077312409877777,-0.130673348903656,0.1325109899044037,2.894989252090454,0.4276056289672851,-0.5236109495162964,-1.281736135482788,32505,31919,32407,32603,0.95,cem_tuned_boundary,opp_m3_12000,0,0,12000,0,5.73871124581079,0.3476,0.0761563496883014,0.0111753307282924,-0.0158662684261798,-0.0231468435376882,0.7177340388298035,-0.000143556157127,-6.128767563495785e-05,-0.0038250598590821,0.0111753307282924,0.0011528093600645,32760.0,2.8603713512420654
seeded_ic_v1,19980020,-0.017431,-0.024454,-2.351529,10.232681,0.704866,0.30309238,adaptive_ramp_v1,18.0,0.08,13.107052326202393,adaptive_brake,0.2349950522184372,-0.1855527907609939,0.1161527037620544,0.014981348067522,-0.0219761747866868,-0.3077312409877777,-0.130673348903656,0.1325109899044037,2.894989252090454,0.4276056289672851,-0.5236109495162964,-1.281736135482788,32505,31897,32371,32589,0.95,cem_tuned_boundary,opp_m3_12000,0,0,12000,0,5.73871124581079,0.3476,0.0761563496883014,0.0111753307282924,-0.0158662684261798,-0.0231468435376882,0.7177340388298035,-0.000143556157127,-6.128767563495785e-05,-0.0038250598590821,0.0111753307282924,0.0011528093600645,32760.0,2.8604612350463867
seeded_ic_v1,19980020,-0.017431,-0.024454,-2.351529,10.232681,0.704866,0.30309238,adaptive_ramp_v1,18.0,0.08,13.126641988754272,adaptive_brake,0.2352850884199142,-0.1859596669673919,0.1099587455391883,0.0144861591979861,-0.0214365795254707,-0.3096724450588226,-0.130673348903656,0.1325109899044037,2.894989252090454,0.4276056289672851,-0.5236109495162964,-1.281736135482788,32505,31897,32371,32589,0.95,cem_tuned_boundary,opp_m3_12000,0,0,12000,0,5.73871124581079,0.3476,0.0761563496883014,0.0111753307282924,-0.0158662684261798,-0.0231468435376882,0.7177340388298035,-0.000143556157127,-6.128767563495785e-05,-0.0038250598590821,0.0111753307282924,0.0011528093600645,32760.0,2.8800508975982666
seeded_ic_v1,19980020,-0.017431,-0.024454,-2.351529,10.232681,0.704866,0.30309238,adaptive_ramp_v1,18.0,0.08,13.126801490783691,adaptive_brake,0.2352850884199142,-0.1859596669673919,0.1099587455391883,0.0144861591979861,-0.0214365795254707,-0.3096724450588226,-0.1220120266079902,0.1426829099655151,2.8693761825561523,0.4911984205245971,-0.4493705034255981,-1.281738042831421,32505,31897,32371,32589,0.95,cem_tuned_boundary,opp_m3_12000,0,0,12000,0,5.73871124581079,0.3476,0.0761563496883014,0.0111753307282924,-0.0158662684261798,-0.0231468435376882,0.7177340388298035,-0.000143556157127,-6.128767563495785e-05,-0.0038250598590821,0.0111753307282924,0.0011528093600645,32760.0,2.8802103996276855
seeded_ic_v1,19980020,-0.017431,-0.024454,-2.351529,10.232681,0.704866,0.30309238,adaptive_ramp_v1,18.0,0.08,13.126850843429564,adaptive_brake,0.2352850884199142,-0.1859596669673919,0.1099587455391883,0.0144861591979861,-0.0214365795254707,-0.3096724450588226,-0.1220120266079902,0.1426829099655151,2.8693761825561523,0.4911984205245971,-0.4493705034255981,-1.281738042831421,32505,31903,32351,32571,0.95,cem_tuned_boundary,opp_m3_12000,0,0,12000,0,5.73871124581079,0.3476,0.0761563496883014,0.0111753307282924,-0.0158662684261798,-0.0231468435376882,0.7177340388298035,-0.000143556157127,-6.128767563495785e-05,-0.0038250598590821,0.0111753307282924,0.0011528093600645,32760.0,2.880259752273558
seeded_ic_v1,19980020,-0.017431,-0.024454,-2.351529,10.232681,0.704866,0.30309238,adaptive_ramp_v1,18.0,0.08,13.14669632911682,adaptive_brake,0.2355646938085556,-0.1863579750061035,0.1037148609757423,0.0139584336429834,-0.0209379754960536,-0.3117073476314544,-0.1220120266079902,0.1426829099655151,2.8693761825561523,0.4911984205245971,-0.4493705034255981,-1.281738042831421,32505,31903,32351,32571,0.95,cem_tuned_boundary,opp_m3_12000,0,0,12000,0,5.73871124581079,0.3476,0.0761563496883014,0.0111753307282924,-0.0158662684261798,-0.0231468435376882,0.7177340388298035,-0.000143556157127,-6.128767563495785e-05,-0.0038250598590821,0.0111753307282924,0.0011528093600645,32760.0,2.9001052379608137
seeded_ic_v1,19980020,-0.017431,-0.024454,-2.351529,10.232681,0.704866,0.30309238,adaptive_ramp_v1,18.0,0.08,13.146864652633669,adaptive_brake,0.2355646938085556,-0.1863579750061035,0.1037148609757423,0.0139584336429834,-0.0209379754960536,-0.3117073476314544,-0.1122062653303146,0.1515557020902633,2.843759775161743,0.4882844388484955,-0.3639110624790191,-1.281738042831421,32505,31903,32351,32571,0.95,cem_tuned_boundary,opp_m3_12000,0,0,12000,0,5.73871124581079,0.3476,0.0761563496883014,0.0111753307282924,-0.0158662684261798,-0.0231468435376882,0.7177340388298035,-0.000143556157127,-6.128767563495785e-05,-0.0038250598590821,0.0111753307282924,0.0011528093600645,32760.0,2.900273561477663
seeded_ic_v1,19980020,-0.017431,-0.024454,-2.351529,10.232681,0.704866,0.30309238,adaptive_ramp_v1,18.0,0.08,13.146942377090454,adaptive_brake,0.2355646938085556,-0.1863579750061035,0.1037148609757423,0.0139584336429834,-0.0209379754960536,-0.3117073476314544,-0.1122062653303146,0.1515557020902633,2.843759775161743,0.4882844388484955,-0.3639110624790191,-1.281738042831421,32505,31921,32357,32567,0.95,cem_tuned_boundary,opp_m3_12000,0,0,12000,0,5.73871124581079,0.3476,0.0761563496883014,0.0111753307282924,-0.0158662684261798,-0.0231468435376882,0.7177340388298035,-0.000143556157127,-6.128767563495785e-05,-0.0038250598590821,0.0111753307282924,0.0011528093600645,32760.0,2.9003512859344482
seeded_ic_v1,19980020,-0.017431,-0.024454,-2.351529,10.232681,0.704866,0.30309238,adaptive_ramp_v1,18.0,0.08,13.166686296463013,adaptive_brake,0.2358332127332687,-0.1867484450340271,0.097422257065773,0.0134029285982251,-0.0204823277890682,-0.3137983679771423,-0.1122062653303146,0.1515557020902633,2.843759775161743,0.4882844388484955,-0.3639110624790191,-1.281738042831421,32505,31921,32357,32567,0.95,cem_tuned_boundary,opp_m3_12000,0,0,12000,0,5.73871124581079,0.3476,0.0761563496883014,0.0111753307282924,-0.0158662684261798,-0.0231468435376882,0.7177340388298035,-0.000143556157127,-6.128767563495785e-05,-0.0038250598590821,0.0111753307282924,0.0011528093600645,32760.0,2.920095205307007
seeded_ic_v1,19980020,-0.017431,-0.024454,-2.351529,10.232681,0.704866,0.30309238,adaptive_ramp_v1,18.0,0.08,13.166853427886965,adaptive_brake,0.2358332127332687,-0.1867484450340271,0.097422257065773,0.0134029285982251,-0.0204823277890682,-0.3137983679771423,-0.1023711711168289,0.1589863300323486,2.818138599395752,0.5377908945083618,-0.3049919009208679,-1.2910501956939695,32505,31921,32357,32567,0.95,cem_tuned_boundary,opp_m3_12000,0,0,12000,0,5.73871124581079,0.3476,0.0761563496883014,0.0111753307282924,-0.0158662684261798,-0.0231468435376882,0.7177340388298035,-0.000143556157127,-6.128767563495785e-05,-0.0038250598590821,0.0111753307282924,0.0011528093600645,32760.0,2.920262336730959
seeded_ic_v1,19980020,-0.017431,-0.024454,-2.351529,10.232681,0.704866,0.30309238,adaptive_ramp_v1,18.0,0.08,13.166935443878174,adaptive_brake,0.2358332127332687,-0.1867484450340271,0.097422257065773,0.0134029285982251,-0.0204823277890682,-0.3137983679771423,-0.1023711711168289,0.1589863300323486,2.818138599395752,0.5377908945083618,-0.3049919009208679,-1.2910501956939695,32505,31931,32315,32519,0.95,cem_tuned_boundary,opp_m3_12000,0,0,12000,0,5.73871124581079,0.3476,0.0761563496883014,0.0111753307282924,-0.0158662684261798,-0.0231468435376882,0.7177340388298035,-0.000143556157127,-6.128767563495785e-05,-0.0038250598590821,0.0111753307282924,0.0011528093600645,32760.0,2.920344352722168
seeded_ic_v1,19980020,-0.017431,-0.024454,-2.351529,10.232681,0.704866,0.30309238,adaptive_ramp_v1,18.0,0.08,13.18687105178833,adaptive_brake,0.2360901683568954,-0.1871318519115448,0.0910817831754684,0.0128241628408432,-0.0200697258114814,-0.3159751892089844,-0.1023711711168289,0.1589863300323486,2.818138599395752,0.5377908945083618,-0.3049919009208679,-1.2910501956939695,32505,31931,32315,32519,0.95,cem_tuned_boundary,opp_m3_12000,0,0,12000,0,5.73871124581079,0.3476,0.0761563496883014,0.0111753307282924,-0.0158662684261798,-0.0231468435376882,0.7177340388298035,-0.000143556157127,-6.128767563495785e-05,-0.0038250598590821,0.0111753307282924,0.0011528093600645,32760.0,2.940279960632324
seeded_ic_v1,19980020,-0.017431,-0.024454,-2.351529,10.232681,0.704866,0.30309238,adaptive_ramp_v1,18.0,0.08,13.187082052230837,adaptive_brake,0.2360901683568954,-0.1871318519115448,0.0910817831754684,0.0128241628408432,-0.0200697258114814,-0.3159751892089844,-0.091540478169918,0.1652435511350631,2.792222261428833,0.5493220686912537,-0.30235356092453,-1.3362756967544556,32505,31931,32315,32519,0.95,cem_tuned_boundary,opp_m3_12000,0,0,12000,0,5.73871124581079,0.3476,0.0761563496883014,0.0111753307282924,-0.0158662684261798,-0.0231468435376882,0.7177340388298035,-0.000143556157127,-6.128767563495785e-05,-0.0038250598590821,0.0111753307282924,0.0011528093600645,32760.0,2.940490961074831
seeded_ic_v1,19980020,-0.017431,-0.024454,-2.351529,10.232681,0.704866,0.30309238,adaptive_ramp_v1,18.0,0.08,13.187164783477783,adaptive_brake,0.2360901683568954,-0.1871318519115448,0.0910817831754684,0.0128241628408432,-0.0200697258114814,-0.3159751892089844,-0.091540478169918,0.1652435511350631,2.792222261428833,0.5493220686912537,-0.30235356092453,-1.3362756967544556,32505,31983,32371,32551,0.95,cem_tuned_boundary,opp_m3_12000,0,0,12000,0,5.73871124581079,0.3476,0.0761563496883014,0.0111753307282924,-0.0158662684261798,-0.0231468435376882,0.7177340388298035,-0.000143556157127,-6.128767563495785e-05,-0.0038250598590821,0.0111753307282924,0.0011528093600645,32760.0,2.9405736923217773
seeded_ic_v1,19980020,-0.017431,-0.024454,-2.351529,10.232681,0.704866,0.30309238,adaptive_ramp_v1,18.0,0.08,13.206879377365112,adaptive_brake,0.2363322526216507,-0.1875070184469223,0.0848346501588821,0.0122111020609736,-0.0196925587952137,-0.3174546062946319,-0.091540478169918,0.1652435511350631,2.792222261428833,0.5493220686912537,-0.30235356092453,-1.3362756967544556,32505,31983,32371,32551,0.95,cem_tuned_boundary,opp_m3_12000,0,0,12000,0,5.73871124581079,0.3476,0.0761563496883014,0.0111753307282924,-0.0158662684261798,-0.0231468435376882,0.7177340388298035,-0.000143556157127,-6.128767563495785e-05,-0.0038250598590821,0.0111753307282924,0.0011528093600645,32760.0,2.9602882862091064
seeded_ic_v1,19980020,-0.017431,-0.024454,-2.351529,10.232681,0.704866,0.30309238,adaptive_ramp_v1,18.0,0.08,13.207067012786863,adaptive_brake,0.2363322526216507,-0.1875070184469223,0.0848346501588821,0.0122111020609736,-0.0196925587952137,-0.3174546062946319,-0.0804769247770309,0.1706905514001846,2.765840768814087,0.4998064339160919,-0.2052875310182571,-1.3432528972625732,32505,31983,32371,32551,0.95,cem_tuned_boundary,opp_m3_12000,0,0,12000,0,5.73871124581079,0.3476,0.0761563496883014,0.0111753307282924,-0.0158662684261798,-0.0231468435376882,0.7177340388298035,-0.000143556157127,-6.128767563495785e-05,-0.0038250598590821,0.0111753307282924,0.0011528093600645,32760.0,2.9604759216308576
seeded_ic_v1,19980020,-0.017431,-0.024454,-2.351529,10.232681,0.704866,0.30309238,adaptive_ramp_v1,18.0,0.08,13.207144737243652,adaptive_brake,0.2363322526216507,-0.1875070184469223,0.0848346501588821,0.0122111020609736,-0.0196925587952137,-0.3174546062946319,-0.0804769247770309,0.1706905514001846,2.765840768814087,0.4998064339160919,-0.2052875310182571,-1.3432528972625732,32505,31965,32377,32595,0.95,cem_tuned_boundary,opp_m3_12000,0,0,12000,0,5.73871124581079,0.3476,0.0761563496883014,0.0111753307282924,-0.0158662684261798,-0.0231468435376882,0.7177340388298035,-0.000143556157127,-6.128767563495785e-05,-0.0038250598590821,0.0111753307282924,0.0011528093600645,32760.0,2.9605536460876465
seeded_ic_v1,19980020,-0.017431,-0.024454,-2.351529,10.232681,0.704866,0.30309238,adaptive_ramp_v1,18.0,0.08,13.226690769195557,adaptive_brake,0.236587569117546,-0.1879159361124038,0.0777761191129684,0.0115372417494654,-0.0193438623100519,-0.3199372291564941,-0.0804769247770309,0.1706905514001846,2.765840768814087,0.4998064339160919,-0.2052875310182571,-1.3432528972625732,32505,31965,32377,32595,0.95,cem_tuned_boundary,opp_m3_12000,0,0,12000,0,5.73871124581079,0.3476,0.0761563496883014,0.0111753307282924,-0.0158662684261798,-0.0231468435376882,0.7177340388298035,-0.000143556157127,-6.128767563495785e-05,-0.0038250598590821,0.0111753307282924,0.0011528093600645,32760.0,2.980099678039551
seeded_ic_v1,19980020,-0.017431,-0.024454,-2.351529,10.232681,0.704866,0.30309238,adaptive_ramp_v1,18.0,0.08,13.226839303970335,adaptive_brake,0.236587569117546,-0.1879159361124038,0.0777761191129684,0.0115372417494654,-0.0193438623100519,-0.3199372291564941,-0.0688962936401367,0.1747635304927826,2.7362966537475586,0.5492349863052368,-0.1199964955449104,-1.3427729606628418,32505,31965,32377,32595,0.95,cem_tuned_boundary,opp_m3_12000,0,0,12000,0,5.73871124581079,0.3476,0.0761563496883014,0.0111753307282924,-0.0158662684261798,-0.0231468435376882,0.7177340388298035,-0.000143556157127,-6.128767563495785e-05,-0.0038250598590821,0.0111753307282924,0.0011528093600645,32760.0,2.9802482128143293
seeded_ic_v1,19980020,-0.017431,-0.024454,-2.351529,10.232681,0.704866,0.30309238,adaptive_ramp_v1,18.0,0.08,13.22691297531128,adaptive_brake,0.236587569117546,-0.1879159361124038,0.0777761191129684,0.0115372417494654,-0.0193438623100519,-0.3199372291564941,-0.0688962936401367,0.1747635304927826,2.7362966537475586,0.5492349863052368,-0.1199964955449104,-1.3427729606628418,32505,31999,32349,32545,0.95,cem_tuned_boundary,opp_m3_12000,0,0,12000,0,5.73871124581079,0.3476,0.0761563496883014,0.0111753307282924,-0.0158662684261798,-0.0231468435376882,0.7177340388298035,-0.000143556157127,-6.128767563495785e-05,-0.0038250598590821,0.0111753307282924,0.0011528093600645,32760.0,2.9803218841552734
seeded_ic_v1,19980020,-0.017431,-0.024454,-2.351529,10.232681,0.704866,0.30309238,adaptive_ramp_v1,18.0,0.08,13.2466881275177,adaptive_brake,0.2368030846118927,-0.1882756650447845,0.0714089050889015,0.0108990669250488,-0.0190408080816268,-0.3216406106948852,-0.0688962936401367,0.1747635304927826,2.7362966537475586,0.5492349863052368,-0.1199964955449104,-1.3427729606628418,32505,31999,32349,32545,0.95,cem_tuned_boundary,opp_m3_12000,0,0,12000,0,5.73871124581079,0.3476,0.0761563496883014,0.0111753307282924,-0.0158662684261798,-0.0231468435376882,0.7177340388298035,-0.000143556157127,-6.128767563495785e-05,-0.0038250598590821,0.0111753307282924,0.0011528093600645,32760.0,3.0000970363616943
seeded_ic_v1,19980020,-0.017431,-0.024454,-2.351529,10.232681,0.704866,0.30309238,adaptive_ramp_v1,18.0,0.08,13.246812343597412,adaptive_brake,0.2368030846118927,-0.1882756650447845,0.0714089050889015,0.0108990669250488,-0.0190408080816268,-0.3216406106948852,-0.0578269883990287,0.1764719039201736,2.7094428539276123,0.5493159294128418,-0.0116425678133964,-1.3427729606628418,32505,31999,32349,32545,0.95,cem_tuned_boundary,opp_m3_12000,0,0,12000,0,5.73871124581079,0.3476,0.0761563496883014,0.0111753307282924,-0.0158662684261798,-0.0231468435376882,0.7177340388298035,-0.000143556157127,-6.128767563495785e-05,-0.0038250598590821,0.0111753307282924,0.0011528093600645,32760.0,3.0002212524414062
seeded_ic_v1,19980020,-0.017431,-0.024454,-2.351529,10.232681,0.704866,0.30309238,adaptive_ramp_v1,18.0,0.08,13.246891736984251,adaptive_brake,0.2368030846118927,-0.1882756650447845,0.0714089050889015,0.0108990669250488,-0.0190408080816268,-0.3216406106948852,-0.0578269883990287,0.1764719039201736,2.7094428539276123,0.5493159294128418,-0.0116425678133964,-1.3427729606628418,32505,32531,32297,33101,0.95,cem_tuned_boundary,opp_m3_12000,0,0,12000,0,5.73871124581079,0.3476,0.0761563496883014,0.0111753307282924,-0.0158662684261798,-0.0231468435376882,0.7177340388298035,-0.000143556157127,-6.128767563495785e-05,-0.0038250598590821,0.0111753307282924,0.0011528093600645,32760.0,3.0003006458282453
seeded_ic_v1,19980020,-0.017431,-0.024454,-2.351529,10.232681,0.704866,0.30309238,adaptive_ramp_v1,18.0,0.08,13.26679253578186,adaptive_brake,0.237006664276123,-0.1886323988437652,0.0649823173880577,0.0102626224979758,-0.0187872964888811,-0.3234916031360626,-0.0578269883990287,0.1764719039201736,2.7094428539276123,0.5493159294128418,-0.0116425678133964,-1.3427729606628418,32505,32531,32297,33101,0.95,cem_tuned_boundary,opp_m3_12000,0,0,12000,0,5.73871124581079,0.3476,0.0761563496883014,0.0111753307282924,-0.0158662684261798,-0.0231468435376882,0.7177340388298035,-0.000143556157127,-6.128767563495785e-05,-0.0038250598590821,0.0111753307282924,0.0011528093600645,32760.0,3.0202014446258545
seeded_ic_v1,19980020,-0.017431,-0.024454,-2.351529,10.232681,0.704866,0.30309238,adaptive_ramp_v1,18.0,0.08,13.267069816589355,adaptive_brake,0.237006664276123,-0.1886323988437652,0.0649823173880577,0.0102626224979758,-0.0187872964888811,-0.3234916031360626,-0.0467579029500484,0.1766195744276046,2.6825876235961914,0.5493159294128418,7.100445600372041e-07,-1.3427730798721311,32505,32531,32297,33101,0.95,cem_tuned_boundary,opp_m3_12000,0,0,12000,0,5.73871124581079,0.3476,0.0761563496883014,0.0111753307282924,-0.0158662684261798,-0.0231468435376882,0.7177340388298035,-0.000143556157127,-6.128767563495785e-05,-0.0038250598590821,0.0111753307282924,0.0011528093600645,32760.0,3.0204787254333496
seeded_ic_v1,19980020,-0.017431,-0.024454,-2.351529,10.232681,0.704866,0.30309238,adaptive_ramp_v1,18.0,0.08,13.2672381401062,adaptive_brake,0.237006664276123,-0.1886323988437652,0.0649823173880577,0.0102626224979758,-0.0187872964888811,-0.3234916031360626,-0.0467579029500484,0.1766195744276046,2.6825876235961914,0.5493159294128418,7.100445600372041e-07,-1.3427730798721311,32505,32583,32327,33091,0.95,cem_tuned_boundary,opp_m3_12000,0,0,12000,0,5.73871124581079,0.3476,0.0761563496883014,0.0111753307282924,-0.0158662684261798,-0.0231468435376882,0.7177340388298035,-0.000143556157127,-6.128767563495785e-05,-0.0038250598590821,0.0111753307282924,0.0011528093600645,32760.0,3.0206470489501935
seeded_ic_v1,19980020,-0.017431,-0.024454,-2.351529,10.232681,0.704866,0.30309238,adaptive_ramp_v1,18.0,0.08,13.285721778869627,adaptive_brake,0.2372070550918579,-0.189003586769104,0.0582109428942203,0.0095967575907707,-0.0185674540698528,-0.3252930641174316,-0.0467579029500484,0.1766195744276046,2.6825876235961914,0.5493159294128418,7.100445600372041e-07,-1.3427730798721311,32505,32583,32327,33091,0.95,cem_tuned_boundary,opp_m3_12000,0,0,12000,0,5.73871124581079,0.3476,0.0761563496883014,0.0111753307282924,-0.0158662684261798,-0.0231468435376882,0.7177340388298035,-0.000143556157127,-6.128767563495785e-05,-0.0038250598590821,0.0111753307282924,0.0011528093600645,32760.0,3.0391306877136213
seeded_ic_v1,19980020,-0.017431,-0.024454,-2.351529,10.232681,0.704866,0.30309238,adaptive_ramp_v1,18.0,0.08,13.28591012954712,adaptive_brake,0.2372070550918579,-0.189003586769104,0.0582109428942203,0.0095967575907707,-0.0185674540698528,-0.3252930641174316,-0.0353846736252307,0.1762649118900299,2.655076026916504,0.4853637814521789,0.0752359926700592,-1.281813621520996,32505,32583,32327,33091,0.95,cem_tuned_boundary,opp_m3_12000,0,0,12000,0,5.73871124581079,0.3476,0.0761563496883014,0.0111753307282924,-0.0158662684261798,-0.0231468435376882,0.7177340388298035,-0.000143556157127,-6.128767563495785e-05,-0.0038250598590821,0.0111753307282924,0.0011528093600645,32760.0,3.0393190383911133
seeded_ic_v1,19980020,-0.017431,-0.024454,-2.351529,10.232681,0.704866,0.30309238,adaptive_ramp_v1,18.0,0.08,13.285975933074951,adaptive_brake,0.2372070550918579,-0.189003586769104,0.0582109428942203,0.0095967575907707,-0.0185674540698528,-0.3252930641174316,-0.0353846736252307,0.1762649118900299,2.655076026916504,0.4853637814521789,0.0752359926700592,-1.281813621520996,32505,31993,32339,32517,0.95,cem_tuned_boundary,opp_m3_12000,0,0,12000,0,5.73871124581079,0.3476,0.0761563496883014,0.0111753307282924,-0.0158662684261798,-0.0231468435376882,0.7177340388298035,-0.000143556157127,-6.128767563495785e-05,-0.0038250598590821,0.0111753307282924,0.0011528093600645,32760.0,3.0393848419189453
seeded_ic_v1,19980020,-0.017431,-0.024454,-2.351529,10.232681,0.704866,0.30309238,adaptive_ramp_v1,18.0,0.08,13.305773496627808,adaptive_brake,0.2373847514390945,-0.1893529146909713,0.0517396852374076,0.0089676631614565,-0.018393762409687,-0.3269394934177398,-0.0353846736252307,0.1762649118900299,2.655076026916504,0.4853637814521789,0.0752359926700592,-1.281813621520996,32505,31993,32339,32517,0.95,cem_tuned_boundary,opp_m3_12000,0,0,12000,0,5.73871124581079,0.3476,0.0761563496883014,0.0111753307282924,-0.0158662684261798,-0.0231468435376882,0.7177340388298035,-0.000143556157127,-6.128767563495785e-05,-0.0038250598590821,0.0111753307282924,0.0011528093600645,32760.0,3.0591824054718018
seeded_ic_v1,19980020,-0.017431,-0.024454,-2.351529,10.232681,0.704866,0.30309238,adaptive_ramp_v1,18.0,0.08,13.306125402450562,adaptive_brake,0.2373847514390945,-0.1893529146909713,0.0517396852374076,0.0089676631614565,-0.018393762409687,-0.3269394934177398,-0.02555269934237,0.1734971106052398,2.62943959236145,0.4882778227329254,0.1866928935050964,-1.2817381620407104,32505,31993,32339,32517,0.95,cem_tuned_boundary,opp_m3_12000,0,0,12000,0,5.73871124581079,0.3476,0.0761563496883014,0.0111753307282924,-0.0158662684261798,-0.0231468435376882,0.7177340388298035,-0.000143556157127,-6.128767563495785e-05,-0.0038250598590821,0.0111753307282924,0.0011528093600645,32760.0,3.0595343112945557
seeded_ic_v1,19980020,-0.017431,-0.024454,-2.351529,10.232681,0.704866,0.30309238,adaptive_ramp_v1,18.0,0.08,13.306257247924805,adaptive_brake,0.2373847514390945,-0.1893529146909713,0.0517396852374076,0.0089676631614565,-0.018393762409687,-0.3269394934177398,-0.02555269934237,0.1734971106052398,2.62943959236145,0.4882778227329254,0.1866928935050964,-1.2817381620407104,32505,32549,32307,33045,0.95,cem_tuned_boundary,opp_m3_12000,0,0,12000,0,5.73871124581079,0.3476,0.0761563496883014,0.0111753307282924,-0.0158662684261798,-0.0231468435376882,0.7177340388298035,-0.000143556157127,-6.128767563495785e-05,-0.0038250598590821,0.0111753307282924,0.0011528093600645,32760.0,3.059666156768799
seeded_ic_v1,19980020,-0.017431,-0.024454,-2.351529,10.232681,0.704866,0.30309238,adaptive_ramp_v1,18.0,0.08,13.326607704162598,adaptive_brake,0.2375596165657043,-0.1897199004888534,0.0448788069188594,0.0083288308233022,-0.0182621162384748,-0.3288702368736267,-0.02555269934237,0.1734971106052398,2.62943959236145,0.4882778227329254,0.1866928935050964,-1.2817381620407104,32505,32549,32307,33045,0.95,cem_tuned_boundary,opp_m3_12000,0,0,12000,0,5.73871124581079,0.3476,0.0761563496883014,0.0111753307282924,-0.0158662684261798,-0.0231468435376882,0.7177340388298035,-0.000143556157127,-6.128767563495785e-05,-0.0038250598590821,0.0111753307282924,0.0011528093600645,32760.0,3.080016613006592
seeded_ic_v1,19980020,-0.017431,-0.024454,-2.351529,10.232681,0.704866,0.30309238,adaptive_ramp_v1,18.0,0.08,13.326805353164673,adaptive_brake,0.2375596165657043,-0.1897199004888534,0.0448788069188594,0.0083288308233022,-0.0182621162384748,-0.3288702368736267,-0.015220820903778,0.1686058342456817,2.6033313274383545,0.4761533141136169,0.2440879046916961,-1.2208398580551147,32505,32549,32307,33045,0.95,cem_tuned_boundary,opp_m3_12000,0,0,12000,0,5.73871124581079,0.3476,0.0761563496883014,0.0111753307282924,-0.0158662684261798,-0.0231468435376882,0.7177340388298035,-0.000143556157127,-6.128767563495785e-05,-0.0038250598590821,0.0111753307282924,0.0011528093600645,32760.0,3.080214262008667
seeded_ic_v1,19980020,-0.017431,-0.024454,-2.351529,10.232681,0.704866,0.30309238,adaptive_ramp_v1,18.0,0.08,13.326854228973389,adaptive_brake,0.2375596165657043,-0.1897199004888534,0.0448788069188594,0.0083288308233022,-0.0182621162384748,-0.3288702368736267,-0.015220820903778,0.1686058342456817,2.6033313274383545,0.4761533141136169,0.2440879046916961,-1.2208398580551147,32505,31973,32287,32469,0.95,cem_tuned_boundary,opp_m3_12000,0,0,12000,0,5.73871124581079,0.3476,0.0761563496883014,0.0111753307282924,-0.0158662684261798,-0.0231468435376882,0.7177340388298035,-0.000143556157127,-6.128767563495785e-05,-0.0038250598590821,0.0111753307282924,0.0011528093600645,32760.0,3.080263137817383
seeded_ic_v1,19980020,-0.017431,-0.024454,-2.351529,10.232681,0.704866,0.30309238,adaptive_ramp_v1,18.0,0.08,13.3467435836792,adaptive_brake,0.2377132326364517,-0.1900651007890701,0.0383569002151489,0.0077367173507809,-0.0181601736694574,-0.3306337893009186,-0.015220820903778,0.1686058342456817,2.6033313274383545,0.4761533141136169,0.2440879046916961,-1.2208398580551147,32505,31973,32287,32469,0.95,cem_tuned_boundary,opp_m3_12000,0,0,12000,0,5.73871124581079,0.3476,0.0761563496883014,0.0111753307282924,-0.0158662684261798,-0.0231468435376882,0.7177340388298035,-0.000143556157127,-6.128767563495785e-05,-0.0038250598590821,0.0111753307282924,0.0011528093600645,32760.0,3.1001524925231934
seeded_ic_v1,19980020,-0.017431,-0.024454,-2.351529,10.232681,0.704866,0.30309238,adaptive_ramp_v1,18.0,0.08,13.346901178359984,adaptive_brake,0.2377132326364517,-0.1900651007890701,0.0383569002151489,0.0077367173507809,-0.0181601736694574,-0.3306337893009186,-0.0064359572716057,0.1634806990623474,2.5785250663757324,0.4272731244564056,0.3080931901931762,-1.2349265813827517,32505,31973,32287,32469,0.95,cem_tuned_boundary,opp_m3_12000,0,0,12000,0,5.73871124581079,0.3476,0.0761563496883014,0.0111753307282924,-0.0158662684261798,-0.0231468435376882,0.7177340388298035,-0.000143556157127,-6.128767563495785e-05,-0.0038250598590821,0.0111753307282924,0.0011528093600645,32760.0,3.1003100872039777
seeded_ic_v1,19980020,-0.017431,-0.024454,-2.351529,10.232681,0.704866,0.30309238,adaptive_ramp_v1,18.0,0.08,13.34695553779602,adaptive_brake,0.2377132326364517,-0.1900651007890701,0.0383569002151489,0.0077367173507809,-0.0181601736694574,-0.3306337893009186,-0.0064359572716057,0.1634806990623474,2.5785250663757324,0.4272731244564056,0.3080931901931762,-1.2349265813827517,32505,32509,32259,33001,0.95,cem_tuned_boundary,opp_m3_12000,0,0,12000,0,5.73871124581079,0.3476,0.0761563496883014,0.0111753307282924,-0.0158662684261798,-0.0231468435376882,0.7177340388298035,-0.000143556157127,-6.128767563495785e-05,-0.0038250598590821,0.0111753307282924,0.0011528093600645,32760.0,3.1003644466400146
seeded_ic_v1,19980020,-0.017431,-0.024454,-2.351529,10.232681,0.704866,0.30309238,adaptive_ramp_v1,18.0,0.08,13.366829872131348,adaptive_brake,0.2378567308187484,-0.1904112547636032,0.031764768064022,0.0071717943064868,-0.0180987175554037,-0.3325685560703277,-0.0064359572716057,0.1634806990623474,2.5785250663757324,0.4272731244564056,0.3080931901931762,-1.2349265813827517,32505,32509,32259,33001,0.95,cem_tuned_boundary,opp_m3_12000,0,0,12000,0,5.73871124581079,0.3476,0.0761563496883014,0.0111753307282924,-0.0158662684261798,-0.0231468435376882,0.7177340388298035,-0.000143556157127,-6.128767563495785e-05,-0.0038250598590821,0.0111753307282924,0.0011528093600645,32760.0,3.120238780975342
seeded_ic_v1,19980020,-0.017431,-0.024454,-2.351529,10.232681,0.704866,0.30309238,adaptive_ramp_v1,18.0,0.08,13.367056131362917,adaptive_brake,0.2378567308187484,-0.1904112547636032,0.031764768064022,0.0071717943064868,-0.0180987175554037,-0.3325685560703277,0.0019303119042888,0.1573661118745803,2.5540738105773926,0.3635275363922119,0.305177628993988,-1.220697999000549,32505,32509,32259,33001,0.95,cem_tuned_boundary,opp_m3_12000,0,0,12000,0,5.73871124581079,0.3476,0.0761563496883014,0.0111753307282924,-0.0158662684261798,-0.0231468435376882,0.7177340388298035,-0.000143556157127,-6.128767563495785e-05,-0.0038250598590821,0.0111753307282924,0.0011528093600645,32760.0,3.120465040206911
seeded_ic_v1,19980020,-0.017431,-0.024454,-2.351529,10.232681,0.704866,0.30309238,adaptive_ramp_v1,18.0,0.08,13.367174863815308,adaptive_brake,0.2378567308187484,-0.1904112547636032,0.031764768064022,0.0071717943064868,-0.0180987175554037,-0.3325685560703277,0.0019303119042888,0.1573661118745803,2.5540738105773926,0.3635275363922119,0.305177628993988,-1.220697999000549,32505,32507,32267,32983,0.95,cem_tuned_boundary,opp_m3_12000,0,0,12000,0,5.73871124581079,0.3476,0.0761563496883014,0.0111753307282924,-0.0158662684261798,-0.0231468435376882,0.7177340388298035,-0.000143556157127,-6.128767563495785e-05,-0.0038250598590821,0.0111753307282924,0.0011528093600645,32760.0,3.1205837726593018
seeded_ic_v1,19980020,-0.017431,-0.024454,-2.351529,10.232681,0.704866,0.30309238,adaptive_ramp_v1,18.0,0.08,13.386849403381348,adaptive_brake,0.2379906326532364,-0.1907587349414825,0.0251055266708135,0.0066354419104754,-0.0180736947804689,-0.3346583545207977,0.0019303119042888,0.1573661118745803,2.5540738105773926,0.3635275363922119,0.305177628993988,-1.220697999000549,32505,32507,32267,32983,0.95,cem_tuned_boundary,opp_m3_12000,0,0,12000,0,5.73871124581079,0.3476,0.0761563496883014,0.0111753307282924,-0.0158662684261798,-0.0231468435376882,0.7177340388298035,-0.000143556157127,-6.128767563495785e-05,-0.0038250598590821,0.0111753307282924,0.0011528093600645,32760.0,3.140258312225342
