protocol_id,trial_seed,spawn_x_cmd,spawn_y_cmd,spawn_yaw_deg_cmd,fault_time_cmd,hover_z_cmd,stage1_z_cmd,post_fault_mode,eval_duration_cmd,landing_descent_rate_cmd,t,phase,x,y,z,vx,vy,vz,roll_deg,pitch_deg,yaw_deg,gyro_x_deg_s,gyro_y_deg_s,gyro_z_deg_s,motor_m1,motor_m2,motor_m3,motor_m4,z_cmd,allocator_config,selected_candidate,r1,r2,r3,r4,qp_score,qp_predicted_vz,qp_predicted_drift,qp_predicted_tilt,fault_x,fault_y,fault_z,fault_vx,fault_vy,fault_vz,fault_roll_deg,fault_pitch_deg,fault_max_motor_pwm,tau
seeded_ic_v1,14980012,0.013423,0.0246,-1.414326,9.998972,0.715201,0.3075364299999999,adaptive_ramp_v1,18.0,0.08,10.00717544555664,fault_event,0.0154676223173737,0.0244245212525129,0.729261577129364,-3.436757469899021e-05,0.0002184769982704,-0.0038395475130528,0.0097382431849837,0.0112048685550689,3.370740887476131e-05,0.0633283108472824,0.0610351674258708,0.0,32758,32762,32744,32740,0.05,qplite_builtin,opp_m3_10000,0,0,10000,0,1.0911999999999973,0.352,0.0690429831440919,0.0112048685550689,0.0154676223173737,0.0244245212525129,0.729261577129364,-3.436757469899021e-05,0.0002184769982704,-0.0038395475130528,0.0097382431849837,0.0112048685550689,32762.0,0.0
seeded_ic_v1,14980012,0.013423,0.0246,-1.414326,9.998972,0.715201,0.3075364299999999,adaptive_ramp_v1,18.0,0.08,10.099466800689695,landing_ramp,0.0154676223173737,0.0244245212525129,0.729261577129364,-3.436757469899021e-05,0.0002184769982704,-0.0038395475130528,0.01060535851866,0.0099841672927141,3.3924174204003066e-05,-0.0007915252353996,0.0610351674258708,0.0,32758,32762,32744,32740,0.7071614159448242,qplite_builtin,opp_m3_10000,0,0,10000,0,1.0911999999999973,0.352,0.0690429831440919,0.0112048685550689,0.0154676223173737,0.0244245212525129,0.729261577129364,-3.436757469899021e-05,0.0002184769982704,-0.0038395475130528,0.0097382431849837,0.0112048685550689,32762.0,0.09229135513305486
seeded_ic_v1,14980012,0.013423,0.0246,-1.414326,9.998972,0.715201,0.3075364299999999,adaptive_ramp_v1,18.0,0.08,10.099548816680908,landing_ramp,0.0154676223173737,0.0244245212525129,0.729261577129364,-3.436757469899021e-05,0.0002184769982704,-0.0038395475130528,0.01060535851866,0.0099841672927141,3.3924174204003066e-05,-0.0007915252353996,0.0610351674258708,0.0,32750,32752,32752,32750,0.7071548546655273,qplite_builtin,opp_m3_10000,0,0,10000,0,1.0911999999999973,0.352,0.0690429831440919,0.0112048685550689,0.0154676223173737,0.0244245212525129,0.729261577129364,-3.436757469899021e-05,0.0002184769982704,-0.0038395475130528,0.0097382431849837,0.0112048685550689,32762.0,0.09237337112426758
seeded_ic_v1,14980012,0.013423,0.0246,-1.414326,9.998972,0.715201,0.3075364299999999,adaptive_ramp_v1,18.0,0.08,10.09961199760437,landing_ramp,0.0154685107991099,0.0244293343275785,0.7291903495788574,-5.800212238682434e-05,0.0001840780751081,-0.0038094513583928,0.01060535851866,0.0099841672927141,3.3924174204003066e-05,-0.0007915252353996,0.0610351674258708,0.0,32750,32752,32752,32750,0.7071498001916504,qplite_builtin,opp_m3_10000,0,0,10000,0,1.0911999999999973,0.352,0.0690429831440919,0.0112048685550689,0.0154676223173737,0.0244245212525129,0.729261577129364,-3.436757469899021e-05,0.0002184769982704,-0.0038395475130528,0.0097382431849837,0.0112048685550689,32762.0,0.09243655204772949
seeded_ic_v1,14980012,0.013423,0.0246,-1.414326,9.998972,0.715201,0.3075364299999999,adaptive_ramp_v1,18.0,0.08,10.099674701690674,landing_ramp,0.0154685107991099,0.0244293343275785,0.7291903495788574,-5.800212238682434e-05,0.0001840780751081,-0.0038094513583928,0.0105917369946837,0.0087634650990366,3.4149899875046685e-05,0.0028158640488982,0.0610351674258708,0.0,32750,32752,32752,32750,0.7071447838647461,qplite_builtin,opp_m3_10000,0,0,10000,0,1.0911999999999973,0.352,0.0690429831440919,0.0112048685550689,0.0154676223173737,0.0244245212525129,0.729261577129364,-3.436757469899021e-05,0.0002184769982704,-0.0038395475130528,0.0097382431849837,0.0112048685550689,32762.0,0.0924992561340332
seeded_ic_v1,14980012,0.013423,0.0246,-1.414326,9.998972,0.715201,0.3075364299999999,adaptive_ramp_v1,18.0,0.08,10.099732875823976,landing_ramp,0.0154685107991099,0.0244293343275785,0.7291903495788574,-5.800212238682434e-05,0.0001840780751081,-0.0038094513583928,0.0105917369946837,0.0087634650990366,3.4149899875046685e-05,0.0028158640488982,0.0610351674258708,0.0,32749,32751,32751,32749,0.707140129934082,qplite_builtin,opp_m3_10000,0,0,10000,0,1.0911999999999973,0.352,0.0690429831440919,0.0112048685550689,0.0154676223173737,0.0244245212525129,0.729261577129364,-3.436757469899021e-05,0.0002184769982704,-0.0038395475130528,0.0097382431849837,0.0112048685550689,32762.0,0.09255743026733576
seeded_ic_v1,14980012,0.013423,0.0246,-1.414326,9.998972,0.715201,0.3075364299999999,adaptive_ramp_v1,18.0,0.08,10.0997953414917,landing_ramp,0.0154691310599446,0.0244328156113624,0.7291183471679688,-7.4803399911616e-05,0.0001446101232431,-0.0038857094477862,0.0105917369946837,0.0087634650990366,3.4149899875046685e-05,0.0028158640488982,0.0610351674258708,0.0,32749,32751,32751,32749,0.7071351326806641,qplite_builtin,opp_m3_10000,0,0,10000,0,1.0911999999999973,0.352,0.0690429831440919,0.0112048685550689,0.0154676223173737,0.0244245212525129,0.729261577129364,-3.436757469899021e-05,0.0002184769982704,-0.0038395475130528,0.0097382431849837,0.0112048685550689,32762.0,0.0926198959350586
seeded_ic_v1,14980012,0.013423,0.0246,-1.414326,9.998972,0.715201,0.3075364299999999,adaptive_ramp_v1,18.0,0.08,10.099850177764893,landing_ramp,0.0154691310599446,0.0244328156113624,0.7291183471679688,-7.4803399911616e-05,0.0001446101232431,-0.0038857094477862,0.0130919078364968,0.0056681726127862,0.0006605238304473,7.687506198883057,7.776061534881592,1.3398606777191162,32749,32751,32751,32749,0.7071307457788086,qplite_builtin,opp_m3_10000,0,0,10000,0,1.0911999999999973,0.352,0.0690429831440919,0.0112048685550689,0.0154676223173737,0.0244245212525129,0.729261577129364,-3.436757469899021e-05,0.0002184769982704,-0.0038395475130528,0.0097382431849837,0.0112048685550689,32762.0,0.09267473220825195
seeded_ic_v1,14980012,0.013423,0.0246,-1.414326,9.998972,0.715201,0.3075364299999999,adaptive_ramp_v1,18.0,0.08,10.09992504119873,landing_ramp,0.0154691310599446,0.0244328156113624,0.7291183471679688,-7.4803399911616e-05,0.0001446101232431,-0.0038857094477862,0.0130919078364968,0.0056681726127862,0.0006605238304473,7.687506198883057,7.776061534881592,1.3398606777191162,18668,32559,28187,32623,0.7071247567041016,qplite_builtin,opp_m3_10000,0,0,10000,0,1.0911999999999973,0.352,0.0690429831440919,0.0112048685550689,0.0154676223173737,0.0244245212525129,0.729261577129364,-3.436757469899021e-05,0.0002184769982704,-0.0038395475130528,0.0097382431849837,0.0112048685550689,32762.0,0.09274959564208984
seeded_ic_v1,14980012,0.013423,0.0246,-1.414326,9.998972,0.715201,0.3075364299999999,adaptive_ramp_v1,18.0,0.08,10.099982023239136,landing_ramp,0.0154760675504803,0.0244286749511957,0.7289690375328064,5.5103802878875285e-05,-3.718252264661714e-05,-0.0117185739800333,0.0130919078364968,0.0056681726127862,0.0006605238304473,7.687506198883057,7.776061534881592,1.3398606777191162,18668,32559,28187,32623,0.7071201981408691,qplite_builtin,opp_m3_10000,0,0,10000,0,1.0911999999999973,0.352,0.0690429831440919,0.0112048685550689,0.0154676223173737,0.0244245212525129,0.729261577129364,-3.436757469899021e-05,0.0002184769982704,-0.0038395475130528,0.0097382431849837,0.0112048685550689,32762.0,0.09280657768249512
seeded_ic_v1,14980012,0.013423,0.0246,-1.414326,9.998972,0.715201,0.3075364299999999,adaptive_ramp_v1,18.0,0.08,10.10004210472107,landing_ramp,0.0154760675504803,0.0244286749511957,0.7289690375328064,5.5103802878875285e-05,-3.718252264661714e-05,-0.0117185739800333,0.2421113550662994,-0.2287339866161346,0.0395166762173175,34.025569915771484,35.9389762878418,6.046395301818848,18668,32559,28187,32623,0.7071153916223144,qplite_builtin,opp_m3_10000,0,0,10000,0,1.0911999999999973,0.352,0.0690429831440919,0.0112048685550689,0.0154676223173737,0.0244245212525129,0.729261577129364,-3.436757469899021e-05,0.0002184769982704,-0.0038395475130528,0.0097382431849837,0.0112048685550689,32762.0,0.09286665916442871
seeded_ic_v1,14980012,0.013423,0.0246,-1.414326,9.998972,0.715201,0.3075364299999999,adaptive_ramp_v1,18.0,0.08,10.100099802017212,landing_ramp,0.0154760675504803,0.0244286749511957,0.7289690375328064,5.5103802878875285e-05,-3.718252264661714e-05,-0.0117185739800333,0.2421113550662994,-0.2287339866161346,0.0395166762173175,34.025569915771484,35.9389762878418,6.046395301818848,22761,31847,21459,32619,0.707110775838623,qplite_builtin,opp_m3_10000,0,0,10000,0,1.0911999999999973,0.352,0.0690429831440919,0.0112048685550689,0.0154676223173737,0.0244245212525129,0.729261577129364,-3.436757469899021e-05,0.0002184769982704,-0.0038395475130528,0.0097382431849837,0.0112048685550689,32762.0,0.09292435646057129
seeded_ic_v1,14980012,0.013423,0.0246,-1.414326,9.998972,0.715201,0.3075364299999999,adaptive_ramp_v1,18.0,0.08,10.100151538848875,landing_ramp,0.0155029464513063,0.0244042892009019,0.7284892201423645,0.0013106106780469,-0.0012952473480254,-0.0319202654063701,0.2421113550662994,-0.2287339866161346,0.0395166762173175,34.025569915771484,35.9389762878418,6.046395301818848,22761,31847,21459,32619,0.7071066368920899,qplite_builtin,opp_m3_10000,0,0,10000,0,1.0911999999999973,0.352,0.0690429831440919,0.0112048685550689,0.0154676223173737,0.0244245212525129,0.729261577129364,-3.436757469899021e-05,0.0002184769982704,-0.0038395475130528,0.0097382431849837,0.0112048685550689,32762.0,0.09297609329223455
seeded_ic_v1,14980012,0.013423,0.0246,-1.414326,9.998972,0.715201,0.3075364299999999,adaptive_ramp_v1,18.0,0.08,10.100205659866331,landing_ramp,0.0155029464513063,0.0244042892009019,0.7284892201423645,0.0013106106780469,-0.0012952473480254,-0.0319202654063701,0.9590892791748048,-0.9865012764930724,0.1826071739196777,47.00167083740234,50.89903259277344,12.338885307312012,22761,31847,21459,32619,0.7071023072106933,qplite_builtin,opp_m3_10000,0,0,10000,0,1.0911999999999973,0.352,0.0690429831440919,0.0112048685550689,0.0154676223173737,0.0244245212525129,0.729261577129364,-3.436757469899021e-05,0.0002184769982704,-0.0038395475130528,0.0097382431849837,0.0112048685550689,32762.0,0.0930302143096906
seeded_ic_v1,14980012,0.013423,0.0246,-1.414326,9.998972,0.715201,0.3075364299999999,adaptive_ramp_v1,18.0,0.08,10.100255489349363,landing_ramp,0.0155029464513063,0.0244042892009019,0.7284892201423645,0.0013106106780469,-0.0012952473480254,-0.0319202654063701,0.9590892791748048,-0.9865012764930724,0.1826071739196777,47.00167083740234,50.89903259277344,12.338885307312012,24913,31280,19982,32458,0.7070983208520508,qplite_builtin,opp_m3_10000,0,0,10000,0,1.0911999999999973,0.352,0.0690429831440919,0.0112048685550689,0.0154676223173737,0.0244245212525129,0.729261577129364,-3.436757469899021e-05,0.0002184769982704,-0.0038395475130528,0.0097382431849837,0.0112048685550689,32762.0,0.09308004379272283
seeded_ic_v1,14980012,0.013423,0.0246,-1.414326,9.998972,0.715201,0.3075364299999999,adaptive_ramp_v1,18.0,0.08,10.107412099838257,landing_ramp,0.0155797088518738,0.024331334978342,0.7274695038795471,0.0049608396366238,-0.0047682058066129,-0.059528112411499,0.9590892791748048,-0.9865012764930724,0.1826071739196777,47.00167083740234,50.89903259277344,12.338885307312012,24913,31280,19982,32458,0.7065257920129394,qplite_builtin,opp_m3_10000,0,0,10000,0,1.0911999999999973,0.352,0.0690429831440919,0.0112048685550689,0.0154676223173737,0.0244245212525129,0.729261577129364,-3.436757469899021e-05,0.0002184769982704,-0.0038395475130528,0.0097382431849837,0.0112048685550689,32762.0,0.10023665428161621
seeded_ic_v1,14980012,0.013423,0.0246,-1.414326,9.998972,0.715201,0.3075364299999999,adaptive_ramp_v1,18.0,0.08,10.107627391815186,landing_ramp,0.0155797088518738,0.024331334978342,0.7274695038795471,0.0049608396366238,-0.0047682058066129,-0.059528112411499,1.8950557708740237,-1.98478102684021,0.4593620598316192,47.52964401245117,51.14544677734375,17.377729415893555,24913,31280,19982,32458,0.7065085686547852,qplite_builtin,opp_m3_10000,0,0,10000,0,1.0911999999999973,0.352,0.0690429831440919,0.0112048685550689,0.0154676223173737,0.0244245212525129,0.729261577129364,-3.436757469899021e-05,0.0002184769982704,-0.0038395475130528,0.0097382431849837,0.0112048685550689,32762.0,0.10045194625854492
seeded_ic_v1,14980012,0.013423,0.0246,-1.414326,9.998972,0.715201,0.3075364299999999,adaptive_ramp_v1,18.0,0.08,10.107720851898192,landing_ramp,0.0155797088518738,0.024331334978342,0.7274695038795471,0.0049608396366238,-0.0047682058066129,-0.059528112411499,1.8950557708740237,-1.98478102684021,0.4593620598316192,47.52964401245117,51.14544677734375,17.377729415893555,26512,30906,29022,31944,0.7065010918481445,qplite_builtin,opp_m3_10000,0,0,10000,0,1.0911999999999973,0.352,0.0690429831440919,0.0112048685550689,0.0154676223173737,0.0244245212525129,0.729261577129364,-3.436757469899021e-05,0.0002184769982704,-0.0038395475130528,0.0097382431849837,0.0112048685550689,32762.0,0.10054540634155096
seeded_ic_v1,14980012,0.013423,0.0246,-1.414326,9.998972,0.715201,0.3075364299999999,adaptive_ramp_v1,18.0,0.08,10.127297639846802,landing_ramp,0.0157405529171228,0.0241785906255245,0.7259215116500854,0.0115401949733495,-0.010888997465372,-0.0859374478459358,1.8950557708740237,-1.98478102684021,0.4593620598316192,47.52964401245117,51.14544677734375,17.377729415893555,26512,30906,29022,31944,0.7049349488122558,qplite_builtin,opp_m3_10000,0,0,10000,0,1.0911999999999973,0.352,0.0690429831440919,0.0112048685550689,0.0154676223173737,0.0244245212525129,0.729261577129364,-3.436757469899021e-05,0.0002184769982704,-0.0038395475130528,0.0097382431849837,0.0112048685550689,32762.0,0.12012219429016113
seeded_ic_v1,14980012,0.013423,0.0246,-1.414326,9.998972,0.715201,0.3075364299999999,adaptive_ramp_v1,18.0,0.08,10.127459526062012,landing_ramp,0.0157405529171228,0.0241785906255245,0.7259215116500854,0.0115401949733495,-0.010888997465372,-0.0859374478459358,2.8901546001434326,-3.0189671516418457,0.858609676361084,54.49043273925781,58.33678436279297,20.43691062927246,26512,30906,29022,31944,0.7049219979150391,qplite_builtin,opp_m3_10000,0,0,10000,0,1.0911999999999973,0.352,0.0690429831440919,0.0112048685550689,0.0154676223173737,0.0244245212525129,0.729261577129364,-3.436757469899021e-05,0.0002184769982704,-0.0038395475130528,0.0097382431849837,0.0112048685550689,32762.0,0.1202840805053711
seeded_ic_v1,14980012,0.013423,0.0246,-1.414326,9.998972,0.715201,0.3075364299999999,adaptive_ramp_v1,18.0,0.08,10.127532243728638,landing_ramp,0.0157405529171228,0.0241785906255245,0.7259215116500854,0.0115401949733495,-0.010888997465372,-0.0859374478459358,2.8901546001434326,-3.0189671516418457,0.858609676361084,54.49043273925781,58.33678436279297,20.43691062927246,29358,30742,26098,32158,0.704916180501709,qplite_builtin,opp_m3_10000,0,0,10000,0,1.0911999999999973,0.352,0.0690429831440919,0.0112048685550689,0.0154676223173737,0.0244245212525129,0.729261577129364,-3.436757469899021e-05,0.0002184769982704,-0.0038395475130528,0.0097382431849837,0.0112048685550689,32762.0,0.12035679817199707
seeded_ic_v1,14980012,0.013423,0.0246,-1.414326,9.998972,0.715201,0.3075364299999999,adaptive_ramp_v1,18.0,0.08,10.147256851196287,landing_ramp,0.0160753261297941,0.0238643437623977,0.7239000797271729,0.0217914842069149,-0.0203292220830917,-0.1070080623030662,2.8901546001434326,-3.0189671516418457,0.858609676361084,54.49043273925781,58.33678436279297,20.43691062927246,29358,30742,26098,32158,0.7033382119042969,qplite_builtin,opp_m3_10000,0,0,10000,0,1.0911999999999973,0.352,0.0690429831440919,0.0112048685550689,0.0154676223173737,0.0244245212525129,0.729261577129364,-3.436757469899021e-05,0.0002184769982704,-0.0038395475130528,0.0097382431849837,0.0112048685550689,32762.0,0.14008140563964666
seeded_ic_v1,14980012,0.013423,0.0246,-1.414326,9.998972,0.715201,0.3075364299999999,adaptive_ramp_v1,18.0,0.08,10.147477626800535,landing_ramp,0.0160753261297941,0.0238643437623977,0.7239000797271729,0.0217914842069149,-0.0203292220830917,-0.1070080623030662,4.004965305328369,-4.156056880950928,1.3421263694763184,51.34169769287109,56.389930725097656,22.304882049560547,29358,30742,26098,32158,0.703320549855957,qplite_builtin,opp_m3_10000,0,0,10000,0,1.0911999999999973,0.352,0.0690429831440919,0.0112048685550689,0.0154676223173737,0.0244245212525129,0.729261577129364,-3.436757469899021e-05,0.0002184769982704,-0.0038395475130528,0.0097382431849837,0.0112048685550689,32762.0,0.1403021812438947
seeded_ic_v1,14980012,0.013423,0.0246,-1.414326,9.998972,0.715201,0.3075364299999999,adaptive_ramp_v1,18.0,0.08,10.1476469039917,landing_ramp,0.0160753261297941,0.0238643437623977,0.7239000797271729,0.0217914842069149,-0.0203292220830917,-0.1070080623030662,4.004965305328369,-4.156056880950928,1.3421263694763184,51.34169769287109,56.389930725097656,22.304882049560547,30475,30513,26139,32369,0.703307007680664,qplite_builtin,opp_m3_10000,0,0,10000,0,1.0911999999999973,0.352,0.0690429831440919,0.0112048685550689,0.0154676223173737,0.0244245212525129,0.729261577129364,-3.436757469899021e-05,0.0002184769982704,-0.0038395475130528,0.0097382431849837,0.0112048685550689,32762.0,0.1404714584350586
seeded_ic_v1,14980012,0.013423,0.0246,-1.414326,9.998972,0.715201,0.3075364299999999,adaptive_ramp_v1,18.0,0.08,10.167201042175291,landing_ramp,0.0167017001658678,0.0232816822826862,0.7213531136512756,0.0361354574561119,-0.0334047824144363,-0.1274309307336807,4.004965305328369,-4.156056880950928,1.3421263694763184,51.34169769287109,56.389930725097656,22.304882049560547,30475,30513,26139,32369,0.7017426766259766,qplite_builtin,opp_m3_10000,0,0,10000,0,1.0911999999999973,0.352,0.0690429831440919,0.0112048685550689,0.0154676223173737,0.0244245212525129,0.729261577129364,-3.436757469899021e-05,0.0002184769982704,-0.0038395475130528,0.0097382431849837,0.0112048685550689,32762.0,0.16002559661865057
seeded_ic_v1,14980012,0.013423,0.0246,-1.414326,9.998972,0.715201,0.3075364299999999,adaptive_ramp_v1,18.0,0.08,10.167350769042969,landing_ramp,0.0167017001658678,0.0232816822826862,0.7213531136512756,0.0361354574561119,-0.0334047824144363,-0.1274309307336807,5.048552989959717,-5.222509860992432,1.878530979156494,40.29243469238281,47.299072265625,23.47093391418457,30475,30513,26139,32369,0.7017306984765624,qplite_builtin,opp_m3_10000,0,0,10000,0,1.0911999999999973,0.352,0.0690429831440919,0.0112048685550689,0.0154676223173737,0.0244245212525129,0.729261577129364,-3.436757469899021e-05,0.0002184769982704,-0.0038395475130528,0.0097382431849837,0.0112048685550689,32762.0,0.16017532348632812
seeded_ic_v1,14980012,0.013423,0.0246,-1.414326,9.998972,0.715201,0.3075364299999999,adaptive_ramp_v1,18.0,0.08,10.1674542427063,landing_ramp,0.0167017001658678,0.0232816822826862,0.7213531136512756,0.0361354574561119,-0.0334047824144363,-0.1274309307336807,5.048552989959717,-5.222509860992432,1.878530979156494,40.29243469238281,47.299072265625,23.47093391418457,30943,30182,27478,32762,0.7017224205834961,qplite_builtin,opp_m3_10000,0,0,10000,0,1.0911999999999973,0.352,0.0690429831440919,0.0112048685550689,0.0154676223173737,0.0244245212525129,0.729261577129364,-3.436757469899021e-05,0.0002184769982704,-0.0038395475130528,0.0097382431849837,0.0112048685550689,32762.0,0.16027879714965998
seeded_ic_v1,14980012,0.013423,0.0246,-1.414326,9.998972,0.715201,0.3075364299999999,adaptive_ramp_v1,18.0,0.08,10.18718433380127,landing_ramp,0.0176359340548515,0.0224203485995531,0.7184857726097107,0.0538260750472545,-0.0492772385478019,-0.1471642553806305,5.048552989959717,-5.222509860992432,1.878530979156494,40.29243469238281,47.299072265625,23.47093391418457,30943,30182,27478,32762,0.7001440132958985,qplite_builtin,opp_m3_10000,0,0,10000,0,1.0911999999999973,0.352,0.0690429831440919,0.0112048685550689,0.0154676223173737,0.0244245212525129,0.729261577129364,-3.436757469899021e-05,0.0002184769982704,-0.0038395475130528,0.0097382431849837,0.0112048685550689,32762.0,0.1800088882446289
seeded_ic_v1,14980012,0.013423,0.0246,-1.414326,9.998972,0.715201,0.3075364299999999,adaptive_ramp_v1,18.0,0.08,10.187426805496216,landing_ramp,0.0176359340548515,0.0224203485995531,0.7184857726097107,0.0538260750472545,-0.0492772385478019,-0.1471642553806305,5.878216743469238,-6.093906402587891,2.437262296676636,27.22272109985352,36.69063568115234,23.99958038330078,30943,30182,27478,32762,0.7001246155603027,qplite_builtin,opp_m3_10000,0,0,10000,0,1.0911999999999973,0.352,0.0690429831440919,0.0112048685550689,0.0154676223173737,0.0244245212525129,0.729261577129364,-3.436757469899021e-05,0.0002184769982704,-0.0038395475130528,0.0097382431849837,0.0112048685550689,32762.0,0.1802513599395752
seeded_ic_v1,14980012,0.013423,0.0246,-1.414326,9.998972,0.715201,0.3075364299999999,adaptive_ramp_v1,18.0,0.08,10.18750286102295,landing_ramp,0.0176359340548515,0.0224203485995531,0.7184857726097107,0.0538260750472545,-0.0492772385478019,-0.1471642553806305,5.878216743469238,-6.093906402587891,2.437262296676636,27.22272109985352,36.69063568115234,23.99958038330078,31357,29873,28801,33281,0.700118531118164,qplite_builtin,opp_m3_10000,0,0,10000,0,1.0911999999999973,0.352,0.0690429831440919,0.0112048685550689,0.0154676223173737,0.0244245212525129,0.729261577129364,-3.436757469899021e-05,0.0002184769982704,-0.0038395475130528,0.0097382431849837,0.0112048685550689,32762.0,0.1803274154663086
seeded_ic_v1,14980012,0.013423,0.0246,-1.414326,9.998972,0.715201,0.3075364299999999,adaptive_ramp_v1,18.0,0.08,10.207271814346312,adaptive_brake,0.0189377572387456,0.0212322361767292,0.7153119444847107,0.0742979794740676,-0.0672485902905464,-0.1660414040088653,5.878216743469238,-6.093906402587891,2.437262296676636,27.22272109985352,36.69063568115234,23.99958038330078,31357,29873,28801,33281,0.95,qplite_builtin,opp_m3_10000,0,0,10000,0,1.0911999999999973,0.352,0.0690429831440919,0.0112048685550689,0.0154676223173737,0.0244245212525129,0.729261577129364,-3.436757469899021e-05,0.0002184769982704,-0.0038395475130528,0.0097382431849837,0.0112048685550689,32762.0,0.20009636878967108
seeded_ic_v1,14980012,0.013423,0.0246,-1.414326,9.998972,0.715201,0.3075364299999999,adaptive_ramp_v1,18.0,0.08,10.207422733306885,adaptive_brake,0.0189377572387456,0.0212322361767292,0.7153119444847107,0.0742979794740676,-0.0672485902905464,-0.1660414040088653,6.45236349105835,-6.745752334594727,2.9938642978668213,14.637752532958984,26.581039428710938,24.003562927246094,31357,29873,28801,33281,0.95,qplite_builtin,opp_m3_10000,0,0,10000,0,1.0911999999999973,0.352,0.0690429831440919,0.0112048685550689,0.0154676223173737,0.0244245212525129,0.729261577129364,-3.436757469899021e-05,0.0002184769982704,-0.0038395475130528,0.0097382431849837,0.0112048685550689,32762.0,0.20024728775024414
seeded_ic_v1,14980012,0.013423,0.0246,-1.414326,9.998972,0.715201,0.3075364299999999,adaptive_ramp_v1,18.0,0.08,10.20750331878662,adaptive_brake,0.0189377572387456,0.0212322361767292,0.7153119444847107,0.0742979794740676,-0.0672485902905464,-0.1660414040088653,6.45236349105835,-6.745752334594727,2.9938642978668213,14.637752532958984,26.581039428710938,24.003562927246094,31911,29657,29721,33829,0.95,qplite_builtin,opp_m3_10000,0,0,10000,0,1.0911999999999973,0.352,0.0690429831440919,0.0112048685550689,0.0154676223173737,0.0244245212525129,0.729261577129364,-3.436757469899021e-05,0.0002184769982704,-0.0038395475130528,0.0097382431849837,0.0112048685550689,32762.0,0.2003278732299787
seeded_ic_v1,14980012,0.013423,0.0246,-1.414326,9.998972,0.715201,0.3075364299999999,adaptive_ramp_v1,18.0,0.08,10.227247953414915,adaptive_brake,0.0206866320222616,0.0196556020528078,0.7117816805839539,0.0971742570400238,-0.0867768675088882,-0.1833967417478561,6.45236349105835,-6.745752334594727,2.9938642978668213,14.637752532958984,26.581039428710938,24.003562927246094,31911,29657,29721,33829,0.95,qplite_builtin,opp_m3_10000,0,0,10000,0,1.0911999999999973,0.352,0.0690429831440919,0.0112048685550689,0.0154676223173737,0.0244245212525129,0.729261577129364,-3.436757469899021e-05,0.0002184769982704,-0.0038395475130528,0.0097382431849837,0.0112048685550689,32762.0,0.2200725078582746
seeded_ic_v1,14980012,0.013423,0.0246,-1.414326,9.998972,0.715201,0.3075364299999999,adaptive_ramp_v1,18.0,0.08,10.227391719818115,adaptive_brake,0.0206866320222616,0.0196556020528078,0.7117816805839539,0.0971742570400238,-0.0867768675088882,-0.1833967417478561,6.784420967102051,-7.197409629821777,3.531958103179932,4.139629364013672,18.221628189086918,23.564186096191406,31911,29657,29721,33829,0.95,qplite_builtin,opp_m3_10000,0,0,10000,0,1.0911999999999973,0.352,0.0690429831440919,0.0112048685550689,0.0154676223173737,0.0244245212525129,0.729261577129364,-3.436757469899021e-05,0.0002184769982704,-0.0038395475130528,0.0097382431849837,0.0112048685550689,32762.0,0.2202162742614746
seeded_ic_v1,14980012,0.013423,0.0246,-1.414326,9.998972,0.715201,0.3075364299999999,adaptive_ramp_v1,18.0,0.08,10.227461099624634,adaptive_brake,0.0206866320222616,0.0196556020528078,0.7117816805839539,0.0971742570400238,-0.0867768675088882,-0.1833967417478561,6.784420967102051,-7.197409629821777,3.531958103179932,4.139629364013672,18.221628189086918,23.564186096191406,32505,29665,30887,34741,0.95,qplite_builtin,opp_m3_10000,0,0,10000,0,1.0911999999999973,0.352,0.0690429831440919,0.0112048685550689,0.0154676223173737,0.0244245212525129,0.729261577129364,-3.436757469899021e-05,0.0002184769982704,-0.0038395475130528,0.0097382431849837,0.0112048685550689,32762.0,0.22028565406799316
seeded_ic_v1,14980012,0.013423,0.0246,-1.414326,9.998972,0.715201,0.3075364299999999,adaptive_ramp_v1,18.0,0.08,10.247191905975342,adaptive_brake,0.02292419411242,0.0176675543189048,0.7079395651817322,0.1219585612416267,-0.1072291210293769,-0.1983450353145599,6.784420967102051,-7.197409629821777,3.531958103179932,4.139629364013672,18.221628189086918,23.564186096191406,32505,29665,30887,34741,0.95,qplite_builtin,opp_m3_10000,0,0,10000,0,1.0911999999999973,0.352,0.0690429831440919,0.0112048685550689,0.0154676223173737,0.0244245212525129,0.729261577129364,-3.436757469899021e-05,0.0002184769982704,-0.0038395475130528,0.0097382431849837,0.0112048685550689,32762.0,0.24001646041870117
seeded_ic_v1,14980012,0.013423,0.0246,-1.414326,9.998972,0.715201,0.3075364299999999,adaptive_ramp_v1,18.0,0.08,10.247426748275757,adaptive_brake,0.02292419411242,0.0176675543189048,0.7079395651817322,0.1219585612416267,-0.1072291210293769,-0.1983450353145599,6.908638954162598,-7.484715461730957,4.043239116668701,-5.297776222229004,10.798785209655762,22.82329750061035,32505,29665,30887,34741,0.95,qplite_builtin,opp_m3_10000,0,0,10000,0,1.0911999999999973,0.352,0.0690429831440919,0.0112048685550689,0.0154676223173737,0.0244245212525129,0.729261577129364,-3.436757469899021e-05,0.0002184769982704,-0.0038395475130528,0.0097382431849837,0.0112048685550689,32762.0,0.2402513027191162
seeded_ic_v1,14980012,0.013423,0.0246,-1.414326,9.998972,0.715201,0.3075364299999999,adaptive_ramp_v1,18.0,0.08,10.24750542640686,adaptive_brake,0.02292419411242,0.0176675543189048,0.7079395651817322,0.1219585612416267,-0.1072291210293769,-0.1983450353145599,6.908638954162598,-7.484715461730957,4.043239116668701,-5.297776222229004,10.798785209655762,22.82329750061035,32505,28981,31605,34891,0.95,qplite_builtin,opp_m3_10000,0,0,10000,0,1.0911999999999973,0.352,0.0690429831440919,0.0112048685550689,0.0154676223173737,0.0244245212525129,0.729261577129364,-3.436757469899021e-05,0.0002184769982704,-0.0038395475130528,0.0097382431849837,0.0112048685550689,32762.0,0.24032998085021973
seeded_ic_v1,14980012,0.013423,0.0246,-1.414326,9.998972,0.715201,0.3075364299999999,adaptive_ramp_v1,18.0,0.08,10.268269538879396,adaptive_brake,0.0256799850612878,0.0152595927938818,0.7038356065750122,0.1480281949043274,-0.1278963685035705,-0.2114121317863464,6.908638954162598,-7.484715461730957,4.043239116668701,-5.297776222229004,10.798785209655762,22.82329750061035,32505,28981,31605,34891,0.95,qplite_builtin,opp_m3_10000,0,0,10000,0,1.0911999999999973,0.352,0.0690429831440919,0.0112048685550689,0.0154676223173737,0.0244245212525129,0.729261577129364,-3.436757469899021e-05,0.0002184769982704,-0.0038395475130528,0.0097382431849837,0.0112048685550689,32762.0,0.2610940933227557
seeded_ic_v1,14980012,0.013423,0.0246,-1.414326,9.998972,0.715201,0.3075364299999999,adaptive_ramp_v1,18.0,0.08,10.268407583236694,adaptive_brake,0.0256799850612878,0.0152595927938818,0.7038356065750122,0.1480281949043274,-0.1278963685035705,-0.2114121317863464,6.8464226722717285,-7.629066467285156,4.521517753601074,-13.407824516296388,4.197511672973633,21.695480346679688,32505,28981,31605,34891,0.95,qplite_builtin,opp_m3_10000,0,0,10000,0,1.0911999999999973,0.352,0.0690429831440919,0.0112048685550689,0.0154676223173737,0.0244245212525129,0.729261577129364,-3.436757469899021e-05,0.0002184769982704,-0.0038395475130528,0.0097382431849837,0.0112048685550689,32762.0,0.2612321376800537
seeded_ic_v1,14980012,0.013423,0.0246,-1.414326,9.998972,0.715201,0.3075364299999999,adaptive_ramp_v1,18.0,0.08,10.268492221832275,adaptive_brake,0.0256799850612878,0.0152595927938818,0.7038356065750122,0.1480281949043274,-0.1278963685035705,-0.2114121317863464,6.8464226722717285,-7.629066467285156,4.521517753601074,-13.407824516296388,4.197511672973633,21.695480346679688,32505,27949,31367,34725,0.95,qplite_builtin,opp_m3_10000,0,0,10000,0,1.0911999999999973,0.352,0.0690429831440919,0.0112048685550689,0.0154676223173737,0.0244245212525129,0.729261577129364,-3.436757469899021e-05,0.0002184769982704,-0.0038395475130528,0.0097382431849837,0.0112048685550689,32762.0,0.26131677627563477
seeded_ic_v1,14980012,0.013423,0.0246,-1.414326,9.998972,0.715201,0.3075364299999999,adaptive_ramp_v1,18.0,0.08,10.288230657577516,adaptive_brake,0.0291151516139507,0.0123144052922725,0.6993157863616943,0.1759353727102279,-0.148975133895874,-0.2239329218864441,6.8464226722717285,-7.629066467285156,4.521517753601074,-13.407824516296388,4.197511672973633,21.695480346679688,32505,27949,31367,34725,0.95,qplite_builtin,opp_m3_10000,0,0,10000,0,1.0911999999999973,0.352,0.0690429831440919,0.0112048685550689,0.0154676223173737,0.0244245212525129,0.729261577129364,-3.436757469899021e-05,0.0002184769982704,-0.0038395475130528,0.0097382431849837,0.0112048685550689,32762.0,0.2810552120208758
seeded_ic_v1,14980012,0.013423,0.0246,-1.414326,9.998972,0.715201,0.3075364299999999,adaptive_ramp_v1,18.0,0.08,10.2884361743927,adaptive_brake,0.0291151516139507,0.0123144052922725,0.6993157863616943,0.1759353727102279,-0.148975133895874,-0.2239329218864441,6.610113620758057,-7.649819374084473,4.985319137573242,-21.05394554138184,-2.256420612335205,20.575349807739254,32505,27949,31367,34725,0.95,qplite_builtin,opp_m3_10000,0,0,10000,0,1.0911999999999973,0.352,0.0690429831440919,0.0112048685550689,0.0154676223173737,0.0244245212525129,0.729261577129364,-3.436757469899021e-05,0.0002184769982704,-0.0038395475130528,0.0097382431849837,0.0112048685550689,32762.0,0.28126072883605957
seeded_ic_v1,14980012,0.013423,0.0246,-1.414326,9.998972,0.715201,0.3075364299999999,adaptive_ramp_v1,18.0,0.08,10.288501501083374,adaptive_brake,0.0291151516139507,0.0123144052922725,0.6993157863616943,0.1759353727102279,-0.148975133895874,-0.2239329218864441,6.610113620758057,-7.649819374084473,4.985319137573242,-21.05394554138184,-2.256420612335205,20.575349807739254,32505,26879,31043,34555,0.95,qplite_builtin,opp_m3_10000,0,0,10000,0,1.0911999999999973,0.352,0.0690429831440919,0.0112048685550689,0.0154676223173737,0.0244245212525129,0.729261577129364,-3.436757469899021e-05,0.0002184769982704,-0.0038395475130528,0.0097382431849837,0.0112048685550689,32762.0,0.2813260555267334
seeded_ic_v1,14980012,0.013423,0.0246,-1.414326,9.998972,0.715201,0.3075364299999999,adaptive_ramp_v1,18.0,0.08,10.308246374130247,adaptive_brake,0.0329335108399391,0.0091082416474819,0.6947704553604126,0.2024367302656173,-0.1678884327411651,-0.2365293204784393,6.610113620758057,-7.649819374084473,4.985319137573242,-21.05394554138184,-2.256420612335205,20.575349807739254,32505,26879,31043,34555,0.95,qplite_builtin,opp_m3_10000,0,0,10000,0,1.0911999999999973,0.352,0.0690429831440919,0.0112048685550689,0.0154676223173737,0.0244245212525129,0.729261577129364,-3.436757469899021e-05,0.0002184769982704,-0.0038395475130528,0.0097382431849837,0.0112048685550689,32762.0,0.3010709285736066
seeded_ic_v1,14980012,0.013423,0.0246,-1.414326,9.998972,0.715201,0.3075364299999999,adaptive_ramp_v1,18.0,0.08,10.308392763137816,adaptive_brake,0.0329335108399391,0.0091082416474819,0.6947704553604126,0.2024367302656173,-0.1678884327411651,-0.2365293204784393,6.224250316619873,-7.542072296142578,5.386509418487549,-28.11083221435547,-8.979159355163574,18.92137336730957,32505,26879,31043,34555,0.95,qplite_builtin,opp_m3_10000,0,0,10000,0,1.0911999999999973,0.352,0.0690429831440919,0.0112048685550689,0.0154676223173737,0.0244245212525129,0.729261577129364,-3.436757469899021e-05,0.0002184769982704,-0.0038395475130528,0.0097382431849837,0.0112048685550689,32762.0,0.301217317581175
seeded_ic_v1,14980012,0.013423,0.0246,-1.414326,9.998972,0.715201,0.3075364299999999,adaptive_ramp_v1,18.0,0.08,10.308454990386965,adaptive_brake,0.0329335108399391,0.0091082416474819,0.6947704553604126,0.2024367302656173,-0.1678884327411651,-0.2365293204784393,6.224250316619873,-7.542072296142578,5.386509418487549,-28.11083221435547,-8.979159355163574,18.92137336730957,32505,26571,31717,35005,0.95,qplite_builtin,opp_m3_10000,0,0,10000,0,1.0911999999999973,0.352,0.0690429831440919,0.0112048685550689,0.0154676223173737,0.0244245212525129,0.729261577129364,-3.436757469899021e-05,0.0002184769982704,-0.0038395475130528,0.0097382431849837,0.0112048685550689,32762.0,0.30127954483032404
seeded_ic_v1,14980012,0.013423,0.0246,-1.414326,9.998972,0.715201,0.3075364299999999,adaptive_ramp_v1,18.0,0.08,10.328235387802124,adaptive_brake,0.0374429374933242,0.0054082316346466,0.6897214651107788,0.2290522754192352,-0.1857574582099914,-0.2509863376617431,6.224250316619873,-7.542072296142578,5.386509418487549,-28.11083221435547,-8.979159355163574,18.92137336730957,32505,26571,31717,35005,0.95,qplite_builtin,opp_m3_10000,0,0,10000,0,1.0911999999999973,0.352,0.0690429831440919,0.0112048685550689,0.0154676223173737,0.0244245212525129,0.729261577129364,-3.436757469899021e-05,0.0002184769982704,-0.0038395475130528,0.0097382431849837,0.0112048685550689,32762.0,0.3210599422454834
seeded_ic_v1,14980012,0.013423,0.0246,-1.414326,9.998972,0.715201,0.3075364299999999,adaptive_ramp_v1,18.0,0.08,10.328370571136476,adaptive_brake,0.0374429374933242,0.0054082316346466,0.6897214651107788,0.2290522754192352,-0.1857574582099914,-0.2509863376617431,5.693214416503906,-7.310816287994385,5.741023063659668,-33.85557174682617,-14.455405235290527,17.09967803955078,32505,26571,31717,35005,0.95,qplite_builtin,opp_m3_10000,0,0,10000,0,1.0911999999999973,0.352,0.0690429831440919,0.0112048685550689,0.0154676223173737,0.0244245212525129,0.729261577129364,-3.436757469899021e-05,0.0002184769982704,-0.0038395475130528,0.0097382431849837,0.0112048685550689,32762.0,0.32119512557983576
seeded_ic_v1,14980012,0.013423,0.0246,-1.414326,9.998972,0.715201,0.3075364299999999,adaptive_ramp_v1,18.0,0.08,10.32844066619873,adaptive_brake,0.0374429374933242,0.0054082316346466,0.6897214651107788,0.2290522754192352,-0.1857574582099914,-0.2509863376617431,5.693214416503906,-7.310816287994385,5.741023063659668,-33.85557174682617,-14.455405235290527,17.09967803955078,32505,26227,32193,35577,0.95,qplite_builtin,opp_m3_10000,0,0,10000,0,1.0911999999999973,0.352,0.0690429831440919,0.0112048685550689,0.0154676223173737,0.0244245212525129,0.729261577129364,-3.436757469899021e-05,0.0002184769982704,-0.0038395475130528,0.0097382431849837,0.0112048685550689,32762.0,0.32126522064208984
seeded_ic_v1,14980012,0.013423,0.0246,-1.414326,9.998972,0.715201,0.3075364299999999,adaptive_ramp_v1,18.0,0.08,10.348256826400757,adaptive_brake,0.0422633364796638,0.0015432178042829,0.6846944093704224,0.2540231049060821,-0.2011293023824691,-0.2626591324806213,5.693214416503906,-7.310816287994385,5.741023063659668,-33.85557174682617,-14.455405235290527,17.09967803955078,32505,26227,32193,35577,0.95,qplite_builtin,opp_m3_10000,0,0,10000,0,1.0911999999999973,0.352,0.0690429831440919,0.0112048685550689,0.0154676223173737,0.0244245212525129,0.729261577129364,-3.436757469899021e-05,0.0002184769982704,-0.0038395475130528,0.0097382431849837,0.0112048685550689,32762.0,0.3410813808441162
seeded_ic_v1,14980012,0.013423,0.0246,-1.414326,9.998972,0.715201,0.3075364299999999,adaptive_ramp_v1,18.0,0.08,10.348407983779907,adaptive_brake,0.0422633364796638,0.0015432178042829,0.6846944093704224,0.2540231049060821,-0.2011293023824691,-0.2626591324806213,5.043467998504639,-6.980196475982666,6.051051139831543,-38.23571395874024,-19.030059814453125,15.257067680358888,32505,26227,32193,35577,0.95,qplite_builtin,opp_m3_10000,0,0,10000,0,1.0911999999999973,0.352,0.0690429831440919,0.0112048685550689,0.0154676223173737,0.0244245212525129,0.729261577129364,-3.436757469899021e-05,0.0002184769982704,-0.0038395475130528,0.0097382431849837,0.0112048685550689,32762.0,0.3412325382232666
seeded_ic_v1,14980012,0.013423,0.0246,-1.414326,9.998972,0.715201,0.3075364299999999,adaptive_ramp_v1,18.0,0.08,10.348482847213743,adaptive_brake,0.0422633364796638,0.0015432178042829,0.6846944093704224,0.2540231049060821,-0.2011293023824691,-0.2626591324806213,5.043467998504639,-6.980196475982666,6.051051139831543,-38.23571395874024,-19.030059814453125,15.257067680358888,32505,25975,32675,36123,0.95,qplite_builtin,opp_m3_10000,0,0,10000,0,1.0911999999999973,0.352,0.0690429831440919,0.0112048685550689,0.0154676223173737,0.0244245212525129,0.729261577129364,-3.436757469899021e-05,0.0002184769982704,-0.0038395475130528,0.0097382431849837,0.0112048685550689,32762.0,0.3413074016571027
seeded_ic_v1,14980012,0.013423,0.0246,-1.414326,9.998972,0.715201,0.3075364299999999,adaptive_ramp_v1,18.0,0.08,10.368361949920654,adaptive_brake,0.0476693324744701,-0.0026776366867125,0.6793067455291748,0.2782590985298157,-0.2146792709827423,-0.2736728489398956,5.043467998504639,-6.980196475982666,6.051051139831543,-38.23571395874024,-19.030059814453125,15.257067680358888,32505,25975,32675,36123,0.95,qplite_builtin,opp_m3_10000,0,0,10000,0,1.0911999999999973,0.352,0.0690429831440919,0.0112048685550689,0.0154676223173737,0.0244245212525129,0.729261577129364,-3.436757469899021e-05,0.0002184769982704,-0.0038395475130528,0.0097382431849837,0.0112048685550689,32762.0,0.36118650436401367
seeded_ic_v1,14980012,0.013423,0.0246,-1.414326,9.998972,0.715201,0.3075364299999999,adaptive_ramp_v1,18.0,0.08,10.368528604507446,adaptive_brake,0.0476693324744701,-0.0026776366867125,0.6793067455291748,0.2782590985298157,-0.2146792709827423,-0.2736728489398956,4.303072929382324,-6.566035270690918,6.3203206062316895,-41.10665512084961,-23.11459732055664,13.43043327331543,32505,25975,32675,36123,0.95,qplite_builtin,opp_m3_10000,0,0,10000,0,1.0911999999999973,0.352,0.0690429831440919,0.0112048685550689,0.0154676223173737,0.0244245212525129,0.729261577129364,-3.436757469899021e-05,0.0002184769982704,-0.0038395475130528,0.0097382431849837,0.0112048685550689,32762.0,0.36135315895080566
seeded_ic_v1,14980012,0.013423,0.0246,-1.414326,9.998972,0.715201,0.3075364299999999,adaptive_ramp_v1,18.0,0.08,10.368619441986084,adaptive_brake,0.0476693324744701,-0.0026776366867125,0.6793067455291748,0.2782590985298157,-0.2146792709827423,-0.2736728489398956,4.303072929382324,-6.566035270690918,6.3203206062316895,-41.10665512084961,-23.11459732055664,13.43043327331543,32505,25855,33083,36647,0.95,qplite_builtin,opp_m3_10000,0,0,10000,0,1.0911999999999973,0.352,0.0690429831440919,0.0112048685550689,0.0154676223173737,0.0244245212525129,0.729261577129364,-3.436757469899021e-05,0.0002184769982704,-0.0038395475130528,0.0097382431849837,0.0112048685550689,32762.0,0.36144399642944336
seeded_ic_v1,14980012,0.013423,0.0246,-1.414326,9.998972,0.715201,0.3075364299999999,adaptive_ramp_v1,18.0,0.08,10.388243675231934,adaptive_brake,0.0533975958824157,-0.0070278597995638,0.6738823652267456,0.3004249036312103,-0.225407212972641,-0.2821239233016968,4.303072929382324,-6.566035270690918,6.3203206062316895,-41.10665512084961,-23.11459732055664,13.43043327331543,32505,25855,33083,36647,0.95,qplite_builtin,opp_m3_10000,0,0,10000,0,1.0911999999999973,0.352,0.0690429831440919,0.0112048685550689,0.0154676223173737,0.0244245212525129,0.729261577129364,-3.436757469899021e-05,0.0002184769982704,-0.0038395475130528,0.0097382431849837,0.0112048685550689,32762.0,0.38106822967529297
seeded_ic_v1,14980012,0.013423,0.0246,-1.414326,9.998972,0.715201,0.3075364299999999,adaptive_ramp_v1,18.0,0.08,10.388411283493042,adaptive_brake,0.0533975958824157,-0.0070278597995638,0.6738823652267456,0.3004249036312103,-0.225407212972641,-0.2821239233016968,3.5023555755615234,-6.078105449676514,6.552983283996582,-42.61253356933594,-26.613725662231445,11.665108680725098,32505,25855,33083,36647,0.95,qplite_builtin,opp_m3_10000,0,0,10000,0,1.0911999999999973,0.352,0.0690429831440919,0.0112048685550689,0.0154676223173737,0.0244245212525129,0.729261577129364,-3.436757469899021e-05,0.0002184769982704,-0.0038395475130528,0.0097382431849837,0.0112048685550689,32762.0,0.38123583793640137
seeded_ic_v1,14980012,0.013423,0.0246,-1.414326,9.998972,0.715201,0.3075364299999999,adaptive_ramp_v1,18.0,0.08,10.388489484786987,adaptive_brake,0.0533975958824157,-0.0070278597995638,0.6738823652267456,0.3004249036312103,-0.225407212972641,-0.2821239233016968,3.5023555755615234,-6.078105449676514,6.552983283996582,-42.61253356933594,-26.613725662231445,11.665108680725098,32505,25811,33481,37085,0.95,qplite_builtin,opp_m3_10000,0,0,10000,0,1.0911999999999973,0.352,0.0690429831440919,0.0112048685550689,0.0154676223173737,0.0244245212525129,0.729261577129364,-3.436757469899021e-05,0.0002184769982704,-0.0038395475130528,0.0097382431849837,0.0112048685550689,32762.0,0.3813140392303467
seeded_ic_v1,14980012,0.013423,0.0246,-1.414326,9.998972,0.715201,0.3075364299999999,adaptive_ramp_v1,18.0,0.08,10.408271312713625,adaptive_brake,0.0595306567847728,-0.0115454131737351,0.6683030128479004,0.3207458555698395,-0.2335524260997772,-0.2888651490211487,3.5023555755615234,-6.078105449676514,6.552983283996582,-42.61253356933594,-26.613725662231445,11.665108680725098,32505,25811,33481,37085,0.95,qplite_builtin,opp_m3_10000,0,0,10000,0,1.0911999999999973,0.352,0.0690429831440919,0.0112048685550689,0.0154676223173737,0.0244245212525129,0.729261577129364,-3.436757469899021e-05,0.0002184769982704,-0.0038395475130528,0.0097382431849837,0.0112048685550689,32762.0,0.4010958671569842
seeded_ic_v1,14980012,0.013423,0.0246,-1.414326,9.998972,0.715201,0.3075364299999999,adaptive_ramp_v1,18.0,0.08,10.408451318740845,adaptive_brake,0.0595306567847728,-0.0115454131737351,0.6683030128479004,0.3207458555698395,-0.2335524260997772,-0.2888651490211487,2.6687891483306885,-5.525712013244629,6.753806114196777,-43.091434478759766,-29.898338317871094,10.050891876220703,32505,25811,33481,37085,0.95,qplite_builtin,opp_m3_10000,0,0,10000,0,1.0911999999999973,0.352,0.0690429831440919,0.0112048685550689,0.0154676223173737,0.0244245212525129,0.729261577129364,-3.436757469899021e-05,0.0002184769982704,-0.0038395475130528,0.0097382431849837,0.0112048685550689,32762.0,0.4012758731842041
seeded_ic_v1,14980012,0.013423,0.0246,-1.414326,9.998972,0.715201,0.3075364299999999,adaptive_ramp_v1,18.0,0.08,10.4085373878479,adaptive_brake,0.0595306567847728,-0.0115454131737351,0.6683030128479004,0.3207458555698395,-0.2335524260997772,-0.2888651490211487,2.6687891483306885,-5.525712013244629,6.753806114196777,-43.091434478759766,-29.898338317871094,10.050891876220703,32505,25961,33981,37523,0.95,qplite_builtin,opp_m3_10000,0,0,10000,0,1.0911999999999973,0.352,0.0690429831440919,0.0112048685550689,0.0154676223173737,0.0244245212525129,0.729261577129364,-3.436757469899021e-05,0.0002184769982704,-0.0038395475130528,0.0097382431849837,0.0112048685550689,32762.0,0.40136194229125977
seeded_ic_v1,14980012,0.013423,0.0246,-1.414326,9.998972,0.715201,0.3075364299999999,adaptive_ramp_v1,18.0,0.08,10.428267240524292,adaptive_brake,0.0662849321961402,-0.0163586903363466,0.6623201370239258,0.3399951457977295,-0.2397725284099578,-0.295260488986969,2.6687891483306885,-5.525712013244629,6.753806114196777,-43.091434478759766,-29.898338317871094,10.050891876220703,32505,25961,33981,37523,0.95,qplite_builtin,opp_m3_10000,0,0,10000,0,1.0911999999999973,0.352,0.0690429831440919,0.0112048685550689,0.0154676223173737,0.0244245212525129,0.729261577129364,-3.436757469899021e-05,0.0002184769982704,-0.0038395475130528,0.0097382431849837,0.0112048685550689,32762.0,0.42109179496765137
seeded_ic_v1,14980012,0.013423,0.0246,-1.414326,9.998972,0.715201,0.3075364299999999,adaptive_ramp_v1,18.0,0.08,10.428427696228027,adaptive_brake,0.0662849321961402,-0.0163586903363466,0.6623201370239258,0.3399951457977295,-0.2397725284099578,-0.295260488986969,1.8248358964920044,-4.914058208465576,6.927685737609863,-42.3955307006836,-32.28920364379883,8.589618682861328,32505,25961,33981,37523,0.95,qplite_builtin,opp_m3_10000,0,0,10000,0,1.0911999999999973,0.352,0.0690429831440919,0.0112048685550689,0.0154676223173737,0.0244245212525129,0.729261577129364,-3.436757469899021e-05,0.0002184769982704,-0.0038395475130528,0.0097382431849837,0.0112048685550689,32762.0,0.4212522506713867
seeded_ic_v1,14980012,0.013423,0.0246,-1.414326,9.998972,0.715201,0.3075364299999999,adaptive_ramp_v1,18.0,0.08,10.428519248962402,adaptive_brake,0.0662849321961402,-0.0163586903363466,0.6623201370239258,0.3399951457977295,-0.2397725284099578,-0.295260488986969,1.8248358964920044,-4.914058208465576,6.927685737609863,-42.3955307006836,-32.28920364379883,8.589618682861328,32505,26307,34723,37983,0.95,qplite_builtin,opp_m3_10000,0,0,10000,0,1.0911999999999973,0.352,0.0690429831440919,0.0112048685550689,0.0154676223173737,0.0244245212525129,0.729261577129364,-3.436757469899021e-05,0.0002184769982704,-0.0038395475130528,0.0097382431849837,0.0112048685550689,32762.0,0.4213438034057617
seeded_ic_v1,14980012,0.013423,0.0246,-1.414326,9.998972,0.715201,0.3075364299999999,adaptive_ramp_v1,18.0,0.08,10.448416471481323,adaptive_brake,0.0730634853243827,-0.0210227034986019,0.6565768122673035,0.3555681705474853,-0.2423813790082931,-0.298037976026535,1.8248358964920044,-4.914058208465576,6.927685737609863,-42.3955307006836,-32.28920364379883,8.589618682861328,32505,26307,34723,37983,0.95,qplite_builtin,opp_m3_10000,0,0,10000,0,1.0911999999999973,0.352,0.0690429831440919,0.0112048685550689,0.0154676223173737,0.0244245212525129,0.729261577129364,-3.436757469899021e-05,0.0002184769982704,-0.0038395475130528,0.0097382431849837,0.0112048685550689,32762.0,0.4412410259246826
seeded_ic_v1,14980012,0.013423,0.0246,-1.414326,9.998972,0.715201,0.3075364299999999,adaptive_ramp_v1,18.0,0.08,10.448583602905272,adaptive_brake,0.0730634853243827,-0.0210227034986019,0.6565768122673035,0.3555681705474853,-0.2423813790082931,-0.298037976026535,0.9933401942253112,-4.260095596313477,7.079910755157471,-40.67398834228516,-33.64598846435547,7.173052787780762,32505,26307,34723,37983,0.95,qplite_builtin,opp_m3_10000,0,0,10000,0,1.0911999999999973,0.352,0.0690429831440919,0.0112048685550689,0.0154676223173737,0.0244245212525129,0.729261577129364,-3.436757469899021e-05,0.0002184769982704,-0.0038395475130528,0.0097382431849837,0.0112048685550689,32762.0,0.44140815734863104
seeded_ic_v1,14980012,0.013423,0.0246,-1.414326,9.998972,0.715201,0.3075364299999999,adaptive_ramp_v1,18.0,0.08,10.448665618896484,adaptive_brake,0.0730634853243827,-0.0210227034986019,0.6565768122673035,0.3555681705474853,-0.2423813790082931,-0.298037976026535,0.9933401942253112,-4.260095596313477,7.079910755157471,-40.67398834228516,-33.64598846435547,7.173052787780762,32505,26219,34733,38149,0.95,qplite_builtin,opp_m3_10000,0,0,10000,0,1.0911999999999973,0.352,0.0690429831440919,0.0112048685550689,0.0154676223173737,0.0244245212525129,0.729261577129364,-3.436757469899021e-05,0.0002184769982704,-0.0038395475130528,0.0097382431849837,0.0112048685550689,32762.0,0.44149017333984375
seeded_ic_v1,14980012,0.013423,0.0246,-1.414326,9.998972,0.715201,0.3075364299999999,adaptive_ramp_v1,18.0,0.08,10.468238353729248,adaptive_brake,0.0801005139946937,-0.0256856381893157,0.6507909893989563,0.3685763776302337,-0.2423416078090667,-0.2989770174026489,0.9933401942253112,-4.260095596313477,7.079910755157471,-40.67398834228516,-33.64598846435547,7.173052787780762,32505,26219,34733,38149,0.95,qplite_builtin,opp_m3_10000,0,0,10000,0,1.0911999999999973,0.352,0.0690429831440919,0.0112048685550689,0.0154676223173737,0.0244245212525129,0.729261577129364,-3.436757469899021e-05,0.0002184769982704,-0.0038395475130528,0.0097382431849837,0.0112048685550689,32762.0,0.4610629081726074
seeded_ic_v1,14980012,0.013423,0.0246,-1.414326,9.998972,0.715201,0.3075364299999999,adaptive_ramp_v1,18.0,0.08,10.468533277511597,adaptive_brake,0.0801005139946937,-0.0256856381893157,0.6507909893989563,0.3685763776302337,-0.2423416078090667,-0.2989770174026489,0.1940096765756607,-3.582060575485229,7.213277339935303,-38.483734130859375,-34.8775634765625,5.879688262939453,32505,26219,34733,38149,0.95,qplite_builtin,opp_m3_10000,0,0,10000,0,1.0911999999999973,0.352,0.0690429831440919,0.0112048685550689,0.0154676223173737,0.0244245212525129,0.729261577129364,-3.436757469899021e-05,0.0002184769982704,-0.0038395475130528,0.0097382431849837,0.0112048685550689,32762.0,0.46135783195495605
seeded_ic_v1,14980012,0.013423,0.0246,-1.414326,9.998972,0.715201,0.3075364299999999,adaptive_ramp_v1,18.0,0.08,10.468658447265623,adaptive_brake,0.0801005139946937,-0.0256856381893157,0.6507909893989563,0.3685763776302337,-0.2423416078090667,-0.2989770174026489,0.1940096765756607,-3.582060575485229,7.213277339935303,-38.483734130859375,-34.8775634765625,5.879688262939453,32505,26339,34911,38323,0.95,qplite_builtin,opp_m3_10000,0,0,10000,0,1.0911999999999973,0.352,0.0690429831440919,0.0112048685550689,0.0154676223173737,0.0244245212525129,0.729261577129364,-3.436757469899021e-05,0.0002184769982704,-0.0038395475130528,0.0097382431849837,0.0112048685550689,32762.0,0.4614830017089826
seeded_ic_v1,14980012,0.013423,0.0246,-1.414326,9.998972,0.715201,0.3075364299999999,adaptive_ramp_v1,18.0,0.08,10.488214015960692,adaptive_brake,0.0873616263270378,-0.0303249601274728,0.6449897885322571,0.379006028175354,-0.2399321645498275,-0.2986652851104736,0.1940096765756607,-3.582060575485229,7.213277339935303,-38.483734130859375,-34.8775634765625,5.879688262939453,32505,26339,34911,38323,0.95,qplite_builtin,opp_m3_10000,0,0,10000,0,1.0911999999999973,0.352,0.0690429831440919,0.0112048685550689,0.0154676223173737,0.0244245212525129,0.729261577129364,-3.436757469899021e-05,0.0002184769982704,-0.0038395475130528,0.0097382431849837,0.0112048685550689,32762.0,0.48103857040405096
seeded_ic_v1,14980012,0.013423,0.0246,-1.414326,9.998972,0.715201,0.3075364299999999,adaptive_ramp_v1,18.0,0.08,10.48841404914856,adaptive_brake,0.0873616263270378,-0.0303249601274728,0.6449897885322571,0.379006028175354,-0.2399321645498275,-0.2986652851104736,-0.562933623790741,-2.882915496826172,7.330379962921143,-35.9181022644043,-35.65510940551758,4.684718132019043,32505,26339,34911,38323,0.95,qplite_builtin,opp_m3_10000,0,0,10000,0,1.0911999999999973,0.352,0.0690429831440919,0.0112048685550689,0.0154676223173737,0.0244245212525129,0.729261577129364,-3.436757469899021e-05,0.0002184769982704,-0.0038395475130528,0.0097382431849837,0.0112048685550689,32762.0,0.48123860359191895
seeded_ic_v1,14980012,0.013423,0.0246,-1.414326,9.998972,0.715201,0.3075364299999999,adaptive_ramp_v1,18.0,0.08,10.488501787185667,adaptive_brake,0.0873616263270378,-0.0303249601274728,0.6449897885322571,0.379006028175354,-0.2399321645498275,-0.2986652851104736,-0.562933623790741,-2.882915496826172,7.330379962921143,-35.9181022644043,-35.65510940551758,4.684718132019043,32505,26533,35231,38545,0.95,qplite_builtin,opp_m3_10000,0,0,10000,0,1.0911999999999973,0.352,0.0690429831440919,0.0112048685550689,0.0154676223173737,0.0244245212525129,0.729261577129364,-3.436757469899021e-05,0.0002184769982704,-0.0038395475130528,0.0097382431849837,0.0112048685550689,32762.0,0.48132634162902654
seeded_ic_v1,14980012,0.013423,0.0246,-1.414326,9.998972,0.715201,0.3075364299999999,adaptive_ramp_v1,18.0,0.08,10.508270740509031,adaptive_brake,0.0953043401241302,-0.0351740457117557,0.6387521624565125,0.3876076936721802,-0.2352240830659866,-0.2979864180088043,-0.562933623790741,-2.882915496826172,7.330379962921143,-35.9181022644043,-35.65510940551758,4.684718132019043,32505,26533,35231,38545,0.95,qplite_builtin,opp_m3_10000,0,0,10000,0,1.0911999999999973,0.352,0.0690429831440919,0.0112048685550689,0.0154676223173737,0.0244245212525129,0.729261577129364,-3.436757469899021e-05,0.0002184769982704,-0.0038395475130528,0.0097382431849837,0.0112048685550689,32762.0,0.5010952949523908
seeded_ic_v1,14980012,0.013423,0.0246,-1.414326,9.998972,0.715201,0.3075364299999999,adaptive_ramp_v1,18.0,0.08,10.50844144821167,adaptive_brake,0.0953043401241302,-0.0351740457117557,0.6387521624565125,0.3876076936721802,-0.2352240830659866,-0.2979864180088043,-1.3022679090499878,-2.133473396301269,7.437078475952148,-32.906185150146484,-36.27728271484375,3.5766072273254395,32505,26533,35231,38545,0.95,qplite_builtin,opp_m3_10000,0,0,10000,0,1.0911999999999973,0.352,0.0690429831440919,0.0112048685550689,0.0154676223173737,0.0244245212525129,0.729261577129364,-3.436757469899021e-05,0.0002184769982704,-0.0038395475130528,0.0097382431849837,0.0112048685550689,32762.0,0.5012660026550293
seeded_ic_v1,14980012,0.013423,0.0246,-1.414326,9.998972,0.715201,0.3075364299999999,adaptive_ramp_v1,18.0,0.08,10.508517265319824,adaptive_brake,0.0953043401241302,-0.0351740457117557,0.6387521624565125,0.3876076936721802,-0.2352240830659866,-0.2979864180088043,-1.3022679090499878,-2.133473396301269,7.437078475952148,-32.906185150146484,-36.27728271484375,3.5766072273254395,32505,26869,35715,38753,0.95,qplite_builtin,opp_m3_10000,0,0,10000,0,1.0911999999999973,0.352,0.0690429831440919,0.0112048685550689,0.0154676223173737,0.0244245212525129,0.729261577129364,-3.436757469899021e-05,0.0002184769982704,-0.0038395475130528,0.0097382431849837,0.0112048685550689,32762.0,0.5013418197631836
seeded_ic_v1,14980012,0.013423,0.0246,-1.414326,9.998972,0.715201,0.3075364299999999,adaptive_ramp_v1,18.0,0.08,10.52822971343994,adaptive_brake,0.1029621139168739,-0.0396115034818649,0.6328198313713074,0.3926559388637543,-0.2282316088676452,-0.2960907220840454,-1.3022679090499878,-2.133473396301269,7.437078475952148,-32.906185150146484,-36.27728271484375,3.5766072273254395,32505,26869,35715,38753,0.95,qplite_builtin,opp_m3_10000,0,0,10000,0,1.0911999999999973,0.352,0.0690429831440919,0.0112048685550689,0.0154676223173737,0.0244245212525129,0.729261577129364,-3.436757469899021e-05,0.0002184769982704,-0.0038395475130528,0.0097382431849837,0.0112048685550689,32762.0,0.521054267883299
seeded_ic_v1,14980012,0.013423,0.0246,-1.414326,9.998972,0.715201,0.3075364299999999,adaptive_ramp_v1,18.0,0.08,10.52835249900818,adaptive_brake,0.1029621139168739,-0.0396115034818649,0.6328198313713074,0.3926559388637543,-0.2282316088676452,-0.2960907220840454,-1.9432806968688965,-1.4072391986846924,7.524477005004883,-29.520700454711918,-36.76025772094727,2.5276241302490234,32505,26869,35715,38753,0.95,qplite_builtin,opp_m3_10000,0,0,10000,0,1.0911999999999973,0.352,0.0690429831440919,0.0112048685550689,0.0154676223173737,0.0244245212525129,0.729261577129364,-3.436757469899021e-05,0.0002184769982704,-0.0038395475130528,0.0097382431849837,0.0112048685550689,32762.0,0.5211770534515399
seeded_ic_v1,14980012,0.013423,0.0246,-1.414326,9.998972,0.715201,0.3075364299999999,adaptive_ramp_v1,18.0,0.08,10.528440952301024,adaptive_brake,0.1029621139168739,-0.0396115034818649,0.6328198313713074,0.3926559388637543,-0.2282316088676452,-0.2960907220840454,-1.9432806968688965,-1.4072391986846924,7.524477005004883,-29.520700454711918,-36.76025772094727,2.5276241302490234,32505,27067,35853,38813,0.95,qplite_builtin,opp_m3_10000,0,0,10000,0,1.0911999999999973,0.352,0.0690429831440919,0.0112048685550689,0.0154676223173737,0.0244245212525129,0.729261577129364,-3.436757469899021e-05,0.0002184769982704,-0.0038395475130528,0.0097382431849837,0.0112048685550689,32762.0,0.521265506744383
seeded_ic_v1,14980012,0.013423,0.0246,-1.414326,9.998972,0.715201,0.3075364299999999,adaptive_ramp_v1,18.0,0.08,10.548171520233154,adaptive_brake,0.1104295030236244,-0.0437751747667789,0.62721186876297,0.3938798904418945,-0.2189192473888397,-0.29179248213768,-1.9432806968688965,-1.4072391986846924,7.524477005004883,-29.520700454711918,-36.76025772094727,2.5276241302490234,32505,27067,35853,38813,0.95,qplite_builtin,opp_m3_10000,0,0,10000,0,1.0911999999999973,0.352,0.0690429831440919,0.0112048685550689,0.0154676223173737,0.0244245212525129,0.729261577129364,-3.436757469899021e-05,0.0002184769982704,-0.0038395475130528,0.0097382431849837,0.0112048685550689,32762.0,0.5409960746765137
seeded_ic_v1,14980012,0.013423,0.0246,-1.414326,9.998972,0.715201,0.3075364299999999,adaptive_ramp_v1,18.0,0.08,10.548400402069092,adaptive_brake,0.1104295030236244,-0.0437751747667789,0.62721186876297,0.3938798904418945,-0.2189192473888397,-0.29179248213768,-2.514764308929444,-0.6743539571762085,7.598937034606934,-25.476612091064453,-36.59653854370117,1.5006537437438965,32505,27067,35853,38813,0.95,qplite_builtin,opp_m3_10000,0,0,10000,0,1.0911999999999973,0.352,0.0690429831440919,0.0112048685550689,0.0154676223173737,0.0244245212525129,0.729261577129364,-3.436757469899021e-05,0.0002184769982704,-0.0038395475130528,0.0097382431849837,0.0112048685550689,32762.0,0.5412249565124512
seeded_ic_v1,14980012,0.013423,0.0246,-1.414326,9.998972,0.715201,0.3075364299999999,adaptive_ramp_v1,18.0,0.08,10.548482179641724,adaptive_brake,0.1104295030236244,-0.0437751747667789,0.62721186876297,0.3938798904418945,-0.2189192473888397,-0.29179248213768,-2.514764308929444,-0.6743539571762085,7.598937034606934,-25.476612091064453,-36.59653854370117,1.5006537437438965,32505,27495,36207,38855,0.95,qplite_builtin,opp_m3_10000,0,0,10000,0,1.0911999999999973,0.352,0.0690429831440919,0.0112048685550689,0.0154676223173737,0.0244245212525129,0.729261577129364,-3.436757469899021e-05,0.0002184769982704,-0.0038395475130528,0.0097382431849837,0.0112048685550689,32762.0,0.541306734085083
seeded_ic_v1,14980012,0.013423,0.0246,-1.414326,9.998972,0.715201,0.3075364299999999,adaptive_ramp_v1,18.0,0.08,10.56823229789734,adaptive_brake,0.117713838815689,-0.0475742779672145,0.6217392683029175,0.3914048075675964,-0.20722196996212,-0.2863589823246002,-2.514764308929444,-0.6743539571762085,7.598937034606934,-25.476612091064453,-36.59653854370117,1.5006537437438965,32505,27495,36207,38855,0.95,qplite_builtin,opp_m3_10000,0,0,10000,0,1.0911999999999973,0.352,0.0690429831440919,0.0112048685550689,0.0154676223173737,0.0244245212525129,0.729261577129364,-3.436757469899021e-05,0.0002184769982704,-0.0038395475130528,0.0097382431849837,0.0112048685550689,32762.0,0.5610568523407
seeded_ic_v1,14980012,0.013423,0.0246,-1.414326,9.998972,0.715201,0.3075364299999999,adaptive_ramp_v1,18.0,0.08,10.568403005599976,adaptive_brake,0.117713838815689,-0.0475742779672145,0.6217392683029175,0.3914048075675964,-0.20722196996212,-0.2863589823246002,-3.0051591396331787,0.053818941116333,7.659774303436279,-21.21529006958008,-36.05489730834961,0.5578728914260864,32505,27495,36207,38855,0.95,qplite_builtin,opp_m3_10000,0,0,10000,0,1.0911999999999973,0.352,0.0690429831440919,0.0112048685550689,0.0154676223173737,0.0244245212525129,0.729261577129364,-3.436757469899021e-05,0.0002184769982704,-0.0038395475130528,0.0097382431849837,0.0112048685550689,32762.0,0.561227560043335
seeded_ic_v1,14980012,0.013423,0.0246,-1.414326,9.998972,0.715201,0.3075364299999999,adaptive_ramp_v1,18.0,0.08,10.56847858428955,adaptive_brake,0.117713838815689,-0.0475742779672145,0.6217392683029175,0.3914048075675964,-0.20722196996212,-0.2863589823246002,-3.0051591396331787,0.053818941116333,7.659774303436279,-21.21529006958008,-36.05489730834961,0.5578728914260864,32505,27937,36379,38729,0.95,qplite_builtin,opp_m3_10000,0,0,10000,0,1.0911999999999973,0.352,0.0690429831440919,0.0112048685550689,0.0154676223173737,0.0244245212525129,0.729261577129364,-3.436757469899021e-05,0.0002184769982704,-0.0038395475130528,0.0097382431849837,0.0112048685550689,32762.0,0.5613031387329102
seeded_ic_v1,14980012,0.013423,0.0246,-1.414326,9.998972,0.715201,0.3075364299999999,adaptive_ramp_v1,18.0,0.08,10.589191675186155,adaptive_brake,0.1255905032157898,-0.0515375696122646,0.615906834602356,0.3873730599880218,-0.194663405418396,-0.2805777788162231,-3.0051591396331787,0.053818941116333,7.659774303436279,-21.21529006958008,-36.05489730834961,0.5578728914260864,32505,27937,36379,38729,0.95,qplite_builtin,opp_m3_10000,0,0,10000,0,1.0911999999999973,0.352,0.0690429831440919,0.0112048685550689,0.0154676223173737,0.0244245212525129,0.729261577129364,-3.436757469899021e-05,0.0002184769982704,-0.0038395475130528,0.0097382431849837,0.0112048685550689,32762.0,0.5820162296295148
seeded_ic_v1,14980012,0.013423,0.0246,-1.414326,9.998972,0.715201,0.3075364299999999,adaptive_ramp_v1,18.0,0.08,10.58938765525818,adaptive_brake,0.1255905032157898,-0.0515375696122646,0.615906834602356,0.3873730599880218,-0.194663405418396,-0.2805777788162231,-3.433178424835205,0.8098936676979065,7.709115505218506,-16.71036720275879,-34.921443939208984,-0.2306331098079681,32505,27937,36379,38729,0.95,qplite_builtin,opp_m3_10000,0,0,10000,0,1.0911999999999973,0.352,0.0690429831440919,0.0112048685550689,0.0154676223173737,0.0244245212525129,0.729261577129364,-3.436757469899021e-05,0.0002184769982704,-0.0038395475130528,0.0097382431849837,0.0112048685550689,32762.0,0.5822122097015399
seeded_ic_v1,14980012,0.013423,0.0246,-1.414326,9.998972,0.715201,0.3075364299999999,adaptive_ramp_v1,18.0,0.08,10.589472770690918,adaptive_brake,0.1255905032157898,-0.0515375696122646,0.615906834602356,0.3873730599880218,-0.194663405418396,-0.2805777788162231,-3.433178424835205,0.8098936676979065,7.709115505218506,-16.71036720275879,-34.921443939208984,-0.2306331098079681,32505,28681,36987,38673,0.95,qplite_builtin,opp_m3_10000,0,0,10000,0,1.0911999999999973,0.352,0.0690429831440919,0.0112048685550689,0.0154676223173737,0.0244245212525129,0.729261577129364,-3.436757469899021e-05,0.0002184769982704,-0.0038395475130528,0.0097382431849837,0.0112048685550689,32762.0,0.5822973251342773
seeded_ic_v1,14980012,0.013423,0.0246,-1.414326,9.998972,0.715201,0.3075364299999999,adaptive_ramp_v1,18.0,0.08,10.60925579071045,adaptive_brake,0.1326400190591812,-0.0548323020339012,0.6106862425804138,0.3792036473751068,-0.1806053966283798,-0.2729875445365906,-3.433178424835205,0.8098936676979065,7.709115505218506,-16.71036720275879,-34.921443939208984,-0.2306331098079681,32505,28681,36987,38673,0.95,qplite_builtin,opp_m3_10000,0,0,10000,0,1.0911999999999973,0.352,0.0690429831440919,0.0112048685550689,0.0154676223173737,0.0244245212525129,0.729261577129364,-3.436757469899021e-05,0.0002184769982704,-0.0038395475130528,0.0097382431849837,0.0112048685550689,32762.0,0.6020803451538086
seeded_ic_v1,14980012,0.013423,0.0246,-1.414326,9.998972,0.715201,0.3075364299999999,adaptive_ramp_v1,18.0,0.08,10.60941195487976,adaptive_brake,0.1326400190591812,-0.0548323020339012,0.6106862425804138,0.3792036473751068,-0.1806053966283798,-0.2729875445365906,-3.756770372390747,1.5098353624343872,7.743942737579346,-11.966687202453612,-32.367244720458984,-1.0272469520568848,32505,28681,36987,38673,0.95,qplite_builtin,opp_m3_10000,0,0,10000,0,1.0911999999999973,0.352,0.0690429831440919,0.0112048685550689,0.0154676223173737,0.0244245212525129,0.729261577129364,-3.436757469899021e-05,0.0002184769982704,-0.0038395475130528,0.0097382431849837,0.0112048685550689,32762.0,0.6022365093231201
seeded_ic_v1,14980012,0.013423,0.0246,-1.414326,9.998972,0.715201,0.3075364299999999,adaptive_ramp_v1,18.0,0.08,10.60948133468628,adaptive_brake,0.1326400190591812,-0.0548323020339012,0.6106862425804138,0.3792036473751068,-0.1806053966283798,-0.2729875445365906,-3.756770372390747,1.5098353624343872,7.743942737579346,-11.966687202453612,-32.367244720458984,-1.0272469520568848,32505,28975,36751,38291,0.95,qplite_builtin,opp_m3_10000,0,0,10000,0,1.0911999999999973,0.352,0.0690429831440919,0.0112048685550689,0.0154676223173737,0.0244245212525129,0.729261577129364,-3.436757469899021e-05,0.0002184769982704,-0.0038395475130528,0.0097382431849837,0.0112048685550689,32762.0,0.6023058891296387
seeded_ic_v1,14980012,0.013423,0.0246,-1.414326,9.998972,0.715201,0.3075364299999999,adaptive_ramp_v1,18.0,0.08,10.62919020652771,adaptive_brake,0.1396671086549759,-0.0579233355820179,0.6054413318634033,0.3691821098327636,-0.1661584973335266,-0.265213280916214,-3.756770372390747,1.5098353624343872,7.743942737579346,-11.966687202453612,-32.367244720458984,-1.0272469520568848,32505,28975,36751,38291,0.95,qplite_builtin,opp_m3_10000,0,0,10000,0,1.0911999999999973,0.352,0.0690429831440919,0.0112048685550689,0.0154676223173737,0.0244245212525129,0.729261577129364,-3.436757469899021e-05,0.0002184769982704,-0.0038395475130528,0.0097382431849837,0.0112048685550689,32762.0,0.6220147609710693
seeded_ic_v1,14980012,0.013423,0.0246,-1.414326,9.998972,0.715201,0.3075364299999999,adaptive_ramp_v1,18.0,0.08,10.629459857940674,adaptive_brake,0.1396671086549759,-0.0579233355820179,0.6054413318634033,0.3691821098327636,-0.1661584973335266,-0.265213280916214,-3.979585647583008,2.145998477935791,7.762612342834473,-7.156283378601074,-28.54140853881836,-1.767313838005066,32505,28975,36751,38291,0.95,qplite_builtin,opp_m3_10000,0,0,10000,0,1.0911999999999973,0.352,0.0690429831440919,0.0112048685550689,0.0154676223173737,0.0244245212525129,0.729261577129364,-3.436757469899021e-05,0.0002184769982704,-0.0038395475130528,0.0097382431849837,0.0112048685550689,32762.0,0.6222844123840332
seeded_ic_v1,14980012,0.013423,0.0246,-1.414326,9.998972,0.715201,0.3075364299999999,adaptive_ramp_v1,18.0,0.08,10.62952995300293,adaptive_brake,0.1396671086549759,-0.0579233355820179,0.6054413318634033,0.3691821098327636,-0.1661584973335266,-0.265213280916214,-3.979585647583008,2.145998477935791,7.762612342834473,-7.156283378601074,-28.54140853881836,-1.767313838005066,32505,29087,36159,37731,0.95,qplite_builtin,opp_m3_10000,0,0,10000,0,1.0911999999999973,0.352,0.0690429831440919,0.0112048685550689,0.0154676223173737,0.0244245212525129,0.729261577129364,-3.436757469899021e-05,0.0002184769982704,-0.0038395475130528,0.0097382431849837,0.0112048685550689,32762.0,0.6223545074462891
seeded_ic_v1,14980012,0.013423,0.0246,-1.414326,9.998972,0.715201,0.3075364299999999,adaptive_ramp_v1,18.0,0.08,10.649149894714355,adaptive_brake,0.1464265137910843,-0.0607039034366607,0.6003633737564087,0.3566603660583496,-0.1512039005756378,-0.2570742964744568,-3.979585647583008,2.145998477935791,7.762612342834473,-7.156283378601074,-28.54140853881836,-1.767313838005066,32505,29087,36159,37731,0.95,qplite_builtin,opp_m3_10000,0,0,10000,0,1.0911999999999973,0.352,0.0690429831440919,0.0112048685550689,0.0154676223173737,0.0244245212525129,0.729261577129364,-3.436757469899021e-05,0.0002184769982704,-0.0038395475130528,0.0097382431849837,0.0112048685550689,32762.0,0.6419744491577148
seeded_ic_v1,14980012,0.013423,0.0246,-1.414326,9.998972,0.715201,0.3075364299999999,adaptive_ramp_v1,18.0,0.08,10.649399995803831,adaptive_brake,0.1464265137910843,-0.0607039034366607,0.6003633737564087,0.3566603660583496,-0.1512039005756378,-0.2570742964744568,-4.108791828155518,2.7094738483428955,7.763421535491943,-3.330884456634521,-25.41773223876953,-2.4337282180786133,32505,29087,36159,37731,0.95,qplite_builtin,opp_m3_10000,0,0,10000,0,1.0911999999999973,0.352,0.0690429831440919,0.0112048685550689,0.0154676223173737,0.0244245212525129,0.729261577129364,-3.436757469899021e-05,0.0002184769982704,-0.0038395475130528,0.0097382431849837,0.0112048685550689,32762.0,0.6422245502471906
seeded_ic_v1,14980012,0.013423,0.0246,-1.414326,9.998972,0.715201,0.3075364299999999,adaptive_ramp_v1,18.0,0.08,10.649507284164429,adaptive_brake,0.1464265137910843,-0.0607039034366607,0.6003633737564087,0.3566603660583496,-0.1512039005756378,-0.2570742964744568,-4.108791828155518,2.7094738483428955,7.763421535491943,-3.330884456634521,-25.41773223876953,-2.4337282180786133,32505,29543,36293,37593,0.95,qplite_builtin,opp_m3_10000,0,0,10000,0,1.0911999999999973,0.352,0.0690429831440919,0.0112048685550689,0.0154676223173737,0.0244245212525129,0.729261577129364,-3.436757469899021e-05,0.0002184769982704,-0.0038395475130528,0.0097382431849837,0.0112048685550689,32762.0,0.6423318386077881
seeded_ic_v1,14980012,0.013423,0.0246,-1.414326,9.998972,0.715201,0.3075364299999999,adaptive_ramp_v1,18.0,0.08,10.669388055801392,adaptive_brake,0.1528836786746978,-0.0631744340062141,0.5954374074935913,0.3420569896697998,-0.1361167579889297,-0.249469518661499,-4.108791828155518,2.7094738483428955,7.763421535491943,-3.330884456634521,-25.41773223876953,-2.4337282180786133,32505,29543,36293,37593,0.95,qplite_builtin,opp_m3_10000,0,0,10000,0,1.0911999999999973,0.352,0.0690429831440919,0.0112048685550689,0.0154676223173737,0.0244245212525129,0.729261577129364,-3.436757469899021e-05,0.0002184769982704,-0.0038395475130528,0.0097382431849837,0.0112048685550689,32762.0,0.662212610244751
seeded_ic_v1,14980012,0.013423,0.0246,-1.414326,9.998972,0.715201,0.3075364299999999,adaptive_ramp_v1,18.0,0.08,10.669557809829712,adaptive_brake,0.1528836786746978,-0.0631744340062141,0.5954374074935913,0.3420569896697998,-0.1361167579889297,-0.249469518661499,-4.166649341583252,3.213855504989624,7.748319149017334,-0.4982243180274963,-22.536142349243164,-2.948204040527344,32505,29543,36293,37593,0.95,qplite_builtin,opp_m3_10000,0,0,10000,0,1.0911999999999973,0.352,0.0690429831440919,0.0112048685550689,0.0154676223173737,0.0244245212525129,0.729261577129364,-3.436757469899021e-05,0.0002184769982704,-0.0038395475130528,0.0097382431849837,0.0112048685550689,32762.0,0.6623823642730713
seeded_ic_v1,14980012,0.013423,0.0246,-1.414326,9.998972,0.715201,0.3075364299999999,adaptive_ramp_v1,18.0,0.08,10.669633388519289,adaptive_brake,0.1528836786746978,-0.0631744340062141,0.5954374074935913,0.3420569896697998,-0.1361167579889297,-0.249469518661499,-4.166649341583252,3.213855504989624,7.748319149017334,-0.4982243180274963,-22.536142349243164,-2.948204040527344,32505,29935,36465,37525,0.95,qplite_builtin,opp_m3_10000,0,0,10000,0,1.0911999999999973,0.352,0.0690429831440919,0.0112048685550689,0.0154676223173737,0.0244245212525129,0.729261577129364,-3.436757469899021e-05,0.0002184769982704,-0.0038395475130528,0.0097382431849837,0.0112048685550689,32762.0,0.6624579429626483
seeded_ic_v1,14980012,0.013423,0.0246,-1.414326,9.998972,0.715201,0.3075364299999999,adaptive_ramp_v1,18.0,0.08,10.689288139343262,adaptive_brake,0.1588567346334457,-0.0652770027518272,0.5907894372940063,0.3249270617961883,-0.1207668930292129,-0.2408034056425094,-4.166649341583252,3.213855504989624,7.748319149017334,-0.4982243180274963,-22.536142349243164,-2.948204040527344,32505,29935,36465,37525,0.95,qplite_builtin,opp_m3_10000,0,0,10000,0,1.0911999999999973,0.352,0.0690429831440919,0.0112048685550689,0.0154676223173737,0.0244245212525129,0.729261577129364,-3.436757469899021e-05,0.0002184769982704,-0.0038395475130528,0.0097382431849837,0.0112048685550689,32762.0,0.6821126937866211
seeded_ic_v1,14980012,0.013423,0.0246,-1.414326,9.998972,0.715201,0.3075364299999999,adaptive_ramp_v1,18.0,0.08,10.689439296722412,adaptive_brake,0.1588567346334457,-0.0652770027518272,0.5907894372940063,0.3249270617961883,-0.1207668930292129,-0.2408034056425094,-4.169538497924805,3.663743734359741,7.71915340423584,2.850877285003662,-19.03889274597168,-3.3826346397399902,32505,29935,36465,37525,0.95,qplite_builtin,opp_m3_10000,0,0,10000,0,1.0911999999999973,0.352,0.0690429831440919,0.0112048685550689,0.0154676223173737,0.0244245212525129,0.729261577129364,-3.436757469899021e-05,0.0002184769982704,-0.0038395475130528,0.0097382431849837,0.0112048685550689,32762.0,0.6822638511657715
seeded_ic_v1,14980012,0.013423,0.0246,-1.414326,9.998972,0.715201,0.3075364299999999,adaptive_ramp_v1,18.0,0.08,10.689524412155151,adaptive_brake,0.1588567346334457,-0.0652770027518272,0.5907894372940063,0.3249270617961883,-0.1207668930292129,-0.2408034056425094,-4.169538497924805,3.663743734359741,7.71915340423584,2.850877285003662,-19.03889274597168,-3.3826346397399902,32505,30289,36371,37225,0.95,qplite_builtin,opp_m3_10000,0,0,10000,0,1.0911999999999973,0.352,0.0690429831440919,0.0112048685550689,0.0154676223173737,0.0244245212525129,0.729261577129364,-3.436757469899021e-05,0.0002184769982704,-0.0038395475130528,0.0097382431849837,0.0112048685550689,32762.0,0.6823489665985107
seeded_ic_v1,14980012,0.013423,0.0246,-1.414326,9.998972,0.715201,0.3075364299999999,adaptive_ramp_v1,18.0,0.08,10.709189653396606,adaptive_brake,0.1644848436117172,-0.0670946463942527,0.5862780809402466,0.3062871098518371,-0.105707511305809,-0.2319212555885315,-4.169538497924805,3.663743734359741,7.71915340423584,2.850877285003662,-19.03889274597168,-3.3826346397399902,32505,30289,36371,37225,0.95,qplite_builtin,opp_m3_10000,0,0,10000,0,1.0911999999999973,0.352,0.0690429831440919,0.0112048685550689,0.0154676223173737,0.0244245212525129,0.729261577129364,-3.436757469899021e-05,0.0002184769982704,-0.0038395475130528,0.0097382431849837,0.0112048685550689,32762.0,0.7020142078399658
seeded_ic_v1,14980012,0.013423,0.0246,-1.414326,9.998972,0.715201,0.3075364299999999,adaptive_ramp_v1,18.0,0.08,10.709456205368042,adaptive_brake,0.1644848436117172,-0.0670946463942527,0.5862780809402466,0.3062871098518371,-0.105707511305809,-0.2319212555885315,-4.09345006942749,4.0331130027771,7.676370143890381,6.392160892486572,-15.586368560791016,-3.703984260559082,32505,30289,36371,37225,0.95,qplite_builtin,opp_m3_10000,0,0,10000,0,1.0911999999999973,0.352,0.0690429831440919,0.0112048685550689,0.0154676223173737,0.0244245212525129,0.729261577129364,-3.436757469899021e-05,0.0002184769982704,-0.0038395475130528,0.0097382431849837,0.0112048685550689,32762.0,0.7022807598114014
seeded_ic_v1,14980012,0.013423,0.0246,-1.414326,9.998972,0.715201,0.3075364299999999,adaptive_ramp_v1,18.0,0.08,10.709522724151611,adaptive_brake,0.1644848436117172,-0.0670946463942527,0.5862780809402466,0.3062871098518371,-0.105707511305809,-0.2319212555885315,-4.09345006942749,4.0331130027771,7.676370143890381,6.392160892486572,-15.586368560791016,-3.703984260559082,32505,30497,35955,36741,0.95,qplite_builtin,opp_m3_10000,0,0,10000,0,1.0911999999999973,0.352,0.0690429831440919,0.0112048685550689,0.0154676223173737,0.0244245212525129,0.729261577129364,-3.436757469899021e-05,0.0002184769982704,-0.0038395475130528,0.0097382431849837,0.0112048685550689,32762.0,0.7023472785949707
seeded_ic_v1,14980012,0.013423,0.0246,-1.414326,9.998972,0.715201,0.3075364299999999,adaptive_ramp_v1,18.0,0.08,10.729198694229126,adaptive_brake,0.169742614030838,-0.0686379224061966,0.5819084644317627,0.2865234613418579,-0.0912356898188591,-0.2230211049318313,-4.09345006942749,4.0331130027771,7.676370143890381,6.392160892486572,-15.586368560791016,-3.703984260559082,32505,30497,35955,36741,0.95,qplite_builtin,opp_m3_10000,0,0,10000,0,1.0911999999999973,0.352,0.0690429831440919,0.0112048685550689,0.0154676223173737,0.0244245212525129,0.729261577129364,-3.436757469899021e-05,0.0002184769982704,-0.0038395475130528,0.0097382431849837,0.0112048685550689,32762.0,0.7220232486724854
seeded_ic_v1,14980012,0.013423,0.0246,-1.414326,9.998972,0.715201,0.3075364299999999,adaptive_ramp_v1,18.0,0.08,10.729395866394045,adaptive_brake,0.169742614030838,-0.0686379224061966,0.5819084644317627,0.2865234613418579,-0.0912356898188591,-0.2230211049318313,-3.9463436603546143,4.33351993560791,7.622119426727295,9.670089721679688,-12.06828498840332,-3.90667462348938,32505,30497,35955,36741,0.95,qplite_builtin,opp_m3_10000,0,0,10000,0,1.0911999999999973,0.352,0.0690429831440919,0.0112048685550689,0.0154676223173737,0.0244245212525129,0.729261577129364,-3.436757469899021e-05,0.0002184769982704,-0.0038395475130528,0.0097382431849837,0.0112048685550689,32762.0,0.7222204208374041
seeded_ic_v1,14980012,0.013423,0.0246,-1.414326,9.998972,0.715201,0.3075364299999999,adaptive_ramp_v1,18.0,0.08,10.729475259780884,adaptive_brake,0.169742614030838,-0.0686379224061966,0.5819084644317627,0.2865234613418579,-0.0912356898188591,-0.2230211049318313,-3.9463436603546143,4.33351993560791,7.622119426727295,9.670089721679688,-12.06828498840332,-3.90667462348938,32505,30763,35701,36337,0.95,qplite_builtin,opp_m3_10000,0,0,10000,0,1.0911999999999973,0.352,0.0690429831440919,0.0112048685550689,0.0154676223173737,0.0244245212525129,0.729261577129364,-3.436757469899021e-05,0.0002184769982704,-0.0038395475130528,0.0097382431849837,0.0112048685550689,32762.0,0.7222998142242432
seeded_ic_v1,14980012,0.013423,0.0246,-1.414326,9.998972,0.715201,0.3075364299999999,adaptive_ramp_v1,18.0,0.08,10.749171495437622,adaptive_brake,0.1746125966310501,-0.069922998547554,0.5776819586753845,0.2659481167793274,-0.0775872394442558,-0.2143606543540954,-3.9463436603546143,4.33351993560791,7.622119426727295,9.670089721679688,-12.06828498840332,-3.90667462348938,32505,30763,35701,36337,0.95,qplite_builtin,opp_m3_10000,0,0,10000,0,1.0911999999999973,0.352,0.0690429831440919,0.0112048685550689,0.0154676223173737,0.0244245212525129,0.729261577129364,-3.436757469899021e-05,0.0002184769982704,-0.0038395475130528,0.0097382431849837,0.0112048685550689,32762.0,0.7419960498809814
seeded_ic_v1,14980012,0.013423,0.0246,-1.414326,9.998972,0.715201,0.3075364299999999,adaptive_ramp_v1,18.0,0.08,10.749417543411257,adaptive_brake,0.1746125966310501,-0.069922998547554,0.5776819586753845,0.2659481167793274,-0.0775872394442558,-0.2143606543540954,-3.7350025177001953,4.564741611480713,7.558556079864502,12.359281539916992,-8.776769638061523,-4.03044319152832,32505,30763,35701,36337,0.95,qplite_builtin,opp_m3_10000,0,0,10000,0,1.0911999999999973,0.352,0.0690429831440919,0.0112048685550689,0.0154676223173737,0.0244245212525129,0.729261577129364,-3.436757469899021e-05,0.0002184769982704,-0.0038395475130528,0.0097382431849837,0.0112048685550689,32762.0,0.742242097854616
seeded_ic_v1,14980012,0.013423,0.0246,-1.414326,9.998972,0.715201,0.3075364299999999,adaptive_ramp_v1,18.0,0.08,10.749511003494264,adaptive_brake,0.1746125966310501,-0.069922998547554,0.5776819586753845,0.2659481167793274,-0.0775872394442558,-0.2143606543540954,-3.7350025177001953,4.564741611480713,7.558556079864502,12.359281539916992,-8.776769638061523,-4.03044319152832,32505,31275,35927,36151,0.95,qplite_builtin,opp_m3_10000,0,0,10000,0,1.0911999999999973,0.352,0.0690429831440919,0.0112048685550689,0.0154676223173737,0.0244245212525129,0.729261577129364,-3.436757469899021e-05,0.0002184769982704,-0.0038395475130528,0.0097382431849837,0.0112048685550689,32762.0,0.7423355579376238
seeded_ic_v1,14980012,0.013423,0.0246,-1.414326,9.998972,0.715201,0.3075364299999999,adaptive_ramp_v1,18.0,0.08,10.769209384918211,adaptive_brake,0.1790839582681656,-0.0709703564643859,0.5735929012298584,0.2448677122592926,-0.0649658888578414,-0.206224262714386,-3.7350025177001953,4.564741611480713,7.558556079864502,12.359281539916992,-8.776769638061523,-4.03044319152832,32505,31275,35927,36151,0.95,qplite_builtin,opp_m3_10000,0,0,10000,0,1.0911999999999973,0.352,0.0690429831440919,0.0112048685550689,0.0154676223173737,0.0244245212525129,0.729261577129364,-3.436757469899021e-05,0.0002184769982704,-0.0038395475130528,0.0097382431849837,0.0112048685550689,32762.0,0.7620339393615705
seeded_ic_v1,14980012,0.013423,0.0246,-1.414326,9.998972,0.715201,0.3075364299999999,adaptive_ramp_v1,18.0,0.08,10.769481420516968,adaptive_brake,0.1790839582681656,-0.0709703564643859,0.5735929012298584,0.2448677122592926,-0.0649658888578414,-0.206224262714386,-3.4725136756896973,4.73143482208252,7.487908840179443,14.35244846343994,-5.739303588867188,-4.0874199867248535,32505,31275,35927,36151,0.95,qplite_builtin,opp_m3_10000,0,0,10000,0,1.0911999999999973,0.352,0.0690429831440919,0.0112048685550689,0.0154676223173737,0.0244245212525129,0.729261577129364,-3.436757469899021e-05,0.0002184769982704,-0.0038395475130528,0.0097382431849837,0.0112048685550689,32762.0,0.7623059749603271
seeded_ic_v1,14980012,0.013423,0.0246,-1.414326,9.998972,0.715201,0.3075364299999999,adaptive_ramp_v1,18.0,0.08,10.769566059112549,adaptive_brake,0.1790839582681656,-0.0709703564643859,0.5735929012298584,0.2448677122592926,-0.0649658888578414,-0.206224262714386,-3.4725136756896973,4.73143482208252,7.487908840179443,14.35244846343994,-5.739303588867188,-4.0874199867248535,32505,31507,35681,35773,0.95,qplite_builtin,opp_m3_10000,0,0,10000,0,1.0911999999999973,0.352,0.0690429831440919,0.0112048685550689,0.0154676223173737,0.0244245212525129,0.729261577129364,-3.436757469899021e-05,0.0002184769982704,-0.0038395475130528,0.0097382431849837,0.0112048685550689,32762.0,0.7623906135559082
seeded_ic_v1,14980012,0.013423,0.0246,-1.414326,9.998972,0.715201,0.3075364299999999,adaptive_ramp_v1,18.0,0.08,10.78915238380432,adaptive_brake,0.1831517219543457,-0.0718036890029907,0.5696334838867188,0.2235382795333862,-0.0535089485347271,-0.198563665151596,-3.4725136756896973,4.73143482208252,7.487908840179443,14.35244846343994,-5.739303588867188,-4.0874199867248535,32505,31507,35681,35773,0.95,qplite_builtin,opp_m3_10000,0,0,10000,0,1.0911999999999973,0.352,0.0690429831440919,0.0112048685550689,0.0154676223173737,0.0244245212525129,0.729261577129364,-3.436757469899021e-05,0.0002184769982704,-0.0038395475130528,0.0097382431849837,0.0112048685550689,32762.0,0.7819769382476789
seeded_ic_v1,14980012,0.013423,0.0246,-1.414326,9.998972,0.715201,0.3075364299999999,adaptive_ramp_v1,18.0,0.08,10.789386510849,adaptive_brake,0.1831517219543457,-0.0718036890029907,0.5696334838867188,0.2235382795333862,-0.0535089485347271,-0.198563665151596,-3.171713352203369,4.835969924926758,7.41192626953125,15.887636184692385,-2.5494344234466557,-4.025404930114746,32505,31507,35681,35773,0.95,qplite_builtin,opp_m3_10000,0,0,10000,0,1.0911999999999973,0.352,0.0690429831440919,0.0112048685550689,0.0154676223173737,0.0244245212525129,0.729261577129364,-3.436757469899021e-05,0.0002184769982704,-0.0038395475130528,0.0097382431849837,0.0112048685550689,32762.0,0.7822110652923602
seeded_ic_v1,14980012,0.013423,0.0246,-1.414326,9.998972,0.715201,0.3075364299999999,adaptive_ramp_v1,18.0,0.08,10.78947401046753,adaptive_brake,0.1831517219543457,-0.0718036890029907,0.5696334838867188,0.2235382795333862,-0.0535089485347271,-0.198563665151596,-3.171713352203369,4.835969924926758,7.41192626953125,15.887636184692385,-2.5494344234466557,-4.025404930114746,32505,31671,35399,35387,0.95,qplite_builtin,opp_m3_10000,0,0,10000,0,1.0911999999999973,0.352,0.0690429831440919,0.0112048685550689,0.0154676223173737,0.0244245212525129,0.729261577129364,-3.436757469899021e-05,0.0002184769982704,-0.0038395475130528,0.0097382431849837,0.0112048685550689,32762.0,0.7822985649108887
seeded_ic_v1,14980012,0.013423,0.0246,-1.414326,9.998972,0.715201,0.3075364299999999,adaptive_ramp_v1,18.0,0.08,10.809332370758057,adaptive_brake,0.1868159174919128,-0.0724487453699112,0.5657952427864075,0.2022234052419662,-0.0433204136788845,-0.1915314346551895,-3.171713352203369,4.835969924926758,7.41192626953125,15.887636184692385,-2.5494344234466557,-4.025404930114746,32505,31671,35399,35387,0.95,qplite_builtin,opp_m3_10000,0,0,10000,0,1.0911999999999973,0.352,0.0690429831440919,0.0112048685550689,0.0154676223173737,0.0244245212525129,0.729261577129364,-3.436757469899021e-05,0.0002184769982704,-0.0038395475130528,0.0097382431849837,0.0112048685550689,32762.0,0.802156925201416
seeded_ic_v1,14980012,0.013423,0.0246,-1.414326,9.998972,0.715201,0.3075364299999999,adaptive_ramp_v1,18.0,0.08,10.809489727020264,adaptive_brake,0.1868159174919128,-0.0724487453699112,0.5657952427864075,0.2022234052419662,-0.0433204136788845,-0.1915314346551895,-2.842770338058472,4.878242492675781,7.333224773406982,16.85027313232422,0.2494198381900787,-3.9643630981445312,32505,31671,35399,35387,0.95,qplite_builtin,opp_m3_10000,0,0,10000,0,1.0911999999999973,0.352,0.0690429831440919,0.0112048685550689,0.0154676223173737,0.0244245212525129,0.729261577129364,-3.436757469899021e-05,0.0002184769982704,-0.0038395475130528,0.0097382431849837,0.0112048685550689,32762.0,0.802314281463623
seeded_ic_v1,14980012,0.013423,0.0246,-1.414326,9.998972,0.715201,0.3075364299999999,adaptive_ramp_v1,18.0,0.08,10.80956506729126,adaptive_brake,0.1868159174919128,-0.0724487453699112,0.5657952427864075,0.2022234052419662,-0.0433204136788845,-0.1915314346551895,-2.842770338058472,4.878242492675781,7.333224773406982,16.85027313232422,0.2494198381900787,-3.9643630981445312,32505,31805,35065,34975,0.95,qplite_builtin,opp_m3_10000,0,0,10000,0,1.0911999999999973,0.352,0.0690429831440919,0.0112048685550689,0.0154676223173737,0.0244245212525129,0.729261577129364,-3.436757469899021e-05,0.0002184769982704,-0.0038395475130528,0.0097382431849837,0.0112048685550689,32762.0,0.8023896217346191
seeded_ic_v1,14980012,0.013423,0.0246,-1.414326,9.998972,0.715201,0.3075364299999999,adaptive_ramp_v1,18.0,0.08,10.829431056976318,adaptive_brake,0.1900816857814788,-0.0729326605796814,0.5620665550231934,0.1811580061912536,-0.0344600901007652,-0.1851475536823272,-2.842770338058472,4.878242492675781,7.333224773406982,16.85027313232422,0.2494198381900787,-3.9643630981445312,32505,31805,35065,34975,0.95,qplite_builtin,opp_m3_10000,0,0,10000,0,1.0911999999999973,0.352,0.0690429831440919,0.0112048685550689,0.0154676223173737,0.0244245212525129,0.729261577129364,-3.436757469899021e-05,0.0002184769982704,-0.0038395475130528,0.0097382431849837,0.0112048685550689,32762.0,0.8222556114196777
seeded_ic_v1,14980012,0.013423,0.0246,-1.414326,9.998972,0.715201,0.3075364299999999,adaptive_ramp_v1,18.0,0.08,10.829672574996948,adaptive_brake,0.1900816857814788,-0.0729326605796814,0.5620665550231934,0.1811580061912536,-0.0344600901007652,-0.1851475536823272,-2.495612382888794,4.864331245422363,7.253355979919434,17.441099166870117,2.893601417541504,-3.8494837284088135,32505,31805,35065,34975,0.95,qplite_builtin,opp_m3_10000,0,0,10000,0,1.0911999999999973,0.352,0.0690429831440919,0.0112048685550689,0.0154676223173737,0.0244245212525129,0.729261577129364,-3.436757469899021e-05,0.0002184769982704,-0.0038395475130528,0.0097382431849837,0.0112048685550689,32762.0,0.8224971294403076
seeded_ic_v1,14980012,0.013423,0.0246,-1.414326,9.998972,0.715201,0.3075364299999999,adaptive_ramp_v1,18.0,0.08,10.82975149154663,adaptive_brake,0.1900816857814788,-0.0729326605796814,0.5620665550231934,0.1811580061912536,-0.0344600901007652,-0.1851475536823272,-2.495612382888794,4.864331245422363,7.253355979919434,17.441099166870117,2.893601417541504,-3.8494837284088135,32505,31861,34707,34609,0.95,qplite_builtin,opp_m3_10000,0,0,10000,0,1.0911999999999973,0.352,0.0690429831440919,0.0112048685550689,0.0154676223173737,0.0244245212525129,0.729261577129364,-3.436757469899021e-05,0.0002184769982704,-0.0038395475130528,0.0097382431849837,0.0112048685550689,32762.0,0.8225760459899902
seeded_ic_v1,14980012,0.013423,0.0246,-1.414326,9.998972,0.715201,0.3075364299999999,adaptive_ramp_v1,18.0,0.08,10.849207162857056,adaptive_brake,0.1929584592580795,-0.0732829645276069,0.5584369897842407,0.1605520397424698,-0.0269553437829017,-0.1793883442878723,-2.495612382888794,4.864331245422363,7.253355979919434,17.441099166870117,2.893601417541504,-3.8494837284088135,32505,31861,34707,34609,0.95,qplite_builtin,opp_m3_10000,0,0,10000,0,1.0911999999999973,0.352,0.0690429831440919,0.0112048685550689,0.0154676223173737,0.0244245212525129,0.729261577129364,-3.436757469899021e-05,0.0002184769982704,-0.0038395475130528,0.0097382431849837,0.0112048685550689,32762.0,0.842031717300415
seeded_ic_v1,14980012,0.013423,0.0246,-1.414326,9.998972,0.715201,0.3075364299999999,adaptive_ramp_v1,18.0,0.08,10.849353075027466,adaptive_brake,0.1929584592580795,-0.0732829645276069,0.5584369897842407,0.1605520397424698,-0.0269553437829017,-0.1793883442878723,-2.1383485794067383,4.795135974884033,7.173886775970459,17.639772415161133,5.58670711517334,-3.720361709594727,32505,31861,34707,34609,0.95,qplite_builtin,opp_m3_10000,0,0,10000,0,1.0911999999999973,0.352,0.0690429831440919,0.0112048685550689,0.0154676223173737,0.0244245212525129,0.729261577129364,-3.436757469899021e-05,0.0002184769982704,-0.0038395475130528,0.0097382431849837,0.0112048685550689,32762.0,0.8421776294708252
seeded_ic_v1,14980012,0.013423,0.0246,-1.414326,9.998972,0.715201,0.3075364299999999,adaptive_ramp_v1,18.0,0.08,10.84943175315857,adaptive_brake,0.1929584592580795,-0.0732829645276069,0.5584369897842407,0.1605520397424698,-0.0269553437829017,-0.1793883442878723,-2.1383485794067383,4.795135974884033,7.173886775970459,17.639772415161133,5.58670711517334,-3.720361709594727,32505,31867,34299,34235,0.95,qplite_builtin,opp_m3_10000,0,0,10000,0,1.0911999999999973,0.352,0.0690429831440919,0.0112048685550689,0.0154676223173737,0.0244245212525129,0.729261577129364,-3.436757469899021e-05,0.0002184769982704,-0.0038395475130528,0.0097382431849837,0.0112048685550689,32762.0,0.8422563076019287
seeded_ic_v1,14980012,0.013423,0.0246,-1.414326,9.998972,0.715201,0.3075364299999999,adaptive_ramp_v1,18.0,0.08,10.869354248046877,adaptive_brake,0.1954598128795623,-0.0735270828008651,0.5548948645591736,0.1406155228614807,-0.0208070836961269,-0.1743809729814529,-2.1383485794067383,4.795135974884033,7.173886775970459,17.639772415161133,5.58670711517334,-3.720361709594727,32505,31867,34299,34235,0.95,qplite_builtin,opp_m3_10000,0,0,10000,0,1.0911999999999973,0.352,0.0690429831440919,0.0112048685550689,0.0154676223173737,0.0244245212525129,0.729261577129364,-3.436757469899021e-05,0.0002184769982704,-0.0038395475130528,0.0097382431849837,0.0112048685550689,32762.0,0.8621788024902362
seeded_ic_v1,14980012,0.013423,0.0246,-1.414326,9.998972,0.715201,0.3075364299999999,adaptive_ramp_v1,18.0,0.08,10.86951732635498,adaptive_brake,0.1954598128795623,-0.0735270828008651,0.5548948645591736,0.1406155228614807,-0.0208070836961269,-0.1743809729814529,-1.7791974544525146,4.675143241882324,7.095941543579102,17.47249412536621,7.814502716064453,-3.5429608821868896,32505,31867,34299,34235,0.95,qplite_builtin,opp_m3_10000,0,0,10000,0,1.0911999999999973,0.352,0.0690429831440919,0.0112048685550689,0.0154676223173737,0.0244245212525129,0.729261577129364,-3.436757469899021e-05,0.0002184769982704,-0.0038395475130528,0.0097382431849837,0.0112048685550689,32762.0,0.8623418807983398
seeded_ic_v1,14980012,0.013423,0.0246,-1.414326,9.998972,0.715201,0.3075364299999999,adaptive_ramp_v1,18.0,0.08,10.869590282440186,adaptive_brake,0.1954598128795623,-0.0735270828008651,0.5548948645591736,0.1406155228614807,-0.0208070836961269,-0.1743809729814529,-1.7791974544525146,4.675143241882324,7.095941543579102,17.47249412536621,7.814502716064453,-3.5429608821868896,32505,31897,33965,33887,0.95,qplite_builtin,opp_m3_10000,0,0,10000,0,1.0911999999999973,0.352,0.0690429831440919,0.0112048685550689,0.0154676223173737,0.0244245212525129,0.729261577129364,-3.436757469899021e-05,0.0002184769982704,-0.0038395475130528,0.0097382431849837,0.0112048685550689,32762.0,0.8624148368835449
seeded_ic_v1,14980012,0.013423,0.0246,-1.414326,9.998972,0.715201,0.3075364299999999,adaptive_ramp_v1,18.0,0.08,10.88823413848877,adaptive_brake,0.1978454887866974,-0.0737564787268638,0.5512568354606628,0.1212696433067321,-0.0160357989370822,-0.1701279133558273,-1.7791974544525146,4.675143241882324,7.095941543579102,17.47249412536621,7.814502716064453,-3.5429608821868896,32505,31897,33965,33887,0.95,qplite_builtin,opp_m3_10000,0,0,10000,0,1.0911999999999973,0.352,0.0690429831440919,0.0112048685550689,0.0154676223173737,0.0244245212525129,0.729261577129364,-3.436757469899021e-05,0.0002184769982704,-0.0038395475130528,0.0097382431849837,0.0112048685550689,32762.0,0.8810586929321289
seeded_ic_v1,14980012,0.013423,0.0246,-1.414326,9.998972,0.715201,0.3075364299999999,adaptive_ramp_v1,18.0,0.08,10.88850235939026,adaptive_brake,0.1978454887866974,-0.0737564787268638,0.5512568354606628,0.1212696433067321,-0.0160357989370822,-0.1701279133558273,-1.4087624549865725,4.502132415771484,7.01724100112915,16.91958999633789,9.650806427001951,-3.389453887939453,32505,31897,33965,33887,0.95,qplite_builtin,opp_m3_10000,0,0,10000,0,1.0911999999999973,0.352,0.0690429831440919,0.0112048685550689,0.0154676223173737,0.0244245212525129,0.729261577129364,-3.436757469899021e-05,0.0002184769982704,-0.0038395475130528,0.0097382431849837,0.0112048685550689,32762.0,0.8813269138336199
seeded_ic_v1,14980012,0.013423,0.0246,-1.414326,9.998972,0.715201,0.3075364299999999,adaptive_ramp_v1,18.0,0.08,10.88857126235962,adaptive_brake,0.1978454887866974,-0.0737564787268638,0.5512568354606628,0.1212696433067321,-0.0160357989370822,-0.1701279133558273,-1.4087624549865725,4.502132415771484,7.01724100112915,16.91958999633789,9.650806427001951,-3.389453887939453,32505,33229,33277,35015,0.95,qplite_builtin,opp_m3_10000,0,0,10000,0,1.0911999999999973,0.352,0.0690429831440919,0.0112048685550689,0.0154676223173737,0.0244245212525129,0.729261577129364,-3.436757469899021e-05,0.0002184769982704,-0.0038395475130528,0.0097382431849837,0.0112048685550689,32762.0,0.8813958168029785
seeded_ic_v1,14980012,0.013423,0.0246,-1.414326,9.998972,0.715201,0.3075364299999999,adaptive_ramp_v1,18.0,0.08,10.90823531150818,adaptive_brake,0.1994710266590118,-0.0738064646720886,0.5479015111923218,0.1024720445275306,-0.0122659262269735,-0.1668341159820556,-1.4087624549865725,4.502132415771484,7.01724100112915,16.91958999633789,9.650806427001951,-3.389453887939453,32505,33229,33277,35015,0.95,qplite_builtin,opp_m3_10000,0,0,10000,0,1.0911999999999973,0.352,0.0690429831440919,0.0112048685550689,0.0154676223173737,0.0244245212525129,0.729261577129364,-3.436757469899021e-05,0.0002184769982704,-0.0038395475130528,0.0097382431849837,0.0112048685550689,32762.0,0.9010598659515399
seeded_ic_v1,14980012,0.013423,0.0246,-1.414326,9.998972,0.715201,0.3075364299999999,adaptive_ramp_v1,18.0,0.08,10.908484935760498,adaptive_brake,0.1994710266590118,-0.0738064646720886,0.5479015111923218,0.1024720445275306,-0.0122659262269735,-0.1668341159820556,-1.070526361465454,4.301124095916748,6.945962905883789,15.976947784423828,10.886813163757324,-3.2326455116271973,32505,33229,33277,35015,0.95,qplite_builtin,opp_m3_10000,0,0,10000,0,1.0911999999999973,0.352,0.0690429831440919,0.0112048685550689,0.0154676223173737,0.0244245212525129,0.729261577129364,-3.436757469899021e-05,0.0002184769982704,-0.0038395475130528,0.0097382431849837,0.0112048685550689,32762.0,0.9013094902038574
seeded_ic_v1,14980012,0.013423,0.0246,-1.414326,9.998972,0.715201,0.3075364299999999,adaptive_ramp_v1,18.0,0.08,10.908591508865356,adaptive_brake,0.1994710266590118,-0.0738064646720886,0.5479015111923218,0.1024720445275306,-0.0122659262269735,-0.1668341159820556,-1.070526361465454,4.301124095916748,6.945962905883789,15.976947784423828,10.886813163757324,-3.2326455116271973,32505,31855,33217,33201,0.95,qplite_builtin,opp_m3_10000,0,0,10000,0,1.0911999999999973,0.352,0.0690429831440919,0.0112048685550689,0.0154676223173737,0.0244245212525129,0.729261577129364,-3.436757469899021e-05,0.0002184769982704,-0.0038395475130528,0.0097382431849837,0.0112048685550689,32762.0,0.9014160633087158
seeded_ic_v1,14980012,0.013423,0.0246,-1.414326,9.998972,0.715201,0.3075364299999999,adaptive_ramp_v1,18.0,0.08,10.928405523300173,adaptive_brake,0.201044276356697,-0.0739179626107215,0.5445324182510376,0.0860449373722076,-0.0101218791678547,-0.1651348173618316,-1.070526361465454,4.301124095916748,6.945962905883789,15.976947784423828,10.886813163757324,-3.2326455116271973,32505,31855,33217,33201,0.95,qplite_builtin,opp_m3_10000,0,0,10000,0,1.0911999999999973,0.352,0.0690429831440919,0.0112048685550689,0.0154676223173737,0.0244245212525129,0.729261577129364,-3.436757469899021e-05,0.0002184769982704,-0.0038395475130528,0.0097382431849837,0.0112048685550689,32762.0,0.921230077743532
seeded_ic_v1,14980012,0.013423,0.0246,-1.414326,9.998972,0.715201,0.3075364299999999,adaptive_ramp_v1,18.0,0.08,10.928571701049805,adaptive_brake,0.201044276356697,-0.0739179626107215,0.5445324182510376,0.0860449373722076,-0.0101218791678547,-0.1651348173618316,-0.7545138597488403,4.07957124710083,6.878323078155518,14.755138397216797,11.673693656921388,-3.1127443313598637,32505,31855,33217,33201,0.95,qplite_builtin,opp_m3_10000,0,0,10000,0,1.0911999999999973,0.352,0.0690429831440919,0.0112048685550689,0.0154676223173737,0.0244245212525129,0.729261577129364,-3.436757469899021e-05,0.0002184769982704,-0.0038395475130528,0.0097382431849837,0.0112048685550689,32762.0,0.9213962554931641
seeded_ic_v1,14980012,0.013423,0.0246,-1.414326,9.998972,0.715201,0.3075364299999999,adaptive_ramp_v1,18.0,0.08,10.9286208152771,adaptive_brake,0.201044276356697,-0.0739179626107215,0.5445324182510376,0.0860449373722076,-0.0101218791678547,-0.1651348173618316,-0.7545138597488403,4.07957124710083,6.878323078155518,14.755138397216797,11.673693656921388,-3.1127443313598637,32505,33343,33069,34381,0.95,qplite_builtin,opp_m3_10000,0,0,10000,0,1.0911999999999973,0.352,0.0690429831440919,0.0112048685550689,0.0154676223173737,0.0244245212525129,0.729261577129364,-3.436757469899021e-05,0.0002184769982704,-0.0038395475130528,0.0097382431849837,0.0112048685550689,32762.0,0.921445369720459
seeded_ic_v1,14980012,0.013423,0.0246,-1.414326,9.998972,0.715201,0.3075364299999999,adaptive_ramp_v1,18.0,0.08,10.948315858840942,adaptive_brake,0.2022047638893127,-0.0739787220954895,0.5411862730979919,0.0701738744974136,-0.0088557163253426,-0.1640198826789856,-0.7545138597488403,4.07957124710083,6.878323078155518,14.755138397216797,11.673693656921388,-3.1127443313598637,32505,33343,33069,34381,0.95,qplite_builtin,opp_m3_10000,0,0,10000,0,1.0911999999999973,0.352,0.0690429831440919,0.0112048685550689,0.0154676223173737,0.0244245212525129,0.729261577129364,-3.436757469899021e-05,0.0002184769982704,-0.0038395475130528,0.0097382431849837,0.0112048685550689,32762.0,0.9411404132843018
seeded_ic_v1,14980012,0.013423,0.0246,-1.414326,9.998972,0.715201,0.3075364299999999,adaptive_ramp_v1,18.0,0.08,10.948492288589478,adaptive_brake,0.2022047638893127,-0.0739787220954895,0.5411862730979919,0.0701738744974136,-0.0088557163253426,-0.1640198826789856,-0.4636705815792084,3.838778257369995,6.814406871795654,13.423884391784668,12.95026683807373,-2.928841114044189,32505,33343,33069,34381,0.95,qplite_builtin,opp_m3_10000,0,0,10000,0,1.0911999999999973,0.352,0.0690429831440919,0.0112048685550689,0.0154676223173737,0.0244245212525129,0.729261577129364,-3.436757469899021e-05,0.0002184769982704,-0.0038395475130528,0.0097382431849837,0.0112048685550689,32762.0,0.9413168430328369
seeded_ic_v1,14980012,0.013423,0.0246,-1.414326,9.998972,0.715201,0.3075364299999999,adaptive_ramp_v1,18.0,0.08,10.94854974746704,adaptive_brake,0.2022047638893127,-0.0739787220954895,0.5411862730979919,0.0701738744974136,-0.0088557163253426,-0.1640198826789856,-0.4636705815792084,3.838778257369995,6.814406871795654,13.423884391784668,12.95026683807373,-2.928841114044189,32505,33157,32779,34081,0.95,qplite_builtin,opp_m3_10000,0,0,10000,0,1.0911999999999973,0.352,0.0690429831440919,0.0112048685550689,0.0154676223173737,0.0244245212525129,0.729261577129364,-3.436757469899021e-05,0.0002184769982704,-0.0038395475130528,0.0097382431849837,0.0112048685550689,32762.0,0.9413743019103986
seeded_ic_v1,14980012,0.013423,0.0246,-1.414326,9.998972,0.715201,0.3075364299999999,adaptive_ramp_v1,18.0,0.08,10.968220710754396,adaptive_brake,0.203103557229042,-0.0740516558289527,0.5378401279449463,0.0555023550987243,-0.0085702473297715,-0.1633701473474502,-0.4636705815792084,3.838778257369995,6.814406871795654,13.423884391784668,12.95026683807373,-2.928841114044189,32505,33157,32779,34081,0.95,qplite_builtin,opp_m3_10000,0,0,10000,0,1.0911999999999973,0.352,0.0690429831440919,0.0112048685550689,0.0154676223173737,0.0244245212525129,0.729261577129364,-3.436757469899021e-05,0.0002184769982704,-0.0038395475130528,0.0097382431849837,0.0112048685550689,32762.0,0.9610452651977557
seeded_ic_v1,14980012,0.013423,0.0246,-1.414326,9.998972,0.715201,0.3075364299999999,adaptive_ramp_v1,18.0,0.08,10.968361616134644,adaptive_brake,0.203103557229042,-0.0740516558289527,0.5378401279449463,0.0555023550987243,-0.0085702473297715,-0.1633701473474502,-0.1999080926179886,3.5720763206481934,6.755014896392822,12.081387519836426,14.18899917602539,-2.8048112392425537,32505,33157,32779,34081,0.95,qplite_builtin,opp_m3_10000,0,0,10000,0,1.0911999999999973,0.352,0.0690429831440919,0.0112048685550689,0.0154676223173737,0.0244245212525129,0.729261577129364,-3.436757469899021e-05,0.0002184769982704,-0.0038395475130528,0.0097382431849837,0.0112048685550689,32762.0,0.9611861705780029
seeded_ic_v1,14980012,0.013423,0.0246,-1.414326,9.998972,0.715201,0.3075364299999999,adaptive_ramp_v1,18.0,0.08,10.968430995941162,adaptive_brake,0.203103557229042,-0.0740516558289527,0.5378401279449463,0.0555023550987243,-0.0085702473297715,-0.1633701473474502,-0.1999080926179886,3.5720763206481934,6.755014896392822,12.081387519836426,14.18899917602539,-2.8048112392425537,32505,31743,32461,32521,0.95,qplite_builtin,opp_m3_10000,0,0,10000,0,1.0911999999999973,0.352,0.0690429831440919,0.0112048685550689,0.0154676223173737,0.0244245212525129,0.729261577129364,-3.436757469899021e-05,0.0002184769982704,-0.0038395475130528,0.0097382431849837,0.0112048685550689,32762.0,0.9612555503845215
seeded_ic_v1,14980012,0.013423,0.0246,-1.414326,9.998972,0.715201,0.3075364299999999,adaptive_ramp_v1,18.0,0.08,10.988259553909302,adaptive_brake,0.2037650048732757,-0.0741528049111366,0.5344800353050232,0.0421350859105587,-0.009145644493401,-0.1638181209564209,-0.1999080926179886,3.5720763206481934,6.755014896392822,12.081387519836426,14.18899917602539,-2.8048112392425537,32505,31743,32461,32521,0.95,qplite_builtin,opp_m3_10000,0,0,10000,0,1.0911999999999973,0.352,0.0690429831440919,0.0112048685550689,0.0154676223173737,0.0244245212525129,0.729261577129364,-3.436757469899021e-05,0.0002184769982704,-0.0038395475130528,0.0097382431849837,0.0112048685550689,32762.0,0.9810841083526611
seeded_ic_v1,14980012,0.013423,0.0246,-1.414326,9.998972,0.715201,0.3075364299999999,adaptive_ramp_v1,18.0,0.08,10.988417863845823,adaptive_brake,0.2037650048732757,-0.0741528049111366,0.5344800353050232,0.0421350859105587,-0.009145644493401,-0.1638181209564209,0.0358676575124263,3.281400203704834,6.699056148529053,10.610851287841797,15.168685913085938,-2.7467198371887207,32505,31743,32461,32521,0.95,qplite_builtin,opp_m3_10000,0,0,10000,0,1.0911999999999973,0.352,0.0690429831440919,0.0112048685550689,0.0154676223173737,0.0244245212525129,0.729261577129364,-3.436757469899021e-05,0.0002184769982704,-0.0038395475130528,0.0097382431849837,0.0112048685550689,32762.0,0.9812424182891828
seeded_ic_v1,14980012,0.013423,0.0246,-1.414326,9.998972,0.715201,0.3075364299999999,adaptive_ramp_v1,18.0,0.08,10.988486528396606,adaptive_brake,0.2037650048732757,-0.0741528049111366,0.5344800353050232,0.0421350859105587,-0.009145644493401,-0.1638181209564209,0.0358676575124263,3.281400203704834,6.699056148529053,10.610851287841797,15.168685913085938,-2.7467198371887207,32505,32815,32177,33493,0.95,qplite_builtin,opp_m3_10000,0,0,10000,0,1.0911999999999973,0.352,0.0690429831440919,0.0112048685550689,0.0154676223173737,0.0244245212525129,0.729261577129364,-3.436757469899021e-05,0.0002184769982704,-0.0038395475130528,0.0097382431849837,0.0112048685550689,32762.0,0.9813110828399658
seeded_ic_v1,14980012,0.013423,0.0246,-1.414326,9.998972,0.715201,0.3075364299999999,adaptive_ramp_v1,18.0,0.08,11.008111715316772,adaptive_brake,0.2042147517204284,-0.074295550584793,0.5310862064361572,0.0301163624972105,-0.0104585122317075,-0.1653302311897277,0.0358676575124263,3.281400203704834,6.699056148529053,10.610851287841797,15.168685913085938,-2.7467198371887207,32505,32815,32177,33493,0.95,qplite_builtin,opp_m3_10000,0,0,10000,0,1.0911999999999973,0.352,0.0690429831440919,0.0112048685550689,0.0154676223173737,0.0244245212525129,0.729261577129364,-3.436757469899021e-05,0.0002184769982704,-0.0038395475130528,0.0097382431849837,0.0112048685550689,32762.0,1.0009362697601318
seeded_ic_v1,14980012,0.013423,0.0246,-1.414326,9.998972,0.715201,0.3075364299999999,adaptive_ramp_v1,18.0,0.08,11.00839352607727,adaptive_brake,0.2042147517204284,-0.074295550584793,0.5310862064361572,0.0301163624972105,-0.0104585122317075,-0.1653302311897277,0.2406289726495742,2.973658800125122,6.645244598388672,9.01400089263916,15.79103660583496,-2.6847777366638184,32505,32815,32177,33493,0.95,qplite_builtin,opp_m3_10000,0,0,10000,0,1.0911999999999973,0.352,0.0690429831440919,0.0112048685550689,0.0154676223173737,0.0244245212525129,0.729261577129364,-3.436757469899021e-05,0.0002184769982704,-0.0038395475130528,0.0097382431849837,0.0112048685550689,32762.0,1.0012180805206299
seeded_ic_v1,14980012,0.013423,0.0246,-1.414326,9.998972,0.715201,0.3075364299999999,adaptive_ramp_v1,18.0,0.08,11.00849723815918,adaptive_brake,0.2042147517204284,-0.074295550584793,0.5310862064361572,0.0301163624972105,-0.0104585122317075,-0.1653302311897277,0.2406289726495742,2.973658800125122,6.645244598388672,9.01400089263916,15.79103660583496,-2.6847777366638184,32505,31569,31943,32181,0.95,qplite_builtin,opp_m3_10000,0,0,10000,0,1.0911999999999973,0.352,0.0690429831440919,0.0112048685550689,0.0154676223173737,0.0244245212525129,0.729261577129364,-3.436757469899021e-05,0.0002184769982704,-0.0038395475130528,0.0097382431849837,0.0112048685550689,32762.0,1.001321792602539
seeded_ic_v1,14980012,0.013423,0.0246,-1.414326,9.998972,0.715201,0.3075364299999999,adaptive_ramp_v1,18.0,0.08,11.028169393539429,adaptive_brake,0.2044787257909774,-0.0744905993342399,0.5276417136192322,0.0194573961198329,-0.0123816970735788,-0.1677170693874359,0.2406289726495742,2.973658800125122,6.645244598388672,9.01400089263916,15.79103660583496,-2.6847777366638184,32505,31569,31943,32181,0.95,qplite_builtin,opp_m3_10000,0,0,10000,0,1.0911999999999973,0.352,0.0690429831440919,0.0112048685550689,0.0154676223173737,0.0244245212525129,0.729261577129364,-3.436757469899021e-05,0.0002184769982704,-0.0038395475130528,0.0097382431849837,0.0112048685550689,32762.0,1.020993947982788
seeded_ic_v1,14980012,0.013423,0.0246,-1.414326,9.998972,0.715201,0.3075364299999999,adaptive_ramp_v1,18.0,0.08,11.028435468673706,adaptive_brake,0.2044787257909774,-0.0744905993342399,0.5276417136192322,0.0194573961198329,-0.0123816970735788,-0.1677170693874359,0.4124894440174103,2.65483021736145,6.593297958374023,7.314597129821777,16.116737365722656,-2.685544013977051,32505,31569,31943,32181,0.95,qplite_builtin,opp_m3_10000,0,0,10000,0,1.0911999999999973,0.352,0.0690429831440919,0.0112048685550689,0.0154676223173737,0.0244245212525129,0.729261577129364,-3.436757469899021e-05,0.0002184769982704,-0.0038395475130528,0.0097382431849837,0.0112048685550689,32762.0,1.0212600231170654
seeded_ic_v1,14980012,0.013423,0.0246,-1.414326,9.998972,0.715201,0.3075364299999999,adaptive_ramp_v1,18.0,0.08,11.02850890159607,adaptive_brake,0.2044787257909774,-0.0744905993342399,0.5276417136192322,0.0194573961198329,-0.0123816970735788,-0.1677170693874359,0.4124894440174103,2.65483021736145,6.593297958374023,7.314597129821777,16.116737365722656,-2.685544013977051,32505,32617,31775,33165,0.95,qplite_builtin,opp_m3_10000,0,0,10000,0,1.0911999999999973,0.352,0.0690429831440919,0.0112048685550689,0.0154676223173737,0.0244245212525129,0.729261577129364,-3.436757469899021e-05,0.0002184769982704,-0.0038395475130528,0.0097382431849837,0.0112048685550689,32762.0,1.0213334560394287
seeded_ic_v1,14980012,0.013423,0.0246,-1.414326,9.998972,0.715201,0.3075364299999999,adaptive_ramp_v1,18.0,0.08,11.050161123275757,adaptive_brake,0.204547569155693,-0.0747566670179367,0.5239630341529846,0.0095397364348173,-0.0148867359384894,-0.1709994077682495,0.4124894440174103,2.65483021736145,6.593297958374023,7.314597129821777,16.116737365722656,-2.685544013977051,32505,32617,31775,33165,0.95,qplite_builtin,opp_m3_10000,0,0,10000,0,1.0911999999999973,0.352,0.0690429831440919,0.0112048685550689,0.0154676223173737,0.0244245212525129,0.729261577129364,-3.436757469899021e-05,0.0002184769982704,-0.0038395475130528,0.0097382431849837,0.0112048685550689,32762.0,1.0429856777191162
seeded_ic_v1,14980012,0.013423,0.0246,-1.414326,9.998972,0.715201,0.3075364299999999,adaptive_ramp_v1,18.0,0.08,11.050410509109495,adaptive_brake,0.204547569155693,-0.0747566670179367,0.5239630341529846,0.0095397364348173,-0.0148867359384894,-0.1709994077682495,0.5552910566329956,2.3151113986968994,6.539734363555908,5.449427604675293,16.174285888671875,-2.685546398162842,32505,32617,31775,33165,0.95,qplite_builtin,opp_m3_10000,0,0,10000,0,1.0911999999999973,0.352,0.0690429831440919,0.0112048685550689,0.0154676223173737,0.0244245212525129,0.729261577129364,-3.436757469899021e-05,0.0002184769982704,-0.0038395475130528,0.0097382431849837,0.0112048685550689,32762.0,1.0432350635528547
seeded_ic_v1,14980012,0.013423,0.0246,-1.414326,9.998972,0.715201,0.3075364299999999,adaptive_ramp_v1,18.0,0.08,11.05047869682312,adaptive_brake,0.204547569155693,-0.0747566670179367,0.5239630341529846,0.0095397364348173,-0.0148867359384894,-0.1709994077682495,0.5552910566329956,2.3151113986968994,6.539734363555908,5.449427604675293,16.174285888671875,-2.685546398162842,32505,31619,31749,31977,0.95,qplite_builtin,opp_m3_10000,0,0,10000,0,1.0911999999999973,0.352,0.0690429831440919,0.0112048685550689,0.0154676223173737,0.0244245212525129,0.729261577129364,-3.436757469899021e-05,0.0002184769982704,-0.0038395475130528,0.0097382431849837,0.0112048685550689,32762.0,1.0433032512664795
seeded_ic_v1,14980012,0.013423,0.0246,-1.414326,9.998972,0.715201,0.3075364299999999,adaptive_ramp_v1,18.0,0.08,11.070183038711548,adaptive_brake,0.2045157700777053,-0.0750806033611297,0.5204097628593445,0.0016488395631313,-0.0176520906388759,-0.1745791882276535,0.5552910566329956,2.3151113986968994,6.539734363555908,5.449427604675293,16.174285888671875,-2.685546398162842,32505,31619,31749,31977,0.95,qplite_builtin,opp_m3_10000,0,0,10000,0,1.0911999999999973,0.352,0.0690429831440919,0.0112048685550689,0.0154676223173737,0.0244245212525129,0.729261577129364,-3.436757469899021e-05,0.0002184769982704,-0.0038395475130528,0.0097382431849837,0.0112048685550689,32762.0,1.0630075931549072
seeded_ic_v1,14980012,0.013423,0.0246,-1.414326,9.998972,0.715201,0.3075364299999999,adaptive_ramp_v1,18.0,0.08,11.070406198501589,adaptive_brake,0.2045157700777053,-0.0750806033611297,0.5204097628593445,0.0016488395631313,-0.0176520906388759,-0.1745791882276535,0.6553460359573364,1.9911153316497805,6.489419460296631,3.801658153533936,16.110286712646484,-2.685546398162842,32505,31619,31749,31977,0.95,qplite_builtin,opp_m3_10000,0,0,10000,0,1.0911999999999973,0.352,0.0690429831440919,0.0112048685550689,0.0154676223173737,0.0244245212525129,0.729261577129364,-3.436757469899021e-05,0.0002184769982704,-0.0038395475130528,0.0097382431849837,0.0112048685550689,32762.0,1.063230752944948
seeded_ic_v1,14980012,0.013423,0.0246,-1.414326,9.998972,0.715201,0.3075364299999999,adaptive_ramp_v1,18.0,0.08,11.070495128631592,adaptive_brake,0.2045157700777053,-0.0750806033611297,0.5204097628593445,0.0016488395631313,-0.0176520906388759,-0.1745791882276535,0.6553460359573364,1.9911153316497805,6.489419460296631,3.801658153533936,16.110286712646484,-2.685546398162842,32505,32437,31455,33001,0.95,qplite_builtin,opp_m3_10000,0,0,10000,0,1.0911999999999973,0.352,0.0690429831440919,0.0112048685550689,0.0154676223173737,0.0244245212525129,0.729261577129364,-3.436757469899021e-05,0.0002184769982704,-0.0038395475130528,0.0097382431849837,0.0112048685550689,32762.0,1.0633196830749512
seeded_ic_v1,14980012,0.013423,0.0246,-1.414326,9.998972,0.715201,0.3075364299999999,adaptive_ramp_v1,18.0,0.08,11.090276956558228,adaptive_brake,0.2043763399124145,-0.07547277957201,0.516770601272583,-0.004936505574733,-0.0206347368657588,-0.1786806136369705,0.6553460359573364,1.9911153316497805,6.489419460296631,3.801658153533936,16.110286712646484,-2.685546398162842,32505,32437,31455,33001,0.95,qplite_builtin,opp_m3_10000,0,0,10000,0,1.0911999999999973,0.352,0.0690429831440919,0.0112048685550689,0.0154676223173737,0.0244245212525129,0.729261577129364,-3.436757469899021e-05,0.0002184769982704,-0.0038395475130528,0.0097382431849837,0.0112048685550689,32762.0,1.083101511001587
seeded_ic_v1,14980012,0.013423,0.0246,-1.414326,9.998972,0.715201,0.3075364299999999,adaptive_ramp_v1,18.0,0.08,11.09043025970459,adaptive_brake,0.2043763399124145,-0.07547277957201,0.516770601272583,-0.004936505574733,-0.0206347368657588,-0.1786806136369705,0.7223392724990845,1.670875906944275,6.439539909362793,2.245528221130371,15.554975509643556,-2.685546398162842,32505,32437,31455,33001,0.95,qplite_builtin,opp_m3_10000,0,0,10000,0,1.0911999999999973,0.352,0.0690429831440919,0.0112048685550689,0.0154676223173737,0.0244245212525129,0.729261577129364,-3.436757469899021e-05,0.0002184769982704,-0.0038395475130528,0.0097382431849837,0.0112048685550689,32762.0,1.0832548141479492
seeded_ic_v1,14980012,0.013423,0.0246,-1.414326,9.998972,0.715201,0.3075364299999999,adaptive_ramp_v1,18.0,0.08,11.09049654006958,adaptive_brake,0.2043763399124145,-0.07547277957201,0.516770601272583,-0.004936505574733,-0.0206347368657588,-0.1786806136369705,0.7223392724990845,1.670875906944275,6.439539909362793,2.245528221130371,15.554975509643556,-2.685546398162842,32505,31439,31437,31889,0.95,qplite_builtin,opp_m3_10000,0,0,10000,0,1.0911999999999973,0.352,0.0690429831440919,0.0112048685550689,0.0154676223173737,0.0244245212525129,0.729261577129364,-3.436757469899021e-05,0.0002184769982704,-0.0038395475130528,0.0097382431849837,0.0112048685550689,32762.0,1.0833210945129395
seeded_ic_v1,14980012,0.013423,0.0246,-1.414326,9.998972,0.715201,0.3075364299999999,adaptive_ramp_v1,18.0,0.08,11.11040186882019,adaptive_brake,0.2041521370410919,-0.0759335756301879,0.5130376815795898,-0.0102688279002904,-0.023717176169157,-0.1833236962556839,0.7223392724990845,1.670875906944275,6.439539909362793,2.245528221130371,15.554975509643556,-2.685546398162842,32505,31439,31437,31889,0.95,qplite_builtin,opp_m3_10000,0,0,10000,0,1.0911999999999973,0.352,0.0690429831440919,0.0112048685550689,0.0154676223173737,0.0244245212525129,0.729261577129364,-3.436757469899021e-05,0.0002184769982704,-0.0038395475130528,0.0097382431849837,0.0112048685550689,32762.0,1.1032264232635498
seeded_ic_v1,14980012,0.013423,0.0246,-1.414326,9.998972,0.715201,0.3075364299999999,adaptive_ramp_v1,18.0,0.08,11.110573053359984,adaptive_brake,0.2041521370410919,-0.0759335756301879,0.5130376815795898,-0.0102688279002904,-0.023717176169157,-0.1833236962556839,0.7593318819999695,1.3650639057159424,6.390400409698486,0.8362003564834595,14.644466400146484,-2.6244192123413086,32505,31439,31437,31889,0.95,qplite_builtin,opp_m3_10000,0,0,10000,0,1.0911999999999973,0.352,0.0690429831440919,0.0112048685550689,0.0154676223173737,0.0244245212525129,0.729261577129364,-3.436757469899021e-05,0.0002184769982704,-0.0038395475130528,0.0097382431849837,0.0112048685550689,32762.0,1.103397607803343
seeded_ic_v1,14980012,0.013423,0.0246,-1.414326,9.998972,0.715201,0.3075364299999999,adaptive_ramp_v1,18.0,0.08,11.110669136047363,adaptive_brake,0.2041521370410919,-0.0759335756301879,0.5130376815795898,-0.0102688279002904,-0.023717176169157,-0.1833236962556839,0.7593318819999695,1.3650639057159424,6.390400409698486,0.8362003564834595,14.644466400146484,-2.6244192123413086,32505,32483,31435,32883,0.95,qplite_builtin,opp_m3_10000,0,0,10000,0,1.0911999999999973,0.352,0.0690429831440919,0.0112048685550689,0.0154676223173737,0.0244245212525129,0.729261577129364,-3.436757469899021e-05,0.0002184769982704,-0.0038395475130528,0.0097382431849837,0.0112048685550689,32762.0,1.1034936904907227
seeded_ic_v1,14980012,0.013423,0.0246,-1.414326,9.998972,0.715201,0.3075364299999999,adaptive_ramp_v1,18.0,0.08,11.130224704742432,adaptive_brake,0.2038711756467819,-0.0764581784605979,0.5092085003852844,-0.0144119933247566,-0.0267955940216779,-0.1882409304380417,0.7593318819999695,1.3650639057159424,6.390400409698486,0.8362003564834595,14.644466400146484,-2.6244192123413086,32505,32483,31435,32883,0.95,qplite_builtin,opp_m3_10000,0,0,10000,0,1.0911999999999973,0.352,0.0690429831440919,0.0112048685550689,0.0154676223173737,0.0244245212525129,0.729261577129364,-3.436757469899021e-05,0.0002184769982704,-0.0038395475130528,0.0097382431849837,0.0112048685550689,32762.0,1.123049259185791
seeded_ic_v1,14980012,0.013423,0.0246,-1.414326,9.998972,0.715201,0.3075364299999999,adaptive_ramp_v1,18.0,0.08,11.130457878112791,adaptive_brake,0.2038711756467819,-0.0764581784605979,0.5092085003852844,-0.0144119933247566,-0.0267955940216779,-0.1882409304380417,0.7685565948486328,1.076143503189087,6.341749668121338,-0.3230190277099609,13.984328269958496,-2.624509334564209,32505,32483,31435,32883,0.95,qplite_builtin,opp_m3_10000,0,0,10000,0,1.0911999999999973,0.352,0.0690429831440919,0.0112048685550689,0.0154676223173737,0.0244245212525129,0.729261577129364,-3.436757469899021e-05,0.0002184769982704,-0.0038395475130528,0.0097382431849837,0.0112048685550689,32762.0,1.1232824325561506
seeded_ic_v1,14980012,0.013423,0.0246,-1.414326,9.998972,0.715201,0.3075364299999999,adaptive_ramp_v1,18.0,0.08,11.130539655685425,adaptive_brake,0.2038711756467819,-0.0764581784605979,0.5092085003852844,-0.0144119933247566,-0.0267955940216779,-0.1882409304380417,0.7685565948486328,1.076143503189087,6.341749668121338,-0.3230190277099609,13.984328269958496,-2.624509334564209,32505,32399,31449,33001,0.95,qplite_builtin,opp_m3_10000,0,0,10000,0,1.0911999999999973,0.352,0.0690429831440919,0.0112048685550689,0.0154676223173737,0.0244245212525129,0.729261577129364,-3.436757469899021e-05,0.0002184769982704,-0.0038395475130528,0.0097382431849837,0.0112048685550689,32762.0,1.1233642101287842
seeded_ic_v1,14980012,0.013423,0.0246,-1.414326,9.998972,0.715201,0.3075364299999999,adaptive_ramp_v1,18.0,0.08,11.150274276733398,adaptive_brake,0.2035329788923263,-0.0770493373274803,0.5052765607833862,-0.0175279974937438,-0.0297920908778905,-0.1931952089071273,0.7685565948486328,1.076143503189087,6.341749668121338,-0.3230190277099609,13.984328269958496,-2.624509334564209,32505,32399,31449,33001,0.95,qplite_builtin,opp_m3_10000,0,0,10000,0,1.0911999999999973,0.352,0.0690429831440919,0.0112048685550689,0.0154676223173737,0.0244245212525129,0.729261577129364,-3.436757469899021e-05,0.0002184769982704,-0.0038395475130528,0.0097382431849837,0.0112048685550689,32762.0,1.1430988311767578
seeded_ic_v1,14980012,0.013423,0.0246,-1.414326,9.998972,0.715201,0.3075364299999999,adaptive_ramp_v1,18.0,0.08,11.150439262390137,adaptive_brake,0.2035329788923263,-0.0770493373274803,0.5052765607833862,-0.0175279974937438,-0.0297920908778905,-0.1931952089071273,0.75742107629776,0.7999480366706848,6.293010711669922,-1.0438413619995115,13.318331718444824,-2.5611772537231445,32505,32399,31449,33001,0.95,qplite_builtin,opp_m3_10000,0,0,10000,0,1.0911999999999973,0.352,0.0690429831440919,0.0112048685550689,0.0154676223173737,0.0244245212525129,0.729261577129364,-3.436757469899021e-05,0.0002184769982704,-0.0038395475130528,0.0097382431849837,0.0112048685550689,32762.0,1.143263816833496
seeded_ic_v1,14980012,0.013423,0.0246,-1.414326,9.998972,0.715201,0.3075364299999999,adaptive_ramp_v1,18.0,0.08,11.150508403778076,adaptive_brake,0.2035329788923263,-0.0770493373274803,0.5052765607833862,-0.0175279974937438,-0.0297920908778905,-0.1931952089071273,0.75742107629776,0.7999480366706848,6.293010711669922,-1.0438413619995115,13.318331718444824,-2.5611772537231445,32505,31315,31419,31995,0.95,qplite_builtin,opp_m3_10000,0,0,10000,0,1.0911999999999973,0.352,0.0690429831440919,0.0112048685550689,0.0154676223173737,0.0244245212525129,0.729261577129364,-3.436757469899021e-05,0.0002184769982704,-0.0038395475130528,0.0097382431849837,0.0112048685550689,32762.0,1.1433329582214355
seeded_ic_v1,14980012,0.013423,0.0246,-1.414326,9.998972,0.715201,0.3075364299999999,adaptive_ramp_v1,18.0,0.08,11.170177936553957,adaptive_brake,0.2031706571578979,-0.077700063586235,0.5012480020523071,-0.0196173880249261,-0.0326413139700889,-0.1981571763753891,0.75742107629776,0.7999480366706848,6.293010711669922,-1.0438413619995115,13.318331718444824,-2.5611772537231445,32505,31315,31419,31995,0.95,qplite_builtin,opp_m3_10000,0,0,10000,0,1.0911999999999973,0.352,0.0690429831440919,0.0112048685550689,0.0154676223173737,0.0244245212525129,0.729261577129364,-3.436757469899021e-05,0.0002184769982704,-0.0038395475130528,0.0097382431849837,0.0112048685550689,32762.0,1.1630024909973162
seeded_ic_v1,14980012,0.013423,0.0246,-1.414326,9.998972,0.715201,0.3075364299999999,adaptive_ramp_v1,18.0,0.08,11.170464992523192,adaptive_brake,0.2031706571578979,-0.077700063586235,0.5012480020523071,-0.0196173880249261,-0.0326413139700889,-0.1981571763753891,0.7349663376808167,0.5382136106491089,6.24514102935791,-1.333878993988037,12.479602813720703,-2.5634710788726807,32505,31315,31419,31995,0.95,qplite_builtin,opp_m3_10000,0,0,10000,0,1.0911999999999973,0.352,0.0690429831440919,0.0112048685550689,0.0154676223173737,0.0244245212525129,0.729261577129364,-3.436757469899021e-05,0.0002184769982704,-0.0038395475130528,0.0097382431849837,0.0112048685550689,32762.0,1.163289546966551
seeded_ic_v1,14980012,0.013423,0.0246,-1.414326,9.998972,0.715201,0.3075364299999999,adaptive_ramp_v1,18.0,0.08,11.170562744140623,adaptive_brake,0.2031706571578979,-0.077700063586235,0.5012480020523071,-0.0196173880249261,-0.0326413139700889,-0.1981571763753891,0.7349663376808167,0.5382136106491089,6.24514102935791,-1.333878993988037,12.479602813720703,-2.5634710788726807,32505,32277,31321,32971,0.95,qplite_builtin,opp_m3_10000,0,0,10000,0,1.0911999999999973,0.352,0.0690429831440919,0.0112048685550689,0.0154676223173737,0.0244245212525129,0.729261577129364,-3.436757469899021e-05,0.0002184769982704,-0.0038395475130528,0.0097382431849837,0.0112048685550689,32762.0,1.1633872985839826
seeded_ic_v1,14980012,0.013423,0.0246,-1.414326,9.998972,0.715201,0.3075364299999999,adaptive_ramp_v1,18.0,0.08,11.189207553863524,adaptive_brake,0.2027804851531982,-0.078440248966217,0.4969192743301391,-0.0208038929849863,-0.0354358069598674,-0.2035228312015533,0.7349663376808167,0.5382136106491089,6.24514102935791,-1.333878993988037,12.479602813720703,-2.5634710788726807,32505,32277,31321,32971,0.95,qplite_builtin,opp_m3_10000,0,0,10000,0,1.0911999999999973,0.352,0.0690429831440919,0.0112048685550689,0.0154676223173737,0.0244245212525129,0.729261577129364,-3.436757469899021e-05,0.0002184769982704,-0.0038395475130528,0.0097382431849837,0.0112048685550689,32762.0,1.182032108306883
seeded_ic_v1,14980012,0.013423,0.0246,-1.414326,9.998972,0.715201,0.3075364299999999,adaptive_ramp_v1,18.0,0.08,11.189373254776,adaptive_brake,0.2027804851531982,-0.078440248966217,0.4969192743301391,-0.0208038929849863,-0.0354358069598674,-0.2035228312015533,0.705610990524292,0.2819986045360565,6.195210933685303,-1.5811593532562256,11.653510093688965,-2.502363681793213,32505,32277,31321,32971,0.95,qplite_builtin,opp_m3_10000,0,0,10000,0,1.0911999999999973,0.352,0.0690429831440919,0.0112048685550689,0.0154676223173737,0.0244245212525129,0.729261577129364,-3.436757469899021e-05,0.0002184769982704,-0.0038395475130528,0.0097382431849837,0.0112048685550689,32762.0,1.1821978092193586
seeded_ic_v1,14980012,0.013423,0.0246,-1.414326,9.998972,0.715201,0.3075364299999999,adaptive_ramp_v1,18.0,0.08,11.189449787139893,adaptive_brake,0.2027804851531982,-0.078440248966217,0.4969192743301391,-0.0208038929849863,-0.0354358069598674,-0.2035228312015533,0.705610990524292,0.2819986045360565,6.195210933685303,-1.5811593532562256,11.653510093688965,-2.502363681793213,32505,32279,31229,33041,0.95,qplite_builtin,opp_m3_10000,0,0,10000,0,1.0911999999999973,0.352,0.0690429831440919,0.0112048685550689,0.0154676223173737,0.0244245212525129,0.729261577129364,-3.436757469899021e-05,0.0002184769982704,-0.0038395475130528,0.0097382431849837,0.0112048685550689,32762.0,1.182274341583252
seeded_ic_v1,14980012,0.013423,0.0246,-1.414326,9.998972,0.715201,0.3075364299999999,adaptive_ramp_v1,18.0,0.08,11.20920729637146,adaptive_brake,0.2024219781160354,-0.0791897773742675,0.4927348494529724,-0.0210016127675771,-0.0378680154681205,-0.2085328549146652,0.705610990524292,0.2819986045360565,6.195210933685303,-1.5811593532562256,11.653510093688965,-2.502363681793213,32505,32279,31229,33041,0.95,qplite_builtin,opp_m3_10000,0,0,10000,0,1.0911999999999973,0.352,0.0690429831440919,0.0112048685550689,0.0154676223173737,0.0244245212525129,0.729261577129364,-3.436757469899021e-05,0.0002184769982704,-0.0038395475130528,0.0097382431849837,0.0112048685550689,32762.0,1.2020318508148193
seeded_ic_v1,14980012,0.013423,0.0246,-1.414326,9.998972,0.715201,0.3075364299999999,adaptive_ramp_v1,18.0,0.08,11.20945692062378,adaptive_brake,0.2024219781160354,-0.0791897773742675,0.4927348494529724,-0.0210016127675771,-0.0378680154681205,-0.2085328549146652,0.6710543632507324,0.0571354366838932,6.148425579071045,-1.9718796014785769,10.556036949157717,-2.4382307529449463,32505,32279,31229,33041,0.95,qplite_builtin,opp_m3_10000,0,0,10000,0,1.0911999999999973,0.352,0.0690429831440919,0.0112048685550689,0.0154676223173737,0.0244245212525129,0.729261577129364,-3.436757469899021e-05,0.0002184769982704,-0.0038395475130528,0.0097382431849837,0.0112048685550689,32762.0,1.2022814750671387
seeded_ic_v1,14980012,0.013423,0.0246,-1.414326,9.998972,0.715201,0.3075364299999999,adaptive_ramp_v1,18.0,0.08,11.209531545639038,adaptive_brake,0.2024219781160354,-0.0791897773742675,0.4927348494529724,-0.0210016127675771,-0.0378680154681205,-0.2085328549146652,0.6710543632507324,0.0571354366838932,6.148425579071045,-1.9718796014785769,10.556036949157717,-2.4382307529449463,32505,31321,31413,31931,0.95,qplite_builtin,opp_m3_10000,0,0,10000,0,1.0911999999999973,0.352,0.0690429831440919,0.0112048685550689,0.0154676223173737,0.0244245212525129,0.729261577129364,-3.436757469899021e-05,0.0002184769982704,-0.0038395475130528,0.0097382431849837,0.0112048685550689,32762.0,1.2023561000823975
seeded_ic_v1,14980012,0.013423,0.0246,-1.414326,9.998972,0.715201,0.3075364299999999,adaptive_ramp_v1,18.0,0.08,11.22922706604004,adaptive_brake,0.2020866274833679,-0.079981617629528,0.4884482622146606,-0.0204011313617229,-0.040079403668642,-0.2136313170194625,0.6710543632507324,0.0571354366838932,6.148425579071045,-1.9718796014785769,10.556036949157717,-2.4382307529449463,32505,31321,31413,31931,0.95,qplite_builtin,opp_m3_10000,0,0,10000,0,1.0911999999999973,0.352,0.0690429831440919,0.0112048685550689,0.0154676223173737,0.0244245212525129,0.729261577129364,-3.436757469899021e-05,0.0002184769982704,-0.0038395475130528,0.0097382431849837,0.0112048685550689,32762.0,1.2220516204834002
seeded_ic_v1,14980012,0.013423,0.0246,-1.414326,9.998972,0.715201,0.3075364299999999,adaptive_ramp_v1,18.0,0.08,11.22938060760498,adaptive_brake,0.2020866274833679,-0.079981617629528,0.4884482622146606,-0.0204011313617229,-0.040079403668642,-0.2136313170194625,0.6280183792114258,-0.1454635709524154,6.102888584136963,-2.3772292137146,9.508712768554688,-2.3547229766845703,32505,31321,31413,31931,0.95,qplite_builtin,opp_m3_10000,0,0,10000,0,1.0911999999999973,0.352,0.0690429831440919,0.0112048685550689,0.0154676223173737,0.0244245212525129,0.729261577129364,-3.436757469899021e-05,0.0002184769982704,-0.0038395475130528,0.0097382431849837,0.0112048685550689,32762.0,1.2222051620483398
seeded_ic_v1,14980012,0.013423,0.0246,-1.414326,9.998972,0.715201,0.3075364299999999,adaptive_ramp_v1,18.0,0.08,11.22947883605957,adaptive_brake,0.2020866274833679,-0.079981617629528,0.4884482622146606,-0.0204011313617229,-0.040079403668642,-0.2136313170194625,0.6280183792114258,-0.1454635709524154,6.102888584136963,-2.3772292137146,9.508712768554688,-2.3547229766845703,32505,31249,31383,31957,0.95,qplite_builtin,opp_m3_10000,0,0,10000,0,1.0911999999999973,0.352,0.0690429831440919,0.0112048685550689,0.0154676223173737,0.0244245212525129,0.729261577129364,-3.436757469899021e-05,0.0002184769982704,-0.0038395475130528,0.0097382431849837,0.0112048685550689,32762.0,1.2223033905029297
seeded_ic_v1,14980012,0.013423,0.0246,-1.414326,9.998972,0.715201,0.3075364299999999,adaptive_ramp_v1,18.0,0.08,11.249273538589478,adaptive_brake,0.201786458492279,-0.0808097198605537,0.4840595424175262,-0.019091622903943,-0.0420458428561687,-0.2187116295099258,0.6280183792114258,-0.1454635709524154,6.102888584136963,-2.3772292137146,9.508712768554688,-2.3547229766845703,32505,31249,31383,31957,0.95,qplite_builtin,opp_m3_10000,0,0,10000,0,1.0911999999999973,0.352,0.0690429831440919,0.0112048685550689,0.0154676223173737,0.0244245212525129,0.729261577129364,-3.436757469899021e-05,0.0002184769982704,-0.0038395475130528,0.0097382431849837,0.0112048685550689,32762.0,1.242098093032837
seeded_ic_v1,14980012,0.013423,0.0246,-1.414326,9.998972,0.715201,0.3075364299999999,adaptive_ramp_v1,18.0,0.08,11.249433755874634,adaptive_brake,0.201786458492279,-0.0808097198605537,0.4840595424175262,-0.019091622903943,-0.0420458428561687,-0.2187116295099258,0.5772031545639038,-0.3265138268470764,6.058605670928955,-2.751451253890991,8.346663475036621,-2.255627155303955,32505,31249,31383,31957,0.95,qplite_builtin,opp_m3_10000,0,0,10000,0,1.0911999999999973,0.352,0.0690429831440919,0.0112048685550689,0.0154676223173737,0.0244245212525129,0.729261577129364,-3.436757469899021e-05,0.0002184769982704,-0.0038395475130528,0.0097382431849837,0.0112048685550689,32762.0,1.2422583103179932
seeded_ic_v1,14980012,0.013423,0.0246,-1.414326,9.998972,0.715201,0.3075364299999999,adaptive_ramp_v1,18.0,0.08,11.24950885772705,adaptive_brake,0.201786458492279,-0.0808097198605537,0.4840595424175262,-0.019091622903943,-0.0420458428561687,-0.2187116295099258,0.5772031545639038,-0.3265138268470764,6.058605670928955,-2.751451253890991,8.346663475036621,-2.255627155303955,32505,32059,31361,32985,0.95,qplite_builtin,opp_m3_10000,0,0,10000,0,1.0911999999999973,0.352,0.0690429831440919,0.0112048685550689,0.0154676223173737,0.0244245212525129,0.729261577129364,-3.436757469899021e-05,0.0002184769982704,-0.0038395475130528,0.0097382431849837,0.0112048685550689,32762.0,1.2423334121704102
seeded_ic_v1,14980012,0.013423,0.0246,-1.414326,9.998972,0.715201,0.3075364299999999,adaptive_ramp_v1,18.0,0.08,11.270411252975464,adaptive_brake,0.2015148997306823,-0.0817116498947143,0.479346364736557,-0.01708659902215,-0.0438291542232036,-0.2241209894418716,0.5772031545639038,-0.3265138268470764,6.058605670928955,-2.751451253890991,8.346663475036621,-2.255627155303955,32505,32059,31361,32985,0.95,qplite_builtin,opp_m3_10000,0,0,10000,0,1.0911999999999973,0.352,0.0690429831440919,0.0112048685550689,0.0154676223173737,0.0244245212525129,0.729261577129364,-3.436757469899021e-05,0.0002184769982704,-0.0038395475130528,0.0097382431849837,0.0112048685550689,32762.0,1.2632358074188232
seeded_ic_v1,14980012,0.013423,0.0246,-1.414326,9.998972,0.715201,0.3075364299999999,adaptive_ramp_v1,18.0,0.08,11.270605087280272,adaptive_brake,0.2015148997306823,-0.0817116498947143,0.479346364736557,-0.01708659902215,-0.0438291542232036,-0.2241209894418716,0.5159067511558533,-0.4907053709030151,6.012757778167725,-3.080986499786377,7.065062999725342,-2.2582995891571045,32505,32059,31361,32985,0.95,qplite_builtin,opp_m3_10000,0,0,10000,0,1.0911999999999973,0.352,0.0690429831440919,0.0112048685550689,0.0154676223173737,0.0244245212525129,0.729261577129364,-3.436757469899021e-05,0.0002184769982704,-0.0038395475130528,0.0097382431849837,0.0112048685550689,32762.0,1.263429641723631
seeded_ic_v1,14980012,0.013423,0.0246,-1.414326,9.998972,0.715201,0.3075364299999999,adaptive_ramp_v1,18.0,0.08,11.27070665359497,adaptive_brake,0.2015148997306823,-0.0817116498947143,0.479346364736557,-0.01708659902215,-0.0438291542232036,-0.2241209894418716,0.5159067511558533,-0.4907053709030151,6.012757778167725,-3.080986499786377,7.065062999725342,-2.2582995891571045,32505,32133,31355,33093,0.95,qplite_builtin,opp_m3_10000,0,0,10000,0,1.0911999999999973,0.352,0.0690429831440919,0.0112048685550689,0.0154676223173737,0.0244245212525129,0.729261577129364,-3.436757469899021e-05,0.0002184769982704,-0.0038395475130528,0.0097382431849837,0.0112048685550689,32762.0,1.26353120803833
seeded_ic_v1,14980012,0.013423,0.0246,-1.414326,9.998972,0.715201,0.3075364299999999,adaptive_ramp_v1,18.0,0.08,11.290225267410278,adaptive_brake,0.201320007443428,-0.0825873836874961,0.4747985601425171,-0.0146016292273998,-0.0451976507902145,-0.2292406409978866,0.5159067511558533,-0.4907053709030151,6.012757778167725,-3.080986499786377,7.065062999725342,-2.2582995891571045,32505,32133,31355,33093,0.95,qplite_builtin,opp_m3_10000,0,0,10000,0,1.0911999999999973,0.352,0.0690429831440919,0.0112048685550689,0.0154676223173737,0.0244245212525129,0.729261577129364,-3.436757469899021e-05,0.0002184769982704,-0.0038395475130528,0.0097382431849837,0.0112048685550689,32762.0,1.2830498218536377
seeded_ic_v1,14980012,0.013423,0.0246,-1.414326,9.998972,0.715201,0.3075364299999999,adaptive_ramp_v1,18.0,0.08,11.290435552597046,adaptive_brake,0.201320007443428,-0.0825873836874961,0.4747985601425171,-0.0146016292273998,-0.0451976507902145,-0.2292406409978866,0.4513667225837707,-0.6226941347122192,5.968705177307129,-3.3547616004943848,5.905319213867188,-2.258300542831421,32505,32133,31355,33093,0.95,qplite_builtin,opp_m3_10000,0,0,10000,0,1.0911999999999973,0.352,0.0690429831440919,0.0112048685550689,0.0154676223173737,0.0244245212525129,0.729261577129364,-3.436757469899021e-05,0.0002184769982704,-0.0038395475130528,0.0097382431849837,0.0112048685550689,32762.0,1.2832601070404053
seeded_ic_v1,14980012,0.013423,0.0246,-1.414326,9.998972,0.715201,0.3075364299999999,adaptive_ramp_v1,18.0,0.08,11.290523290634155,adaptive_brake,0.201320007443428,-0.0825873836874961,0.4747985601425171,-0.0146016292273998,-0.0451976507902145,-0.2292406409978866,0.4513667225837707,-0.6226941347122192,5.968705177307129,-3.3547616004943848,5.905319213867188,-2.258300542831421,32505,31215,31523,32107,0.95,qplite_builtin,opp_m3_10000,0,0,10000,0,1.0911999999999973,0.352,0.0690429831440919,0.0112048685550689,0.0154676223173737,0.0244245212525129,0.729261577129364,-3.436757469899021e-05,0.0002184769982704,-0.0038395475130528,0.0097382431849837,0.0112048685550689,32762.0,1.2833478450775146
seeded_ic_v1,14980012,0.013423,0.0246,-1.414326,9.998972,0.715201,0.3075364299999999,adaptive_ramp_v1,18.0,0.08,11.3103187084198,adaptive_brake,0.2011862099170684,-0.0834805369377136,0.4701426923274994,-0.011690336279571,-0.0462735369801521,-0.2342610210180282,0.4513667225837707,-0.6226941347122192,5.968705177307129,-3.3547616004943848,5.905319213867188,-2.258300542831421,32505,31215,31523,32107,0.95,qplite_builtin,opp_m3_10000,0,0,10000,0,1.0911999999999973,0.352,0.0690429831440919,0.0112048685550689,0.0154676223173737,0.0244245212525129,0.729261577129364,-3.436757469899021e-05,0.0002184769982704,-0.0038395475130528,0.0097382431849837,0.0112048685550689,32762.0,1.3031432628631592
seeded_ic_v1,14980012,0.013423,0.0246,-1.414326,9.998972,0.715201,0.3075364299999999,adaptive_ramp_v1,18.0,0.08,11.310622453689575,adaptive_brake,0.2011862099170684,-0.0834805369377136,0.4701426923274994,-0.011690336279571,-0.0462735369801521,-0.2342610210180282,0.3822596669197082,-0.7312099933624268,5.923643112182617,-3.4797239303588867,4.807451725006104,-2.3200912475585938,32505,31215,31523,32107,0.95,qplite_builtin,opp_m3_10000,0,0,10000,0,1.0911999999999973,0.352,0.0690429831440919,0.0112048685550689,0.0154676223173737,0.0244245212525129,0.729261577129364,-3.436757469899021e-05,0.0002184769982704,-0.0038395475130528,0.0097382431849837,0.0112048685550689,32762.0,1.3034470081329346
seeded_ic_v1,14980012,0.013423,0.0246,-1.414326,9.998972,0.715201,0.3075364299999999,adaptive_ramp_v1,18.0,0.08,11.31074571609497,adaptive_brake,0.2011862099170684,-0.0834805369377136,0.4701426923274994,-0.011690336279571,-0.0462735369801521,-0.2342610210180282,0.3822596669197082,-0.7312099933624268,5.923643112182617,-3.4797239303588867,4.807451725006104,-2.3200912475585938,32505,32123,31497,33185,0.95,qplite_builtin,opp_m3_10000,0,0,10000,0,1.0911999999999973,0.352,0.0690429831440919,0.0112048685550689,0.0154676223173737,0.0244245212525129,0.729261577129364,-3.436757469899021e-05,0.0002184769982704,-0.0038395475130528,0.0097382431849837,0.0112048685550689,32762.0,1.30357027053833
seeded_ic_v1,14980012,0.013423,0.0246,-1.414326,9.998972,0.715201,0.3075364299999999,adaptive_ramp_v1,18.0,0.08,11.330321788787842,adaptive_brake,0.2011187970638275,-0.0843847095966339,0.4653857052326202,-0.0084372591227293,-0.0470513775944709,-0.2390093654394149,0.3822596669197082,-0.7312099933624268,5.923643112182617,-3.4797239303588867,4.807451725006104,-2.3200912475585938,32505,32123,31497,33185,0.95,qplite_builtin,opp_m3_10000,0,0,10000,0,1.0911999999999973,0.352,0.0690429831440919,0.0112048685550689,0.0154676223173737,0.0244245212525129,0.729261577129364,-3.436757469899021e-05,0.0002184769982704,-0.0038395475130528,0.0097382431849837,0.0112048685550689,32762.0,1.3231463432312012
seeded_ic_v1,14980012,0.013423,0.0246,-1.414326,9.998972,0.715201,0.3075364299999999,adaptive_ramp_v1,18.0,0.08,11.330459117889404,adaptive_brake,0.2011187970638275,-0.0843847095966339,0.4653857052326202,-0.0084372591227293,-0.0470513775944709,-0.2390093654394149,0.3118088543415069,-0.8198275566101074,5.877787113189697,-3.5429556369781494,3.830660820007324,-2.319336175918579,32505,32123,31497,33185,0.95,qplite_builtin,opp_m3_10000,0,0,10000,0,1.0911999999999973,0.352,0.0690429831440919,0.0112048685550689,0.0154676223173737,0.0244245212525129,0.729261577129364,-3.436757469899021e-05,0.0002184769982704,-0.0038395475130528,0.0097382431849837,0.0112048685550689,32762.0,1.3232836723327637
seeded_ic_v1,14980012,0.013423,0.0246,-1.414326,9.998972,0.715201,0.3075364299999999,adaptive_ramp_v1,18.0,0.08,11.33053731918335,adaptive_brake,0.2011187970638275,-0.0843847095966339,0.4653857052326202,-0.0084372591227293,-0.0470513775944709,-0.2390093654394149,0.3118088543415069,-0.8198275566101074,5.877787113189697,-3.5429556369781494,3.830660820007324,-2.319336175918579,32505,32143,31553,33257,0.95,qplite_builtin,opp_m3_10000,0,0,10000,0,1.0911999999999973,0.352,0.0690429831440919,0.0112048685550689,0.0154676223173737,0.0244245212525129,0.729261577129364,-3.436757469899021e-05,0.0002184769982704,-0.0038395475130528,0.0097382431849837,0.0112048685550689,32762.0,1.323361873626709
seeded_ic_v1,14980012,0.013423,0.0246,-1.414326,9.998972,0.715201,0.3075364299999999,adaptive_ramp_v1,18.0,0.08,11.350241422653198,adaptive_brake,0.2011214196681976,-0.0852935686707496,0.460533857345581,-0.0049212230369448,-0.0475311912596225,-0.2436068654060363,0.3118088543415069,-0.8198275566101074,5.877787113189697,-3.5429556369781494,3.830660820007324,-2.319336175918579,32505,32143,31553,33257,0.95,qplite_builtin,opp_m3_10000,0,0,10000,0,1.0911999999999973,0.352,0.0690429831440919,0.0112048685550689,0.0154676223173737,0.0244245212525129,0.729261577129364,-3.436757469899021e-05,0.0002184769982704,-0.0038395475130528,0.0097382431849837,0.0112048685550689,32762.0,1.3430659770965576
seeded_ic_v1,14980012,0.013423,0.0246,-1.414326,9.998972,0.715201,0.3075364299999999,adaptive_ramp_v1,18.0,0.08,11.350392580032349,adaptive_brake,0.2011214196681976,-0.0852935686707496,0.460533857345581,-0.0049212230369448,-0.0475311912596225,-0.2436068654060363,0.239315927028656,-0.8872804641723633,5.831862926483154,-3.66426944732666,2.7337300777435303,-2.262938499450684,32505,32143,31553,33257,0.95,qplite_builtin,opp_m3_10000,0,0,10000,0,1.0911999999999973,0.352,0.0690429831440919,0.0112048685550689,0.0154676223173737,0.0244245212525129,0.729261577129364,-3.436757469899021e-05,0.0002184769982704,-0.0038395475130528,0.0097382431849837,0.0112048685550689,32762.0,1.343217134475708
seeded_ic_v1,14980012,0.013423,0.0246,-1.414326,9.998972,0.715201,0.3075364299999999,adaptive_ramp_v1,18.0,0.08,11.350465536117554,adaptive_brake,0.2011214196681976,-0.0852935686707496,0.460533857345581,-0.0049212230369448,-0.0475311912596225,-0.2436068654060363,0.239315927028656,-0.8872804641723633,5.831862926483154,-3.66426944732666,2.7337300777435303,-2.262938499450684,32505,31219,31659,32291,0.95,qplite_builtin,opp_m3_10000,0,0,10000,0,1.0911999999999973,0.352,0.0690429831440919,0.0112048685550689,0.0154676223173737,0.0244245212525129,0.729261577129364,-3.436757469899021e-05,0.0002184769982704,-0.0038395475130528,0.0097382431849837,0.0112048685550689,32762.0,1.343290090560913
seeded_ic_v1,14980012,0.013423,0.0246,-1.414326,9.998972,0.715201,0.3075364299999999,adaptive_ramp_v1,18.0,0.08,11.370176076889038,adaptive_brake,0.2011963278055191,-0.0862009972333908,0.4555918872356415,-0.0012231299187988,-0.0477122813463211,-0.2480068355798721,0.239315927028656,-0.8872804641723633,5.831862926483154,-3.66426944732666,2.7337300777435303,-2.262938499450684,32505,31219,31659,32291,0.95,qplite_builtin,opp_m3_10000,0,0,10000,0,1.0911999999999973,0.352,0.0690429831440919,0.0112048685550689,0.0154676223173737,0.0244245212525129,0.729261577129364,-3.436757469899021e-05,0.0002184769982704,-0.0038395475130528,0.0097382431849837,0.0112048685550689,32762.0,1.3630006313323975
seeded_ic_v1,14980012,0.013423,0.0246,-1.414326,9.998972,0.715201,0.3075364299999999,adaptive_ramp_v1,18.0,0.08,11.370402097702026,adaptive_brake,0.2011963278055191,-0.0862009972333908,0.4555918872356415,-0.0012231299187988,-0.0477122813463211,-0.2480068355798721,0.16478231549263,-0.933146357536316,5.786850452423096,-3.723508834838867,1.7211580276489258,-2.2582931518554688,32505,31219,31659,32291,0.95,qplite_builtin,opp_m3_10000,0,0,10000,0,1.0911999999999973,0.352,0.0690429831440919,0.0112048685550689,0.0154676223173737,0.0244245212525129,0.729261577129364,-3.436757469899021e-05,0.0002184769982704,-0.0038395475130528,0.0097382431849837,0.0112048685550689,32762.0,1.3632266521453857
seeded_ic_v1,14980012,0.013423,0.0246,-1.414326,9.998972,0.715201,0.3075364299999999,adaptive_ramp_v1,18.0,0.08,11.3704833984375,adaptive_brake,0.2011963278055191,-0.0862009972333908,0.4555918872356415,-0.0012231299187988,-0.0477122813463211,-0.2480068355798721,0.16478231549263,-0.933146357536316,5.786850452423096,-3.723508834838867,1.7211580276489258,-2.2582931518554688,32505,32177,31749,33387,0.95,qplite_builtin,opp_m3_10000,0,0,10000,0,1.0911999999999973,0.352,0.0690429831440919,0.0112048685550689,0.0154676223173737,0.0244245212525129,0.729261577129364,-3.436757469899021e-05,0.0002184769982704,-0.0038395475130528,0.0097382431849837,0.0112048685550689,32762.0,1.3633079528808594
seeded_ic_v1,14980012,0.013423,0.0246,-1.414326,9.998972,0.715201,0.3075364299999999,adaptive_ramp_v1,18.0,0.08,11.390196323394775,adaptive_brake,0.2013445347547531,-0.0871010348200798,0.4505660831928253,0.0025795754045248,-0.0475955680012702,-0.2521316409111023,0.16478231549263,-0.933146357536316,5.786850452423096,-3.723508834838867,1.7211580276489258,-2.2582931518554688,32505,32177,31749,33387,0.95,qplite_builtin,opp_m3_10000,0,0,10000,0,1.0911999999999973,0.352,0.0690429831440919,0.0112048685550689,0.0154676223173737,0.0244245212525129,0.729261577129364,-3.436757469899021e-05,0.0002184769982704,-0.0038395475130528,0.0097382431849837,0.0112048685550689,32762.0,1.3830208778381348
seeded_ic_v1,14980012,0.013423,0.0246,-1.414326,9.998972,0.715201,0.3075364299999999,adaptive_ramp_v1,18.0,0.08,11.39034867286682,adaptive_brake,0.2013445347547531,-0.0871010348200798,0.4505660831928253,0.0025795754045248,-0.0475955680012702,-0.2521316409111023,0.0895727351307869,-0.9596570134162904,5.741738319396973,-3.723143339157105,0.772654116153717,-2.258300542831421,32505,32177,31749,33387,0.95,qplite_builtin,opp_m3_10000,0,0,10000,0,1.0911999999999973,0.352,0.0690429831440919,0.0112048685550689,0.0154676223173737,0.0244245212525129,0.729261577129364,-3.436757469899021e-05,0.0002184769982704,-0.0038395475130528,0.0097382431849837,0.0112048685550689,32762.0,1.3831732273101789
seeded_ic_v1,14980012,0.013423,0.0246,-1.414326,9.998972,0.715201,0.3075364299999999,adaptive_ramp_v1,18.0,0.08,11.390432119369509,adaptive_brake,0.2013445347547531,-0.0871010348200798,0.4505660831928253,0.0025795754045248,-0.0475955680012702,-0.2521316409111023,0.0895727351307869,-0.9596570134162904,5.741738319396973,-3.723143339157105,0.772654116153717,-2.258300542831421,32505,31261,31819,32437,0.95,qplite_builtin,opp_m3_10000,0,0,10000,0,1.0911999999999973,0.352,0.0690429831440919,0.0112048685550689,0.0154676223173737,0.0244245212525129,0.729261577129364,-3.436757469899021e-05,0.0002184769982704,-0.0038395475130528,0.0097382431849837,0.0112048685550689,32762.0,1.383256673812868
seeded_ic_v1,14980012,0.013423,0.0246,-1.414326,9.998972,0.715201,0.3075364299999999,adaptive_ramp_v1,18.0,0.08,11.410297870635986,adaptive_brake,0.2015655189752578,-0.087987869977951,0.4454628527164459,0.006414704490453,-0.0471864752471447,-0.2560019493103027,0.0895727351307869,-0.9596570134162904,5.741738319396973,-3.723143339157105,0.772654116153717,-2.258300542831421,32505,31261,31819,32437,0.95,qplite_builtin,opp_m3_10000,0,0,10000,0,1.0911999999999973,0.352,0.0690429831440919,0.0112048685550689,0.0154676223173737,0.0244245212525129,0.729261577129364,-3.436757469899021e-05,0.0002184769982704,-0.0038395475130528,0.0097382431849837,0.0112048685550689,32762.0,1.4031224250793457
seeded_ic_v1,14980012,0.013423,0.0246,-1.414326,9.998972,0.715201,0.3075364299999999,adaptive_ramp_v1,18.0,0.08,11.410459280014038,adaptive_brake,0.2015655189752578,-0.087987869977951,0.4454628527164459,0.006414704490453,-0.0471864752471447,-0.2560019493103027,0.0150358825922012,-0.9677448272705078,5.696590900421143,-3.662031173706055,-0.0416704602539539,-2.219363212585449,32505,31261,31819,32437,0.95,qplite_builtin,opp_m3_10000,0,0,10000,0,1.0911999999999973,0.352,0.0690429831440919,0.0112048685550689,0.0154676223173737,0.0244245212525129,0.729261577129364,-3.436757469899021e-05,0.0002184769982704,-0.0038395475130528,0.0097382431849837,0.0112048685550689,32762.0,1.4032838344573975
seeded_ic_v1,14980012,0.013423,0.0246,-1.414326,9.998972,0.715201,0.3075364299999999,adaptive_ramp_v1,18.0,0.08,11.410528182983398,adaptive_brake,0.2015655189752578,-0.087987869977951,0.4454628527164459,0.006414704490453,-0.0471864752471447,-0.2560019493103027,0.0150358825922012,-0.9677448272705078,5.696590900421143,-3.662031173706055,-0.0416704602539539,-2.219363212585449,32505,31251,31877,32513,0.95,qplite_builtin,opp_m3_10000,0,0,10000,0,1.0911999999999973,0.352,0.0690429831440919,0.0112048685550689,0.0154676223173737,0.0244245212525129,0.729261577129364,-3.436757469899021e-05,0.0002184769982704,-0.0038395475130528,0.0097382431849837,0.0112048685550689,32762.0,1.4033527374267578
seeded_ic_v1,14980012,0.013423,0.0246,-1.414326,9.998972,0.715201,0.3075364299999999,adaptive_ramp_v1,18.0,0.08,11.430148363113403,adaptive_brake,0.2018576562404632,-0.0888559594750404,0.4402902126312256,0.0102193607017397,-0.0464939810335636,-0.2594086527824402,0.0150358825922012,-0.9677448272705078,5.696590900421143,-3.662031173706055,-0.0416704602539539,-2.219363212585449,32505,31251,31877,32513,0.95,qplite_builtin,opp_m3_10000,0,0,10000,0,1.0911999999999973,0.352,0.0690429831440919,0.0112048685550689,0.0154676223173737,0.0244245212525129,0.729261577129364,-3.436757469899021e-05,0.0002184769982704,-0.0038395475130528,0.0097382431849837,0.0112048685550689,32762.0,1.4229729175567627
seeded_ic_v1,14980012,0.013423,0.0246,-1.414326,9.998972,0.715201,0.3075364299999999,adaptive_ramp_v1,18.0,0.08,11.430354118347168,adaptive_brake,0.2018576562404632,-0.0888559594750404,0.4402902126312256,0.0102193607017397,-0.0464939810335636,-0.2594086527824402,-0.0582750849425792,-0.9599820971488952,5.652957439422607,-3.5514864921569824,-0.8845237493515015,-2.1341562271118164,32505,31251,31877,32513,0.95,qplite_builtin,opp_m3_10000,0,0,10000,0,1.0911999999999973,0.352,0.0690429831440919,0.0112048685550689,0.0154676223173737,0.0244245212525129,0.729261577129364,-3.436757469899021e-05,0.0002184769982704,-0.0038395475130528,0.0097382431849837,0.0112048685550689,32762.0,1.4231786727905273
seeded_ic_v1,14980012,0.013423,0.0246,-1.414326,9.998972,0.715201,0.3075364299999999,adaptive_ramp_v1,18.0,0.08,11.430417776107788,adaptive_brake,0.2018576562404632,-0.0888559594750404,0.4402902126312256,0.0102193607017397,-0.0464939810335636,-0.2594086527824402,-0.0582750849425792,-0.9599820971488952,5.652957439422607,-3.5514864921569824,-0.8845237493515015,-2.1341562271118164,32505,32259,32057,33525,0.95,qplite_builtin,opp_m3_10000,0,0,10000,0,1.0911999999999973,0.352,0.0690429831440919,0.0112048685550689,0.0154676223173737,0.0244245212525129,0.729261577129364,-3.436757469899021e-05,0.0002184769982704,-0.0038395475130528,0.0097382431849837,0.0112048685550689,32762.0,1.4232423305511475
seeded_ic_v1,14980012,0.013423,0.0246,-1.414326,9.998972,0.715201,0.3075364299999999,adaptive_ramp_v1,18.0,0.08,11.450214624404907,adaptive_brake,0.2022145688533783,-0.0896794945001602,0.4352005422115326,0.0139223197475075,-0.0454372130334377,-0.2618088126182556,-0.0582750849425792,-0.9599820971488952,5.652957439422607,-3.5514864921569824,-0.8845237493515015,-2.1341562271118164,32505,32259,32057,33525,0.95,qplite_builtin,opp_m3_10000,0,0,10000,0,1.0911999999999973,0.352,0.0690429831440919,0.0112048685550689,0.0154676223173737,0.0244245212525129,0.729261577129364,-3.436757469899021e-05,0.0002184769982704,-0.0038395475130528,0.0097382431849837,0.0112048685550689,32762.0,1.4430391788482666
seeded_ic_v1,14980012,0.013423,0.0246,-1.414326,9.998972,0.715201,0.3075364299999999,adaptive_ramp_v1,18.0,0.08,11.450368642807009,adaptive_brake,0.2022145688533783,-0.0896794945001602,0.4352005422115326,0.0139223197475075,-0.0454372130334377,-0.2618088126182556,-0.1286448538303375,-0.93501079082489,5.610289573669434,-3.366517305374145,-1.7024279832839966,-2.100107431411743,32505,32259,32057,33525,0.95,qplite_builtin,opp_m3_10000,0,0,10000,0,1.0911999999999973,0.352,0.0690429831440919,0.0112048685550689,0.0154676223173737,0.0244245212525129,0.729261577129364,-3.436757469899021e-05,0.0002184769982704,-0.0038395475130528,0.0097382431849837,0.0112048685550689,32762.0,1.443193197250368
seeded_ic_v1,14980012,0.013423,0.0246,-1.414326,9.998972,0.715201,0.3075364299999999,adaptive_ramp_v1,18.0,0.08,11.450444221496582,adaptive_brake,0.2022145688533783,-0.0896794945001602,0.4352005422115326,0.0139223197475075,-0.0454372130334377,-0.2618088126182556,-0.1286448538303375,-0.93501079082489,5.610289573669434,-3.366517305374145,-1.7024279832839966,-2.100107431411743,32505,31357,32093,32591,0.95,qplite_builtin,opp_m3_10000,0,0,10000,0,1.0911999999999973,0.352,0.0690429831440919,0.0112048685550689,0.0154676223173737,0.0244245212525129,0.729261577129364,-3.436757469899021e-05,0.0002184769982704,-0.0038395475130528,0.0097382431849837,0.0112048685550689,32762.0,1.4432687759399414
seeded_ic_v1,14980012,0.013423,0.0246,-1.414326,9.998972,0.715201,0.3075364299999999,adaptive_ramp_v1,18.0,0.08,11.470346927642822,adaptive_brake,0.2026336789131164,-0.0904760658740997,0.4300471544265747,0.0174583569169044,-0.0441380105912685,-0.2640618681907654,-0.1286448538303375,-0.93501079082489,5.610289573669434,-3.366517305374145,-1.7024279832839966,-2.100107431411743,32505,31357,32093,32591,0.95,qplite_builtin,opp_m3_10000,0,0,10000,0,1.0911999999999973,0.352,0.0690429831440919,0.0112048685550689,0.0154676223173737,0.0244245212525129,0.729261577129364,-3.436757469899021e-05,0.0002184769982704,-0.0038395475130528,0.0097382431849837,0.0112048685550689,32762.0,1.4631714820861816
seeded_ic_v1,14980012,0.013423,0.0246,-1.414326,9.998972,0.715201,0.3075364299999999,adaptive_ramp_v1,18.0,0.08,11.470526218414308,adaptive_brake,0.2026336789131164,-0.0904760658740997,0.4300471544265747,0.0174583569169044,-0.0441380105912685,-0.2640618681907654,-0.1947130560874939,-0.8952821493148804,5.568587779998779,-3.1316909790039062,-2.342031478881836,-2.075277805328369,32505,31357,32093,32591,0.95,qplite_builtin,opp_m3_10000,0,0,10000,0,1.0911999999999973,0.352,0.0690429831440919,0.0112048685550689,0.0154676223173737,0.0244245212525129,0.729261577129364,-3.436757469899021e-05,0.0002184769982704,-0.0038395475130528,0.0097382431849837,0.0112048685550689,32762.0,1.4633507728576678
seeded_ic_v1,14980012,0.013423,0.0246,-1.414326,9.998972,0.715201,0.3075364299999999,adaptive_ramp_v1,18.0,0.08,11.470616340637209,adaptive_brake,0.2026336789131164,-0.0904760658740997,0.4300471544265747,0.0174583569169044,-0.0441380105912685,-0.2640618681907654,-0.1947130560874939,-0.8952821493148804,5.568587779998779,-3.1316909790039062,-2.342031478881836,-2.075277805328369,32505,32323,32259,33579,0.95,qplite_builtin,opp_m3_10000,0,0,10000,0,1.0911999999999973,0.352,0.0690429831440919,0.0112048685550689,0.0154676223173737,0.0244245212525129,0.729261577129364,-3.436757469899021e-05,0.0002184769982704,-0.0038395475130528,0.0097382431849837,0.0112048685550689,32762.0,1.4634408950805682
seeded_ic_v1,14980012,0.013423,0.0246,-1.414326,9.998972,0.715201,0.3075364299999999,adaptive_ramp_v1,18.0,0.08,11.490142345428469,adaptive_brake,0.2031123489141464,-0.09124306589365,0.4248163402080536,0.0207880940288305,-0.0426350533962249,-0.2663309872150421,-0.1947130560874939,-0.8952821493148804,5.568587779998779,-3.1316909790039062,-2.342031478881836,-2.075277805328369,32505,32323,32259,33579,0.95,qplite_builtin,opp_m3_10000,0,0,10000,0,1.0911999999999973,0.352,0.0690429831440919,0.0112048685550689,0.0154676223173737,0.0244245212525129,0.729261577129364,-3.436757469899021e-05,0.0002184769982704,-0.0038395475130528,0.0097382431849837,0.0112048685550689,32762.0,1.482966899871828
seeded_ic_v1,14980012,0.013423,0.0246,-1.414326,9.998972,0.715201,0.3075364299999999,adaptive_ramp_v1,18.0,0.08,11.490385293960571,adaptive_brake,0.2031123489141464,-0.09124306589365,0.4248163402080536,0.0207880940288305,-0.0426350533962249,-0.2663309872150421,-0.2560113966464996,-0.8433557748794556,5.52728271484375,-2.887148380279541,-2.9123547077178955,-2.0751960277557373,32505,32323,32259,33579,0.95,qplite_builtin,opp_m3_10000,0,0,10000,0,1.0911999999999973,0.352,0.0690429831440919,0.0112048685550689,0.0154676223173737,0.0244245212525129,0.729261577129364,-3.436757469899021e-05,0.0002184769982704,-0.0038395475130528,0.0097382431849837,0.0112048685550689,32762.0,1.4832098484039307
seeded_ic_v1,14980012,0.013423,0.0246,-1.414326,9.998972,0.715201,0.3075364299999999,adaptive_ramp_v1,18.0,0.08,11.490471601486206,adaptive_brake,0.2031123489141464,-0.09124306589365,0.4248163402080536,0.0207880940288305,-0.0426350533962249,-0.2663309872150421,-0.2560113966464996,-0.8433557748794556,5.52728271484375,-2.887148380279541,-2.9123547077178955,-2.0751960277557373,32505,31445,32289,32703,0.95,qplite_builtin,opp_m3_10000,0,0,10000,0,1.0911999999999973,0.352,0.0690429831440919,0.0112048685550689,0.0154676223173737,0.0244245212525129,0.729261577129364,-3.436757469899021e-05,0.0002184769982704,-0.0038395475130528,0.0097382431849837,0.0112048685550689,32762.0,1.4832961559295654
seeded_ic_v1,14980012,0.013423,0.0246,-1.414326,9.998972,0.715201,0.3075364299999999,adaptive_ramp_v1,18.0,0.08,11.51024866104126,adaptive_brake,0.2036444693803787,-0.0919757634401321,0.4195237755775451,0.0238666571676731,-0.0409384220838546,-0.2684473097324371,-0.2560113966464996,-0.8433557748794556,5.52728271484375,-2.887148380279541,-2.9123547077178955,-2.0751960277557373,32505,31445,32289,32703,0.95,qplite_builtin,opp_m3_10000,0,0,10000,0,1.0911999999999973,0.352,0.0690429831440919,0.0112048685550689,0.0154676223173737,0.0244245212525129,0.729261577129364,-3.436757469899021e-05,0.0002184769982704,-0.0038395475130528,0.0097382431849837,0.0112048685550689,32762.0,1.5030732154846191
seeded_ic_v1,14980012,0.013423,0.0246,-1.414326,9.998972,0.715201,0.3075364299999999,adaptive_ramp_v1,18.0,0.08,11.510398149490356,adaptive_brake,0.2036444693803787,-0.0919757634401321,0.4195237755775451,0.0238666571676731,-0.0409384220838546,-0.2684473097324371,-0.311675488948822,-0.7805038690567017,5.485858917236328,-2.5587220191955566,-3.422889709472656,-2.085122346878052,32505,31445,32289,32703,0.95,qplite_builtin,opp_m3_10000,0,0,10000,0,1.0911999999999973,0.352,0.0690429831440919,0.0112048685550689,0.0154676223173737,0.0244245212525129,0.729261577129364,-3.436757469899021e-05,0.0002184769982704,-0.0038395475130528,0.0097382431849837,0.0112048685550689,32762.0,1.5032227039337158
seeded_ic_v1,14980012,0.013423,0.0246,-1.414326,9.998972,0.715201,0.3075364299999999,adaptive_ramp_v1,18.0,0.08,11.510470867156982,adaptive_brake,0.2036444693803787,-0.0919757634401321,0.4195237755775451,0.0238666571676731,-0.0409384220838546,-0.2684473097324371,-0.311675488948822,-0.7805038690567017,5.485858917236328,-2.5587220191955566,-3.422889709472656,-2.085122346878052,32505,32389,32417,33695,0.95,qplite_builtin,opp_m3_10000,0,0,10000,0,1.0911999999999973,0.352,0.0690429831440919,0.0112048685550689,0.0154676223173737,0.0244245212525129,0.729261577129364,-3.436757469899021e-05,0.0002184769982704,-0.0038395475130528,0.0097382431849837,0.0112048685550689,32762.0,1.5032954216003418
seeded_ic_v1,14980012,0.013423,0.0246,-1.414326,9.998972,0.715201,0.3075364299999999,adaptive_ramp_v1,18.0,0.08,11.530214071273804,adaptive_brake,0.2042241245508194,-0.0926707684993743,0.4141762554645538,0.0266582183539867,-0.0390722341835498,-0.2703710794448852,-0.311675488948822,-0.7805038690567017,5.485858917236328,-2.5587220191955566,-3.422889709472656,-2.085122346878052,32505,32389,32417,33695,0.95,qplite_builtin,opp_m3_10000,0,0,10000,0,1.0911999999999973,0.352,0.0690429831440919,0.0112048685550689,0.0154676223173737,0.0244245212525129,0.729261577129364,-3.436757469899021e-05,0.0002184769982704,-0.0038395475130528,0.0097382431849837,0.0112048685550689,32762.0,1.523038625717163
seeded_ic_v1,14980012,0.013423,0.0246,-1.414326,9.998972,0.715201,0.3075364299999999,adaptive_ramp_v1,18.0,0.08,11.530462980270386,adaptive_brake,0.2042241245508194,-0.0926707684993743,0.4141762554645538,0.0266582183539867,-0.0390722341835498,-0.2703710794448852,-0.3603480458259582,-0.7080662250518799,5.443954944610596,-2.193056583404541,-3.840967893600464,-2.137047290802002,32505,32389,32417,33695,0.95,qplite_builtin,opp_m3_10000,0,0,10000,0,1.0911999999999973,0.352,0.0690429831440919,0.0112048685550689,0.0154676223173737,0.0244245212525129,0.729261577129364,-3.436757469899021e-05,0.0002184769982704,-0.0038395475130528,0.0097382431849837,0.0112048685550689,32762.0,1.5232875347137451
seeded_ic_v1,14980012,0.013423,0.0246,-1.414326,9.998972,0.715201,0.3075364299999999,adaptive_ramp_v1,18.0,0.08,11.530540943145752,adaptive_brake,0.2042241245508194,-0.0926707684993743,0.4141762554645538,0.0266582183539867,-0.0390722341835498,-0.2703710794448852,-0.3603480458259582,-0.7080662250518799,5.443954944610596,-2.193056583404541,-3.840967893600464,-2.137047290802002,32505,31565,32447,32789,0.95,qplite_builtin,opp_m3_10000,0,0,10000,0,1.0911999999999973,0.352,0.0690429831440919,0.0112048685550689,0.0154676223173737,0.0244245212525129,0.729261577129364,-3.436757469899021e-05,0.0002184769982704,-0.0038395475130528,0.0097382431849837,0.0112048685550689,32762.0,1.5233654975891113
seeded_ic_v1,14980012,0.013423,0.0246,-1.414326,9.998972,0.715201,0.3075364299999999,adaptive_ramp_v1,18.0,0.08,11.550240755081177,adaptive_brake,0.2048335671424865,-0.0933072492480278,0.4089339077472687,0.0290898215025663,-0.0369746685028076,-0.271227091550827,-0.3603480458259582,-0.7080662250518799,5.443954944610596,-2.193056583404541,-3.840967893600464,-2.137047290802002,32505,31565,32447,32789,0.95,qplite_builtin,opp_m3_10000,0,0,10000,0,1.0911999999999973,0.352,0.0690429831440919,0.0112048685550689,0.0154676223173737,0.0244245212525129,0.729261577129364,-3.436757469899021e-05,0.0002184769982704,-0.0038395475130528,0.0097382431849837,0.0112048685550689,32762.0,1.5430653095245361
seeded_ic_v1,14980012,0.013423,0.0246,-1.414326,9.998972,0.715201,0.3075364299999999,adaptive_ramp_v1,18.0,0.08,11.550410509109495,adaptive_brake,0.2048335671424865,-0.0933072492480278,0.4089339077472687,0.0290898215025663,-0.0369746685028076,-0.271227091550827,-0.4017404913902282,-0.6283935904502869,5.4018330574035645,-1.8641622066497805,-4.089709281921387,-2.079394817352295,32505,31565,32447,32789,0.95,qplite_builtin,opp_m3_10000,0,0,10000,0,1.0911999999999973,0.352,0.0690429831440919,0.0112048685550689,0.0154676223173737,0.0244245212525129,0.729261577129364,-3.436757469899021e-05,0.0002184769982704,-0.0038395475130528,0.0097382431849837,0.0112048685550689,32762.0,1.5432350635528547
seeded_ic_v1,14980012,0.013423,0.0246,-1.414326,9.998972,0.715201,0.3075364299999999,adaptive_ramp_v1,18.0,0.08,11.55048656463623,adaptive_brake,0.2048335671424865,-0.0933072492480278,0.4089339077472687,0.0290898215025663,-0.0369746685028076,-0.271227091550827,-0.4017404913902282,-0.6283935904502869,5.4018330574035645,-1.8641622066497805,-4.089709281921387,-2.079394817352295,32505,32549,32593,33755,0.95,qplite_builtin,opp_m3_10000,0,0,10000,0,1.0911999999999973,0.352,0.0690429831440919,0.0112048685550689,0.0154676223173737,0.0244245212525129,0.729261577129364,-3.436757469899021e-05,0.0002184769982704,-0.0038395475130528,0.0097382431849837,0.0112048685550689,32762.0,1.5433111190795898
seeded_ic_v1,14980012,0.013423,0.0246,-1.414326,9.998972,0.715201,0.3075364299999999,adaptive_ramp_v1,18.0,0.08,11.570119142532349,adaptive_brake,0.205489844083786,-0.0939208939671516,0.4034807682037353,0.0312356948852539,-0.0348676107823848,-0.2728450298309326,-0.4017404913902282,-0.6283935904502869,5.4018330574035645,-1.8641622066497805,-4.089709281921387,-2.079394817352295,32505,32549,32593,33755,0.95,qplite_builtin,opp_m3_10000,0,0,10000,0,1.0911999999999973,0.352,0.0690429831440919,0.0112048685550689,0.0154676223173737,0.0244245212525129,0.729261577129364,-3.436757469899021e-05,0.0002184769982704,-0.0038395475130528,0.0097382431849837,0.0112048685550689,32762.0,1.562943696975708
seeded_ic_v1,14980012,0.013423,0.0246,-1.414326,9.998972,0.715201,0.3075364299999999,adaptive_ramp_v1,18.0,0.08,11.57028102874756,adaptive_brake,0.205489844083786,-0.0939208939671516,0.4034807682037353,0.0312356948852539,-0.0348676107823848,-0.2728450298309326,-0.437055379152298,-0.5455932021141052,5.360684871673584,-1.576062798500061,-4.189259052276611,-2.075179100036621,32505,32549,32593,33755,0.95,qplite_builtin,opp_m3_10000,0,0,10000,0,1.0911999999999973,0.352,0.0690429831440919,0.0112048685550689,0.0154676223173737,0.0244245212525129,0.729261577129364,-3.436757469899021e-05,0.0002184769982704,-0.0038395475130528,0.0097382431849837,0.0112048685550689,32762.0,1.5631055831909197
seeded_ic_v1,14980012,0.013423,0.0246,-1.414326,9.998972,0.715201,0.3075364299999999,adaptive_ramp_v1,18.0,0.08,11.570348501205444,adaptive_brake,0.205489844083786,-0.0939208939671516,0.4034807682037353,0.0312356948852539,-0.0348676107823848,-0.2728450298309326,-0.437055379152298,-0.5455932021141052,5.360684871673584,-1.576062798500061,-4.189259052276611,-2.075179100036621,32505,31625,32601,32875,0.95,qplite_builtin,opp_m3_10000,0,0,10000,0,1.0911999999999973,0.352,0.0690429831440919,0.0112048685550689,0.0154676223173737,0.0244245212525129,0.729261577129364,-3.436757469899021e-05,0.0002184769982704,-0.0038395475130528,0.0097382431849837,0.0112048685550689,32762.0,1.5631730556488037
seeded_ic_v1,14980012,0.013423,0.0246,-1.414326,9.998972,0.715201,0.3075364299999999,adaptive_ramp_v1,18.0,0.08,11.590214252471924,adaptive_brake,0.2061736732721328,-0.0944900140166282,0.3979945182800293,0.0330360420048236,-0.032665554434061,-0.2742502987384796,-0.437055379152298,-0.5455932021141052,5.360684871673584,-1.576062798500061,-4.189259052276611,-2.075179100036621,32505,31625,32601,32875,0.95,qplite_builtin,opp_m3_10000,0,0,10000,0,1.0911999999999973,0.352,0.0690429831440919,0.0112048685550689,0.0154676223173737,0.0244245212525129,0.729261577129364,-3.436757469899021e-05,0.0002184769982704,-0.0038395475130528,0.0097382431849837,0.0112048685550689,32762.0,1.5830388069152832
seeded_ic_v1,14980012,0.013423,0.0246,-1.414326,9.998972,0.715201,0.3075364299999999,adaptive_ramp_v1,18.0,0.08,11.590378284454346,adaptive_brake,0.2061736732721328,-0.0944900140166282,0.3979945182800293,0.0330360420048236,-0.032665554434061,-0.2742502987384796,-0.4659330248832702,-0.4603965282440185,5.319850444793701,-1.2164697647094729,-4.32937479019165,-2.075195550918579,32505,31625,32601,32875,0.95,qplite_builtin,opp_m3_10000,0,0,10000,0,1.0911999999999973,0.352,0.0690429831440919,0.0112048685550689,0.0154676223173737,0.0244245212525129,0.729261577129364,-3.436757469899021e-05,0.0002184769982704,-0.0038395475130528,0.0097382431849837,0.0112048685550689,32762.0,1.583202838897705
seeded_ic_v1,14980012,0.013423,0.0246,-1.414326,9.998972,0.715201,0.3075364299999999,adaptive_ramp_v1,18.0,0.08,11.590459823608398,adaptive_brake,0.2061736732721328,-0.0944900140166282,0.3979945182800293,0.0330360420048236,-0.032665554434061,-0.2742502987384796,-0.4659330248832702,-0.4603965282440185,5.319850444793701,-1.2164697647094729,-4.32937479019165,-2.075195550918579,32505,32631,32741,33785,0.95,qplite_builtin,opp_m3_10000,0,0,10000,0,1.0911999999999973,0.352,0.0690429831440919,0.0112048685550689,0.0154676223173737,0.0244245212525129,0.729261577129364,-3.436757469899021e-05,0.0002184769982704,-0.0038395475130528,0.0097382431849837,0.0112048685550689,32762.0,1.5832843780517578
seeded_ic_v1,14980012,0.013423,0.0246,-1.414326,9.998972,0.715201,0.3075364299999999,adaptive_ramp_v1,18.0,0.08,11.610134601593018,adaptive_brake,0.2068639695644378,-0.0949983298778534,0.3926338851451874,0.034425064921379,-0.0303168781101703,-0.2746381461620331,-0.4659330248832702,-0.4603965282440185,5.319850444793701,-1.2164697647094729,-4.32937479019165,-2.075195550918579,32505,32631,32741,33785,0.95,qplite_builtin,opp_m3_10000,0,0,10000,0,1.0911999999999973,0.352,0.0690429831440919,0.0112048685550689,0.0154676223173737,0.0244245212525129,0.729261577129364,-3.436757469899021e-05,0.0002184769982704,-0.0038395475130528,0.0097382431849837,0.0112048685550689,32762.0,1.602959156036377
seeded_ic_v1,14980012,0.013423,0.0246,-1.414326,9.998972,0.715201,0.3075364299999999,adaptive_ramp_v1,18.0,0.08,11.61035132408142,adaptive_brake,0.2068639695644378,-0.0949983298778534,0.3926338851451874,0.034425064921379,-0.0303168781101703,-0.2746381461620331,-0.4870511293411255,-0.3724341094493866,5.27907657623291,-0.7992832660675049,-4.455612659454346,-2.075195550918579,32505,32631,32741,33785,0.95,qplite_builtin,opp_m3_10000,0,0,10000,0,1.0911999999999973,0.352,0.0690429831440919,0.0112048685550689,0.0154676223173737,0.0244245212525129,0.729261577129364,-3.436757469899021e-05,0.0002184769982704,-0.0038395475130528,0.0097382431849837,0.0112048685550689,32762.0,1.6031758785247785
seeded_ic_v1,14980012,0.013423,0.0246,-1.414326,9.998972,0.715201,0.3075364299999999,adaptive_ramp_v1,18.0,0.08,11.610436916351318,adaptive_brake,0.2068639695644378,-0.0949983298778534,0.3926338851451874,0.034425064921379,-0.0303168781101703,-0.2746381461620331,-0.4870511293411255,-0.3724341094493866,5.27907657623291,-0.7992832660675049,-4.455612659454346,-2.075195550918579,32505,32705,32793,33779,0.95,qplite_builtin,opp_m3_10000,0,0,10000,0,1.0911999999999973,0.352,0.0690429831440919,0.0112048685550689,0.0154676223173737,0.0244245212525129,0.729261577129364,-3.436757469899021e-05,0.0002184769982704,-0.0038395475130528,0.0097382431849837,0.0112048685550689,32762.0,1.6032614707946777
seeded_ic_v1,14980012,0.013423,0.0246,-1.414326,9.998972,0.715201,0.3075364299999999,adaptive_ramp_v1,18.0,0.08,11.63017201423645,adaptive_brake,0.2075721025466919,-0.0954963415861129,0.3871705830097198,0.0354830287396907,-0.0281150471419096,-0.2753548920154571,-0.4870511293411255,-0.3724341094493866,5.27907657623291,-0.7992832660675049,-4.455612659454346,-2.075195550918579,32505,32705,32793,33779,0.95,qplite_builtin,opp_m3_10000,0,0,10000,0,1.0911999999999973,0.352,0.0690429831440919,0.0112048685550689,0.0154676223173737,0.0244245212525129,0.729261577129364,-3.436757469899021e-05,0.0002184769982704,-0.0038395475130528,0.0097382431849837,0.0112048685550689,32762.0,1.6229965686798096
seeded_ic_v1,14980012,0.013423,0.0246,-1.414326,9.998972,0.715201,0.3075364299999999,adaptive_ramp_v1,18.0,0.08,11.63039755821228,adaptive_brake,0.2075721025466919,-0.0954963415861129,0.3871705830097198,0.0354830287396907,-0.0281150471419096,-0.2753548920154571,-0.4994814693927765,-0.2828816175460815,5.23834228515625,-0.3606501519680023,-4.5095930099487305,-2.075195550918579,32505,32705,32793,33779,0.95,qplite_builtin,opp_m3_10000,0,0,10000,0,1.0911999999999973,0.352,0.0690429831440919,0.0112048685550689,0.0154676223173737,0.0244245212525129,0.729261577129364,-3.436757469899021e-05,0.0002184769982704,-0.0038395475130528,0.0097382431849837,0.0112048685550689,32762.0,1.6232221126556396
seeded_ic_v1,14980012,0.013423,0.0246,-1.414326,9.998972,0.715201,0.3075364299999999,adaptive_ramp_v1,18.0,0.08,11.630463123321531,adaptive_brake,0.2075721025466919,-0.0954963415861129,0.3871705830097198,0.0354830287396907,-0.0281150471419096,-0.2753548920154571,-0.4994814693927765,-0.2828816175460815,5.23834228515625,-0.3606501519680023,-4.5095930099487305,-2.075195550918579,32505,31831,32817,32921,0.95,qplite_builtin,opp_m3_10000,0,0,10000,0,1.0911999999999973,0.352,0.0690429831440919,0.0112048685550689,0.0154676223173737,0.0244245212525129,0.729261577129364,-3.436757469899021e-05,0.0002184769982704,-0.0038395475130528,0.0097382431849837,0.0112048685550689,32762.0,1.6232876777648908
seeded_ic_v1,14980012,0.013423,0.0246,-1.414326,9.998972,0.715201,0.3075364299999999,adaptive_ramp_v1,18.0,0.08,11.65027642250061,adaptive_brake,0.2082810252904892,-0.0958840548992157,0.3817965090274811,0.0361487939953804,-0.0255904197692871,-0.2753323912620544,-0.4994814693927765,-0.2828816175460815,5.23834228515625,-0.3606501519680023,-4.5095930099487305,-2.075195550918579,32505,31831,32817,32921,0.95,qplite_builtin,opp_m3_10000,0,0,10000,0,1.0911999999999973,0.352,0.0690429831440919,0.0112048685550689,0.0154676223173737,0.0244245212525129,0.729261577129364,-3.436757469899021e-05,0.0002184769982704,-0.0038395475130528,0.0097382431849837,0.0112048685550689,32762.0,1.6431009769439697
seeded_ic_v1,14980012,0.013423,0.0246,-1.414326,9.998972,0.715201,0.3075364299999999,adaptive_ramp_v1,18.0,0.08,11.650415658950806,adaptive_brake,0.2082810252904892,-0.0958840548992157,0.3817965090274811,0.0361487939953804,-0.0255904197692871,-0.2753323912620544,-0.503429651260376,-0.1931860446929931,5.197752952575684,0.0034505955409258,-4.443497657775879,-2.0139803886413574,32505,31831,32817,32921,0.95,qplite_builtin,opp_m3_10000,0,0,10000,0,1.0911999999999973,0.352,0.0690429831440919,0.0112048685550689,0.0154676223173737,0.0244245212525129,0.729261577129364,-3.436757469899021e-05,0.0002184769982704,-0.0038395475130528,0.0097382431849837,0.0112048685550689,32762.0,1.643240213394165
seeded_ic_v1,14980012,0.013423,0.0246,-1.414326,9.998972,0.715201,0.3075364299999999,adaptive_ramp_v1,18.0,0.08,11.650493144989014,adaptive_brake,0.2082810252904892,-0.0958840548992157,0.3817965090274811,0.0361487939953804,-0.0255904197692871,-0.2753323912620544,-0.503429651260376,-0.1931860446929931,5.197752952575684,0.0034505955409258,-4.443497657775879,-2.0139803886413574,32505,32791,32917,33793,0.95,qplite_builtin,opp_m3_10000,0,0,10000,0,1.0911999999999973,0.352,0.0690429831440919,0.0112048685550689,0.0154676223173737,0.0244245212525129,0.729261577129364,-3.436757469899021e-05,0.0002184769982704,-0.0038395475130528,0.0097382431849837,0.0112048685550689,32762.0,1.643317699432373
seeded_ic_v1,14980012,0.013423,0.0246,-1.414326,9.998972,0.715201,0.3075364299999999,adaptive_ramp_v1,18.0,0.08,11.670156955718994,adaptive_brake,0.2090028822422027,-0.0962926298379898,0.376281589269638,0.0365327931940555,-0.0234233904629945,-0.2759002447128296,-0.503429651260376,-0.1931860446929931,5.197752952575684,0.0034505955409258,-4.443497657775879,-2.0139803886413574,32505,32791,32917,33793,0.95,qplite_builtin,opp_m3_10000,0,0,10000,0,1.0911999999999973,0.352,0.0690429831440919,0.0112048685550689,0.0154676223173737,0.0244245212525129,0.729261577129364,-3.436757469899021e-05,0.0002184769982704,-0.0038395475130528,0.0097382431849837,0.0112048685550689,32762.0,1.6629815101623535
seeded_ic_v1,14980012,0.013423,0.0246,-1.414326,9.998972,0.715201,0.3075364299999999,adaptive_ramp_v1,18.0,0.08,11.670376062393188,adaptive_brake,0.2090028822422027,-0.0962926298379898,0.376281589269638,0.0365327931940555,-0.0234233904629945,-0.2759002447128296,-0.5005671381950378,-0.105527177453041,5.158244609832764,0.3956961035728454,-4.257700443267822,-2.014153003692627,32505,32791,32917,33793,0.95,qplite_builtin,opp_m3_10000,0,0,10000,0,1.0911999999999973,0.352,0.0690429831440919,0.0112048685550689,0.0154676223173737,0.0244245212525129,0.729261577129364,-3.436757469899021e-05,0.0002184769982704,-0.0038395475130528,0.0097382431849837,0.0112048685550689,32762.0,1.6632006168365479
seeded_ic_v1,14980012,0.013423,0.0246,-1.414326,9.998972,0.715201,0.3075364299999999,adaptive_ramp_v1,18.0,0.08,11.670443773269652,adaptive_brake,0.2090028822422027,-0.0962926298379898,0.376281589269638,0.0365327931940555,-0.0234233904629945,-0.2759002447128296,-0.5005671381950378,-0.105527177453041,5.158244609832764,0.3956961035728454,-4.257700443267822,-2.014153003692627,32505,31895,32837,32865,0.95,qplite_builtin,opp_m3_10000,0,0,10000,0,1.0911999999999973,0.352,0.0690429831440919,0.0112048685550689,0.0154676223173737,0.0244245212525129,0.729261577129364,-3.436757469899021e-05,0.0002184769982704,-0.0038395475130528,0.0097382431849837,0.0112048685550689,32762.0,1.663268327713011
seeded_ic_v1,14980012,0.013423,0.0246,-1.414326,9.998972,0.715201,0.3075364299999999,adaptive_ramp_v1,18.0,0.08,11.690539360046388,adaptive_brake,0.2097136229276657,-0.0966268479824066,0.3707963228225708,0.0365512855350971,-0.0211568921804428,-0.2761659324169159,-0.5005671381950378,-0.105527177453041,5.158244609832764,0.3956961035728454,-4.257700443267822,-2.014153003692627,32505,31895,32837,32865,0.95,qplite_builtin,opp_m3_10000,0,0,10000,0,1.0911999999999973,0.352,0.0690429831440919,0.0112048685550689,0.0154676223173737,0.0244245212525129,0.729261577129364,-3.436757469899021e-05,0.0002184769982704,-0.0038395475130528,0.0097382431849837,0.0112048685550689,32762.0,1.6833639144897479
seeded_ic_v1,14980012,0.013423,0.0246,-1.414326,9.998972,0.715201,0.3075364299999999,adaptive_ramp_v1,18.0,0.08,11.690701246261597,adaptive_brake,0.2097136229276657,-0.0966268479824066,0.3707963228225708,0.0365512855350971,-0.0211568921804428,-0.2761659324169159,-0.4892210364341736,-0.0216710604727268,5.118685245513916,0.7758979797363281,-4.074254035949707,-2.0141594409942627,32505,31895,32837,32865,0.95,qplite_builtin,opp_m3_10000,0,0,10000,0,1.0911999999999973,0.352,0.0690429831440919,0.0112048685550689,0.0154676223173737,0.0244245212525129,0.729261577129364,-3.436757469899021e-05,0.0002184769982704,-0.0038395475130528,0.0097382431849837,0.0112048685550689,32762.0,1.683525800704956
seeded_ic_v1,14980012,0.013423,0.0246,-1.414326,9.998972,0.715201,0.3075364299999999,adaptive_ramp_v1,18.0,0.08,11.690738677978516,adaptive_brake,0.2097136229276657,-0.0966268479824066,0.3707963228225708,0.0365512855350971,-0.0211568921804428,-0.2761659324169159,-0.4892210364341736,-0.0216710604727268,5.118685245513916,0.7758979797363281,-4.074254035949707,-2.0141594409942627,32505,32863,32915,33699,0.95,qplite_builtin,opp_m3_10000,0,0,10000,0,1.0911999999999973,0.352,0.0690429831440919,0.0112048685550689,0.0154676223173737,0.0244245212525129,0.729261577129364,-3.436757469899021e-05,0.0002184769982704,-0.0038395475130528,0.0097382431849837,0.0112048685550689,32762.0,1.683563232421875
seeded_ic_v1,14980012,0.013423,0.0246,-1.414326,9.998972,0.715201,0.3075364299999999,adaptive_ramp_v1,18.0,0.08,11.709219694137571,adaptive_brake,0.2100501358509063,-0.0967264324426651,0.3680521547794342,0.0363588258624076,-0.0197937060147523,-0.2762815058231354,-0.4892210364341736,-0.0216710604727268,5.118685245513916,0.7758979797363281,-4.074254035949707,-2.0141594409942627,32505,32863,32915,33699,0.95,qplite_builtin,opp_m3_10000,0,0,10000,0,1.0911999999999973,0.352,0.0690429831440919,0.0112048685550689,0.0154676223173737,0.0244245212525129,0.729261577129364,-3.436757469899021e-05,0.0002184769982704,-0.0038395475130528,0.0097382431849837,0.0112048685550689,32762.0,1.7020442485809308
seeded_ic_v1,14980012,0.013423,0.0246,-1.414326,9.998972,0.715201,0.3075364299999999,adaptive_ramp_v1,18.0,0.08,11.709418058395386,adaptive_brake,0.2100501358509063,-0.0967264324426651,0.3680521547794342,0.0363588258624076,-0.0197937060147523,-0.2762815058231354,-0.4809388518333435,0.0188615620136261,5.0988850593566895,1.0663926601409912,-3.864112854003906,-1.9884271621704104,32505,32863,32915,33699,0.95,qplite_builtin,opp_m3_10000,0,0,10000,0,1.0911999999999973,0.352,0.0690429831440919,0.0112048685550689,0.0154676223173737,0.0244245212525129,0.729261577129364,-3.436757469899021e-05,0.0002184769982704,-0.0038395475130528,0.0097382431849837,0.0112048685550689,32762.0,1.7022426128387451
seeded_ic_v1,14980012,0.013423,0.0246,-1.414326,9.998972,0.715201,0.3075364299999999,adaptive_ramp_v1,18.0,0.08,11.709537506103516,adaptive_brake,0.2100501358509063,-0.0967264324426651,0.3680521547794342,0.0363588258624076,-0.0197937060147523,-0.2762815058231354,-0.4809388518333435,0.0188615620136261,5.0988850593566895,1.0663926601409912,-3.864112854003906,-1.9884271621704104,32505,31981,32879,32837,0.95,qplite_builtin,opp_m3_10000,0,0,10000,0,1.0911999999999973,0.352,0.0690429831440919,0.0112048685550689,0.0154676223173737,0.0244245212525129,0.729261577129364,-3.436757469899021e-05,0.0002184769982704,-0.0038395475130528,0.0097382431849837,0.0112048685550689,32762.0,1.702362060546875
seeded_ic_v1,14980012,0.013423,0.0246,-1.414326,9.998972,0.715201,0.3075364299999999,adaptive_ramp_v1,18.0,0.08,11.729341506958008,adaptive_brake,0.2107681483030319,-0.0970160514116287,0.3623091578483581,0.0358488969504833,-0.0175754986703395,-0.2763167917728424,-0.4809388518333435,0.0188615620136261,5.0988850593566895,1.0663926601409912,-3.864112854003906,-1.9884271621704104,32505,31981,32879,32837,0.95,qplite_builtin,opp_m3_10000,0,0,10000,0,1.0911999999999973,0.352,0.0690429831440919,0.0112048685550689,0.0154676223173737,0.0244245212525129,0.729261577129364,-3.436757469899021e-05,0.0002184769982704,-0.0038395475130528,0.0097382431849837,0.0112048685550689,32762.0,1.7221660614013672
seeded_ic_v1,14980012,0.013423,0.0246,-1.414326,9.998972,0.715201,0.3075364299999999,adaptive_ramp_v1,18.0,0.08,11.729601621627808,adaptive_brake,0.2107681483030319,-0.0970160514116287,0.3623091578483581,0.0358488969504833,-0.0175754986703395,-0.2763167917728424,-0.4586074352264404,0.1003580316901207,5.057610988616943,1.3709583282470703,-3.606653213500977,-1.950942039489746,32505,31981,32879,32837,0.95,qplite_builtin,opp_m3_10000,0,0,10000,0,1.0911999999999973,0.352,0.0690429831440919,0.0112048685550689,0.0154676223173737,0.0244245212525129,0.729261577129364,-3.436757469899021e-05,0.0002184769982704,-0.0038395475130528,0.0097382431849837,0.0112048685550689,32762.0,1.722426176071167
seeded_ic_v1,14980012,0.013423,0.0246,-1.414326,9.998972,0.715201,0.3075364299999999,adaptive_ramp_v1,18.0,0.08,11.729675769805908,adaptive_brake,0.2107681483030319,-0.0970160514116287,0.3623091578483581,0.0358488969504833,-0.0175754986703395,-0.2763167917728424,-0.4586074352264404,0.1003580316901207,5.057610988616943,1.3709583282470703,-3.606653213500977,-1.950942039489746,32505,32037,32905,32811,0.95,qplite_builtin,opp_m3_10000,0,0,10000,0,1.0911999999999973,0.352,0.0690429831440919,0.0112048685550689,0.0154676223173737,0.0244245212525129,0.729261577129364,-3.436757469899021e-05,0.0002184769982704,-0.0038395475130528,0.0097382431849837,0.0112048685550689,32762.0,1.7225003242492676
seeded_ic_v1,14980012,0.013423,0.0246,-1.414326,9.998972,0.715201,0.3075364299999999,adaptive_ramp_v1,18.0,0.08,11.74924635887146,adaptive_brake,0.2114312499761581,-0.0972492918372154,0.3568189442157745,0.0350640900433063,-0.0155657082796096,-0.2763839364051819,-0.4586074352264404,0.1003580316901207,5.057610988616943,1.3709583282470703,-3.606653213500977,-1.950942039489746,32505,32037,32905,32811,0.95,qplite_builtin,opp_m3_10000,0,0,10000,0,1.0911999999999973,0.352,0.0690429831440919,0.0112048685550689,0.0154676223173737,0.0244245212525129,0.729261577129364,-3.436757469899021e-05,0.0002184769982704,-0.0038395475130528,0.0097382431849837,0.0112048685550689,32762.0,1.7420709133148193
seeded_ic_v1,14980012,0.013423,0.0246,-1.414326,9.998972,0.715201,0.3075364299999999,adaptive_ramp_v1,18.0,0.08,11.749383211135864,adaptive_brake,0.2114312499761581,-0.0972492918372154,0.3568189442157745,0.0350640900433063,-0.0155657082796096,-0.2763839364051819,-0.4309824109077453,0.1724338829517364,5.018984794616699,1.6622856855392456,-3.25269627571106,-2.016458034515381,32505,32037,32905,32811,0.95,qplite_builtin,opp_m3_10000,0,0,10000,0,1.0911999999999973,0.352,0.0690429831440919,0.0112048685550689,0.0154676223173737,0.0244245212525129,0.729261577129364,-3.436757469899021e-05,0.0002184769982704,-0.0038395475130528,0.0097382431849837,0.0112048685550689,32762.0,1.7422077655792236
seeded_ic_v1,14980012,0.013423,0.0246,-1.414326,9.998972,0.715201,0.3075364299999999,adaptive_ramp_v1,18.0,0.08,11.749446868896484,adaptive_brake,0.2114312499761581,-0.0972492918372154,0.3568189442157745,0.0350640900433063,-0.0155657082796096,-0.2763839364051819,-0.4309824109077453,0.1724338829517364,5.018984794616699,1.6622856855392456,-3.25269627571106,-2.016458034515381,32505,32081,32909,32811,0.95,qplite_builtin,opp_m3_10000,0,0,10000,0,1.0911999999999973,0.352,0.0690429831440919,0.0112048685550689,0.0154676223173737,0.0244245212525129,0.729261577129364,-3.436757469899021e-05,0.0002184769982704,-0.0038395475130528,0.0097382431849837,0.0112048685550689,32762.0,1.7422714233398438
seeded_ic_v1,14980012,0.013423,0.0246,-1.414326,9.998972,0.715201,0.3075364299999999,adaptive_ramp_v1,18.0,0.08,11.770231008529665,adaptive_brake,0.2121020406484604,-0.0974606201052665,0.3510601818561554,0.0339703038334846,-0.0136234099045395,-0.2765109539031982,-0.4309824109077453,0.1724338829517364,5.018984794616699,1.6622856855392456,-3.25269627571106,-2.016458034515381,32505,32081,32909,32811,0.95,qplite_builtin,opp_m3_10000,0,0,10000,0,1.0911999999999973,0.352,0.0690429831440919,0.0112048685550689,0.0154676223173737,0.0244245212525129,0.729261577129364,-3.436757469899021e-05,0.0002184769982704,-0.0038395475130528,0.0097382431849837,0.0112048685550689,32762.0,1.7630555629730242
seeded_ic_v1,14980012,0.013423,0.0246,-1.414326,9.998972,0.715201,0.3075364299999999,adaptive_ramp_v1,18.0,0.08,11.770404815673828,adaptive_brake,0.2121020406484604,-0.0974606201052665,0.3510601818561554,0.0339703038334846,-0.0136234099045395,-0.2765109539031982,-0.3957210481166839,0.240690603852272,4.977468967437744,1.89351224899292,-2.918900966644287,-2.039254665374756,32505,32081,32909,32811,0.95,qplite_builtin,opp_m3_10000,0,0,10000,0,1.0911999999999973,0.352,0.0690429831440919,0.0112048685550689,0.0154676223173737,0.0244245212525129,0.729261577129364,-3.436757469899021e-05,0.0002184769982704,-0.0038395475130528,0.0097382431849837,0.0112048685550689,32762.0,1.7632293701171875
seeded_ic_v1,14980012,0.013423,0.0246,-1.414326,9.998972,0.715201,0.3075364299999999,adaptive_ramp_v1,18.0,0.08,11.770484685897827,adaptive_brake,0.2121020406484604,-0.0974606201052665,0.3510601818561554,0.0339703038334846,-0.0136234099045395,-0.2765109539031982,-0.3957210481166839,0.240690603852272,4.977468967437744,1.89351224899292,-2.918900966644287,-2.039254665374756,32505,32145,32949,32803,0.95,qplite_builtin,opp_m3_10000,0,0,10000,0,1.0911999999999973,0.352,0.0690429831440919,0.0112048685550689,0.0154676223173737,0.0244245212525129,0.729261577129364,-3.436757469899021e-05,0.0002184769982704,-0.0038395475130528,0.0097382431849837,0.0112048685550689,32762.0,1.7633092403411865
seeded_ic_v1,14980012,0.013423,0.0246,-1.414326,9.998972,0.715201,0.3075364299999999,adaptive_ramp_v1,18.0,0.08,11.790170431137083,adaptive_brake,0.2127076685428619,-0.0976244211196899,0.3455785512924194,0.0326728224754333,-0.0119106583297252,-0.2767475545406341,-0.3957210481166839,0.240690603852272,4.977468967437744,1.89351224899292,-2.918900966644287,-2.039254665374756,32505,32145,32949,32803,0.95,qplite_builtin,opp_m3_10000,0,0,10000,0,1.0911999999999973,0.352,0.0690429831440919,0.0112048685550689,0.0154676223173737,0.0244245212525129,0.729261577129364,-3.436757469899021e-05,0.0002184769982704,-0.0038395475130528,0.0097382431849837,0.0112048685550689,32762.0,1.7829949855804426
seeded_ic_v1,14980012,0.013423,0.0246,-1.414326,9.998972,0.715201,0.3075364299999999,adaptive_ramp_v1,18.0,0.08,11.79039978981018,adaptive_brake,0.2127076685428619,-0.0976244211196899,0.3455785512924194,0.0326728224754333,-0.0119106583297252,-0.2767475545406341,-0.3577157258987427,0.2991185784339905,4.93688440322876,2.0163474082946777,-2.5678963661193848,-2.036210536956787,32505,32145,32949,32803,0.95,qplite_builtin,opp_m3_10000,0,0,10000,0,1.0911999999999973,0.352,0.0690429831440919,0.0112048685550689,0.0154676223173737,0.0244245212525129,0.729261577129364,-3.436757469899021e-05,0.0002184769982704,-0.0038395475130528,0.0097382431849837,0.0112048685550689,32762.0,1.78322434425354
seeded_ic_v1,14980012,0.013423,0.0246,-1.414326,9.998972,0.715201,0.3075364299999999,adaptive_ramp_v1,18.0,0.08,11.790466547012327,adaptive_brake,0.2127076685428619,-0.0976244211196899,0.3455785512924194,0.0326728224754333,-0.0119106583297252,-0.2767475545406341,-0.3577157258987427,0.2991185784339905,4.93688440322876,2.0163474082946777,-2.5678963661193848,-2.036210536956787,32505,32191,32961,32793,0.95,qplite_builtin,opp_m3_10000,0,0,10000,0,1.0911999999999973,0.352,0.0690429831440919,0.0112048685550689,0.0154676223173737,0.0244245212525129,0.729261577129364,-3.436757469899021e-05,0.0002184769982704,-0.0038395475130528,0.0097382431849837,0.0112048685550689,32762.0,1.7832911014556867
seeded_ic_v1,14980012,0.013423,0.0246,-1.414326,9.998972,0.715201,0.3075364299999999,adaptive_ramp_v1,18.0,0.08,11.810232400894163,adaptive_brake,0.2132827788591385,-0.0977610945701599,0.3400687277317047,0.0311811827123165,-0.0103709995746612,-0.2769361138343811,-0.3577157258987427,0.2991185784339905,4.93688440322876,2.0163474082946777,-2.5678963661193848,-2.036210536956787,32505,32191,32961,32793,0.95,qplite_builtin,opp_m3_10000,0,0,10000,0,1.0911999999999973,0.352,0.0690429831440919,0.0112048685550689,0.0154676223173737,0.0244245212525129,0.729261577129364,-3.436757469899021e-05,0.0002184769982704,-0.0038395475130528,0.0097382431849837,0.0112048685550689,32762.0,1.8030569553375226
seeded_ic_v1,14980012,0.013423,0.0246,-1.414326,9.998972,0.715201,0.3075364299999999,adaptive_ramp_v1,18.0,0.08,11.810475826263428,adaptive_brake,0.2132827788591385,-0.0977610945701599,0.3400687277317047,0.0311811827123165,-0.0103709995746612,-0.2769361138343811,-0.3172782361507416,0.3506273925304413,4.89636754989624,2.1363401412963867,-2.201456069946289,-1.9884363412857056,32505,32191,32961,32793,0.95,qplite_builtin,opp_m3_10000,0,0,10000,0,1.0911999999999973,0.352,0.0690429831440919,0.0112048685550689,0.0154676223173737,0.0244245212525129,0.729261577129364,-3.436757469899021e-05,0.0002184769982704,-0.0038395475130528,0.0097382431849837,0.0112048685550689,32762.0,1.803300380706787
seeded_ic_v1,14980012,0.013423,0.0246,-1.414326,9.998972,0.715201,0.3075364299999999,adaptive_ramp_v1,18.0,0.08,11.810572385787964,adaptive_brake,0.2132827788591385,-0.0977610945701599,0.3400687277317047,0.0311811827123165,-0.0103709995746612,-0.2769361138343811,-0.3172782361507416,0.3506273925304413,4.89636754989624,2.1363401412963867,-2.201456069946289,-1.9884363412857056,32505,32189,32925,32747,0.95,qplite_builtin,opp_m3_10000,0,0,10000,0,1.0911999999999973,0.352,0.0690429831440919,0.0112048685550689,0.0154676223173737,0.0244245212525129,0.729261577129364,-3.436757469899021e-05,0.0002184769982704,-0.0038395475130528,0.0097382431849837,0.0112048685550689,32762.0,1.8033969402313232
seeded_ic_v1,14980012,0.013423,0.0246,-1.414326,9.998972,0.715201,0.3075364299999999,adaptive_ramp_v1,18.0,0.08,11.830180883407593,adaptive_brake,0.2138242721557617,-0.0978738591074943,0.3345374464988708,0.029521906748414,-0.0090087447315454,-0.2770088315010071,-0.3172782361507416,0.3506273925304413,4.89636754989624,2.1363401412963867,-2.201456069946289,-1.9884363412857056,32505,32189,32925,32747,0.95,qplite_builtin,opp_m3_10000,0,0,10000,0,1.0911999999999973,0.352,0.0690429831440919,0.0112048685550689,0.0154676223173737,0.0244245212525129,0.729261577129364,-3.436757469899021e-05,0.0002184769982704,-0.0038395475130528,0.0097382431849837,0.0112048685550689,32762.0,1.8230054378509521
seeded_ic_v1,14980012,0.013423,0.0246,-1.414326,9.998972,0.715201,0.3075364299999999,adaptive_ramp_v1,18.0,0.08,11.83037495613098,adaptive_brake,0.2138242721557617,-0.0978738591074943,0.3345374464988708,0.029521906748414,-0.0090087447315454,-0.2770088315010071,-0.2743255198001861,0.3946820795536041,4.856936454772949,2.272975444793701,-1.8053185939788816,-1.953134298324585,32505,32189,32925,32747,0.95,qplite_builtin,opp_m3_10000,0,0,10000,0,1.0911999999999973,0.352,0.0690429831440919,0.0112048685550689,0.0154676223173737,0.0244245212525129,0.729261577129364,-3.436757469899021e-05,0.0002184769982704,-0.0038395475130528,0.0097382431849837,0.0112048685550689,32762.0,1.823199510574339
seeded_ic_v1,14980012,0.013423,0.0246,-1.414326,9.998972,0.715201,0.3075364299999999,adaptive_ramp_v1,18.0,0.08,11.83042597770691,adaptive_brake,0.2138242721557617,-0.0978738591074943,0.3345374464988708,0.029521906748414,-0.0090087447315454,-0.2770088315010071,-0.2743255198001861,0.3946820795536041,4.856936454772949,2.272975444793701,-1.8053185939788816,-1.953134298324585,32505,32197,32897,32711,0.95,qplite_builtin,opp_m3_10000,0,0,10000,0,1.0911999999999973,0.352,0.0690429831440919,0.0112048685550689,0.0154676223173737,0.0244245212525129,0.729261577129364,-3.436757469899021e-05,0.0002184769982704,-0.0038395475130528,0.0097382431849837,0.0112048685550689,32762.0,1.8232505321502686
seeded_ic_v1,14980012,0.013423,0.0246,-1.414326,9.998972,0.715201,0.3075364299999999,adaptive_ramp_v1,18.0,0.08,11.850107669830322,adaptive_brake,0.2143296748399734,-0.097966119647026,0.3289868831634521,0.0277271885424852,-0.007831510156393,-0.2773735821247101,-0.2743255198001861,0.3946820795536041,4.856936454772949,2.272975444793701,-1.8053185939788816,-1.953134298324585,32505,32197,32897,32711,0.95,qplite_builtin,opp_m3_10000,0,0,10000,0,1.0911999999999973,0.352,0.0690429831440919,0.0112048685550689,0.0154676223173737,0.0244245212525129,0.729261577129364,-3.436757469899021e-05,0.0002184769982704,-0.0038395475130528,0.0097382431849837,0.0112048685550689,32762.0,1.8429322242736816
seeded_ic_v1,14980012,0.013423,0.0246,-1.414326,9.998972,0.715201,0.3075364299999999,adaptive_ramp_v1,18.0,0.08,11.850302696228027,adaptive_brake,0.2143296748399734,-0.097966119647026,0.3289868831634521,0.0277271885424852,-0.007831510156393,-0.2773735821247101,-0.2284332066774368,0.4309276342391968,4.818032264709473,2.3839590549468994,-1.3982290029525757,-1.953125,32505,32197,32897,32711,0.95,qplite_builtin,opp_m3_10000,0,0,10000,0,1.0911999999999973,0.352,0.0690429831440919,0.0112048685550689,0.0154676223173737,0.0244245212525129,0.729261577129364,-3.436757469899021e-05,0.0002184769982704,-0.0038395475130528,0.0097382431849837,0.0112048685550689,32762.0,1.8431272506713867
seeded_ic_v1,14980012,0.013423,0.0246,-1.414326,9.998972,0.715201,0.3075364299999999,adaptive_ramp_v1,18.0,0.08,11.850377082824709,adaptive_brake,0.2143296748399734,-0.097966119647026,0.3289868831634521,0.0277271885424852,-0.007831510156393,-0.2773735821247101,-0.2284332066774368,0.4309276342391968,4.818032264709473,2.3839590549468994,-1.3982290029525757,-1.953125,32505,32203,32851,32667,0.95,qplite_builtin,opp_m3_10000,0,0,10000,0,1.0911999999999973,0.352,0.0690429831440919,0.0112048685550689,0.0154676223173737,0.0244245212525129,0.729261577129364,-3.436757469899021e-05,0.0002184769982704,-0.0038395475130528,0.0097382431849837,0.0112048685550689,32762.0,1.8432016372680682
seeded_ic_v1,14980012,0.013423,0.0246,-1.414326,9.998972,0.715201,0.3075364299999999,adaptive_ramp_v1,18.0,0.08,11.870105266571043,adaptive_brake,0.2147971093654632,-0.0980414226651191,0.3234152495861053,0.0258262790739536,-0.0068448297679424,-0.2778510451316833,-0.2284332066774368,0.4309276342391968,4.818032264709473,2.3839590549468994,-1.3982290029525757,-1.953125,32505,32203,32851,32667,0.95,qplite_builtin,opp_m3_10000,0,0,10000,0,1.0911999999999973,0.352,0.0690429831440919,0.0112048685550689,0.0154676223173737,0.0244245212525129,0.729261577129364,-3.436757469899021e-05,0.0002184769982704,-0.0038395475130528,0.0097382431849837,0.0112048685550689,32762.0,1.8629298210144025
seeded_ic_v1,14980012,0.013423,0.0246,-1.414326,9.998972,0.715201,0.3075364299999999,adaptive_ramp_v1,18.0,0.08,11.870351791381836,adaptive_brake,0.2147971093654632,-0.0980414226651191,0.3234152495861053,0.0258262790739536,-0.0068448297679424,-0.2778510451316833,-0.1800466924905777,0.4588581323623657,4.779067039489746,2.4802908897399902,-0.9923937320709229,-1.953125,32505,32203,32851,32667,0.95,qplite_builtin,opp_m3_10000,0,0,10000,0,1.0911999999999973,0.352,0.0690429831440919,0.0112048685550689,0.0154676223173737,0.0244245212525129,0.729261577129364,-3.436757469899021e-05,0.0002184769982704,-0.0038395475130528,0.0097382431849837,0.0112048685550689,32762.0,1.8631763458251953
seeded_ic_v1,14980012,0.013423,0.0246,-1.414326,9.998972,0.715201,0.3075364299999999,adaptive_ramp_v1,18.0,0.08,11.87038803100586,adaptive_brake,0.2147971093654632,-0.0980414226651191,0.3234152495861053,0.0258262790739536,-0.0068448297679424,-0.2778510451316833,-0.1800466924905777,0.4588581323623657,4.779067039489746,2.4802908897399902,-0.9923937320709229,-1.953125,32505,32213,32771,32593,0.95,qplite_builtin,opp_m3_10000,0,0,10000,0,1.0911999999999973,0.352,0.0690429831440919,0.0112048685550689,0.0154676223173737,0.0244245212525129,0.729261577129364,-3.436757469899021e-05,0.0002184769982704,-0.0038395475130528,0.0097382431849837,0.0112048685550689,32762.0,1.8632125854492188
seeded_ic_v1,14980012,0.013423,0.0246,-1.414326,9.998972,0.715201,0.3075364299999999,adaptive_ramp_v1,18.0,0.08,11.89013695716858,adaptive_brake,0.2152253091335296,-0.0981033593416214,0.3178218901157379,0.0238520503044128,-0.0060527273453772,-0.2785992622375488,-0.1800466924905777,0.4588581323623657,4.779067039489746,2.4802908897399902,-0.9923937320709229,-1.953125,32505,32213,32771,32593,0.95,qplite_builtin,opp_m3_10000,0,0,10000,0,1.0911999999999973,0.352,0.0690429831440919,0.0112048685550689,0.0154676223173737,0.0244245212525129,0.729261577129364,-3.436757469899021e-05,0.0002184769982704,-0.0038395475130528,0.0097382431849837,0.0112048685550689,32762.0,1.8829615116119403
seeded_ic_v1,14980012,0.013423,0.0246,-1.414326,9.998972,0.715201,0.3075364299999999,adaptive_ramp_v1,18.0,0.08,11.89036226272583,adaptive_brake,0.2152253091335296,-0.0981033593416214,0.3178218901157379,0.0238520503044128,-0.0060527273453772,-0.2785992622375488,-0.1302100569009781,0.4787236750125885,4.740056037902832,2.4996261596679688,-0.6250827312469482,-1.953125,32505,32213,32771,32593,0.95,qplite_builtin,opp_m3_10000,0,0,10000,0,1.0911999999999973,0.352,0.0690429831440919,0.0112048685550689,0.0154676223173737,0.0244245212525129,0.729261577129364,-3.436757469899021e-05,0.0002184769982704,-0.0038395475130528,0.0097382431849837,0.0112048685550689,32762.0,1.8831868171691895
seeded_ic_v1,14980012,0.013423,0.0246,-1.414326,9.998972,0.715201,0.3075364299999999,adaptive_ramp_v1,18.0,0.08,11.89043927192688,adaptive_brake,0.2152253091335296,-0.0981033593416214,0.3178218901157379,0.0238520503044128,-0.0060527273453772,-0.2785992622375488,-0.1302100569009781,0.4787236750125885,4.740056037902832,2.4996261596679688,-0.6250827312469482,-1.953125,32505,32225,32761,32579,0.95,qplite_builtin,opp_m3_10000,0,0,10000,0,1.0911999999999973,0.352,0.0690429831440919,0.0112048685550689,0.0154676223173737,0.0244245212525129,0.729261577129364,-3.436757469899021e-05,0.0002184769982704,-0.0038395475130528,0.0097382431849837,0.0112048685550689,32762.0,1.8832638263702393
seeded_ic_v1,14980012,0.013423,0.0246,-1.414326,9.998972,0.715201,0.3075364299999999,adaptive_ramp_v1,18.0,0.08,11.910109996795654,adaptive_brake,0.2156136333942413,-0.098155602812767,0.3122054934501648,0.0218326523900032,-0.0054555218666791,-0.2794086635112762,-0.1302100569009781,0.4787236750125885,4.740056037902832,2.4996261596679688,-0.6250827312469482,-1.953125,32505,32225,32761,32579,0.95,qplite_builtin,opp_m3_10000,0,0,10000,0,1.0911999999999973,0.352,0.0690429831440919,0.0112048685550689,0.0154676223173737,0.0244245212525129,0.729261577129364,-3.436757469899021e-05,0.0002184769982704,-0.0038395475130528,0.0097382431849837,0.0112048685550689,32762.0,1.9029345512390137
seeded_ic_v1,14980012,0.013423,0.0246,-1.414326,9.998972,0.715201,0.3075364299999999,adaptive_ramp_v1,18.0,0.08,11.910300493240356,adaptive_brake,0.2156136333942413,-0.098155602812767,0.3122054934501648,0.0218326523900032,-0.0054555218666791,-0.2794086635112762,-0.0803323462605476,0.4909704625606537,4.701014518737793,2.441458225250244,-0.2492717206478119,-1.953125,32505,32225,32761,32579,0.95,qplite_builtin,opp_m3_10000,0,0,10000,0,1.0911999999999973,0.352,0.0690429831440919,0.0112048685550689,0.0154676223173737,0.0244245212525129,0.729261577129364,-3.436757469899021e-05,0.0002184769982704,-0.0038395475130528,0.0097382431849837,0.0112048685550689,32762.0,1.9031250476837158
seeded_ic_v1,14980012,0.013423,0.0246,-1.414326,9.998972,0.715201,0.3075364299999999,adaptive_ramp_v1,18.0,0.08,11.910401105880736,adaptive_brake,0.2156136333942413,-0.098155602812767,0.3122054934501648,0.0218326523900032,-0.0054555218666791,-0.2794086635112762,-0.0803323462605476,0.4909704625606537,4.701014518737793,2.441458225250244,-0.2492717206478119,-1.953125,32505,32227,32713,32549,0.95,qplite_builtin,opp_m3_10000,0,0,10000,0,1.0911999999999973,0.352,0.0690429831440919,0.0112048685550689,0.0154676223173737,0.0244245212525129,0.729261577129364,-3.436757469899021e-05,0.0002184769982704,-0.0038395475130528,0.0097382431849837,0.0112048685550689,32762.0,1.903225660324095
seeded_ic_v1,14980012,0.013423,0.0246,-1.414326,9.998972,0.715201,0.3075364299999999,adaptive_ramp_v1,18.0,0.08,11.930125951766968,adaptive_brake,0.2159619927406311,-0.0982018038630485,0.3065659403800964,0.0197975542396307,-0.0050483858212828,-0.280425101518631,-0.0803323462605476,0.4909704625606537,4.701014518737793,2.441458225250244,-0.2492717206478119,-1.953125,32505,32227,32713,32549,0.95,qplite_builtin,opp_m3_10000,0,0,10000,0,1.0911999999999973,0.352,0.0690429831440919,0.0112048685550689,0.0154676223173737,0.0244245212525129,0.729261577129364,-3.436757469899021e-05,0.0002184769982704,-0.0038395475130528,0.0097382431849837,0.0112048685550689,32762.0,1.9229505062103271
seeded_ic_v1,14980012,0.013423,0.0246,-1.414326,9.998972,0.715201,0.3075364299999999,adaptive_ramp_v1,18.0,0.08,11.930381774902344,adaptive_brake,0.2159619927406311,-0.0982018038630485,0.3065659403800964,0.0197975542396307,-0.0050483858212828,-0.280425101518631,-0.0311695914715528,0.4958017766475677,4.661955833435059,2.3801920413970947,0.0440019890666008,-1.953125,32505,32227,32713,32549,0.95,qplite_builtin,opp_m3_10000,0,0,10000,0,1.0911999999999973,0.352,0.0690429831440919,0.0112048685550689,0.0154676223173737,0.0244245212525129,0.729261577129364,-3.436757469899021e-05,0.0002184769982704,-0.0038395475130528,0.0097382431849837,0.0112048685550689,32762.0,1.9232063293457031
seeded_ic_v1,14980012,0.013423,0.0246,-1.414326,9.998972,0.715201,0.3075364299999999,adaptive_ramp_v1,18.0,0.08,11.930428266525269,adaptive_brake,0.2159619927406311,-0.0982018038630485,0.3065659403800964,0.0197975542396307,-0.0050483858212828,-0.280425101518631,-0.0311695914715528,0.4958017766475677,4.661955833435059,2.3801920413970947,0.0440019890666008,-1.953125,32505,32243,32699,32527,0.95,qplite_builtin,opp_m3_10000,0,0,10000,0,1.0911999999999973,0.352,0.0690429831440919,0.0112048685550689,0.0154676223173737,0.0244245212525129,0.729261577129364,-3.436757469899021e-05,0.0002184769982704,-0.0038395475130528,0.0097382431849837,0.0112048685550689,32762.0,1.923252820968628
seeded_ic_v1,14980012,0.013423,0.0246,-1.414326,9.998972,0.715201,0.3075364299999999,adaptive_ramp_v1,18.0,0.08,11.950114488601685,adaptive_brake,0.2162708938121795,-0.0982454270124435,0.3009026050567627,0.0177720561623573,-0.0048257214948534,-0.2814593911170959,-0.0311695914715528,0.4958017766475677,4.661955833435059,2.3801920413970947,0.0440019890666008,-1.953125,32505,32243,32699,32527,0.95,qplite_builtin,opp_m3_10000,0,0,10000,0,1.0911999999999973,0.352,0.0690429831440919,0.0112048685550689,0.0154676223173737,0.0244245212525129,0.729261577129364,-3.436757469899021e-05,0.0002184769982704,-0.0038395475130528,0.0097382431849837,0.0112048685550689,32762.0,1.942939043045044
seeded_ic_v1,14980012,0.013423,0.0246,-1.414326,9.998972,0.715201,0.3075364299999999,adaptive_ramp_v1,18.0,0.08,11.950318336486816,adaptive_brake,0.2162708938121795,-0.0982454270124435,0.3009026050567627,0.0177720561623573,-0.0048257214948534,-0.2814593911170959,0.0170857179909944,0.4942663013935089,4.622891902923584,2.315715789794922,0.4320406019687652,-1.953125,32505,32243,32699,32527,0.95,qplite_builtin,opp_m3_10000,0,0,10000,0,1.0911999999999973,0.352,0.0690429831440919,0.0112048685550689,0.0154676223173737,0.0244245212525129,0.729261577129364,-3.436757469899021e-05,0.0002184769982704,-0.0038395475130528,0.0097382431849837,0.0112048685550689,32762.0,1.9431428909301758
seeded_ic_v1,14980012,0.013423,0.0246,-1.414326,9.998972,0.715201,0.3075364299999999,adaptive_ramp_v1,18.0,0.08,11.950392961502075,adaptive_brake,0.2162708938121795,-0.0982454270124435,0.3009026050567627,0.0177720561623573,-0.0048257214948534,-0.2814593911170959,0.0170857179909944,0.4942663013935089,4.622891902923584,2.315715789794922,0.4320406019687652,-1.953125,32505,32219,32599,32471,0.95,qplite_builtin,opp_m3_10000,0,0,10000,0,1.0911999999999973,0.352,0.0690429831440919,0.0112048685550689,0.0154676223173737,0.0244245212525129,0.729261577129364,-3.436757469899021e-05,0.0002184769982704,-0.0038395475130528,0.0097382431849837,0.0112048685550689,32762.0,1.9432175159454346
seeded_ic_v1,14980012,0.013423,0.0246,-1.414326,9.998972,0.715201,0.3075364299999999,adaptive_ramp_v1,18.0,0.08,11.970117568969728,adaptive_brake,0.2165412455797195,-0.0982898101210594,0.2952149510383606,0.0157818887382745,-0.0047797751612961,-0.2826929092407226,0.0170857179909944,0.4942663013935089,4.622891902923584,2.315715789794922,0.4320406019687652,-1.953125,32505,32219,32599,32471,0.95,qplite_builtin,opp_m3_10000,0,0,10000,0,1.0911999999999973,0.352,0.0690429831440919,0.0112048685550689,0.0154676223173737,0.0244245212525129,0.729261577129364,-3.436757469899021e-05,0.0002184769982704,-0.0038395475130528,0.0097382431849837,0.0112048685550689,32762.0,1.9629421234130877
seeded_ic_v1,14980012,0.013423,0.0246,-1.414326,9.998972,0.715201,0.3075364299999999,adaptive_ramp_v1,18.0,0.08,11.97040557861328,adaptive_brake,0.2165412455797195,-0.0982898101210594,0.2952149510383606,0.0157818887382745,-0.0047797751612961,-0.2826929092407226,0.0633286461234092,0.4854312539100647,4.583834648132324,2.1695125102996826,0.7603235244750977,-1.903615117073059,32505,32219,32599,32471,0.95,qplite_builtin,opp_m3_10000,0,0,10000,0,1.0911999999999973,0.352,0.0690429831440919,0.0112048685550689,0.0154676223173737,0.0244245212525129,0.729261577129364,-3.436757469899021e-05,0.0002184769982704,-0.0038395475130528,0.0097382431849837,0.0112048685550689,32762.0,1.9632301330566388
seeded_ic_v1,14980012,0.013423,0.0246,-1.414326,9.998972,0.715201,0.3075364299999999,adaptive_ramp_v1,18.0,0.08,11.970507383346558,adaptive_brake,0.2165412455797195,-0.0982898101210594,0.2952149510383606,0.0157818887382745,-0.0047797751612961,-0.2826929092407226,0.0633286461234092,0.4854312539100647,4.583834648132324,2.1695125102996826,0.7603235244750977,-1.903615117073059,32505,32185,32571,32461,0.95,qplite_builtin,opp_m3_10000,0,0,10000,0,1.0911999999999973,0.352,0.0690429831440919,0.0112048685550689,0.0154676223173737,0.0244245212525129,0.729261577129364,-3.436757469899021e-05,0.0002184769982704,-0.0038395475130528,0.0097382431849837,0.0112048685550689,32762.0,1.963331937789917
seeded_ic_v1,14980012,0.013423,0.0246,-1.414326,9.998972,0.715201,0.3075364299999999,adaptive_ramp_v1,18.0,0.08,11.99023699760437,adaptive_brake,0.2167744636535644,-0.0983381196856498,0.2895015776157379,0.0138511564582586,-0.0049000009894371,-0.2839613556861877,0.0633286461234092,0.4854312539100647,4.583834648132324,2.1695125102996826,0.7603235244750977,-1.903615117073059,32505,32185,32571,32461,0.95,qplite_builtin,opp_m3_10000,0,0,10000,0,1.0911999999999973,0.352,0.0690429831440919,0.0112048685550689,0.0154676223173737,0.0244245212525129,0.729261577129364,-3.436757469899021e-05,0.0002184769982704,-0.0038395475130528,0.0097382431849837,0.0112048685550689,32762.0,1.9830615520477295
seeded_ic_v1,14980012,0.013423,0.0246,-1.414326,9.998972,0.715201,0.3075364299999999,adaptive_ramp_v1,18.0,0.08,11.990381956100464,adaptive_brake,0.2167744636535644,-0.0983381196856498,0.2895015776157379,0.0138511564582586,-0.0049000009894371,-0.2839613556861877,0.1068898737430572,0.4701921939849853,4.545542240142822,2.0139288902282715,0.9901037812232972,-1.892088890075684,32505,32185,32571,32461,0.95,qplite_builtin,opp_m3_10000,0,0,10000,0,1.0911999999999973,0.352,0.0690429831440919,0.0112048685550689,0.0154676223173737,0.0244245212525129,0.729261577129364,-3.436757469899021e-05,0.0002184769982704,-0.0038395475130528,0.0097382431849837,0.0112048685550689,32762.0,1.9832065105438232
seeded_ic_v1,14980012,0.013423,0.0246,-1.414326,9.998972,0.715201,0.3075364299999999,adaptive_ramp_v1,18.0,0.08,11.990453481674194,adaptive_brake,0.2167744636535644,-0.0983381196856498,0.2895015776157379,0.0138511564582586,-0.0049000009894371,-0.2839613556861877,0.1068898737430572,0.4701921939849853,4.545542240142822,2.0139288902282715,0.9901037812232972,-1.892088890075684,32505,32165,32505,32431,0.95,qplite_builtin,opp_m3_10000,0,0,10000,0,1.0911999999999973,0.352,0.0690429831440919,0.0112048685550689,0.0154676223173737,0.0244245212525129,0.729261577129364,-3.436757469899021e-05,0.0002184769982704,-0.0038395475130528,0.0097382431849837,0.0112048685550689,32762.0,1.9832780361175537
seeded_ic_v1,14980012,0.013423,0.0246,-1.414326,9.998972,0.715201,0.3075364299999999,adaptive_ramp_v1,18.0,0.08,12.010319471359251,adaptive_brake,0.2169722914695739,-0.0983932390809059,0.2837615311145782,0.0120020192116498,-0.0051730326376855,-0.2854108810424804,0.1068898737430572,0.4701921939849853,4.545542240142822,2.0139288902282715,0.9901037812232972,-1.892088890075684,32505,32165,32505,32431,0.95,qplite_builtin,opp_m3_10000,0,0,10000,0,1.0911999999999973,0.352,0.0690429831440919,0.0112048685550689,0.0154676223173737,0.0244245212525129,0.729261577129364,-3.436757469899021e-05,0.0002184769982704,-0.0038395475130528,0.0097382431849837,0.0112048685550689,32762.0,2.0031440258026105
seeded_ic_v1,14980012,0.013423,0.0246,-1.414326,9.998972,0.715201,0.3075364299999999,adaptive_ramp_v1,18.0,0.08,12.010544061660768,adaptive_brake,0.2169722914695739,-0.0983932390809059,0.2837615311145782,0.0120020192116498,-0.0051730326376855,-0.2854108810424804,0.1472690552473068,0.450224220752716,4.507742404937744,1.830594539642334,1.1599037647247314,-1.8531522750854488,32505,32165,32505,32431,0.95,qplite_builtin,opp_m3_10000,0,0,10000,0,1.0911999999999973,0.352,0.0690429831440919,0.0112048685550689,0.0154676223173737,0.0244245212525129,0.729261577129364,-3.436757469899021e-05,0.0002184769982704,-0.0038395475130528,0.0097382431849837,0.0112048685550689,32762.0,2.0033686161041278
seeded_ic_v1,14980012,0.013423,0.0246,-1.414326,9.998972,0.715201,0.3075364299999999,adaptive_ramp_v1,18.0,0.08,12.010616540908812,adaptive_brake,0.2169722914695739,-0.0983932390809059,0.2837615311145782,0.0120020192116498,-0.0051730326376855,-0.2854108810424804,0.1472690552473068,0.450224220752716,4.507742404937744,1.830594539642334,1.1599037647247314,-1.8531522750854488,32505,32173,32493,32415,0.95,qplite_builtin,opp_m3_10000,0,0,10000,0,1.0911999999999973,0.352,0.0690429831440919,0.0112048685550689,0.0154676223173737,0.0244245212525129,0.729261577129364,-3.436757469899021e-05,0.0002184769982704,-0.0038395475130528,0.0097382431849837,0.0112048685550689,32762.0,2.003441095352171
seeded_ic_v1,14980012,0.013423,0.0246,-1.414326,9.998972,0.715201,0.3075364299999999,adaptive_ramp_v1,18.0,0.08,12.03018283843994,adaptive_brake,0.2171368598937988,-0.0984577983617782,0.2779931724071502,0.0102489357814192,-0.0055852839723229,-0.2869260311126709,0.1472690552473068,0.450224220752716,4.507742404937744,1.830594539642334,1.1599037647247314,-1.8531522750854488,32505,32173,32493,32415,0.95,qplite_builtin,opp_m3_10000,0,0,10000,0,1.0911999999999973,0.352,0.0690429831440919,0.0112048685550689,0.0154676223173737,0.0244245212525129,0.729261577129364,-3.436757469899021e-05,0.0002184769982704,-0.0038395475130528,0.0097382431849837,0.0112048685550689,32762.0,2.023007392883299
seeded_ic_v1,14980012,0.013423,0.0246,-1.414326,9.998972,0.715201,0.3075364299999999,adaptive_ramp_v1,18.0,0.08,12.030431270599363,adaptive_brake,0.2171368598937988,-0.0984577983617782,0.2779931724071502,0.0102489357814192,-0.0055852839723229,-0.2869260311126709,0.1841354221105575,0.4268129765987396,4.470654010772705,1.650869846343994,1.3219876289367676,-1.831053376197815,32505,32173,32493,32415,0.95,qplite_builtin,opp_m3_10000,0,0,10000,0,1.0911999999999973,0.352,0.0690429831440919,0.0112048685550689,0.0154676223173737,0.0244245212525129,0.729261577129364,-3.436757469899021e-05,0.0002184769982704,-0.0038395475130528,0.0097382431849837,0.0112048685550689,32762.0,2.023255825042723
seeded_ic_v1,14980012,0.013423,0.0246,-1.414326,9.998972,0.715201,0.3075364299999999,adaptive_ramp_v1,18.0,0.08,12.030519247055054,adaptive_brake,0.2171368598937988,-0.0984577983617782,0.2779931724071502,0.0102489357814192,-0.0055852839723229,-0.2869260311126709,0.1841354221105575,0.4268129765987396,4.470654010772705,1.650869846343994,1.3219876289367676,-1.831053376197815,32505,32179,32475,32379,0.95,qplite_builtin,opp_m3_10000,0,0,10000,0,1.0911999999999973,0.352,0.0690429831440919,0.0112048685550689,0.0154676223173737,0.0244245212525129,0.729261577129364,-3.436757469899021e-05,0.0002184769982704,-0.0038395475130528,0.0097382431849837,0.0112048685550689,32762.0,2.023343801498413
seeded_ic_v1,14980012,0.013423,0.0246,-1.414326,9.998972,0.715201,0.3075364299999999,adaptive_ramp_v1,18.0,0.08,12.05210280418396,adaptive_brake,0.217353343963623,-0.098597414791584,0.2693064510822296,0.0079539911821484,-0.0065429499372839,-0.2892822623252868,0.1841354221105575,0.4268129765987396,4.470654010772705,1.650869846343994,1.3219876289367676,-1.831053376197815,32505,32179,32475,32379,0.95,qplite_builtin,opp_m3_10000,0,0,10000,0,1.0911999999999973,0.352,0.0690429831440919,0.0112048685550689,0.0154676223173737,0.0244245212525129,0.729261577129364,-3.436757469899021e-05,0.0002184769982704,-0.0038395475130528,0.0097382431849837,0.0112048685550689,32762.0,2.0449273586273193
seeded_ic_v1,14980012,0.013423,0.0246,-1.414326,9.998972,0.715201,0.3075364299999999,adaptive_ramp_v1,18.0,0.08,12.052353858947754,adaptive_brake,0.217353343963623,-0.098597414791584,0.2693064510822296,0.0079539911821484,-0.0065429499372839,-0.2892822623252868,0.2329054623842239,0.3859042525291443,4.415870189666748,1.4750568866729736,1.4698266983032229,-1.8310548067092896,32505,32179,32475,32379,0.95,qplite_builtin,opp_m3_10000,0,0,10000,0,1.0911999999999973,0.352,0.0690429831440919,0.0112048685550689,0.0154676223173737,0.0244245212525129,0.729261577129364,-3.436757469899021e-05,0.0002184769982704,-0.0038395475130528,0.0097382431849837,0.0112048685550689,32762.0,2.0451784133911133
seeded_ic_v1,14980012,0.013423,0.0246,-1.414326,9.998972,0.715201,0.3075364299999999,adaptive_ramp_v1,18.0,0.08,12.052420139312744,adaptive_brake,0.217353343963623,-0.098597414791584,0.2693064510822296,0.0079539911821484,-0.0065429499372839,-0.2892822623252868,0.2329054623842239,0.3859042525291443,4.415870189666748,1.4750568866729736,1.4698266983032229,-1.8310548067092896,32505,32961,32415,33129,0.95,qplite_builtin,opp_m3_10000,0,0,10000,0,1.0911999999999973,0.352,0.0690429831440919,0.0112048685550689,0.0154676223173737,0.0244245212525129,0.729261577129364,-3.436757469899021e-05,0.0002184769982704,-0.0038395475130528,0.0097382431849837,0.0112048685550689,32762.0,2.0452446937561035
seeded_ic_v1,14980012,0.013423,0.0246,-1.414326,9.998972,0.715201,0.3075364299999999,adaptive_ramp_v1,18.0,0.08,12.070151805877686,adaptive_brake,0.2173874676227569,-0.0986328348517417,0.2664168775081634,0.0071325125172734,-0.0068177990615367,-0.2900410592556,0.2329054623842239,0.3859042525291443,4.415870189666748,1.4750568866729736,1.4698266983032229,-1.8310548067092896,32505,32961,32415,33129,0.95,qplite_builtin,opp_m3_10000,0,0,10000,0,1.0911999999999973,0.352,0.0690429831440919,0.0112048685550689,0.0154676223173737,0.0244245212525129,0.729261577129364,-3.436757469899021e-05,0.0002184769982704,-0.0038395475130528,0.0097382431849837,0.0112048685550689,32762.0,2.062976360321045
seeded_ic_v1,14980012,0.013423,0.0246,-1.414326,9.998972,0.715201,0.3075364299999999,adaptive_ramp_v1,18.0,0.08,12.07040238380432,adaptive_brake,0.2173874676227569,-0.0986328348517417,0.2664168775081634,0.0071325125172734,-0.0068177990615367,-0.2900410592556,0.2474330067634582,0.3707903325557709,4.397751331329346,1.2774977684020996,1.6146080493927002,-1.757813811302185,32505,32961,32415,33129,0.95,qplite_builtin,opp_m3_10000,0,0,10000,0,1.0911999999999973,0.352,0.0690429831440919,0.0112048685550689,0.0154676223173737,0.0244245212525129,0.729261577129364,-3.436757469899021e-05,0.0002184769982704,-0.0038395475130528,0.0097382431849837,0.0112048685550689,32762.0,2.063226938247679
seeded_ic_v1,14980012,0.013423,0.0246,-1.414326,9.998972,0.715201,0.3075364299999999,adaptive_ramp_v1,18.0,0.08,12.070483207702637,adaptive_brake,0.2173874676227569,-0.0986328348517417,0.2664168775081634,0.0071325125172734,-0.0068177990615367,-0.2900410592556,0.2474330067634582,0.3707903325557709,4.397751331329346,1.2774977684020996,1.6146080493927002,-1.757813811302185,32505,32161,32399,32321,0.95,qplite_builtin,opp_m3_10000,0,0,10000,0,1.0911999999999973,0.352,0.0690429831440919,0.0112048685550689,0.0154676223173737,0.0244245212525129,0.729261577129364,-3.436757469899021e-05,0.0002184769982704,-0.0038395475130528,0.0097382431849837,0.0112048685550689,32762.0,2.063307762145996
seeded_ic_v1,14980012,0.013423,0.0246,-1.414326,9.998972,0.715201,0.3075364299999999,adaptive_ramp_v1,18.0,0.08,12.090208292007446,adaptive_brake,0.2174663692712783,-0.0987378656864166,0.2605545222759247,0.0057295570150017,-0.0075595928356051,-0.2917158603668213,0.2474330067634582,0.3707903325557709,4.397751331329346,1.2774977684020996,1.6146080493927002,-1.757813811302185,32505,32161,32399,32321,0.95,qplite_builtin,opp_m3_10000,0,0,10000,0,1.0911999999999973,0.352,0.0690429831440919,0.0112048685550689,0.0154676223173737,0.0244245212525129,0.729261577129364,-3.436757469899021e-05,0.0002184769982704,-0.0038395475130528,0.0097382431849837,0.0112048685550689,32762.0,2.0830328464508057
seeded_ic_v1,14980012,0.013423,0.0246,-1.414326,9.998972,0.715201,0.3075364299999999,adaptive_ramp_v1,18.0,0.08,12.090468645095823,adaptive_brake,0.2174663692712783,-0.0987378656864166,0.2605545222759247,0.0057295570150017,-0.0075595928356051,-0.2917158603668213,0.2729953527450561,0.338243156671524,4.363070011138916,1.057133436203003,1.747990608215332,-1.683279037475586,32505,32161,32399,32321,0.95,qplite_builtin,opp_m3_10000,0,0,10000,0,1.0911999999999973,0.352,0.0690429831440919,0.0112048685550689,0.0154676223173737,0.0244245212525129,0.729261577129364,-3.436757469899021e-05,0.0002184769982704,-0.0038395475130528,0.0097382431849837,0.0112048685550689,32762.0,2.083293199539183
seeded_ic_v1,14980012,0.013423,0.0246,-1.414326,9.998972,0.715201,0.3075364299999999,adaptive_ramp_v1,18.0,0.08,12.090550661087036,adaptive_brake,0.2174663692712783,-0.0987378656864166,0.2605545222759247,0.0057295570150017,-0.0075595928356051,-0.2917158603668213,0.2729953527450561,0.338243156671524,4.363070011138916,1.057133436203003,1.747990608215332,-1.683279037475586,32505,32093,32349,32299,0.95,qplite_builtin,opp_m3_10000,0,0,10000,0,1.0911999999999973,0.352,0.0690429831440919,0.0112048685550689,0.0154676223173737,0.0244245212525129,0.729261577129364,-3.436757469899021e-05,0.0002184769982704,-0.0038395475130528,0.0097382431849837,0.0112048685550689,32762.0,2.0833752155303955
seeded_ic_v1,14980012,0.013423,0.0246,-1.414326,9.998972,0.715201,0.3075364299999999,adaptive_ramp_v1,18.0,0.08,12.11016845703125,adaptive_brake,0.2175223678350448,-0.0988598316907882,0.2546607255935669,0.004464391618967,-0.0083798300474882,-0.2935159206390381,0.2729953527450561,0.338243156671524,4.363070011138916,1.057133436203003,1.747990608215332,-1.683279037475586,32505,32093,32349,32299,0.95,qplite_builtin,opp_m3_10000,0,0,10000,0,1.0911999999999973,0.352,0.0690429831440919,0.0112048685550689,0.0154676223173737,0.0244245212525129,0.729261577129364,-3.436757469899021e-05,0.0002184769982704,-0.0038395475130528,0.0097382431849837,0.0112048685550689,32762.0,2.1029930114746094
seeded_ic_v1,14980012,0.013423,0.0246,-1.414326,9.998972,0.715201,0.3075364299999999,adaptive_ramp_v1,18.0,0.08,12.110496520996094,adaptive_brake,0.2175223678350448,-0.0988598316907882,0.2546607255935669,0.004464391618967,-0.0083798300474882,-0.2935159206390381,0.2941682636737823,0.303188145160675,4.3296895027160645,0.8262169361114502,1.8324452638626096,-1.647958517074585,32505,32093,32349,32299,0.95,qplite_builtin,opp_m3_10000,0,0,10000,0,1.0911999999999973,0.352,0.0690429831440919,0.0112048685550689,0.0154676223173737,0.0244245212525129,0.729261577129364,-3.436757469899021e-05,0.0002184769982704,-0.0038395475130528,0.0097382431849837,0.0112048685550689,32762.0,2.103321075439453
seeded_ic_v1,14980012,0.013423,0.0246,-1.414326,9.998972,0.715201,0.3075364299999999,adaptive_ramp_v1,18.0,0.08,12.11060094833374,adaptive_brake,0.2175223678350448,-0.0988598316907882,0.2546607255935669,0.004464391618967,-0.0083798300474882,-0.2935159206390381,0.2941682636737823,0.303188145160675,4.3296895027160645,0.8262169361114502,1.8324452638626096,-1.647958517074585,32505,32095,32337,32273,0.95,qplite_builtin,opp_m3_10000,0,0,10000,0,1.0911999999999973,0.352,0.0690429831440919,0.0112048685550689,0.0154676223173737,0.0244245212525129,0.729261577129364,-3.436757469899021e-05,0.0002184769982704,-0.0038395475130528,0.0097382431849837,0.0112048685550689,32762.0,2.1034255027770996
seeded_ic_v1,14980012,0.013423,0.0246,-1.414326,9.998972,0.715201,0.3075364299999999,adaptive_ramp_v1,18.0,0.08,12.130247831344604,adaptive_brake,0.2175583988428115,-0.0989997908473014,0.2487316131591797,0.003344343509525,-0.0092609208077192,-0.2955115139484405,0.2941682636737823,0.303188145160675,4.3296895027160645,0.8262169361114502,1.8324452638626096,-1.647958517074585,32505,32095,32337,32273,0.95,qplite_builtin,opp_m3_10000,0,0,10000,0,1.0911999999999973,0.352,0.0690429831440919,0.0112048685550689,0.0154676223173737,0.0244245212525129,0.729261577129364,-3.436757469899021e-05,0.0002184769982704,-0.0038395475130528,0.0097382431849837,0.0112048685550689,32762.0,2.123072385787964
seeded_ic_v1,14980012,0.013423,0.0246,-1.414326,9.998972,0.715201,0.3075364299999999,adaptive_ramp_v1,18.0,0.08,12.130409717559814,adaptive_brake,0.2175583988428115,-0.0989997908473014,0.2487316131591797,0.003344343509525,-0.0092609208077192,-0.2955115139484405,0.3108205795288086,0.2662689983844757,4.296924591064453,0.610486626625061,1.8920141458511357,-1.6479495763778689,32505,32095,32337,32273,0.95,qplite_builtin,opp_m3_10000,0,0,10000,0,1.0911999999999973,0.352,0.0690429831440919,0.0112048685550689,0.0154676223173737,0.0244245212525129,0.729261577129364,-3.436757469899021e-05,0.0002184769982704,-0.0038395475130528,0.0097382431849837,0.0112048685550689,32762.0,2.123234272003174
seeded_ic_v1,14980012,0.013423,0.0246,-1.414326,9.998972,0.715201,0.3075364299999999,adaptive_ramp_v1,18.0,0.08,12.130503177642822,adaptive_brake,0.2175583988428115,-0.0989997908473014,0.2487316131591797,0.003344343509525,-0.0092609208077192,-0.2955115139484405,0.3108205795288086,0.2662689983844757,4.296924591064453,0.610486626625061,1.8920141458511357,-1.6479495763778689,32505,32067,32297,32257,0.95,qplite_builtin,opp_m3_10000,0,0,10000,0,1.0911999999999973,0.352,0.0690429831440919,0.0112048685550689,0.0154676223173737,0.0244245212525129,0.729261577129364,-3.436757469899021e-05,0.0002184769982704,-0.0038395475130528,0.0097382431849837,0.0112048685550689,32762.0,2.1233277320861816
seeded_ic_v1,14980012,0.013423,0.0246,-1.414326,9.998972,0.715201,0.3075364299999999,adaptive_ramp_v1,18.0,0.08,12.150153160095217,adaptive_brake,0.2175774872303009,-0.0991584286093711,0.2427634000778198,0.0023737179581075,-0.0101858507841825,-0.2976678907871246,0.3108205795288086,0.2662689983844757,4.296924591064453,0.610486626625061,1.8920141458511357,-1.6479495763778689,32505,32067,32297,32257,0.95,qplite_builtin,opp_m3_10000,0,0,10000,0,1.0911999999999973,0.352,0.0690429831440919,0.0112048685550689,0.0154676223173737,0.0244245212525129,0.729261577129364,-3.436757469899021e-05,0.0002184769982704,-0.0038395475130528,0.0097382431849837,0.0112048685550689,32762.0,2.142977714538576
seeded_ic_v1,14980012,0.013423,0.0246,-1.414326,9.998972,0.715201,0.3075364299999999,adaptive_ramp_v1,18.0,0.08,12.150381088256836,adaptive_brake,0.2175774872303009,-0.0991584286093711,0.2427634000778198,0.0023737179581075,-0.0101858507841825,-0.2976678907871246,0.3229983150959015,0.2282336205244064,4.26422119140625,0.3853917121887207,1.9415985345840452,-1.6040138006210327,32505,32067,32297,32257,0.95,qplite_builtin,opp_m3_10000,0,0,10000,0,1.0911999999999973,0.352,0.0690429831440919,0.0112048685550689,0.0154676223173737,0.0244245212525129,0.729261577129364,-3.436757469899021e-05,0.0002184769982704,-0.0038395475130528,0.0097382431849837,0.0112048685550689,32762.0,2.1432056427001953
seeded_ic_v1,14980012,0.013423,0.0246,-1.414326,9.998972,0.715201,0.3075364299999999,adaptive_ramp_v1,18.0,0.08,12.150461673736572,adaptive_brake,0.2175774872303009,-0.0991584286093711,0.2427634000778198,0.0023737179581075,-0.0101858507841825,-0.2976678907871246,0.3229983150959015,0.2282336205244064,4.26422119140625,0.3853917121887207,1.9415985345840452,-1.6040138006210327,32505,31997,32239,32257,0.95,qplite_builtin,opp_m3_10000,0,0,10000,0,1.0911999999999973,0.352,0.0690429831440919,0.0112048685550689,0.0154676223173737,0.0244245212525129,0.729261577129364,-3.436757469899021e-05,0.0002184769982704,-0.0038395475130528,0.0097382431849837,0.0112048685550689,32762.0,2.1432862281799316
seeded_ic_v1,14980012,0.013423,0.0246,-1.414326,9.998972,0.715201,0.3075364299999999,adaptive_ramp_v1,18.0,0.08,12.17021942138672,adaptive_brake,0.2175810039043426,-0.0993314534425735,0.2369083613157272,0.0015417588874697,-0.0111157279461622,-0.2991105616092682,0.3229983150959015,0.2282336205244064,4.26422119140625,0.3853917121887207,1.9415985345840452,-1.6040138006210327,32505,31997,32239,32257,0.95,qplite_builtin,opp_m3_10000,0,0,10000,0,1.0911999999999973,0.352,0.0690429831440919,0.0112048685550689,0.0154676223173737,0.0244245212525129,0.729261577129364,-3.436757469899021e-05,0.0002184769982704,-0.0038395475130528,0.0097382431849837,0.0112048685550689,32762.0,2.16304397583008
seeded_ic_v1,14980012,0.013423,0.0246,-1.414326,9.998972,0.715201,0.3075364299999999,adaptive_ramp_v1,18.0,0.08,12.17036247253418,adaptive_brake,0.2175810039043426,-0.0993314534425735,0.2369083613157272,0.0015417588874697,-0.0111157279461622,-0.2991105616092682,0.3307352662086487,0.1894623190164566,4.232555389404297,0.1548287868499755,1.8894121646881104,-1.586920142173767,32505,31997,32239,32257,0.95,qplite_builtin,opp_m3_10000,0,0,10000,0,1.0911999999999973,0.352,0.0690429831440919,0.0112048685550689,0.0154676223173737,0.0244245212525129,0.729261577129364,-3.436757469899021e-05,0.0002184769982704,-0.0038395475130528,0.0097382431849837,0.0112048685550689,32762.0,2.163187026977539
seeded_ic_v1,14980012,0.013423,0.0246,-1.414326,9.998972,0.715201,0.3075364299999999,adaptive_ramp_v1,18.0,0.08,12.170445680618286,adaptive_brake,0.2175810039043426,-0.0993314534425735,0.2369083613157272,0.0015417588874697,-0.0111157279461622,-0.2991105616092682,0.3307352662086487,0.1894623190164566,4.232555389404297,0.1548287868499755,1.8894121646881104,-1.586920142173767,32505,32015,32251,32243,0.95,qplite_builtin,opp_m3_10000,0,0,10000,0,1.0911999999999973,0.352,0.0690429831440919,0.0112048685550689,0.0154676223173737,0.0244245212525129,0.729261577129364,-3.436757469899021e-05,0.0002184769982704,-0.0038395475130528,0.0097382431849837,0.0112048685550689,32762.0,2.1632702350616455
seeded_ic_v1,14980012,0.013423,0.0246,-1.414326,9.998972,0.715201,0.3075364299999999,adaptive_ramp_v1,18.0,0.08,12.190242052078249,adaptive_brake,0.2175755351781845,-0.0995287746191024,0.2308365851640701,0.000875508529134,-0.0120829213410615,-0.3016476035118103,0.3307352662086487,0.1894623190164566,4.232555389404297,0.1548287868499755,1.8894121646881104,-1.586920142173767,32505,32015,32251,32243,0.95,qplite_builtin,opp_m3_10000,0,0,10000,0,1.0911999999999973,0.352,0.0690429831440919,0.0112048685550689,0.0154676223173737,0.0244245212525129,0.729261577129364,-3.436757469899021e-05,0.0002184769982704,-0.0038395475130528,0.0097382431849837,0.0112048685550689,32762.0,2.183066606521608
seeded_ic_v1,14980012,0.013423,0.0246,-1.414326,9.998972,0.715201,0.3075364299999999,adaptive_ramp_v1,18.0,0.08,12.190383434295654,adaptive_brake,0.2175755351781845,-0.0995287746191024,0.2308365851640701,0.000875508529134,-0.0120829213410615,-0.3016476035118103,0.3338016867637634,0.1512696146965026,4.201038360595703,-0.0034669879823923,1.8920878171920776,-1.5869137048721311,32505,32015,32251,32243,0.95,qplite_builtin,opp_m3_10000,0,0,10000,0,1.0911999999999973,0.352,0.0690429831440919,0.0112048685550689,0.0154676223173737,0.0244245212525129,0.729261577129364,-3.436757469899021e-05,0.0002184769982704,-0.0038395475130528,0.0097382431849837,0.0112048685550689,32762.0,2.1832079887390137
seeded_ic_v1,14980012,0.013423,0.0246,-1.414326,9.998972,0.715201,0.3075364299999999,adaptive_ramp_v1,18.0,0.08,12.190469741821287,adaptive_brake,0.2175755351781845,-0.0995287746191024,0.2308365851640701,0.000875508529134,-0.0120829213410615,-0.3016476035118103,0.3338016867637634,0.1512696146965026,4.201038360595703,-0.0034669879823923,1.8920878171920776,-1.5869137048721311,32505,31979,32181,32205,0.95,qplite_builtin,opp_m3_10000,0,0,10000,0,1.0911999999999973,0.352,0.0690429831440919,0.0112048685550689,0.0154676223173737,0.0244245212525129,0.729261577129364,-3.436757469899021e-05,0.0002184769982704,-0.0038395475130528,0.0097382431849837,0.0112048685550689,32762.0,2.1832942962646467
seeded_ic_v1,14980012,0.013423,0.0246,-1.414326,9.998972,0.715201,0.3075364299999999,adaptive_ramp_v1,18.0,0.08,12.210203647613524,adaptive_brake,0.2175600975751876,-0.099733680486679,0.2250395864248275,0.0003397979016881,-0.0129899298772215,-0.3025510311126709,0.3338016867637634,0.1512696146965026,4.201038360595703,-0.0034669879823923,1.8920878171920776,-1.5869137048721311,32505,31979,32181,32205,0.95,qplite_builtin,opp_m3_10000,0,0,10000,0,1.0911999999999973,0.352,0.0690429831440919,0.0112048685550689,0.0154676223173737,0.0244245212525129,0.729261577129364,-3.436757469899021e-05,0.0002184769982704,-0.0038395475130528,0.0097382431849837,0.0112048685550689,32762.0,2.203028202056883
seeded_ic_v1,14980012,0.013423,0.0246,-1.414326,9.998972,0.715201,0.3075364299999999,adaptive_ramp_v1,18.0,0.08,12.210364818572998,adaptive_brake,0.2175600975751876,-0.099733680486679,0.2250395864248275,0.0003397979016881,-0.0129899298772215,-0.3025510311126709,0.3332605361938476,0.113681823015213,4.16951847076416,-0.245464950799942,1.7743027210235596,-1.5869137048721311,32505,31979,32181,32205,0.95,qplite_builtin,opp_m3_10000,0,0,10000,0,1.0911999999999973,0.352,0.0690429831440919,0.0112048685550689,0.0154676223173737,0.0244245212525129,0.729261577129364,-3.436757469899021e-05,0.0002184769982704,-0.0038395475130528,0.0097382431849837,0.0112048685550689,32762.0,2.2031893730163574
seeded_ic_v1,14980012,0.013423,0.0246,-1.414326,9.998972,0.715201,0.3075364299999999,adaptive_ramp_v1,18.0,0.08,12.210448026657104,adaptive_brake,0.2175600975751876,-0.099733680486679,0.2250395864248275,0.0003397979016881,-0.0129899298772215,-0.3025510311126709,0.3332605361938476,0.113681823015213,4.16951847076416,-0.245464950799942,1.7743027210235596,-1.5869137048721311,32505,32003,32247,32251,0.95,qplite_builtin,opp_m3_10000,0,0,10000,0,1.0911999999999973,0.352,0.0690429831440919,0.0112048685550689,0.0154676223173737,0.0244245212525129,0.729261577129364,-3.436757469899021e-05,0.0002184769982704,-0.0038395475130528,0.0097382431849837,0.0112048685550689,32762.0,2.203272581100464
seeded_ic_v1,14980012,0.013423,0.0246,-1.414326,9.998972,0.715201,0.3075364299999999,adaptive_ramp_v1,18.0,0.08,12.230156183242798,adaptive_brake,0.2175409346818924,-0.0999630093574523,0.21900375187397,-4.09790372941643e-05,-0.013910885900259,-0.304692268371582,0.3332605361938476,0.113681823015213,4.16951847076416,-0.245464950799942,1.7743027210235596,-1.5869137048721311,32505,32003,32247,32251,0.95,qplite_builtin,opp_m3_10000,0,0,10000,0,1.0911999999999973,0.352,0.0690429831440919,0.0112048685550689,0.0154676223173737,0.0244245212525129,0.729261577129364,-3.436757469899021e-05,0.0002184769982704,-0.0038395475130528,0.0097382431849837,0.0112048685550689,32762.0,2.2229807376861572
seeded_ic_v1,14980012,0.013423,0.0246,-1.414326,9.998972,0.715201,0.3075364299999999,adaptive_ramp_v1,18.0,0.08,12.230309009552002,adaptive_brake,0.2175409346818924,-0.0999630093574523,0.21900375187397,-4.09790372941643e-05,-0.013910885900259,-0.304692268371582,0.3283699154853821,0.0776901170611381,4.137819766998291,-0.4423249661922455,1.7062933444976809,-1.6235599517822266,32505,32003,32247,32251,0.95,qplite_builtin,opp_m3_10000,0,0,10000,0,1.0911999999999973,0.352,0.0690429831440919,0.0112048685550689,0.0154676223173737,0.0244245212525129,0.729261577129364,-3.436757469899021e-05,0.0002184769982704,-0.0038395475130528,0.0097382431849837,0.0112048685550689,32762.0,2.2231335639953613
seeded_ic_v1,14980012,0.013423,0.0246,-1.414326,9.998972,0.715201,0.3075364299999999,adaptive_ramp_v1,18.0,0.08,12.23039174079895,adaptive_brake,0.2175409346818924,-0.0999630093574523,0.21900375187397,-4.09790372941643e-05,-0.013910885900259,-0.304692268371582,0.3283699154853821,0.0776901170611381,4.137819766998291,-0.4423249661922455,1.7062933444976809,-1.6235599517822266,32505,31959,32193,32253,0.95,qplite_builtin,opp_m3_10000,0,0,10000,0,1.0911999999999973,0.352,0.0690429831440919,0.0112048685550689,0.0154676223173737,0.0244245212525129,0.729261577129364,-3.436757469899021e-05,0.0002184769982704,-0.0038395475130528,0.0097382431849837,0.0112048685550689,32762.0,2.2232162952423096
seeded_ic_v1,14980012,0.013423,0.0246,-1.414326,9.998972,0.715201,0.3075364299999999,adaptive_ramp_v1,18.0,0.08,12.250143766403198,adaptive_brake,0.2175189107656479,-0.100204013288021,0.2130568772554397,-0.0002903382410295,-0.0147722018882632,-0.3061898052692413,0.3283699154853821,0.0776901170611381,4.137819766998291,-0.4423249661922455,1.7062933444976809,-1.6235599517822266,32505,31959,32193,32253,0.95,qplite_builtin,opp_m3_10000,0,0,10000,0,1.0911999999999973,0.352,0.0690429831440919,0.0112048685550689,0.0154676223173737,0.0244245212525129,0.729261577129364,-3.436757469899021e-05,0.0002184769982704,-0.0038395475130528,0.0097382431849837,0.0112048685550689,32762.0,2.2429683208465576
seeded_ic_v1,14980012,0.013423,0.0246,-1.414326,9.998972,0.715201,0.3075364299999999,adaptive_ramp_v1,18.0,0.08,12.250310182571411,adaptive_brake,0.2175189107656479,-0.100204013288021,0.2130568772554397,-0.0002903382410295,-0.0147722018882632,-0.3061898052692413,0.3193858861923218,0.0433439053595066,4.105391979217529,-0.6127038598060608,1.622289776802063,-1.6479244232177734,32505,31959,32193,32253,0.95,qplite_builtin,opp_m3_10000,0,0,10000,0,1.0911999999999973,0.352,0.0690429831440919,0.0112048685550689,0.0154676223173737,0.0244245212525129,0.729261577129364,-3.436757469899021e-05,0.0002184769982704,-0.0038395475130528,0.0097382431849837,0.0112048685550689,32762.0,2.2431347370147705
seeded_ic_v1,14980012,0.013423,0.0246,-1.414326,9.998972,0.715201,0.3075364299999999,adaptive_ramp_v1,18.0,0.08,12.250388622283936,adaptive_brake,0.2175189107656479,-0.100204013288021,0.2130568772554397,-0.0002903382410295,-0.0147722018882632,-0.3061898052692413,0.3193858861923218,0.0433439053595066,4.105391979217529,-0.6127038598060608,1.622289776802063,-1.6479244232177734,32505,31955,32205,32289,0.95,qplite_builtin,opp_m3_10000,0,0,10000,0,1.0911999999999973,0.352,0.0690429831440919,0.0112048685550689,0.0154676223173737,0.0244245212525129,0.729261577129364,-3.436757469899021e-05,0.0002184769982704,-0.0038395475130528,0.0097382431849837,0.0112048685550689,32762.0,2.243213176727295
seeded_ic_v1,14980012,0.013423,0.0246,-1.414326,9.998972,0.715201,0.3075364299999999,adaptive_ramp_v1,18.0,0.08,12.270155906677246,adaptive_brake,0.2174970805644989,-0.1004619374871254,0.2070277780294418,-0.0004092716553714,-0.0155917974188923,-0.3079793751239776,0.3193858861923218,0.0433439053595066,4.105391979217529,-0.6127038598060608,1.622289776802063,-1.6479244232177734,32505,31955,32205,32289,0.95,qplite_builtin,opp_m3_10000,0,0,10000,0,1.0911999999999973,0.352,0.0690429831440919,0.0112048685550689,0.0154676223173737,0.0244245212525129,0.729261577129364,-3.436757469899021e-05,0.0002184769982704,-0.0038395475130528,0.0097382431849837,0.0112048685550689,32762.0,2.2629804611206055
seeded_ic_v1,14980012,0.013423,0.0246,-1.414326,9.998972,0.715201,0.3075364299999999,adaptive_ramp_v1,18.0,0.08,12.270317554473875,adaptive_brake,0.2174970805644989,-0.1004619374871254,0.2070277780294418,-0.0004092716553714,-0.0155917974188923,-0.3079793751239776,0.3071999549865722,0.0108844507485628,4.072654247283936,-0.6969883441925049,1.486169934272766,-1.6237173080444336,32505,31955,32205,32289,0.95,qplite_builtin,opp_m3_10000,0,0,10000,0,1.0911999999999973,0.352,0.0690429831440919,0.0112048685550689,0.0154676223173737,0.0244245212525129,0.729261577129364,-3.436757469899021e-05,0.0002184769982704,-0.0038395475130528,0.0097382431849837,0.0112048685550689,32762.0,2.2631421089172346
seeded_ic_v1,14980012,0.013423,0.0246,-1.414326,9.998972,0.715201,0.3075364299999999,adaptive_ramp_v1,18.0,0.08,12.270385265350342,adaptive_brake,0.2174970805644989,-0.1004619374871254,0.2070277780294418,-0.0004092716553714,-0.0155917974188923,-0.3079793751239776,0.3071999549865722,0.0108844507485628,4.072654247283936,-0.6969883441925049,1.486169934272766,-1.6237173080444336,32505,31959,32201,32281,0.95,qplite_builtin,opp_m3_10000,0,0,10000,0,1.0911999999999973,0.352,0.0690429831440919,0.0112048685550689,0.0154676223173737,0.0244245212525129,0.729261577129364,-3.436757469899021e-05,0.0002184769982704,-0.0038395475130528,0.0097382431849837,0.0112048685550689,32762.0,2.263209819793701
seeded_ic_v1,14980012,0.013423,0.0246,-1.414326,9.998972,0.715201,0.3075364299999999,adaptive_ramp_v1,18.0,0.08,12.289295434951782,adaptive_brake,0.2174770236015319,-0.1007503792643547,0.2006437182426452,-0.0004042001091875,-0.0164025407284498,-0.3099257051944732,0.3071999549865722,0.0108844507485628,4.072654247283936,-0.6969883441925049,1.486169934272766,-1.6237173080444336,32505,31959,32201,32281,0.95,qplite_builtin,opp_m3_10000,0,0,10000,0,1.0911999999999973,0.352,0.0690429831440919,0.0112048685550689,0.0154676223173737,0.0244245212525129,0.729261577129364,-3.436757469899021e-05,0.0002184769982704,-0.0038395475130528,0.0097382431849837,0.0112048685550689,32762.0,2.2821199893951416
seeded_ic_v1,14980012,0.013423,0.0246,-1.414326,9.998972,0.715201,0.3075364299999999,adaptive_ramp_v1,18.0,0.08,12.28951930999756,adaptive_brake,0.2174770236015319,-0.1007503792643547,0.2006437182426452,-0.0004042001091875,-0.0164025407284498,-0.3099257051944732,0.2924023568630218,-0.0204081796109676,4.039041042327881,-0.7892049551010132,1.3539655208587646,-1.5859417915344238,32505,31959,32201,32281,0.95,qplite_builtin,opp_m3_10000,0,0,10000,0,1.0911999999999973,0.352,0.0690429831440919,0.0112048685550689,0.0154676223173737,0.0244245212525129,0.729261577129364,-3.436757469899021e-05,0.0002184769982704,-0.0038395475130528,0.0097382431849837,0.0112048685550689,32762.0,2.2823438644409197
seeded_ic_v1,14980012,0.013423,0.0246,-1.414326,9.998972,0.715201,0.3075364299999999,adaptive_ramp_v1,18.0,0.08,12.28961443901062,adaptive_brake,0.2174770236015319,-0.1007503792643547,0.2006437182426452,-0.0004042001091875,-0.0164025407284498,-0.3099257051944732,0.2924023568630218,-0.0204081796109676,4.039041042327881,-0.7892049551010132,1.3539655208587646,-1.5859417915344238,32505,31945,32207,32289,0.95,qplite_builtin,opp_m3_10000,0,0,10000,0,1.0911999999999973,0.352,0.0690429831440919,0.0112048685550689,0.0154676223173737,0.0244245212525129,0.729261577129364,-3.436757469899021e-05,0.0002184769982704,-0.0038395475130528,0.0097382431849837,0.0112048685550689,32762.0,2.2824389934539795
seeded_ic_v1,14980012,0.013423,0.0246,-1.414326,9.998972,0.715201,0.3075364299999999,adaptive_ramp_v1,18.0,0.08,12.309194326400757,adaptive_brake,0.2174615710973739,-0.1010360270738601,0.1945191174745559,-0.0002903785207308,-0.0170947089791297,-0.3118472695350647,0.2924023568630218,-0.0204081796109676,4.039041042327881,-0.7892049551010132,1.3539655208587646,-1.5859417915344238,32505,31945,32207,32289,0.95,qplite_builtin,opp_m3_10000,0,0,10000,0,1.0911999999999973,0.352,0.0690429831440919,0.0112048685550689,0.0154676223173737,0.0244245212525129,0.729261577129364,-3.436757469899021e-05,0.0002184769982704,-0.0038395475130528,0.0097382431849837,0.0112048685550689,32762.0,2.302018880844116
seeded_ic_v1,14980012,0.013423,0.0246,-1.414326,9.998972,0.715201,0.3075364299999999,adaptive_ramp_v1,18.0,0.08,12.309328317642212,adaptive_brake,0.2174615710973739,-0.1010360270738601,0.1945191174745559,-0.0002903785207308,-0.0170947089791297,-0.3118472695350647,0.276618480682373,-0.0473828986287117,4.007421493530273,-0.8669863939285278,1.2151013612747192,-1.5869132280349731,32505,31945,32207,32289,0.95,qplite_builtin,opp_m3_10000,0,0,10000,0,1.0911999999999973,0.352,0.0690429831440919,0.0112048685550689,0.0154676223173737,0.0244245212525129,0.729261577129364,-3.436757469899021e-05,0.0002184769982704,-0.0038395475130528,0.0097382431849837,0.0112048685550689,32762.0,2.3021528720855713
seeded_ic_v1,14980012,0.013423,0.0246,-1.414326,9.998972,0.715201,0.3075364299999999,adaptive_ramp_v1,18.0,0.08,12.30940055847168,adaptive_brake,0.2174615710973739,-0.1010360270738601,0.1945191174745559,-0.0002903785207308,-0.0170947089791297,-0.3118472695350647,0.276618480682373,-0.0473828986287117,4.007421493530273,-0.8669863939285278,1.2151013612747192,-1.5869132280349731,32505,31919,32155,32271,0.95,qplite_builtin,opp_m3_10000,0,0,10000,0,1.0911999999999973,0.352,0.0690429831440919,0.0112048685550689,0.0154676223173737,0.0244245212525129,0.729261577129364,-3.436757469899021e-05,0.0002184769982704,-0.0038395475130528,0.0097382431849837,0.0112048685550689,32762.0,2.302225112915039
seeded_ic_v1,14980012,0.013423,0.0246,-1.414326,9.998972,0.715201,0.3075364299999999,adaptive_ramp_v1,18.0,0.08,12.329187631607056,adaptive_brake,0.2174519896507263,-0.1013344600796699,0.1883130818605423,-7.982368697412312e-05,-0.0177228860557079,-0.3140106499195099,0.276618480682373,-0.0473828986287117,4.007421493530273,-0.8669863939285278,1.2151013612747192,-1.5869132280349731,32505,31919,32155,32271,0.95,qplite_builtin,opp_m3_10000,0,0,10000,0,1.0911999999999973,0.352,0.0690429831440919,0.0112048685550689,0.0154676223173737,0.0244245212525129,0.729261577129364,-3.436757469899021e-05,0.0002184769982704,-0.0038395475130528,0.0097382431849837,0.0112048685550689,32762.0,2.322012186050415
seeded_ic_v1,14980012,0.013423,0.0246,-1.414326,9.998972,0.715201,0.3075364299999999,adaptive_ramp_v1,18.0,0.08,12.329365015029907,adaptive_brake,0.2174519896507263,-0.1013344600796699,0.1883130818605423,-7.982368697412312e-05,-0.0177228860557079,-0.3140106499195099,0.2587563097476959,-0.071293830871582,3.975794076919556,-0.978608012199402,1.0483741760253906,-1.5869137048721311,32505,31919,32155,32271,0.95,qplite_builtin,opp_m3_10000,0,0,10000,0,1.0911999999999973,0.352,0.0690429831440919,0.0112048685550689,0.0154676223173737,0.0244245212525129,0.729261577129364,-3.436757469899021e-05,0.0002184769982704,-0.0038395475130528,0.0097382431849837,0.0112048685550689,32762.0,2.3221895694732666
seeded_ic_v1,14980012,0.013423,0.0246,-1.414326,9.998972,0.715201,0.3075364299999999,adaptive_ramp_v1,18.0,0.08,12.329433679580688,adaptive_brake,0.2174519896507263,-0.1013344600796699,0.1883130818605423,-7.982368697412312e-05,-0.0177228860557079,-0.3140106499195099,0.2587563097476959,-0.071293830871582,3.975794076919556,-0.978608012199402,1.0483741760253906,-1.5869137048721311,32505,31931,32171,32271,0.95,qplite_builtin,opp_m3_10000,0,0,10000,0,1.0911999999999973,0.352,0.0690429831440919,0.0112048685550689,0.0154676223173737,0.0244245212525129,0.729261577129364,-3.436757469899021e-05,0.0002184769982704,-0.0038395475130528,0.0097382431849837,0.0112048685550689,32762.0,2.322258234024048
seeded_ic_v1,14980012,0.013423,0.0246,-1.414326,9.998972,0.715201,0.3075364299999999,adaptive_ramp_v1,18.0,0.08,12.34918737411499,adaptive_brake,0.2174497097730636,-0.1016440540552139,0.1820283234119415,0.0002145233447663,-0.0182793624699115,-0.3164002001285553,0.2587563097476959,-0.071293830871582,3.975794076919556,-0.978608012199402,1.0483741760253906,-1.5869137048721311,32505,31931,32171,32271,0.95,qplite_builtin,opp_m3_10000,0,0,10000,0,1.0911999999999973,0.352,0.0690429831440919,0.0112048685550689,0.0154676223173737,0.0244245212525129,0.729261577129364,-3.436757469899021e-05,0.0002184769982704,-0.0038395475130528,0.0097382431849837,0.0112048685550689,32762.0,2.3420119285583496
seeded_ic_v1,14980012,0.013423,0.0246,-1.414326,9.998972,0.715201,0.3075364299999999,adaptive_ramp_v1,18.0,0.08,12.349382162094116,adaptive_brake,0.2174497097730636,-0.1016440540552139,0.1820283234119415,0.0002145233447663,-0.0182793624699115,-0.3164002001285553,0.2387047559022903,-0.0921370163559913,3.9441463947296143,-1.0764178037643433,0.8740377426147461,-1.5869137048721311,32505,31931,32171,32271,0.95,qplite_builtin,opp_m3_10000,0,0,10000,0,1.0911999999999973,0.352,0.0690429831440919,0.0112048685550689,0.0154676223173737,0.0244245212525129,0.729261577129364,-3.436757469899021e-05,0.0002184769982704,-0.0038395475130528,0.0097382431849837,0.0112048685550689,32762.0,2.3422067165374756
seeded_ic_v1,14980012,0.013423,0.0246,-1.414326,9.998972,0.715201,0.3075364299999999,adaptive_ramp_v1,18.0,0.08,12.34946060180664,adaptive_brake,0.2174497097730636,-0.1016440540552139,0.1820283234119415,0.0002145233447663,-0.0182793624699115,-0.3164002001285553,0.2387047559022903,-0.0921370163559913,3.9441463947296143,-1.0764178037643433,0.8740377426147461,-1.5869137048721311,32505,31933,32213,32319,0.95,qplite_builtin,opp_m3_10000,0,0,10000,0,1.0911999999999973,0.352,0.0690429831440919,0.0112048685550689,0.0154676223173737,0.0244245212525129,0.729261577129364,-3.436757469899021e-05,0.0002184769982704,-0.0038395475130528,0.0097382431849837,0.0112048685550689,32762.0,2.34228515625
seeded_ic_v1,14980012,0.013423,0.0246,-1.414326,9.998972,0.715201,0.3075364299999999,adaptive_ramp_v1,18.0,0.08,12.36919331550598,adaptive_brake,0.2174558490514755,-0.1019631028175354,0.1756677329540252,0.0005798760103061,-0.0187571551650762,-0.3189404308795929,0.2387047559022903,-0.0921370163559913,3.9441463947296143,-1.0764178037643433,0.8740377426147461,-1.5869137048721311,32505,31933,32213,32319,0.95,qplite_builtin,opp_m3_10000,0,0,10000,0,1.0911999999999973,0.352,0.0690429831440919,0.0112048685550689,0.0154676223173737,0.0244245212525129,0.729261577129364,-3.436757469899021e-05,0.0002184769982704,-0.0038395475130528,0.0097382431849837,0.0112048685550689,32762.0,2.362017869949339
seeded_ic_v1,14980012,0.013423,0.0246,-1.414326,9.998972,0.715201,0.3075364299999999,adaptive_ramp_v1,18.0,0.08,12.369338035583496,adaptive_brake,0.2174558490514755,-0.1019631028175354,0.1756677329540252,0.0005798760103061,-0.0187571551650762,-0.3189404308795929,0.2170858979225158,-0.1095088049769401,3.912476539611816,-1.159847378730774,0.7301957607269287,-1.5869137048721311,32505,31933,32213,32319,0.95,qplite_builtin,opp_m3_10000,0,0,10000,0,1.0911999999999973,0.352,0.0690429831440919,0.0112048685550689,0.0154676223173737,0.0244245212525129,0.729261577129364,-3.436757469899021e-05,0.0002184769982704,-0.0038395475130528,0.0097382431849837,0.0112048685550689,32762.0,2.3621625900268555
seeded_ic_v1,14980012,0.013423,0.0246,-1.414326,9.998972,0.715201,0.3075364299999999,adaptive_ramp_v1,18.0,0.08,12.369403600692747,adaptive_brake,0.2174558490514755,-0.1019631028175354,0.1756677329540252,0.0005798760103061,-0.0187571551650762,-0.3189404308795929,0.2170858979225158,-0.1095088049769401,3.912476539611816,-1.159847378730774,0.7301957607269287,-1.5869137048721311,32505,31905,32193,32327,0.95,qplite_builtin,opp_m3_10000,0,0,10000,0,1.0911999999999973,0.352,0.0690429831440919,0.0112048685550689,0.0154676223173737,0.0244245212525129,0.729261577129364,-3.436757469899021e-05,0.0002184769982704,-0.0038395475130528,0.0097382431849837,0.0112048685550689,32762.0,2.3622281551361066
seeded_ic_v1,14980012,0.013423,0.0246,-1.414326,9.998972,0.715201,0.3075364299999999,adaptive_ramp_v1,18.0,0.08,12.389271020889282,adaptive_brake,0.2174714356660843,-0.1022897735238075,0.1692346036434173,0.0010028895922005,-0.019151097163558,-0.3215826153755188,0.2170858979225158,-0.1095088049769401,3.912476539611816,-1.159847378730774,0.7301957607269287,-1.5869137048721311,32505,31905,32193,32327,0.95,qplite_builtin,opp_m3_10000,0,0,10000,0,1.0911999999999973,0.352,0.0690429831440919,0.0112048685550689,0.0154676223173737,0.0244245212525129,0.729261577129364,-3.436757469899021e-05,0.0002184769982704,-0.0038395475130528,0.0097382431849837,0.0112048685550689,32762.0,2.3820955753326416
seeded_ic_v1,14980012,0.013423,0.0246,-1.414326,9.998972,0.715201,0.3075364299999999,adaptive_ramp_v1,18.0,0.08,12.389402151107788,adaptive_brake,0.2174714356660843,-0.1022897735238075,0.1692346036434173,0.0010028895922005,-0.019151097163558,-0.3215826153755188,0.194057434797287,-0.1237865462899208,3.8807895183563232,-1.1624901294708252,0.5701032876968384,-1.5869137048721311,32505,31905,32193,32327,0.95,qplite_builtin,opp_m3_10000,0,0,10000,0,1.0911999999999973,0.352,0.0690429831440919,0.0112048685550689,0.0154676223173737,0.0244245212525129,0.729261577129364,-3.436757469899021e-05,0.0002184769982704,-0.0038395475130528,0.0097382431849837,0.0112048685550689,32762.0,2.3822267055511475
seeded_ic_v1,14980012,0.013423,0.0246,-1.414326,9.998972,0.715201,0.3075364299999999,adaptive_ramp_v1,18.0,0.08,12.3894784450531,adaptive_brake,0.2174714356660843,-0.1022897735238075,0.1692346036434173,0.0010028895922005,-0.019151097163558,-0.3215826153755188,0.194057434797287,-0.1237865462899208,3.8807895183563232,-1.1624901294708252,0.5701032876968384,-1.5869137048721311,32505,31925,32201,32323,0.95,qplite_builtin,opp_m3_10000,0,0,10000,0,1.0911999999999973,0.352,0.0690429831440919,0.0112048685550689,0.0154676223173737,0.0244245212525129,0.729261577129364,-3.436757469899021e-05,0.0002184769982704,-0.0038395475130528,0.0097382431849837,0.0112048685550689,32762.0,2.38230299949646
seeded_ic_v1,14980012,0.013423,0.0246,-1.414326,9.998972,0.715201,0.3075364299999999,adaptive_ramp_v1,18.0,0.08,12.409180879592896,adaptive_brake,0.2174965739250183,-0.1026336774230003,0.162790298461914,0.001470542512834,-0.0195218734443187,-0.3239560723304748,0.194057434797287,-0.1237865462899208,3.8807895183563232,-1.1624901294708252,0.5701032876968384,-1.5869137048721311,32505,31925,32201,32323,0.95,qplite_builtin,opp_m3_10000,0,0,10000,0,1.0911999999999973,0.352,0.0690429831440919,0.0112048685550689,0.0154676223173737,0.0244245212525129,0.729261577129364,-3.436757469899021e-05,0.0002184769982704,-0.0038395475130528,0.0097382431849837,0.0112048685550689,32762.0,2.402005434036255
seeded_ic_v1,14980012,0.013423,0.0246,-1.414326,9.998972,0.715201,0.3075364299999999,adaptive_ramp_v1,18.0,0.08,12.40931224822998,adaptive_brake,0.2174965739250183,-0.1026336774230003,0.162790298461914,0.001470542512834,-0.0195218734443187,-0.3239560723304748,0.1701706945896148,-0.1350123882293701,3.84908676147461,-1.2206183671951294,0.4248783886432647,-1.5869137048721311,32505,31925,32201,32323,0.95,qplite_builtin,opp_m3_10000,0,0,10000,0,1.0911999999999973,0.352,0.0690429831440919,0.0112048685550689,0.0154676223173737,0.0244245212525129,0.729261577129364,-3.436757469899021e-05,0.0002184769982704,-0.0038395475130528,0.0097382431849837,0.0112048685550689,32762.0,2.40213680267334
seeded_ic_v1,14980012,0.013423,0.0246,-1.414326,9.998972,0.715201,0.3075364299999999,adaptive_ramp_v1,18.0,0.08,12.409378290176392,adaptive_brake,0.2174965739250183,-0.1026336774230003,0.162790298461914,0.001470542512834,-0.0195218734443187,-0.3239560723304748,0.1701706945896148,-0.1350123882293701,3.84908676147461,-1.2206183671951294,0.4248783886432647,-1.5869137048721311,32505,31915,32211,32351,0.95,qplite_builtin,opp_m3_10000,0,0,10000,0,1.0911999999999973,0.352,0.0690429831440919,0.0112048685550689,0.0154676223173737,0.0244245212525129,0.729261577129364,-3.436757469899021e-05,0.0002184769982704,-0.0038395475130528,0.0097382431849837,0.0112048685550689,32762.0,2.402202844619751
seeded_ic_v1,14980012,0.013423,0.0246,-1.414326,9.998972,0.715201,0.3075364299999999,adaptive_ramp_v1,18.0,0.08,12.429216146469116,adaptive_brake,0.2175333052873611,-0.1029585301876068,0.1561645120382309,0.001973336096853,-0.0196733456104993,-0.3270110785961151,0.1701706945896148,-0.1350123882293701,3.84908676147461,-1.2206183671951294,0.4248783886432647,-1.5869137048721311,32505,31915,32211,32351,0.95,qplite_builtin,opp_m3_10000,0,0,10000,0,1.0911999999999973,0.352,0.0690429831440919,0.0112048685550689,0.0154676223173737,0.0244245212525129,0.729261577129364,-3.436757469899021e-05,0.0002184769982704,-0.0038395475130528,0.0097382431849837,0.0112048685550689,32762.0,2.4220407009124756
seeded_ic_v1,14980012,0.013423,0.0246,-1.414326,9.998972,0.715201,0.3075364299999999,adaptive_ramp_v1,18.0,0.08,12.42935299873352,adaptive_brake,0.2175333052873611,-0.1029585301876068,0.1561645120382309,0.001973336096853,-0.0196733456104993,-0.3270110785961151,0.1456938832998275,-0.1431085616350174,3.817371368408203,-1.1569843292236328,0.2476216554641723,-1.5869137048721311,32505,31915,32211,32351,0.95,qplite_builtin,opp_m3_10000,0,0,10000,0,1.0911999999999973,0.352,0.0690429831440919,0.0112048685550689,0.0154676223173737,0.0244245212525129,0.729261577129364,-3.436757469899021e-05,0.0002184769982704,-0.0038395475130528,0.0097382431849837,0.0112048685550689,32762.0,2.42217755317688
seeded_ic_v1,14980012,0.013423,0.0246,-1.414326,9.998972,0.715201,0.3075364299999999,adaptive_ramp_v1,18.0,0.08,12.42941117286682,adaptive_brake,0.2175333052873611,-0.1029585301876068,0.1561645120382309,0.001973336096853,-0.0196733456104993,-0.3270110785961151,0.1456938832998275,-0.1431085616350174,3.817371368408203,-1.1569843292236328,0.2476216554641723,-1.5869137048721311,32505,31931,32225,32349,0.95,qplite_builtin,opp_m3_10000,0,0,10000,0,1.0911999999999973,0.352,0.0690429831440919,0.0112048685550689,0.0154676223173737,0.0244245212525129,0.729261577129364,-3.436757469899021e-05,0.0002184769982704,-0.0038395475130528,0.0097382431849837,0.0112048685550689,32762.0,2.422235727310179
seeded_ic_v1,14980012,0.013423,0.0246,-1.414326,9.998972,0.715201,0.3075364299999999,adaptive_ramp_v1,18.0,0.08,12.449231624603271,adaptive_brake,0.2175794243812561,-0.1033089756965637,0.1495967358350753,0.0024941726587712,-0.0198664888739585,-0.3294223845005035,0.1456938832998275,-0.1431085616350174,3.817371368408203,-1.1569843292236328,0.2476216554641723,-1.5869137048721311,32505,31931,32225,32349,0.95,qplite_builtin,opp_m3_10000,0,0,10000,0,1.0911999999999973,0.352,0.0690429831440919,0.0112048685550689,0.0154676223173737,0.0244245212525129,0.729261577129364,-3.436757469899021e-05,0.0002184769982704,-0.0038395475130528,0.0097382431849837,0.0112048685550689,32762.0,2.442056179046631
seeded_ic_v1,14980012,0.013423,0.0246,-1.414326,9.998972,0.715201,0.3075364299999999,adaptive_ramp_v1,18.0,0.08,12.449361562728882,adaptive_brake,0.2175794243812561,-0.1033089756965637,0.1495967358350753,0.0024941726587712,-0.0198664888739585,-0.3294223845005035,0.1222297772765159,-0.1478050053119659,3.785643339157105,-1.2186832427978516,0.0943759307265281,-1.5869137048721311,32505,31931,32225,32349,0.95,qplite_builtin,opp_m3_10000,0,0,10000,0,1.0911999999999973,0.352,0.0690429831440919,0.0112048685550689,0.0154676223173737,0.0244245212525129,0.729261577129364,-3.436757469899021e-05,0.0002184769982704,-0.0038395475130528,0.0097382431849837,0.0112048685550689,32762.0,2.442186117172241
seeded_ic_v1,14980012,0.013423,0.0246,-1.414326,9.998972,0.715201,0.3075364299999999,adaptive_ramp_v1,18.0,0.08,12.449430227279665,adaptive_brake,0.2175794243812561,-0.1033089756965637,0.1495967358350753,0.0024941726587712,-0.0198664888739585,-0.3294223845005035,0.1222297772765159,-0.1478050053119659,3.785643339157105,-1.2186832427978516,0.0943759307265281,-1.5869137048721311,32505,31933,32251,32381,0.95,qplite_builtin,opp_m3_10000,0,0,10000,0,1.0911999999999973,0.352,0.0690429831440919,0.0112048685550689,0.0154676223173737,0.0244245212525129,0.729261577129364,-3.436757469899021e-05,0.0002184769982704,-0.0038395475130528,0.0097382431849837,0.0112048685550689,32762.0,2.4422547817230242
seeded_ic_v1,14980012,0.013423,0.0246,-1.414326,9.998972,0.715201,0.3075364299999999,adaptive_ramp_v1,18.0,0.08,12.469228267669678,adaptive_brake,0.2176372408866882,-0.1036477982997894,0.1429074257612228,0.0030260400380939,-0.0199053920805454,-0.3321793675422668,0.1222297772765159,-0.1478050053119659,3.785643339157105,-1.2186832427978516,0.0943759307265281,-1.5869137048721311,32505,31933,32251,32381,0.95,qplite_builtin,opp_m3_10000,0,0,10000,0,1.0911999999999973,0.352,0.0690429831440919,0.0112048685550689,0.0154676223173737,0.0244245212525129,0.729261577129364,-3.436757469899021e-05,0.0002184769982704,-0.0038395475130528,0.0097382431849837,0.0112048685550689,32762.0,2.462052822113037
seeded_ic_v1,14980012,0.013423,0.0246,-1.414326,9.998972,0.715201,0.3075364299999999,adaptive_ramp_v1,18.0,0.08,12.469376802444458,adaptive_brake,0.2176372408866882,-0.1036477982997894,0.1429074257612228,0.0030260400380939,-0.0199053920805454,-0.3321793675422668,0.0983509197831153,-0.1493973135948181,3.753908157348633,-1.1597201824188232,-0.0003506978682707,-1.5869137048721311,32505,31933,32251,32381,0.95,qplite_builtin,opp_m3_10000,0,0,10000,0,1.0911999999999973,0.352,0.0690429831440919,0.0112048685550689,0.0154676223173737,0.0244245212525129,0.729261577129364,-3.436757469899021e-05,0.0002184769982704,-0.0038395475130528,0.0097382431849837,0.0112048685550689,32762.0,2.4622013568878174
seeded_ic_v1,14980012,0.013423,0.0246,-1.414326,9.998972,0.715201,0.3075364299999999,adaptive_ramp_v1,18.0,0.08,12.46944546699524,adaptive_brake,0.2176372408866882,-0.1036477982997894,0.1429074257612228,0.0030260400380939,-0.0199053920805454,-0.3321793675422668,0.0983509197831153,-0.1493973135948181,3.753908157348633,-1.1597201824188232,-0.0003506978682707,-1.5869137048721311,32505,31913,32235,32385,0.95,qplite_builtin,opp_m3_10000,0,0,10000,0,1.0911999999999973,0.352,0.0690429831440919,0.0112048685550689,0.0154676223173737,0.0244245212525129,0.729261577129364,-3.436757469899021e-05,0.0002184769982704,-0.0038395475130528,0.0097382431849837,0.0112048685550689,32762.0,2.4622700214385986
seeded_ic_v1,14980012,0.013423,0.0246,-1.414326,9.998972,0.715201,0.3075364299999999,adaptive_ramp_v1,18.0,0.08,12.489244222640991,adaptive_brake,0.2177057713270187,-0.1039849892258644,0.1361610740423202,0.0035562231205403,-0.0198571011424064,-0.3348797857761383,0.0983509197831153,-0.1493973135948181,3.753908157348633,-1.1597201824188232,-0.0003506978682707,-1.5869137048721311,32505,31913,32235,32385,0.95,qplite_builtin,opp_m3_10000,0,0,10000,0,1.0911999999999973,0.352,0.0690429831440919,0.0112048685550689,0.0154676223173737,0.0244245212525129,0.729261577129364,-3.436757469899021e-05,0.0002184769982704,-0.0038395475130528,0.0097382431849837,0.0112048685550689,32762.0,2.4820687770843506
seeded_ic_v1,14980012,0.013423,0.0246,-1.414326,9.998972,0.715201,0.3075364299999999,adaptive_ramp_v1,18.0,0.08,12.489388942718506,adaptive_brake,0.2177057713270187,-0.1039849892258644,0.1361610740423202,0.0035562231205403,-0.0198571011424064,-0.3348797857761383,0.075074665248394,-0.1489797234535217,3.722168684005737,-1.1339350938796997,-0.1801593750715255,-1.5869137048721311,32505,31913,32235,32385,0.95,qplite_builtin,opp_m3_10000,0,0,10000,0,1.0911999999999973,0.352,0.0690429831440919,0.0112048685550689,0.0154676223173737,0.0244245212525129,0.729261577129364,-3.436757469899021e-05,0.0002184769982704,-0.0038395475130528,0.0097382431849837,0.0112048685550689,32762.0,2.4822134971618652
seeded_ic_v1,14980012,0.013423,0.0246,-1.414326,9.998972,0.715201,0.3075364299999999,adaptive_ramp_v1,18.0,0.08,12.48945164680481,adaptive_brake,0.2177057713270187,-0.1039849892258644,0.1361610740423202,0.0035562231205403,-0.0198571011424064,-0.3348797857761383,0.075074665248394,-0.1489797234535217,3.722168684005737,-1.1339350938796997,-0.1801593750715255,-1.5869137048721311,32505,31975,32303,32403,0.95,qplite_builtin,opp_m3_10000,0,0,10000,0,1.0911999999999973,0.352,0.0690429831440919,0.0112048685550689,0.0154676223173737,0.0244245212525129,0.729261577129364,-3.436757469899021e-05,0.0002184769982704,-0.0038395475130528,0.0097382431849837,0.0112048685550689,32762.0,2.482276201248169
seeded_ic_v1,14980012,0.013423,0.0246,-1.414326,9.998972,0.715201,0.3075364299999999,adaptive_ramp_v1,18.0,0.08,12.509205341339111,adaptive_brake,0.217784583568573,-0.1043188646435737,0.1293608248233795,0.0040755760855972,-0.0197237487882375,-0.3375259339809418,0.075074665248394,-0.1489797234535217,3.722168684005737,-1.1339350938796997,-0.1801593750715255,-1.5869137048721311,32505,31975,32303,32403,0.95,qplite_builtin,opp_m3_10000,0,0,10000,0,1.0911999999999973,0.352,0.0690429831440919,0.0112048685550689,0.0154676223173737,0.0244245212525129,0.729261577129364,-3.436757469899021e-05,0.0002184769982704,-0.0038395475130528,0.0097382431849837,0.0112048685550689,32762.0,2.5020298957824707
seeded_ic_v1,14980012,0.013423,0.0246,-1.414326,9.998972,0.715201,0.3075364299999999,adaptive_ramp_v1,18.0,0.08,12.509334564208984,adaptive_brake,0.217784583568573,-0.1043188646435737,0.1293608248233795,0.0040755760855972,-0.0197237487882375,-0.3375259339809418,0.0526274181902408,-0.1449963301420211,3.690426588058472,-1.0362168550491333,-0.306488573551178,-1.5869137048721311,32505,31975,32303,32403,0.95,qplite_builtin,opp_m3_10000,0,0,10000,0,1.0911999999999973,0.352,0.0690429831440919,0.0112048685550689,0.0154676223173737,0.0244245212525129,0.729261577129364,-3.436757469899021e-05,0.0002184769982704,-0.0038395475130528,0.0097382431849837,0.0112048685550689,32762.0,2.5021591186523438
seeded_ic_v1,14980012,0.013423,0.0246,-1.414326,9.998972,0.715201,0.3075364299999999,adaptive_ramp_v1,18.0,0.08,12.509417057037354,adaptive_brake,0.217784583568573,-0.1043188646435737,0.1293608248233795,0.0040755760855972,-0.0197237487882375,-0.3375259339809418,0.0526274181902408,-0.1449963301420211,3.690426588058472,-1.0362168550491333,-0.306488573551178,-1.5869137048721311,32505,31959,32297,32417,0.95,qplite_builtin,opp_m3_10000,0,0,10000,0,1.0911999999999973,0.352,0.0690429831440919,0.0112048685550689,0.0154676223173737,0.0244245212525129,0.729261577129364,-3.436757469899021e-05,0.0002184769982704,-0.0038395475130528,0.0097382431849837,0.0112048685550689,32762.0,2.502241611480713
seeded_ic_v1,14980012,0.013423,0.0246,-1.414326,9.998972,0.715201,0.3075364299999999,adaptive_ramp_v1,18.0,0.08,12.529281377792358,adaptive_brake,0.2178732007741928,-0.1046477854251861,0.1225104853510856,0.0045718974433839,-0.0195106975734233,-0.3400606215000152,0.0526274181902408,-0.1449963301420211,3.690426588058472,-1.0362168550491333,-0.306488573551178,-1.5869137048721311,32505,31959,32297,32417,0.95,qplite_builtin,opp_m3_10000,0,0,10000,0,1.0911999999999973,0.352,0.0690429831440919,0.0112048685550689,0.0154676223173737,0.0244245212525129,0.729261577129364,-3.436757469899021e-05,0.0002184769982704,-0.0038395475130528,0.0097382431849837,0.0112048685550689,32762.0,2.5221059322357178
seeded_ic_v1,14980012,0.013423,0.0246,-1.414326,9.998972,0.715201,0.3075364299999999,adaptive_ramp_v1,18.0,0.08,12.529444932937622,adaptive_brake,0.2178732007741928,-0.1046477854251861,0.1225104853510856,0.0045718974433839,-0.0195106975734233,-0.3400606215000152,0.0322944372892379,-0.138418048620224,3.6588759422302246,-0.9766800999641418,-0.4156027436256408,-1.525057077407837,32505,31959,32297,32417,0.95,qplite_builtin,opp_m3_10000,0,0,10000,0,1.0911999999999973,0.352,0.0690429831440919,0.0112048685550689,0.0154676223173737,0.0244245212525129,0.729261577129364,-3.436757469899021e-05,0.0002184769982704,-0.0038395475130528,0.0097382431849837,0.0112048685550689,32762.0,2.5222694873809814
seeded_ic_v1,14980012,0.013423,0.0246,-1.414326,9.998972,0.715201,0.3075364299999999,adaptive_ramp_v1,18.0,0.08,12.529504537582396,adaptive_brake,0.2178732007741928,-0.1046477854251861,0.1225104853510856,0.0045718974433839,-0.0195106975734233,-0.3400606215000152,0.0322944372892379,-0.138418048620224,3.6588759422302246,-0.9766800999641418,-0.4156027436256408,-1.525057077407837,32505,31993,32349,32415,0.95,qplite_builtin,opp_m3_10000,0,0,10000,0,1.0911999999999973,0.352,0.0690429831440919,0.0112048685550689,0.0154676223173737,0.0244245212525129,0.729261577129364,-3.436757469899021e-05,0.0002184769982704,-0.0038395475130528,0.0097382431849837,0.0112048685550689,32762.0,2.522329092025755
seeded_ic_v1,14980012,0.013423,0.0246,-1.414326,9.998972,0.715201,0.3075364299999999,adaptive_ramp_v1,18.0,0.08,12.549244403839111,adaptive_brake,0.2179708331823349,-0.1049702912569046,0.1156132966279983,0.0050368839874863,-0.0192247983068227,-0.3425321280956268,0.0322944372892379,-0.138418048620224,3.6588759422302246,-0.9766800999641418,-0.4156027436256408,-1.525057077407837,32505,31993,32349,32415,0.95,qplite_builtin,opp_m3_10000,0,0,10000,0,1.0911999999999973,0.352,0.0690429831440919,0.0112048685550689,0.0154676223173737,0.0244245212525129,0.729261577129364,-3.436757469899021e-05,0.0002184769982704,-0.0038395475130528,0.0097382431849837,0.0112048685550689,32762.0,2.5420689582824707
seeded_ic_v1,14980012,0.013423,0.0246,-1.414326,9.998972,0.715201,0.3075364299999999,adaptive_ramp_v1,18.0,0.08,12.549413442611694,adaptive_brake,0.2179708331823349,-0.1049702912569046,0.1156132966279983,0.0050368839874863,-0.0192247983068227,-0.3425321280956268,0.0131949381902813,-0.1301048547029495,3.628361225128174,-0.8899129033088684,-0.5012126564979553,-1.52587890625,32505,31993,32349,32415,0.95,qplite_builtin,opp_m3_10000,0,0,10000,0,1.0911999999999973,0.352,0.0690429831440919,0.0112048685550689,0.0154676223173737,0.0244245212525129,0.729261577129364,-3.436757469899021e-05,0.0002184769982704,-0.0038395475130528,0.0097382431849837,0.0112048685550689,32762.0,2.5422379970550537
seeded_ic_v1,14980012,0.013423,0.0246,-1.414326,9.998972,0.715201,0.3075364299999999,adaptive_ramp_v1,18.0,0.08,12.549497604370115,adaptive_brake,0.2179708331823349,-0.1049702912569046,0.1156132966279983,0.0050368839874863,-0.0192247983068227,-0.3425321280956268,0.0131949381902813,-0.1301048547029495,3.628361225128174,-0.8899129033088684,-0.5012126564979553,-1.52587890625,32505,31975,32307,32391,0.95,qplite_builtin,opp_m3_10000,0,0,10000,0,1.0911999999999973,0.352,0.0690429831440919,0.0112048685550689,0.0154676223173737,0.0244245212525129,0.729261577129364,-3.436757469899021e-05,0.0002184769982704,-0.0038395475130528,0.0097382431849837,0.0112048685550689,32762.0,2.542322158813475
seeded_ic_v1,14980012,0.013423,0.0246,-1.414326,9.998972,0.715201,0.3075364299999999,adaptive_ramp_v1,18.0,0.08,12.56921124458313,adaptive_brake,0.2180772274732589,-0.1052707284688949,0.1086083799600601,0.0054637431167066,-0.0187930129468441,-0.3453157842159271,0.0131949381902813,-0.1301048547029495,3.628361225128174,-0.8899129033088684,-0.5012126564979553,-1.52587890625,32505,31975,32307,32391,0.95,qplite_builtin,opp_m3_10000,0,0,10000,0,1.0911999999999973,0.352,0.0690429831440919,0.0112048685550689,0.0154676223173737,0.0244245212525129,0.729261577129364,-3.436757469899021e-05,0.0002184769982704,-0.0038395475130528,0.0097382431849837,0.0112048685550689,32762.0,2.5620357990264893
seeded_ic_v1,14980012,0.013423,0.0246,-1.414326,9.998972,0.715201,0.3075364299999999,adaptive_ramp_v1,18.0,0.08,12.56941056251526,adaptive_brake,0.2180772274732589,-0.1052707284688949,0.1086083799600601,0.0054637431167066,-0.0187930129468441,-0.3453157842159271,-0.0043914504349231,-0.1196470484137535,3.5978424549102783,-0.7913933992385864,-0.6126232147216797,-1.5258790254592896,32505,31975,32307,32391,0.95,qplite_builtin,opp_m3_10000,0,0,10000,0,1.0911999999999973,0.352,0.0690429831440919,0.0112048685550689,0.0154676223173737,0.0244245212525129,0.729261577129364,-3.436757469899021e-05,0.0002184769982704,-0.0038395475130528,0.0097382431849837,0.0112048685550689,32762.0,2.56223511695862
seeded_ic_v1,14980012,0.013423,0.0246,-1.414326,9.998972,0.715201,0.3075364299999999,adaptive_ramp_v1,18.0,0.08,12.569499969482422,adaptive_brake,0.2180772274732589,-0.1052707284688949,0.1086083799600601,0.0054637431167066,-0.0187930129468441,-0.3453157842159271,-0.0043914504349231,-0.1196470484137535,3.5978424549102783,-0.7913933992385864,-0.6126232147216797,-1.5258790254592896,32505,31999,32359,32427,0.95,qplite_builtin,opp_m3_10000,0,0,10000,0,1.0911999999999973,0.352,0.0690429831440919,0.0112048685550689,0.0154676223173737,0.0244245212525129,0.729261577129364,-3.436757469899021e-05,0.0002184769982704,-0.0038395475130528,0.0097382431849837,0.0112048685550689,32762.0,2.5623245239257812
seeded_ic_v1,14980012,0.013423,0.0246,-1.414326,9.998972,0.715201,0.3075364299999999,adaptive_ramp_v1,18.0,0.08,12.589209079742432,adaptive_brake,0.218189924955368,-0.1055762395262718,0.1016243398189544,0.0058438386768102,-0.0183767899870872,-0.347664326429367,-0.0043914504349231,-0.1196470484137535,3.5978424549102783,-0.7913933992385864,-0.6126232147216797,-1.5258790254592896,32505,31999,32359,32427,0.95,qplite_builtin,opp_m3_10000,0,0,10000,0,1.0911999999999973,0.352,0.0690429831440919,0.0112048685550689,0.0154676223173737,0.0244245212525129,0.729261577129364,-3.436757469899021e-05,0.0002184769982704,-0.0038395475130528,0.0097382431849837,0.0112048685550689,32762.0,2.582033634185791
seeded_ic_v1,14980012,0.013423,0.0246,-1.414326,9.998972,0.715201,0.3075364299999999,adaptive_ramp_v1,18.0,0.08,12.589389085769652,adaptive_brake,0.218189924955368,-0.1055762395262718,0.1016243398189544,0.0058438386768102,-0.0183767899870872,-0.347664326429367,-0.0201002601534128,-0.1075613349676132,3.5673277378082275,-0.7295278906822205,-0.6734647154808044,-1.5258790254592896,32505,31999,32359,32427,0.95,qplite_builtin,opp_m3_10000,0,0,10000,0,1.0911999999999973,0.352,0.0690429831440919,0.0112048685550689,0.0154676223173737,0.0244245212525129,0.729261577129364,-3.436757469899021e-05,0.0002184769982704,-0.0038395475130528,0.0097382431849837,0.0112048685550689,32762.0,2.582213640213011
seeded_ic_v1,14980012,0.013423,0.0246,-1.414326,9.998972,0.715201,0.3075364299999999,adaptive_ramp_v1,18.0,0.08,12.589458703994753,adaptive_brake,0.218189924955368,-0.1055762395262718,0.1016243398189544,0.0058438386768102,-0.0183767899870872,-0.347664326429367,-0.0201002601534128,-0.1075613349676132,3.5673277378082275,-0.7295278906822205,-0.6734647154808044,-1.5258790254592896,32505,31995,32365,32437,0.95,qplite_builtin,opp_m3_10000,0,0,10000,0,1.0911999999999973,0.352,0.0690429831440919,0.0112048685550689,0.0154676223173737,0.0244245212525129,0.729261577129364,-3.436757469899021e-05,0.0002184769982704,-0.0038395475130528,0.0097382431849837,0.0112048685550689,32762.0,2.582283258438112
seeded_ic_v1,14980012,0.013423,0.0246,-1.414326,9.998972,0.715201,0.3075364299999999,adaptive_ramp_v1,18.0,0.08,12.609346151351929,adaptive_brake,0.2183084934949875,-0.1058868095278739,0.0946602225303649,0.0061751948669552,-0.017987385392189,-0.3495984673500061,-0.0201002601534128,-0.1075613349676132,3.5673277378082275,-0.7295278906822205,-0.6734647154808044,-1.5258790254592896,32505,31995,32365,32437,0.95,qplite_builtin,opp_m3_10000,0,0,10000,0,1.0911999999999973,0.352,0.0690429831440919,0.0112048685550689,0.0154676223173737,0.0244245212525129,0.729261577129364,-3.436757469899021e-05,0.0002184769982704,-0.0038395475130528,0.0097382431849837,0.0112048685550689,32762.0,2.602170705795288
seeded_ic_v1,14980012,0.013423,0.0246,-1.414326,9.998972,0.715201,0.3075364299999999,adaptive_ramp_v1,18.0,0.08,12.60947847366333,adaptive_brake,0.2183084934949875,-0.1058868095278739,0.0946602225303649,0.0061751948669552,-0.017987385392189,-0.3495984673500061,-0.0341241396963596,-0.0938343629240989,3.536816358566284,-0.6083313226699829,-0.7323470115661621,-1.5258790254592896,32505,31995,32365,32437,0.95,qplite_builtin,opp_m3_10000,0,0,10000,0,1.0911999999999973,0.352,0.0690429831440919,0.0112048685550689,0.0154676223173737,0.0244245212525129,0.729261577129364,-3.436757469899021e-05,0.0002184769982704,-0.0038395475130528,0.0097382431849837,0.0112048685550689,32762.0,2.6023030281066895
seeded_ic_v1,14980012,0.013423,0.0246,-1.414326,9.998972,0.715201,0.3075364299999999,adaptive_ramp_v1,18.0,0.08,12.609555959701538,adaptive_brake,0.2183084934949875,-0.1058868095278739,0.0946602225303649,0.0061751948669552,-0.017987385392189,-0.3495984673500061,-0.0341241396963596,-0.0938343629240989,3.536816358566284,-0.6083313226699829,-0.7323470115661621,-1.5258790254592896,32505,32015,32379,32443,0.95,qplite_builtin,opp_m3_10000,0,0,10000,0,1.0911999999999973,0.352,0.0690429831440919,0.0112048685550689,0.0154676223173737,0.0244245212525129,0.729261577129364,-3.436757469899021e-05,0.0002184769982704,-0.0038395475130528,0.0097382431849837,0.0112048685550689,32762.0,2.6023805141448975
seeded_ic_v1,14980012,0.013423,0.0246,-1.414326,9.998972,0.715201,0.3075364299999999,adaptive_ramp_v1,18.0,0.08,12.629190444946287,adaptive_brake,0.2184322774410247,-0.1061718165874481,0.0875951051712036,0.0064489296637475,-0.017471021041274,-0.3517946600914001,-0.0341241396963596,-0.0938343629240989,3.536816358566284,-0.6083313226699829,-0.7323470115661621,-1.5258790254592896,32505,32015,32379,32443,0.95,qplite_builtin,opp_m3_10000,0,0,10000,0,1.0911999999999973,0.352,0.0690429831440919,0.0112048685550689,0.0154676223173737,0.0244245212525129,0.729261577129364,-3.436757469899021e-05,0.0002184769982704,-0.0038395475130528,0.0097382431849837,0.0112048685550689,32762.0,2.6220149993896467
seeded_ic_v1,14980012,0.013423,0.0246,-1.414326,9.998972,0.715201,0.3075364299999999,adaptive_ramp_v1,18.0,0.08,12.62945318222046,adaptive_brake,0.2184322774410247,-0.1061718165874481,0.0875951051712036,0.0064489296637475,-0.017471021041274,-0.3517946600914001,-0.0459648557007312,-0.0788443461060524,3.506309032440185,-0.4882432520389557,-0.7933810353279114,-1.5258790254592896,32505,32015,32379,32443,0.95,qplite_builtin,opp_m3_10000,0,0,10000,0,1.0911999999999973,0.352,0.0690429831440919,0.0112048685550689,0.0154676223173737,0.0244245212525129,0.729261577129364,-3.436757469899021e-05,0.0002184769982704,-0.0038395475130528,0.0097382431849837,0.0112048685550689,32762.0,2.62227773666382
seeded_ic_v1,14980012,0.013423,0.0246,-1.414326,9.998972,0.715201,0.3075364299999999,adaptive_ramp_v1,18.0,0.08,12.629518985748293,adaptive_brake,0.2184322774410247,-0.1061718165874481,0.0875951051712036,0.0064489296637475,-0.017471021041274,-0.3517946600914001,-0.0459648557007312,-0.0788443461060524,3.506309032440185,-0.4882432520389557,-0.7933810353279114,-1.5258790254592896,32505,32035,32381,32425,0.95,qplite_builtin,opp_m3_10000,0,0,10000,0,1.0911999999999973,0.352,0.0690429831440919,0.0112048685550689,0.0154676223173737,0.0244245212525129,0.729261577129364,-3.436757469899021e-05,0.0002184769982704,-0.0038395475130528,0.0097382431849837,0.0112048685550689,32762.0,2.622343540191652
seeded_ic_v1,14980012,0.013423,0.0246,-1.414326,9.998972,0.715201,0.3075364299999999,adaptive_ramp_v1,18.0,0.08,12.64914608001709,adaptive_brake,0.2185596227645874,-0.106445275247097,0.0804925560951232,0.0066619468852877,-0.0169155560433864,-0.3539085984230041,-0.0459648557007312,-0.0788443461060524,3.506309032440185,-0.4882432520389557,-0.7933810353279114,-1.5258790254592896,32505,32035,32381,32425,0.95,qplite_builtin,opp_m3_10000,0,0,10000,0,1.0911999999999973,0.352,0.0690429831440919,0.0112048685550689,0.0154676223173737,0.0244245212525129,0.729261577129364,-3.436757469899021e-05,0.0002184769982704,-0.0038395475130528,0.0097382431849837,0.0112048685550689,32762.0,2.641970634460449
seeded_ic_v1,14980012,0.013423,0.0246,-1.414326,9.998972,0.715201,0.3075364299999999,adaptive_ramp_v1,18.0,0.08,12.649367094039915,adaptive_brake,0.2185596227645874,-0.106445275247097,0.0804925560951232,0.0066619468852877,-0.0169155560433864,-0.3539085984230041,-0.0557175651192665,-0.0629384443163871,3.4758055210113525,-0.3776519000530243,-0.8429662585258484,-1.5230633020401,32505,32035,32381,32425,0.95,qplite_builtin,opp_m3_10000,0,0,10000,0,1.0911999999999973,0.352,0.0690429831440919,0.0112048685550689,0.0154676223173737,0.0244245212525129,0.729261577129364,-3.436757469899021e-05,0.0002184769982704,-0.0038395475130528,0.0097382431849837,0.0112048685550689,32762.0,2.6421916484832746
seeded_ic_v1,14980012,0.013423,0.0246,-1.414326,9.998972,0.715201,0.3075364299999999,adaptive_ramp_v1,18.0,0.08,12.64942717552185,adaptive_brake,0.2185596227645874,-0.106445275247097,0.0804925560951232,0.0066619468852877,-0.0169155560433864,-0.3539085984230041,-0.0557175651192665,-0.0629384443163871,3.4758055210113525,-0.3776519000530243,-0.8429662585258484,-1.5230633020401,32505,32089,32411,32409,0.95,qplite_builtin,opp_m3_10000,0,0,10000,0,1.0911999999999973,0.352,0.0690429831440919,0.0112048685550689,0.0154676223173737,0.0244245212525129,0.729261577129364,-3.436757469899021e-05,0.0002184769982704,-0.0038395475130528,0.0097382431849837,0.0112048685550689,32762.0,2.64225172996521
seeded_ic_v1,14980012,0.013423,0.0246,-1.414326,9.998972,0.715201,0.3075364299999999,adaptive_ramp_v1,18.0,0.08,12.66927433013916,adaptive_brake,0.2186891883611679,-0.1067066118121147,0.073354423046112,0.0068118628114461,-0.0163290966302156,-0.3559277355670929,-0.0557175651192665,-0.0629384443163871,3.4758055210113525,-0.3776519000530243,-0.8429662585258484,-1.5230633020401,32505,32089,32411,32409,0.95,qplite_builtin,opp_m3_10000,0,0,10000,0,1.0911999999999973,0.352,0.0690429831440919,0.0112048685550689,0.0154676223173737,0.0244245212525129,0.729261577129364,-3.436757469899021e-05,0.0002184769982704,-0.0038395475130528,0.0097382431849837,0.0112048685550689,32762.0,2.6620988845825195
seeded_ic_v1,14980012,0.013423,0.0246,-1.414326,9.998972,0.715201,0.3075364299999999,adaptive_ramp_v1,18.0,0.08,12.669469594955444,adaptive_brake,0.2186891883611679,-0.1067066118121147,0.073354423046112,0.0068118628114461,-0.0163290966302156,-0.3559277355670929,-0.0631622225046157,-0.0461683496832847,3.4459307193756104,-0.2661552429199219,-0.8544977903366089,-1.4648958444595337,32505,32089,32411,32409,0.95,qplite_builtin,opp_m3_10000,0,0,10000,0,1.0911999999999973,0.352,0.0690429831440919,0.0112048685550689,0.0154676223173737,0.0244245212525129,0.729261577129364,-3.436757469899021e-05,0.0002184769982704,-0.0038395475130528,0.0097382431849837,0.0112048685550689,32762.0,2.6622941493988037
seeded_ic_v1,14980012,0.013423,0.0246,-1.414326,9.998972,0.715201,0.3075364299999999,adaptive_ramp_v1,18.0,0.08,12.66954469680786,adaptive_brake,0.2186891883611679,-0.1067066118121147,0.073354423046112,0.0068118628114461,-0.0163290966302156,-0.3559277355670929,-0.0631622225046157,-0.0461683496832847,3.4459307193756104,-0.2661552429199219,-0.8544977903366089,-1.4648958444595337,32505,32065,32397,32403,0.95,qplite_builtin,opp_m3_10000,0,0,10000,0,1.0911999999999973,0.352,0.0690429831440919,0.0112048685550689,0.0154676223173737,0.0244245212525129,0.729261577129364,-3.436757469899021e-05,0.0002184769982704,-0.0038395475130528,0.0097382431849837,0.0112048685550689,32762.0,2.662369251251219
seeded_ic_v1,14980012,0.013423,0.0246,-1.414326,9.998972,0.715201,0.3075364299999999,adaptive_ramp_v1,18.0,0.08,12.689064264297484,adaptive_brake,0.2188196927309036,-0.1069554463028907,0.0661822408437728,0.0068960888311266,-0.0157203394919633,-0.3578729331493377,-0.0631622225046157,-0.0461683496832847,3.4459307193756104,-0.2661552429199219,-0.8544977903366089,-1.4648958444595337,32505,32065,32397,32403,0.95,qplite_builtin,opp_m3_10000,0,0,10000,0,1.0911999999999973,0.352,0.0690429831440919,0.0112048685550689,0.0154676223173737,0.0244245212525129,0.729261577129364,-3.436757469899021e-05,0.0002184769982704,-0.0038395475130528,0.0097382431849837,0.0112048685550689,32762.0,2.681888818740843
seeded_ic_v1,14980012,0.013423,0.0246,-1.414326,9.998972,0.715201,0.3075364299999999,adaptive_ramp_v1,18.0,0.08,12.689319610595703,adaptive_brake,0.2188196927309036,-0.1069554463028907,0.0661822408437728,0.0068960888311266,-0.0157203394919633,-0.3578729331493377,-0.0683847516775131,-0.0290452651679515,3.416653633117676,-0.1810423284769058,-0.8287594318389893,-1.464843511581421,32505,32065,32397,32403,0.95,qplite_builtin,opp_m3_10000,0,0,10000,0,1.0911999999999973,0.352,0.0690429831440919,0.0112048685550689,0.0154676223173737,0.0244245212525129,0.729261577129364,-3.436757469899021e-05,0.0002184769982704,-0.0038395475130528,0.0097382431849837,0.0112048685550689,32762.0,2.6821441650390625
seeded_ic_v1,14980012,0.013423,0.0246,-1.414326,9.998972,0.715201,0.3075364299999999,adaptive_ramp_v1,18.0,0.08,12.689384698867798,adaptive_brake,0.2188196927309036,-0.1069554463028907,0.0661822408437728,0.0068960888311266,-0.0157203394919633,-0.3578729331493377,-0.0683847516775131,-0.0290452651679515,3.416653633117676,-0.1810423284769058,-0.8287594318389893,-1.464843511581421,32505,32065,32419,32429,0.95,qplite_builtin,opp_m3_10000,0,0,10000,0,1.0911999999999973,0.352,0.0690429831440919,0.0112048685550689,0.0154676223173737,0.0244245212525129,0.729261577129364,-3.436757469899021e-05,0.0002184769982704,-0.0038395475130528,0.0097382431849837,0.0112048685550689,32762.0,2.6822092533111572
seeded_ic_v1,14980012,0.013423,0.0246,-1.414326,9.998972,0.715201,0.3075364299999999,adaptive_ramp_v1,18.0,0.08,12.709275007247925,adaptive_brake,0.2189497202634811,-0.1071915626525878,0.0589765049517154,0.006914532277733,-0.0150972511619329,-0.3597972989082336,-0.0683847516775131,-0.0290452651679515,3.416653633117676,-0.1810423284769058,-0.8287594318389893,-1.464843511581421,32505,32065,32419,32429,0.95,qplite_builtin,opp_m3_10000,0,0,10000,0,1.0911999999999973,0.352,0.0690429831440919,0.0112048685550689,0.0154676223173737,0.0244245212525129,0.729261577129364,-3.436757469899021e-05,0.0002184769982704,-0.0038395475130528,0.0097382431849837,0.0112048685550689,32762.0,2.702099561691284
seeded_ic_v1,14980012,0.013423,0.0246,-1.414326,9.998972,0.715201,0.3075364299999999,adaptive_ramp_v1,18.0,0.08,12.709421873092651,adaptive_brake,0.2189497202634811,-0.1071915626525878,0.0589765049517154,0.006914532277733,-0.0150972511619329,-0.3597972989082336,-0.0716875568032264,-0.0126820104196667,3.387376546859741,-0.0964738205075264,-0.8568006157875061,-1.4648433923721311,32505,32065,32419,32429,0.95,qplite_builtin,opp_m3_10000,0,0,10000,0,1.0911999999999973,0.352,0.0690429831440919,0.0112048685550689,0.0154676223173737,0.0244245212525129,0.729261577129364,-3.436757469899021e-05,0.0002184769982704,-0.0038395475130528,0.0097382431849837,0.0112048685550689,32762.0,2.7022464275360107
seeded_ic_v1,14980012,0.013423,0.0246,-1.414326,9.998972,0.715201,0.3075364299999999,adaptive_ramp_v1,18.0,0.08,12.70951008796692,adaptive_brake,0.2189497202634811,-0.1071915626525878,0.0589765049517154,0.006914532277733,-0.0150972511619329,-0.3597972989082336,-0.0716875568032264,-0.0126820104196667,3.387376546859741,-0.0964738205075264,-0.8568006157875061,-1.4648433923721311,32505,32107,32433,32401,0.95,qplite_builtin,opp_m3_10000,0,0,10000,0,1.0911999999999973,0.352,0.0690429831440919,0.0112048685550689,0.0154676223173737,0.0244245212525129,0.729261577129364,-3.436757469899021e-05,0.0002184769982704,-0.0038395475130528,0.0097382431849837,0.0112048685550689,32762.0,2.70233464241028
seeded_ic_v1,14980012,0.013423,0.0246,-1.414326,9.998972,0.715201,0.3075364299999999,adaptive_ramp_v1,18.0,0.08,12.729170799255373,adaptive_brake,0.2190779745578766,-0.1074149161577224,0.0517374277114868,0.006869644857943,-0.0144664980471134,-0.3616799116134643,-0.0716875568032264,-0.0126820104196667,3.387376546859741,-0.0964738205075264,-0.8568006157875061,-1.4648433923721311,32505,32107,32433,32401,0.95,qplite_builtin,opp_m3_10000,0,0,10000,0,1.0911999999999973,0.352,0.0690429831440919,0.0112048685550689,0.0154676223173737,0.0244245212525129,0.729261577129364,-3.436757469899021e-05,0.0002184769982704,-0.0038395475130528,0.0097382431849837,0.0112048685550689,32762.0,2.7219953536987322
seeded_ic_v1,14980012,0.013423,0.0246,-1.414326,9.998972,0.715201,0.3075364299999999,adaptive_ramp_v1,18.0,0.08,12.729314088821411,adaptive_brake,0.2190779745578766,-0.1074149161577224,0.0517374277114868,0.006869644857943,-0.0144664980471134,-0.3616799116134643,-0.0733356103301048,0.0042747003026306,3.3581011295318604,0.0020632497034966,-0.7905445098876953,-1.4648433923721311,32505,32107,32433,32401,0.95,qplite_builtin,opp_m3_10000,0,0,10000,0,1.0911999999999973,0.352,0.0690429831440919,0.0112048685550689,0.0154676223173737,0.0244245212525129,0.729261577129364,-3.436757469899021e-05,0.0002184769982704,-0.0038395475130528,0.0097382431849837,0.0112048685550689,32762.0,2.7221386432647705
seeded_ic_v1,14980012,0.013423,0.0246,-1.414326,9.998972,0.715201,0.3075364299999999,adaptive_ramp_v1,18.0,0.08,12.729390859603882,adaptive_brake,0.2190779745578766,-0.1074149161577224,0.0517374277114868,0.006869644857943,-0.0144664980471134,-0.3616799116134643,-0.0733356103301048,0.0042747003026306,3.3581011295318604,0.0020632497034966,-0.7905445098876953,-1.4648433923721311,32505,32099,32437,32421,0.95,qplite_builtin,opp_m3_10000,0,0,10000,0,1.0911999999999973,0.352,0.0690429831440919,0.0112048685550689,0.0154676223173737,0.0244245212525129,0.729261577129364,-3.436757469899021e-05,0.0002184769982704,-0.0038395475130528,0.0097382431849837,0.0112048685550689,32762.0,2.722215414047241
seeded_ic_v1,14980012,0.013423,0.0246,-1.414326,9.998972,0.715201,0.3075364299999999,adaptive_ramp_v1,18.0,0.08,12.749199390411375,adaptive_brake,0.219203233718872,-0.107625588774681,0.0444660745561122,0.0067606731317937,-0.0138350799679756,-0.3634768426418304,-0.0733356103301048,0.0042747003026306,3.3581011295318604,0.0020632497034966,-0.7905445098876953,-1.4648433923721311,32505,32099,32437,32421,0.95,qplite_builtin,opp_m3_10000,0,0,10000,0,1.0911999999999973,0.352,0.0690429831440919,0.0112048685550689,0.0154676223173737,0.0244245212525129,0.729261577129364,-3.436757469899021e-05,0.0002184769982704,-0.0038395475130528,0.0097382431849837,0.0112048685550689,32762.0,2.7420239448547346
seeded_ic_v1,14980012,0.013423,0.0246,-1.414326,9.998972,0.715201,0.3075364299999999,adaptive_ramp_v1,18.0,0.08,12.749417066574097,adaptive_brake,0.219203233718872,-0.107625588774681,0.0444660745561122,0.0067606731317937,-0.0138350799679756,-0.3634768426418304,-0.0733528062701225,0.0202911086380481,3.328824758529663,0.0760813206434249,-0.7934536337852478,-1.4648433923721311,32505,32099,32437,32421,0.95,qplite_builtin,opp_m3_10000,0,0,10000,0,1.0911999999999973,0.352,0.0690429831440919,0.0112048685550689,0.0154676223173737,0.0244245212525129,0.729261577129364,-3.436757469899021e-05,0.0002184769982704,-0.0038395475130528,0.0097382431849837,0.0112048685550689,32762.0,2.742241621017456
seeded_ic_v1,14980012,0.013423,0.0246,-1.414326,9.998972,0.715201,0.3075364299999999,adaptive_ramp_v1,18.0,0.08,12.749486446380615,adaptive_brake,0.219203233718872,-0.107625588774681,0.0444660745561122,0.0067606731317937,-0.0138350799679756,-0.3634768426418304,-0.0733528062701225,0.0202911086380481,3.328824758529663,0.0760813206434249,-0.7934536337852478,-1.4648433923721311,32505,32129,32445,32403,0.95,qplite_builtin,opp_m3_10000,0,0,10000,0,1.0911999999999973,0.352,0.0690429831440919,0.0112048685550689,0.0154676223173737,0.0244245212525129,0.729261577129364,-3.436757469899021e-05,0.0002184769982704,-0.0038395475130528,0.0097382431849837,0.0112048685550689,32762.0,2.7423110008239746
seeded_ic_v1,14980012,0.013423,0.0246,-1.414326,9.998972,0.715201,0.3075364299999999,adaptive_ramp_v1,18.0,0.08,12.769182205200195,adaptive_brake,0.2193242758512497,-0.1078237891197204,0.0371633693575859,0.0065909777767956,-0.0132089713588356,-0.3652173280715942,-0.0733528062701225,0.0202911086380481,3.328824758529663,0.0760813206434249,-0.7934536337852478,-1.4648433923721311,32505,32129,32445,32403,0.95,qplite_builtin,opp_m3_10000,0,0,10000,0,1.0911999999999973,0.352,0.0690429831440919,0.0112048685550689,0.0154676223173737,0.0244245212525129,0.729261577129364,-3.436757469899021e-05,0.0002184769982704,-0.0038395475130528,0.0097382431849837,0.0112048685550689,32762.0,2.7620067596435547
seeded_ic_v1,14980012,0.013423,0.0246,-1.414326,9.998972,0.715201,0.3075364299999999,adaptive_ramp_v1,18.0,0.08,12.76932954788208,adaptive_brake,0.2193242758512497,-0.1078237891197204,0.0371633693575859,0.0065909777767956,-0.0132089713588356,-0.3652173280715942,-0.0714610144495964,0.0356960408389568,3.2995471954345703,0.1844720393419265,-0.7325397729873657,-1.4648433923721311,32505,32129,32445,32403,0.95,qplite_builtin,opp_m3_10000,0,0,10000,0,1.0911999999999973,0.352,0.0690429831440919,0.0112048685550689,0.0154676223173737,0.0244245212525129,0.729261577129364,-3.436757469899021e-05,0.0002184769982704,-0.0038395475130528,0.0097382431849837,0.0112048685550689,32762.0,2.7621541023254395
seeded_ic_v1,14980012,0.013423,0.0246,-1.414326,9.998972,0.715201,0.3075364299999999,adaptive_ramp_v1,18.0,0.08,12.769417762756348,adaptive_brake,0.2193242758512497,-0.1078237891197204,0.0371633693575859,0.0065909777767956,-0.0132089713588356,-0.3652173280715942,-0.0714610144495964,0.0356960408389568,3.2995471954345703,0.1844720393419265,-0.7325397729873657,-1.4648433923721311,32505,32139,32453,32409,0.95,qplite_builtin,opp_m3_10000,0,0,10000,0,1.0911999999999973,0.352,0.0690429831440919,0.0112048685550689,0.0154676223173737,0.0244245212525129,0.729261577129364,-3.436757469899021e-05,0.0002184769982704,-0.0038395475130528,0.0097382431849837,0.0112048685550689,32762.0,2.762242317199707
seeded_ic_v1,14980012,0.013423,0.0246,-1.414326,9.998972,0.715201,0.3075364299999999,adaptive_ramp_v1,18.0,0.08,12.78917360305786,adaptive_brake,0.2194399684667587,-0.108009859919548,0.0298297759145498,0.006364167202264,-0.0125961322337389,-0.3669350147247314,-0.0714610144495964,0.0356960408389568,3.2995471954345703,0.1844720393419265,-0.7325397729873657,-1.4648433923721311,32505,32139,32453,32409,0.95,qplite_builtin,opp_m3_10000,0,0,10000,0,1.0911999999999973,0.352,0.0690429831440919,0.0112048685550689,0.0154676223173737,0.0244245212525129,0.729261577129364,-3.436757469899021e-05,0.0002184769982704,-0.0038395475130528,0.0097382431849837,0.0112048685550689,32762.0,2.781998157501219
