protocol_id,trial_seed,spawn_x_cmd,spawn_y_cmd,spawn_yaw_deg_cmd,fault_time_cmd,hover_z_cmd,stage1_z_cmd,post_fault_mode,eval_duration_cmd,landing_descent_rate_cmd,t,phase,x,y,z,vx,vy,vz,roll_deg,pitch_deg,yaw_deg,gyro_x_deg_s,gyro_y_deg_s,gyro_z_deg_s,motor_m1,motor_m2,motor_m3,motor_m4,z_cmd,allocator_config,selected_candidate,r1,r2,r3,r4,qp_score,qp_predicted_vz,qp_predicted_drift,qp_predicted_tilt,fault_x,fault_y,fault_z,fault_vx,fault_vy,fault_vz,fault_roll_deg,fault_pitch_deg,fault_max_motor_pwm,tau
seeded_ic_v1,49980002,0.01026,0.00999,0.006174,10.081355,0.702747,0.30218121,adaptive_ramp_v1,18.0,0.08,10.08396601676941,fault_event,0.0098294727504253,0.010227994993329,0.7160800099372864,-0.0002342931256862,0.0002609447401482,-0.0036768701393157,0.0064084106124937,0.0032938180956989,7.525122327933786e-06,0.025807861238718,-0.0022989807184785,0.0,32756,32780,32744,32720,0.05,cem_tuned_boundary,opp_m2_12000,0,12000,0,0,5.73871124581079,0.3476,0.0623959863699503,0.0064084106124937,0.0098294727504253,0.010227994993329,0.7160800099372864,-0.0002342931256862,0.0002609447401482,-0.0036768701393157,0.0064084106124937,0.0032938180956989,32780.0,0.0
seeded_ic_v1,49980002,0.01026,0.00999,0.006174,10.081355,0.702747,0.30218121,adaptive_ramp_v1,18.0,0.08,10.176294565200806,landing_ramp,0.0098294727504253,0.010227994993329,0.7160800099372864,-0.0002342931256862,0.0002609447401482,-0.0036768701393157,0.0071467845700681,0.0029398296028375,7.56625559006352e-06,0.0582102462649345,0.0613896213471889,0.0,32756,32780,32744,32720,0.6951518347839356,cem_tuned_boundary,opp_m2_12000,0,12000,0,0,5.73871124581079,0.3476,0.0623959863699503,0.0064084106124937,0.0098294727504253,0.010227994993329,0.7160800099372864,-0.0002342931256862,0.0002609447401482,-0.0036768701393157,0.0064084106124937,0.0032938180956989,32780.0,0.09232854843139648
seeded_ic_v1,49980002,0.01026,0.00999,0.006174,10.081355,0.702747,0.30218121,adaptive_ramp_v1,18.0,0.08,10.17633843421936,landing_ramp,0.0098294727504253,0.010227994993329,0.7160800099372864,-0.0002342931256862,0.0002609447401482,-0.0036768701393157,0.0071467845700681,0.0029398296028375,7.56625559006352e-06,0.0582102462649345,0.0613896213471889,0.0,32757,32761,32743,32739,0.6951483252624512,cem_tuned_boundary,opp_m2_12000,0,12000,0,0,5.73871124581079,0.3476,0.0623959863699503,0.0064084106124937,0.0098294727504253,0.010227994993329,0.7160800099372864,-0.0002342931256862,0.0002609447401482,-0.0036768701393157,0.0064084106124937,0.0032938180956989,32780.0,0.09237241744995117
seeded_ic_v1,49980002,0.01026,0.00999,0.006174,10.081355,0.702747,0.30218121,adaptive_ramp_v1,18.0,0.08,10.176362991333008,landing_ramp,0.0098207639530301,0.0102351950481534,0.7160142660140991,-0.0002635350101627,0.0002454008208587,-0.0036340868100523,0.0071467845700681,0.0029398296028375,7.56625559006352e-06,0.0582102462649345,0.0613896213471889,0.0,32757,32761,32743,32739,0.6951463606933594,cem_tuned_boundary,opp_m2_12000,0,12000,0,0,5.73871124581079,0.3476,0.0623959863699503,0.0064084106124937,0.0098294727504253,0.010227994993329,0.7160800099372864,-0.0002342931256862,0.0002609447401482,-0.0036768701393157,0.0064084106124937,0.0032938180956989,32780.0,0.09239697456359863
seeded_ic_v1,49980002,0.01026,0.00999,0.006174,10.081355,0.702747,0.30218121,adaptive_ramp_v1,18.0,0.08,10.176386833190918,landing_ramp,0.0098207639530301,0.0102351950481534,0.7160142660140991,-0.0002635350101627,0.0002454008208587,-0.0036340868100523,0.0077413232065737,0.0017069251043722,7.729327990091406e-06,0.0121803674846887,0.0610348060727119,0.0,32757,32761,32743,32739,0.6951444533447266,cem_tuned_boundary,opp_m2_12000,0,12000,0,0,5.73871124581079,0.3476,0.0623959863699503,0.0064084106124937,0.0098294727504253,0.010227994993329,0.7160800099372864,-0.0002342931256862,0.0002609447401482,-0.0036768701393157,0.0064084106124937,0.0032938180956989,32780.0,0.09242081642150879
seeded_ic_v1,49980002,0.01026,0.00999,0.006174,10.081355,0.702747,0.30218121,adaptive_ramp_v1,18.0,0.08,10.17640781402588,landing_ramp,0.0098207639530301,0.0102351950481534,0.7160142660140991,-0.0002635350101627,0.0002454008208587,-0.0036340868100523,0.0077413232065737,0.0017069251043722,7.729327990091406e-06,0.0121803674846887,0.0610348060727119,0.0,32759,32761,32739,32737,0.6951427748779297,cem_tuned_boundary,opp_m2_12000,0,12000,0,0,5.73871124581079,0.3476,0.0623959863699503,0.0064084106124937,0.0098294727504253,0.010227994993329,0.7160800099372864,-0.0002342931256862,0.0002609447401482,-0.0036768701393157,0.0064084106124937,0.0032938180956989,32780.0,0.0924417972564715
seeded_ic_v1,49980002,0.01026,0.00999,0.006174,10.081355,0.702747,0.30218121,adaptive_ramp_v1,18.0,0.08,10.176429271697998,landing_ramp,0.0098119247704744,0.0102425012737512,0.715947151184082,-0.000282330205664,0.0002347739646211,-0.0037020146846771,0.0077413232065737,0.0017069251043722,7.729327990091406e-06,0.0121803674846887,0.0610348060727119,0.0,32759,32761,32739,32737,0.6951410582641602,cem_tuned_boundary,opp_m2_12000,0,12000,0,0,5.73871124581079,0.3476,0.0623959863699503,0.0064084106124937,0.0098294727504253,0.010227994993329,0.7160800099372864,-0.0002342931256862,0.0002609447401482,-0.0036768701393157,0.0064084106124937,0.0032938180956989,32780.0,0.09246325492858887
seeded_ic_v1,49980002,0.01026,0.00999,0.006174,10.081355,0.702747,0.30218121,adaptive_ramp_v1,18.0,0.08,10.176448583602903,landing_ramp,0.0098119247704744,0.0102425012737512,0.715947151184082,-0.000282330205664,0.0002347739646211,-0.0037020146846771,0.0065537136979401,-0.0013857750454917,-0.0006176228635013,-6.542845249176025,6.511343479156494,-1.1729133129119873,32759,32761,32739,32737,0.6951395133117676,cem_tuned_boundary,opp_m2_12000,0,12000,0,0,5.73871124581079,0.3476,0.0623959863699503,0.0064084106124937,0.0098294727504253,0.010227994993329,0.7160800099372864,-0.0002342931256862,0.0002609447401482,-0.0036768701393157,0.0064084106124937,0.0032938180956989,32780.0,0.09248256683349432
seeded_ic_v1,49980002,0.01026,0.00999,0.006174,10.081355,0.702747,0.30218121,adaptive_ramp_v1,18.0,0.08,10.176468849182127,landing_ramp,0.0098119247704744,0.0102425012737512,0.715947151184082,-0.000282330205664,0.0002347739646211,-0.0037020146846771,0.0065537136979401,-0.0013857750454917,-0.0006176228635013,-6.542845249176025,6.511343479156494,-1.1729133129119873,32558,28654,32660,18415,0.6951378920654298,cem_tuned_boundary,opp_m2_12000,0,12000,0,0,5.73871124581079,0.3476,0.0623959863699503,0.0064084106124937,0.0098294727504253,0.010227994993329,0.7160800099372864,-0.0002342931256862,0.0002609447401482,-0.0036768701393157,0.0064084106124937,0.0032938180956989,32780.0,0.09250283241271795
seeded_ic_v1,49980002,0.01026,0.00999,0.006174,10.081355,0.702747,0.30218121,adaptive_ramp_v1,18.0,0.08,10.176489353179932,landing_ramp,0.0098069803789258,0.0102524692192673,0.7158088088035583,-0.0001855411828728,0.0003292879264336,-0.0113353999331593,0.0065537136979401,-0.0013857750454917,-0.0006176228635013,-6.542845249176025,6.511343479156494,-1.1729133129119873,32558,28654,32660,18415,0.6951362517456054,cem_tuned_boundary,opp_m2_12000,0,12000,0,0,5.73871124581079,0.3476,0.0623959863699503,0.0064084106124937,0.0098294727504253,0.010227994993329,0.7160800099372864,-0.0002342931256862,0.0002609447401482,-0.0036768701393157,0.0064084106124937,0.0032938180956989,32780.0,0.09252333641052246
seeded_ic_v1,49980002,0.01026,0.00999,0.006174,10.081355,0.702747,0.30218121,adaptive_ramp_v1,18.0,0.08,10.176507949829102,landing_ramp,0.0098069803789258,0.0102524692192673,0.7158088088035583,-0.0001855411828728,0.0003292879264336,-0.0113353999331593,-0.2199800908565521,-0.2213253825902938,-0.0381363593041896,-34.8066520690918,32.67744827270508,-5.73888635635376,32558,28654,32660,18415,0.6951347640136719,cem_tuned_boundary,opp_m2_12000,0,12000,0,0,5.73871124581079,0.3476,0.0623959863699503,0.0064084106124937,0.0098294727504253,0.010227994993329,0.7160800099372864,-0.0002342931256862,0.0002609447401482,-0.0036768701393157,0.0064084106124937,0.0032938180956989,32780.0,0.09254193305969238
seeded_ic_v1,49980002,0.01026,0.00999,0.006174,10.081355,0.702747,0.30218121,adaptive_ramp_v1,18.0,0.08,10.176527976989746,landing_ramp,0.0098069803789258,0.0102524692192673,0.7158088088035583,-0.0001855411828728,0.0003292879264336,-0.0113353999331593,-0.2199800908565521,-0.2213253825902938,-0.0381363593041896,-34.8066520690918,32.67744827270508,-5.73888635635376,31828,21616,32698,22638,0.6951331618408203,cem_tuned_boundary,opp_m2_12000,0,12000,0,0,5.73871124581079,0.3476,0.0623959863699503,0.0064084106124937,0.0098294727504253,0.010227994993329,0.7160800099372864,-0.0002342931256862,0.0002609447401482,-0.0036768701393157,0.0064084106124937,0.0032938180956989,32780.0,0.09256196022033691
seeded_ic_v1,49980002,0.01026,0.00999,0.006174,10.081355,0.702747,0.30218121,adaptive_ramp_v1,18.0,0.08,10.176546573638916,landing_ramp,0.0098179513588547,0.0102809658274054,0.7153550982475281,0.0009349905303679,0.0014997532125562,-0.0310523007065057,-0.2199800908565521,-0.2213253825902938,-0.0381363593041896,-34.8066520690918,32.67744827270508,-5.73888635635376,31828,21616,32698,22638,0.6951316741088868,cem_tuned_boundary,opp_m2_12000,0,12000,0,0,5.73871124581079,0.3476,0.0623959863699503,0.0064084106124937,0.0098294727504253,0.010227994993329,0.7160800099372864,-0.0002342931256862,0.0002609447401482,-0.0036768701393157,0.0064084106124937,0.0032938180956989,32780.0,0.09258055686950684
seeded_ic_v1,49980002,0.01026,0.00999,0.006174,10.081355,0.702747,0.30218121,adaptive_ramp_v1,18.0,0.08,10.17656707763672,landing_ramp,0.0098179513588547,0.0102809658274054,0.7153550982475281,0.0009349905303679,0.0014997532125562,-0.0310523007065057,-0.9668274521827698,-0.9172241687774658,-0.1758579909801483,-50.79771041870117,47.01437759399414,-11.97047519683838,31828,21616,32698,22638,0.6951300337890626,cem_tuned_boundary,opp_m2_12000,0,12000,0,0,5.73871124581079,0.3476,0.0623959863699503,0.0064084106124937,0.0098294727504253,0.010227994993329,0.7160800099372864,-0.0002342931256862,0.0002609447401482,-0.0036768701393157,0.0064084106124937,0.0032938180956989,32780.0,0.09260106086731135
seeded_ic_v1,49980002,0.01026,0.00999,0.006174,10.081355,0.702747,0.30218121,adaptive_ramp_v1,18.0,0.08,10.17658543586731,landing_ramp,0.0098179513588547,0.0102809658274054,0.7153550982475281,0.0009349905303679,0.0014997532125562,-0.0310523007065057,-0.9668274521827698,-0.9172241687774658,-0.1758579909801483,-50.79771041870117,47.01437759399414,-11.97047519683838,31328,19932,32466,24868,0.6951285651306153,cem_tuned_boundary,opp_m2_12000,0,12000,0,0,5.73871124581079,0.3476,0.0623959863699503,0.0064084106124937,0.0098294727504253,0.010227994993329,0.7160800099372864,-0.0002342931256862,0.0002609447401482,-0.0036768701393157,0.0064084106124937,0.0032938180956989,32780.0,0.09261941909790039
seeded_ic_v1,49980002,0.01026,0.00999,0.006174,10.081355,0.702747,0.30218121,adaptive_ramp_v1,18.0,0.08,10.183889150619509,landing_ramp,0.0098733771592378,0.0103564672172069,0.7143736481666565,0.0042589521035552,0.0050116628408432,-0.0585513636469841,-0.9668274521827698,-0.9172241687774658,-0.1758579909801483,-50.79771041870117,47.01437759399414,-11.97047519683838,31328,19932,32466,24868,0.6945442679504394,cem_tuned_boundary,opp_m2_12000,0,12000,0,0,5.73871124581079,0.3476,0.0623959863699503,0.0064084106124937,0.0098294727504253,0.010227994993329,0.7160800099372864,-0.0002342931256862,0.0002609447401482,-0.0036768701393157,0.0064084106124937,0.0032938180956989,32780.0,0.09992313385009943
seeded_ic_v1,49980002,0.01026,0.00999,0.006174,10.081355,0.702747,0.30218121,adaptive_ramp_v1,18.0,0.08,10.183926343917848,landing_ramp,0.0098733771592378,0.0103564672172069,0.7143736481666565,0.0042589521035552,0.0050116628408432,-0.0585513636469841,-1.9824438095092771,-1.845207929611206,-0.4553151726722717,-52.74497604370117,49.50318145751953,-17.334428787231445,31328,19932,32466,24868,0.6945412924865723,cem_tuned_boundary,opp_m2_12000,0,12000,0,0,5.73871124581079,0.3476,0.0623959863699503,0.0064084106124937,0.0098294727504253,0.010227994993329,0.7160800099372864,-0.0002342931256862,0.0002609447401482,-0.0036768701393157,0.0064084106124937,0.0032938180956989,32780.0,0.09996032714843928
seeded_ic_v1,49980002,0.01026,0.00999,0.006174,10.081355,0.702747,0.30218121,adaptive_ramp_v1,18.0,0.08,10.18394923210144,landing_ramp,0.0098733771592378,0.0103564672172069,0.7143736481666565,0.0042589521035552,0.0050116628408432,-0.0585513636469841,-1.9824438095092771,-1.845207929611206,-0.4553151726722717,-52.74497604370117,49.50318145751953,-17.334428787231445,30884,30038,31972,26995,0.6945394614318848,cem_tuned_boundary,opp_m2_12000,0,12000,0,0,5.73871124581079,0.3476,0.0623959863699503,0.0064084106124937,0.0098294727504253,0.010227994993329,0.7160800099372864,-0.0002342931256862,0.0002609447401482,-0.0036768701393157,0.0064084106124937,0.0032938180956989,32780.0,0.09998321533203125
seeded_ic_v1,49980002,0.01026,0.00999,0.006174,10.081355,0.702747,0.30218121,adaptive_ramp_v1,18.0,0.08,10.203957796096802,landing_ramp,0.0100347008556127,0.0105454809963703,0.7127640247344971,0.0106540154665708,0.0117674712091684,-0.0838164463639259,-1.9824438095092771,-1.845207929611206,-0.4553151726722717,-52.74497604370117,49.50318145751953,-17.334428787231445,30884,30038,31972,26995,0.6929387763122559,cem_tuned_boundary,opp_m2_12000,0,12000,0,0,5.73871124581079,0.3476,0.0623959863699503,0.0064084106124937,0.0098294727504253,0.010227994993329,0.7160800099372864,-0.0002342931256862,0.0002609447401482,-0.0036768701393157,0.0064084106124937,0.0032938180956989,32780.0,0.11999177932739258
seeded_ic_v1,49980002,0.01026,0.00999,0.006174,10.081355,0.702747,0.30218121,adaptive_ramp_v1,18.0,0.08,10.204322099685667,landing_ramp,0.0100347008556127,0.0105454809963703,0.7127640247344971,0.0106540154665708,0.0117674712091684,-0.0838164463639259,-3.0945394039154053,-2.8582420349121094,-0.8528213500976562,-63.97127532958984,60.18067169189453,-19.66012954711914,30884,30038,31972,26995,0.6929096320251465,cem_tuned_boundary,opp_m2_12000,0,12000,0,0,5.73871124581079,0.3476,0.0623959863699503,0.0064084106124937,0.0098294727504253,0.010227994993329,0.7160800099372864,-0.0002342931256862,0.0002609447401482,-0.0036768701393157,0.0064084106124937,0.0032938180956989,32780.0,0.12035608291625799
seeded_ic_v1,49980002,0.01026,0.00999,0.006174,10.081355,0.702747,0.30218121,adaptive_ramp_v1,18.0,0.08,10.204421281814575,landing_ramp,0.0100347008556127,0.0105454809963703,0.7127640247344971,0.0106540154665708,0.0117674712091684,-0.0838164463639259,-3.0945394039154053,-2.8582420349121094,-0.8528213500976562,-63.97127532958984,60.18067169189453,-19.66012954711914,30706,26170,32322,30185,0.692901697454834,cem_tuned_boundary,opp_m2_12000,0,12000,0,0,5.73871124581079,0.3476,0.0623959863699503,0.0064084106124937,0.0098294727504253,0.010227994993329,0.7160800099372864,-0.0002342931256862,0.0002609447401482,-0.0036768701393157,0.0064084106124937,0.0032938180956989,32780.0,0.12045526504516602
seeded_ic_v1,49980002,0.01026,0.00999,0.006174,10.081355,0.702747,0.30218121,adaptive_ramp_v1,18.0,0.08,10.224165678024292,landing_ramp,0.0103534739464521,0.0108968904241919,0.7108080983161926,0.0206423290073871,0.0222039148211479,-0.1024770587682724,-3.0945394039154053,-2.8582420349121094,-0.8528213500976562,-63.97127532958984,60.18067169189453,-19.66012954711914,30706,26170,32322,30185,0.6913221457580567,cem_tuned_boundary,opp_m2_12000,0,12000,0,0,5.73871124581079,0.3476,0.0623959863699503,0.0064084106124937,0.0098294727504253,0.010227994993329,0.7160800099372864,-0.0002342931256862,0.0002609447401482,-0.0036768701393157,0.0064084106124937,0.0032938180956989,32780.0,0.1401996612548828
seeded_ic_v1,49980002,0.01026,0.00999,0.006174,10.081355,0.702747,0.30218121,adaptive_ramp_v1,18.0,0.08,10.224321603775024,landing_ramp,0.0103534739464521,0.0108968904241919,0.7108080983161926,0.0206423290073871,0.0222039148211479,-0.1024770587682724,-4.400276184082031,-4.02899694442749,-1.326340913772583,-62.79484558105469,57.84462356567383,-21.016908645629883,30706,26170,32322,30185,0.6913096716979981,cem_tuned_boundary,opp_m2_12000,0,12000,0,0,5.73871124581079,0.3476,0.0623959863699503,0.0064084106124937,0.0098294727504253,0.010227994993329,0.7160800099372864,-0.0002342931256862,0.0002609447401482,-0.0036768701393157,0.0064084106124937,0.0032938180956989,32780.0,0.14035558700561523
seeded_ic_v1,49980002,0.01026,0.00999,0.006174,10.081355,0.702747,0.30218121,adaptive_ramp_v1,18.0,0.08,10.22438621520996,landing_ramp,0.0103534739464521,0.0108968904241919,0.7108080983161926,0.0206423290073871,0.0222039148211479,-0.1024770587682724,-4.400276184082031,-4.02899694442749,-1.326340913772583,-62.79484558105469,57.84462356567383,-21.016908645629883,30358,26094,32658,31245,0.6913045027832032,cem_tuned_boundary,opp_m2_12000,0,12000,0,0,5.73871124581079,0.3476,0.0623959863699503,0.0064084106124937,0.0098294727504253,0.010227994993329,0.7160800099372864,-0.0002342931256862,0.0002609447401482,-0.0036768701393157,0.0064084106124937,0.0032938180956989,32780.0,0.14042019844054998
seeded_ic_v1,49980002,0.01026,0.00999,0.006174,10.081355,0.702747,0.30218121,adaptive_ramp_v1,18.0,0.08,10.24400281906128,landing_ramp,0.0109284548088908,0.0115184597671031,0.7084341645240784,0.0346189737319946,0.0367352925240993,-0.1211917623877525,-4.400276184082031,-4.02899694442749,-1.326340913772583,-62.79484558105469,57.84462356567383,-21.016908645629883,30358,26094,32658,31245,0.6897351744750977,cem_tuned_boundary,opp_m2_12000,0,12000,0,0,5.73871124581079,0.3476,0.0623959863699503,0.0064084106124937,0.0098294727504253,0.010227994993329,0.7160800099372864,-0.0002342931256862,0.0002609447401482,-0.0036768701393157,0.0064084106124937,0.0032938180956989,32780.0,0.16003680229187012
seeded_ic_v1,49980002,0.01026,0.00999,0.006174,10.081355,0.702747,0.30218121,adaptive_ramp_v1,18.0,0.08,10.244125366210938,landing_ramp,0.0109284548088908,0.0115184597671031,0.7084341645240784,0.0346189737319946,0.0367352925240993,-0.1211917623877525,-5.670236110687256,-5.112345218658447,-1.84724235534668,-51.44853210449219,44.838340759277344,-21.94257926940918,30358,26094,32658,31245,0.689725370703125,cem_tuned_boundary,opp_m2_12000,0,12000,0,0,5.73871124581079,0.3476,0.0623959863699503,0.0064084106124937,0.0098294727504253,0.010227994993329,0.7160800099372864,-0.0002342931256862,0.0002609447401482,-0.0036768701393157,0.0064084106124937,0.0032938180956989,32780.0,0.16015934944152832
seeded_ic_v1,49980002,0.01026,0.00999,0.006174,10.081355,0.702747,0.30218121,adaptive_ramp_v1,18.0,0.08,10.244203329086304,landing_ramp,0.0109284548088908,0.0115184597671031,0.7084341645240784,0.0346189737319946,0.0367352925240993,-0.1211917623877525,-5.670236110687256,-5.112345218658447,-1.84724235534668,-51.44853210449219,44.838340759277344,-21.94257926940918,29957,27579,33127,31534,0.6897191336730958,cem_tuned_boundary,opp_m2_12000,0,12000,0,0,5.73871124581079,0.3476,0.0623959863699503,0.0064084106124937,0.0098294727504253,0.010227994993329,0.7160800099372864,-0.0002342931256862,0.0002609447401482,-0.0036768701393157,0.0064084106124937,0.0032938180956989,32780.0,0.16023731231689453
seeded_ic_v1,49980002,0.01026,0.00999,0.006174,10.081355,0.702747,0.30218121,adaptive_ramp_v1,18.0,0.08,10.264900207519531,landing_ramp,0.0118772471323609,0.0125310905277729,0.7055403590202332,0.0528666377067565,0.0557051710784435,-0.1420942544937133,-5.670236110687256,-5.112345218658447,-1.84724235534668,-51.44853210449219,44.838340759277344,-21.94257926940918,29957,27579,33127,31534,0.6880633833984375,cem_tuned_boundary,opp_m2_12000,0,12000,0,0,5.73871124581079,0.3476,0.0623959863699503,0.0064084106124937,0.0098294727504253,0.010227994993329,0.7160800099372864,-0.0002342931256862,0.0002609447401482,-0.0036768701393157,0.0064084106124937,0.0032938180956989,32780.0,0.18093419075012207
seeded_ic_v1,49980002,0.01026,0.00999,0.006174,10.081355,0.702747,0.30218121,adaptive_ramp_v1,18.0,0.08,10.265061140060425,landing_ramp,0.0118772471323609,0.0125310905277729,0.7055403590202332,0.0528666377067565,0.0557051710784435,-0.1420942544937133,-6.764068126678467,-5.953881740570068,-2.406215190887451,-38.140716552734375,30.214893341064453,-22.3885498046875,29957,27579,33127,31534,0.688050508795166,cem_tuned_boundary,opp_m2_12000,0,12000,0,0,5.73871124581079,0.3476,0.0623959863699503,0.0064084106124937,0.0098294727504253,0.010227994993329,0.7160800099372864,-0.0002342931256862,0.0002609447401482,-0.0036768701393157,0.0064084106124937,0.0032938180956989,32780.0,0.18109512329101562
seeded_ic_v1,49980002,0.01026,0.00999,0.006174,10.081355,0.702747,0.30218121,adaptive_ramp_v1,18.0,0.08,10.265127420425417,landing_ramp,0.0118772471323609,0.0125310905277729,0.7055403590202332,0.0528666377067565,0.0557051710784435,-0.1420942544937133,-6.764068126678467,-5.953881740570068,-2.406215190887451,-38.140716552734375,30.214893341064453,-22.3885498046875,29322,28964,33354,31601,0.6880452063659668,cem_tuned_boundary,opp_m2_12000,0,12000,0,0,5.73871124581079,0.3476,0.0623959863699503,0.0064084106124937,0.0098294727504253,0.010227994993329,0.7160800099372864,-0.0002342931256862,0.0002609447401482,-0.0036768701393157,0.0064084106124937,0.0032938180956989,32780.0,0.18116140365600764
seeded_ic_v1,49980002,0.01026,0.00999,0.006174,10.081355,0.702747,0.30218121,adaptive_ramp_v1,18.0,0.08,10.284977674484251,adaptive_brake,0.013172454200685,0.0139058036729693,0.7024028301239014,0.0730441212654113,0.0768542066216468,-0.1610987037420272,-6.764068126678467,-5.953881740570068,-2.406215190887451,-38.140716552734375,30.214893341064453,-22.3885498046875,29322,28964,33354,31601,0.95,cem_tuned_boundary,opp_m2_12000,0,12000,0,0,5.73871124581079,0.3476,0.0623959863699503,0.0064084106124937,0.0098294727504253,0.010227994993329,0.7160800099372864,-0.0002342931256862,0.0002609447401482,-0.0036768701393157,0.0064084106124937,0.0032938180956989,32780.0,0.20101165771484197
seeded_ic_v1,49980002,0.01026,0.00999,0.006174,10.081355,0.702747,0.30218121,adaptive_ramp_v1,18.0,0.08,10.28516125679016,adaptive_brake,0.013172454200685,0.0139058036729693,0.7024028301239014,0.0730441212654113,0.0768542066216468,-0.1610987037420272,-7.555794715881348,-6.467445373535156,-2.9253079891204834,-26.96318817138672,17.94488525390625,-22.53077507019043,29322,28964,33354,31601,0.95,cem_tuned_boundary,opp_m2_12000,0,12000,0,0,5.73871124581079,0.3476,0.0623959863699503,0.0064084106124937,0.0098294727504253,0.010227994993329,0.7160800099372864,-0.0002342931256862,0.0002609447401482,-0.0036768701393157,0.0064084106124937,0.0032938180956989,32780.0,0.20119524002075018
seeded_ic_v1,49980002,0.01026,0.00999,0.006174,10.081355,0.702747,0.30218121,adaptive_ramp_v1,18.0,0.08,10.28524112701416,adaptive_brake,0.013172454200685,0.0139058036729693,0.7024028301239014,0.0730441212654113,0.0768542066216468,-0.1610987037420272,-7.555794715881348,-6.467445373535156,-2.9253079891204834,-26.96318817138672,17.94488525390625,-22.53077507019043,29050,29974,34044,32130,0.95,cem_tuned_boundary,opp_m2_12000,0,12000,0,0,5.73871124581079,0.3476,0.0623959863699503,0.0064084106124937,0.0098294727504253,0.010227994993329,0.7160800099372864,-0.0002342931256862,0.0002609447401482,-0.0036768701393157,0.0064084106124937,0.0032938180956989,32780.0,0.20127511024475098
seeded_ic_v1,49980002,0.01026,0.00999,0.006174,10.081355,0.702747,0.30218121,adaptive_ramp_v1,18.0,0.08,10.305346727371216,adaptive_brake,0.0149067789316177,0.0157453566789627,0.6989169716835022,0.0952435806393623,0.1004185080528259,-0.1781711727380752,-7.555794715881348,-6.467445373535156,-2.9253079891204834,-26.96318817138672,17.94488525390625,-22.53077507019043,29050,29974,34044,32130,0.95,cem_tuned_boundary,opp_m2_12000,0,12000,0,0,5.73871124581079,0.3476,0.0623959863699503,0.0064084106124937,0.0098294727504253,0.010227994993329,0.7160800099372864,-0.0002342931256862,0.0002609447401482,-0.0036768701393157,0.0064084106124937,0.0032938180956989,32780.0,0.22138071060180664
seeded_ic_v1,49980002,0.01026,0.00999,0.006174,10.081355,0.702747,0.30218121,adaptive_ramp_v1,18.0,0.08,10.305490970611572,adaptive_brake,0.0149067789316177,0.0157453566789627,0.6989169716835022,0.0952435806393623,0.1004185080528259,-0.1781711727380752,-8.126416206359863,-6.735718727111816,-3.4184720516204834,-16.90888023376465,7.594056129455566,-21.964317321777344,29050,29974,34044,32130,0.95,cem_tuned_boundary,opp_m2_12000,0,12000,0,0,5.73871124581079,0.3476,0.0623959863699503,0.0064084106124937,0.0098294727504253,0.010227994993329,0.7160800099372864,-0.0002342931256862,0.0002609447401482,-0.0036768701393157,0.0064084106124937,0.0032938180956989,32780.0,0.22152495384216309
seeded_ic_v1,49980002,0.01026,0.00999,0.006174,10.081355,0.702747,0.30218121,adaptive_ramp_v1,18.0,0.08,10.305576801300049,adaptive_brake,0.0149067789316177,0.0157453566789627,0.6989169716835022,0.0952435806393623,0.1004185080528259,-0.1781711727380752,-8.126416206359863,-6.735718727111816,-3.4184720516204834,-16.90888023376465,7.594056129455566,-21.964317321777344,28365,30011,34273,32505,0.95,cem_tuned_boundary,opp_m2_12000,0,12000,0,0,5.73871124581079,0.3476,0.0623959863699503,0.0064084106124937,0.0098294727504253,0.010227994993329,0.7160800099372864,-0.0002342931256862,0.0002609447401482,-0.0036768701393157,0.0064084106124937,0.0032938180956989,32780.0,0.22161078453063965
seeded_ic_v1,49980002,0.01026,0.00999,0.006174,10.081355,0.702747,0.30218121,adaptive_ramp_v1,18.0,0.08,10.32495665550232,adaptive_brake,0.0171110183000564,0.0180896893143653,0.6951206922531128,0.1186405047774314,0.125680387020111,-0.1938462853431701,-8.126416206359863,-6.735718727111816,-3.4184720516204834,-16.90888023376465,7.594056129455566,-21.964317321777344,28365,30011,34273,32505,0.95,cem_tuned_boundary,opp_m2_12000,0,12000,0,0,5.73871124581079,0.3476,0.0623959863699503,0.0064084106124937,0.0098294727504253,0.010227994993329,0.7160800099372864,-0.0002342931256862,0.0002609447401482,-0.0036768701393157,0.0064084106124937,0.0032938180956989,32780.0,0.24099063873291016
seeded_ic_v1,49980002,0.01026,0.00999,0.006174,10.081355,0.702747,0.30218121,adaptive_ramp_v1,18.0,0.08,10.325107097625732,adaptive_brake,0.0171110183000564,0.0180896893143653,0.6951206922531128,0.1186405047774314,0.125680387020111,-0.1938462853431701,-8.493392944335938,-6.798873901367188,-3.8718764781951904,-7.018844604492188,-2.0282909870147705,-20.944583892822266,28365,30011,34273,32505,0.95,cem_tuned_boundary,opp_m2_12000,0,12000,0,0,5.73871124581079,0.3476,0.0623959863699503,0.0064084106124937,0.0098294727504253,0.010227994993329,0.7160800099372864,-0.0002342931256862,0.0002609447401482,-0.0036768701393157,0.0064084106124937,0.0032938180956989,32780.0,0.24114108085632324
seeded_ic_v1,49980002,0.01026,0.00999,0.006174,10.081355,0.702747,0.30218121,adaptive_ramp_v1,18.0,0.08,10.32517433166504,adaptive_brake,0.0171110183000564,0.0180896893143653,0.6951206922531128,0.1186405047774314,0.125680387020111,-0.1938462853431701,-8.493392944335938,-6.798873901367188,-3.8718764781951904,-7.018844604492188,-2.0282909870147705,-20.944583892822266,27663,30429,34441,32505,0.95,cem_tuned_boundary,opp_m2_12000,0,12000,0,0,5.73871124581079,0.3476,0.0623959863699503,0.0064084106124937,0.0098294727504253,0.010227994993329,0.7160800099372864,-0.0002342931256862,0.0002609447401482,-0.0036768701393157,0.0064084106124937,0.0032938180956989,32780.0,0.24120831489563166
seeded_ic_v1,49980002,0.01026,0.00999,0.006174,10.081355,0.702747,0.30218121,adaptive_ramp_v1,18.0,0.08,10.344946384429932,adaptive_brake,0.0199334006756544,0.0211071781814098,0.6908360719680786,0.1435732692480087,0.1531460583209991,-0.2097426056861877,-8.493392944335938,-6.798873901367188,-3.8718764781951904,-7.018844604492188,-2.0282909870147705,-20.944583892822266,27663,30429,34441,32505,0.95,cem_tuned_boundary,opp_m2_12000,0,12000,0,0,5.73871124581079,0.3476,0.0623959863699503,0.0064084106124937,0.0098294727504253,0.010227994993329,0.7160800099372864,-0.0002342931256862,0.0002609447401482,-0.0036768701393157,0.0064084106124937,0.0032938180956989,32780.0,0.26098036766052246
seeded_ic_v1,49980002,0.01026,0.00999,0.006174,10.081355,0.702747,0.30218121,adaptive_ramp_v1,18.0,0.08,10.345073223114014,adaptive_brake,0.0199334006756544,0.0211071781814098,0.6908360719680786,0.1435732692480087,0.1531460583209991,-0.2097426056861877,-8.670756340026855,-6.672967910766602,-4.297630786895752,1.959946632385254,-10.409914016723633,-19.907154083251957,27663,30429,34441,32505,0.95,cem_tuned_boundary,opp_m2_12000,0,12000,0,0,5.73871124581079,0.3476,0.0623959863699503,0.0064084106124937,0.0098294727504253,0.010227994993329,0.7160800099372864,-0.0002342931256862,0.0002609447401482,-0.0036768701393157,0.0064084106124937,0.0032938180956989,32780.0,0.2611072063446045
seeded_ic_v1,49980002,0.01026,0.00999,0.006174,10.081355,0.702747,0.30218121,adaptive_ramp_v1,18.0,0.08,10.345153331756592,adaptive_brake,0.0199334006756544,0.0211071781814098,0.6908360719680786,0.1435732692480087,0.1531460583209991,-0.2097426056861877,-8.670756340026855,-6.672967910766602,-4.297630786895752,1.959946632385254,-10.409914016723633,-19.907154083251957,26469,29797,34163,32505,0.95,cem_tuned_boundary,opp_m2_12000,0,12000,0,0,5.73871124581079,0.3476,0.0623959863699503,0.0064084106124937,0.0098294727504253,0.010227994993329,0.7160800099372864,-0.0002342931256862,0.0002609447401482,-0.0036768701393157,0.0064084106124937,0.0032938180956989,32780.0,0.2611873149871826
seeded_ic_v1,49980002,0.01026,0.00999,0.006174,10.081355,0.702747,0.30218121,adaptive_ramp_v1,18.0,0.08,10.364972114562988,adaptive_brake,0.0232435911893844,0.024672208353877,0.6863206624984741,0.1681619137525558,0.1809335350990295,-0.2238026112318039,-8.670756340026855,-6.672967910766602,-4.297630786895752,1.959946632385254,-10.409914016723633,-19.907154083251957,26469,29797,34163,32505,0.95,cem_tuned_boundary,opp_m2_12000,0,12000,0,0,5.73871124581079,0.3476,0.0623959863699503,0.0064084106124937,0.0098294727504253,0.010227994993329,0.7160800099372864,-0.0002342931256862,0.0002609447401482,-0.0036768701393157,0.0064084106124937,0.0032938180956989,32780.0,0.2810060977935791
seeded_ic_v1,49980002,0.01026,0.00999,0.006174,10.081355,0.702747,0.30218121,adaptive_ramp_v1,18.0,0.08,10.365114688873293,adaptive_brake,0.0232435911893844,0.024672208353877,0.6863206624984741,0.1681619137525558,0.1809335350990295,-0.2238026112318039,-8.636556625366211,-6.3645758628845215,-4.668563365936279,10.824989318847656,-18.22071075439453,-18.29435539245605,26469,29797,34163,32505,0.95,cem_tuned_boundary,opp_m2_12000,0,12000,0,0,5.73871124581079,0.3476,0.0623959863699503,0.0064084106124937,0.0098294727504253,0.010227994993329,0.7160800099372864,-0.0002342931256862,0.0002609447401482,-0.0036768701393157,0.0064084106124937,0.0032938180956989,32780.0,0.2811486721038836
seeded_ic_v1,49980002,0.01026,0.00999,0.006174,10.081355,0.702747,0.30218121,adaptive_ramp_v1,18.0,0.08,10.365177154541016,adaptive_brake,0.0232435911893844,0.024672208353877,0.6863206624984741,0.1681619137525558,0.1809335350990295,-0.2238026112318039,-8.636556625366211,-6.3645758628845215,-4.668563365936279,10.824989318847656,-18.22071075439453,-18.29435539245605,26921,31859,35385,32505,0.95,cem_tuned_boundary,opp_m2_12000,0,12000,0,0,5.73871124581079,0.3476,0.0623959863699503,0.0064084106124937,0.0098294727504253,0.010227994993329,0.7160800099372864,-0.0002342931256862,0.0002609447401482,-0.0036768701393157,0.0064084106124937,0.0032938180956989,32780.0,0.28121113777160645
seeded_ic_v1,49980002,0.01026,0.00999,0.006174,10.081355,0.702747,0.30218121,adaptive_ramp_v1,18.0,0.08,10.38497543334961,adaptive_brake,0.0268616881221532,0.0286066215485334,0.6817668080329895,0.1906020790338516,0.2071109414100647,-0.2367173135280609,-8.636556625366211,-6.3645758628845215,-4.668563365936279,10.824989318847656,-18.22071075439453,-18.29435539245605,26921,31859,35385,32505,0.95,cem_tuned_boundary,opp_m2_12000,0,12000,0,0,5.73871124581079,0.3476,0.0623959863699503,0.0064084106124937,0.0098294727504253,0.010227994993329,0.7160800099372864,-0.0002342931256862,0.0002609447401482,-0.0036768701393157,0.0064084106124937,0.0032938180956989,32780.0,0.3010094165802002
seeded_ic_v1,49980002,0.01026,0.00999,0.006174,10.081355,0.702747,0.30218121,adaptive_ramp_v1,18.0,0.08,10.385221481323242,adaptive_brake,0.0268616881221532,0.0286066215485334,0.6817668080329895,0.1906020790338516,0.2071109414100647,-0.2367173135280609,-8.416540145874023,-5.92014217376709,-4.965977668762207,18.462574005126957,-24.90884780883789,-16.60000991821289,26921,31859,35385,32505,0.95,cem_tuned_boundary,opp_m2_12000,0,12000,0,0,5.73871124581079,0.3476,0.0623959863699503,0.0064084106124937,0.0098294727504253,0.010227994993329,0.7160800099372864,-0.0002342931256862,0.0002609447401482,-0.0036768701393157,0.0064084106124937,0.0032938180956989,32780.0,0.301255464553833
seeded_ic_v1,49980002,0.01026,0.00999,0.006174,10.081355,0.702747,0.30218121,adaptive_ramp_v1,18.0,0.08,10.38528323173523,adaptive_brake,0.0268616881221532,0.0286066215485334,0.6817668080329895,0.1906020790338516,0.2071109414100647,-0.2367173135280609,-8.416540145874023,-5.92014217376709,-4.965977668762207,18.462574005126957,-24.90884780883789,-16.60000991821289,26353,31797,35691,32505,0.95,cem_tuned_boundary,opp_m2_12000,0,12000,0,0,5.73871124581079,0.3476,0.0623959863699503,0.0064084106124937,0.0098294727504253,0.010227994993329,0.7160800099372864,-0.0002342931256862,0.0002609447401482,-0.0036768701393157,0.0064084106124937,0.0032938180956989,32780.0,0.3013172149658203
seeded_ic_v1,49980002,0.01026,0.00999,0.006174,10.081355,0.702747,0.30218121,adaptive_ramp_v1,18.0,0.08,10.40510320663452,adaptive_brake,0.0309098828583955,0.0330570861697196,0.6769804954528809,0.2117363065481186,0.2327036261558532,-0.2475911676883697,-8.416540145874023,-5.92014217376709,-4.965977668762207,18.462574005126957,-24.90884780883789,-16.60000991821289,26353,31797,35691,32505,0.95,cem_tuned_boundary,opp_m2_12000,0,12000,0,0,5.73871124581079,0.3476,0.0623959863699503,0.0064084106124937,0.0098294727504253,0.010227994993329,0.7160800099372864,-0.0002342931256862,0.0002609447401482,-0.0036768701393157,0.0064084106124937,0.0032938180956989,32780.0,0.32113718986511053
seeded_ic_v1,49980002,0.01026,0.00999,0.006174,10.081355,0.702747,0.30218121,adaptive_ramp_v1,18.0,0.08,10.405369520187378,adaptive_brake,0.0309098828583955,0.0330570861697196,0.6769804954528809,0.2117363065481186,0.2327036261558532,-0.2475911676883697,-8.04295539855957,-5.357438087463379,-5.21328592300415,24.69134330749512,-29.85751342773437,-15.055967330932615,26353,31797,35691,32505,0.95,cem_tuned_boundary,opp_m2_12000,0,12000,0,0,5.73871124581079,0.3476,0.0623959863699503,0.0064084106124937,0.0098294727504253,0.010227994993329,0.7160800099372864,-0.0002342931256862,0.0002609447401482,-0.0036768701393157,0.0064084106124937,0.0032938180956989,32780.0,0.32140350341796875
seeded_ic_v1,49980002,0.01026,0.00999,0.006174,10.081355,0.702747,0.30218121,adaptive_ramp_v1,18.0,0.08,10.405494451522827,adaptive_brake,0.0309098828583955,0.0330570861697196,0.6769804954528809,0.2117363065481186,0.2327036261558532,-0.2475911676883697,-8.04295539855957,-5.357438087463379,-5.21328592300415,24.69134330749512,-29.85751342773437,-15.055967330932615,26757,33285,36715,32505,0.95,cem_tuned_boundary,opp_m2_12000,0,12000,0,0,5.73871124581079,0.3476,0.0623959863699503,0.0064084106124937,0.0098294727504253,0.010227994993329,0.7160800099372864,-0.0002342931256862,0.0002609447401482,-0.0036768701393157,0.0064084106124937,0.0032938180956989,32780.0,0.32152843475341797
seeded_ic_v1,49980002,0.01026,0.00999,0.006174,10.081355,0.702747,0.30218121,adaptive_ramp_v1,18.0,0.08,10.425012111663818,adaptive_brake,0.0353525876998901,0.0380030386149883,0.6720206141471863,0.2311890572309494,0.2573909163475036,-0.2552451491355896,-8.04295539855957,-5.357438087463379,-5.21328592300415,24.69134330749512,-29.85751342773437,-15.055967330932615,26757,33285,36715,32505,0.95,cem_tuned_boundary,opp_m2_12000,0,12000,0,0,5.73871124581079,0.3476,0.0623959863699503,0.0064084106124937,0.0098294727504253,0.010227994993329,0.7160800099372864,-0.0002342931256862,0.0002609447401482,-0.0036768701393157,0.0064084106124937,0.0032938180956989,32780.0,0.3410460948944092
seeded_ic_v1,49980002,0.01026,0.00999,0.006174,10.081355,0.702747,0.30218121,adaptive_ramp_v1,18.0,0.08,10.42531132698059,adaptive_brake,0.0353525876998901,0.0380030386149883,0.6720206141471863,0.2311890572309494,0.2573909163475036,-0.2552451491355896,-7.543135166168213,-4.708421230316162,-5.421192646026611,29.97084045410156,-33.56732940673828,-13.409029006958008,26757,33285,36715,32505,0.95,cem_tuned_boundary,opp_m2_12000,0,12000,0,0,5.73871124581079,0.3476,0.0623959863699503,0.0064084106124937,0.0098294727504253,0.010227994993329,0.7160800099372864,-0.0002342931256862,0.0002609447401482,-0.0036768701393157,0.0064084106124937,0.0032938180956989,32780.0,0.34134531021118164
seeded_ic_v1,49980002,0.01026,0.00999,0.006174,10.081355,0.702747,0.30218121,adaptive_ramp_v1,18.0,0.08,10.42539095878601,adaptive_brake,0.0353525876998901,0.0380030386149883,0.6720206141471863,0.2311890572309494,0.2573909163475036,-0.2552451491355896,-7.543135166168213,-4.708421230316162,-5.421192646026611,29.97084045410156,-33.56732940673828,-13.409029006958008,26457,33381,37151,32505,0.95,cem_tuned_boundary,opp_m2_12000,0,12000,0,0,5.73871124581079,0.3476,0.0623959863699503,0.0064084106124937,0.0098294727504253,0.010227994993329,0.7160800099372864,-0.0002342931256862,0.0002609447401482,-0.0036768701393157,0.0064084106124937,0.0032938180956989,32780.0,0.34142494201660156
seeded_ic_v1,49980002,0.01026,0.00999,0.006174,10.081355,0.702747,0.30218121,adaptive_ramp_v1,18.0,0.08,10.444997549057009,adaptive_brake,0.0401444882154464,0.0434139408171176,0.6669396162033081,0.2484225332736969,0.2805882096290588,-0.26100754737854,-7.543135166168213,-4.708421230316162,-5.421192646026611,29.97084045410156,-33.56732940673828,-13.409029006958008,26457,33381,37151,32505,0.95,cem_tuned_boundary,opp_m2_12000,0,12000,0,0,5.73871124581079,0.3476,0.0623959863699503,0.0064084106124937,0.0098294727504253,0.010227994993329,0.7160800099372864,-0.0002342931256862,0.0002609447401482,-0.0036768701393157,0.0064084106124937,0.0032938180956989,32780.0,0.36103153228759943
seeded_ic_v1,49980002,0.01026,0.00999,0.006174,10.081355,0.702747,0.30218121,adaptive_ramp_v1,18.0,0.08,10.445168495178224,adaptive_brake,0.0401444882154464,0.0434139408171176,0.6669396162033081,0.2484225332736969,0.2805882096290588,-0.26100754737854,-6.936009407043457,-3.997697114944458,-5.594364643096924,34.10321044921875,-35.70441436767578,-11.84311294555664,26457,33381,37151,32505,0.95,cem_tuned_boundary,opp_m2_12000,0,12000,0,0,5.73871124581079,0.3476,0.0623959863699503,0.0064084106124937,0.0098294727504253,0.010227994993329,0.7160800099372864,-0.0002342931256862,0.0002609447401482,-0.0036768701393157,0.0064084106124937,0.0032938180956989,32780.0,0.36120247840881525
seeded_ic_v1,49980002,0.01026,0.00999,0.006174,10.081355,0.702747,0.30218121,adaptive_ramp_v1,18.0,0.08,10.445238828659058,adaptive_brake,0.0401444882154464,0.0434139408171176,0.6669396162033081,0.2484225332736969,0.2805882096290588,-0.26100754737854,-6.936009407043457,-3.997697114944458,-5.594364643096924,34.10321044921875,-35.70441436767578,-11.84311294555664,27143,34789,38029,32505,0.95,cem_tuned_boundary,opp_m2_12000,0,12000,0,0,5.73871124581079,0.3476,0.0623959863699503,0.0064084106124937,0.0098294727504253,0.010227994993329,0.7160800099372864,-0.0002342931256862,0.0002609447401482,-0.0036768701393157,0.0064084106124937,0.0032938180956989,32780.0,0.36127281188964844
seeded_ic_v1,49980002,0.01026,0.00999,0.006174,10.081355,0.702747,0.30218121,adaptive_ramp_v1,18.0,0.08,10.463926792144775,adaptive_brake,0.0454855374991893,0.049540989100933,0.6615408658981323,0.2639119923114776,0.3030871152877807,-0.263532280921936,-6.936009407043457,-3.997697114944458,-5.594364643096924,34.10321044921875,-35.70441436767578,-11.84311294555664,27143,34789,38029,32505,0.95,cem_tuned_boundary,opp_m2_12000,0,12000,0,0,5.73871124581079,0.3476,0.0623959863699503,0.0064084106124937,0.0098294727504253,0.010227994993329,0.7160800099372864,-0.0002342931256862,0.0002609447401482,-0.0036768701393157,0.0064084106124937,0.0032938180956989,32780.0,0.3799607753753662
seeded_ic_v1,49980002,0.01026,0.00999,0.006174,10.081355,0.702747,0.30218121,adaptive_ramp_v1,18.0,0.08,10.464066982269289,adaptive_brake,0.0454855374991893,0.049540989100933,0.6615408658981323,0.2639119923114776,0.3030871152877807,-0.263532280921936,-6.218634605407715,-3.2230262756347656,-5.747727394104004,36.17587661743164,-36.05246353149414,-10.406814575195312,27143,34789,38029,32505,0.95,cem_tuned_boundary,opp_m2_12000,0,12000,0,0,5.73871124581079,0.3476,0.0623959863699503,0.0064084106124937,0.0098294727504253,0.010227994993329,0.7160800099372864,-0.0002342931256862,0.0002609447401482,-0.0036768701393157,0.0064084106124937,0.0032938180956989,32780.0,0.3801009654998797
seeded_ic_v1,49980002,0.01026,0.00999,0.006174,10.081355,0.702747,0.30218121,adaptive_ramp_v1,18.0,0.08,10.464149713516235,adaptive_brake,0.0454855374991893,0.049540989100933,0.6615408658981323,0.2639119923114776,0.3030871152877807,-0.263532280921936,-6.218634605407715,-3.2230262756347656,-5.747727394104004,36.17587661743164,-36.05246353149414,-10.406814575195312,26891,34735,38355,32505,0.95,cem_tuned_boundary,opp_m2_12000,0,12000,0,0,5.73871124581079,0.3476,0.0623959863699503,0.0064084106124937,0.0098294727504253,0.010227994993329,0.7160800099372864,-0.0002342931256862,0.0002609447401482,-0.0036768701393157,0.0064084106124937,0.0032938180956989,32780.0,0.38018369674682617
seeded_ic_v1,49980002,0.01026,0.00999,0.006174,10.081355,0.702747,0.30218121,adaptive_ramp_v1,18.0,0.08,10.484023809432983,adaptive_brake,0.0507845804095268,0.0557307749986648,0.6564318537712097,0.2757081687450409,0.3221644163131714,-0.2638313174247741,-6.218634605407715,-3.2230262756347656,-5.747727394104004,36.17587661743164,-36.05246353149414,-10.406814575195312,26891,34735,38355,32505,0.95,cem_tuned_boundary,opp_m2_12000,0,12000,0,0,5.73871124581079,0.3476,0.0623959863699503,0.0064084106124937,0.0098294727504253,0.010227994993329,0.7160800099372864,-0.0002342931256862,0.0002609447401482,-0.0036768701393157,0.0064084106124937,0.0032938180956989,32780.0,0.4000577926635742
seeded_ic_v1,49980002,0.01026,0.00999,0.006174,10.081355,0.702747,0.30218121,adaptive_ramp_v1,18.0,0.08,10.484222650527954,adaptive_brake,0.0507845804095268,0.0557307749986648,0.6564318537712097,0.2757081687450409,0.3221644163131714,-0.2638313174247741,-5.484634876251221,-2.483418226242065,-5.87286901473999,39.05381774902344,-36.31940078735352,-9.03754425048828,26891,34735,38355,32505,0.95,cem_tuned_boundary,opp_m2_12000,0,12000,0,0,5.73871124581079,0.3476,0.0623959863699503,0.0064084106124937,0.0098294727504253,0.010227994993329,0.7160800099372864,-0.0002342931256862,0.0002609447401482,-0.0036768701393157,0.0064084106124937,0.0032938180956989,32780.0,0.4002566337585449
seeded_ic_v1,49980002,0.01026,0.00999,0.006174,10.081355,0.702747,0.30218121,adaptive_ramp_v1,18.0,0.08,10.484291076660156,adaptive_brake,0.0507845804095268,0.0557307749986648,0.6564318537712097,0.2757081687450409,0.3221644163131714,-0.2638313174247741,-5.484634876251221,-2.483418226242065,-5.87286901473999,39.05381774902344,-36.31940078735352,-9.03754425048828,27183,35311,38819,32505,0.95,cem_tuned_boundary,opp_m2_12000,0,12000,0,0,5.73871124581079,0.3476,0.0623959863699503,0.0064084106124937,0.0098294727504253,0.010227994993329,0.7160800099372864,-0.0002342931256862,0.0002609447401482,-0.0036768701393157,0.0064084106124937,0.0032938180956989,32780.0,0.40032505989074707
seeded_ic_v1,49980002,0.01026,0.00999,0.006174,10.081355,0.702747,0.30218121,adaptive_ramp_v1,18.0,0.08,10.504162549972534,adaptive_brake,0.0562628544867038,0.0622518621385097,0.6513318419456482,0.2846859693527221,0.3388868272304535,-0.2627390325069427,-5.484634876251221,-2.483418226242065,-5.87286901473999,39.05381774902344,-36.31940078735352,-9.03754425048828,27183,35311,38819,32505,0.95,cem_tuned_boundary,opp_m2_12000,0,12000,0,0,5.73871124581079,0.3476,0.0623959863699503,0.0064084106124937,0.0098294727504253,0.010227994993329,0.7160800099372864,-0.0002342931256862,0.0002609447401482,-0.0036768701393157,0.0064084106124937,0.0032938180956989,32780.0,0.420196533203125
seeded_ic_v1,49980002,0.01026,0.00999,0.006174,10.081355,0.702747,0.30218121,adaptive_ramp_v1,18.0,0.08,10.504331827163696,adaptive_brake,0.0562628544867038,0.0622518621385097,0.6513318419456482,0.2846859693527221,0.3388868272304535,-0.2627390325069427,-4.688735008239746,-1.7456188201904297,-5.980409145355225,41.75706481933594,-35.96381759643555,-7.734145164489746,27183,35311,38819,32505,0.95,cem_tuned_boundary,opp_m2_12000,0,12000,0,0,5.73871124581079,0.3476,0.0623959863699503,0.0064084106124937,0.0098294727504253,0.010227994993329,0.7160800099372864,-0.0002342931256862,0.0002609447401482,-0.0036768701393157,0.0064084106124937,0.0032938180956989,32780.0,0.4203658103942871
seeded_ic_v1,49980002,0.01026,0.00999,0.006174,10.081355,0.702747,0.30218121,adaptive_ramp_v1,18.0,0.08,10.504410028457642,adaptive_brake,0.0562628544867038,0.0622518621385097,0.6513318419456482,0.2846859693527221,0.3388868272304535,-0.2627390325069427,-4.688735008239746,-1.7456188201904297,-5.980409145355225,41.75706481933594,-35.96381759643555,-7.734145164489746,27733,36045,39199,32505,0.95,cem_tuned_boundary,opp_m2_12000,0,12000,0,0,5.73871124581079,0.3476,0.0623959863699503,0.0064084106124937,0.0098294727504253,0.010227994993329,0.7160800099372864,-0.0002342931256862,0.0002609447401482,-0.0036768701393157,0.0064084106124937,0.0032938180956989,32780.0,0.4204440116882324
seeded_ic_v1,49980002,0.01026,0.00999,0.006174,10.081355,0.702747,0.30218121,adaptive_ramp_v1,18.0,0.08,10.524109601974487,adaptive_brake,0.0619363524019718,0.0691248401999473,0.6461988091468811,0.2911857962608337,0.3534395098686218,-0.2598461806774139,-4.688735008239746,-1.7456188201904297,-5.980409145355225,41.75706481933594,-35.96381759643555,-7.734145164489746,27733,36045,39199,32505,0.95,cem_tuned_boundary,opp_m2_12000,0,12000,0,0,5.73871124581079,0.3476,0.0623959863699503,0.0064084106124937,0.0098294727504253,0.010227994993329,0.7160800099372864,-0.0002342931256862,0.0002609447401482,-0.0036768701393157,0.0064084106124937,0.0032938180956989,32780.0,0.4401435852050781
seeded_ic_v1,49980002,0.01026,0.00999,0.006174,10.081355,0.702747,0.30218121,adaptive_ramp_v1,18.0,0.08,10.524450778961182,adaptive_brake,0.0619363524019718,0.0691248401999473,0.6461988091468811,0.2911857962608337,0.3534395098686218,-0.2598461806774139,-3.844858884811402,-1.023687720298767,-6.074448585510254,43.354923248291016,-34.96089172363281,-6.639223575592041,27733,36045,39199,32505,0.95,cem_tuned_boundary,opp_m2_12000,0,12000,0,0,5.73871124581079,0.3476,0.0623959863699503,0.0064084106124937,0.0098294727504253,0.010227994993329,0.7160800099372864,-0.0002342931256862,0.0002609447401482,-0.0036768701393157,0.0064084106124937,0.0032938180956989,32780.0,0.44048476219177246
seeded_ic_v1,49980002,0.01026,0.00999,0.006174,10.081355,0.702747,0.30218121,adaptive_ramp_v1,18.0,0.08,10.524551391601562,adaptive_brake,0.0619363524019718,0.0691248401999473,0.6461988091468811,0.2911857962608337,0.3534395098686218,-0.2598461806774139,-3.844858884811402,-1.023687720298767,-6.074448585510254,43.354923248291016,-34.96089172363281,-6.639223575592041,28031,36543,39531,32505,0.95,cem_tuned_boundary,opp_m2_12000,0,12000,0,0,5.73871124581079,0.3476,0.0623959863699503,0.0064084106124937,0.0098294727504253,0.010227994993329,0.7160800099372864,-0.0002342931256862,0.0002609447401482,-0.0036768701393157,0.0064084106124937,0.0032938180956989,32780.0,0.4405853748321533
seeded_ic_v1,49980002,0.01026,0.00999,0.006174,10.081355,0.702747,0.30218121,adaptive_ramp_v1,18.0,0.08,10.545918703079224,adaptive_brake,0.0677730143070221,0.0763892158865928,0.641104519367218,0.2940372824668884,0.3648693561553955,-0.2536308467388153,-3.844858884811402,-1.023687720298767,-6.074448585510254,43.354923248291016,-34.96089172363281,-6.639223575592041,28031,36543,39531,32505,0.95,cem_tuned_boundary,opp_m2_12000,0,12000,0,0,5.73871124581079,0.3476,0.0623959863699503,0.0064084106124937,0.0098294727504253,0.010227994993329,0.7160800099372864,-0.0002342931256862,0.0002609447401482,-0.0036768701393157,0.0064084106124937,0.0032938180956989,32780.0,0.46195268630981445
seeded_ic_v1,49980002,0.01026,0.00999,0.006174,10.081355,0.702747,0.30218121,adaptive_ramp_v1,18.0,0.08,10.546156167984009,adaptive_brake,0.0677730143070221,0.0763892158865928,0.641104519367218,0.2940372824668884,0.3648693561553955,-0.2536308467388153,-2.927637815475464,-0.2943286001682281,-6.1629509925842285,44.21785354614258,-33.21921157836914,-5.548373699188232,28031,36543,39531,32505,0.95,cem_tuned_boundary,opp_m2_12000,0,12000,0,0,5.73871124581079,0.3476,0.0623959863699503,0.0064084106124937,0.0098294727504253,0.010227994993329,0.7160800099372864,-0.0002342931256862,0.0002609447401482,-0.0036768701393157,0.0064084106124937,0.0032938180956989,32780.0,0.4621901512145996
seeded_ic_v1,49980002,0.01026,0.00999,0.006174,10.081355,0.702747,0.30218121,adaptive_ramp_v1,18.0,0.08,10.546326398849487,adaptive_brake,0.0677730143070221,0.0763892158865928,0.641104519367218,0.2940372824668884,0.3648693561553955,-0.2536308467388153,-2.927637815475464,-0.2943286001682281,-6.1629509925842285,44.21785354614258,-33.21921157836914,-5.548373699188232,27981,36655,39821,32505,0.95,cem_tuned_boundary,opp_m2_12000,0,12000,0,0,5.73871124581079,0.3476,0.0623959863699503,0.0064084106124937,0.0098294727504253,0.010227994993329,0.7160800099372864,-0.0002342931256862,0.0002609447401482,-0.0036768701393157,0.0064084106124937,0.0032938180956989,32780.0,0.4623603820800781
seeded_ic_v1,49980002,0.01026,0.00999,0.006174,10.081355,0.702747,0.30218121,adaptive_ramp_v1,18.0,0.08,10.563893795013428,adaptive_brake,0.0736396983265876,0.0838459804654121,0.6361225247383118,0.2939369678497314,0.3732188045978546,-0.2456250488758087,-2.927637815475464,-0.2943286001682281,-6.1629509925842285,44.21785354614258,-33.21921157836914,-5.548373699188232,27981,36655,39821,32505,0.95,cem_tuned_boundary,opp_m2_12000,0,12000,0,0,5.73871124581079,0.3476,0.0623959863699503,0.0064084106124937,0.0098294727504253,0.010227994993329,0.7160800099372864,-0.0002342931256862,0.0002609447401482,-0.0036768701393157,0.0064084106124937,0.0032938180956989,32780.0,0.47992777824401855
seeded_ic_v1,49980002,0.01026,0.00999,0.006174,10.081355,0.702747,0.30218121,adaptive_ramp_v1,18.0,0.08,10.564094305038452,adaptive_brake,0.0736396983265876,0.0838459804654121,0.6361225247383118,0.2939369678497314,0.3732188045978546,-0.2456250488758087,-1.9972010850906368,0.3946929574012756,-6.244251251220703,44.31841659545898,-31.270078659057617,-4.741167068481445,27981,36655,39821,32505,0.95,cem_tuned_boundary,opp_m2_12000,0,12000,0,0,5.73871124581079,0.3476,0.0623959863699503,0.0064084106124937,0.0098294727504253,0.010227994993329,0.7160800099372864,-0.0002342931256862,0.0002609447401482,-0.0036768701393157,0.0064084106124937,0.0032938180956989,32780.0,0.48012828826904297
seeded_ic_v1,49980002,0.01026,0.00999,0.006174,10.081355,0.702747,0.30218121,adaptive_ramp_v1,18.0,0.08,10.564167499542236,adaptive_brake,0.0736396983265876,0.0838459804654121,0.6361225247383118,0.2939369678497314,0.3732188045978546,-0.2456250488758087,-1.9972010850906368,0.3946929574012756,-6.244251251220703,44.31841659545898,-31.270078659057617,-4.741167068481445,26993,37367,38385,32505,0.95,cem_tuned_boundary,opp_m2_12000,0,12000,0,0,5.73871124581079,0.3476,0.0623959863699503,0.0064084106124937,0.0098294727504253,0.010227994993329,0.7160800099372864,-0.0002342931256862,0.0002609447401482,-0.0036768701393157,0.0064084106124937,0.0032938180956989,32780.0,0.48020148277282715
seeded_ic_v1,49980002,0.01026,0.00999,0.006174,10.081355,0.702747,0.30218121,adaptive_ramp_v1,18.0,0.08,10.584027767181396,adaptive_brake,0.0792691111564636,0.0911554247140884,0.6314610242843628,0.2915020287036896,0.3786097764968872,-0.2369551062583923,-1.9972010850906368,0.3946929574012756,-6.244251251220703,44.31841659545898,-31.270078659057617,-4.741167068481445,26993,37367,38385,32505,0.95,cem_tuned_boundary,opp_m2_12000,0,12000,0,0,5.73871124581079,0.3476,0.0623959863699503,0.0064084106124937,0.0098294727504253,0.010227994993329,0.7160800099372864,-0.0002342931256862,0.0002609447401482,-0.0036768701393157,0.0064084106124937,0.0032938180956989,32780.0,0.5000617504119873
seeded_ic_v1,49980002,0.01026,0.00999,0.006174,10.081355,0.702747,0.30218121,adaptive_ramp_v1,18.0,0.08,10.5843403339386,adaptive_brake,0.0792691111564636,0.0911554247140884,0.6314610242843628,0.2915020287036896,0.3786097764968872,-0.2369551062583923,-1.1179771423339844,0.9968571066856384,-6.314775943756104,43.25870513916016,-28.20014762878418,-3.811611175537109,26993,37367,38385,32505,0.95,cem_tuned_boundary,opp_m2_12000,0,12000,0,0,5.73871124581079,0.3476,0.0623959863699503,0.0064084106124937,0.0098294727504253,0.010227994993329,0.7160800099372864,-0.0002342931256862,0.0002609447401482,-0.0036768701393157,0.0064084106124937,0.0032938180956989,32780.0,0.5003743171691912
seeded_ic_v1,49980002,0.01026,0.00999,0.006174,10.081355,0.702747,0.30218121,adaptive_ramp_v1,18.0,0.08,10.584442377090454,adaptive_brake,0.0792691111564636,0.0911554247140884,0.6314610242843628,0.2915020287036896,0.3786097764968872,-0.2369551062583923,-1.1179771423339844,0.9968571066856384,-6.314775943756104,43.25870513916016,-28.20014762878418,-3.811611175537109,28147,36357,39601,32505,0.95,cem_tuned_boundary,opp_m2_12000,0,12000,0,0,5.73871124581079,0.3476,0.0623959863699503,0.0064084106124937,0.0098294727504253,0.010227994993329,0.7160800099372864,-0.0002342931256862,0.0002609447401482,-0.0036768701393157,0.0064084106124937,0.0032938180956989,32780.0,0.5004763603210449
seeded_ic_v1,49980002,0.01026,0.00999,0.006174,10.081355,0.702747,0.30218121,adaptive_ramp_v1,18.0,0.08,10.604175090789797,adaptive_brake,0.0845455825328826,0.0982424840331077,0.6271679401397705,0.2853420972824096,0.3797476589679718,-0.2266173064708709,-1.1179771423339844,0.9968571066856384,-6.314775943756104,43.25870513916016,-28.20014762878418,-3.811611175537109,28147,36357,39601,32505,0.95,cem_tuned_boundary,opp_m2_12000,0,12000,0,0,5.73871124581079,0.3476,0.0623959863699503,0.0064084106124937,0.0098294727504253,0.010227994993329,0.7160800099372864,-0.0002342931256862,0.0002609447401482,-0.0036768701393157,0.0064084106124937,0.0032938180956989,32780.0,0.5202090740203875
seeded_ic_v1,49980002,0.01026,0.00999,0.006174,10.081355,0.702747,0.30218121,adaptive_ramp_v1,18.0,0.08,10.60501742362976,adaptive_brake,0.0845455825328826,0.0982424840331077,0.6271679401397705,0.2853420972824096,0.3797476589679718,-0.2266173064708709,-0.2628836333751678,1.5332634449005127,-6.376974105834961,41.80142974853516,-24.734962463378903,-2.926100492477417,28147,36357,39601,32505,0.95,cem_tuned_boundary,opp_m2_12000,0,12000,0,0,5.73871124581079,0.3476,0.0623959863699503,0.0064084106124937,0.0098294727504253,0.010227994993329,0.7160800099372864,-0.0002342931256862,0.0002609447401482,-0.0036768701393157,0.0064084106124937,0.0032938180956989,32780.0,0.5210514068603516
seeded_ic_v1,49980002,0.01026,0.00999,0.006174,10.081355,0.702747,0.30218121,adaptive_ramp_v1,18.0,0.08,10.605201959609984,adaptive_brake,0.0845455825328826,0.0982424840331077,0.6271679401397705,0.2853420972824096,0.3797476589679718,-0.2266173064708709,-0.2628836333751678,1.5332634449005127,-6.376974105834961,41.80142974853516,-24.734962463378903,-2.926100492477417,27649,37451,38713,32505,0.95,cem_tuned_boundary,opp_m2_12000,0,12000,0,0,5.73871124581079,0.3476,0.0623959863699503,0.0064084106124937,0.0098294727504253,0.010227994993329,0.7160800099372864,-0.0002342931256862,0.0002609447401482,-0.0036768701393157,0.0064084106124937,0.0032938180956989,32780.0,0.5212359428405744
seeded_ic_v1,49980002,0.01026,0.00999,0.006174,10.081355,0.702747,0.30218121,adaptive_ramp_v1,18.0,0.08,10.623910188674929,adaptive_brake,0.0897902995347976,0.1054402440786361,0.6229641437530518,0.2774927914142608,0.3785887360572815,-0.2161863893270492,-0.2628836333751678,1.5332634449005127,-6.376974105834961,41.80142974853516,-24.734962463378903,-2.926100492477417,27649,37451,38713,32505,0.95,cem_tuned_boundary,opp_m2_12000,0,12000,0,0,5.73871124581079,0.3476,0.0623959863699503,0.0064084106124937,0.0098294727504253,0.010227994993329,0.7160800099372864,-0.0002342931256862,0.0002609447401482,-0.0036768701393157,0.0064084106124937,0.0032938180956989,32780.0,0.5399441719055194
seeded_ic_v1,49980002,0.01026,0.00999,0.006174,10.081355,0.702747,0.30218121,adaptive_ramp_v1,18.0,0.08,10.624173879623411,adaptive_brake,0.0897902995347976,0.1054402440786361,0.6229641437530518,0.2774927914142608,0.3785887360572815,-0.2161863893270492,0.5597317218780518,1.9960860013961792,-6.429785251617432,40.05510711669922,-21.012001037597656,-2.1274213790893555,27649,37451,38713,32505,0.95,cem_tuned_boundary,opp_m2_12000,0,12000,0,0,5.73871124581079,0.3476,0.0623959863699503,0.0064084106124937,0.0098294727504253,0.010227994993329,0.7160800099372864,-0.0002342931256862,0.0002609447401482,-0.0036768701393157,0.0064084106124937,0.0032938180956989,32780.0,0.5402078628540021
seeded_ic_v1,49980002,0.01026,0.00999,0.006174,10.081355,0.702747,0.30218121,adaptive_ramp_v1,18.0,0.08,10.62427568435669,adaptive_brake,0.0897902995347976,0.1054402440786361,0.6229641437530518,0.2774927914142608,0.3785887360572815,-0.2161863893270492,0.5597317218780518,1.9960860013961792,-6.429785251617432,40.05510711669922,-21.012001037597656,-2.1274213790893555,28707,36585,39473,32505,0.95,cem_tuned_boundary,opp_m2_12000,0,12000,0,0,5.73871124581079,0.3476,0.0623959863699503,0.0064084106124937,0.0098294727504253,0.010227994993329,0.7160800099372864,-0.0002342931256862,0.0002609447401482,-0.0036768701393157,0.0064084106124937,0.0032938180956989,32780.0,0.5403096675872803
seeded_ic_v1,49980002,0.01026,0.00999,0.006174,10.081355,0.702747,0.30218121,adaptive_ramp_v1,18.0,0.08,10.644975900650024,adaptive_brake,0.0950696095824241,0.1128833517432212,0.6187831163406372,0.2670774459838867,0.3742490410804748,-0.2048862278461456,0.5597317218780518,1.9960860013961792,-6.429785251617432,40.05510711669922,-21.012001037597656,-2.1274213790893555,28707,36585,39473,32505,0.95,cem_tuned_boundary,opp_m2_12000,0,12000,0,0,5.73871124581079,0.3476,0.0623959863699503,0.0064084106124937,0.0098294727504253,0.010227994993329,0.7160800099372864,-0.0002342931256862,0.0002609447401482,-0.0036768701393157,0.0064084106124937,0.0032938180956989,32780.0,0.5610098838806152
seeded_ic_v1,49980002,0.01026,0.00999,0.006174,10.081355,0.702747,0.30218121,adaptive_ramp_v1,18.0,0.08,10.645142555236816,adaptive_brake,0.0950696095824241,0.1128833517432212,0.6187831163406372,0.2670774459838867,0.3742490410804748,-0.2048862278461456,1.3978633880615234,2.413222312927246,-6.474087715148926,38.22264099121094,-17.63585090637207,-1.4123122692108154,28707,36585,39473,32505,0.95,cem_tuned_boundary,opp_m2_12000,0,12000,0,0,5.73871124581079,0.3476,0.0623959863699503,0.0064084106124937,0.0098294727504253,0.010227994993329,0.7160800099372864,-0.0002342931256862,0.0002609447401482,-0.0036768701393157,0.0064084106124937,0.0032938180956989,32780.0,0.5611765384674072
seeded_ic_v1,49980002,0.01026,0.00999,0.006174,10.081355,0.702747,0.30218121,adaptive_ramp_v1,18.0,0.08,10.645203828811646,adaptive_brake,0.0950696095824241,0.1128833517432212,0.6187831163406372,0.2670774459838867,0.3742490410804748,-0.2048862278461456,1.3978633880615234,2.413222312927246,-6.474087715148926,38.22264099121094,-17.63585090637207,-1.4123122692108154,29097,38033,38895,32505,0.95,cem_tuned_boundary,opp_m2_12000,0,12000,0,0,5.73871124581079,0.3476,0.0623959863699503,0.0064084106124937,0.0098294727504253,0.010227994993329,0.7160800099372864,-0.0002342931256862,0.0002609447401482,-0.0036768701393157,0.0064084106124937,0.0032938180956989,32780.0,0.5612378120422363
seeded_ic_v1,49980002,0.01026,0.00999,0.006174,10.081355,0.702747,0.30218121,adaptive_ramp_v1,18.0,0.08,10.664972305297852,adaptive_brake,0.0999806821346283,0.1199721992015838,0.6149393916130066,0.2559040486812591,0.3678903579711914,-0.1940371841192245,1.3978633880615234,2.413222312927246,-6.474087715148926,38.22264099121094,-17.63585090637207,-1.4123122692108154,29097,38033,38895,32505,0.95,cem_tuned_boundary,opp_m2_12000,0,12000,0,0,5.73871124581079,0.3476,0.0623959863699503,0.0064084106124937,0.0098294727504253,0.010227994993329,0.7160800099372864,-0.0002342931256862,0.0002609447401482,-0.0036768701393157,0.0064084106124937,0.0032938180956989,32780.0,0.5810062885284424
seeded_ic_v1,49980002,0.01026,0.00999,0.006174,10.081355,0.702747,0.30218121,adaptive_ramp_v1,18.0,0.08,10.665155410766602,adaptive_brake,0.0999806821346283,0.1199721992015838,0.6149393916130066,0.2559040486812591,0.3678903579711914,-0.1940371841192245,2.143861770629883,2.7374300956726074,-6.506314754486084,34.83736038208008,-13.784930229187012,-0.7707382440567017,29097,38033,38895,32505,0.95,cem_tuned_boundary,opp_m2_12000,0,12000,0,0,5.73871124581079,0.3476,0.0623959863699503,0.0064084106124937,0.0098294727504253,0.010227994993329,0.7160800099372864,-0.0002342931256862,0.0002609447401482,-0.0036768701393157,0.0064084106124937,0.0032938180956989,32780.0,0.5811893939971924
seeded_ic_v1,49980002,0.01026,0.00999,0.006174,10.081355,0.702747,0.30218121,adaptive_ramp_v1,18.0,0.08,10.665234088897703,adaptive_brake,0.0999806821346283,0.1199721992015838,0.6149393916130066,0.2559040486812591,0.3678903579711914,-0.1940371841192245,2.143861770629883,2.7374300956726074,-6.506314754486084,34.83736038208008,-13.784930229187012,-0.7707382440567017,29651,37149,39245,32505,0.95,cem_tuned_boundary,opp_m2_12000,0,12000,0,0,5.73871124581079,0.3476,0.0623959863699503,0.0064084106124937,0.0098294727504253,0.010227994993329,0.7160800099372864,-0.0002342931256862,0.0002609447401482,-0.0036768701393157,0.0064084106124937,0.0032938180956989,32780.0,0.5812680721282941
seeded_ic_v1,49980002,0.01026,0.00999,0.006174,10.081355,0.702747,0.30218121,adaptive_ramp_v1,18.0,0.08,10.684903860092165,adaptive_brake,0.1043371334671974,0.1265343129634857,0.6114732623100281,0.2418488413095474,0.3573116064071655,-0.1813650280237198,2.143861770629883,2.7374300956726074,-6.506314754486084,34.83736038208008,-13.784930229187012,-0.7707382440567017,29651,37149,39245,32505,0.95,cem_tuned_boundary,opp_m2_12000,0,12000,0,0,5.73871124581079,0.3476,0.0623959863699503,0.0064084106124937,0.0098294727504253,0.010227994993329,0.7160800099372864,-0.0002342931256862,0.0002609447401482,-0.0036768701393157,0.0064084106124937,0.0032938180956989,32780.0,0.6009378433227557
seeded_ic_v1,49980002,0.01026,0.00999,0.006174,10.081355,0.702747,0.30218121,adaptive_ramp_v1,18.0,0.08,10.685269832611084,adaptive_brake,0.1043371334671974,0.1265343129634857,0.6114732623100281,0.2418488413095474,0.3573116064071655,-0.1813650280237198,2.8218767642974854,2.9896717071533203,-6.526759147644043,30.34780502319336,-9.668584823608398,-0.2227460294961929,29651,37149,39245,32505,0.95,cem_tuned_boundary,opp_m2_12000,0,12000,0,0,5.73871124581079,0.3476,0.0623959863699503,0.0064084106124937,0.0098294727504253,0.010227994993329,0.7160800099372864,-0.0002342931256862,0.0002609447401482,-0.0036768701393157,0.0064084106124937,0.0032938180956989,32780.0,0.6013038158416748
seeded_ic_v1,49980002,0.01026,0.00999,0.006174,10.081355,0.702747,0.30218121,adaptive_ramp_v1,18.0,0.08,10.685393571853638,adaptive_brake,0.1043371334671974,0.1265343129634857,0.6114732623100281,0.2418488413095474,0.3573116064071655,-0.1813650280237198,2.8218767642974854,2.9896717071533203,-6.526759147644043,30.34780502319336,-9.668584823608398,-0.2227460294961929,29829,37409,38623,32505,0.95,cem_tuned_boundary,opp_m2_12000,0,12000,0,0,5.73871124581079,0.3476,0.0623959863699503,0.0064084106124937,0.0098294727504253,0.010227994993329,0.7160800099372864,-0.0002342931256862,0.0002609447401482,-0.0036768701393157,0.0064084106124937,0.0032938180956989,32780.0,0.6014275550842285
seeded_ic_v1,49980002,0.01026,0.00999,0.006174,10.081355,0.702747,0.30218121,adaptive_ramp_v1,18.0,0.08,10.70412302017212,adaptive_brake,0.1066085174679756,0.1300449073314666,0.6096461415290833,0.2336001545190811,0.3504793345928192,-0.1744425296783447,2.8218767642974854,2.9896717071533203,-6.526759147644043,30.34780502319336,-9.668584823608398,-0.2227460294961929,29829,37409,38623,32505,0.95,cem_tuned_boundary,opp_m2_12000,0,12000,0,0,5.73871124581079,0.3476,0.0623959863699503,0.0064084106124937,0.0098294727504253,0.010227994993329,0.7160800099372864,-0.0002342931256862,0.0002609447401482,-0.0036768701393157,0.0064084106124937,0.0032938180956989,32780.0,0.62015700340271
seeded_ic_v1,49980002,0.01026,0.00999,0.006174,10.081355,0.702747,0.30218121,adaptive_ramp_v1,18.0,0.08,10.704322338104248,adaptive_brake,0.1066085174679756,0.1300449073314666,0.6096461415290833,0.2336001545190811,0.3504793345928192,-0.1744425296783447,3.152188301086426,3.0907342433929443,-6.532955646514893,26.4158935546875,-6.116698741912842,0.1494527757167816,29829,37409,38623,32505,0.95,cem_tuned_boundary,opp_m2_12000,0,12000,0,0,5.73871124581079,0.3476,0.0623959863699503,0.0064084106124937,0.0098294727504253,0.010227994993329,0.7160800099372864,-0.0002342931256862,0.0002609447401482,-0.0036768701393157,0.0064084106124937,0.0032938180956989,32780.0,0.6203563213348389
seeded_ic_v1,49980002,0.01026,0.00999,0.006174,10.081355,0.702747,0.30218121,adaptive_ramp_v1,18.0,0.08,10.70438814163208,adaptive_brake,0.1066085174679756,0.1300449073314666,0.6096461415290833,0.2336001545190811,0.3504793345928192,-0.1744425296783447,3.152188301086426,3.0907342433929443,-6.532955646514893,26.4158935546875,-6.116698741912842,0.1494527757167816,30225,37103,38713,32505,0.95,cem_tuned_boundary,opp_m2_12000,0,12000,0,0,5.73871124581079,0.3476,0.0623959863699503,0.0064084106124937,0.0098294727504253,0.010227994993329,0.7160800099372864,-0.0002342931256862,0.0002609447401482,-0.0036768701393157,0.0064084106124937,0.0032938180956989,32780.0,0.6204221248626709
seeded_ic_v1,49980002,0.01026,0.00999,0.006174,10.081355,0.702747,0.30218121,adaptive_ramp_v1,18.0,0.08,10.724275827407835,adaptive_brake,0.1106312200427055,0.136339470744133,0.6064696907997131,0.2185459583997726,0.3370053768157959,-0.1623748540878296,3.152188301086426,3.0907342433929443,-6.532955646514893,26.4158935546875,-6.116698741912842,0.1494527757167816,30225,37103,38713,32505,0.95,cem_tuned_boundary,opp_m2_12000,0,12000,0,0,5.73871124581079,0.3476,0.0623959863699503,0.0064084106124937,0.0098294727504253,0.010227994993329,0.7160800099372864,-0.0002342931256862,0.0002609447401482,-0.0036768701393157,0.0064084106124937,0.0032938180956989,32780.0,0.640309810638426
seeded_ic_v1,49980002,0.01026,0.00999,0.006174,10.081355,0.702747,0.30218121,adaptive_ramp_v1,18.0,0.08,10.724496364593506,adaptive_brake,0.1106312200427055,0.136339470744133,0.6064696907997131,0.2185459583997726,0.3370053768157959,-0.1623748540878296,3.6897823810577393,3.2181081771850586,-6.536236763000488,22.024490356445312,-2.5687384605407715,0.5750408172607422,30225,37103,38713,32505,0.95,cem_tuned_boundary,opp_m2_12000,0,12000,0,0,5.73871124581079,0.3476,0.0623959863699503,0.0064084106124937,0.0098294727504253,0.010227994993329,0.7160800099372864,-0.0002342931256862,0.0002609447401482,-0.0036768701393157,0.0064084106124937,0.0032938180956989,32780.0,0.6405303478240967
seeded_ic_v1,49980002,0.01026,0.00999,0.006174,10.081355,0.702747,0.30218121,adaptive_ramp_v1,18.0,0.08,10.724543333053589,adaptive_brake,0.1106312200427055,0.136339470744133,0.6064696907997131,0.2185459583997726,0.3370053768157959,-0.1623748540878296,3.6897823810577393,3.2181081771850586,-6.536236763000488,22.024490356445312,-2.5687384605407715,0.5750408172607422,30311,36733,38333,32505,0.95,cem_tuned_boundary,opp_m2_12000,0,12000,0,0,5.73871124581079,0.3476,0.0623959863699503,0.0064084106124937,0.0098294727504253,0.010227994993329,0.7160800099372864,-0.0002342931256862,0.0002609447401482,-0.0036768701393157,0.0064084106124937,0.0032938180956989,32780.0,0.6405773162841797
seeded_ic_v1,49980002,0.01026,0.00999,0.006174,10.081355,0.702747,0.30218121,adaptive_ramp_v1,18.0,0.08,10.743847131729126,adaptive_brake,0.1143587008118629,0.142348363995552,0.6034992933273315,0.2029705345630645,0.3217441141605377,-0.1506601572036743,3.6897823810577393,3.2181081771850586,-6.536236763000488,22.024490356445312,-2.5687384605407715,0.5750408172607422,30311,36733,38333,32505,0.95,cem_tuned_boundary,opp_m2_12000,0,12000,0,0,5.73871124581079,0.3476,0.0623959863699503,0.0064084106124937,0.0098294727504253,0.010227994993329,0.7160800099372864,-0.0002342931256862,0.0002609447401482,-0.0036768701393157,0.0064084106124937,0.0032938180956989,32780.0,0.6598811149597168
seeded_ic_v1,49980002,0.01026,0.00999,0.006174,10.081355,0.702747,0.30218121,adaptive_ramp_v1,18.0,0.08,10.74407434463501,adaptive_brake,0.1143587008118629,0.142348363995552,0.6034992933273315,0.2029705345630645,0.3217441141605377,-0.1506601572036743,4.139035224914551,3.2758023738861084,-6.52775239944458,17.45013999938965,0.6929559707641602,0.9081167578697203,30311,36733,38333,32505,0.95,cem_tuned_boundary,opp_m2_12000,0,12000,0,0,5.73871124581079,0.3476,0.0623959863699503,0.0064084106124937,0.0098294727504253,0.010227994993329,0.7160800099372864,-0.0002342931256862,0.0002609447401482,-0.0036768701393157,0.0064084106124937,0.0032938180956989,32780.0,0.6601083278656006
seeded_ic_v1,49980002,0.01026,0.00999,0.006174,10.081355,0.702747,0.30218121,adaptive_ramp_v1,18.0,0.08,10.744115352630615,adaptive_brake,0.1143587008118629,0.142348363995552,0.6034992933273315,0.2029705345630645,0.3217441141605377,-0.1506601572036743,4.139035224914551,3.2758023738861084,-6.52775239944458,17.45013999938965,0.6929559707641602,0.9081167578697203,30509,36569,38035,32505,0.95,cem_tuned_boundary,opp_m2_12000,0,12000,0,0,5.73871124581079,0.3476,0.0623959863699503,0.0064084106124937,0.0098294727504253,0.010227994993329,0.7160800099372864,-0.0002342931256862,0.0002609447401482,-0.0036768701393157,0.0064084106124937,0.0032938180956989,32780.0,0.660149335861206
seeded_ic_v1,49980002,0.01026,0.00999,0.006174,10.081355,0.702747,0.30218121,adaptive_ramp_v1,18.0,0.08,10.763973951339722,landing_ramp,0.1177853494882583,0.1480398327112198,0.6007294058799744,0.1871738582849502,0.3049910962581634,-0.1395285129547119,4.139035224914551,3.2758023738861084,-6.52775239944458,17.45013999938965,0.6929559707641602,0.9081167578697203,30509,36569,38035,32505,0.6481374838928223,cem_tuned_boundary,opp_m2_12000,0,12000,0,0,5.73871124581079,0.3476,0.0623959863699503,0.0064084106124937,0.0098294727504253,0.010227994993329,0.7160800099372864,-0.0002342931256862,0.0002609447401482,-0.0036768701393157,0.0064084106124937,0.0032938180956989,32780.0,0.6800079345703125
seeded_ic_v1,49980002,0.01026,0.00999,0.006174,10.081355,0.702747,0.30218121,adaptive_ramp_v1,18.0,0.08,10.764119386672974,landing_ramp,0.1177853494882583,0.1480398327112198,0.6007294058799744,0.1871738582849502,0.3049910962581634,-0.1395285129547119,4.485203266143799,3.2617411613464355,-6.508390426635742,13.19202995300293,3.759469509124756,1.173896074295044,30509,36569,38035,32505,0.6481258490661621,cem_tuned_boundary,opp_m2_12000,0,12000,0,0,5.73871124581079,0.3476,0.0623959863699503,0.0064084106124937,0.0098294727504253,0.010227994993329,0.7160800099372864,-0.0002342931256862,0.0002609447401482,-0.0036768701393157,0.0064084106124937,0.0032938180956989,32780.0,0.6801533699035645
seeded_ic_v1,49980002,0.01026,0.00999,0.006174,10.081355,0.702747,0.30218121,adaptive_ramp_v1,18.0,0.08,10.764196634292604,landing_ramp,0.1177853494882583,0.1480398327112198,0.6007294058799744,0.1871738582849502,0.3049910962581634,-0.1395285129547119,4.485203266143799,3.2617411613464355,-6.508390426635742,13.19202995300293,3.759469509124756,1.173896074295044,30589,36115,37557,32505,0.6481196692565918,cem_tuned_boundary,opp_m2_12000,0,12000,0,0,5.73871124581079,0.3476,0.0623959863699503,0.0064084106124937,0.0098294727504253,0.010227994993329,0.7160800099372864,-0.0002342931256862,0.0002609447401482,-0.0036768701393157,0.0064084106124937,0.0032938180956989,32780.0,0.6802306175231951
seeded_ic_v1,49980002,0.01026,0.00999,0.006174,10.081355,0.702747,0.30218121,adaptive_ramp_v1,18.0,0.08,10.784056663513184,landing_ramp,0.1209121868014335,0.1533896923065185,0.5981484651565552,0.1714823842048645,0.2871270179748535,-0.1290408372879028,4.485203266143799,3.2617411613464355,-6.508390426635742,13.19202995300293,3.759469509124756,1.173896074295044,30589,36115,37557,32505,0.6465308669189453,cem_tuned_boundary,opp_m2_12000,0,12000,0,0,5.73871124581079,0.3476,0.0623959863699503,0.0064084106124937,0.0098294727504253,0.010227994993329,0.7160800099372864,-0.0002342931256862,0.0002609447401482,-0.0036768701393157,0.0064084106124937,0.0032938180956989,32780.0,0.7000906467437744
seeded_ic_v1,49980002,0.01026,0.00999,0.006174,10.081355,0.702747,0.30218121,adaptive_ramp_v1,18.0,0.08,10.784249305725098,landing_ramp,0.1209121868014335,0.1533896923065185,0.5981484651565552,0.1714823842048645,0.2871270179748535,-0.1290408372879028,4.745701313018799,3.187430620193481,-6.478745937347412,9.35460090637207,6.438847541809082,1.3574888706207275,30589,36115,37557,32505,0.6465154555419922,cem_tuned_boundary,opp_m2_12000,0,12000,0,0,5.73871124581079,0.3476,0.0623959863699503,0.0064084106124937,0.0098294727504253,0.010227994993329,0.7160800099372864,-0.0002342931256862,0.0002609447401482,-0.0036768701393157,0.0064084106124937,0.0032938180956989,32780.0,0.7002832889556885
seeded_ic_v1,49980002,0.01026,0.00999,0.006174,10.081355,0.702747,0.30218121,adaptive_ramp_v1,18.0,0.08,10.784319877624512,landing_ramp,0.1209121868014335,0.1533896923065185,0.5981484651565552,0.1714823842048645,0.2871270179748535,-0.1290408372879028,4.745701313018799,3.187430620193481,-6.478745937347412,9.35460090637207,6.438847541809082,1.3574888706207275,30831,35937,37193,32505,0.6465098097900391,cem_tuned_boundary,opp_m2_12000,0,12000,0,0,5.73871124581079,0.3476,0.0623959863699503,0.0064084106124937,0.0098294727504253,0.010227994993329,0.7160800099372864,-0.0002342931256862,0.0002609447401482,-0.0036768701393157,0.0064084106124937,0.0032938180956989,32780.0,0.7003538608551025
seeded_ic_v1,49980002,0.01026,0.00999,0.006174,10.081355,0.702747,0.30218121,adaptive_ramp_v1,18.0,0.08,10.80537247657776,landing_ramp,0.123887151479721,0.1586245745420456,0.5956373810768127,0.155433714389801,0.2675330936908722,-0.1188741400837898,4.745701313018799,3.187430620193481,-6.478745937347412,9.35460090637207,6.438847541809082,1.3574888706207275,30831,35937,37193,32505,0.6448256018737794,cem_tuned_boundary,opp_m2_12000,0,12000,0,0,5.73871124581079,0.3476,0.0623959863699503,0.0064084106124937,0.0098294727504253,0.010227994993329,0.7160800099372864,-0.0002342931256862,0.0002609447401482,-0.0036768701393157,0.0064084106124937,0.0032938180956989,32780.0,0.7214064598083514
seeded_ic_v1,49980002,0.01026,0.00999,0.006174,10.081355,0.702747,0.30218121,adaptive_ramp_v1,18.0,0.08,10.805644035339355,landing_ramp,0.123887151479721,0.1586245745420456,0.5956373810768127,0.155433714389801,0.2675330936908722,-0.1188741400837898,4.937304973602295,3.0536112785339355,-6.438565254211426,5.753218650817871,8.60391902923584,1.4675014019012451,30831,35937,37193,32505,0.6448038771728516,cem_tuned_boundary,opp_m2_12000,0,12000,0,0,5.73871124581079,0.3476,0.0623959863699503,0.0064084106124937,0.0098294727504253,0.010227994993329,0.7160800099372864,-0.0002342931256862,0.0002609447401482,-0.0036768701393157,0.0064084106124937,0.0032938180956989,32780.0,0.7216780185699463
seeded_ic_v1,49980002,0.01026,0.00999,0.006174,10.081355,0.702747,0.30218121,adaptive_ramp_v1,18.0,0.08,10.805762767791748,landing_ramp,0.123887151479721,0.1586245745420456,0.5956373810768127,0.155433714389801,0.2675330936908722,-0.1188741400837898,4.937304973602295,3.0536112785339355,-6.438565254211426,5.753218650817871,8.60391902923584,1.4675014019012451,30905,35513,36739,32505,0.6447943785766602,cem_tuned_boundary,opp_m2_12000,0,12000,0,0,5.73871124581079,0.3476,0.0623959863699503,0.0064084106124937,0.0098294727504253,0.010227994993329,0.7160800099372864,-0.0002342931256862,0.0002609447401482,-0.0036768701393157,0.0064084106124937,0.0032938180956989,32780.0,0.7217967510223389
seeded_ic_v1,49980002,0.01026,0.00999,0.006174,10.081355,0.702747,0.30218121,adaptive_ramp_v1,18.0,0.08,10.824978351593018,landing_ramp,0.1264002025127411,0.1631849259138107,0.593426525592804,0.14059479534626,0.2480841279029846,-0.1097256690263748,4.937304973602295,3.0536112785339355,-6.438565254211426,5.753218650817871,8.60391902923584,1.4675014019012451,30905,35513,36739,32505,0.6432571318725586,cem_tuned_boundary,opp_m2_12000,0,12000,0,0,5.73871124581079,0.3476,0.0623959863699503,0.0064084106124937,0.0098294727504253,0.010227994993329,0.7160800099372864,-0.0002342931256862,0.0002609447401482,-0.0036768701393157,0.0064084106124937,0.0032938180956989,32780.0,0.7410123348236084
seeded_ic_v1,49980002,0.01026,0.00999,0.006174,10.081355,0.702747,0.30218121,adaptive_ramp_v1,18.0,0.08,10.825164079666138,landing_ramp,0.1264002025127411,0.1631849259138107,0.593426525592804,0.14059479534626,0.2480841279029846,-0.1097256690263748,5.048905849456787,2.8842642307281494,-6.394453048706055,2.4495725631713867,10.271223068237305,1.4648454189300537,30905,35513,36739,32505,0.643242273626709,cem_tuned_boundary,opp_m2_12000,0,12000,0,0,5.73871124581079,0.3476,0.0623959863699503,0.0064084106124937,0.0098294727504253,0.010227994993329,0.7160800099372864,-0.0002342931256862,0.0002609447401482,-0.0036768701393157,0.0064084106124937,0.0032938180956989,32780.0,0.7411980628967285
seeded_ic_v1,49980002,0.01026,0.00999,0.006174,10.081355,0.702747,0.30218121,adaptive_ramp_v1,18.0,0.08,10.825255632400513,landing_ramp,0.1264002025127411,0.1631849259138107,0.593426525592804,0.14059479534626,0.2480841279029846,-0.1097256690263748,5.048905849456787,2.8842642307281494,-6.394453048706055,2.4495725631713867,10.271223068237305,1.4648454189300537,30781,34863,36225,32505,0.643234949407959,cem_tuned_boundary,opp_m2_12000,0,12000,0,0,5.73871124581079,0.3476,0.0623959863699503,0.0064084106124937,0.0098294727504253,0.010227994993329,0.7160800099372864,-0.0002342931256862,0.0002609447401482,-0.0036768701393157,0.0064084106124937,0.0032938180956989,32780.0,0.7412896156311035
seeded_ic_v1,49980002,0.01026,0.00999,0.006174,10.081355,0.702747,0.30218121,adaptive_ramp_v1,18.0,0.08,10.844916820526125,landing_ramp,0.128654345870018,0.1673784703016281,0.5913619995117188,0.1265645772218704,0.2284109145402908,-0.1014139801263809,5.048905849456787,2.8842642307281494,-6.394453048706055,2.4495725631713867,10.271223068237305,1.4648454189300537,30781,34863,36225,32505,0.6416620543579102,cem_tuned_boundary,opp_m2_12000,0,12000,0,0,5.73871124581079,0.3476,0.0623959863699503,0.0064084106124937,0.0098294727504253,0.010227994993329,0.7160800099372864,-0.0002342931256862,0.0002609447401482,-0.0036768701393157,0.0064084106124937,0.0032938180956989,32780.0,0.7609508037567156
seeded_ic_v1,49980002,0.01026,0.00999,0.006174,10.081355,0.702747,0.30218121,adaptive_ramp_v1,18.0,0.08,10.845074653625488,landing_ramp,0.128654345870018,0.1673784703016281,0.5913619995117188,0.1265645772218704,0.2284109145402908,-0.1014139801263809,5.095542907714844,2.682257652282715,-6.347041130065918,0.1446679234504699,11.189859390258787,1.452715277671814,30781,34863,36225,32505,0.6416494277099609,cem_tuned_boundary,opp_m2_12000,0,12000,0,0,5.73871124581079,0.3476,0.0623959863699503,0.0064084106124937,0.0098294727504253,0.010227994993329,0.7160800099372864,-0.0002342931256862,0.0002609447401482,-0.0036768701393157,0.0064084106124937,0.0032938180956989,32780.0,0.7611086368560791
seeded_ic_v1,49980002,0.01026,0.00999,0.006174,10.081355,0.702747,0.30218121,adaptive_ramp_v1,18.0,0.08,10.845139980316162,landing_ramp,0.128654345870018,0.1673784703016281,0.5913619995117188,0.1265645772218704,0.2284109145402908,-0.1014139801263809,5.095542907714844,2.682257652282715,-6.347041130065918,0.1446679234504699,11.189859390258787,1.452715277671814,31537,35555,36169,32505,0.641644201574707,cem_tuned_boundary,opp_m2_12000,0,12000,0,0,5.73871124581079,0.3476,0.0623959863699503,0.0064084106124937,0.0098294727504253,0.010227994993329,0.7160800099372864,-0.0002342931256862,0.0002609447401482,-0.0036768701393157,0.0064084106124937,0.0032938180956989,32780.0,0.7611739635467529
seeded_ic_v1,49980002,0.01026,0.00999,0.006174,10.081355,0.702747,0.30218121,adaptive_ramp_v1,18.0,0.08,10.864893436431885,landing_ramp,0.1306681632995605,0.1712046712636947,0.5894235968589783,0.1134895011782646,0.208760991692543,-0.0943594053387641,5.095542907714844,2.682257652282715,-6.347041130065918,0.1446679234504699,11.189859390258787,1.452715277671814,31537,35555,36169,32505,0.6400639250854493,cem_tuned_boundary,opp_m2_12000,0,12000,0,0,5.73871124581079,0.3476,0.0623959863699503,0.0064084106124937,0.0098294727504253,0.010227994993329,0.7160800099372864,-0.0002342931256862,0.0002609447401482,-0.0036768701393157,0.0064084106124937,0.0032938180956989,32780.0,0.7809274196624756
seeded_ic_v1,49980002,0.01026,0.00999,0.006174,10.081355,0.702747,0.30218121,adaptive_ramp_v1,18.0,0.08,10.8650484085083,landing_ramp,0.1306681632995605,0.1712046712636947,0.5894235968589783,0.1134895011782646,0.208760991692543,-0.0943594053387641,5.09532642364502,2.461824417114258,-6.298478603363037,-2.18074631690979,11.841489791870115,1.4038352966308594,31537,35555,36169,32505,0.640051527319336,cem_tuned_boundary,opp_m2_12000,0,12000,0,0,5.73871124581079,0.3476,0.0623959863699503,0.0064084106124937,0.0098294727504253,0.010227994993329,0.7160800099372864,-0.0002342931256862,0.0002609447401482,-0.0036768701393157,0.0064084106124937,0.0032938180956989,32780.0,0.7810823917388916
seeded_ic_v1,49980002,0.01026,0.00999,0.006174,10.081355,0.702747,0.30218121,adaptive_ramp_v1,18.0,0.08,10.865114450454712,landing_ramp,0.1306681632995605,0.1712046712636947,0.5894235968589783,0.1134895011782646,0.208760991692543,-0.0943594053387641,5.09532642364502,2.461824417114258,-6.298478603363037,-2.18074631690979,11.841489791870115,1.4038352966308594,31677,35363,35837,32505,0.6400462439636231,cem_tuned_boundary,opp_m2_12000,0,12000,0,0,5.73871124581079,0.3476,0.0623959863699503,0.0064084106124937,0.0098294727504253,0.010227994993329,0.7160800099372864,-0.0002342931256862,0.0002609447401482,-0.0036768701393157,0.0064084106124937,0.0032938180956989,32780.0,0.7811484336853027
seeded_ic_v1,49980002,0.01026,0.00999,0.006174,10.081355,0.702747,0.30218121,adaptive_ramp_v1,18.0,0.08,10.884899854660034,landing_ramp,0.1324618011713028,0.1746665984392166,0.587596595287323,0.1014060676097869,0.1892424970865249,-0.0878732129931449,5.09532642364502,2.461824417114258,-6.298478603363037,-2.18074631690979,11.841489791870115,1.4038352966308594,31677,35363,35837,32505,0.6384634116271973,cem_tuned_boundary,opp_m2_12000,0,12000,0,0,5.73871124581079,0.3476,0.0623959863699503,0.0064084106124937,0.0098294727504253,0.010227994993329,0.7160800099372864,-0.0002342931256862,0.0002609447401482,-0.0036768701393157,0.0064084106124937,0.0032938180956989,32780.0,0.800933837890625
seeded_ic_v1,49980002,0.01026,0.00999,0.006174,10.081355,0.702747,0.30218121,adaptive_ramp_v1,18.0,0.08,10.88503909111023,landing_ramp,0.1324618011713028,0.1746665984392166,0.587596595287323,0.1014060676097869,0.1892424970865249,-0.0878732129931449,5.048881530761719,2.2277870178222656,-6.249467372894287,-4.871671199798584,12.640266418457031,1.364870548248291,31677,35363,35837,32505,0.6384522727111817,cem_tuned_boundary,opp_m2_12000,0,12000,0,0,5.73871124581079,0.3476,0.0623959863699503,0.0064084106124937,0.0098294727504253,0.010227994993329,0.7160800099372864,-0.0002342931256862,0.0002609447401482,-0.0036768701393157,0.0064084106124937,0.0032938180956989,32780.0,0.8010730743408203
seeded_ic_v1,49980002,0.01026,0.00999,0.006174,10.081355,0.702747,0.30218121,adaptive_ramp_v1,18.0,0.08,10.885108947753906,landing_ramp,0.1324618011713028,0.1746665984392166,0.587596595287323,0.1014060676097869,0.1892424970865249,-0.0878732129931449,5.048881530761719,2.2277870178222656,-6.249467372894287,-4.871671199798584,12.640266418457031,1.364870548248291,31667,34925,35425,32505,0.6384466841796875,cem_tuned_boundary,opp_m2_12000,0,12000,0,0,5.73871124581079,0.3476,0.0623959863699503,0.0064084106124937,0.0098294727504253,0.010227994993329,0.7160800099372864,-0.0002342931256862,0.0002609447401482,-0.0036768701393157,0.0064084106124937,0.0032938180956989,32780.0,0.8011429309844971
seeded_ic_v1,49980002,0.01026,0.00999,0.006174,10.081355,0.702747,0.30218121,adaptive_ramp_v1,18.0,0.08,10.905081748962402,landing_ramp,0.1340561509132385,0.1777698695659637,0.5858736634254456,0.0903805047273635,0.1700295954942703,-0.081926628947258,5.048881530761719,2.2277870178222656,-6.249467372894287,-4.871671199798584,12.640266418457031,1.364870548248291,31667,34925,35425,32505,0.6368488600830078,cem_tuned_boundary,opp_m2_12000,0,12000,0,0,5.73871124581079,0.3476,0.0623959863699503,0.0064084106124937,0.0098294727504253,0.010227994993329,0.7160800099372864,-0.0002342931256862,0.0002609447401482,-0.0036768701393157,0.0064084106124937,0.0032938180956989,32780.0,0.8211157321929932
seeded_ic_v1,49980002,0.01026,0.00999,0.006174,10.081355,0.702747,0.30218121,adaptive_ramp_v1,18.0,0.08,10.90539026260376,landing_ramp,0.1340561509132385,0.1777698695659637,0.5858736634254456,0.0903805047273635,0.1700295954942703,-0.081926628947258,4.948360443115234,1.9784579277038572,-6.200118064880371,-7.650111675262451,13.178173065185549,1.342772364616394,31667,34925,35425,32505,0.6368241789916993,cem_tuned_boundary,opp_m2_12000,0,12000,0,0,5.73871124581079,0.3476,0.0623959863699503,0.0064084106124937,0.0098294727504253,0.010227994993329,0.7160800099372864,-0.0002342931256862,0.0002609447401482,-0.0036768701393157,0.0064084106124937,0.0032938180956989,32780.0,0.8214242458343506
seeded_ic_v1,49980002,0.01026,0.00999,0.006174,10.081355,0.702747,0.30218121,adaptive_ramp_v1,18.0,0.08,10.90552282333374,landing_ramp,0.1340561509132385,0.1777698695659637,0.5858736634254456,0.0903805047273635,0.1700295954942703,-0.081926628947258,4.948360443115234,1.9784579277038572,-6.200118064880371,-7.650111675262451,13.178173065185549,1.342772364616394,31565,34387,34993,32505,0.6368135741333008,cem_tuned_boundary,opp_m2_12000,0,12000,0,0,5.73871124581079,0.3476,0.0623959863699503,0.0064084106124937,0.0098294727504253,0.010227994993329,0.7160800099372864,-0.0002342931256862,0.0002609447401482,-0.0036768701393157,0.0064084106124937,0.0032938180956989,32780.0,0.821556806564331
seeded_ic_v1,49980002,0.01026,0.00999,0.006174,10.081355,0.702747,0.30218121,adaptive_ramp_v1,18.0,0.08,10.925224781036375,landing_ramp,0.1354730725288391,0.1805239766836166,0.5842426419258118,0.08049326390028,0.1513479799032211,-0.076907604932785,4.948360443115234,1.9784579277038572,-6.200118064880371,-7.650111675262451,13.178173065185549,1.342772364616394,31565,34387,34993,32505,0.6352374175170898,cem_tuned_boundary,opp_m2_12000,0,12000,0,0,5.73871124581079,0.3476,0.0623959863699503,0.0064084106124937,0.0098294727504253,0.010227994993329,0.7160800099372864,-0.0002342931256862,0.0002609447401482,-0.0036768701393157,0.0064084106124937,0.0032938180956989,32780.0,0.841258764266966
seeded_ic_v1,49980002,0.01026,0.00999,0.006174,10.081355,0.702747,0.30218121,adaptive_ramp_v1,18.0,0.08,10.925438642501833,landing_ramp,0.1354730725288391,0.1805239766836166,0.5842426419258118,0.08049326390028,0.1513479799032211,-0.076907604932785,4.793332576751709,1.7182533740997314,-6.1510329246521,-9.812470436096191,13.364520072937012,1.2813785076141355,31565,34387,34993,32505,0.6352203085998536,cem_tuned_boundary,opp_m2_12000,0,12000,0,0,5.73871124581079,0.3476,0.0623959863699503,0.0064084106124937,0.0098294727504253,0.010227994993329,0.7160800099372864,-0.0002342931256862,0.0002609447401482,-0.0036768701393157,0.0064084106124937,0.0032938180956989,32780.0,0.8414726257324237
seeded_ic_v1,49980002,0.01026,0.00999,0.006174,10.081355,0.702747,0.30218121,adaptive_ramp_v1,18.0,0.08,10.92548966407776,landing_ramp,0.1354730725288391,0.1805239766836166,0.5842426419258118,0.08049326390028,0.1513479799032211,-0.076907604932785,4.793332576751709,1.7182533740997314,-6.1510329246521,-9.812470436096191,13.364520072937012,1.2813785076141355,31635,34121,34657,32505,0.6352162268737793,cem_tuned_boundary,opp_m2_12000,0,12000,0,0,5.73871124581079,0.3476,0.0623959863699503,0.0064084106124937,0.0098294727504253,0.010227994993329,0.7160800099372864,-0.0002342931256862,0.0002609447401482,-0.0036768701393157,0.0064084106124937,0.0032938180956989,32780.0,0.8415236473083514
seeded_ic_v1,49980002,0.01026,0.00999,0.006174,10.081355,0.702747,0.30218121,adaptive_ramp_v1,18.0,0.08,10.944851636886597,landing_ramp,0.1367355436086654,0.1829426437616348,0.5826833844184875,0.0717914476990699,0.1333947032690048,-0.0730388388037681,4.793332576751709,1.7182533740997314,-6.1510329246521,-9.812470436096191,13.364520072937012,1.2813785076141355,31635,34121,34657,32505,0.6336672690490723,cem_tuned_boundary,opp_m2_12000,0,12000,0,0,5.73871124581079,0.3476,0.0623959863699503,0.0064084106124937,0.0098294727504253,0.010227994993329,0.7160800099372864,-0.0002342931256862,0.0002609447401482,-0.0036768701393157,0.0064084106124937,0.0032938180956989,32780.0,0.8608856201171875
seeded_ic_v1,49980002,0.01026,0.00999,0.006174,10.081355,0.702747,0.30218121,adaptive_ramp_v1,18.0,0.08,10.945032119750977,landing_ramp,0.1367355436086654,0.1829426437616348,0.5826833844184875,0.0717914476990699,0.1333947032690048,-0.0730388388037681,4.59519624710083,1.454506516456604,-6.103700637817383,-11.616589546203612,13.111637115478516,1.220343828201294,31635,34121,34657,32505,0.6336528304199219,cem_tuned_boundary,opp_m2_12000,0,12000,0,0,5.73871124581079,0.3476,0.0623959863699503,0.0064084106124937,0.0098294727504253,0.010227994993329,0.7160800099372864,-0.0002342931256862,0.0002609447401482,-0.0036768701393157,0.0064084106124937,0.0032938180956989,32780.0,0.8610661029815674
seeded_ic_v1,49980002,0.01026,0.00999,0.006174,10.081355,0.702747,0.30218121,adaptive_ramp_v1,18.0,0.08,10.9451322555542,landing_ramp,0.1367355436086654,0.1829426437616348,0.5826833844184875,0.0717914476990699,0.1333947032690048,-0.0730388388037681,4.59519624710083,1.454506516456604,-6.103700637817383,-11.616589546203612,13.111637115478516,1.220343828201294,31615,33779,34323,32505,0.6336448195556641,cem_tuned_boundary,opp_m2_12000,0,12000,0,0,5.73871124581079,0.3476,0.0623959863699503,0.0064084106124937,0.0098294727504253,0.010227994993329,0.7160800099372864,-0.0002342931256862,0.0002609447401482,-0.0036768701393157,0.0064084106124937,0.0032938180956989,32780.0,0.86116623878479
seeded_ic_v1,49980002,0.01026,0.00999,0.006174,10.081355,0.702747,0.30218121,adaptive_ramp_v1,18.0,0.08,10.964921236038208,landing_ramp,0.1378667503595352,0.1850426942110061,0.5811775326728821,0.064270406961441,0.1162930876016616,-0.0700782015919685,4.59519624710083,1.454506516456604,-6.103700637817383,-11.616589546203612,13.111637115478516,1.220343828201294,31615,33779,34323,32505,0.6320617011169434,cem_tuned_boundary,opp_m2_12000,0,12000,0,0,5.73871124581079,0.3476,0.0623959863699503,0.0064084106124937,0.0098294727504253,0.010227994993329,0.7160800099372864,-0.0002342931256862,0.0002609447401482,-0.0036768701393157,0.0064084106124937,0.0032938180956989,32780.0,0.8809552192687988
seeded_ic_v1,49980002,0.01026,0.00999,0.006174,10.081355,0.702747,0.30218121,adaptive_ramp_v1,18.0,0.08,10.96513032913208,landing_ramp,0.1378667503595352,0.1850426942110061,0.5811775326728821,0.064270406961441,0.1162930876016616,-0.0700782015919685,4.361527919769287,1.1954504251480105,-6.059206962585449,-13.066251754760742,12.666030883789062,1.1340774297714231,31615,33779,34323,32505,0.6320449736694336,cem_tuned_boundary,opp_m2_12000,0,12000,0,0,5.73871124581079,0.3476,0.0623959863699503,0.0064084106124937,0.0098294727504253,0.010227994993329,0.7160800099372864,-0.0002342931256862,0.0002609447401482,-0.0036768701393157,0.0064084106124937,0.0032938180956989,32780.0,0.8811643123626709
seeded_ic_v1,49980002,0.01026,0.00999,0.006174,10.081355,0.702747,0.30218121,adaptive_ramp_v1,18.0,0.08,10.965207815170288,landing_ramp,0.1378667503595352,0.1850426942110061,0.5811775326728821,0.064270406961441,0.1162930876016616,-0.0700782015919685,4.361527919769287,1.1954504251480105,-6.059206962585449,-13.066251754760742,12.666030883789062,1.1340774297714231,31615,33475,33999,32505,0.6320387747863769,cem_tuned_boundary,opp_m2_12000,0,12000,0,0,5.73871124581079,0.3476,0.0623959863699503,0.0064084106124937,0.0098294727504253,0.010227994993329,0.7160800099372864,-0.0002342931256862,0.0002609447401482,-0.0036768701393157,0.0064084106124937,0.0032938180956989,32780.0,0.8812417984008789
seeded_ic_v1,49980002,0.01026,0.00999,0.006174,10.081355,0.702747,0.30218121,adaptive_ramp_v1,18.0,0.08,10.985154390335085,landing_ramp,0.1388893574476242,0.1868431270122528,0.5797094106674194,0.0579068548977375,0.1001593768596649,-0.0680136382579803,4.361527919769287,1.1954504251480105,-6.059206962585449,-13.066251754760742,12.666030883789062,1.1340774297714231,31615,33475,33999,32505,0.6304430487731933,cem_tuned_boundary,opp_m2_12000,0,12000,0,0,5.73871124581079,0.3476,0.0623959863699503,0.0064084106124937,0.0098294727504253,0.010227994993329,0.7160800099372864,-0.0002342931256862,0.0002609447401482,-0.0036768701393157,0.0064084106124937,0.0032938180956989,32780.0,0.9011883735656756
seeded_ic_v1,49980002,0.01026,0.00999,0.006174,10.081355,0.702747,0.30218121,adaptive_ramp_v1,18.0,0.08,10.985513687133787,landing_ramp,0.1388893574476242,0.1868431270122528,0.5797094106674194,0.0579068548977375,0.1001593768596649,-0.0680136382579803,4.099139213562012,0.9452341198921204,-6.018060684204102,-14.231098175048828,11.974390983581545,1.0865147113800049,31615,33475,33999,32505,0.630414305029297,cem_tuned_boundary,opp_m2_12000,0,12000,0,0,5.73871124581079,0.3476,0.0623959863699503,0.0064084106124937,0.0098294727504253,0.010227994993329,0.7160800099372864,-0.0002342931256862,0.0002609447401482,-0.0036768701393157,0.0064084106124937,0.0032938180956989,32780.0,0.9015476703643781
seeded_ic_v1,49980002,0.01026,0.00999,0.006174,10.081355,0.702747,0.30218121,adaptive_ramp_v1,18.0,0.08,10.98567247390747,landing_ramp,0.1388893574476242,0.1868431270122528,0.5797094106674194,0.0579068548977375,0.1001593768596649,-0.0680136382579803,4.099139213562012,0.9452341198921204,-6.018060684204102,-14.231098175048828,11.974390983581545,1.0865147113800049,31587,33187,33707,32505,0.6304016020874024,cem_tuned_boundary,opp_m2_12000,0,12000,0,0,5.73871124581079,0.3476,0.0623959863699503,0.0064084106124937,0.0098294727504253,0.010227994993329,0.7160800099372864,-0.0002342931256862,0.0002609447401482,-0.0036768701393157,0.0064084106124937,0.0032938180956989,32780.0,0.9017064571380615
seeded_ic_v1,49980002,0.01026,0.00999,0.006174,10.081355,0.702747,0.30218121,adaptive_ramp_v1,18.0,0.08,11.003987550735474,landing_ramp,0.1398720741271972,0.1884407997131347,0.5782031416893005,0.0524171739816665,0.0843771919608116,-0.0667647495865821,4.099139213562012,0.9452341198921204,-6.018060684204102,-14.231098175048828,11.974390983581545,1.0865147113800049,31587,33187,33707,32505,0.6289363959411621,cem_tuned_boundary,opp_m2_12000,0,12000,0,0,5.73871124581079,0.3476,0.0623959863699503,0.0064084106124937,0.0098294727504253,0.010227994993329,0.7160800099372864,-0.0002342931256862,0.0002609447401482,-0.0036768701393157,0.0064084106124937,0.0032938180956989,32780.0,0.9200215339660645
seeded_ic_v1,49980002,0.01026,0.00999,0.006174,10.081355,0.702747,0.30218121,adaptive_ramp_v1,18.0,0.08,11.004233121871948,landing_ramp,0.1398720741271972,0.1884407997131347,0.5782031416893005,0.0524171739816665,0.0843771919608116,-0.0667647495865821,3.798890829086304,0.6972131133079529,-5.978424072265625,-15.110544204711914,11.103588104248049,1.1009845733642578,31587,33187,33707,32505,0.6289167502502442,cem_tuned_boundary,opp_m2_12000,0,12000,0,0,5.73871124581079,0.3476,0.0623959863699503,0.0064084106124937,0.0098294727504253,0.010227994993329,0.7160800099372864,-0.0002342931256862,0.0002609447401482,-0.0036768701393157,0.0064084106124937,0.0032938180956989,32780.0,0.9202671051025391
seeded_ic_v1,49980002,0.01026,0.00999,0.006174,10.081355,0.702747,0.30218121,adaptive_ramp_v1,18.0,0.08,11.004305362701416,landing_ramp,0.1398720741271972,0.1884407997131347,0.5782031416893005,0.0524171739816665,0.0843771919608116,-0.0667647495865821,3.798890829086304,0.6972131133079529,-5.978424072265625,-15.110544204711914,11.103588104248049,1.1009845733642578,31567,32895,33447,32505,0.6289109709838867,cem_tuned_boundary,opp_m2_12000,0,12000,0,0,5.73871124581079,0.3476,0.0623959863699503,0.0064084106124937,0.0098294727504253,0.010227994993329,0.7160800099372864,-0.0002342931256862,0.0002609447401482,-0.0036768701393157,0.0064084106124937,0.0032938180956989,32780.0,0.9203393459320068
seeded_ic_v1,49980002,0.01026,0.00999,0.006174,10.081355,0.702747,0.30218121,adaptive_ramp_v1,18.0,0.08,11.024264812469482,landing_ramp,0.1407272517681121,0.1896779388189315,0.5767742395401001,0.0482226498425006,0.0704245269298553,-0.0665593519806861,3.798890829086304,0.6972131133079529,-5.978424072265625,-15.110544204711914,11.103588104248049,1.1009845733642578,31567,32895,33447,32505,0.6273142150024414,cem_tuned_boundary,opp_m2_12000,0,12000,0,0,5.73871124581079,0.3476,0.0623959863699503,0.0064084106124937,0.0098294727504253,0.010227994993329,0.7160800099372864,-0.0002342931256862,0.0002609447401482,-0.0036768701393157,0.0064084106124937,0.0032938180956989,32780.0,0.9402987957000732
seeded_ic_v1,49980002,0.01026,0.00999,0.006174,10.081355,0.702747,0.30218121,adaptive_ramp_v1,18.0,0.08,11.024624824523926,landing_ramp,0.1407272517681121,0.1896779388189315,0.5767742395401001,0.0482226498425006,0.0704245269298553,-0.0665593519806861,3.494828224182129,0.4790144860744476,-5.942755222320557,-15.832311630249023,9.945196151733398,1.036213755607605,31567,32895,33447,32505,0.6272854140380859,cem_tuned_boundary,opp_m2_12000,0,12000,0,0,5.73871124581079,0.3476,0.0623959863699503,0.0064084106124937,0.0098294727504253,0.010227994993329,0.7160800099372864,-0.0002342931256862,0.0002609447401482,-0.0036768701393157,0.0064084106124937,0.0032938180956989,32780.0,0.9406588077545166
seeded_ic_v1,49980002,0.01026,0.00999,0.006174,10.081355,0.702747,0.30218121,adaptive_ramp_v1,18.0,0.08,11.024731159210203,landing_ramp,0.1407272517681121,0.1896779388189315,0.5767742395401001,0.0482226498425006,0.0704245269298553,-0.0665593519806861,3.494828224182129,0.4790144860744476,-5.942755222320557,-15.832311630249023,9.945196151733398,1.036213755607605,31501,32707,33289,32505,0.6272769072631836,cem_tuned_boundary,opp_m2_12000,0,12000,0,0,5.73871124581079,0.3476,0.0623959863699503,0.0064084106124937,0.0098294727504253,0.010227994993329,0.7160800099372864,-0.0002342931256862,0.0002609447401482,-0.0036768701393157,0.0064084106124937,0.0032938180956989,32780.0,0.9407651424407941
seeded_ic_v1,49980002,0.01026,0.00999,0.006174,10.081355,0.702747,0.30218121,adaptive_ramp_v1,18.0,0.08,11.043882369995115,landing_ramp,0.1415591984987259,0.1907437145709991,0.5753693580627441,0.0451046153903007,0.0579302497208118,-0.066900186240673,3.494828224182129,0.4790144860744476,-5.942755222320557,-15.832311630249023,9.945196151733398,1.036213755607605,31501,32707,33289,32505,0.6257448104003906,cem_tuned_boundary,opp_m2_12000,0,12000,0,0,5.73871124581079,0.3476,0.0623959863699503,0.0064084106124937,0.0098294727504253,0.010227994993329,0.7160800099372864,-0.0002342931256862,0.0002609447401482,-0.0036768701393157,0.0064084106124937,0.0032938180956989,32780.0,0.9599163532257062
seeded_ic_v1,49980002,0.01026,0.00999,0.006174,10.081355,0.702747,0.30218121,adaptive_ramp_v1,18.0,0.08,11.044145584106444,landing_ramp,0.1415591984987259,0.1907437145709991,0.5753693580627441,0.0451046153903007,0.0579302497208118,-0.066900186240673,3.17676043510437,0.2850353419780731,-5.910646915435791,-16.249847412109375,8.562662124633789,1.03759765625,31501,32707,33289,32505,0.6257237532714844,cem_tuned_boundary,opp_m2_12000,0,12000,0,0,5.73871124581079,0.3476,0.0623959863699503,0.0064084106124937,0.0098294727504253,0.010227994993329,0.7160800099372864,-0.0002342931256862,0.0002609447401482,-0.0036768701393157,0.0064084106124937,0.0032938180956989,32780.0,0.9601795673370344
seeded_ic_v1,49980002,0.01026,0.00999,0.006174,10.081355,0.702747,0.30218121,adaptive_ramp_v1,18.0,0.08,11.04423689842224,landing_ramp,0.1415591984987259,0.1907437145709991,0.5753693580627441,0.0451046153903007,0.0579302497208118,-0.066900186240673,3.17676043510437,0.2850353419780731,-5.910646915435791,-16.249847412109375,8.562662124633789,1.03759765625,31263,32283,33087,32505,0.6257164481262207,cem_tuned_boundary,opp_m2_12000,0,12000,0,0,5.73871124581079,0.3476,0.0623959863699503,0.0064084106124937,0.0098294727504253,0.010227994993329,0.7160800099372864,-0.0002342931256862,0.0002609447401482,-0.0036768701393157,0.0064084106124937,0.0032938180956989,32780.0,0.9602708816528303
seeded_ic_v1,49980002,0.01026,0.00999,0.006174,10.081355,0.702747,0.30218121,adaptive_ramp_v1,18.0,0.08,11.063924312591553,landing_ramp,0.1423346251249313,0.1915405094623565,0.5739033818244934,0.0427569448947906,0.0464016422629356,-0.0682324171066284,3.17676043510437,0.2850353419780731,-5.910646915435791,-16.249847412109375,8.562662124633789,1.03759765625,31263,32283,33087,32505,0.6241414549926758,cem_tuned_boundary,opp_m2_12000,0,12000,0,0,5.73871124581079,0.3476,0.0623959863699503,0.0064084106124937,0.0098294727504253,0.010227994993329,0.7160800099372864,-0.0002342931256862,0.0002609447401482,-0.0036768701393157,0.0064084106124937,0.0032938180956989,32780.0,0.9799582958221436
seeded_ic_v1,49980002,0.01026,0.00999,0.006174,10.081355,0.702747,0.30218121,adaptive_ramp_v1,18.0,0.08,11.064146280288696,landing_ramp,0.1423346251249313,0.1915405094623565,0.5739033818244934,0.0427569448947906,0.0464016422629356,-0.0682324171066284,2.85207748413086,0.1182988584041595,-5.881075859069824,-15.973464965820312,7.245490550994873,1.0375975370407104,31263,32283,33087,32505,0.6241236975769043,cem_tuned_boundary,opp_m2_12000,0,12000,0,0,5.73871124581079,0.3476,0.0623959863699503,0.0064084106124937,0.0098294727504253,0.010227994993329,0.7160800099372864,-0.0002342931256862,0.0002609447401482,-0.0036768701393157,0.0064084106124937,0.0032938180956989,32780.0,0.9801802635192871
seeded_ic_v1,49980002,0.01026,0.00999,0.006174,10.081355,0.702747,0.30218121,adaptive_ramp_v1,18.0,0.08,11.064194440841677,landing_ramp,0.1423346251249313,0.1915405094623565,0.5739033818244934,0.0427569448947906,0.0464016422629356,-0.0682324171066284,2.85207748413086,0.1182988584041595,-5.881075859069824,-15.973464965820312,7.245490550994873,1.0375975370407104,31405,32285,32915,32505,0.624119844732666,cem_tuned_boundary,opp_m2_12000,0,12000,0,0,5.73871124581079,0.3476,0.0623959863699503,0.0064084106124937,0.0098294727504253,0.010227994993329,0.7160800099372864,-0.0002342931256862,0.0002609447401482,-0.0036768701393157,0.0064084106124937,0.0032938180956989,32780.0,0.9802284240722674
seeded_ic_v1,49980002,0.01026,0.00999,0.006174,10.081355,0.702747,0.30218121,adaptive_ramp_v1,18.0,0.08,11.083827495574951,landing_ramp,0.1430961936712265,0.1921566575765609,0.5723958015441895,0.0411896631121635,0.0361335314810276,-0.0704527497291565,2.85207748413086,0.1182988584041595,-5.881075859069824,-15.973464965820312,7.245490550994873,1.0375975370407104,31405,32285,32915,32505,0.622549200354004,cem_tuned_boundary,opp_m2_12000,0,12000,0,0,5.73871124581079,0.3476,0.0623959863699503,0.0064084106124937,0.0098294727504253,0.010227994993329,0.7160800099372864,-0.0002342931256862,0.0002609447401482,-0.0036768701393157,0.0064084106124937,0.0032938180956989,32780.0,0.999861478805542
seeded_ic_v1,49980002,0.01026,0.00999,0.006174,10.081355,0.702747,0.30218121,adaptive_ramp_v1,18.0,0.08,11.084052324295044,landing_ramp,0.1430961936712265,0.1921566575765609,0.5723958015441895,0.0411896631121635,0.0361335314810276,-0.0704527497291565,2.533807277679444,-0.022524919360876,-5.853295803070068,-15.552852630615234,5.966249465942383,1.0984957218170166,31405,32285,32915,32505,0.6225312140563966,cem_tuned_boundary,opp_m2_12000,0,12000,0,0,5.73871124581079,0.3476,0.0623959863699503,0.0064084106124937,0.0098294727504253,0.010227994993329,0.7160800099372864,-0.0002342931256862,0.0002609447401482,-0.0036768701393157,0.0064084106124937,0.0032938180956989,32780.0,1.0000863075256348
seeded_ic_v1,49980002,0.01026,0.00999,0.006174,10.081355,0.702747,0.30218121,adaptive_ramp_v1,18.0,0.08,11.084161281585692,landing_ramp,0.1430961936712265,0.1921566575765609,0.5723958015441895,0.0411896631121635,0.0361335314810276,-0.0704527497291565,2.533807277679444,-0.022524919360876,-5.853295803070068,-15.552852630615234,5.966249465942383,1.0984957218170166,31421,32181,32795,32505,0.6225224974731446,cem_tuned_boundary,opp_m2_12000,0,12000,0,0,5.73871124581079,0.3476,0.0623959863699503,0.0064084106124937,0.0098294727504253,0.010227994993329,0.7160800099372864,-0.0002342931256862,0.0002609447401482,-0.0036768701393157,0.0064084106124937,0.0032938180956989,32780.0,1.0001952648162824
seeded_ic_v1,49980002,0.01026,0.00999,0.006174,10.081355,0.702747,0.30218121,adaptive_ramp_v1,18.0,0.08,11.103926658630373,landing_ramp,0.1438558995723724,0.1926155537366867,0.5708348751068115,0.0402949042618274,0.0270772222429513,-0.0731691569089889,2.533807277679444,-0.022524919360876,-5.853295803070068,-15.552852630615234,5.966249465942383,1.0984957218170166,31421,32181,32795,32505,0.6209412673095703,cem_tuned_boundary,opp_m2_12000,0,12000,0,0,5.73871124581079,0.3476,0.0623959863699503,0.0064084106124937,0.0098294727504253,0.010227994993329,0.7160800099372864,-0.0002342931256862,0.0002609447401482,-0.0036768701393157,0.0064084106124937,0.0032938180956989,32780.0,1.0199606418609637
seeded_ic_v1,49980002,0.01026,0.00999,0.006174,10.081355,0.702747,0.30218121,adaptive_ramp_v1,18.0,0.08,11.104068279266356,landing_ramp,0.1438558995723724,0.1926155537366867,0.5708348751068115,0.0402949042618274,0.0270772222429513,-0.0731691569089889,2.2230758666992188,-0.138961523771286,-5.826452255249023,-15.441861152648926,4.870707511901856,1.137569785118103,31421,32181,32795,32505,0.6209299376586914,cem_tuned_boundary,opp_m2_12000,0,12000,0,0,5.73871124581079,0.3476,0.0623959863699503,0.0064084106124937,0.0098294727504253,0.010227994993329,0.7160800099372864,-0.0002342931256862,0.0002609447401482,-0.0036768701393157,0.0064084106124937,0.0032938180956989,32780.0,1.0201022624969465
seeded_ic_v1,49980002,0.01026,0.00999,0.006174,10.081355,0.702747,0.30218121,adaptive_ramp_v1,18.0,0.08,11.104139566421509,landing_ramp,0.1438558995723724,0.1926155537366867,0.5708348751068115,0.0402949042618274,0.0270772222429513,-0.0731691569089889,2.2230758666992188,-0.138961523771286,-5.826452255249023,-15.441861152648926,4.870707511901856,1.137569785118103,31319,31905,32605,32505,0.6209242346862793,cem_tuned_boundary,opp_m2_12000,0,12000,0,0,5.73871124581079,0.3476,0.0623959863699503,0.0064084106124937,0.0098294727504253,0.010227994993329,0.7160800099372864,-0.0002342931256862,0.0002609447401482,-0.0036768701393157,0.0064084106124937,0.0032938180956989,32780.0,1.0201735496520996
seeded_ic_v1,49980002,0.01026,0.00999,0.006174,10.081355,0.702747,0.30218121,adaptive_ramp_v1,18.0,0.08,11.124190330505373,landing_ramp,0.1446235030889511,0.1929395794868469,0.5692150592803955,0.0399734117090702,0.0192041583359241,-0.076257511973381,2.2230758666992188,-0.138961523771286,-5.826452255249023,-15.441861152648926,4.870707511901856,1.137569785118103,31319,31905,32605,32505,0.6193201735595704,cem_tuned_boundary,opp_m2_12000,0,12000,0,0,5.73871124581079,0.3476,0.0623959863699503,0.0064084106124937,0.0098294727504253,0.010227994993329,0.7160800099372864,-0.0002342931256862,0.0002609447401482,-0.0036768701393157,0.0064084106124937,0.0032938180956989,32780.0,1.0402243137359637
seeded_ic_v1,49980002,0.01026,0.00999,0.006174,10.081355,0.702747,0.30218121,adaptive_ramp_v1,18.0,0.08,11.124398469924929,landing_ramp,0.1446235030889511,0.1929395794868469,0.5692150592803955,0.0399734117090702,0.0192041583359241,-0.076257511973381,1.9145212173461916,-0.2318981438875198,-5.800291061401367,-15.278226852416992,3.583383560180664,1.1986064910888672,31319,31905,32605,32505,0.619303522406006,cem_tuned_boundary,opp_m2_12000,0,12000,0,0,5.73871124581079,0.3476,0.0623959863699503,0.0064084106124937,0.0098294727504253,0.010227994993329,0.7160800099372864,-0.0002342931256862,0.0002609447401482,-0.0036768701393157,0.0064084106124937,0.0032938180956989,32780.0,1.0404324531555194
seeded_ic_v1,49980002,0.01026,0.00999,0.006174,10.081355,0.702747,0.30218121,adaptive_ramp_v1,18.0,0.08,11.124464988708496,landing_ramp,0.1446235030889511,0.1929395794868469,0.5692150592803955,0.0399734117090702,0.0192041583359241,-0.076257511973381,1.9145212173461916,-0.2318981438875198,-5.800291061401367,-15.278226852416992,3.583383560180664,1.1986064910888672,31413,31907,32505,32505,0.6192982009033203,cem_tuned_boundary,opp_m2_12000,0,12000,0,0,5.73871124581079,0.3476,0.0623959863699503,0.0064084106124937,0.0098294727504253,0.010227994993329,0.7160800099372864,-0.0002342931256862,0.0002609447401482,-0.0036768701393157,0.0064084106124937,0.0032938180956989,32780.0,1.040498971939087
seeded_ic_v1,49980002,0.01026,0.00999,0.006174,10.081355,0.702747,0.30218121,adaptive_ramp_v1,18.0,0.08,11.144943237304688,landing_ramp,0.1454069167375564,0.1931504607200622,0.5675278306007385,0.0401276797056198,0.0125097502022981,-0.0799578353762626,1.9145212173461916,-0.2318981438875198,-5.800291061401367,-15.278226852416992,3.583383560180664,1.1986064910888672,31413,31907,32505,32505,0.617659941015625,cem_tuned_boundary,opp_m2_12000,0,12000,0,0,5.73871124581079,0.3476,0.0623959863699503,0.0064084106124937,0.0098294727504253,0.010227994993329,0.7160800099372864,-0.0002342931256862,0.0002609447401482,-0.0036768701393157,0.0064084106124937,0.0032938180956989,32780.0,1.0609772205352783
seeded_ic_v1,49980002,0.01026,0.00999,0.006174,10.081355,0.702747,0.30218121,adaptive_ramp_v1,18.0,0.08,11.145145416259766,landing_ramp,0.1454069167375564,0.1931504607200622,0.5675278306007385,0.0401276797056198,0.0125097502022981,-0.0799578353762626,1.610257267951965,-0.2991623878479004,-5.774199485778809,-14.726481437683104,2.1917223930358887,1.2819228172302246,31413,31907,32505,32505,0.6176437666992187,cem_tuned_boundary,opp_m2_12000,0,12000,0,0,5.73871124581079,0.3476,0.0623959863699503,0.0064084106124937,0.0098294727504253,0.010227994993329,0.7160800099372864,-0.0002342931256862,0.0002609447401482,-0.0036768701393157,0.0064084106124937,0.0032938180956989,32780.0,1.0611793994903564
seeded_ic_v1,49980002,0.01026,0.00999,0.006174,10.081355,0.702747,0.30218121,adaptive_ramp_v1,18.0,0.08,11.145219802856444,landing_ramp,0.1454069167375564,0.1931504607200622,0.5675278306007385,0.0401276797056198,0.0125097502022981,-0.0799578353762626,1.610257267951965,-0.2991623878479004,-5.774199485778809,-14.726481437683104,2.1917223930358887,1.2819228172302246,31383,31997,32621,32505,0.6176378157714844,cem_tuned_boundary,opp_m2_12000,0,12000,0,0,5.73871124581079,0.3476,0.0623959863699503,0.0064084106124937,0.0098294727504253,0.010227994993329,0.7160800099372864,-0.0002342931256862,0.0002609447401482,-0.0036768701393157,0.0064084106124937,0.0032938180956989,32780.0,1.0612537860870344
seeded_ic_v1,49980002,0.01026,0.00999,0.006174,10.081355,0.702747,0.30218121,adaptive_ramp_v1,18.0,0.08,11.164935827255247,landing_ramp,0.1462469100952148,0.1932739615440368,0.565693199634552,0.0406556725502014,0.0066946018487215,-0.0841787531971931,1.610257267951965,-0.2991623878479004,-5.774199485778809,-14.726481437683104,2.1917223930358887,1.2819228172302246,31383,31997,32621,32505,0.6160605338195801,cem_tuned_boundary,opp_m2_12000,0,12000,0,0,5.73871124581079,0.3476,0.0623959863699503,0.0064084106124937,0.0098294727504253,0.010227994993329,0.7160800099372864,-0.0002342931256862,0.0002609447401482,-0.0036768701393157,0.0064084106124937,0.0032938180956989,32780.0,1.080969810485838
seeded_ic_v1,49980002,0.01026,0.00999,0.006174,10.081355,0.702747,0.30218121,adaptive_ramp_v1,18.0,0.08,11.165196657180786,landing_ramp,0.1462469100952148,0.1932739615440368,0.565693199634552,0.0406556725502014,0.0066946018487215,-0.0841787531971931,1.3025716543197632,-0.3431752920150757,-5.7464375495910645,-14.07552433013916,1.4431558847427368,1.345078706741333,31383,31997,32621,32505,0.6160396674255372,cem_tuned_boundary,opp_m2_12000,0,12000,0,0,5.73871124581079,0.3476,0.0623959863699503,0.0064084106124937,0.0098294727504253,0.010227994993329,0.7160800099372864,-0.0002342931256862,0.0002609447401482,-0.0036768701393157,0.0064084106124937,0.0032938180956989,32780.0,1.081230640411377
seeded_ic_v1,49980002,0.01026,0.00999,0.006174,10.081355,0.702747,0.30218121,adaptive_ramp_v1,18.0,0.08,11.165276765823364,landing_ramp,0.1462469100952148,0.1932739615440368,0.565693199634552,0.0406556725502014,0.0066946018487215,-0.0841787531971931,1.3025716543197632,-0.3431752920150757,-5.7464375495910645,-14.07552433013916,1.4431558847427368,1.345078706741333,31327,31915,32599,32505,0.6160332587341308,cem_tuned_boundary,opp_m2_12000,0,12000,0,0,5.73871124581079,0.3476,0.0623959863699503,0.0064084106124937,0.0098294727504253,0.010227994993329,0.7160800099372864,-0.0002342931256862,0.0002609447401482,-0.0036768701393157,0.0064084106124937,0.0032938180956989,32780.0,1.081310749053955
seeded_ic_v1,49980002,0.01026,0.00999,0.006174,10.081355,0.702747,0.30218121,adaptive_ramp_v1,18.0,0.08,11.18510675430298,landing_ramp,0.1470715999603271,0.1933149099349975,0.5638633966445923,0.0414453819394111,0.0022718932013958,-0.0882148221135139,1.3025716543197632,-0.3431752920150757,-5.7464375495910645,-14.07552433013916,1.4431558847427368,1.345078706741333,31327,31915,32599,32505,0.6144468596557617,cem_tuned_boundary,opp_m2_12000,0,12000,0,0,5.73871124581079,0.3476,0.0623959863699503,0.0064084106124937,0.0098294727504253,0.010227994993329,0.7160800099372864,-0.0002342931256862,0.0002609447401482,-0.0036768701393157,0.0064084106124937,0.0032938180956989,32780.0,1.1011407375335711
seeded_ic_v1,49980002,0.01026,0.00999,0.006174,10.081355,0.702747,0.30218121,adaptive_ramp_v1,18.0,0.08,11.185302257537842,landing_ramp,0.1470715999603271,0.1933149099349975,0.5638633966445923,0.0414453819394111,0.0022718932013958,-0.0882148221135139,1.023078441619873,-0.3708589971065521,-5.719165325164795,-13.381553649902344,1.2150254249572754,1.406732201576233,31327,31915,32599,32505,0.6144312193969726,cem_tuned_boundary,opp_m2_12000,0,12000,0,0,5.73871124581079,0.3476,0.0623959863699503,0.0064084106124937,0.0098294727504253,0.010227994993329,0.7160800099372864,-0.0002342931256862,0.0002609447401482,-0.0036768701393157,0.0064084106124937,0.0032938180956989,32780.0,1.1013362407684326
seeded_ic_v1,49980002,0.01026,0.00999,0.006174,10.081355,0.702747,0.30218121,adaptive_ramp_v1,18.0,0.08,11.18538212776184,landing_ramp,0.1470715999603271,0.1933149099349975,0.5638633966445923,0.0414453819394111,0.0022718932013958,-0.0882148221135139,1.023078441619873,-0.3708589971065521,-5.719165325164795,-13.381553649902344,1.2150254249572754,1.406732201576233,31271,31753,32497,32505,0.6144248297790528,cem_tuned_boundary,opp_m2_12000,0,12000,0,0,5.73871124581079,0.3476,0.0623959863699503,0.0064084106124937,0.0098294727504253,0.010227994993329,0.7160800099372864,-0.0002342931256862,0.0002609447401482,-0.0036768701393157,0.0064084106124937,0.0032938180956989,32780.0,1.1014161109924316
seeded_ic_v1,49980002,0.01026,0.00999,0.006174,10.081355,0.702747,0.30218121,adaptive_ramp_v1,18.0,0.08,11.205060720443726,landing_ramp,0.1479256153106689,0.1933055967092514,0.5619550943374634,0.0424679778516292,-0.0011054254136979,-0.0923651903867721,1.023078441619873,-0.3708589971065521,-5.719165325164795,-13.381553649902344,1.2150254249572754,1.406732201576233,31271,31753,32497,32505,0.612850542364502,cem_tuned_boundary,opp_m2_12000,0,12000,0,0,5.73871124581079,0.3476,0.0623959863699503,0.0064084106124937,0.0098294727504253,0.010227994993329,0.7160800099372864,-0.0002342931256862,0.0002609447401482,-0.0036768701393157,0.0064084106124937,0.0032938180956989,32780.0,1.1210947036743164
seeded_ic_v1,49980002,0.01026,0.00999,0.006174,10.081355,0.702747,0.30218121,adaptive_ramp_v1,18.0,0.08,11.205281972885132,landing_ramp,0.1479256153106689,0.1933055967092514,0.5619550943374634,0.0424679778516292,-0.0011054254136979,-0.0923651903867721,0.7578403949737549,-0.394131988286972,-5.690662384033203,-12.525338172912598,1.0245423316955566,1.4656450748443604,31271,31753,32497,32505,0.6128328421691895,cem_tuned_boundary,opp_m2_12000,0,12000,0,0,5.73871124581079,0.3476,0.0623959863699503,0.0064084106124937,0.0098294727504253,0.010227994993329,0.7160800099372864,-0.0002342931256862,0.0002609447401482,-0.0036768701393157,0.0064084106124937,0.0032938180956989,32780.0,1.1213159561157227
seeded_ic_v1,49980002,0.01026,0.00999,0.006174,10.081355,0.702747,0.30218121,adaptive_ramp_v1,18.0,0.08,11.20536732673645,landing_ramp,0.1479256153106689,0.1933055967092514,0.5619550943374634,0.0424679778516292,-0.0011054254136979,-0.0923651903867721,0.7578403949737549,-0.394131988286972,-5.690662384033203,-12.525338172912598,1.0245423316955566,1.4656450748443604,31233,31675,32449,32505,0.612826013861084,cem_tuned_boundary,opp_m2_12000,0,12000,0,0,5.73871124581079,0.3476,0.0623959863699503,0.0064084106124937,0.0098294727504253,0.010227994993329,0.7160800099372864,-0.0002342931256862,0.0002609447401482,-0.0036768701393157,0.0064084106124937,0.0032938180956989,32780.0,1.121401309967041
seeded_ic_v1,49980002,0.01026,0.00999,0.006174,10.081355,0.702747,0.30218121,adaptive_ramp_v1,18.0,0.08,11.225233316421509,landing_ramp,0.1488108187913894,0.1932637095451355,0.5599662661552429,0.0436917170882225,-0.0034985044039785,-0.0967346131801605,0.7578403949737549,-0.394131988286972,-5.690662384033203,-12.525338172912598,1.0245423316955566,1.4656450748443604,31233,31675,32449,32505,0.6112367346862794,cem_tuned_boundary,opp_m2_12000,0,12000,0,0,5.73871124581079,0.3476,0.0623959863699503,0.0064084106124937,0.0098294727504253,0.010227994993329,0.7160800099372864,-0.0002342931256862,0.0002609447401482,-0.0036768701393157,0.0064084106124937,0.0032938180956989,32780.0,1.1412672996520996
seeded_ic_v1,49980002,0.01026,0.00999,0.006174,10.081355,0.702747,0.30218121,adaptive_ramp_v1,18.0,0.08,11.2253999710083,landing_ramp,0.1488108187913894,0.1932637095451355,0.5599662661552429,0.0436917170882225,-0.0034985044039785,-0.0967346131801605,0.5101938843727112,-0.413517951965332,-5.661138534545898,-11.510353088378906,0.687604546546936,1.5260571241378784,31233,31675,32449,32505,0.6112234023193359,cem_tuned_boundary,opp_m2_12000,0,12000,0,0,5.73871124581079,0.3476,0.0623959863699503,0.0064084106124937,0.0098294727504253,0.010227994993329,0.7160800099372864,-0.0002342931256862,0.0002609447401482,-0.0036768701393157,0.0064084106124937,0.0032938180956989,32780.0,1.1414339542388916
seeded_ic_v1,49980002,0.01026,0.00999,0.006174,10.081355,0.702747,0.30218121,adaptive_ramp_v1,18.0,0.08,11.22547173500061,landing_ramp,0.1488108187913894,0.1932637095451355,0.5599662661552429,0.0436917170882225,-0.0034985044039785,-0.0967346131801605,0.5101938843727112,-0.413517951965332,-5.661138534545898,-11.510353088378906,0.687604546546936,1.5260571241378784,31207,31639,32447,32505,0.6112176611999512,cem_tuned_boundary,opp_m2_12000,0,12000,0,0,5.73871124581079,0.3476,0.0623959863699503,0.0064084106124937,0.0098294727504253,0.010227994993329,0.7160800099372864,-0.0002342931256862,0.0002609447401482,-0.0036768701393157,0.0064084106124937,0.0032938180956989,32780.0,1.1415057182312012
seeded_ic_v1,49980002,0.01026,0.00999,0.006174,10.081355,0.702747,0.30218121,adaptive_ramp_v1,18.0,0.08,11.244912385940552,landing_ramp,0.1497284770011901,0.1932057589292526,0.5578933358192444,0.0450827702879905,-0.0049815946258604,-0.1012899577617645,0.5101938843727112,-0.413517951965332,-5.661138534545898,-11.510353088378906,0.687604546546936,1.5260571241378784,31207,31639,32447,32505,0.6096624091247559,cem_tuned_boundary,opp_m2_12000,0,12000,0,0,5.73871124581079,0.3476,0.0623959863699503,0.0064084106124937,0.0098294727504253,0.010227994993329,0.7160800099372864,-0.0002342931256862,0.0002609447401482,-0.0036768701393157,0.0064084106124937,0.0032938180956989,32780.0,1.1609463691711426
seeded_ic_v1,49980002,0.01026,0.00999,0.006174,10.081355,0.702747,0.30218121,adaptive_ramp_v1,18.0,0.08,11.24512004852295,landing_ramp,0.1497284770011901,0.1932057589292526,0.5578933358192444,0.0450827702879905,-0.0049815946258604,-0.1012899577617645,0.2824504375457763,-0.4259018003940582,-5.630761623382568,-10.54391860961914,0.2244144231081009,1.5258853435516355,31207,31639,32447,32505,0.609645796118164,cem_tuned_boundary,opp_m2_12000,0,12000,0,0,5.73871124581079,0.3476,0.0623959863699503,0.0064084106124937,0.0098294727504253,0.010227994993329,0.7160800099372864,-0.0002342931256862,0.0002609447401482,-0.0036768701393157,0.0064084106124937,0.0032938180956989,32780.0,1.16115403175354
seeded_ic_v1,49980002,0.01026,0.00999,0.006174,10.081355,0.702747,0.30218121,adaptive_ramp_v1,18.0,0.08,11.24520707130432,landing_ramp,0.1497284770011901,0.1932057589292526,0.5578933358192444,0.0450827702879905,-0.0049815946258604,-0.1012899577617645,0.2824504375457763,-0.4259018003940582,-5.630761623382568,-10.54391860961914,0.2244144231081009,1.5258853435516355,31171,31645,32465,32505,0.6096388342956544,cem_tuned_boundary,opp_m2_12000,0,12000,0,0,5.73871124581079,0.3476,0.0623959863699503,0.0064084106124937,0.0098294727504253,0.010227994993329,0.7160800099372864,-0.0002342931256862,0.0002609447401482,-0.0036768701393157,0.0064084106124937,0.0032938180956989,32780.0,1.1612410545349103
seeded_ic_v1,49980002,0.01026,0.00999,0.006174,10.081355,0.702747,0.30218121,adaptive_ramp_v1,18.0,0.08,11.26484441757202,landing_ramp,0.1506795436143875,0.1931465715169906,0.5557342767715454,0.0465988330543041,-0.0056315045803785,-0.1059551611542701,0.2824504375457763,-0.4259018003940582,-5.630761623382568,-10.54391860961914,0.2244144231081009,1.5258853435516355,31171,31645,32465,32505,0.6080678465942383,cem_tuned_boundary,opp_m2_12000,0,12000,0,0,5.73871124581079,0.3476,0.0623959863699503,0.0064084106124937,0.0098294727504253,0.010227994993329,0.7160800099372864,-0.0002342931256862,0.0002609447401482,-0.0036768701393157,0.0064084106124937,0.0032938180956989,32780.0,1.1808784008026105
seeded_ic_v1,49980002,0.01026,0.00999,0.006174,10.081355,0.702747,0.30218121,adaptive_ramp_v1,18.0,0.08,11.265058994293211,landing_ramp,0.1506795436143875,0.1931465715169906,0.5557342767715454,0.0465988330543041,-0.0056315045803785,-0.1059551611542701,0.0743229314684867,-0.4293736815452575,-5.599982738494873,-9.506959915161133,-0.1466615945100784,1.5869914293289185,31171,31645,32465,32505,0.608050680456543,cem_tuned_boundary,opp_m2_12000,0,12000,0,0,5.73871124581079,0.3476,0.0623959863699503,0.0064084106124937,0.0098294727504253,0.010227994993329,0.7160800099372864,-0.0002342931256862,0.0002609447401482,-0.0036768701393157,0.0064084106124937,0.0032938180956989,32780.0,1.181092977523802
seeded_ic_v1,49980002,0.01026,0.00999,0.006174,10.081355,0.702747,0.30218121,adaptive_ramp_v1,18.0,0.08,11.265143394470217,landing_ramp,0.1506795436143875,0.1931465715169906,0.5557342767715454,0.0465988330543041,-0.0056315045803785,-0.1059551611542701,0.0743229314684867,-0.4293736815452575,-5.599982738494873,-9.506959915161133,-0.1466615945100784,1.5869914293289185,31121,31597,32479,32505,0.6080439284423829,cem_tuned_boundary,opp_m2_12000,0,12000,0,0,5.73871124581079,0.3476,0.0623959863699503,0.0064084106124937,0.0098294727504253,0.010227994993329,0.7160800099372864,-0.0002342931256862,0.0002609447401482,-0.0036768701393157,0.0064084106124937,0.0032938180956989,32780.0,1.1811773777008074
seeded_ic_v1,49980002,0.01026,0.00999,0.006174,10.081355,0.702747,0.30218121,adaptive_ramp_v1,18.0,0.08,11.285041809082031,landing_ramp,0.1516641527414322,0.19309963285923,0.5534877181053162,0.0481954365968704,-0.0055246255360543,-0.1106856688857078,0.0743229314684867,-0.4293736815452575,-5.599982738494873,-9.506959915161133,-0.1466615945100784,1.5869914293289185,31121,31597,32479,32505,0.6064520552734375,cem_tuned_boundary,opp_m2_12000,0,12000,0,0,5.73871124581079,0.3476,0.0623959863699503,0.0064084106124937,0.0098294727504253,0.010227994993329,0.7160800099372864,-0.0002342931256862,0.0002609447401482,-0.0036768701393157,0.0064084106124937,0.0032938180956989,32780.0,1.201075792312622
seeded_ic_v1,49980002,0.01026,0.00999,0.006174,10.081355,0.702747,0.30218121,adaptive_ramp_v1,18.0,0.08,11.285207033157349,landing_ramp,0.1516641527414322,0.19309963285923,0.5534877181053162,0.0481954365968704,-0.0055246255360543,-0.1106856688857078,-0.1128165125846862,-0.4254120588302612,-5.568228721618652,-8.410405158996582,-0.529608964920044,1.5869133472442627,31121,31597,32479,32505,0.6064388373474121,cem_tuned_boundary,opp_m2_12000,0,12000,0,0,5.73871124581079,0.3476,0.0623959863699503,0.0064084106124937,0.0098294727504253,0.010227994993329,0.7160800099372864,-0.0002342931256862,0.0002609447401482,-0.0036768701393157,0.0064084106124937,0.0032938180956989,32780.0,1.2012410163879395
seeded_ic_v1,49980002,0.01026,0.00999,0.006174,10.081355,0.702747,0.30218121,adaptive_ramp_v1,18.0,0.08,11.285261392593384,landing_ramp,0.1516641527414322,0.19309963285923,0.5534877181053162,0.0481954365968704,-0.0055246255360543,-0.1106856688857078,-0.1128165125846862,-0.4254120588302612,-5.568228721618652,-8.410405158996582,-0.529608964920044,1.5869133472442627,31139,31639,32479,32505,0.6064344885925294,cem_tuned_boundary,opp_m2_12000,0,12000,0,0,5.73871124581079,0.3476,0.0623959863699503,0.0064084106124937,0.0098294727504253,0.010227994993329,0.7160800099372864,-0.0002342931256862,0.0002609447401482,-0.0036768701393157,0.0064084106124937,0.0032938180956989,32780.0,1.2012953758239746
seeded_ic_v1,49980002,0.01026,0.00999,0.006174,10.081355,0.702747,0.30218121,adaptive_ramp_v1,18.0,0.08,11.304783821105955,landing_ramp,0.1526819318532943,0.1930767446756363,0.5511533617973328,0.0498329438269138,-0.004741218406707,-0.1154179647564888,-0.1128165125846862,-0.4254120588302612,-5.568228721618652,-8.410405158996582,-0.529608964920044,1.5869133472442627,31139,31639,32479,32505,0.6048726943115235,cem_tuned_boundary,opp_m2_12000,0,12000,0,0,5.73871124581079,0.3476,0.0623959863699503,0.0064084106124937,0.0098294727504253,0.010227994993329,0.7160800099372864,-0.0002342931256862,0.0002609447401482,-0.0036768701393157,0.0064084106124937,0.0032938180956989,32780.0,1.220817804336546
seeded_ic_v1,49980002,0.01026,0.00999,0.006174,10.081355,0.702747,0.30218121,adaptive_ramp_v1,18.0,0.08,11.305046558380129,landing_ramp,0.1526819318532943,0.1930767446756363,0.5511533617973328,0.0498329438269138,-0.004741218406707,-0.1154179647564888,-0.2778746485710144,-0.4141013026237488,-5.536201000213623,-7.287185192108154,-0.8792928457260132,1.6480265855789185,31139,31639,32479,32505,0.6048516753295898,cem_tuned_boundary,opp_m2_12000,0,12000,0,0,5.73871124581079,0.3476,0.0623959863699503,0.0064084106124937,0.0098294727504253,0.010227994993329,0.7160800099372864,-0.0002342931256862,0.0002609447401482,-0.0036768701393157,0.0064084106124937,0.0032938180956989,32780.0,1.2210805416107195
seeded_ic_v1,49980002,0.01026,0.00999,0.006174,10.081355,0.702747,0.30218121,adaptive_ramp_v1,18.0,0.08,11.3051118850708,landing_ramp,0.1526819318532943,0.1930767446756363,0.5511533617973328,0.0498329438269138,-0.004741218406707,-0.1154179647564888,-0.2778746485710144,-0.4141013026237488,-5.536201000213623,-7.287185192108154,-0.8792928457260132,1.6480265855789185,31113,31617,32503,32505,0.6048464491943359,cem_tuned_boundary,opp_m2_12000,0,12000,0,0,5.73871124581079,0.3476,0.0623959863699503,0.0064084106124937,0.0098294727504253,0.010227994993329,0.7160800099372864,-0.0002342931256862,0.0002609447401482,-0.0036768701393157,0.0064084106124937,0.0032938180956989,32780.0,1.2211458683013916
seeded_ic_v1,49980002,0.01026,0.00999,0.006174,10.081355,0.702747,0.30218121,adaptive_ramp_v1,18.0,0.08,11.324984550476074,landing_ramp,0.1537318229675293,0.1930882632732391,0.5487318634986877,0.0514731779694557,-0.0033641485497355,-0.120119422674179,-0.2778746485710144,-0.4141013026237488,-5.536201000213623,-7.287185192108154,-0.8792928457260132,1.6480265855789185,31113,31617,32503,32505,0.603256635961914,cem_tuned_boundary,opp_m2_12000,0,12000,0,0,5.73871124581079,0.3476,0.0623959863699503,0.0064084106124937,0.0098294727504253,0.010227994993329,0.7160800099372864,-0.0002342931256862,0.0002609447401482,-0.0036768701393157,0.0064084106124937,0.0032938180956989,32780.0,1.241018533706665
seeded_ic_v1,49980002,0.01026,0.00999,0.006174,10.081355,0.702747,0.30218121,adaptive_ramp_v1,18.0,0.08,11.32517671585083,landing_ramp,0.1537318229675293,0.1930882632732391,0.5487318634986877,0.0514731779694557,-0.0033641485497355,-0.120119422674179,-0.4212914407253265,-0.3958317935466766,-5.503114223480225,-6.213116645812988,-1.308398723602295,1.7047843933105469,31113,31617,32503,32505,0.6032412627319337,cem_tuned_boundary,opp_m2_12000,0,12000,0,0,5.73871124581079,0.3476,0.0623959863699503,0.0064084106124937,0.0098294727504253,0.010227994993329,0.7160800099372864,-0.0002342931256862,0.0002609447401482,-0.0036768701393157,0.0064084106124937,0.0032938180956989,32780.0,1.241210699081421
seeded_ic_v1,49980002,0.01026,0.00999,0.006174,10.081355,0.702747,0.30218121,adaptive_ramp_v1,18.0,0.08,11.32521915435791,landing_ramp,0.1537318229675293,0.1930882632732391,0.5487318634986877,0.0514731779694557,-0.0033641485497355,-0.120119422674179,-0.4212914407253265,-0.3958317935466766,-5.503114223480225,-6.213116645812988,-1.308398723602295,1.7047843933105469,31129,31659,32537,32505,0.6032378676513672,cem_tuned_boundary,opp_m2_12000,0,12000,0,0,5.73871124581079,0.3476,0.0623959863699503,0.0064084106124937,0.0098294727504253,0.010227994993329,0.7160800099372864,-0.0002342931256862,0.0002609447401482,-0.0036768701393157,0.0064084106124937,0.0032938180956989,32780.0,1.241253137588501
seeded_ic_v1,49980002,0.01026,0.00999,0.006174,10.081355,0.702747,0.30218121,adaptive_ramp_v1,18.0,0.08,11.344894170761108,landing_ramp,0.1548122465610504,0.1931429356336593,0.5462226867675781,0.0530771501362323,-0.0014742738567292,-0.1248965933918953,-0.4212914407253265,-0.3958317935466766,-5.503114223480225,-6.213116645812988,-1.308398723602295,1.7047843933105469,31129,31659,32537,32505,0.6016638663391114,cem_tuned_boundary,opp_m2_12000,0,12000,0,0,5.73871124581079,0.3476,0.0623959863699503,0.0064084106124937,0.0098294727504253,0.010227994993329,0.7160800099372864,-0.0002342931256862,0.0002609447401482,-0.0036768701393157,0.0064084106124937,0.0032938180956989,32780.0,1.2609281539916992
seeded_ic_v1,49980002,0.01026,0.00999,0.006174,10.081355,0.702747,0.30218121,adaptive_ramp_v1,18.0,0.08,11.34506344795227,landing_ramp,0.1548122465610504,0.1931429356336593,0.5462226867675781,0.0530771501362323,-0.0014742738567292,-0.1248965933918953,-0.5436201095581055,-0.3692856132984161,-5.469030857086182,-5.200662612915039,-1.6931536197662354,1.7089898586273191,31129,31659,32537,32505,0.6016503241638184,cem_tuned_boundary,opp_m2_12000,0,12000,0,0,5.73871124581079,0.3476,0.0623959863699503,0.0064084106124937,0.0098294727504253,0.010227994993329,0.7160800099372864,-0.0002342931256862,0.0002609447401482,-0.0036768701393157,0.0064084106124937,0.0032938180956989,32780.0,1.2610974311828613
seeded_ic_v1,49980002,0.01026,0.00999,0.006174,10.081355,0.702747,0.30218121,adaptive_ramp_v1,18.0,0.08,11.345107793807983,landing_ramp,0.1548122465610504,0.1931429356336593,0.5462226867675781,0.0530771501362323,-0.0014742738567292,-0.1248965933918953,-0.5436201095581055,-0.3692856132984161,-5.469030857086182,-5.200662612915039,-1.6931536197662354,1.7089898586273191,31083,31665,32589,32505,0.6016467764953614,cem_tuned_boundary,opp_m2_12000,0,12000,0,0,5.73871124581079,0.3476,0.0623959863699503,0.0064084106124937,0.0098294727504253,0.010227994993329,0.7160800099372864,-0.0002342931256862,0.0002609447401482,-0.0036768701393157,0.0064084106124937,0.0032938180956989,32780.0,1.2611417770385742
seeded_ic_v1,49980002,0.01026,0.00999,0.006174,10.081355,0.702747,0.30218121,adaptive_ramp_v1,18.0,0.08,11.363903999328612,landing_ramp,0.1559730619192123,0.1932488232851028,0.5435047745704651,0.0546639151871204,0.0009460521396249,-0.1296619176864624,-0.5436201095581055,-0.3692856132984161,-5.469030857086182,-5.200662612915039,-1.6931536197662354,1.7089898586273191,31083,31665,32589,32505,0.600143080053711,cem_tuned_boundary,opp_m2_12000,0,12000,0,0,5.73871124581079,0.3476,0.0623959863699503,0.0064084106124937,0.0098294727504253,0.010227994993329,0.7160800099372864,-0.0002342931256862,0.0002609447401482,-0.0036768701393157,0.0064084106124937,0.0032938180956989,32780.0,1.2799379825592023
seeded_ic_v1,49980002,0.01026,0.00999,0.006174,10.081355,0.702747,0.30218121,adaptive_ramp_v1,18.0,0.08,11.364022254943848,landing_ramp,0.1559730619192123,0.1932488232851028,0.5435047745704651,0.0546639151871204,0.0009460521396249,-0.1296619176864624,-0.6492800116539001,-0.3329479098320007,-5.432195663452148,-4.196923732757568,-2.0389535427093506,1.7698774337768557,31083,31665,32589,32505,0.6001336196044922,cem_tuned_boundary,opp_m2_12000,0,12000,0,0,5.73871124581079,0.3476,0.0623959863699503,0.0064084106124937,0.0098294727504253,0.010227994993329,0.7160800099372864,-0.0002342931256862,0.0002609447401482,-0.0036768701393157,0.0064084106124937,0.0032938180956989,32780.0,1.2800562381744385
seeded_ic_v1,49980002,0.01026,0.00999,0.006174,10.081355,0.702747,0.30218121,adaptive_ramp_v1,18.0,0.08,11.364070892333984,landing_ramp,0.1559730619192123,0.1932488232851028,0.5435047745704651,0.0546639151871204,0.0009460521396249,-0.1296619176864624,-0.6492800116539001,-0.3329479098320007,-5.432195663452148,-4.196923732757568,-2.0389535427093506,1.7698774337768557,31097,31725,32667,32505,0.6001297286132813,cem_tuned_boundary,opp_m2_12000,0,12000,0,0,5.73871124581079,0.3476,0.0623959863699503,0.0064084106124937,0.0098294727504253,0.010227994993329,0.7160800099372864,-0.0002342931256862,0.0002609447401482,-0.0036768701393157,0.0064084106124937,0.0032938180956989,32780.0,1.2801048755645752
seeded_ic_v1,49980002,0.01026,0.00999,0.006174,10.081355,0.702747,0.30218121,adaptive_ramp_v1,18.0,0.08,11.383950471878052,landing_ramp,0.1570992916822433,0.1934121996164322,0.5408504605293274,0.0560382343828678,0.0036474019289016,-0.1338120251893997,-0.6492800116539001,-0.3329479098320007,-5.432195663452148,-4.196923732757568,-2.0389535427093506,1.7698774337768557,31097,31725,32667,32505,0.5985393622497559,cem_tuned_boundary,opp_m2_12000,0,12000,0,0,5.73871124581079,0.3476,0.0623959863699503,0.0064084106124937,0.0098294727504253,0.010227994993329,0.7160800099372864,-0.0002342931256862,0.0002609447401482,-0.0036768701393157,0.0064084106124937,0.0032938180956989,32780.0,1.2999844551086426
seeded_ic_v1,49980002,0.01026,0.00999,0.006174,10.081355,0.702747,0.30218121,adaptive_ramp_v1,18.0,0.08,11.38413143157959,landing_ramp,0.1570992916822433,0.1934121996164322,0.5408504605293274,0.0560382343828678,0.0036474019289016,-0.1338120251893997,-0.7287013530731201,-0.2913256585597992,-5.396288871765137,-3.23496150970459,-2.3135087490081787,1.767203450202942,31097,31725,32667,32505,0.5985248854736328,cem_tuned_boundary,opp_m2_12000,0,12000,0,0,5.73871124581079,0.3476,0.0623959863699503,0.0064084106124937,0.0098294727504253,0.010227994993329,0.7160800099372864,-0.0002342931256862,0.0002609447401482,-0.0036768701393157,0.0064084106124937,0.0032938180956989,32780.0,1.3001654148101807
seeded_ic_v1,49980002,0.01026,0.00999,0.006174,10.081355,0.702747,0.30218121,adaptive_ramp_v1,18.0,0.08,11.384205341339111,landing_ramp,0.1570992916822433,0.1934121996164322,0.5408504605293274,0.0560382343828678,0.0036474019289016,-0.1338120251893997,-0.7287013530731201,-0.2913256585597992,-5.396288871765137,-3.23496150970459,-2.3135087490081787,1.767203450202942,31089,31759,32709,32505,0.5985189726928711,cem_tuned_boundary,opp_m2_12000,0,12000,0,0,5.73871124581079,0.3476,0.0623959863699503,0.0064084106124937,0.0098294727504253,0.010227994993329,0.7160800099372864,-0.0002342931256862,0.0002609447401482,-0.0036768701393157,0.0064084106124937,0.0032938180956989,32780.0,1.3002393245697021
seeded_ic_v1,49980002,0.01026,0.00999,0.006174,10.081355,0.702747,0.30218121,adaptive_ramp_v1,18.0,0.08,11.404524326324465,landing_ramp,0.1582481265068054,0.1936358213424682,0.5381188988685608,0.0572743192315101,0.0066288653761148,-0.1377058327198028,-0.7287013530731201,-0.2913256585597992,-5.396288871765137,-3.23496150970459,-2.3135087490081787,1.767203450202942,31089,31759,32709,32505,0.596893453894043,cem_tuned_boundary,opp_m2_12000,0,12000,0,0,5.73871124581079,0.3476,0.0623959863699503,0.0064084106124937,0.0098294727504253,0.010227994993329,0.7160800099372864,-0.0002342931256862,0.0002609447401482,-0.0036768701393157,0.0064084106124937,0.0032938180956989,32780.0,1.3205583095550555
seeded_ic_v1,49980002,0.01026,0.00999,0.006174,10.081355,0.702747,0.30218121,adaptive_ramp_v1,18.0,0.08,11.40474796295166,landing_ramp,0.1582481265068054,0.1936358213424682,0.5381188988685608,0.0572743192315101,0.0066288653761148,-0.1377058327198028,-0.7889019250869751,-0.2441875785589218,-5.361007213592529,-2.285753965377808,-2.5769906044006348,1.7090367078781128,31089,31759,32709,32505,0.5968755629638672,cem_tuned_boundary,opp_m2_12000,0,12000,0,0,5.73871124581079,0.3476,0.0623959863699503,0.0064084106124937,0.0098294727504253,0.010227994993329,0.7160800099372864,-0.0002342931256862,0.0002609447401482,-0.0036768701393157,0.0064084106124937,0.0032938180956989,32780.0,1.320781946182251
seeded_ic_v1,49980002,0.01026,0.00999,0.006174,10.081355,0.702747,0.30218121,adaptive_ramp_v1,18.0,0.08,11.40483856201172,landing_ramp,0.1582481265068054,0.1936358213424682,0.5381188988685608,0.0572743192315101,0.0066288653761148,-0.1377058327198028,-0.7889019250869751,-0.2441875785589218,-5.361007213592529,-2.285753965377808,-2.5769906044006348,1.7090367078781128,31059,31801,32757,32505,0.5968683150390626,cem_tuned_boundary,opp_m2_12000,0,12000,0,0,5.73871124581079,0.3476,0.0623959863699503,0.0064084106124937,0.0098294727504253,0.010227994993329,0.7160800099372864,-0.0002342931256862,0.0002609447401482,-0.0036768701393157,0.0064084106124937,0.0032938180956989,32780.0,1.3208725452423113
seeded_ic_v1,49980002,0.01026,0.00999,0.006174,10.081355,0.702747,0.30218121,adaptive_ramp_v1,18.0,0.08,11.423920392990112,landing_ramp,0.1594157218933105,0.193922683596611,0.5353149771690369,0.058343656361103,0.0098186759278178,-0.1413922011852264,-0.7889019250869751,-0.2441875785589218,-5.361007213592529,-2.285753965377808,-2.5769906044006348,1.7090367078781128,31059,31801,32757,32505,0.595341768560791,cem_tuned_boundary,opp_m2_12000,0,12000,0,0,5.73871124581079,0.3476,0.0623959863699503,0.0064084106124937,0.0098294727504253,0.010227994993329,0.7160800099372864,-0.0002342931256862,0.0002609447401482,-0.0036768701393157,0.0064084106124937,0.0032938180956989,32780.0,1.3399543762207031
seeded_ic_v1,49980002,0.01026,0.00999,0.006174,10.081355,0.702747,0.30218121,adaptive_ramp_v1,18.0,0.08,11.424228429794312,landing_ramp,0.1594157218933105,0.193922683596611,0.5353149771690369,0.058343656361103,0.0098186759278178,-0.1413922011852264,-0.830376386642456,-0.1923171877861023,-5.326088905334473,-1.4008760452270508,-2.746817350387573,1.7089842557907104,31059,31801,32757,32505,0.5953171256164551,cem_tuned_boundary,opp_m2_12000,0,12000,0,0,5.73871124581079,0.3476,0.0623959863699503,0.0064084106124937,0.0098294727504253,0.010227994993329,0.7160800099372864,-0.0002342931256862,0.0002609447401482,-0.0036768701393157,0.0064084106124937,0.0032938180956989,32780.0,1.3402624130249023
seeded_ic_v1,49980002,0.01026,0.00999,0.006174,10.081355,0.702747,0.30218121,adaptive_ramp_v1,18.0,0.08,11.424324750900269,landing_ramp,0.1594157218933105,0.193922683596611,0.5353149771690369,0.058343656361103,0.0098186759278178,-0.1413922011852264,-0.830376386642456,-0.1923171877861023,-5.326088905334473,-1.4008760452270508,-2.746817350387573,1.7089842557907104,31089,31889,32803,32505,0.5953094199279786,cem_tuned_boundary,opp_m2_12000,0,12000,0,0,5.73871124581079,0.3476,0.0623959863699503,0.0064084106124937,0.0098294727504253,0.010227994993329,0.7160800099372864,-0.0002342931256862,0.0002609447401482,-0.0036768701393157,0.0064084106124937,0.0032938180956989,32780.0,1.3403587341308594
seeded_ic_v1,49980002,0.01026,0.00999,0.006174,10.081355,0.702747,0.30218121,adaptive_ramp_v1,18.0,0.08,11.443897724151611,landing_ramp,0.1605978459119796,0.1942744702100753,0.5324431657791138,0.0592226572334766,0.0131483543664217,-0.1448801904916763,-0.830376386642456,-0.1923171877861023,-5.326088905334473,-1.4008760452270508,-2.746817350387573,1.7089842557907104,31089,31889,32803,32505,0.5937435820678711,cem_tuned_boundary,opp_m2_12000,0,12000,0,0,5.73871124581079,0.3476,0.0623959863699503,0.0064084106124937,0.0098294727504253,0.010227994993329,0.7160800099372864,-0.0002342931256862,0.0002609447401482,-0.0036768701393157,0.0064084106124937,0.0032938180956989,32780.0,1.3599317073822021
seeded_ic_v1,49980002,0.01026,0.00999,0.006174,10.081355,0.702747,0.30218121,adaptive_ramp_v1,18.0,0.08,11.444122076034546,landing_ramp,0.1605978459119796,0.1942744702100753,0.5324431657791138,0.0592226572334766,0.0131483543664217,-0.1448801904916763,-0.8543332815170288,-0.1370643526315689,-5.291091442108154,-0.5392186045646667,-2.895103931427002,1.7089842557907104,31089,31889,32803,32505,0.5937256339172363,cem_tuned_boundary,opp_m2_12000,0,12000,0,0,5.73871124581079,0.3476,0.0623959863699503,0.0064084106124937,0.0098294727504253,0.010227994993329,0.7160800099372864,-0.0002342931256862,0.0002609447401482,-0.0036768701393157,0.0064084106124937,0.0032938180956989,32780.0,1.3601560592651367
seeded_ic_v1,49980002,0.01026,0.00999,0.006174,10.081355,0.702747,0.30218121,adaptive_ramp_v1,18.0,0.08,11.444191455841064,landing_ramp,0.1605978459119796,0.1942744702100753,0.5324431657791138,0.0592226572334766,0.0131483543664217,-0.1448801904916763,-0.8543332815170288,-0.1370643526315689,-5.291091442108154,-0.5392186045646667,-2.895103931427002,1.7089842557907104,31097,31963,32869,32505,0.5937200835327149,cem_tuned_boundary,opp_m2_12000,0,12000,0,0,5.73871124581079,0.3476,0.0623959863699503,0.0064084106124937,0.0098294727504253,0.010227994993329,0.7160800099372864,-0.0002342931256862,0.0002609447401482,-0.0036768701393157,0.0064084106124937,0.0032938180956989,32780.0,1.3602254390716553
seeded_ic_v1,49980002,0.01026,0.00999,0.006174,10.081355,0.702747,0.30218121,adaptive_ramp_v1,18.0,0.08,11.463903903961182,landing_ramp,0.1617899388074875,0.1946916431188583,0.5295063257217407,0.0598919056355953,0.0165519807487726,-0.1482283622026443,-0.8543332815170288,-0.1370643526315689,-5.291091442108154,-0.5392186045646667,-2.895103931427002,1.7089842557907104,31097,31963,32869,32505,0.5921430876831055,cem_tuned_boundary,opp_m2_12000,0,12000,0,0,5.73871124581079,0.3476,0.0623959863699503,0.0064084106124937,0.0098294727504253,0.010227994993329,0.7160800099372864,-0.0002342931256862,0.0002609447401482,-0.0036768701393157,0.0064084106124937,0.0032938180956989,32780.0,1.3799378871917725
seeded_ic_v1,49980002,0.01026,0.00999,0.006174,10.081355,0.702747,0.30218121,adaptive_ramp_v1,18.0,0.08,11.464058876037598,landing_ramp,0.1617899388074875,0.1946916431188583,0.5295063257217407,0.0598919056355953,0.0165519807487726,-0.1482283622026443,-0.8613018989562988,-0.0792493596673011,-5.256040096282959,0.1904042661190033,-2.9933958053588867,1.7089842557907104,31097,31963,32869,32505,0.5921306899169922,cem_tuned_boundary,opp_m2_12000,0,12000,0,0,5.73871124581079,0.3476,0.0623959863699503,0.0064084106124937,0.0098294727504253,0.010227994993329,0.7160800099372864,-0.0002342931256862,0.0002609447401482,-0.0036768701393157,0.0064084106124937,0.0032938180956989,32780.0,1.3800928592681885
seeded_ic_v1,49980002,0.01026,0.00999,0.006174,10.081355,0.702747,0.30218121,adaptive_ramp_v1,18.0,0.08,11.464145421981812,landing_ramp,0.1617899388074875,0.1946916431188583,0.5295063257217407,0.0598919056355953,0.0165519807487726,-0.1482283622026443,-0.8613018989562988,-0.0792493596673011,-5.256040096282959,0.1904042661190033,-2.9933958053588867,1.7089842557907104,31109,32037,32923,32505,0.5921237662414551,cem_tuned_boundary,opp_m2_12000,0,12000,0,0,5.73871124581079,0.3476,0.0623959863699503,0.0064084106124937,0.0098294727504253,0.010227994993329,0.7160800099372864,-0.0002342931256862,0.0002609447401482,-0.0036768701393157,0.0064084106124937,0.0032938180956989,32780.0,1.3801794052124023
seeded_ic_v1,49980002,0.01026,0.00999,0.006174,10.081355,0.702747,0.30218121,adaptive_ramp_v1,18.0,0.08,11.485337018966677,adaptive_brake,0.1630447953939438,0.1951927989721298,0.5263652205467224,0.0603456273674964,0.0201091356575489,-0.1514849066734314,-0.8613018989562988,-0.0792493596673011,-5.256040096282959,0.1904042661190033,-2.9933958053588867,1.7089842557907104,31109,32037,32923,32505,0.95,cem_tuned_boundary,opp_m2_12000,0,12000,0,0,5.73871124581079,0.3476,0.0623959863699503,0.0064084106124937,0.0098294727504253,0.010227994993329,0.7160800099372864,-0.0002342931256862,0.0002609447401482,-0.0036768701393157,0.0064084106124937,0.0032938180956989,32780.0,1.4013710021972674
seeded_ic_v1,49980002,0.01026,0.00999,0.006174,10.081355,0.702747,0.30218121,adaptive_ramp_v1,18.0,0.08,11.485552787780762,adaptive_brake,0.1630447953939438,0.1951927989721298,0.5263652205467224,0.0603456273674964,0.0201091356575489,-0.1514849066734314,-0.8530880212783813,-0.0169929545372724,-5.21921443939209,1.0074021816253662,-2.9907243251800537,1.7089842557907104,31109,32037,32923,32505,0.95,cem_tuned_boundary,opp_m2_12000,0,12000,0,0,5.73871124581079,0.3476,0.0623959863699503,0.0064084106124937,0.0098294727504253,0.010227994993329,0.7160800099372864,-0.0002342931256862,0.0002609447401482,-0.0036768701393157,0.0064084106124937,0.0032938180956989,32780.0,1.4015867710113525
seeded_ic_v1,49980002,0.01026,0.00999,0.006174,10.081355,0.702747,0.30218121,adaptive_ramp_v1,18.0,0.08,11.485636472702026,adaptive_brake,0.1630447953939438,0.1951927989721298,0.5263652205467224,0.0603456273674964,0.0201091356575489,-0.1514849066734314,-0.8530880212783813,-0.0169929545372724,-5.21921443939209,1.0074021816253662,-2.9907243251800537,1.7089842557907104,31229,32217,32991,32505,0.95,cem_tuned_boundary,opp_m2_12000,0,12000,0,0,5.73871124581079,0.3476,0.0623959863699503,0.0064084106124937,0.0098294727504253,0.010227994993329,0.7160800099372864,-0.0002342931256862,0.0002609447401482,-0.0036768701393157,0.0064084106124937,0.0032938180956989,32780.0,1.4016704559326172
seeded_ic_v1,49980002,0.01026,0.00999,0.006174,10.081355,0.702747,0.30218121,adaptive_ramp_v1,18.0,0.08,11.50506329536438,adaptive_brake,0.1642325520515442,0.1957377940416336,0.5233380198478699,0.0605030804872512,0.0234698187559843,-0.1542444378137588,-0.8530880212783813,-0.0169929545372724,-5.21921443939209,1.0074021816253662,-2.9907243251800537,1.7089842557907104,31229,32217,32991,32505,0.95,cem_tuned_boundary,opp_m2_12000,0,12000,0,0,5.73871124581079,0.3476,0.0623959863699503,0.0064084106124937,0.0098294727504253,0.010227994993329,0.7160800099372864,-0.0002342931256862,0.0002609447401482,-0.0036768701393157,0.0064084106124937,0.0032938180956989,32780.0,1.4210972785949707
seeded_ic_v1,49980002,0.01026,0.00999,0.006174,10.081355,0.702747,0.30218121,adaptive_ramp_v1,18.0,0.08,11.505224704742432,adaptive_brake,0.1642325520515442,0.1957377940416336,0.5233380198478699,0.0605030804872512,0.0234698187559843,-0.1542444378137588,-0.8301625847816467,0.0418742708861827,-5.184165000915527,1.5524448156356812,-2.929762840270996,1.7089842557907104,31229,32217,32991,32505,0.95,cem_tuned_boundary,opp_m2_12000,0,12000,0,0,5.73871124581079,0.3476,0.0623959863699503,0.0064084106124937,0.0098294727504253,0.010227994993329,0.7160800099372864,-0.0002342931256862,0.0002609447401482,-0.0036768701393157,0.0064084106124937,0.0032938180956989,32780.0,1.4212586879730225
seeded_ic_v1,49980002,0.01026,0.00999,0.006174,10.081355,0.702747,0.30218121,adaptive_ramp_v1,18.0,0.08,11.50529170036316,adaptive_brake,0.1642325520515442,0.1957377940416336,0.5233380198478699,0.0605030804872512,0.0234698187559843,-0.1542444378137588,-0.8301625847816467,0.0418742708861827,-5.184165000915527,1.5524448156356812,-2.929762840270996,1.7089842557907104,31197,32235,33033,32505,0.95,cem_tuned_boundary,opp_m2_12000,0,12000,0,0,5.73871124581079,0.3476,0.0623959863699503,0.0064084106124937,0.0098294727504253,0.010227994993329,0.7160800099372864,-0.0002342931256862,0.0002609447401482,-0.0036768701393157,0.0064084106124937,0.0032938180956989,32780.0,1.42132568359375
seeded_ic_v1,49980002,0.01026,0.00999,0.006174,10.081355,0.702747,0.30218121,adaptive_ramp_v1,18.0,0.08,11.5250084400177,adaptive_brake,0.1654165685176849,0.1963428109884262,0.5202556848526001,0.0604321993887424,0.0267350692301988,-0.1567369401454925,-0.8301625847816467,0.0418742708861827,-5.184165000915527,1.5524448156356812,-2.929762840270996,1.7089842557907104,31197,32235,33033,32505,0.95,cem_tuned_boundary,opp_m2_12000,0,12000,0,0,5.73871124581079,0.3476,0.0623959863699503,0.0064084106124937,0.0098294727504253,0.010227994993329,0.7160800099372864,-0.0002342931256862,0.0002609447401482,-0.0036768701393157,0.0064084106124937,0.0032938180956989,32780.0,1.441042423248291
seeded_ic_v1,49980002,0.01026,0.00999,0.006174,10.081355,0.702747,0.30218121,adaptive_ramp_v1,18.0,0.08,11.52517032623291,adaptive_brake,0.1654165685176849,0.1963428109884262,0.5202556848526001,0.0604321993887424,0.0267350692301988,-0.1567369401454925,-0.7972660660743713,0.0994709357619285,-5.149162769317627,2.0044379234313965,-2.868788957595825,1.7479217052459717,31197,32235,33033,32505,0.95,cem_tuned_boundary,opp_m2_12000,0,12000,0,0,5.73871124581079,0.3476,0.0623959863699503,0.0064084106124937,0.0098294727504253,0.010227994993329,0.7160800099372864,-0.0002342931256862,0.0002609447401482,-0.0036768701393157,0.0064084106124937,0.0032938180956989,32780.0,1.441204309463501
seeded_ic_v1,49980002,0.01026,0.00999,0.006174,10.081355,0.702747,0.30218121,adaptive_ramp_v1,18.0,0.08,11.525249242782593,adaptive_brake,0.1654165685176849,0.1963428109884262,0.5202556848526001,0.0604321993887424,0.0267350692301988,-0.1567369401454925,-0.7972660660743713,0.0994709357619285,-5.149162769317627,2.0044379234313965,-2.868788957595825,1.7479217052459717,31229,32315,33097,32505,0.95,cem_tuned_boundary,opp_m2_12000,0,12000,0,0,5.73871124581079,0.3476,0.0623959863699503,0.0064084106124937,0.0098294727504253,0.010227994993329,0.7160800099372864,-0.0002342931256862,0.0002609447401482,-0.0036768701393157,0.0064084106124937,0.0032938180956989,32780.0,1.4412832260131836
seeded_ic_v1,49980002,0.01026,0.00999,0.006174,10.081355,0.702747,0.30218121,adaptive_ramp_v1,18.0,0.08,11.544985055923462,adaptive_brake,0.1665919721126556,0.1970045417547226,0.517122209072113,0.0601329170167446,0.0298654809594154,-0.1591034978628158,-0.7972660660743713,0.0994709357619285,-5.149162769317627,2.0044379234313965,-2.868788957595825,1.7479217052459717,31229,32315,33097,32505,0.95,cem_tuned_boundary,opp_m2_12000,0,12000,0,0,5.73871124581079,0.3476,0.0623959863699503,0.0064084106124937,0.0098294727504253,0.010227994993329,0.7160800099372864,-0.0002342931256862,0.0002609447401482,-0.0036768701393157,0.0064084106124937,0.0032938180956989,32780.0,1.4610190391540527
seeded_ic_v1,49980002,0.01026,0.00999,0.006174,10.081355,0.702747,0.30218121,adaptive_ramp_v1,18.0,0.08,11.545270681381226,adaptive_brake,0.1665919721126556,0.1970045417547226,0.517122209072113,0.0601329170167446,0.0298654809594154,-0.1591034978628158,-0.7549450397491455,0.1562315672636032,-5.113280296325684,2.496530532836914,-2.779811382293701,1.7700198888778689,31229,32315,33097,32505,0.95,cem_tuned_boundary,opp_m2_12000,0,12000,0,0,5.73871124581079,0.3476,0.0623959863699503,0.0064084106124937,0.0098294727504253,0.010227994993329,0.7160800099372864,-0.0002342931256862,0.0002609447401482,-0.0036768701393157,0.0064084106124937,0.0032938180956989,32780.0,1.4613046646118164
seeded_ic_v1,49980002,0.01026,0.00999,0.006174,10.081355,0.702747,0.30218121,adaptive_ramp_v1,18.0,0.08,11.545329332351685,adaptive_brake,0.1665919721126556,0.1970045417547226,0.517122209072113,0.0601329170167446,0.0298654809594154,-0.1591034978628158,-0.7549450397491455,0.1562315672636032,-5.113280296325684,2.496530532836914,-2.779811382293701,1.7700198888778689,31275,32379,33127,32505,0.95,cem_tuned_boundary,opp_m2_12000,0,12000,0,0,5.73871124581079,0.3476,0.0623959863699503,0.0064084106124937,0.0098294727504253,0.010227994993329,0.7160800099372864,-0.0002342931256862,0.0002609447401482,-0.0036768701393157,0.0064084106124937,0.0032938180956989,32780.0,1.4613633155822754
seeded_ic_v1,49980002,0.01026,0.00999,0.006174,10.081355,0.702747,0.30218121,adaptive_ramp_v1,18.0,0.08,11.564858198165894,adaptive_brake,0.1677542477846145,0.1977191418409347,0.5139426589012146,0.0596052184700965,0.0328256674110889,-0.1611856967210769,-0.7549450397491455,0.1562315672636032,-5.113280296325684,2.496530532836914,-2.779811382293701,1.7700198888778689,31275,32379,33127,32505,0.95,cem_tuned_boundary,opp_m2_12000,0,12000,0,0,5.73871124581079,0.3476,0.0623959863699503,0.0064084106124937,0.0098294727504253,0.010227994993329,0.7160800099372864,-0.0002342931256862,0.0002609447401482,-0.0036768701393157,0.0064084106124937,0.0032938180956989,32780.0,1.4808921813964844
seeded_ic_v1,49980002,0.01026,0.00999,0.006174,10.081355,0.702747,0.30218121,adaptive_ramp_v1,18.0,0.08,11.56506371498108,adaptive_brake,0.1677542477846145,0.1977191418409347,0.5139426589012146,0.0596052184700965,0.0328256674110889,-0.1611856967210769,-0.7029790878295898,0.2105718851089477,-5.077183723449707,2.9562973976135254,-2.595945358276367,1.7700190544128418,31275,32379,33127,32505,0.95,cem_tuned_boundary,opp_m2_12000,0,12000,0,0,5.73871124581079,0.3476,0.0623959863699503,0.0064084106124937,0.0098294727504253,0.010227994993329,0.7160800099372864,-0.0002342931256862,0.0002609447401482,-0.0036768701393157,0.0064084106124937,0.0032938180956989,32780.0,1.4810976982116717
seeded_ic_v1,49980002,0.01026,0.00999,0.006174,10.081355,0.702747,0.30218121,adaptive_ramp_v1,18.0,0.08,11.565131664276125,adaptive_brake,0.1677542477846145,0.1977191418409347,0.5139426589012146,0.0596052184700965,0.0328256674110889,-0.1611856967210769,-0.7029790878295898,0.2105718851089477,-5.077183723449707,2.9562973976135254,-2.595945358276367,1.7700190544128418,31317,32465,33179,32505,0.95,cem_tuned_boundary,opp_m2_12000,0,12000,0,0,5.73871124581079,0.3476,0.0623959863699503,0.0064084106124937,0.0098294727504253,0.010227994993329,0.7160800099372864,-0.0002342931256862,0.0002609447401482,-0.0036768701393157,0.0064084106124937,0.0032938180956989,32780.0,1.4811656475067156
seeded_ic_v1,49980002,0.01026,0.00999,0.006174,10.081355,0.702747,0.30218121,adaptive_ramp_v1,18.0,0.08,11.583857774734495,adaptive_brake,0.1689753234386444,0.1985023766756057,0.5105305910110474,0.0589101202785968,0.0356250368058681,-0.1632681936025619,-0.7029790878295898,0.2105718851089477,-5.077183723449707,2.9562973976135254,-2.595945358276367,1.7700190544128418,31317,32465,33179,32505,0.95,cem_tuned_boundary,opp_m2_12000,0,12000,0,0,5.73871124581079,0.3476,0.0623959863699503,0.0064084106124937,0.0098294727504253,0.010227994993329,0.7160800099372864,-0.0002342931256862,0.0002609447401482,-0.0036768701393157,0.0064084106124937,0.0032938180956989,32780.0,1.4998917579650861
seeded_ic_v1,49980002,0.01026,0.00999,0.006174,10.081355,0.702747,0.30218121,adaptive_ramp_v1,18.0,0.08,11.584060907363892,adaptive_brake,0.1689753234386444,0.1985023766756057,0.5105305910110474,0.0589101202785968,0.0356250368058681,-0.1632681936025619,-0.6390692591667175,0.2635813057422638,-5.039389133453369,3.3007020950317383,-2.3997535705566406,1.7700190544128418,31317,32465,33179,32505,0.95,cem_tuned_boundary,opp_m2_12000,0,12000,0,0,5.73871124581079,0.3476,0.0623959863699503,0.0064084106124937,0.0098294727504253,0.010227994993329,0.7160800099372864,-0.0002342931256862,0.0002609447401482,-0.0036768701393157,0.0064084106124937,0.0032938180956989,32780.0,1.5000948905944824
seeded_ic_v1,49980002,0.01026,0.00999,0.006174,10.081355,0.702747,0.30218121,adaptive_ramp_v1,18.0,0.08,11.58413863182068,adaptive_brake,0.1689753234386444,0.1985023766756057,0.5105305910110474,0.0589101202785968,0.0356250368058681,-0.1632681936025619,-0.6390692591667175,0.2635813057422638,-5.039389133453369,3.3007020950317383,-2.3997535705566406,1.7700190544128418,31373,32541,33211,32505,0.95,cem_tuned_boundary,opp_m2_12000,0,12000,0,0,5.73871124581079,0.3476,0.0623959863699503,0.0064084106124937,0.0098294727504253,0.010227994993329,0.7160800099372864,-0.0002342931256862,0.0002609447401482,-0.0036768701393157,0.0064084106124937,0.0032938180956989,32780.0,1.5001726150512713
seeded_ic_v1,49980002,0.01026,0.00999,0.006174,10.081355,0.702747,0.30218121,adaptive_ramp_v1,18.0,0.08,11.604459047317505,adaptive_brake,0.1700877696275711,0.1993078738451004,0.5073106288909912,0.0579004660248756,0.0381174050271511,-0.1646779179573059,-0.6390692591667175,0.2635813057422638,-5.039389133453369,3.3007020950317383,-2.3997535705566406,1.7700190544128418,31373,32541,33211,32505,0.95,cem_tuned_boundary,opp_m2_12000,0,12000,0,0,5.73871124581079,0.3476,0.0623959863699503,0.0064084106124937,0.0098294727504253,0.010227994993329,0.7160800099372864,-0.0002342931256862,0.0002609447401482,-0.0036768701393157,0.0064084106124937,0.0032938180956989,32780.0,1.5204930305480957
seeded_ic_v1,49980002,0.01026,0.00999,0.006174,10.081355,0.702747,0.30218121,adaptive_ramp_v1,18.0,0.08,11.604729413986206,adaptive_brake,0.1700877696275711,0.1993078738451004,0.5073106288909912,0.0579004660248756,0.0381174050271511,-0.1646779179573059,-0.5712369680404663,0.3096483945846557,-5.003539562225342,3.5820937156677246,-2.1417787075042725,1.720932960510254,31373,32541,33211,32505,0.95,cem_tuned_boundary,opp_m2_12000,0,12000,0,0,5.73871124581079,0.3476,0.0623959863699503,0.0064084106124937,0.0098294727504253,0.010227994993329,0.7160800099372864,-0.0002342931256862,0.0002609447401482,-0.0036768701393157,0.0064084106124937,0.0032938180956989,32780.0,1.5207633972167969
seeded_ic_v1,49980002,0.01026,0.00999,0.006174,10.081355,0.702747,0.30218121,adaptive_ramp_v1,18.0,0.08,11.604840278625488,adaptive_brake,0.1700877696275711,0.1993078738451004,0.5073106288909912,0.0579004660248756,0.0381174050271511,-0.1646779179573059,-0.5712369680404663,0.3096483945846557,-5.003539562225342,3.5820937156677246,-2.1417787075042725,1.720932960510254,32145,32595,33977,32505,0.95,cem_tuned_boundary,opp_m2_12000,0,12000,0,0,5.73871124581079,0.3476,0.0623959863699503,0.0064084106124937,0.0098294727504253,0.010227994993329,0.7160800099372864,-0.0002342931256862,0.0002609447401482,-0.0036768701393157,0.0064084106124937,0.0032938180956989,32780.0,1.520874261856079
seeded_ic_v1,49980002,0.01026,0.00999,0.006174,10.081355,0.702747,0.30218121,adaptive_ramp_v1,18.0,0.08,11.624228477478027,adaptive_brake,0.1711754947900772,0.2001511603593826,0.5040570497512817,0.056704681366682,0.0403463691473007,-0.1658603250980377,-0.5712369680404663,0.3096483945846557,-5.003539562225342,3.5820937156677246,-2.1417787075042725,1.720932960510254,32145,32595,33977,32505,0.95,cem_tuned_boundary,opp_m2_12000,0,12000,0,0,5.73871124581079,0.3476,0.0623959863699503,0.0064084106124937,0.0098294727504253,0.010227994993329,0.7160800099372864,-0.0002342931256862,0.0002609447401482,-0.0036768701393157,0.0064084106124937,0.0032938180956989,32780.0,1.5402624607086182
seeded_ic_v1,49980002,0.01026,0.00999,0.006174,10.081355,0.702747,0.30218121,adaptive_ramp_v1,18.0,0.08,11.62441873550415,adaptive_brake,0.1711754947900772,0.2001511603593826,0.5040570497512817,0.056704681366682,0.0403463691473007,-0.1658603250980377,-0.498370498418808,0.3501989245414734,-4.968770503997803,3.7992892265319824,-1.8502358198165891,1.7090685367584229,32145,32595,33977,32505,0.95,cem_tuned_boundary,opp_m2_12000,0,12000,0,0,5.73871124581079,0.3476,0.0623959863699503,0.0064084106124937,0.0098294727504253,0.010227994993329,0.7160800099372864,-0.0002342931256862,0.0002609447401482,-0.0036768701393157,0.0064084106124937,0.0032938180956989,32780.0,1.5404527187347412
seeded_ic_v1,49980002,0.01026,0.00999,0.006174,10.081355,0.702747,0.30218121,adaptive_ramp_v1,18.0,0.08,11.62449073791504,adaptive_brake,0.1711754947900772,0.2001511603593826,0.5040570497512817,0.056704681366682,0.0403463691473007,-0.1658603250980377,-0.498370498418808,0.3501989245414734,-4.968770503997803,3.7992892265319824,-1.8502358198165891,1.7090685367584229,31391,32631,33255,32505,0.95,cem_tuned_boundary,opp_m2_12000,0,12000,0,0,5.73871124581079,0.3476,0.0623959863699503,0.0064084106124937,0.0098294727504253,0.010227994993329,0.7160800099372864,-0.0002342931256862,0.0002609447401482,-0.0036768701393157,0.0064084106124937,0.0032938180956989,32780.0,1.5405247211456317
seeded_ic_v1,49980002,0.01026,0.00999,0.006174,10.081355,0.702747,0.30218121,adaptive_ramp_v1,18.0,0.08,11.643912076950071,adaptive_brake,0.1722350567579269,0.2010264098644256,0.5007739663124084,0.0553415343165397,0.0422909595072269,-0.1669421344995498,-0.498370498418808,0.3501989245414734,-4.968770503997803,3.7992892265319824,-1.8502358198165891,1.7090685367584229,31391,32631,33255,32505,0.95,cem_tuned_boundary,opp_m2_12000,0,12000,0,0,5.73871124581079,0.3476,0.0623959863699503,0.0064084106124937,0.0098294727504253,0.010227994993329,0.7160800099372864,-0.0002342931256862,0.0002609447401482,-0.0036768701393157,0.0064084106124937,0.0032938180956989,32780.0,1.5599460601806623
seeded_ic_v1,49980002,0.01026,0.00999,0.006174,10.081355,0.702747,0.30218121,adaptive_ramp_v1,18.0,0.08,11.644101858139038,adaptive_brake,0.1722350567579269,0.2010264098644256,0.5007739663124084,0.0553415343165397,0.0422909595072269,-0.1669421344995498,-0.4213939607143402,0.3848306238651275,-4.934309005737305,3.9696390628814697,-1.5310277938842771,1.7089838981628418,31391,32631,33255,32505,0.95,cem_tuned_boundary,opp_m2_12000,0,12000,0,0,5.73871124581079,0.3476,0.0623959863699503,0.0064084106124937,0.0098294727504253,0.010227994993329,0.7160800099372864,-0.0002342931256862,0.0002609447401482,-0.0036768701393157,0.0064084106124937,0.0032938180956989,32780.0,1.560135841369629
seeded_ic_v1,49980002,0.01026,0.00999,0.006174,10.081355,0.702747,0.30218121,adaptive_ramp_v1,18.0,0.08,11.644148111343384,adaptive_brake,0.1722350567579269,0.2010264098644256,0.5007739663124084,0.0553415343165397,0.0422909595072269,-0.1669421344995498,-0.4213939607143402,0.3848306238651275,-4.934309005737305,3.9696390628814697,-1.5310277938842771,1.7089838981628418,32171,32699,33995,32505,0.95,cem_tuned_boundary,opp_m2_12000,0,12000,0,0,5.73871124581079,0.3476,0.0623959863699503,0.0064084106124937,0.0098294727504253,0.010227994993329,0.7160800099372864,-0.0002342931256862,0.0002609447401482,-0.0036768701393157,0.0064084106124937,0.0032938180956989,32780.0,1.5601820945739746
seeded_ic_v1,49980002,0.01026,0.00999,0.006174,10.081355,0.702747,0.30218121,adaptive_ramp_v1,18.0,0.08,11.66390323638916,adaptive_brake,0.1732633709907531,0.2019276469945907,0.497464507818222,0.0538313314318656,0.0439354963600635,-0.1679161339998245,-0.4213939607143402,0.3848306238651275,-4.934309005737305,3.9696390628814697,-1.5310277938842771,1.7089838981628418,32171,32699,33995,32505,0.95,cem_tuned_boundary,opp_m2_12000,0,12000,0,0,5.73871124581079,0.3476,0.0623959863699503,0.0064084106124937,0.0098294727504253,0.010227994993329,0.7160800099372864,-0.0002342931256862,0.0002609447401482,-0.0036768701393157,0.0064084106124937,0.0032938180956989,32780.0,1.579937219619751
seeded_ic_v1,49980002,0.01026,0.00999,0.006174,10.081355,0.702747,0.30218121,adaptive_ramp_v1,18.0,0.08,11.66411018371582,adaptive_brake,0.1732633709907531,0.2019276469945907,0.497464507818222,0.0538313314318656,0.0439354963600635,-0.1679161339998245,-0.3416492342948913,0.4132130444049835,-4.899938583374023,4.085024356842041,-1.2258777618408203,1.7089838981628418,32171,32699,33995,32505,0.95,cem_tuned_boundary,opp_m2_12000,0,12000,0,0,5.73871124581079,0.3476,0.0623959863699503,0.0064084106124937,0.0098294727504253,0.010227994993329,0.7160800099372864,-0.0002342931256862,0.0002609447401482,-0.0036768701393157,0.0064084106124937,0.0032938180956989,32780.0,1.5801441669464111
seeded_ic_v1,49980002,0.01026,0.00999,0.006174,10.081355,0.702747,0.30218121,adaptive_ramp_v1,18.0,0.08,11.664177417755129,adaptive_brake,0.1732633709907531,0.2019276469945907,0.497464507818222,0.0538313314318656,0.0439354963600635,-0.1679161339998245,-0.3416492342948913,0.4132130444049835,-4.899938583374023,4.085024356842041,-1.2258777618408203,1.7089838981628418,31515,32777,33277,32505,0.95,cem_tuned_boundary,opp_m2_12000,0,12000,0,0,5.73871124581079,0.3476,0.0623959863699503,0.0064084106124937,0.0098294727504253,0.010227994993329,0.7160800099372864,-0.0002342931256862,0.0002609447401482,-0.0036768701393157,0.0064084106124937,0.0032938180956989,32780.0,1.5802114009857195
seeded_ic_v1,49980002,0.01026,0.00999,0.006174,10.081355,0.702747,0.30218121,adaptive_ramp_v1,18.0,0.08,11.683917999267578,adaptive_brake,0.1742327213287353,0.2028284817934036,0.4942311942577362,0.0520751252770423,0.0451812259852886,-0.1682000309228897,-0.3416492342948913,0.4132130444049835,-4.899938583374023,4.085024356842041,-1.2258777618408203,1.7089838981628418,31515,32777,33277,32505,0.95,cem_tuned_boundary,opp_m2_12000,0,12000,0,0,5.73871124581079,0.3476,0.0623959863699503,0.0064084106124937,0.0098294727504253,0.010227994993329,0.7160800099372864,-0.0002342931256862,0.0002609447401482,-0.0036768701393157,0.0064084106124937,0.0032938180956989,32780.0,1.599951982498169
seeded_ic_v1,49980002,0.01026,0.00999,0.006174,10.081355,0.702747,0.30218121,adaptive_ramp_v1,18.0,0.08,11.684077978134155,adaptive_brake,0.1742327213287353,0.2028284817934036,0.4942311942577362,0.0520751252770423,0.0451812259852886,-0.1682000309228897,-0.2601774036884308,0.4355579018592834,-4.865638732910156,4.08936071395874,-0.9200835824012756,1.7089838981628418,31515,32777,33277,32505,0.95,cem_tuned_boundary,opp_m2_12000,0,12000,0,0,5.73871124581079,0.3476,0.0623959863699503,0.0064084106124937,0.0098294727504253,0.010227994993329,0.7160800099372864,-0.0002342931256862,0.0002609447401482,-0.0036768701393157,0.0064084106124937,0.0032938180956989,32780.0,1.600111961364746
seeded_ic_v1,49980002,0.01026,0.00999,0.006174,10.081355,0.702747,0.30218121,adaptive_ramp_v1,18.0,0.08,11.684125185012816,adaptive_brake,0.1742327213287353,0.2028284817934036,0.4942311942577362,0.0520751252770423,0.0451812259852886,-0.1682000309228897,-0.2601774036884308,0.4355579018592834,-4.865638732910156,4.08936071395874,-0.9200835824012756,1.7089838981628418,31551,32821,33289,32505,0.95,cem_tuned_boundary,opp_m2_12000,0,12000,0,0,5.73871124581079,0.3476,0.0623959863699503,0.0064084106124937,0.0098294727504253,0.010227994993329,0.7160800099372864,-0.0002342931256862,0.0002609447401482,-0.0036768701393157,0.0064084106124937,0.0032938180956989,32780.0,1.6001591682434064
seeded_ic_v1,49980002,0.01026,0.00999,0.006174,10.081355,0.702747,0.30218121,adaptive_ramp_v1,18.0,0.08,11.704349040985107,adaptive_brake,0.1751464605331421,0.2037250399589538,0.4910585582256317,0.0501354224979877,0.0460436418652534,-0.1679144352674484,-0.2601774036884308,0.4355579018592834,-4.865638732910156,4.08936071395874,-0.9200835824012756,1.7089838981628418,31551,32821,33289,32505,0.95,cem_tuned_boundary,opp_m2_12000,0,12000,0,0,5.73871124581079,0.3476,0.0623959863699503,0.0064084106124937,0.0098294727504253,0.010227994993329,0.7160800099372864,-0.0002342931256862,0.0002609447401482,-0.0036768701393157,0.0064084106124937,0.0032938180956989,32780.0,1.6203830242156982
seeded_ic_v1,49980002,0.01026,0.00999,0.006174,10.081355,0.702747,0.30218121,adaptive_ramp_v1,18.0,0.08,11.704784631729126,adaptive_brake,0.1751464605331421,0.2037250399589538,0.4910585582256317,0.0501354224979877,0.0460436418652534,-0.1679144352674484,-0.1789661794900894,0.4516692459583282,-4.831395149230957,4.025637626647949,-0.6154142022132874,1.7089838981628418,31551,32821,33289,32505,0.95,cem_tuned_boundary,opp_m2_12000,0,12000,0,0,5.73871124581079,0.3476,0.0623959863699503,0.0064084106124937,0.0098294727504253,0.010227994993329,0.7160800099372864,-0.0002342931256862,0.0002609447401482,-0.0036768701393157,0.0064084106124937,0.0032938180956989,32780.0,1.6208186149597168
seeded_ic_v1,49980002,0.01026,0.00999,0.006174,10.081355,0.702747,0.30218121,adaptive_ramp_v1,18.0,0.08,11.704994440078735,adaptive_brake,0.1751464605331421,0.2037250399589538,0.4910585582256317,0.0501354224979877,0.0460436418652534,-0.1679144352674484,-0.1789661794900894,0.4516692459583282,-4.831395149230957,4.025637626647949,-0.6154142022132874,1.7089838981628418,31537,32783,33229,32505,0.95,cem_tuned_boundary,opp_m2_12000,0,12000,0,0,5.73871124581079,0.3476,0.0623959863699503,0.0064084106124937,0.0098294727504253,0.010227994993329,0.7160800099372864,-0.0002342931256862,0.0002609447401482,-0.0036768701393157,0.0064084106124937,0.0032938180956989,32780.0,1.6210284233093262
seeded_ic_v1,49980002,0.01026,0.00999,0.006174,10.081355,0.702747,0.30218121,adaptive_ramp_v1,18.0,0.08,11.724217414855955,adaptive_brake,0.1760298162698745,0.2046322524547577,0.4878472983837127,0.0481644384562969,0.0466174595057964,-0.1677378714084625,-0.1789661794900894,0.4516692459583282,-4.831395149230957,4.025637626647949,-0.6154142022132874,1.7089838981628418,31537,32783,33229,32505,0.95,cem_tuned_boundary,opp_m2_12000,0,12000,0,0,5.73871124581079,0.3476,0.0623959863699503,0.0064084106124937,0.0098294727504253,0.010227994993329,0.7160800099372864,-0.0002342931256862,0.0002609447401482,-0.0036768701393157,0.0064084106124937,0.0032938180956989,32780.0,1.640251398086546
seeded_ic_v1,49980002,0.01026,0.00999,0.006174,10.081355,0.702747,0.30218121,adaptive_ramp_v1,18.0,0.08,11.724385261535645,adaptive_brake,0.1760298162698745,0.2046322524547577,0.4878472983837127,0.0481644384562969,0.0466174595057964,-0.1677378714084625,-0.099856823682785,0.461444079875946,-4.7971906661987305,3.865321397781372,-0.324180006980896,1.7089838981628418,31537,32783,33229,32505,0.95,cem_tuned_boundary,opp_m2_12000,0,12000,0,0,5.73871124581079,0.3476,0.0623959863699503,0.0064084106124937,0.0098294727504253,0.010227994993329,0.7160800099372864,-0.0002342931256862,0.0002609447401482,-0.0036768701393157,0.0064084106124937,0.0032938180956989,32780.0,1.6404192447662354
seeded_ic_v1,49980002,0.01026,0.00999,0.006174,10.081355,0.702747,0.30218121,adaptive_ramp_v1,18.0,0.08,11.724419593811035,adaptive_brake,0.1760298162698745,0.2046322524547577,0.4878472983837127,0.0481644384562969,0.0466174595057964,-0.1677378714084625,-0.099856823682785,0.461444079875946,-4.7971906661987305,3.865321397781372,-0.324180006980896,1.7089838981628418,31615,32883,33299,32505,0.95,cem_tuned_boundary,opp_m2_12000,0,12000,0,0,5.73871124581079,0.3476,0.0623959863699503,0.0064084106124937,0.0098294727504253,0.010227994993329,0.7160800099372864,-0.0002342931256862,0.0002609447401482,-0.0036768701393157,0.0064084106124937,0.0032938180956989,32780.0,1.640453577041626
seeded_ic_v1,49980002,0.01026,0.00999,0.006174,10.081355,0.702747,0.30218121,adaptive_ramp_v1,18.0,0.08,11.743959188461304,adaptive_brake,0.176881343126297,0.2055444121360778,0.4846020042896271,0.04617865011096,0.0469088554382324,-0.1676476895809173,-0.099856823682785,0.461444079875946,-4.7971906661987305,3.865321397781372,-0.324180006980896,1.7089838981628418,31615,32883,33299,32505,0.95,cem_tuned_boundary,opp_m2_12000,0,12000,0,0,5.73871124581079,0.3476,0.0623959863699503,0.0064084106124937,0.0098294727504253,0.010227994993329,0.7160800099372864,-0.0002342931256862,0.0002609447401482,-0.0036768701393157,0.0064084106124937,0.0032938180956989,32780.0,1.6599931716918945
seeded_ic_v1,49980002,0.01026,0.00999,0.006174,10.081355,0.702747,0.30218121,adaptive_ramp_v1,18.0,0.08,11.744079113006592,adaptive_brake,0.176881343126297,0.2055444121360778,0.4846020042896271,0.04617865011096,0.0469088554382324,-0.1676476895809173,-0.024174865335226,0.4656938016414642,-4.763004302978516,3.658456325531006,0.0035037142224609,1.7089838981628418,31615,32883,33299,32505,0.95,cem_tuned_boundary,opp_m2_12000,0,12000,0,0,5.73871124581079,0.3476,0.0623959863699503,0.0064084106124937,0.0098294727504253,0.010227994993329,0.7160800099372864,-0.0002342931256862,0.0002609447401482,-0.0036768701393157,0.0064084106124937,0.0032938180956989,32780.0,1.6601130962371826
seeded_ic_v1,49980002,0.01026,0.00999,0.006174,10.081355,0.702747,0.30218121,adaptive_ramp_v1,18.0,0.08,11.744125843048096,adaptive_brake,0.176881343126297,0.2055444121360778,0.4846020042896271,0.04617865011096,0.0469088554382324,-0.1676476895809173,-0.024174865335226,0.4656938016414642,-4.763004302978516,3.658456325531006,0.0035037142224609,1.7089838981628418,32385,32903,33989,32505,0.95,cem_tuned_boundary,opp_m2_12000,0,12000,0,0,5.73871124581079,0.3476,0.0623959863699503,0.0064084106124937,0.0098294727504253,0.010227994993329,0.7160800099372864,-0.0002342931256862,0.0002609447401482,-0.0036768701393157,0.0064084106124937,0.0032938180956989,32780.0,1.6601598262786865
seeded_ic_v1,49980002,0.01026,0.00999,0.006174,10.081355,0.702747,0.30218121,adaptive_ramp_v1,18.0,0.08,11.76411485671997,adaptive_brake,0.1777001023292541,0.2064559608697891,0.4813273847103119,0.0441958159208297,0.0469288043677806,-0.167630985379219,-0.024174865335226,0.4656938016414642,-4.763004302978516,3.658456325531006,0.0035037142224609,1.7089838981628418,32385,32903,33989,32505,0.95,cem_tuned_boundary,opp_m2_12000,0,12000,0,0,5.73871124581079,0.3476,0.0623959863699503,0.0064084106124937,0.0098294727504253,0.010227994993329,0.7160800099372864,-0.0002342931256862,0.0002609447401482,-0.0036768701393157,0.0064084106124937,0.0032938180956989,32780.0,1.6801488399505615
seeded_ic_v1,49980002,0.01026,0.00999,0.006174,10.081355,0.702747,0.30218121,adaptive_ramp_v1,18.0,0.08,11.764286279678345,adaptive_brake,0.1777001023292541,0.2064559608697891,0.4813273847103119,0.0441958159208297,0.0469288043677806,-0.167630985379219,0.0472528748214244,0.4636082053184509,-4.728902339935303,3.4373512268066406,0.3339161872863769,1.6484657526016235,32385,32903,33989,32505,0.95,cem_tuned_boundary,opp_m2_12000,0,12000,0,0,5.73871124581079,0.3476,0.0623959863699503,0.0064084106124937,0.0098294727504253,0.010227994993329,0.7160800099372864,-0.0002342931256862,0.0002609447401482,-0.0036768701393157,0.0064084106124937,0.0032938180956989,32780.0,1.6803202629089355
seeded_ic_v1,49980002,0.01026,0.00999,0.006174,10.081355,0.702747,0.30218121,adaptive_ramp_v1,18.0,0.08,11.76433038711548,adaptive_brake,0.1777001023292541,0.2064559608697891,0.4813273847103119,0.0441958159208297,0.0469288043677806,-0.167630985379219,0.0472528748214244,0.4636082053184509,-4.728902339935303,3.4373512268066406,0.3339161872863769,1.6484657526016235,31663,32869,33209,32505,0.95,cem_tuned_boundary,opp_m2_12000,0,12000,0,0,5.73871124581079,0.3476,0.0623959863699503,0.0064084106124937,0.0098294727504253,0.010227994993329,0.7160800099372864,-0.0002342931256862,0.0002609447401482,-0.0036768701393157,0.0064084106124937,0.0032938180956989,32780.0,1.6803643703460711
seeded_ic_v1,49980002,0.01026,0.00999,0.006174,10.081355,0.702747,0.30218121,adaptive_ramp_v1,18.0,0.08,11.783927917480469,adaptive_brake,0.1784856766462326,0.2073617130517959,0.4780264794826507,0.0422363169491291,0.0466900765895843,-0.1677350848913192,0.0472528748214244,0.4636082053184509,-4.728902339935303,3.4373512268066406,0.3339161872863769,1.6484657526016235,31663,32869,33209,32505,0.95,cem_tuned_boundary,opp_m2_12000,0,12000,0,0,5.73871124581079,0.3476,0.0623959863699503,0.0064084106124937,0.0098294727504253,0.010227994993329,0.7160800099372864,-0.0002342931256862,0.0002609447401482,-0.0036768701393157,0.0064084106124937,0.0032938180956989,32780.0,1.6999619007110596
seeded_ic_v1,49980002,0.01026,0.00999,0.006174,10.081355,0.702747,0.30218121,adaptive_ramp_v1,18.0,0.08,11.784039497375488,adaptive_brake,0.1784856766462326,0.2073617130517959,0.4780264794826507,0.0422363169491291,0.0466900765895843,-0.1677350848913192,0.1145494580268859,0.4552561640739441,-4.695747375488281,3.234990119934082,0.6017253994941711,1.647775173187256,31663,32869,33209,32505,0.95,cem_tuned_boundary,opp_m2_12000,0,12000,0,0,5.73871124581079,0.3476,0.0623959863699503,0.0064084106124937,0.0098294727504253,0.010227994993329,0.7160800099372864,-0.0002342931256862,0.0002609447401482,-0.0036768701393157,0.0064084106124937,0.0032938180956989,32780.0,1.700073480606079
seeded_ic_v1,49980002,0.01026,0.00999,0.006174,10.081355,0.702747,0.30218121,adaptive_ramp_v1,18.0,0.08,11.784080028533936,adaptive_brake,0.1784856766462326,0.2073617130517959,0.4780264794826507,0.0422363169491291,0.0466900765895843,-0.1677350848913192,0.1145494580268859,0.4552561640739441,-4.695747375488281,3.234990119934082,0.6017253994941711,1.647775173187256,32407,32905,33897,32505,0.95,cem_tuned_boundary,opp_m2_12000,0,12000,0,0,5.73871124581079,0.3476,0.0623959863699503,0.0064084106124937,0.0098294727504253,0.010227994993329,0.7160800099372864,-0.0002342931256862,0.0002609447401482,-0.0036768701393157,0.0064084106124937,0.0032938180956989,32780.0,1.7001140117645264
seeded_ic_v1,49980002,0.01026,0.00999,0.006174,10.081355,0.702747,0.30218121,adaptive_ramp_v1,18.0,0.08,11.803923845291138,adaptive_brake,0.1792381405830383,0.2082566767930984,0.4747011065483093,0.0403191596269607,0.0462059006094932,-0.1679602712392807,0.1145494580268859,0.4552561640739441,-4.695747375488281,3.234990119934082,0.6017253994941711,1.647775173187256,32407,32905,33897,32505,0.95,cem_tuned_boundary,opp_m2_12000,0,12000,0,0,5.73871124581079,0.3476,0.0623959863699503,0.0064084106124937,0.0098294727504253,0.010227994993329,0.7160800099372864,-0.0002342931256862,0.0002609447401482,-0.0036768701393157,0.0064084106124937,0.0032938180956989,32780.0,1.7199578285217285
seeded_ic_v1,49980002,0.01026,0.00999,0.006174,10.081355,0.702747,0.30218121,adaptive_ramp_v1,18.0,0.08,11.804197072982788,adaptive_brake,0.1792381405830383,0.2082566767930984,0.4747011065483093,0.0403191596269607,0.0462059006094932,-0.1679602712392807,0.1774774938821792,0.4415678083896637,-4.662455558776856,2.999532461166382,0.8687188625335693,1.672804832458496,32407,32905,33897,32505,0.95,cem_tuned_boundary,opp_m2_12000,0,12000,0,0,5.73871124581079,0.3476,0.0623959863699503,0.0064084106124937,0.0098294727504253,0.010227994993329,0.7160800099372864,-0.0002342931256862,0.0002609447401482,-0.0036768701393157,0.0064084106124937,0.0032938180956989,32780.0,1.720231056213379
seeded_ic_v1,49980002,0.01026,0.00999,0.006174,10.081355,0.702747,0.30218121,adaptive_ramp_v1,18.0,0.08,11.804262161254885,adaptive_brake,0.1792381405830383,0.2082566767930984,0.4747011065483093,0.0403191596269607,0.0462059006094932,-0.1679602712392807,0.1774774938821792,0.4415678083896637,-4.662455558776856,2.999532461166382,0.8687188625335693,1.672804832458496,31745,32911,33181,32505,0.95,cem_tuned_boundary,opp_m2_12000,0,12000,0,0,5.73871124581079,0.3476,0.0623959863699503,0.0064084106124937,0.0098294727504253,0.010227994993329,0.7160800099372864,-0.0002342931256862,0.0002609447401482,-0.0036768701393157,0.0064084106124937,0.0032938180956989,32780.0,1.7202961444854754
seeded_ic_v1,49980002,0.01026,0.00999,0.006174,10.081355,0.702747,0.30218121,adaptive_ramp_v1,18.0,0.08,11.824499368667604,adaptive_brake,0.179979532957077,0.2091514468193054,0.4713263213634491,0.0385615825653076,0.0455618314445018,-0.1684137135744094,0.1774774938821792,0.4415678083896637,-4.662455558776856,2.999532461166382,0.8687188625335693,1.672804832458496,31745,32911,33181,32505,0.95,cem_tuned_boundary,opp_m2_12000,0,12000,0,0,5.73871124581079,0.3476,0.0623959863699503,0.0064084106124937,0.0098294727504253,0.010227994993329,0.7160800099372864,-0.0002342931256862,0.0002609447401482,-0.0036768701393157,0.0064084106124937,0.0032938180956989,32780.0,1.7405333518981951
seeded_ic_v1,49980002,0.01026,0.00999,0.006174,10.081355,0.702747,0.30218121,adaptive_ramp_v1,18.0,0.08,11.824737071990969,adaptive_brake,0.179979532957077,0.2091514468193054,0.4713263213634491,0.0385615825653076,0.0455618314445018,-0.1684137135744094,0.2357489019632339,0.4225627779960632,-4.628420829772949,2.7549679279327397,1.1278738975524902,1.7089513540267944,31745,32911,33181,32505,0.95,cem_tuned_boundary,opp_m2_12000,0,12000,0,0,5.73871124581079,0.3476,0.0623959863699503,0.0064084106124937,0.0098294727504253,0.010227994993329,0.7160800099372864,-0.0002342931256862,0.0002609447401482,-0.0036768701393157,0.0064084106124937,0.0032938180956989,32780.0,1.7407710552215594
seeded_ic_v1,49980002,0.01026,0.00999,0.006174,10.081355,0.702747,0.30218121,adaptive_ramp_v1,18.0,0.08,11.824811935424805,adaptive_brake,0.179979532957077,0.2091514468193054,0.4713263213634491,0.0385615825653076,0.0455618314445018,-0.1684137135744094,0.2357489019632339,0.4225627779960632,-4.628420829772949,2.7549679279327397,1.1278738975524902,1.7089513540267944,31789,32899,33149,32505,0.95,cem_tuned_boundary,opp_m2_12000,0,12000,0,0,5.73871124581079,0.3476,0.0623959863699503,0.0064084106124937,0.0098294727504253,0.010227994993329,0.7160800099372864,-0.0002342931256862,0.0002609447401482,-0.0036768701393157,0.0064084106124937,0.0032938180956989,32780.0,1.7408459186553955
seeded_ic_v1,49980002,0.01026,0.00999,0.006174,10.081355,0.702747,0.30218121,adaptive_ramp_v1,18.0,0.08,11.844007968902588,adaptive_brake,0.1806663870811462,0.2100122570991516,0.4679611921310425,0.0367741398513317,0.0446350872516632,-0.1687285304069519,0.2357489019632339,0.4225627779960632,-4.628420829772949,2.7549679279327397,1.1278738975524902,1.7089513540267944,31789,32899,33149,32505,0.95,cem_tuned_boundary,opp_m2_12000,0,12000,0,0,5.73871124581079,0.3476,0.0623959863699503,0.0064084106124937,0.0098294727504253,0.010227994993329,0.7160800099372864,-0.0002342931256862,0.0002609447401482,-0.0036768701393157,0.0064084106124937,0.0032938180956989,32780.0,1.7600419521331787
seeded_ic_v1,49980002,0.01026,0.00999,0.006174,10.081355,0.702747,0.30218121,adaptive_ramp_v1,18.0,0.08,11.84415316581726,adaptive_brake,0.1806663870811462,0.2100122570991516,0.4679611921310425,0.0367741398513317,0.0446350872516632,-0.1687285304069519,0.2887702286243438,0.3986088633537292,-4.594130516052246,2.459965467453003,1.35785174369812,1.7089838981628418,31789,32899,33149,32505,0.95,cem_tuned_boundary,opp_m2_12000,0,12000,0,0,5.73871124581079,0.3476,0.0623959863699503,0.0064084106124937,0.0098294727504253,0.010227994993329,0.7160800099372864,-0.0002342931256862,0.0002609447401482,-0.0036768701393157,0.0064084106124937,0.0032938180956989,32780.0,1.7601871490478516
seeded_ic_v1,49980002,0.01026,0.00999,0.006174,10.081355,0.702747,0.30218121,adaptive_ramp_v1,18.0,0.08,11.84423851966858,adaptive_brake,0.1806663870811462,0.2100122570991516,0.4679611921310425,0.0367741398513317,0.0446350872516632,-0.1687285304069519,0.2887702286243438,0.3986088633537292,-4.594130516052246,2.459965467453003,1.35785174369812,1.7089838981628418,32529,32895,33853,32505,0.95,cem_tuned_boundary,opp_m2_12000,0,12000,0,0,5.73871124581079,0.3476,0.0623959863699503,0.0064084106124937,0.0098294727504253,0.010227994993329,0.7160800099372864,-0.0002342931256862,0.0002609447401482,-0.0036768701393157,0.0064084106124937,0.0032938180956989,32780.0,1.7602725028991717
seeded_ic_v1,49980002,0.01026,0.00999,0.006174,10.081355,0.702747,0.30218121,adaptive_ramp_v1,18.0,0.08,11.863879680633543,adaptive_brake,0.1813042908906936,0.210833266377449,0.4645976126194,0.0349942445755004,0.0434357784688472,-0.1690256148576736,0.2887702286243438,0.3986088633537292,-4.594130516052246,2.459965467453003,1.35785174369812,1.7089838981628418,32529,32895,33853,32505,0.95,cem_tuned_boundary,opp_m2_12000,0,12000,0,0,5.73871124581079,0.3476,0.0623959863699503,0.0064084106124937,0.0098294727504253,0.010227994993329,0.7160800099372864,-0.0002342931256862,0.0002609447401482,-0.0036768701393157,0.0064084106124937,0.0032938180956989,32780.0,1.779913663864134
seeded_ic_v1,49980002,0.01026,0.00999,0.006174,10.081355,0.702747,0.30218121,adaptive_ramp_v1,18.0,0.08,11.864109754562378,adaptive_brake,0.1813042908906936,0.210833266377449,0.4645976126194,0.0349942445755004,0.0434357784688472,-0.1690256148576736,0.3357667922973633,0.3703141808509826,-4.559794425964356,2.154792547225952,1.5408260822296145,1.7089838981628418,32529,32895,33853,32505,0.95,cem_tuned_boundary,opp_m2_12000,0,12000,0,0,5.73871124581079,0.3476,0.0623959863699503,0.0064084106124937,0.0098294727504253,0.010227994993329,0.7160800099372864,-0.0002342931256862,0.0002609447401482,-0.0036768701393157,0.0064084106124937,0.0032938180956989,32780.0,1.7801437377929688
seeded_ic_v1,49980002,0.01026,0.00999,0.006174,10.081355,0.702747,0.30218121,adaptive_ramp_v1,18.0,0.08,11.864184141159058,adaptive_brake,0.1813042908906936,0.210833266377449,0.4645976126194,0.0349942445755004,0.0434357784688472,-0.1690256148576736,0.3357667922973633,0.3703141808509826,-4.559794425964356,2.154792547225952,1.5408260822296145,1.7089838981628418,31827,32871,33091,32505,0.95,cem_tuned_boundary,opp_m2_12000,0,12000,0,0,5.73871124581079,0.3476,0.0623959863699503,0.0064084106124937,0.0098294727504253,0.010227994993329,0.7160800099372864,-0.0002342931256862,0.0002609447401482,-0.0036768701393157,0.0064084106124937,0.0032938180956989,32780.0,1.7802181243896484
seeded_ic_v1,49980002,0.01026,0.00999,0.006174,10.081355,0.702747,0.30218121,adaptive_ramp_v1,18.0,0.08,11.8839910030365,adaptive_brake,0.1819514334201812,0.2116601914167404,0.4611733257770538,0.0334974750876426,0.0422149933874607,-0.1696724146604538,0.3357667922973633,0.3703141808509826,-4.559794425964356,2.154792547225952,1.5408260822296145,1.7089838981628418,31827,32871,33091,32505,0.95,cem_tuned_boundary,opp_m2_12000,0,12000,0,0,5.73871124581079,0.3476,0.0623959863699503,0.0064084106124937,0.0098294727504253,0.010227994993329,0.7160800099372864,-0.0002342931256862,0.0002609447401482,-0.0036768701393157,0.0064084106124937,0.0032938180956989,32780.0,1.8000249862670916
seeded_ic_v1,49980002,0.01026,0.00999,0.006174,10.081355,0.702747,0.30218121,adaptive_ramp_v1,18.0,0.08,11.8843195438385,adaptive_brake,0.1819514334201812,0.2116601914167404,0.4611733257770538,0.0334974750876426,0.0422149933874607,-0.1696724146604538,0.3766252994537353,0.3386299014091491,-4.525415420532227,1.826299071311951,1.6977941989898682,1.7089838981628418,31827,32871,33091,32505,0.95,cem_tuned_boundary,opp_m2_12000,0,12000,0,0,5.73871124581079,0.3476,0.0623959863699503,0.0064084106124937,0.0098294727504253,0.010227994993329,0.7160800099372864,-0.0002342931256862,0.0002609447401482,-0.0036768701393157,0.0064084106124937,0.0032938180956989,32780.0,1.80035352706909
seeded_ic_v1,49980002,0.01026,0.00999,0.006174,10.081355,0.702747,0.30218121,adaptive_ramp_v1,18.0,0.08,11.884417295455933,adaptive_brake,0.1819514334201812,0.2116601914167404,0.4611733257770538,0.0334974750876426,0.0422149933874607,-0.1696724146604538,0.3766252994537353,0.3386299014091491,-4.525415420532227,1.826299071311951,1.6977941989898682,1.7089838981628418,32567,32833,33765,32505,0.95,cem_tuned_boundary,opp_m2_12000,0,12000,0,0,5.73871124581079,0.3476,0.0623959863699503,0.0064084106124937,0.0098294727504253,0.010227994993329,0.7160800099372864,-0.0002342931256862,0.0002609447401482,-0.0036768701393157,0.0064084106124937,0.0032938180956989,32780.0,1.8004512786865234
seeded_ic_v1,49980002,0.01026,0.00999,0.006174,10.081355,0.702747,0.30218121,adaptive_ramp_v1,18.0,0.08,11.90424656867981,adaptive_brake,0.1825534254312515,0.2124409824609756,0.457751989364624,0.0320336781442165,0.0407648086547851,-0.1701978147029876,0.3766252994537353,0.3386299014091491,-4.525415420532227,1.826299071311951,1.6977941989898682,1.7089838981628418,32567,32833,33765,32505,0.95,cem_tuned_boundary,opp_m2_12000,0,12000,0,0,5.73871124581079,0.3476,0.0623959863699503,0.0064084106124937,0.0098294727504253,0.010227994993329,0.7160800099372864,-0.0002342931256862,0.0002609447401482,-0.0036768701393157,0.0064084106124937,0.0032938180956989,32780.0,1.8202805519104004
seeded_ic_v1,49980002,0.01026,0.00999,0.006174,10.081355,0.702747,0.30218121,adaptive_ramp_v1,18.0,0.08,11.904701471328735,adaptive_brake,0.1825534254312515,0.2124409824609756,0.457751989364624,0.0320336781442165,0.0407648086547851,-0.1701978147029876,0.4106995463371277,0.3043540120124817,-4.490998268127441,1.4798355102539062,1.809321880340576,1.7089838981628418,32567,32833,33765,32505,0.95,cem_tuned_boundary,opp_m2_12000,0,12000,0,0,5.73871124581079,0.3476,0.0623959863699503,0.0064084106124937,0.0098294727504253,0.010227994993329,0.7160800099372864,-0.0002342931256862,0.0002609447401482,-0.0036768701393157,0.0064084106124937,0.0032938180956989,32780.0,1.8207354545593262
seeded_ic_v1,49980002,0.01026,0.00999,0.006174,10.081355,0.702747,0.30218121,adaptive_ramp_v1,18.0,0.08,11.904834270477297,adaptive_brake,0.1825534254312515,0.2124409824609756,0.457751989364624,0.0320336781442165,0.0407648086547851,-0.1701978147029876,0.4106995463371277,0.3043540120124817,-4.490998268127441,1.4798355102539062,1.809321880340576,1.7089838981628418,31871,32839,33023,32505,0.95,cem_tuned_boundary,opp_m2_12000,0,12000,0,0,5.73871124581079,0.3476,0.0623959863699503,0.0064084106124937,0.0098294727504253,0.010227994993329,0.7160800099372864,-0.0002342931256862,0.0002609447401482,-0.0036768701393157,0.0064084106124937,0.0032938180956989,32780.0,1.8208682537078875
seeded_ic_v1,49980002,0.01026,0.00999,0.006174,10.081355,0.702747,0.30218121,adaptive_ramp_v1,18.0,0.08,11.924109935760498,adaptive_brake,0.1831314265727996,0.2131896167993545,0.4543147683143616,0.0306996870785951,0.039186768233776,-0.1707526743412017,0.4106995463371277,0.3043540120124817,-4.490998268127441,1.4798355102539062,1.809321880340576,1.7089838981628418,31871,32839,33023,32505,0.95,cem_tuned_boundary,opp_m2_12000,0,12000,0,0,5.73871124581079,0.3476,0.0623959863699503,0.0064084106124937,0.0098294727504253,0.010227994993329,0.7160800099372864,-0.0002342931256862,0.0002609447401482,-0.0036768701393157,0.0064084106124937,0.0032938180956989,32780.0,1.8401439189910889
seeded_ic_v1,49980002,0.01026,0.00999,0.006174,10.081355,0.702747,0.30218121,adaptive_ramp_v1,18.0,0.08,11.924419641494753,adaptive_brake,0.1831314265727996,0.2131896167993545,0.4543147683143616,0.0306996870785951,0.039186768233776,-0.1707526743412017,0.4379119277000427,0.2677768766880035,-4.456545829772949,1.148440957069397,1.8928881883621216,1.7089838981628418,31871,32839,33023,32505,0.95,cem_tuned_boundary,opp_m2_12000,0,12000,0,0,5.73871124581079,0.3476,0.0623959863699503,0.0064084106124937,0.0098294727504253,0.010227994993329,0.7160800099372864,-0.0002342931256862,0.0002609447401482,-0.0036768701393157,0.0064084106124937,0.0032938180956989,32780.0,1.8404536247253436
seeded_ic_v1,49980002,0.01026,0.00999,0.006174,10.081355,0.702747,0.30218121,adaptive_ramp_v1,18.0,0.08,11.92449712753296,adaptive_brake,0.1831314265727996,0.2131896167993545,0.4543147683143616,0.0306996870785951,0.039186768233776,-0.1707526743412017,0.4379119277000427,0.2677768766880035,-4.456545829772949,1.148440957069397,1.8928881883621216,1.7089838981628418,32621,32853,33747,32505,0.95,cem_tuned_boundary,opp_m2_12000,0,12000,0,0,5.73871124581079,0.3476,0.0623959863699503,0.0064084106124937,0.0098294727504253,0.010227994993329,0.7160800099372864,-0.0002342931256862,0.0002609447401482,-0.0036768701393157,0.0064084106124937,0.0032938180956989,32780.0,1.8405311107635516
seeded_ic_v1,49980002,0.01026,0.00999,0.006174,10.081355,0.702747,0.30218121,adaptive_ramp_v1,18.0,0.08,11.943886995315552,adaptive_brake,0.1836879998445511,0.2139042615890503,0.4508623778820038,0.0295043550431728,0.0375056415796279,-0.1713725626468658,0.4379119277000427,0.2677768766880035,-4.456545829772949,1.148440957069397,1.8928881883621216,1.7089838981628418,32621,32853,33747,32505,0.95,cem_tuned_boundary,opp_m2_12000,0,12000,0,0,5.73871124581079,0.3476,0.0623959863699503,0.0064084106124937,0.0098294727504253,0.010227994993329,0.7160800099372864,-0.0002342931256862,0.0002609447401482,-0.0036768701393157,0.0064084106124937,0.0032938180956989,32780.0,1.8599209785461426
seeded_ic_v1,49980002,0.01026,0.00999,0.006174,10.081355,0.702747,0.30218121,adaptive_ramp_v1,18.0,0.08,11.944112300872805,adaptive_brake,0.1836879998445511,0.2139042615890503,0.4508623778820038,0.0295043550431728,0.0375056415796279,-0.1713725626468658,0.4587406814098358,0.2293867766857147,-4.422064304351807,0.8432624340057373,1.991944432258606,1.7089838981628418,32621,32853,33747,32505,0.95,cem_tuned_boundary,opp_m2_12000,0,12000,0,0,5.73871124581079,0.3476,0.0623959863699503,0.0064084106124937,0.0098294727504253,0.010227994993329,0.7160800099372864,-0.0002342931256862,0.0002609447401482,-0.0036768701393157,0.0064084106124937,0.0032938180956989,32780.0,1.8601462841033953
seeded_ic_v1,49980002,0.01026,0.00999,0.006174,10.081355,0.702747,0.30218121,adaptive_ramp_v1,18.0,0.08,11.944195032119753,adaptive_brake,0.1836879998445511,0.2139042615890503,0.4508623778820038,0.0295043550431728,0.0375056415796279,-0.1713725626468658,0.4587406814098358,0.2293867766857147,-4.422064304351807,0.8432624340057373,1.991944432258606,1.7089838981628418,31911,32781,32949,32505,0.95,cem_tuned_boundary,opp_m2_12000,0,12000,0,0,5.73871124581079,0.3476,0.0623959863699503,0.0064084106124937,0.0098294727504253,0.010227994993329,0.7160800099372864,-0.0002342931256862,0.0002609447401482,-0.0036768701393157,0.0064084106124937,0.0032938180956989,32780.0,1.8602290153503436
seeded_ic_v1,49980002,0.01026,0.00999,0.006174,10.081355,0.702747,0.30218121,adaptive_ramp_v1,18.0,0.08,11.963901996612549,adaptive_brake,0.1842258274555206,0.2145835012197494,0.4473943710327148,0.0284549240022897,0.0357451327145099,-0.1721228510141372,0.4587406814098358,0.2293867766857147,-4.422064304351807,0.8432624340057373,1.991944432258606,1.7089838981628418,31911,32781,32949,32505,0.95,cem_tuned_boundary,opp_m2_12000,0,12000,0,0,5.73871124581079,0.3476,0.0623959863699503,0.0064084106124937,0.0098294727504253,0.010227994993329,0.7160800099372864,-0.0002342931256862,0.0002609447401482,-0.0036768701393157,0.0064084106124937,0.0032938180956989,32780.0,1.8799359798431396
seeded_ic_v1,49980002,0.01026,0.00999,0.006174,10.081355,0.702747,0.30218121,adaptive_ramp_v1,18.0,0.08,11.9640474319458,adaptive_brake,0.1842258274555206,0.2145835012197494,0.4473943710327148,0.0284549240022897,0.0357451327145099,-0.1721228510141372,0.4735592007637024,0.1895519644021988,-4.387558937072754,0.5549092888832092,2.014160394668579,1.7089838981628418,31911,32781,32949,32505,0.95,cem_tuned_boundary,opp_m2_12000,0,12000,0,0,5.73871124581079,0.3476,0.0623959863699503,0.0064084106124937,0.0098294727504253,0.010227994993329,0.7160800099372864,-0.0002342931256862,0.0002609447401482,-0.0036768701393157,0.0064084106124937,0.0032938180956989,32780.0,1.8800814151763916
seeded_ic_v1,49980002,0.01026,0.00999,0.006174,10.081355,0.702747,0.30218121,adaptive_ramp_v1,18.0,0.08,11.964111328125,adaptive_brake,0.1842258274555206,0.2145835012197494,0.4473943710327148,0.0284549240022897,0.0357451327145099,-0.1721228510141372,0.4735592007637024,0.1895519644021988,-4.387558937072754,0.5549092888832092,2.014160394668579,1.7089838981628418,31915,32765,32933,32505,0.95,cem_tuned_boundary,opp_m2_12000,0,12000,0,0,5.73871124581079,0.3476,0.0623959863699503,0.0064084106124937,0.0098294727504253,0.010227994993329,0.7160800099372864,-0.0002342931256862,0.0002609447401482,-0.0036768701393157,0.0064084106124937,0.0032938180956989,32780.0,1.8801453113555908
seeded_ic_v1,49980002,0.01026,0.00999,0.006174,10.081355,0.702747,0.30218121,adaptive_ramp_v1,18.0,0.08,11.983915328979492,adaptive_brake,0.1847476661205291,0.2152264267206192,0.4439078867435455,0.0275560859590768,0.0339276790618896,-0.1730267703533172,0.4735592007637024,0.1895519644021988,-4.387558937072754,0.5549092888832092,2.014160394668579,1.7089838981628418,31915,32765,32933,32505,0.95,cem_tuned_boundary,opp_m2_12000,0,12000,0,0,5.73871124581079,0.3476,0.0623959863699503,0.0064084106124937,0.0098294727504253,0.010227994993329,0.7160800099372864,-0.0002342931256862,0.0002609447401482,-0.0036768701393157,0.0064084106124937,0.0032938180956989,32780.0,1.899949312210083
seeded_ic_v1,49980002,0.01026,0.00999,0.006174,10.081355,0.702747,0.30218121,adaptive_ramp_v1,18.0,0.08,11.984055757522585,adaptive_brake,0.1847476661205291,0.2152264267206192,0.4439078867435455,0.0275560859590768,0.0339276790618896,-0.1730267703533172,0.4825401604175567,0.1495556831359863,-4.353044033050537,0.2400033175945282,2.014159917831421,1.7089838981628418,31915,32765,32933,32505,0.95,cem_tuned_boundary,opp_m2_12000,0,12000,0,0,5.73871124581079,0.3476,0.0623959863699503,0.0064084106124937,0.0098294727504253,0.010227994993329,0.7160800099372864,-0.0002342931256862,0.0002609447401482,-0.0036768701393157,0.0064084106124937,0.0032938180956989,32780.0,1.9000897407531756
seeded_ic_v1,49980002,0.01026,0.00999,0.006174,10.081355,0.702747,0.30218121,adaptive_ramp_v1,18.0,0.08,11.984121561050417,adaptive_brake,0.1847476661205291,0.2152264267206192,0.4439078867435455,0.0275560859590768,0.0339276790618896,-0.1730267703533172,0.4825401604175567,0.1495556831359863,-4.353044033050537,0.2400033175945282,2.014159917831421,1.7089838981628418,31913,32715,32897,32505,0.95,cem_tuned_boundary,opp_m2_12000,0,12000,0,0,5.73871124581079,0.3476,0.0623959863699503,0.0064084106124937,0.0098294727504253,0.010227994993329,0.7160800099372864,-0.0002342931256862,0.0002609447401482,-0.0036768701393157,0.0064084106124937,0.0032938180956989,32780.0,1.9001555442810076
seeded_ic_v1,49980002,0.01026,0.00999,0.006174,10.081355,0.702747,0.30218121,adaptive_ramp_v1,18.0,0.08,12.003820419311523,adaptive_brake,0.1852564513683319,0.2158325910568237,0.4404027760028839,0.0268087219446897,0.0320752076804637,-0.1739945858716964,0.4825401604175567,0.1495556831359863,-4.353044033050537,0.2400033175945282,2.014159917831421,1.7089838981628418,31913,32715,32897,32505,0.95,cem_tuned_boundary,opp_m2_12000,0,12000,0,0,5.73871124581079,0.3476,0.0623959863699503,0.0064084106124937,0.0098294727504253,0.010227994993329,0.7160800099372864,-0.0002342931256862,0.0002609447401482,-0.0036768701393157,0.0064084106124937,0.0032938180956989,32780.0,1.9198544025421143
seeded_ic_v1,49980002,0.01026,0.00999,0.006174,10.081355,0.702747,0.30218121,adaptive_ramp_v1,18.0,0.08,12.004221439361572,adaptive_brake,0.1852564513683319,0.2158325910568237,0.4404027760028839,0.0268087219446897,0.0320752076804637,-0.1739945858716964,0.4854302406311035,0.109562911093235,-4.318524360656738,-0.0029417863115668,2.014159917831421,1.7089838981628418,31913,32715,32897,32505,0.95,cem_tuned_boundary,opp_m2_12000,0,12000,0,0,5.73871124581079,0.3476,0.0623959863699503,0.0064084106124937,0.0098294727504253,0.010227994993329,0.7160800099372864,-0.0002342931256862,0.0002609447401482,-0.0036768701393157,0.0064084106124937,0.0032938180956989,32780.0,1.920255422592163
seeded_ic_v1,49980002,0.01026,0.00999,0.006174,10.081355,0.702747,0.30218121,adaptive_ramp_v1,18.0,0.08,12.00430703163147,adaptive_brake,0.1852564513683319,0.2158325910568237,0.4404027760028839,0.0268087219446897,0.0320752076804637,-0.1739945858716964,0.4854302406311035,0.109562911093235,-4.318524360656738,-0.0029417863115668,2.014159917831421,1.7089838981628418,31919,32661,32841,32505,0.95,cem_tuned_boundary,opp_m2_12000,0,12000,0,0,5.73871124581079,0.3476,0.0623959863699503,0.0064084106124937,0.0098294727504253,0.010227994993329,0.7160800099372864,-0.0002342931256862,0.0002609447401482,-0.0036768701393157,0.0064084106124937,0.0032938180956989,32780.0,1.9203410148620605
seeded_ic_v1,49980002,0.01026,0.00999,0.006174,10.081355,0.702747,0.30218121,adaptive_ramp_v1,18.0,0.08,12.02413558959961,adaptive_brake,0.1857550740242004,0.2164018750190735,0.4368759393692016,0.0262131765484809,0.0302100349217653,-0.1751544326543808,0.4854302406311035,0.109562911093235,-4.318524360656738,-0.0029417863115668,2.014159917831421,1.7089838981628418,31919,32661,32841,32505,0.95,cem_tuned_boundary,opp_m2_12000,0,12000,0,0,5.73871124581079,0.3476,0.0623959863699503,0.0064084106124937,0.0098294727504253,0.010227994993329,0.7160800099372864,-0.0002342931256862,0.0002609447401482,-0.0036768701393157,0.0064084106124937,0.0032938180956989,32780.0,1.9401695728302002
seeded_ic_v1,49980002,0.01026,0.00999,0.006174,10.081355,0.702747,0.30218121,adaptive_ramp_v1,18.0,0.08,12.024309873580933,adaptive_brake,0.1857550740242004,0.2164018750190735,0.4368759393692016,0.0262131765484809,0.0302100349217653,-0.1751544326543808,0.4846208393573761,0.0705046728253364,-4.284012794494629,-0.1770079880952835,1.8895241022109983,1.7089838981628418,31919,32661,32841,32505,0.95,cem_tuned_boundary,opp_m2_12000,0,12000,0,0,5.73871124581079,0.3476,0.0623959863699503,0.0064084106124937,0.0098294727504253,0.010227994993329,0.7160800099372864,-0.0002342931256862,0.0002609447401482,-0.0036768701393157,0.0064084106124937,0.0032938180956989,32780.0,1.9403438568115234
seeded_ic_v1,49980002,0.01026,0.00999,0.006174,10.081355,0.702747,0.30218121,adaptive_ramp_v1,18.0,0.08,12.024380922317505,adaptive_brake,0.1857550740242004,0.2164018750190735,0.4368759393692016,0.0262131765484809,0.0302100349217653,-0.1751544326543808,0.4846208393573761,0.0705046728253364,-4.284012794494629,-0.1770079880952835,1.8895241022109983,1.7089838981628418,31913,32633,32831,32505,0.95,cem_tuned_boundary,opp_m2_12000,0,12000,0,0,5.73871124581079,0.3476,0.0623959863699503,0.0064084106124937,0.0098294727504253,0.010227994993329,0.7160800099372864,-0.0002342931256862,0.0002609447401482,-0.0036768701393157,0.0064084106124937,0.0032938180956989,32780.0,1.9404149055480957
seeded_ic_v1,49980002,0.01026,0.00999,0.006174,10.081355,0.702747,0.30218121,adaptive_ramp_v1,18.0,0.08,12.043863296508787,adaptive_brake,0.1862463951110839,0.2169347554445266,0.433326780796051,0.0257639586925506,0.028346162289381,-0.1763314753770828,0.4846208393573761,0.0705046728253364,-4.284012794494629,-0.1770079880952835,1.8895241022109983,1.7089838981628418,31913,32633,32831,32505,0.95,cem_tuned_boundary,opp_m2_12000,0,12000,0,0,5.73871124581079,0.3476,0.0623959863699503,0.0064084106124937,0.0098294727504253,0.010227994993329,0.7160800099372864,-0.0002342931256862,0.0002609447401482,-0.0036768701393157,0.0064084106124937,0.0032938180956989,32780.0,1.959897279739378
seeded_ic_v1,49980002,0.01026,0.00999,0.006174,10.081355,0.702747,0.30218121,adaptive_ramp_v1,18.0,0.08,12.04413890838623,adaptive_brake,0.1862463951110839,0.2169347554445266,0.433326780796051,0.0257639586925506,0.028346162289381,-0.1763314753770828,0.479453980922699,0.0337137319147586,-4.249360084533691,-0.4210989773273468,1.792233109474182,1.7208857536315918,31913,32633,32831,32505,0.95,cem_tuned_boundary,opp_m2_12000,0,12000,0,0,5.73871124581079,0.3476,0.0623959863699503,0.0064084106124937,0.0098294727504253,0.010227994993329,0.7160800099372864,-0.0002342931256862,0.0002609447401482,-0.0036768701393157,0.0064084106124937,0.0032938180956989,32780.0,1.9601728916168213
seeded_ic_v1,49980002,0.01026,0.00999,0.006174,10.081355,0.702747,0.30218121,adaptive_ramp_v1,18.0,0.08,12.044252634048462,adaptive_brake,0.1862463951110839,0.2169347554445266,0.433326780796051,0.0257639586925506,0.028346162289381,-0.1763314753770828,0.479453980922699,0.0337137319147586,-4.249360084533691,-0.4210989773273468,1.792233109474182,1.7208857536315918,31911,32625,32837,32505,0.95,cem_tuned_boundary,opp_m2_12000,0,12000,0,0,5.73871124581079,0.3476,0.0623959863699503,0.0064084106124937,0.0098294727504253,0.010227994993329,0.7160800099372864,-0.0002342931256862,0.0002609447401482,-0.0036768701393157,0.0064084106124937,0.0032938180956989,32780.0,1.9602866172790527
seeded_ic_v1,49980002,0.01026,0.00999,0.006174,10.081355,0.702747,0.30218121,adaptive_ramp_v1,18.0,0.08,12.063899755477903,adaptive_brake,0.1867331117391586,0.2174318581819534,0.4297534227371216,0.0254547502845525,0.0265028867870569,-0.1776700764894485,0.479453980922699,0.0337137319147586,-4.249360084533691,-0.4210989773273468,1.792233109474182,1.7208857536315918,31911,32625,32837,32505,0.95,cem_tuned_boundary,opp_m2_12000,0,12000,0,0,5.73871124581079,0.3476,0.0623959863699503,0.0064084106124937,0.0098294727504253,0.010227994993329,0.7160800099372864,-0.0002342931256862,0.0002609447401482,-0.0036768701393157,0.0064084106124937,0.0032938180956989,32780.0,1.9799337387084943
seeded_ic_v1,49980002,0.01026,0.00999,0.006174,10.081355,0.702747,0.30218121,adaptive_ramp_v1,18.0,0.08,12.06407070159912,adaptive_brake,0.1867331117391586,0.2174318581819534,0.4297534227371216,0.0254547502845525,0.0265028867870569,-0.1776700764894485,0.4695587754249573,-0.0014949877513572,-4.213979721069336,-0.6625412106513977,1.7060766220092771,1.7699620723724363,31911,32625,32837,32505,0.95,cem_tuned_boundary,opp_m2_12000,0,12000,0,0,5.73871124581079,0.3476,0.0623959863699503,0.0064084106124937,0.0098294727504253,0.010227994993329,0.7160800099372864,-0.0002342931256862,0.0002609447401482,-0.0036768701393157,0.0064084106124937,0.0032938180956989,32780.0,1.9801046848297101
seeded_ic_v1,49980002,0.01026,0.00999,0.006174,10.081355,0.702747,0.30218121,adaptive_ramp_v1,18.0,0.08,12.064137697219849,adaptive_brake,0.1867331117391586,0.2174318581819534,0.4297534227371216,0.0254547502845525,0.0265028867870569,-0.1776700764894485,0.4695587754249573,-0.0014949877513572,-4.213979721069336,-0.6625412106513977,1.7060766220092771,1.7699620723724363,31923,32551,32791,32505,0.95,cem_tuned_boundary,opp_m2_12000,0,12000,0,0,5.73871124581079,0.3476,0.0623959863699503,0.0064084106124937,0.0098294727504253,0.010227994993329,0.7160800099372864,-0.0002342931256862,0.0002609447401482,-0.0036768701393157,0.0064084106124937,0.0032938180956989,32780.0,1.9801716804504395
seeded_ic_v1,49980002,0.01026,0.00999,0.006174,10.081355,0.702747,0.30218121,adaptive_ramp_v1,18.0,0.08,12.084041118621826,adaptive_brake,0.1872178018093109,0.2178941667079925,0.4261536598205566,0.0252802465111017,0.0246981978416442,-0.1790606081485748,0.4695587754249573,-0.0014949877513572,-4.213979721069336,-0.6625412106513977,1.7060766220092771,1.7699620723724363,31923,32551,32791,32505,0.95,cem_tuned_boundary,opp_m2_12000,0,12000,0,0,5.73871124581079,0.3476,0.0623959863699503,0.0064084106124937,0.0098294727504253,0.010227994993329,0.7160800099372864,-0.0002342931256862,0.0002609447401482,-0.0036768701393157,0.0064084106124937,0.0032938180956989,32780.0,2.000075101852417
seeded_ic_v1,49980002,0.01026,0.00999,0.006174,10.081355,0.702747,0.30218121,adaptive_ramp_v1,18.0,0.08,12.084243774414062,adaptive_brake,0.1872178018093109,0.2178941667079925,0.4261536598205566,0.0252802465111017,0.0246981978416442,-0.1790606081485748,0.4547396302223205,-0.0348013415932655,-4.178309440612793,-0.9066851139068604,1.5911850929260254,1.7700190544128418,31923,32551,32791,32505,0.95,cem_tuned_boundary,opp_m2_12000,0,12000,0,0,5.73871124581079,0.3476,0.0623959863699503,0.0064084106124937,0.0098294727504253,0.010227994993329,0.7160800099372864,-0.0002342931256862,0.0002609447401482,-0.0036768701393157,0.0064084106124937,0.0032938180956989,32780.0,2.0002777576446533
seeded_ic_v1,49980002,0.01026,0.00999,0.006174,10.081355,0.702747,0.30218121,adaptive_ramp_v1,18.0,0.08,12.08431363105774,adaptive_brake,0.1872178018093109,0.2178941667079925,0.4261536598205566,0.0252802465111017,0.0246981978416442,-0.1790606081485748,0.4547396302223205,-0.0348013415932655,-4.178309440612793,-0.9066851139068604,1.5911850929260254,1.7700190544128418,31927,32523,32779,32505,0.95,cem_tuned_boundary,opp_m2_12000,0,12000,0,0,5.73871124581079,0.3476,0.0623959863699503,0.0064084106124937,0.0098294727504253,0.010227994993329,0.7160800099372864,-0.0002342931256862,0.0002609447401482,-0.0036768701393157,0.0064084106124937,0.0032938180956989,32780.0,2.00034761428833
seeded_ic_v1,49980002,0.01026,0.00999,0.006174,10.081355,0.702747,0.30218121,adaptive_ramp_v1,18.0,0.08,12.103991985321043,adaptive_brake,0.1876909136772155,0.2183114439249038,0.4226263165473938,0.0251777470111846,0.0228958707302808,-0.1799993216991424,0.4547396302223205,-0.0348013415932655,-4.178309440612793,-0.9066851139068604,1.5911850929260254,1.7700190544128418,31927,32523,32779,32505,0.95,cem_tuned_boundary,opp_m2_12000,0,12000,0,0,5.73871124581079,0.3476,0.0623959863699503,0.0064084106124937,0.0098294727504253,0.010227994993329,0.7160800099372864,-0.0002342931256862,0.0002609447401482,-0.0036768701393157,0.0064084106124937,0.0032938180956989,32780.0,2.020025968551634
seeded_ic_v1,49980002,0.01026,0.00999,0.006174,10.081355,0.702747,0.30218121,adaptive_ramp_v1,18.0,0.08,12.104275465011597,adaptive_brake,0.1876909136772155,0.2183114439249038,0.4226263165473938,0.0251777470111846,0.0228958707302808,-0.1799993216991424,0.4352298974990845,-0.0657452121376991,-4.1426682472229,-1.101214051246643,1.4691115617752075,1.7700190544128418,31927,32523,32779,32505,0.95,cem_tuned_boundary,opp_m2_12000,0,12000,0,0,5.73871124581079,0.3476,0.0623959863699503,0.0064084106124937,0.0098294727504253,0.010227994993329,0.7160800099372864,-0.0002342931256862,0.0002609447401482,-0.0036768701393157,0.0064084106124937,0.0032938180956989,32780.0,2.0203094482421875
seeded_ic_v1,49980002,0.01026,0.00999,0.006174,10.081355,0.702747,0.30218121,adaptive_ramp_v1,18.0,0.08,12.104373216629028,adaptive_brake,0.1876909136772155,0.2183114439249038,0.4226263165473938,0.0251777470111846,0.0228958707302808,-0.1799993216991424,0.4352298974990845,-0.0657452121376991,-4.1426682472229,-1.101214051246643,1.4691115617752075,1.7700190544128418,31921,32495,32765,32505,0.95,cem_tuned_boundary,opp_m2_12000,0,12000,0,0,5.73871124581079,0.3476,0.0623959863699503,0.0064084106124937,0.0098294727504253,0.010227994993329,0.7160800099372864,-0.0002342931256862,0.0002609447401482,-0.0036768701393157,0.0064084106124937,0.0032938180956989,32780.0,2.020407199859619
seeded_ic_v1,49980002,0.01026,0.00999,0.006174,10.081355,0.702747,0.30218121,adaptive_ramp_v1,18.0,0.08,12.124248504638672,adaptive_brake,0.1881674379110336,0.2186987400054931,0.4190647304058075,0.0252007767558097,0.0211792010813951,-0.1810887604951858,0.4352298974990845,-0.0657452121376991,-4.1426682472229,-1.101214051246643,1.4691115617752075,1.7700190544128418,31921,32495,32765,32505,0.95,cem_tuned_boundary,opp_m2_12000,0,12000,0,0,5.73871124581079,0.3476,0.0623959863699503,0.0064084106124937,0.0098294727504253,0.010227994993329,0.7160800099372864,-0.0002342931256862,0.0002609447401482,-0.0036768701393157,0.0064084106124937,0.0032938180956989,32780.0,2.0402824878692627
seeded_ic_v1,49980002,0.01026,0.00999,0.006174,10.081355,0.702747,0.30218121,adaptive_ramp_v1,18.0,0.08,12.124459266662598,adaptive_brake,0.1881674379110336,0.2186987400054931,0.4190647304058075,0.0252007767558097,0.0211792010813951,-0.1810887604951858,0.4121206998825073,-0.0940853133797645,-4.107097625732422,-1.2709308862686155,1.339985728263855,1.7088052034378052,31921,32495,32765,32505,0.95,cem_tuned_boundary,opp_m2_12000,0,12000,0,0,5.73871124581079,0.3476,0.0623959863699503,0.0064084106124937,0.0098294727504253,0.010227994993329,0.7160800099372864,-0.0002342931256862,0.0002609447401482,-0.0036768701393157,0.0064084106124937,0.0032938180956989,32780.0,2.0404932498931885
seeded_ic_v1,49980002,0.01026,0.00999,0.006174,10.081355,0.702747,0.30218121,adaptive_ramp_v1,18.0,0.08,12.124495267868042,adaptive_brake,0.1881674379110336,0.2186987400054931,0.4190647304058075,0.0252007767558097,0.0211792010813951,-0.1810887604951858,0.4121206998825073,-0.0940853133797645,-4.107097625732422,-1.2709308862686155,1.339985728263855,1.7088052034378052,31887,32413,32709,32505,0.95,cem_tuned_boundary,opp_m2_12000,0,12000,0,0,5.73871124581079,0.3476,0.0623959863699503,0.0064084106124937,0.0098294727504253,0.010227994993329,0.7160800099372864,-0.0002342931256862,0.0002609447401482,-0.0036768701393157,0.0064084106124937,0.0032938180956989,32780.0,2.040529251098633
seeded_ic_v1,49980002,0.01026,0.00999,0.006174,10.081355,0.702747,0.30218121,adaptive_ramp_v1,18.0,0.08,12.143957376480104,adaptive_brake,0.1886382550001144,0.2190481573343277,0.4155606031417846,0.0252903960645198,0.0195159390568733,-0.1817823648452758,0.4121206998825073,-0.0940853133797645,-4.107097625732422,-1.2709308862686155,1.339985728263855,1.7088052034378052,31887,32413,32709,32505,0.95,cem_tuned_boundary,opp_m2_12000,0,12000,0,0,5.73871124581079,0.3476,0.0623959863699503,0.0064084106124937,0.0098294727504253,0.010227994993329,0.7160800099372864,-0.0002342931256862,0.0002609447401482,-0.0036768701393157,0.0064084106124937,0.0032938180956989,32780.0,2.059991359710695
seeded_ic_v1,49980002,0.01026,0.00999,0.006174,10.081355,0.702747,0.30218121,adaptive_ramp_v1,18.0,0.08,12.144131898880005,adaptive_brake,0.1886382550001144,0.2190481573343277,0.4155606031417846,0.0252903960645198,0.0195159390568733,-0.1817823648452758,0.3860950171947479,-0.1195385381579399,-4.072713851928711,-1.3995392322540283,1.1704765558242798,1.7089776992797852,31887,32413,32709,32505,0.95,cem_tuned_boundary,opp_m2_12000,0,12000,0,0,5.73871124581079,0.3476,0.0623959863699503,0.0064084106124937,0.0098294727504253,0.010227994993329,0.7160800099372864,-0.0002342931256862,0.0002609447401482,-0.0036768701393157,0.0064084106124937,0.0032938180956989,32780.0,2.0601658821105957
seeded_ic_v1,49980002,0.01026,0.00999,0.006174,10.081355,0.702747,0.30218121,adaptive_ramp_v1,18.0,0.08,12.144180059432983,adaptive_brake,0.1886382550001144,0.2190481573343277,0.4155606031417846,0.0252903960645198,0.0195159390568733,-0.1817823648452758,0.3860950171947479,-0.1195385381579399,-4.072713851928711,-1.3995392322540283,1.1704765558242798,1.7089776992797852,31899,32425,32717,32505,0.95,cem_tuned_boundary,opp_m2_12000,0,12000,0,0,5.73871124581079,0.3476,0.0623959863699503,0.0064084106124937,0.0098294727504253,0.010227994993329,0.7160800099372864,-0.0002342931256862,0.0002609447401482,-0.0036768701393157,0.0064084106124937,0.0032938180956989,32780.0,2.060214042663574
seeded_ic_v1,49980002,0.01026,0.00999,0.006174,10.081355,0.702747,0.30218121,adaptive_ramp_v1,18.0,0.08,12.163843631744385,adaptive_brake,0.1891179233789444,0.219373419880867,0.4120021462440491,0.0254986174404621,0.0179768856614828,-0.1828898787498474,0.3860950171947479,-0.1195385381579399,-4.072713851928711,-1.3995392322540283,1.1704765558242798,1.7089776992797852,31899,32425,32717,32505,0.95,cem_tuned_boundary,opp_m2_12000,0,12000,0,0,5.73871124581079,0.3476,0.0623959863699503,0.0064084106124937,0.0098294727504253,0.010227994993329,0.7160800099372864,-0.0002342931256862,0.0002609447401482,-0.0036768701393157,0.0064084106124937,0.0032938180956989,32780.0,2.0798776149749756
seeded_ic_v1,49980002,0.01026,0.00999,0.006174,10.081355,0.702747,0.30218121,adaptive_ramp_v1,18.0,0.08,12.164059400558472,adaptive_brake,0.1891179233789444,0.219373419880867,0.4120021462440491,0.0254986174404621,0.0179768856614828,-0.1828898787498474,0.3577039539813995,-0.1420874595642089,-4.038386821746826,-1.4906588792800903,1.0324046611785889,1.7089842557907104,31899,32425,32717,32505,0.95,cem_tuned_boundary,opp_m2_12000,0,12000,0,0,5.73871124581079,0.3476,0.0623959863699503,0.0064084106124937,0.0098294727504253,0.010227994993329,0.7160800099372864,-0.0002342931256862,0.0002609447401482,-0.0036768701393157,0.0064084106124937,0.0032938180956989,32780.0,2.0800933837890625
seeded_ic_v1,49980002,0.01026,0.00999,0.006174,10.081355,0.702747,0.30218121,adaptive_ramp_v1,18.0,0.08,12.164170265197754,adaptive_brake,0.1891179233789444,0.219373419880867,0.4120021462440491,0.0254986174404621,0.0179768856614828,-0.1828898787498474,0.3577039539813995,-0.1420874595642089,-4.038386821746826,-1.4906588792800903,1.0324046611785889,1.7089842557907104,31899,32369,32677,32505,0.95,cem_tuned_boundary,opp_m2_12000,0,12000,0,0,5.73871124581079,0.3476,0.0623959863699503,0.0064084106124937,0.0098294727504253,0.010227994993329,0.7160800099372864,-0.0002342931256862,0.0002609447401482,-0.0036768701393157,0.0064084106124937,0.0032938180956989,32780.0,2.0802042484283447
seeded_ic_v1,49980002,0.01026,0.00999,0.006174,10.081355,0.702747,0.30218121,adaptive_ramp_v1,18.0,0.08,12.183928728103638,adaptive_brake,0.1896078139543533,0.2196764200925827,0.40838822722435,0.025811668485403,0.0165664535015821,-0.1842442154884338,0.3577039539813995,-0.1420874595642089,-4.038386821746826,-1.4906588792800903,1.0324046611785889,1.7089842557907104,31899,32369,32677,32505,0.95,cem_tuned_boundary,opp_m2_12000,0,12000,0,0,5.73871124581079,0.3476,0.0623959863699503,0.0064084106124937,0.0098294727504253,0.010227994993329,0.7160800099372864,-0.0002342931256862,0.0002609447401482,-0.0036768701393157,0.0064084106124937,0.0032938180956989,32780.0,2.0999627113342285
seeded_ic_v1,49980002,0.01026,0.00999,0.006174,10.081355,0.702747,0.30218121,adaptive_ramp_v1,18.0,0.08,12.184171438217165,adaptive_brake,0.1896078139543533,0.2196764200925827,0.40838822722435,0.025811668485403,0.0165664535015821,-0.1842442154884338,0.3273599743843078,-0.161332219839096,-4.004091739654541,-1.589803695678711,0.8579716086387634,1.6968563795089722,31899,32369,32677,32505,0.95,cem_tuned_boundary,opp_m2_12000,0,12000,0,0,5.73871124581079,0.3476,0.0623959863699503,0.0064084106124937,0.0098294727504253,0.010227994993329,0.7160800099372864,-0.0002342931256862,0.0002609447401482,-0.0036768701393157,0.0064084106124937,0.0032938180956989,32780.0,2.1002054214477557
seeded_ic_v1,49980002,0.01026,0.00999,0.006174,10.081355,0.702747,0.30218121,adaptive_ramp_v1,18.0,0.08,12.184240341186523,adaptive_brake,0.1896078139543533,0.2196764200925827,0.40838822722435,0.025811668485403,0.0165664535015821,-0.1842442154884338,0.3273599743843078,-0.161332219839096,-4.004091739654541,-1.589803695678711,0.8579716086387634,1.6968563795089722,31895,32349,32669,32505,0.95,cem_tuned_boundary,opp_m2_12000,0,12000,0,0,5.73871124581079,0.3476,0.0623959863699503,0.0064084106124937,0.0098294727504253,0.010227994993329,0.7160800099372864,-0.0002342931256862,0.0002609447401482,-0.0036768701393157,0.0064084106124937,0.0032938180956989,32780.0,2.1002743244171143
seeded_ic_v1,49980002,0.01026,0.00999,0.006174,10.081355,0.702747,0.30218121,adaptive_ramp_v1,18.0,0.08,12.204022884368896,adaptive_brake,0.1901092082262039,0.2199592143297195,0.4047217667102813,0.0262149646878242,0.0152880456298589,-0.185675635933876,0.3273599743843078,-0.161332219839096,-4.004091739654541,-1.589803695678711,0.8579716086387634,1.6968563795089722,31895,32349,32669,32505,0.95,cem_tuned_boundary,opp_m2_12000,0,12000,0,0,5.73871124581079,0.3476,0.0623959863699503,0.0064084106124937,0.0098294727504253,0.010227994993329,0.7160800099372864,-0.0002342931256862,0.0002609447401482,-0.0036768701393157,0.0064084106124937,0.0032938180956989,32780.0,2.1200568675994873
seeded_ic_v1,49980002,0.01026,0.00999,0.006174,10.081355,0.702747,0.30218121,adaptive_ramp_v1,18.0,0.08,12.204182863235474,adaptive_brake,0.1901092082262039,0.2199592143297195,0.4047217667102813,0.0262149646878242,0.0152880456298589,-0.185675635933876,0.295465350151062,-0.177097350358963,-3.9707589149475098,-1.6500251293182373,0.6748654842376709,1.5984660387039185,31895,32349,32669,32505,0.95,cem_tuned_boundary,opp_m2_12000,0,12000,0,0,5.73871124581079,0.3476,0.0623959863699503,0.0064084106124937,0.0098294727504253,0.010227994993329,0.7160800099372864,-0.0002342931256862,0.0002609447401482,-0.0036768701393157,0.0064084106124937,0.0032938180956989,32780.0,2.1202168464660645
seeded_ic_v1,49980002,0.01026,0.00999,0.006174,10.081355,0.702747,0.30218121,adaptive_ramp_v1,18.0,0.08,12.204269170761108,adaptive_brake,0.1901092082262039,0.2199592143297195,0.4047217667102813,0.0262149646878242,0.0152880456298589,-0.185675635933876,0.295465350151062,-0.177097350358963,-3.9707589149475098,-1.6500251293182373,0.6748654842376709,1.5984660387039185,31859,32317,32645,32505,0.95,cem_tuned_boundary,opp_m2_12000,0,12000,0,0,5.73871124581079,0.3476,0.0623959863699503,0.0064084106124937,0.0098294727504253,0.010227994993329,0.7160800099372864,-0.0002342931256862,0.0002609447401482,-0.0036768701393157,0.0064084106124937,0.0032938180956989,32780.0,2.120303153991699
seeded_ic_v1,49980002,0.01026,0.00999,0.006174,10.081355,0.702747,0.30218121,adaptive_ramp_v1,18.0,0.08,12.224150657653809,adaptive_brake,0.190629780292511,0.2202327251434326,0.4009762406349182,0.0267231632024049,0.0141840521246194,-0.1874159574508667,0.295465350151062,-0.177097350358963,-3.9707589149475098,-1.6500251293182373,0.6748654842376709,1.5984660387039185,31859,32317,32645,32505,0.95,cem_tuned_boundary,opp_m2_12000,0,12000,0,0,5.73871124581079,0.3476,0.0623959863699503,0.0064084106124937,0.0098294727504253,0.010227994993329,0.7160800099372864,-0.0002342931256862,0.0002609447401482,-0.0036768701393157,0.0064084106124937,0.0032938180956989,32780.0,2.1401846408843994
seeded_ic_v1,49980002,0.01026,0.00999,0.006174,10.081355,0.702747,0.30218121,adaptive_ramp_v1,18.0,0.08,12.224324226379396,adaptive_brake,0.190629780292511,0.2202327251434326,0.4009762406349182,0.0267231632024049,0.0141840521246194,-0.1874159574508667,0.2625966072082519,-0.1892205327749252,-3.938855648040772,-1.6479520797729492,0.4985566139221191,1.537413239479065,31859,32317,32645,32505,0.95,cem_tuned_boundary,opp_m2_12000,0,12000,0,0,5.73871124581079,0.3476,0.0623959863699503,0.0064084106124937,0.0098294727504253,0.010227994993329,0.7160800099372864,-0.0002342931256862,0.0002609447401482,-0.0036768701393157,0.0064084106124937,0.0032938180956989,32780.0,2.140358209609987
seeded_ic_v1,49980002,0.01026,0.00999,0.006174,10.081355,0.702747,0.30218121,adaptive_ramp_v1,18.0,0.08,12.224411249160768,adaptive_brake,0.190629780292511,0.2202327251434326,0.4009762406349182,0.0267231632024049,0.0141840521246194,-0.1874159574508667,0.2625966072082519,-0.1892205327749252,-3.938855648040772,-1.6479520797729492,0.4985566139221191,1.537413239479065,32487,32303,33327,32505,0.95,cem_tuned_boundary,opp_m2_12000,0,12000,0,0,5.73871124581079,0.3476,0.0623959863699503,0.0064084106124937,0.0098294727504253,0.010227994993329,0.7160800099372864,-0.0002342931256862,0.0002609447401482,-0.0036768701393157,0.0064084106124937,0.0032938180956989,32780.0,2.140445232391359
seeded_ic_v1,49980002,0.01026,0.00999,0.006174,10.081355,0.702747,0.30218121,adaptive_ramp_v1,18.0,0.08,12.243969678878784,adaptive_brake,0.1911559402942657,0.220480129122734,0.3972131311893463,0.0272574257105588,0.01317083183676,-0.1891853511333465,0.2625966072082519,-0.1892205327749252,-3.938855648040772,-1.6479520797729492,0.4985566139221191,1.537413239479065,32487,32303,33327,32505,0.95,cem_tuned_boundary,opp_m2_12000,0,12000,0,0,5.73871124581079,0.3476,0.0623959863699503,0.0064084106124937,0.0098294727504253,0.010227994993329,0.7160800099372864,-0.0002342931256862,0.0002609447401482,-0.0036768701393157,0.0064084106124937,0.0032938180956989,32780.0,2.160003662109375
seeded_ic_v1,49980002,0.01026,0.00999,0.006174,10.081355,0.702747,0.30218121,adaptive_ramp_v1,18.0,0.08,12.244232654571531,adaptive_brake,0.1911559402942657,0.220480129122734,0.3972131311893463,0.0272574257105588,0.01317083183676,-0.1891853511333465,0.229661762714386,-0.19801826775074,-3.9081897735595694,-1.7112829685211182,0.3147640526294708,1.525873064994812,32487,32303,33327,32505,0.95,cem_tuned_boundary,opp_m2_12000,0,12000,0,0,5.73871124581079,0.3476,0.0623959863699503,0.0064084106124937,0.0098294727504253,0.010227994993329,0.7160800099372864,-0.0002342931256862,0.0002609447401482,-0.0036768701393157,0.0064084106124937,0.0032938180956989,32780.0,2.1602666378021222
seeded_ic_v1,49980002,0.01026,0.00999,0.006174,10.081355,0.702747,0.30218121,adaptive_ramp_v1,18.0,0.08,12.244308233261108,adaptive_brake,0.1911559402942657,0.220480129122734,0.3972131311893463,0.0272574257105588,0.01317083183676,-0.1891853511333465,0.229661762714386,-0.19801826775074,-3.9081897735595694,-1.7112829685211182,0.3147640526294708,1.525873064994812,31793,32261,32635,32505,0.95,cem_tuned_boundary,opp_m2_12000,0,12000,0,0,5.73871124581079,0.3476,0.0623959863699503,0.0064084106124937,0.0098294727504253,0.010227994993329,0.7160800099372864,-0.0002342931256862,0.0002609447401482,-0.0036768701393157,0.0064084106124937,0.0032938180956989,32780.0,2.160342216491699
seeded_ic_v1,49980002,0.01026,0.00999,0.006174,10.081355,0.702747,0.30218121,adaptive_ramp_v1,18.0,0.08,12.263821125030518,adaptive_brake,0.191695749759674,0.2207142263650894,0.3933973312377929,0.0278369393199682,0.0122950077056884,-0.1912089586257934,0.229661762714386,-0.19801826775074,-3.9081897735595694,-1.7112829685211182,0.3147640526294708,1.525873064994812,31793,32261,32635,32505,0.95,cem_tuned_boundary,opp_m2_12000,0,12000,0,0,5.73871124581079,0.3476,0.0623959863699503,0.0064084106124937,0.0098294727504253,0.010227994993329,0.7160800099372864,-0.0002342931256862,0.0002609447401482,-0.0036768701393157,0.0064084106124937,0.0032938180956989,32780.0,2.1798551082611084
seeded_ic_v1,49980002,0.01026,0.00999,0.006174,10.081355,0.702747,0.30218121,adaptive_ramp_v1,18.0,0.08,12.263956308364868,adaptive_brake,0.191695749759674,0.2207142263650894,0.3933973312377929,0.0278369393199682,0.0122950077056884,-0.1912089586257934,0.1962776631116867,-0.2031747251749038,-3.87821626663208,-1.648095726966858,0.1554352790117263,1.464919090270996,31793,32261,32635,32505,0.95,cem_tuned_boundary,opp_m2_12000,0,12000,0,0,5.73871124581079,0.3476,0.0623959863699503,0.0064084106124937,0.0098294727504253,0.010227994993329,0.7160800099372864,-0.0002342931256862,0.0002609447401482,-0.0036768701393157,0.0064084106124937,0.0032938180956989,32780.0,2.179990291595459
seeded_ic_v1,49980002,0.01026,0.00999,0.006174,10.081355,0.702747,0.30218121,adaptive_ramp_v1,18.0,0.08,12.264036178588867,adaptive_brake,0.191695749759674,0.2207142263650894,0.3933973312377929,0.0278369393199682,0.0122950077056884,-0.1912089586257934,0.1962776631116867,-0.2031747251749038,-3.87821626663208,-1.648095726966858,0.1554352790117263,1.464919090270996,32397,32233,33215,32505,0.95,cem_tuned_boundary,opp_m2_12000,0,12000,0,0,5.73871124581079,0.3476,0.0623959863699503,0.0064084106124937,0.0098294727504253,0.010227994993329,0.7160800099372864,-0.0002342931256862,0.0002609447401482,-0.0036768701393157,0.0064084106124937,0.0032938180956989,32780.0,2.180070161819458
seeded_ic_v1,49980002,0.01026,0.00999,0.006174,10.081355,0.702747,0.30218121,adaptive_ramp_v1,18.0,0.08,12.284940958023071,adaptive_brake,0.1922778636217117,0.2209488004446029,0.3893343508243561,0.0284797437489032,0.0115215415135025,-0.1935025751590728,0.1962776631116867,-0.2031747251749038,-3.87821626663208,-1.648095726966858,0.1554352790117263,1.464919090270996,32397,32233,33215,32505,0.95,cem_tuned_boundary,opp_m2_12000,0,12000,0,0,5.73871124581079,0.3476,0.0623959863699503,0.0064084106124937,0.0098294727504253,0.010227994993329,0.7160800099372864,-0.0002342931256862,0.0002609447401482,-0.0036768701393157,0.0064084106124937,0.0032938180956989,32780.0,2.200974941253662
seeded_ic_v1,49980002,0.01026,0.00999,0.006174,10.081355,0.702747,0.30218121,adaptive_ramp_v1,18.0,0.08,12.285102367401125,adaptive_brake,0.1922778636217117,0.2209488004446029,0.3893343508243561,0.0284797437489032,0.0115215415135025,-0.1935025751590728,0.1622619330883026,-0.2052201628684997,-3.847448110580444,-1.5865542888641355,-0.0023675805423408,1.464843988418579,32397,32233,33215,32505,0.95,cem_tuned_boundary,opp_m2_12000,0,12000,0,0,5.73871124581079,0.3476,0.0623959863699503,0.0064084106124937,0.0098294727504253,0.010227994993329,0.7160800099372864,-0.0002342931256862,0.0002609447401482,-0.0036768701393157,0.0064084106124937,0.0032938180956989,32780.0,2.2011363506317156
seeded_ic_v1,49980002,0.01026,0.00999,0.006174,10.081355,0.702747,0.30218121,adaptive_ramp_v1,18.0,0.08,12.285183906555176,adaptive_brake,0.1922778636217117,0.2209488004446029,0.3893343508243561,0.0284797437489032,0.0115215415135025,-0.1935025751590728,0.1622619330883026,-0.2052201628684997,-3.847448110580444,-1.5865542888641355,-0.0023675805423408,1.464843988418579,31763,32205,32585,32505,0.95,cem_tuned_boundary,opp_m2_12000,0,12000,0,0,5.73871124581079,0.3476,0.0623959863699503,0.0064084106124937,0.0098294727504253,0.010227994993329,0.7160800099372864,-0.0002342931256862,0.0002609447401482,-0.0036768701393157,0.0064084106124937,0.0032938180956989,32780.0,2.2012178897857666
seeded_ic_v1,49980002,0.01026,0.00999,0.006174,10.081355,0.702747,0.30218121,adaptive_ramp_v1,18.0,0.08,12.305108308792114,adaptive_brake,0.1928406804800033,0.2211601138114929,0.3854494392871856,0.0290844496339559,0.0109062790870666,-0.1957533210515976,0.1622619330883026,-0.2052201628684997,-3.847448110580444,-1.5865542888641355,-0.0023675805423408,1.464843988418579,31763,32205,32585,32505,0.95,cem_tuned_boundary,opp_m2_12000,0,12000,0,0,5.73871124581079,0.3476,0.0623959863699503,0.0064084106124937,0.0098294727504253,0.010227994993329,0.7160800099372864,-0.0002342931256862,0.0002609447401482,-0.0036768701393157,0.0064084106124937,0.0032938180956989,32780.0,2.221142292022705
seeded_ic_v1,49980002,0.01026,0.00999,0.006174,10.081355,0.702747,0.30218121,adaptive_ramp_v1,18.0,0.08,12.305436372756958,adaptive_brake,0.1928406804800033,0.2211601138114929,0.3854494392871856,0.0290844496339559,0.0109062790870666,-0.1957533210515976,0.1310070604085922,-0.2046681493520736,-3.81815242767334,-1.5250811576843262,-0.1254288554191589,1.4648433923721311,31763,32205,32585,32505,0.95,cem_tuned_boundary,opp_m2_12000,0,12000,0,0,5.73871124581079,0.3476,0.0623959863699503,0.0064084106124937,0.0098294727504253,0.010227994993329,0.7160800099372864,-0.0002342931256862,0.0002609447401482,-0.0036768701393157,0.0064084106124937,0.0032938180956989,32780.0,2.221470355987549
seeded_ic_v1,49980002,0.01026,0.00999,0.006174,10.081355,0.702747,0.30218121,adaptive_ramp_v1,18.0,0.08,12.305521726608276,adaptive_brake,0.1928406804800033,0.2211601138114929,0.3854494392871856,0.0290844496339559,0.0109062790870666,-0.1957533210515976,0.1310070604085922,-0.2046681493520736,-3.81815242767334,-1.5250811576843262,-0.1254288554191589,1.4648433923721311,32355,32193,33217,32505,0.95,cem_tuned_boundary,opp_m2_12000,0,12000,0,0,5.73871124581079,0.3476,0.0623959863699503,0.0064084106124937,0.0098294727504253,0.010227994993329,0.7160800099372864,-0.0002342931256862,0.0002609447401482,-0.0036768701393157,0.0064084106124937,0.0032938180956989,32780.0,2.221555709838867
seeded_ic_v1,49980002,0.01026,0.00999,0.006174,10.081355,0.702747,0.30218121,adaptive_ramp_v1,18.0,0.08,12.3249614238739,adaptive_brake,0.193417340517044,0.2213652431964874,0.3815028369426727,0.0296988803893327,0.0104183759540319,-0.1980941593647003,0.1310070604085922,-0.2046681493520736,-3.81815242767334,-1.5250811576843262,-0.1254288554191589,1.4648433923721311,32355,32193,33217,32505,0.95,cem_tuned_boundary,opp_m2_12000,0,12000,0,0,5.73871124581079,0.3476,0.0623959863699503,0.0064084106124937,0.0098294727504253,0.010227994993329,0.7160800099372864,-0.0002342931256862,0.0002609447401482,-0.0036768701393157,0.0064084106124937,0.0032938180956989,32780.0,2.2409954071044904
seeded_ic_v1,49980002,0.01026,0.00999,0.006174,10.081355,0.702747,0.30218121,adaptive_ramp_v1,18.0,0.08,12.325183153152466,adaptive_brake,0.193417340517044,0.2213652431964874,0.3815028369426727,0.0296988803893327,0.0104183759540319,-0.1980941593647003,0.1014771983027458,-0.2008659392595291,-3.78886342048645,-1.4010089635849,-0.3012896180152893,1.4648433923721311,32355,32193,33217,32505,0.95,cem_tuned_boundary,opp_m2_12000,0,12000,0,0,5.73871124581079,0.3476,0.0623959863699503,0.0064084106124937,0.0098294727504253,0.010227994993329,0.7160800099372864,-0.0002342931256862,0.0002609447401482,-0.0036768701393157,0.0064084106124937,0.0032938180956989,32780.0,2.2412171363830566
seeded_ic_v1,49980002,0.01026,0.00999,0.006174,10.081355,0.702747,0.30218121,adaptive_ramp_v1,18.0,0.08,12.325340986251833,adaptive_brake,0.193417340517044,0.2213652431964874,0.3815028369426727,0.0296988803893327,0.0104183759540319,-0.1980941593647003,0.1014771983027458,-0.2008659392595291,-3.78886342048645,-1.4010089635849,-0.3012896180152893,1.4648433923721311,31741,32207,32609,32505,0.95,cem_tuned_boundary,opp_m2_12000,0,12000,0,0,5.73871124581079,0.3476,0.0623959863699503,0.0064084106124937,0.0098294727504253,0.010227994993329,0.7160800099372864,-0.0002342931256862,0.0002609447401482,-0.0036768701393157,0.0064084106124937,0.0032938180956989,32780.0,2.2413749694824237
seeded_ic_v1,49980002,0.01026,0.00999,0.006174,10.081355,0.702747,0.30218121,adaptive_ramp_v1,18.0,0.08,12.344940662384031,adaptive_brake,0.1939930468797683,0.2215610146522522,0.3776138126850128,0.0302421115338802,0.0100235501304268,-0.1998552978038787,0.1014771983027458,-0.2008659392595291,-3.78886342048645,-1.4010089635849,-0.3012896180152893,1.4648433923721311,31741,32207,32609,32505,0.95,cem_tuned_boundary,opp_m2_12000,0,12000,0,0,5.73871124581079,0.3476,0.0623959863699503,0.0064084106124937,0.0098294727504253,0.010227994993329,0.7160800099372864,-0.0002342931256862,0.0002609447401482,-0.0036768701393157,0.0064084106124937,0.0032938180956989,32780.0,2.2609746456146222
seeded_ic_v1,49980002,0.01026,0.00999,0.006174,10.081355,0.702747,0.30218121,adaptive_ramp_v1,18.0,0.08,12.34508490562439,adaptive_brake,0.1939930468797683,0.2215610146522522,0.3776138126850128,0.0302421115338802,0.0100235501304268,-0.1998552978038787,0.074364997446537,-0.1941362768411636,-3.759575843811035,-1.281672477722168,-0.4229768514633178,1.4648433923721311,31741,32207,32609,32505,0.95,cem_tuned_boundary,opp_m2_12000,0,12000,0,0,5.73871124581079,0.3476,0.0623959863699503,0.0064084106124937,0.0098294727504253,0.010227994993329,0.7160800099372864,-0.0002342931256862,0.0002609447401482,-0.0036768701393157,0.0064084106124937,0.0032938180956989,32780.0,2.2611188888549805
seeded_ic_v1,49980002,0.01026,0.00999,0.006174,10.081355,0.702747,0.30218121,adaptive_ramp_v1,18.0,0.08,12.345147132873535,adaptive_brake,0.1939930468797683,0.2215610146522522,0.3776138126850128,0.0302421115338802,0.0100235501304268,-0.1998552978038787,0.074364997446537,-0.1941362768411636,-3.759575843811035,-1.281672477722168,-0.4229768514633178,1.4648433923721311,31753,32213,32611,32505,0.95,cem_tuned_boundary,opp_m2_12000,0,12000,0,0,5.73871124581079,0.3476,0.0623959863699503,0.0064084106124937,0.0098294727504253,0.010227994993329,0.7160800099372864,-0.0002342931256862,0.0002609447401482,-0.0036768701393157,0.0064084106124937,0.0032938180956989,32780.0,2.261181116104126
seeded_ic_v1,49980002,0.01026,0.00999,0.006174,10.081355,0.702747,0.30218121,adaptive_ramp_v1,18.0,0.08,12.36493968963623,adaptive_brake,0.1945826709270477,0.2217551618814468,0.3736537396907806,0.0307803358882665,0.0097444290295243,-0.2018138915300369,0.074364997446537,-0.1941362768411636,-3.759575843811035,-1.281672477722168,-0.4229768514633178,1.4648433923721311,31753,32213,32611,32505,0.95,cem_tuned_boundary,opp_m2_12000,0,12000,0,0,5.73871124581079,0.3476,0.0623959863699503,0.0064084106124937,0.0098294727504253,0.010227994993329,0.7160800099372864,-0.0002342931256862,0.0002609447401482,-0.0036768701393157,0.0064084106124937,0.0032938180956989,32780.0,2.2809736728668213
seeded_ic_v1,49980002,0.01026,0.00999,0.006174,10.081355,0.702747,0.30218121,adaptive_ramp_v1,18.0,0.08,12.36506199836731,adaptive_brake,0.1945826709270477,0.2217551618814468,0.3736537396907806,0.0307803358882665,0.0097444290295243,-0.2018138915300369,0.0493623875081539,-0.1849546432495117,-3.730976104736328,-1.217956304550171,-0.5493654012680054,1.4039504528045654,31753,32213,32611,32505,0.95,cem_tuned_boundary,opp_m2_12000,0,12000,0,0,5.73871124581079,0.3476,0.0623959863699503,0.0064084106124937,0.0098294727504253,0.010227994993329,0.7160800099372864,-0.0002342931256862,0.0002609447401482,-0.0036768701393157,0.0064084106124937,0.0032938180956989,32780.0,2.2810959815979004
seeded_ic_v1,49980002,0.01026,0.00999,0.006174,10.081355,0.702747,0.30218121,adaptive_ramp_v1,18.0,0.08,12.365132570266724,adaptive_brake,0.1945826709270477,0.2217551618814468,0.3736537396907806,0.0307803358882665,0.0097444290295243,-0.2018138915300369,0.0493623875081539,-0.1849546432495117,-3.730976104736328,-1.217956304550171,-0.5493654012680054,1.4039504528045654,32295,32185,33193,32505,0.95,cem_tuned_boundary,opp_m2_12000,0,12000,0,0,5.73871124581079,0.3476,0.0623959863699503,0.0064084106124937,0.0098294727504253,0.010227994993329,0.7160800099372864,-0.0002342931256862,0.0002609447401482,-0.0036768701393157,0.0064084106124937,0.0032938180956989,32780.0,2.2811665534973145
seeded_ic_v1,49980002,0.01026,0.00999,0.006174,10.081355,0.702747,0.30218121,adaptive_ramp_v1,18.0,0.08,12.3852858543396,adaptive_brake,0.1951998919248581,0.2219539731740951,0.3695078790187835,0.0313686765730381,0.0095946909859776,-0.2045834362506866,0.0493623875081539,-0.1849546432495117,-3.730976104736328,-1.217956304550171,-0.5493654012680054,1.4039504528045654,32295,32185,33193,32505,0.95,cem_tuned_boundary,opp_m2_12000,0,12000,0,0,5.73871124581079,0.3476,0.0623959863699503,0.0064084106124937,0.0098294727504253,0.010227994993329,0.7160800099372864,-0.0002342931256862,0.0002609447401482,-0.0036768701393157,0.0064084106124937,0.0032938180956989,32780.0,2.3013198375701904
seeded_ic_v1,49980002,0.01026,0.00999,0.006174,10.081355,0.702747,0.30218121,adaptive_ramp_v1,18.0,0.08,12.385523796081545,adaptive_brake,0.1951998919248581,0.2219539731740951,0.3695078790187835,0.0313686765730381,0.0095946909859776,-0.2045834362506866,0.0259863380342721,-0.173335313796997,-3.7029061317443848,-1.096386432647705,-0.6670568585395813,1.4038084745407104,32295,32185,33193,32505,0.95,cem_tuned_boundary,opp_m2_12000,0,12000,0,0,5.73871124581079,0.3476,0.0623959863699503,0.0064084106124937,0.0098294727504253,0.010227994993329,0.7160800099372864,-0.0002342931256862,0.0002609447401482,-0.0036768701393157,0.0064084106124937,0.0032938180956989,32780.0,2.3015577793121356
seeded_ic_v1,49980002,0.01026,0.00999,0.006174,10.081355,0.702747,0.30218121,adaptive_ramp_v1,18.0,0.08,12.38560938835144,adaptive_brake,0.1951998919248581,0.2219539731740951,0.3695078790187835,0.0313686765730381,0.0095946909859776,-0.2045834362506866,0.0259863380342721,-0.173335313796997,-3.7029061317443848,-1.096386432647705,-0.6670568585395813,1.4038084745407104,31707,32197,32609,32505,0.95,cem_tuned_boundary,opp_m2_12000,0,12000,0,0,5.73871124581079,0.3476,0.0623959863699503,0.0064084106124937,0.0098294727504253,0.010227994993329,0.7160800099372864,-0.0002342931256862,0.0002609447401482,-0.0036768701393157,0.0064084106124937,0.0032938180956989,32780.0,2.3016433715820312
seeded_ic_v1,49980002,0.01026,0.00999,0.006174,10.081355,0.702747,0.30218121,adaptive_ramp_v1,18.0,0.08,12.405008792877195,adaptive_brake,0.1958137601613998,0.222149059176445,0.3654187023639679,0.0318549536168575,0.0095172869041562,-0.2068302035331726,0.0259863380342721,-0.173335313796997,-3.7029061317443848,-1.096386432647705,-0.6670568585395813,1.4038084745407104,31707,32197,32609,32505,0.95,cem_tuned_boundary,opp_m2_12000,0,12000,0,0,5.73871124581079,0.3476,0.0623959863699503,0.0064084106124937,0.0098294727504253,0.010227994993329,0.7160800099372864,-0.0002342931256862,0.0002609447401482,-0.0036768701393157,0.0064084106124937,0.0032938180956989,32780.0,2.3210427761077863
seeded_ic_v1,49980002,0.01026,0.00999,0.006174,10.081355,0.702747,0.30218121,adaptive_ramp_v1,18.0,0.08,12.405165910720823,adaptive_brake,0.1958137601613998,0.222149059176445,0.3654187023639679,0.0318549536168575,0.0095172869041562,-0.2068302035331726,0.0047575114294886,-0.1595230996608734,-3.6748337745666495,-0.9765152335166932,-0.7327881455421448,1.4038084745407104,31707,32197,32609,32505,0.95,cem_tuned_boundary,opp_m2_12000,0,12000,0,0,5.73871124581079,0.3476,0.0623959863699503,0.0064084106124937,0.0098294727504253,0.010227994993329,0.7160800099372864,-0.0002342931256862,0.0002609447401482,-0.0036768701393157,0.0064084106124937,0.0032938180956989,32780.0,2.3211998939514142
seeded_ic_v1,49980002,0.01026,0.00999,0.006174,10.081355,0.702747,0.30218121,adaptive_ramp_v1,18.0,0.08,12.405235052108765,adaptive_brake,0.1958137601613998,0.222149059176445,0.3654187023639679,0.0318549536168575,0.0095172869041562,-0.2068302035331726,0.0047575114294886,-0.1595230996608734,-3.6748337745666495,-0.9765152335166932,-0.7327881455421448,1.4038084745407104,32305,32179,33177,32505,0.95,cem_tuned_boundary,opp_m2_12000,0,12000,0,0,5.73871124581079,0.3476,0.0623959863699503,0.0064084106124937,0.0098294727504253,0.010227994993329,0.7160800099372864,-0.0002342931256862,0.0002609447401482,-0.0036768701393157,0.0064084106124937,0.0032938180956989,32780.0,2.3212690353393555
seeded_ic_v1,49980002,0.01026,0.00999,0.006174,10.081355,0.702747,0.30218121,adaptive_ramp_v1,18.0,0.08,12.42491102218628,adaptive_brake,0.1964374929666519,0.2223466336727142,0.3612706661224365,0.0322964712977409,0.0095267510041594,-0.2091438919305801,0.0047575114294886,-0.1595230996608734,-3.6748337745666495,-0.9765152335166932,-0.7327881455421448,1.4038084745407104,32305,32179,33177,32505,0.95,cem_tuned_boundary,opp_m2_12000,0,12000,0,0,5.73871124581079,0.3476,0.0623959863699503,0.0064084106124937,0.0098294727504253,0.010227994993329,0.7160800099372864,-0.0002342931256862,0.0002609447401482,-0.0036768701393157,0.0064084106124937,0.0032938180956989,32780.0,2.34094500541687
seeded_ic_v1,49980002,0.01026,0.00999,0.006174,10.081355,0.702747,0.30218121,adaptive_ramp_v1,18.0,0.08,12.42508339881897,adaptive_brake,0.1964374929666519,0.2223466336727142,0.3612706661224365,0.0322964712977409,0.0095267510041594,-0.2091438919305801,-0.0140866944566369,-0.1441074311733245,-3.646756172180176,-0.858759880065918,-0.8501508235931396,1.4038084745407104,32305,32179,33177,32505,0.95,cem_tuned_boundary,opp_m2_12000,0,12000,0,0,5.73871124581079,0.3476,0.0623959863699503,0.0064084106124937,0.0098294727504253,0.010227994993329,0.7160800099372864,-0.0002342931256862,0.0002609447401482,-0.0036768701393157,0.0064084106124937,0.0032938180956989,32780.0,2.3411173820495605
seeded_ic_v1,49980002,0.01026,0.00999,0.006174,10.081355,0.702747,0.30218121,adaptive_ramp_v1,18.0,0.08,12.425168991088867,adaptive_brake,0.1964374929666519,0.2223466336727142,0.3612706661224365,0.0322964712977409,0.0095267510041594,-0.2091438919305801,-0.0140866944566369,-0.1441074311733245,-3.646756172180176,-0.858759880065918,-0.8501508235931396,1.4038084745407104,32303,32221,33221,32505,0.95,cem_tuned_boundary,opp_m2_12000,0,12000,0,0,5.73871124581079,0.3476,0.0623959863699503,0.0064084106124937,0.0098294727504253,0.010227994993329,0.7160800099372864,-0.0002342931256862,0.0002609447401482,-0.0036768701393157,0.0064084106124937,0.0032938180956989,32780.0,2.341202974319458
seeded_ic_v1,49980002,0.01026,0.00999,0.006174,10.081355,0.702747,0.30218121,adaptive_ramp_v1,18.0,0.08,12.444937229156494,adaptive_brake,0.19705630838871,0.2225436866283416,0.3571691513061523,0.0326296687126159,0.0095951128751039,-0.2110031992197036,-0.0140866944566369,-0.1441074311733245,-3.646756172180176,-0.858759880065918,-0.8501508235931396,1.4038084745407104,32303,32221,33221,32505,0.95,cem_tuned_boundary,opp_m2_12000,0,12000,0,0,5.73871124581079,0.3476,0.0623959863699503,0.0064084106124937,0.0098294727504253,0.010227994993329,0.7160800099372864,-0.0002342931256862,0.0002609447401482,-0.0036768701393157,0.0064084106124937,0.0032938180956989,32780.0,2.360971212387085
seeded_ic_v1,49980002,0.01026,0.00999,0.006174,10.081355,0.702747,0.30218121,adaptive_ramp_v1,18.0,0.08,12.44508671760559,adaptive_brake,0.19705630838871,0.2225436866283416,0.3571691513061523,0.0326296687126159,0.0095951128751039,-0.2110031992197036,-0.030466454103589,-0.1270102709531784,-3.619191646575928,-0.7302528619766235,-0.9178329706192015,1.3432942628860474,32303,32221,33221,32505,0.95,cem_tuned_boundary,opp_m2_12000,0,12000,0,0,5.73871124581079,0.3476,0.0623959863699503,0.0064084106124937,0.0098294727504253,0.010227994993329,0.7160800099372864,-0.0002342931256862,0.0002609447401482,-0.0036768701393157,0.0064084106124937,0.0032938180956989,32780.0,2.3611207008361816
seeded_ic_v1,49980002,0.01026,0.00999,0.006174,10.081355,0.702747,0.30218121,adaptive_ramp_v1,18.0,0.08,12.445154428482056,adaptive_brake,0.19705630838871,0.2225436866283416,0.3571691513061523,0.0326296687126159,0.0095951128751039,-0.2110031992197036,-0.030466454103589,-0.1270102709531784,-3.619191646575928,-0.7302528619766235,-0.9178329706192015,1.3432942628860474,31675,32189,32605,32505,0.95,cem_tuned_boundary,opp_m2_12000,0,12000,0,0,5.73871124581079,0.3476,0.0623959863699503,0.0064084106124937,0.0098294727504253,0.010227994993329,0.7160800099372864,-0.0002342931256862,0.0002609447401482,-0.0036768701393157,0.0064084106124937,0.0032938180956989,32780.0,2.3611884117126465
seeded_ic_v1,49980002,0.01026,0.00999,0.006174,10.081355,0.702747,0.30218121,adaptive_ramp_v1,18.0,0.08,12.4648277759552,adaptive_brake,0.1976842880249023,0.2227459549903869,0.3529905676841736,0.0329207964241504,0.0097349341958761,-0.2130970507860183,-0.030466454103589,-0.1270102709531784,-3.619191646575928,-0.7302528619766235,-0.9178329706192015,1.3432942628860474,31675,32189,32605,32505,0.95,cem_tuned_boundary,opp_m2_12000,0,12000,0,0,5.73871124581079,0.3476,0.0623959863699503,0.0064084106124937,0.0098294727504253,0.010227994993329,0.7160800099372864,-0.0002342931256862,0.0002609447401482,-0.0036768701393157,0.0064084106124937,0.0032938180956989,32780.0,2.380861759185791
seeded_ic_v1,49980002,0.01026,0.00999,0.006174,10.081355,0.702747,0.30218121,adaptive_ramp_v1,18.0,0.08,12.46503210067749,adaptive_brake,0.1976842880249023,0.2227459549903869,0.3529905676841736,0.0329207964241504,0.0097349341958761,-0.2130970507860183,-0.0440070293843746,-0.1087209582328796,-3.592247724533081,-0.5826258063316345,-0.915532112121582,1.3427941799163818,31675,32189,32605,32505,0.95,cem_tuned_boundary,opp_m2_12000,0,12000,0,0,5.73871124581079,0.3476,0.0623959863699503,0.0064084106124937,0.0098294727504253,0.010227994993329,0.7160800099372864,-0.0002342931256862,0.0002609447401482,-0.0036768701393157,0.0064084106124937,0.0032938180956989,32780.0,2.381066083908081
seeded_ic_v1,49980002,0.01026,0.00999,0.006174,10.081355,0.702747,0.30218121,adaptive_ramp_v1,18.0,0.08,12.465097188949583,adaptive_brake,0.1976842880249023,0.2227459549903869,0.3529905676841736,0.0329207964241504,0.0097349341958761,-0.2130970507860183,-0.0440070293843746,-0.1087209582328796,-3.592247724533081,-0.5826258063316345,-0.915532112121582,1.3427941799163818,32247,32187,33159,32505,0.95,cem_tuned_boundary,opp_m2_12000,0,12000,0,0,5.73871124581079,0.3476,0.0623959863699503,0.0064084106124937,0.0098294727504253,0.010227994993329,0.7160800099372864,-0.0002342931256862,0.0002609447401482,-0.0036768701393157,0.0064084106124937,0.0032938180956989,32780.0,2.381131172180174
seeded_ic_v1,49980002,0.01026,0.00999,0.006174,10.081355,0.702747,0.30218121,adaptive_ramp_v1,18.0,0.08,12.48495602607727,adaptive_brake,0.1983198672533035,0.2229540944099426,0.3487381339073181,0.033162772655487,0.0099340183660388,-0.2153234779834747,-0.0440070293843746,-0.1087209582328796,-3.592247724533081,-0.5826258063316345,-0.915532112121582,1.3427941799163818,32247,32187,33159,32505,0.95,cem_tuned_boundary,opp_m2_12000,0,12000,0,0,5.73871124581079,0.3476,0.0623959863699503,0.0064084106124937,0.0098294727504253,0.010227994993329,0.7160800099372864,-0.0002342931256862,0.0002609447401482,-0.0036768701393157,0.0064084106124937,0.0032938180956989,32780.0,2.4009900093078613
seeded_ic_v1,49980002,0.01026,0.00999,0.006174,10.081355,0.702747,0.30218121,adaptive_ramp_v1,18.0,0.08,12.485117197036743,adaptive_brake,0.1983198672533035,0.2229540944099426,0.3487381339073181,0.033162772655487,0.0099340183660388,-0.2153234779834747,-0.0545599237084388,-0.0896246209740638,-3.565375804901123,-0.4271515309810638,-0.976477861404419,1.342773199081421,32247,32187,33159,32505,0.95,cem_tuned_boundary,opp_m2_12000,0,12000,0,0,5.73871124581079,0.3476,0.0623959863699503,0.0064084106124937,0.0098294727504253,0.010227994993329,0.7160800099372864,-0.0002342931256862,0.0002609447401482,-0.0036768701393157,0.0064084106124937,0.0032938180956989,32780.0,2.401151180267334
seeded_ic_v1,49980002,0.01026,0.00999,0.006174,10.081355,0.702747,0.30218121,adaptive_ramp_v1,18.0,0.08,12.485194206237791,adaptive_brake,0.1983198672533035,0.2229540944099426,0.3487381339073181,0.033162772655487,0.0099340183660388,-0.2153234779834747,-0.0545599237084388,-0.0896246209740638,-3.565375804901123,-0.4271515309810638,-0.976477861404419,1.342773199081421,31683,32201,32601,32505,0.95,cem_tuned_boundary,opp_m2_12000,0,12000,0,0,5.73871124581079,0.3476,0.0623959863699503,0.0064084106124937,0.0098294727504253,0.010227994993329,0.7160800099372864,-0.0002342931256862,0.0002609447401482,-0.0036768701393157,0.0064084106124937,0.0032938180956989,32780.0,2.401228189468382
seeded_ic_v1,49980002,0.01026,0.00999,0.006174,10.081355,0.702747,0.30218121,adaptive_ramp_v1,18.0,0.08,12.505266904830933,adaptive_brake,0.1989614069461822,0.2231687754392624,0.3444151878356933,0.0333490930497646,0.0101800570264458,-0.2176941931247711,-0.0545599237084388,-0.0896246209740638,-3.565375804901123,-0.4271515309810638,-0.976477861404419,1.342773199081421,31683,32201,32601,32505,0.95,cem_tuned_boundary,opp_m2_12000,0,12000,0,0,5.73871124581079,0.3476,0.0623959863699503,0.0064084106124937,0.0098294727504253,0.010227994993329,0.7160800099372864,-0.0002342931256862,0.0002609447401482,-0.0036768701393157,0.0064084106124937,0.0032938180956989,32780.0,2.4213008880615234
seeded_ic_v1,49980002,0.01026,0.00999,0.006174,10.081355,0.702747,0.30218121,adaptive_ramp_v1,18.0,0.08,12.505544424057009,adaptive_brake,0.1989614069461822,0.2231687754392624,0.3444151878356933,0.0333490930497646,0.0101800570264458,-0.2176941931247711,-0.0624520927667617,-0.0701214522123336,-3.5385000705718994,-0.3095055818557739,-0.9765625,1.342773199081421,31683,32201,32601,32505,0.95,cem_tuned_boundary,opp_m2_12000,0,12000,0,0,5.73871124581079,0.3476,0.0623959863699503,0.0064084106124937,0.0098294727504253,0.010227994993329,0.7160800099372864,-0.0002342931256862,0.0002609447401482,-0.0036768701393157,0.0064084106124937,0.0032938180956989,32780.0,2.4215784072875994
seeded_ic_v1,49980002,0.01026,0.00999,0.006174,10.081355,0.702747,0.30218121,adaptive_ramp_v1,18.0,0.08,12.505637884140016,adaptive_brake,0.1989614069461822,0.2231687754392624,0.3444151878356933,0.0333490930497646,0.0101800570264458,-0.2176941931247711,-0.0624520927667617,-0.0701214522123336,-3.5385000705718994,-0.3095055818557739,-0.9765625,1.342773199081421,32261,32219,33173,32505,0.95,cem_tuned_boundary,opp_m2_12000,0,12000,0,0,5.73871124581079,0.3476,0.0623959863699503,0.0064084106124937,0.0098294727504253,0.010227994993329,0.7160800099372864,-0.0002342931256862,0.0002609447401482,-0.0036768701393157,0.0064084106124937,0.0032938180956989,32780.0,2.4216718673706072
seeded_ic_v1,49980002,0.01026,0.00999,0.006174,10.081355,0.702747,0.30218121,adaptive_ramp_v1,18.0,0.08,12.5250506401062,adaptive_brake,0.1996072083711624,0.2233903110027313,0.3400235176086426,0.033475887030363,0.010462294332683,-0.2202364057302475,-0.0624520927667617,-0.0701214522123336,-3.5385000705718994,-0.3095055818557739,-0.9765625,1.342773199081421,32261,32219,33173,32505,0.95,cem_tuned_boundary,opp_m2_12000,0,12000,0,0,5.73871124581079,0.3476,0.0623959863699503,0.0064084106124937,0.0098294727504253,0.010227994993329,0.7160800099372864,-0.0002342931256862,0.0002609447401482,-0.0036768701393157,0.0064084106124937,0.0032938180956989,32780.0,2.44108462333679
seeded_ic_v1,49980002,0.01026,0.00999,0.006174,10.081355,0.702747,0.30218121,adaptive_ramp_v1,18.0,0.08,12.525498151779177,adaptive_brake,0.1996072083711624,0.2233903110027313,0.3400235176086426,0.033475887030363,0.010462294332683,-0.2202364057302475,-0.0678829029202461,-0.0506213083863258,-3.5112478733062744,-0.1809363663196563,-0.9765625,1.4046063423156738,32261,32219,33173,32505,0.95,cem_tuned_boundary,opp_m2_12000,0,12000,0,0,5.73871124581079,0.3476,0.0623959863699503,0.0064084106124937,0.0098294727504253,0.010227994993329,0.7160800099372864,-0.0002342931256862,0.0002609447401482,-0.0036768701393157,0.0064084106124937,0.0032938180956989,32780.0,2.4415321350097674
seeded_ic_v1,49980002,0.01026,0.00999,0.006174,10.081355,0.702747,0.30218121,adaptive_ramp_v1,18.0,0.08,12.525672912597656,adaptive_brake,0.1996072083711624,0.2233903110027313,0.3400235176086426,0.033475887030363,0.010462294332683,-0.2202364057302475,-0.0678829029202461,-0.0506213083863258,-3.5112478733062744,-0.1809363663196563,-0.9765625,1.4046063423156738,31693,32209,32627,32505,0.95,cem_tuned_boundary,opp_m2_12000,0,12000,0,0,5.73871124581079,0.3476,0.0623959863699503,0.0064084106124937,0.0098294727504253,0.010227994993329,0.7160800099372864,-0.0002342931256862,0.0002609447401482,-0.0036768701393157,0.0064084106124937,0.0032938180956989,32780.0,2.441706895828247
seeded_ic_v1,49980002,0.01026,0.00999,0.006174,10.081355,0.702747,0.30218121,adaptive_ramp_v1,18.0,0.08,12.544897079467772,adaptive_brake,0.2002555727958679,0.2236189246177673,0.3355641961097717,0.0335402637720108,0.0107701560482382,-0.2228928208351135,-0.0678829029202461,-0.0506213083863258,-3.5112478733062744,-0.1809363663196563,-0.9765625,1.4046063423156738,31693,32209,32627,32505,0.95,cem_tuned_boundary,opp_m2_12000,0,12000,0,0,5.73871124581079,0.3476,0.0623959863699503,0.0064084106124937,0.0098294727504253,0.010227994993329,0.7160800099372864,-0.0002342931256862,0.0002609447401482,-0.0036768701393157,0.0064084106124937,0.0032938180956989,32780.0,2.4609310626983625
seeded_ic_v1,49980002,0.01026,0.00999,0.006174,10.081355,0.702747,0.30218121,adaptive_ramp_v1,18.0,0.08,12.545039892196655,adaptive_brake,0.2002555727958679,0.2236189246177673,0.3355641961097717,0.0335402637720108,0.0107701560482382,-0.2228928208351135,-0.0706913918256759,-0.0311241373419761,-3.4831409454345703,-0.0588717050850391,-0.9765625,1.40380859375,31693,32209,32627,32505,0.95,cem_tuned_boundary,opp_m2_12000,0,12000,0,0,5.73871124581079,0.3476,0.0623959863699503,0.0064084106124937,0.0098294727504253,0.010227994993329,0.7160800099372864,-0.0002342931256862,0.0002609447401482,-0.0036768701393157,0.0064084106124937,0.0032938180956989,32780.0,2.461073875427246
seeded_ic_v1,49980002,0.01026,0.00999,0.006174,10.081355,0.702747,0.30218121,adaptive_ramp_v1,18.0,0.08,12.545103311538696,adaptive_brake,0.2002555727958679,0.2236189246177673,0.3355641961097717,0.0335402637720108,0.0107701560482382,-0.2228928208351135,-0.0706913918256759,-0.0311241373419761,-3.4831409454345703,-0.0588717050850391,-0.9765625,1.40380859375,31701,32225,32639,32505,0.95,cem_tuned_boundary,opp_m2_12000,0,12000,0,0,5.73871124581079,0.3476,0.0623959863699503,0.0064084106124937,0.0098294727504253,0.010227994993329,0.7160800099372864,-0.0002342931256862,0.0002609447401482,-0.0036768701393157,0.0064084106124937,0.0032938180956989,32780.0,2.461137294769287
seeded_ic_v1,49980002,0.01026,0.00999,0.006174,10.081355,0.702747,0.30218121,adaptive_ramp_v1,18.0,0.08,12.56493330001831,adaptive_brake,0.2009047716856002,0.223854660987854,0.3310406804084778,0.033539779484272,0.0110932299867272,-0.2255173325538635,-0.0706913918256759,-0.0311241373419761,-3.4831409454345703,-0.0588717050850391,-0.9765625,1.40380859375,31701,32225,32639,32505,0.95,cem_tuned_boundary,opp_m2_12000,0,12000,0,0,5.73871124581079,0.3476,0.0623959863699503,0.0064084106124937,0.0098294727504253,0.010227994993329,0.7160800099372864,-0.0002342931256862,0.0002609447401482,-0.0036768701393157,0.0064084106124937,0.0032938180956989,32780.0,2.4809672832489014
seeded_ic_v1,49980002,0.01026,0.00999,0.006174,10.081355,0.702747,0.30218121,adaptive_ramp_v1,18.0,0.08,12.565085172653198,adaptive_brake,0.2009047716856002,0.223854660987854,0.3310406804084778,0.033539779484272,0.0110932299867272,-0.2255173325538635,-0.0710966885089874,-0.0116277318447828,-3.4550411701202397,-7.968285353854299e-05,-0.9765625,1.4038081169128418,31701,32225,32639,32505,0.95,cem_tuned_boundary,opp_m2_12000,0,12000,0,0,5.73871124581079,0.3476,0.0623959863699503,0.0064084106124937,0.0098294727504253,0.010227994993329,0.7160800099372864,-0.0002342931256862,0.0002609447401482,-0.0036768701393157,0.0064084106124937,0.0032938180956989,32780.0,2.481119155883789
seeded_ic_v1,49980002,0.01026,0.00999,0.006174,10.081355,0.702747,0.30218121,adaptive_ramp_v1,18.0,0.08,12.565149545669556,adaptive_brake,0.2009047716856002,0.223854660987854,0.3310406804084778,0.033539779484272,0.0110932299867272,-0.2255173325538635,-0.0710966885089874,-0.0116277318447828,-3.4550411701202397,-7.968285353854299e-05,-0.9765625,1.4038081169128418,32283,32227,33247,32505,0.95,cem_tuned_boundary,opp_m2_12000,0,12000,0,0,5.73871124581079,0.3476,0.0623959863699503,0.0064084106124937,0.0098294727504253,0.010227994993329,0.7160800099372864,-0.0002342931256862,0.0002609447401482,-0.0036768701393157,0.0064084106124937,0.0032938180956989,32780.0,2.4811835289001465
seeded_ic_v1,49980002,0.01026,0.00999,0.006174,10.081355,0.702747,0.30218121,adaptive_ramp_v1,18.0,0.08,12.584985971450806,adaptive_brake,0.2015532106161117,0.2240973114967346,0.3264569640159607,0.0334726497530937,0.0114224553108215,-0.2281123101711273,-0.0710966885089874,-0.0116277318447828,-3.4550411701202397,-7.968285353854299e-05,-0.9765625,1.4038081169128418,32283,32227,33247,32505,0.95,cem_tuned_boundary,opp_m2_12000,0,12000,0,0,5.73871124581079,0.3476,0.0623959863699503,0.0064084106124937,0.0098294727504253,0.010227994993329,0.7160800099372864,-0.0002342931256862,0.0002609447401482,-0.0036768701393157,0.0064084106124937,0.0032938180956989,32780.0,2.5010199546813965
seeded_ic_v1,49980002,0.01026,0.00999,0.006174,10.081355,0.702747,0.30218121,adaptive_ramp_v1,18.0,0.08,12.585152864456177,adaptive_brake,0.2015532106161117,0.2240973114967346,0.3264569640159607,0.0334726497530937,0.0114224553108215,-0.2281123101711273,-0.070037692785263,0.0076828296296298,-3.426941156387329,0.1622802019119262,-0.912843942642212,1.4038081169128418,32283,32227,33247,32505,0.95,cem_tuned_boundary,opp_m2_12000,0,12000,0,0,5.73871124581079,0.3476,0.0623959863699503,0.0064084106124937,0.0098294727504253,0.010227994993329,0.7160800099372864,-0.0002342931256862,0.0002609447401482,-0.0036768701393157,0.0064084106124937,0.0032938180956989,32780.0,2.5011868476867676
seeded_ic_v1,49980002,0.01026,0.00999,0.006174,10.081355,0.702747,0.30218121,adaptive_ramp_v1,18.0,0.08,12.585233449935911,adaptive_brake,0.2015532106161117,0.2240973114967346,0.3264569640159607,0.0334726497530937,0.0114224553108215,-0.2281123101711273,-0.070037692785263,0.0076828296296298,-3.426941156387329,0.1622802019119262,-0.912843942642212,1.4038081169128418,31743,32275,32651,32505,0.95,cem_tuned_boundary,opp_m2_12000,0,12000,0,0,5.73871124581079,0.3476,0.0623959863699503,0.0064084106124937,0.0098294727504253,0.010227994993329,0.7160800099372864,-0.0002342931256862,0.0002609447401482,-0.0036768701393157,0.0064084106124937,0.0032938180956989,32780.0,2.501267433166502
seeded_ic_v1,49980002,0.01026,0.00999,0.006174,10.081355,0.702747,0.30218121,adaptive_ramp_v1,18.0,0.08,12.605703353881836,adaptive_brake,0.2021992653608322,0.2243466079235077,0.3218165636062622,0.0333390496671199,0.0117493700236082,-0.2306672632694244,-0.070037692785263,0.0076828296296298,-3.426941156387329,0.1622802019119262,-0.912843942642212,1.4038081169128418,31743,32275,32651,32505,0.95,cem_tuned_boundary,opp_m2_12000,0,12000,0,0,5.73871124581079,0.3476,0.0623959863699503,0.0064084106124937,0.0098294727504253,0.010227994993329,0.7160800099372864,-0.0002342931256862,0.0002609447401482,-0.0036768701393157,0.0064084106124937,0.0032938180956989,32780.0,2.5217373371124268
seeded_ic_v1,49980002,0.01026,0.00999,0.006174,10.081355,0.702747,0.30218121,adaptive_ramp_v1,18.0,0.08,12.606035947799684,adaptive_brake,0.2021992653608322,0.2243466079235077,0.3218165636062622,0.0333390496671199,0.0117493700236082,-0.2306672632694244,-0.0661045461893081,0.0254465136677026,-3.3988842964172363,0.2566288709640503,-0.8544126749038696,1.3425943851470947,31743,32275,32651,32505,0.95,cem_tuned_boundary,opp_m2_12000,0,12000,0,0,5.73871124581079,0.3476,0.0623959863699503,0.0064084106124937,0.0098294727504253,0.010227994993329,0.7160800099372864,-0.0002342931256862,0.0002609447401482,-0.0036768701393157,0.0064084106124937,0.0032938180956989,32780.0,2.522069931030275
seeded_ic_v1,49980002,0.01026,0.00999,0.006174,10.081355,0.702747,0.30218121,adaptive_ramp_v1,18.0,0.08,12.607035875320436,adaptive_brake,0.2021992653608322,0.2243466079235077,0.3218165636062622,0.0333390496671199,0.0117493700236082,-0.2306672632694244,-0.0661045461893081,0.0254465136677026,-3.3988842964172363,0.2566288709640503,-0.8544126749038696,1.3425943851470947,32297,32253,33231,32505,0.95,cem_tuned_boundary,opp_m2_12000,0,12000,0,0,5.73871124581079,0.3476,0.0623959863699503,0.0064084106124937,0.0098294727504253,0.010227994993329,0.7160800099372864,-0.0002342931256862,0.0002609447401482,-0.0036768701393157,0.0064084106124937,0.0032938180956989,32780.0,2.523069858551027
seeded_ic_v1,49980002,0.01026,0.00999,0.006174,10.081355,0.702747,0.30218121,adaptive_ramp_v1,18.0,0.08,12.62494659423828,adaptive_brake,0.2028511315584182,0.2245991677045822,0.3171036839485168,0.0331882499158382,0.0120472526177763,-0.2332798093557357,-0.0661045461893081,0.0254465136677026,-3.3988842964172363,0.2566288709640503,-0.8544126749038696,1.3425943851470947,32297,32253,33231,32505,0.95,cem_tuned_boundary,opp_m2_12000,0,12000,0,0,5.73871124581079,0.3476,0.0623959863699503,0.0064084106124937,0.0098294727504253,0.010227994993329,0.7160800099372864,-0.0002342931256862,0.0002609447401482,-0.0036768701393157,0.0064084106124937,0.0032938180956989,32780.0,2.5409805774688703
seeded_ic_v1,49980002,0.01026,0.00999,0.006174,10.081355,0.702747,0.30218121,adaptive_ramp_v1,18.0,0.08,12.625099420547484,adaptive_brake,0.2028511315584182,0.2245991677045822,0.3171036839485168,0.0331882499158382,0.0120472526177763,-0.2332798093557357,-0.0602563880383968,0.0424594022333622,-3.3719842433929443,0.3663370609283447,-0.7932785749435425,1.3427659273147583,32297,32253,33231,32505,0.95,cem_tuned_boundary,opp_m2_12000,0,12000,0,0,5.73871124581079,0.3476,0.0623959863699503,0.0064084106124937,0.0098294727504253,0.010227994993329,0.7160800099372864,-0.0002342931256862,0.0002609447401482,-0.0036768701393157,0.0064084106124937,0.0032938180956989,32780.0,2.5411334037780744
seeded_ic_v1,49980002,0.01026,0.00999,0.006174,10.081355,0.702747,0.30218121,adaptive_ramp_v1,18.0,0.08,12.625167608261108,adaptive_brake,0.2028511315584182,0.2245991677045822,0.3171036839485168,0.0331882499158382,0.0120472526177763,-0.2332798093557357,-0.0602563880383968,0.0424594022333622,-3.3719842433929443,0.3663370609283447,-0.7932785749435425,1.3427659273147583,32311,32269,33189,32505,0.95,cem_tuned_boundary,opp_m2_12000,0,12000,0,0,5.73871124581079,0.3476,0.0623959863699503,0.0064084106124937,0.0098294727504253,0.010227994993329,0.7160800099372864,-0.0002342931256862,0.0002609447401482,-0.0036768701393157,0.0064084106124937,0.0032938180956989,32780.0,2.541201591491699
seeded_ic_v1,49980002,0.01026,0.00999,0.006174,10.081355,0.702747,0.30218121,adaptive_ramp_v1,18.0,0.08,12.64499020576477,adaptive_brake,0.203488141298294,0.2248606085777282,0.3123583495616913,0.0329310037195682,0.0123418476432561,-0.2358305901288986,-0.0602563880383968,0.0424594022333622,-3.3719842433929443,0.3663370609283447,-0.7932785749435425,1.3427659273147583,32311,32269,33189,32505,0.95,cem_tuned_boundary,opp_m2_12000,0,12000,0,0,5.73871124581079,0.3476,0.0623959863699503,0.0064084106124937,0.0098294727504253,0.010227994993329,0.7160800099372864,-0.0002342931256862,0.0002609447401482,-0.0036768701393157,0.0064084106124937,0.0032938180956989,32780.0,2.5610241889953613
seeded_ic_v1,49980002,0.01026,0.00999,0.006174,10.081355,0.702747,0.30218121,adaptive_ramp_v1,18.0,0.08,12.645174264907835,adaptive_brake,0.203488141298294,0.2248606085777282,0.3123583495616913,0.0329310037195682,0.0123418476432561,-0.2358305901288986,-0.052543718367815,0.058327704668045,-3.345113039016724,0.4276120960712433,-0.7545127868652344,1.3427729606628418,32311,32269,33189,32505,0.95,cem_tuned_boundary,opp_m2_12000,0,12000,0,0,5.73871124581079,0.3476,0.0623959863699503,0.0064084106124937,0.0098294727504253,0.010227994993329,0.7160800099372864,-0.0002342931256862,0.0002609447401482,-0.0036768701393157,0.0064084106124937,0.0032938180956989,32780.0,2.561208248138426
seeded_ic_v1,49980002,0.01026,0.00999,0.006174,10.081355,0.702747,0.30218121,adaptive_ramp_v1,18.0,0.08,12.645267248153688,adaptive_brake,0.203488141298294,0.2248606085777282,0.3123583495616913,0.0329310037195682,0.0123418476432561,-0.2358305901288986,-0.052543718367815,0.058327704668045,-3.345113039016724,0.4276120960712433,-0.7545127868652344,1.3427729606628418,31729,32247,32617,32505,0.95,cem_tuned_boundary,opp_m2_12000,0,12000,0,0,5.73871124581079,0.3476,0.0623959863699503,0.0064084106124937,0.0098294727504253,0.010227994993329,0.7160800099372864,-0.0002342931256862,0.0002609447401482,-0.0036768701393157,0.0064084106124937,0.0032938180956989,32780.0,2.561301231384279
seeded_ic_v1,49980002,0.01026,0.00999,0.006174,10.081355,0.702747,0.30218121,adaptive_ramp_v1,18.0,0.08,12.664911031723022,adaptive_brake,0.2041084617376327,0.2251297384500503,0.3075822293758392,0.0325672850012779,0.0126231955364346,-0.2382564842700958,-0.052543718367815,0.058327704668045,-3.345113039016724,0.4276120960712433,-0.7545127868652344,1.3427729606628418,31729,32247,32617,32505,0.95,cem_tuned_boundary,opp_m2_12000,0,12000,0,0,5.73871124581079,0.3476,0.0623959863699503,0.0064084106124937,0.0098294727504253,0.010227994993329,0.7160800099372864,-0.0002342931256862,0.0002609447401482,-0.0036768701393157,0.0064084106124937,0.0032938180956989,32780.0,2.5809450149536133
seeded_ic_v1,49980002,0.01026,0.00999,0.006174,10.081355,0.702747,0.30218121,adaptive_ramp_v1,18.0,0.08,12.665064334869385,adaptive_brake,0.2041084617376327,0.2251297384500503,0.3075822293758392,0.0325672850012779,0.0126231955364346,-0.2382564842700958,-0.043213702738285,0.0730809420347213,-3.318245649337769,0.5377060770988464,-0.671207070350647,1.3427729606628418,31729,32247,32617,32505,0.95,cem_tuned_boundary,opp_m2_12000,0,12000,0,0,5.73871124581079,0.3476,0.0623959863699503,0.0064084106124937,0.0098294727504253,0.010227994993329,0.7160800099372864,-0.0002342931256862,0.0002609447401482,-0.0036768701393157,0.0064084106124937,0.0032938180956989,32780.0,2.5810983180999756
seeded_ic_v1,49980002,0.01026,0.00999,0.006174,10.081355,0.702747,0.30218121,adaptive_ramp_v1,18.0,0.08,12.665123224258425,adaptive_brake,0.2041084617376327,0.2251297384500503,0.3075822293758392,0.0325672850012779,0.0126231955364346,-0.2382564842700958,-0.043213702738285,0.0730809420347213,-3.318245649337769,0.5377060770988464,-0.671207070350647,1.3427729606628418,32349,32311,33193,32505,0.95,cem_tuned_boundary,opp_m2_12000,0,12000,0,0,5.73871124581079,0.3476,0.0623959863699503,0.0064084106124937,0.0098294727504253,0.010227994993329,0.7160800099372864,-0.0002342931256862,0.0002609447401482,-0.0036768701393157,0.0064084106124937,0.0032938180956989,32780.0,2.5811572074890154
seeded_ic_v1,49980002,0.01026,0.00999,0.006174,10.081355,0.702747,0.30218121,adaptive_ramp_v1,18.0,0.08,12.68507981300354,adaptive_brake,0.204726442694664,0.2253922224044799,0.3028481304645538,0.0321774706244468,0.0128183085471391,-0.2401676625013351,-0.043213702738285,0.0730809420347213,-3.318245649337769,0.5377060770988464,-0.671207070350647,1.3427729606628418,32349,32311,33193,32505,0.95,cem_tuned_boundary,opp_m2_12000,0,12000,0,0,5.73871124581079,0.3476,0.0623959863699503,0.0064084106124937,0.0098294727504253,0.010227994993329,0.7160800099372864,-0.0002342931256862,0.0002609447401482,-0.0036768701393157,0.0064084106124937,0.0032938180956989,32780.0,2.601113796234131
seeded_ic_v1,49980002,0.01026,0.00999,0.006174,10.081355,0.702747,0.30218121,adaptive_ramp_v1,18.0,0.08,12.685240030288696,adaptive_brake,0.204726442694664,0.2253922224044799,0.3028481304645538,0.0321774706244468,0.0128183085471391,-0.2401676625013351,-0.0324050709605217,0.0864514037966728,-3.2913811206817627,0.5493171215057373,-0.608045220375061,1.368505597114563,32349,32311,33193,32505,0.95,cem_tuned_boundary,opp_m2_12000,0,12000,0,0,5.73871124581079,0.3476,0.0623959863699503,0.0064084106124937,0.0098294727504253,0.010227994993329,0.7160800099372864,-0.0002342931256862,0.0002609447401482,-0.0036768701393157,0.0064084106124937,0.0032938180956989,32780.0,2.601274013519287
seeded_ic_v1,49980002,0.01026,0.00999,0.006174,10.081355,0.702747,0.30218121,adaptive_ramp_v1,18.0,0.08,12.68534255027771,adaptive_brake,0.204726442694664,0.2253922224044799,0.3028481304645538,0.0321774706244468,0.0128183085471391,-0.2401676625013351,-0.0324050709605217,0.0864514037966728,-3.2913811206817627,0.5493171215057373,-0.608045220375061,1.368505597114563,32325,32293,33211,32505,0.95,cem_tuned_boundary,opp_m2_12000,0,12000,0,0,5.73871124581079,0.3476,0.0623959863699503,0.0064084106124937,0.0098294727504253,0.010227994993329,0.7160800099372864,-0.0002342931256862,0.0002609447401482,-0.0036768701393157,0.0064084106124937,0.0032938180956989,32780.0,2.601376533508301
seeded_ic_v1,49980002,0.01026,0.00999,0.006174,10.081355,0.702747,0.30218121,adaptive_ramp_v1,18.0,0.08,12.70497727394104,adaptive_brake,0.205341562628746,0.2256666421890258,0.2979407012462616,0.0317675694823265,0.0130156185477972,-0.2428272664546966,-0.0324050709605217,0.0864514037966728,-3.2913811206817627,0.5493171215057373,-0.608045220375061,1.368505597114563,32325,32293,33211,32505,0.95,cem_tuned_boundary,opp_m2_12000,0,12000,0,0,5.73871124581079,0.3476,0.0623959863699503,0.0064084106124937,0.0098294727504253,0.010227994993329,0.7160800099372864,-0.0002342931256862,0.0002609447401482,-0.0036768701393157,0.0064084106124937,0.0032938180956989,32780.0,2.621011257171631
seeded_ic_v1,49980002,0.01026,0.00999,0.006174,10.081355,0.702747,0.30218121,adaptive_ramp_v1,18.0,0.08,12.70535969734192,adaptive_brake,0.205341562628746,0.2256666421890258,0.2979407012462616,0.0317675694823265,0.0130156185477972,-0.2428272664546966,-0.0207768287509679,0.0983384922146797,-3.26352858543396,0.610209584236145,-0.5479209423065186,1.4037988185882568,32325,32293,33211,32505,0.95,cem_tuned_boundary,opp_m2_12000,0,12000,0,0,5.73871124581079,0.3476,0.0623959863699503,0.0064084106124937,0.0098294727504253,0.010227994993329,0.7160800099372864,-0.0002342931256862,0.0002609447401482,-0.0036768701393157,0.0064084106124937,0.0032938180956989,32780.0,2.6213936805725115
seeded_ic_v1,49980002,0.01026,0.00999,0.006174,10.081355,0.702747,0.30218121,adaptive_ramp_v1,18.0,0.08,12.705502033233644,adaptive_brake,0.205341562628746,0.2256666421890258,0.2979407012462616,0.0317675694823265,0.0130156185477972,-0.2428272664546966,-0.0207768287509679,0.0983384922146797,-3.26352858543396,0.610209584236145,-0.5479209423065186,1.4037988185882568,31789,32327,32677,32505,0.95,cem_tuned_boundary,opp_m2_12000,0,12000,0,0,5.73871124581079,0.3476,0.0623959863699503,0.0064084106124937,0.0098294727504253,0.010227994993329,0.7160800099372864,-0.0002342931256862,0.0002609447401482,-0.0036768701393157,0.0064084106124937,0.0032938180956989,32780.0,2.621536016464235
seeded_ic_v1,49980002,0.01026,0.00999,0.006174,10.081355,0.702747,0.30218121,adaptive_ramp_v1,18.0,0.08,12.72500491142273,adaptive_brake,0.2059467136859893,0.2259433716535568,0.2929873168468475,0.0313102230429649,0.0131689785048365,-0.2453751266002655,-0.0207768287509679,0.0983384922146797,-3.26352858543396,0.610209584236145,-0.5479209423065186,1.4037988185882568,31789,32327,32677,32505,0.95,cem_tuned_boundary,opp_m2_12000,0,12000,0,0,5.73871124581079,0.3476,0.0623959863699503,0.0064084106124937,0.0098294727504253,0.010227994993329,0.7160800099372864,-0.0002342931256862,0.0002609447401482,-0.0036768701393157,0.0064084106124937,0.0032938180956989,32780.0,2.6410388946533203
seeded_ic_v1,49980002,0.01026,0.00999,0.006174,10.081355,0.702747,0.30218121,adaptive_ramp_v1,18.0,0.08,12.725163698196411,adaptive_brake,0.2059467136859893,0.2259433716535568,0.2929873168468475,0.0313102230429649,0.0131689785048365,-0.2453751266002655,-0.0083105526864528,0.1084193140268325,-3.235450029373169,0.6727768182754517,-0.4250313937664032,1.4038081169128418,31789,32327,32677,32505,0.95,cem_tuned_boundary,opp_m2_12000,0,12000,0,0,5.73871124581079,0.3476,0.0623959863699503,0.0064084106124937,0.0098294727504253,0.010227994993329,0.7160800099372864,-0.0002342931256862,0.0002609447401482,-0.0036768701393157,0.0064084106124937,0.0032938180956989,32780.0,2.641197681427002
seeded_ic_v1,49980002,0.01026,0.00999,0.006174,10.081355,0.702747,0.30218121,adaptive_ramp_v1,18.0,0.08,12.72522497177124,adaptive_brake,0.2059467136859893,0.2259433716535568,0.2929873168468475,0.0313102230429649,0.0131689785048365,-0.2453751266002655,-0.0083105526864528,0.1084193140268325,-3.235450029373169,0.6727768182754517,-0.4250313937664032,1.4038081169128418,32401,32317,33243,32505,0.95,cem_tuned_boundary,opp_m2_12000,0,12000,0,0,5.73871124581079,0.3476,0.0623959863699503,0.0064084106124937,0.0098294727504253,0.010227994993329,0.7160800099372864,-0.0002342931256862,0.0002609447401482,-0.0036768701393157,0.0064084106124937,0.0032938180956989,32780.0,2.641258955001831
seeded_ic_v1,49980002,0.01026,0.00999,0.006174,10.081355,0.702747,0.30218121,adaptive_ramp_v1,18.0,0.08,12.744953393936155,adaptive_brake,0.206541046500206,0.2262213677167892,0.2879900932312011,0.0308120884001255,0.0132742878049612,-0.2479230910539627,-0.0083105526864528,0.1084193140268325,-3.235450029373169,0.6727768182754517,-0.4250313937664032,1.4038081169128418,32401,32317,33243,32505,0.95,cem_tuned_boundary,opp_m2_12000,0,12000,0,0,5.73871124581079,0.3476,0.0623959863699503,0.0064084106124937,0.0098294727504253,0.010227994993329,0.7160800099372864,-0.0002342931256862,0.0002609447401482,-0.0036768701393157,0.0064084106124937,0.0032938180956989,32780.0,2.6609873771667463
seeded_ic_v1,49980002,0.01026,0.00999,0.006174,10.081355,0.702747,0.30218121,adaptive_ramp_v1,18.0,0.08,12.745094776153564,adaptive_brake,0.206541046500206,0.2262213677167892,0.2879900932312011,0.0308120884001255,0.0132742878049612,-0.2479230910539627,0.0050715748220682,0.1165293604135513,-3.2073171138763428,0.67138671875,-0.3658463954925537,1.4035742282867432,32401,32317,33243,32505,0.95,cem_tuned_boundary,opp_m2_12000,0,12000,0,0,5.73871124581079,0.3476,0.0623959863699503,0.0064084106124937,0.0098294727504253,0.010227994993329,0.7160800099372864,-0.0002342931256862,0.0002609447401482,-0.0036768701393157,0.0064084106124937,0.0032938180956989,32780.0,2.6611287593841553
seeded_ic_v1,49980002,0.01026,0.00999,0.006174,10.081355,0.702747,0.30218121,adaptive_ramp_v1,18.0,0.08,12.745181560516356,adaptive_brake,0.206541046500206,0.2262213677167892,0.2879900932312011,0.0308120884001255,0.0132742878049612,-0.2479230910539627,0.0050715748220682,0.1165293604135513,-3.2073171138763428,0.67138671875,-0.3658463954925537,1.4035742282867432,31817,32345,32675,32505,0.95,cem_tuned_boundary,opp_m2_12000,0,12000,0,0,5.73871124581079,0.3476,0.0623959863699503,0.0064084106124937,0.0098294727504253,0.010227994993329,0.7160800099372864,-0.0002342931256862,0.0002609447401482,-0.0036768701393157,0.0064084106124937,0.0032938180956989,32780.0,2.6612155437469465
seeded_ic_v1,49980002,0.01026,0.00999,0.006174,10.081355,0.702747,0.30218121,adaptive_ramp_v1,18.0,0.08,12.763922452926636,adaptive_brake,0.207154095172882,0.2265128344297409,0.2827005684375763,0.0302585884928703,0.0133276004344224,-0.2503778040409088,0.0050715748220682,0.1165293604135513,-3.2073171138763428,0.67138671875,-0.3658463954925537,1.4035742282867432,31817,32345,32675,32505,0.95,cem_tuned_boundary,opp_m2_12000,0,12000,0,0,5.73871124581079,0.3476,0.0623959863699503,0.0064084106124937,0.0098294727504253,0.010227994993329,0.7160800099372864,-0.0002342931256862,0.0002609447401482,-0.0036768701393157,0.0064084106124937,0.0032938180956989,32780.0,2.6799564361572266
seeded_ic_v1,49980002,0.01026,0.00999,0.006174,10.081355,0.702747,0.30218121,adaptive_ramp_v1,18.0,0.08,12.764198303222656,adaptive_brake,0.207154095172882,0.2265128344297409,0.2827005684375763,0.0302585884928703,0.0133276004344224,-0.2503778040409088,0.019856933504343,0.1234739646315574,-3.1778345108032227,0.7322849631309509,-0.2931849062442779,1.4038068056106567,31817,32345,32675,32505,0.95,cem_tuned_boundary,opp_m2_12000,0,12000,0,0,5.73871124581079,0.3476,0.0623959863699503,0.0064084106124937,0.0098294727504253,0.010227994993329,0.7160800099372864,-0.0002342931256862,0.0002609447401482,-0.0036768701393157,0.0064084106124937,0.0032938180956989,32780.0,2.680232286453247
seeded_ic_v1,49980002,0.01026,0.00999,0.006174,10.081355,0.702747,0.30218121,adaptive_ramp_v1,18.0,0.08,12.764264583587646,adaptive_brake,0.207154095172882,0.2265128344297409,0.2827005684375763,0.0302585884928703,0.0133276004344224,-0.2503778040409088,0.019856933504343,0.1234739646315574,-3.1778345108032227,0.7322849631309509,-0.2931849062442779,1.4038068056106567,32499,32355,33315,32505,0.95,cem_tuned_boundary,opp_m2_12000,0,12000,0,0,5.73871124581079,0.3476,0.0623959863699503,0.0064084106124937,0.0098294727504253,0.010227994993329,0.7160800099372864,-0.0002342931256862,0.0002609447401482,-0.0036768701393157,0.0064084106124937,0.0032938180956989,32780.0,2.6802985668182373
seeded_ic_v1,49980002,0.01026,0.00999,0.006174,10.081355,0.702747,0.30218121,adaptive_ramp_v1,18.0,0.08,12.783979177474976,adaptive_brake,0.2077187001705169,0.2267877161502838,0.277674525976181,0.0296705849468708,0.0133151104673743,-0.2524624764919281,0.019856933504343,0.1234739646315574,-3.1778345108032227,0.7322849631309509,-0.2931849062442779,1.4038068056106567,32499,32355,33315,32505,0.95,cem_tuned_boundary,opp_m2_12000,0,12000,0,0,5.73871124581079,0.3476,0.0623959863699503,0.0064084106124937,0.0098294727504253,0.010227994993329,0.7160800099372864,-0.0002342931256862,0.0002609447401482,-0.0036768701393157,0.0064084106124937,0.0032938180956989,32780.0,2.7000131607055664
seeded_ic_v1,49980002,0.01026,0.00999,0.006174,10.081355,0.702747,0.30218121,adaptive_ramp_v1,18.0,0.08,12.784145593643188,adaptive_brake,0.2077187001705169,0.2267877161502838,0.277674525976181,0.0296705849468708,0.0133151104673743,-0.2524624764919281,0.0342558324337005,0.1282918155193328,-3.149203062057495,0.6690875291824341,-0.1802152246236801,1.466874361038208,32499,32355,33315,32505,0.95,cem_tuned_boundary,opp_m2_12000,0,12000,0,0,5.73871124581079,0.3476,0.0623959863699503,0.0064084106124937,0.0098294727504253,0.010227994993329,0.7160800099372864,-0.0002342931256862,0.0002609447401482,-0.0036768701393157,0.0064084106124937,0.0032938180956989,32780.0,2.7001795768737793
seeded_ic_v1,49980002,0.01026,0.00999,0.006174,10.081355,0.702747,0.30218121,adaptive_ramp_v1,18.0,0.08,12.784221649169922,adaptive_brake,0.2077187001705169,0.2267877161502838,0.277674525976181,0.0296705849468708,0.0133151104673743,-0.2524624764919281,0.0342558324337005,0.1282918155193328,-3.149203062057495,0.6690875291824341,-0.1802152246236801,1.466874361038208,31823,32311,32651,32505,0.95,cem_tuned_boundary,opp_m2_12000,0,12000,0,0,5.73871124581079,0.3476,0.0623959863699503,0.0064084106124937,0.0098294727504253,0.010227994993329,0.7160800099372864,-0.0002342931256862,0.0002609447401482,-0.0036768701393157,0.0064084106124937,0.0032938180956989,32780.0,2.7002556324005127
seeded_ic_v1,49980002,0.01026,0.00999,0.006174,10.081355,0.702747,0.30218121,adaptive_ramp_v1,18.0,0.08,12.80403184890747,adaptive_brake,0.208006277680397,0.2269400209188461,0.2749164700508117,0.029254000633955,0.0132972793653607,-0.2535011172294616,0.0342558324337005,0.1282918155193328,-3.149203062057495,0.6690875291824341,-0.1802152246236801,1.466874361038208,31823,32311,32651,32505,0.95,cem_tuned_boundary,opp_m2_12000,0,12000,0,0,5.73871124581079,0.3476,0.0623959863699503,0.0064084106124937,0.0098294727504253,0.010227994993329,0.7160800099372864,-0.0002342931256862,0.0002609447401482,-0.0036768701393157,0.0064084106124937,0.0032938180956989,32780.0,2.7200658321380615
seeded_ic_v1,49980002,0.01026,0.00999,0.006174,10.081355,0.702747,0.30218121,adaptive_ramp_v1,18.0,0.08,12.804185390472412,adaptive_brake,0.208006277680397,0.2269400209188461,0.2749164700508117,0.029254000633955,0.0132972793653607,-0.2535011172294616,0.0418393164873123,0.1303044706583023,-3.1330840587615967,0.7322784662246704,-0.1191478222608566,1.4648457765579224,31823,32311,32651,32505,0.95,cem_tuned_boundary,opp_m2_12000,0,12000,0,0,5.73871124581079,0.3476,0.0623959863699503,0.0064084106124937,0.0098294727504253,0.010227994993329,0.7160800099372864,-0.0002342931256862,0.0002609447401482,-0.0036768701393157,0.0064084106124937,0.0032938180956989,32780.0,2.720219373703003
seeded_ic_v1,49980002,0.01026,0.00999,0.006174,10.081355,0.702747,0.30218121,adaptive_ramp_v1,18.0,0.08,12.804268836975098,adaptive_brake,0.208006277680397,0.2269400209188461,0.2749164700508117,0.029254000633955,0.0132972793653607,-0.2535011172294616,0.0418393164873123,0.1303044706583023,-3.1330840587615967,0.7322784662246704,-0.1191478222608566,1.4648457765579224,31877,32357,32659,32505,0.95,cem_tuned_boundary,opp_m2_12000,0,12000,0,0,5.73871124581079,0.3476,0.0623959863699503,0.0064084106124937,0.0098294727504253,0.010227994993329,0.7160800099372864,-0.0002342931256862,0.0002609447401482,-0.0036768701393157,0.0064084106124937,0.0032938180956989,32780.0,2.7203028202056885
seeded_ic_v1,49980002,0.01026,0.00999,0.006174,10.081355,0.702747,0.30218121,adaptive_ramp_v1,18.0,0.08,12.824381113052368,adaptive_brake,0.2085709571838379,0.2272197157144546,0.269667237997055,0.0285711679607629,0.0131737403571605,-0.2550863027572632,0.0418393164873123,0.1303044706583023,-3.1330840587615967,0.7322784662246704,-0.1191478222608566,1.4648457765579224,31877,32357,32659,32505,0.95,cem_tuned_boundary,opp_m2_12000,0,12000,0,0,5.73871124581079,0.3476,0.0623959863699503,0.0064084106124937,0.0098294727504253,0.010227994993329,0.7160800099372864,-0.0002342931256862,0.0002609447401482,-0.0036768701393157,0.0064084106124937,0.0032938180956989,32780.0,2.740415096282959
seeded_ic_v1,49980002,0.01026,0.00999,0.006174,10.081355,0.702747,0.30218121,adaptive_ramp_v1,18.0,0.08,12.824817419052124,adaptive_brake,0.2085709571838379,0.2272197157144546,0.269667237997055,0.0285711679607629,0.0131737403571605,-0.2550863027572632,0.0571603626012802,0.1331323981285095,-3.1023647785186768,0.6693133115768433,-0.0596415102481842,1.403010368347168,31877,32357,32659,32505,0.95,cem_tuned_boundary,opp_m2_12000,0,12000,0,0,5.73871124581079,0.3476,0.0623959863699503,0.0064084106124937,0.0098294727504253,0.010227994993329,0.7160800099372864,-0.0002342931256862,0.0002609447401482,-0.0036768701393157,0.0064084106124937,0.0032938180956989,32780.0,2.740851402282715
seeded_ic_v1,49980002,0.01026,0.00999,0.006174,10.081355,0.702747,0.30218121,adaptive_ramp_v1,18.0,0.08,12.824898958206177,adaptive_brake,0.2085709571838379,0.2272197157144546,0.269667237997055,0.0285711679607629,0.0131737403571605,-0.2550863027572632,0.0571603626012802,0.1331323981285095,-3.1023647785186768,0.6693133115768433,-0.0596415102481842,1.403010368347168,31875,32373,32661,32505,0.95,cem_tuned_boundary,opp_m2_12000,0,12000,0,0,5.73871124581079,0.3476,0.0623959863699503,0.0064084106124937,0.0098294727504253,0.010227994993329,0.7160800099372864,-0.0002342931256862,0.0002609447401482,-0.0036768701393157,0.0064084106124937,0.0032938180956989,32780.0,2.7409329414367676
seeded_ic_v1,49980002,0.01026,0.00999,0.006174,10.081355,0.702747,0.30218121,adaptive_ramp_v1,18.0,0.08,12.84394145011902,adaptive_brake,0.2090953439474105,0.2274828404188156,0.2646188735961914,0.0279102455824613,0.0130042228847742,-0.2565288841724396,0.0571603626012802,0.1331323981285095,-3.1023647785186768,0.6693133115768433,-0.0596415102481842,1.403010368347168,31875,32373,32661,32505,0.95,cem_tuned_boundary,opp_m2_12000,0,12000,0,0,5.73871124581079,0.3476,0.0623959863699503,0.0064084106124937,0.0098294727504253,0.010227994993329,0.7160800099372864,-0.0002342931256862,0.0002609447401482,-0.0036768701393157,0.0064084106124937,0.0032938180956989,32780.0,2.759975433349611
seeded_ic_v1,49980002,0.01026,0.00999,0.006174,10.081355,0.702747,0.30218121,adaptive_ramp_v1,18.0,0.08,12.844080686569214,adaptive_brake,0.2090953439474105,0.2274828404188156,0.2646188735961914,0.0279102455824613,0.0130042228847742,-0.2565288841724396,0.0706323906779289,0.134007379412651,-3.0742640495300293,0.671385645866394,-8.438152144663036e-05,1.378076195716858,31875,32373,32661,32505,0.95,cem_tuned_boundary,opp_m2_12000,0,12000,0,0,5.73871124581079,0.3476,0.0623959863699503,0.0064084106124937,0.0098294727504253,0.010227994993329,0.7160800099372864,-0.0002342931256862,0.0002609447401482,-0.0036768701393157,0.0064084106124937,0.0032938180956989,32780.0,2.7601146697998047
seeded_ic_v1,49980002,0.01026,0.00999,0.006174,10.081355,0.702747,0.30218121,adaptive_ramp_v1,18.0,0.08,12.844157457351685,adaptive_brake,0.2090953439474105,0.2274828404188156,0.2646188735961914,0.0279102455824613,0.0130042228847742,-0.2565288841724396,0.0706323906779289,0.134007379412651,-3.0742640495300293,0.671385645866394,-8.438152144663036e-05,1.378076195716858,31897,32391,32661,32505,0.95,cem_tuned_boundary,opp_m2_12000,0,12000,0,0,5.73871124581079,0.3476,0.0623959863699503,0.0064084106124937,0.0098294727504253,0.010227994993329,0.7160800099372864,-0.0002342931256862,0.0002609447401482,-0.0036768701393157,0.0064084106124937,0.0032938180956989,32780.0,2.7601914405822754
seeded_ic_v1,49980002,0.01026,0.00999,0.006174,10.081355,0.702747,0.30218121,adaptive_ramp_v1,18.0,0.08,12.863837242126465,adaptive_brake,0.2096085250377655,0.2277416288852691,0.2595205307006836,0.0272550582885742,0.0127867702394723,-0.2580666542053222,0.0706323906779289,0.134007379412651,-3.0742640495300293,0.671385645866394,-8.438152144663036e-05,1.378076195716858,31897,32391,32661,32505,0.95,cem_tuned_boundary,opp_m2_12000,0,12000,0,0,5.73871124581079,0.3476,0.0623959863699503,0.0064084106124937,0.0098294727504253,0.010227994993329,0.7160800099372864,-0.0002342931256862,0.0002609447401482,-0.0036768701393157,0.0064084106124937,0.0032938180956989,32780.0,2.7798712253570557
seeded_ic_v1,49980002,0.01026,0.00999,0.006174,10.081355,0.702747,0.30218121,adaptive_ramp_v1,18.0,0.08,12.864047765731812,adaptive_brake,0.2096085250377655,0.2277416288852691,0.2595205307006836,0.0272550582885742,0.0127867702394723,-0.2580666542053222,0.0839163213968277,0.1339111775159835,-3.046813488006592,0.6099919080734253,0.1223265156149864,1.342782497406006,31897,32391,32661,32505,0.95,cem_tuned_boundary,opp_m2_12000,0,12000,0,0,5.73871124581079,0.3476,0.0623959863699503,0.0064084106124937,0.0098294727504253,0.010227994993329,0.7160800099372864,-0.0002342931256862,0.0002609447401482,-0.0036768701393157,0.0064084106124937,0.0032938180956989,32780.0,2.7800817489624023
seeded_ic_v1,49980002,0.01026,0.00999,0.006174,10.081355,0.702747,0.30218121,adaptive_ramp_v1,18.0,0.08,12.864126682281494,adaptive_brake,0.2096085250377655,0.2277416288852691,0.2595205307006836,0.0272550582885742,0.0127867702394723,-0.2580666542053222,0.0839163213968277,0.1339111775159835,-3.046813488006592,0.6099919080734253,0.1223265156149864,1.342782497406006,31893,32363,32617,32505,0.95,cem_tuned_boundary,opp_m2_12000,0,12000,0,0,5.73871124581079,0.3476,0.0623959863699503,0.0064084106124937,0.0098294727504253,0.010227994993329,0.7160800099372864,-0.0002342931256862,0.0002609447401482,-0.0036768701393157,0.0064084106124937,0.0032938180956989,32780.0,2.780160665512085
seeded_ic_v1,49980002,0.01026,0.00999,0.006174,10.081355,0.702747,0.30218121,adaptive_ramp_v1,18.0,0.08,12.883893489837646,adaptive_brake,0.210110530257225,0.2279950976371765,0.2543738186359405,0.0266089551150798,0.0125223267823457,-0.259685069322586,0.0839163213968277,0.1339111775159835,-3.046813488006592,0.6099919080734253,0.1223265156149864,1.342782497406006,31893,32363,32617,32505,0.95,cem_tuned_boundary,opp_m2_12000,0,12000,0,0,5.73871124581079,0.3476,0.0623959863699503,0.0064084106124937,0.0098294727504253,0.010227994993329,0.7160800099372864,-0.0002342931256862,0.0002609447401482,-0.0036768701393157,0.0064084106124937,0.0032938180956989,32780.0,2.7999274730682373
seeded_ic_v1,49980002,0.01026,0.00999,0.006174,10.081355,0.702747,0.30218121,adaptive_ramp_v1,18.0,0.08,12.884169816970823,adaptive_brake,0.210110530257225,0.2279950976371765,0.2543738186359405,0.0266089551150798,0.0125223267823457,-0.259685069322586,0.0960647240281105,0.1315787434577942,-3.019954204559326,0.5608419179916382,0.221913069486618,1.3427735567092896,31893,32363,32617,32505,0.95,cem_tuned_boundary,opp_m2_12000,0,12000,0,0,5.73871124581079,0.3476,0.0623959863699503,0.0064084106124937,0.0098294727504253,0.010227994993329,0.7160800099372864,-0.0002342931256862,0.0002609447401482,-0.0036768701393157,0.0064084106124937,0.0032938180956989,32780.0,2.8002038002014142
seeded_ic_v1,49980002,0.01026,0.00999,0.006174,10.081355,0.702747,0.30218121,adaptive_ramp_v1,18.0,0.08,12.884247779846191,adaptive_brake,0.210110530257225,0.2279950976371765,0.2543738186359405,0.0266089551150798,0.0125223267823457,-0.259685069322586,0.0960647240281105,0.1315787434577942,-3.019954204559326,0.5608419179916382,0.221913069486618,1.3427735567092896,31877,32305,32587,32505,0.95,cem_tuned_boundary,opp_m2_12000,0,12000,0,0,5.73871124581079,0.3476,0.0623959863699503,0.0064084106124937,0.0098294727504253,0.010227994993329,0.7160800099372864,-0.0002342931256862,0.0002609447401482,-0.0036768701393157,0.0064084106124937,0.0032938180956989,32780.0,2.8002817630767822
seeded_ic_v1,49980002,0.01026,0.00999,0.006174,10.081355,0.702747,0.30218121,adaptive_ramp_v1,18.0,0.08,12.90407109260559,adaptive_brake,0.2106249779462814,0.2282534539699554,0.2489460706710815,0.0259445793926715,0.0121925277635455,-0.2614061832427978,0.0960647240281105,0.1315787434577942,-3.019954204559326,0.5608419179916382,0.221913069486618,1.3427735567092896,31877,32305,32587,32505,0.95,cem_tuned_boundary,opp_m2_12000,0,12000,0,0,5.73871124581079,0.3476,0.0623959863699503,0.0064084106124937,0.0098294727504253,0.010227994993329,0.7160800099372864,-0.0002342931256862,0.0002609447401482,-0.0036768701393157,0.0064084106124937,0.0032938180956989,32780.0,2.8201050758361816
seeded_ic_v1,49980002,0.01026,0.00999,0.006174,10.081355,0.702747,0.30218121,adaptive_ramp_v1,18.0,0.08,12.904208421707152,adaptive_brake,0.2106249779462814,0.2282534539699554,0.2489460706710815,0.0259445793926715,0.0121925277635455,-0.2614061832427978,0.1080084145069122,0.1270247548818588,-2.9917478561401367,0.5493105053901672,0.3009771704673767,1.3427735567092896,31877,32305,32587,32505,0.95,cem_tuned_boundary,opp_m2_12000,0,12000,0,0,5.73871124581079,0.3476,0.0623959863699503,0.0064084106124937,0.0098294727504253,0.010227994993329,0.7160800099372864,-0.0002342931256862,0.0002609447401482,-0.0036768701393157,0.0064084106124937,0.0032938180956989,32780.0,2.8202424049377424
seeded_ic_v1,49980002,0.01026,0.00999,0.006174,10.081355,0.702747,0.30218121,adaptive_ramp_v1,18.0,0.08,12.904294490814207,adaptive_brake,0.2106249779462814,0.2282534539699554,0.2489460706710815,0.0259445793926715,0.0121925277635455,-0.2614061832427978,0.1080084145069122,0.1270247548818588,-2.9917478561401367,0.5493105053901672,0.3009771704673767,1.3427735567092896,31933,32345,32583,32505,0.95,cem_tuned_boundary,opp_m2_12000,0,12000,0,0,5.73871124581079,0.3476,0.0623959863699503,0.0064084106124937,0.0098294727504253,0.010227994993329,0.7160800099372864,-0.0002342931256862,0.0002609447401482,-0.0036768701393157,0.0064084106124937,0.0032938180956989,32780.0,2.820328474044798
seeded_ic_v1,49980002,0.01026,0.00999,0.006174,10.081355,0.702747,0.30218121,adaptive_ramp_v1,18.0,0.08,12.9242205619812,adaptive_brake,0.2111206799745559,0.22850102186203,0.2435451447963714,0.0252734534442424,0.0118045257404446,-0.2628796696662903,0.1080084145069122,0.1270247548818588,-2.9917478561401367,0.5493105053901672,0.3009771704673767,1.3427735567092896,31933,32345,32583,32505,0.95,cem_tuned_boundary,opp_m2_12000,0,12000,0,0,5.73871124581079,0.3476,0.0623959863699503,0.0064084106124937,0.0098294727504253,0.010227994993329,0.7160800099372864,-0.0002342931256862,0.0002609447401482,-0.0036768701393157,0.0064084106124937,0.0032938180956989,32780.0,2.84025454521179
seeded_ic_v1,49980002,0.01026,0.00999,0.006174,10.081355,0.702747,0.30218121,adaptive_ramp_v1,18.0,0.08,12.924415588378906,adaptive_brake,0.2111206799745559,0.22850102186203,0.2435451447963714,0.0252734534442424,0.0118045257404446,-0.2628796696662903,0.1191730052232742,0.1210493296384811,-2.963538408279419,0.4883566498756408,0.3309153020381927,1.3427735567092896,31933,32345,32583,32505,0.95,cem_tuned_boundary,opp_m2_12000,0,12000,0,0,5.73871124581079,0.3476,0.0623959863699503,0.0064084106124937,0.0098294727504253,0.010227994993329,0.7160800099372864,-0.0002342931256862,0.0002609447401482,-0.0036768701393157,0.0064084106124937,0.0032938180956989,32780.0,2.840449571609497
seeded_ic_v1,49980002,0.01026,0.00999,0.006174,10.081355,0.702747,0.30218121,adaptive_ramp_v1,18.0,0.08,12.924500465393066,adaptive_brake,0.2111206799745559,0.22850102186203,0.2435451447963714,0.0252734534442424,0.0118045257404446,-0.2628796696662903,0.1191730052232742,0.1210493296384811,-2.963538408279419,0.4883566498756408,0.3309153020381927,1.3427735567092896,31945,32349,32579,32505,0.95,cem_tuned_boundary,opp_m2_12000,0,12000,0,0,5.73871124581079,0.3476,0.0623959863699503,0.0064084106124937,0.0098294727504253,0.010227994993329,0.7160800099372864,-0.0002342931256862,0.0002609447401482,-0.0036768701393157,0.0064084106124937,0.0032938180956989,32780.0,2.8405344486236572
seeded_ic_v1,49980002,0.01026,0.00999,0.006174,10.081355,0.702747,0.30218121,adaptive_ramp_v1,18.0,0.08,12.943881034851074,adaptive_brake,0.211581215262413,0.2287289202213287,0.238344669342041,0.0246606301516294,0.0113978758454322,-0.2643386423587799,0.1191730052232742,0.1210493296384811,-2.963538408279419,0.4883566498756408,0.3309153020381927,1.3427735567092896,31945,32349,32579,32505,0.95,cem_tuned_boundary,opp_m2_12000,0,12000,0,0,5.73871124581079,0.3476,0.0623959863699503,0.0064084106124937,0.0098294727504253,0.010227994993329,0.7160800099372864,-0.0002342931256862,0.0002609447401482,-0.0036768701393157,0.0064084106124937,0.0032938180956989,32780.0,2.859915018081665
seeded_ic_v1,49980002,0.01026,0.00999,0.006174,10.081355,0.702747,0.30218121,adaptive_ramp_v1,18.0,0.08,12.944128513336182,adaptive_brake,0.211581215262413,0.2287289202213287,0.238344669342041,0.0246606301516294,0.0113978758454322,-0.2643386423587799,0.1283735632896423,0.1142549067735672,-2.937231063842773,0.3884266316890716,0.3783292472362518,1.2818225622177124,31945,32349,32579,32505,0.95,cem_tuned_boundary,opp_m2_12000,0,12000,0,0,5.73871124581079,0.3476,0.0623959863699503,0.0064084106124937,0.0098294727504253,0.010227994993329,0.7160800099372864,-0.0002342931256862,0.0002609447401482,-0.0036768701393157,0.0064084106124937,0.0032938180956989,32780.0,2.8601624965667725
seeded_ic_v1,49980002,0.01026,0.00999,0.006174,10.081355,0.702747,0.30218121,adaptive_ramp_v1,18.0,0.08,12.944215297698976,adaptive_brake,0.211581215262413,0.2287289202213287,0.238344669342041,0.0246606301516294,0.0113978758454322,-0.2643386423587799,0.1283735632896423,0.1142549067735672,-2.937231063842773,0.3884266316890716,0.3783292472362518,1.2818225622177124,31899,32321,32577,32505,0.95,cem_tuned_boundary,opp_m2_12000,0,12000,0,0,5.73871124581079,0.3476,0.0623959863699503,0.0064084106124937,0.0098294727504253,0.010227994993329,0.7160800099372864,-0.0002342931256862,0.0002609447401482,-0.0036768701393157,0.0064084106124937,0.0032938180956989,32780.0,2.860249280929567
seeded_ic_v1,49980002,0.01026,0.00999,0.006174,10.081355,0.702747,0.30218121,adaptive_ramp_v1,18.0,0.08,12.964698553085327,adaptive_brake,0.2120546996593475,0.2289585471153259,0.2328502982854843,0.0240542944520711,0.0109348259866237,-0.2658260464668274,0.1283735632896423,0.1142549067735672,-2.937231063842773,0.3884266316890716,0.3783292472362518,1.2818225622177124,31899,32321,32577,32505,0.95,cem_tuned_boundary,opp_m2_12000,0,12000,0,0,5.73871124581079,0.3476,0.0623959863699503,0.0064084106124937,0.0098294727504253,0.010227994993329,0.7160800099372864,-0.0002342931256862,0.0002609447401482,-0.0036768701393157,0.0064084106124937,0.0032938180956989,32780.0,2.880732536315918
seeded_ic_v1,49980002,0.01026,0.00999,0.006174,10.081355,0.702747,0.30218121,adaptive_ramp_v1,18.0,0.08,12.96489953994751,adaptive_brake,0.2120546996593475,0.2289585471153259,0.2328502982854843,0.0240542944520711,0.0109348259866237,-0.2658260464668274,0.136420652270317,0.1058796346187591,-2.910311698913574,0.3662050664424896,0.4272365570068359,1.218630075454712,31899,32321,32577,32505,0.95,cem_tuned_boundary,opp_m2_12000,0,12000,0,0,5.73871124581079,0.3476,0.0623959863699503,0.0064084106124937,0.0098294727504253,0.010227994993329,0.7160800099372864,-0.0002342931256862,0.0002609447401482,-0.0036768701393157,0.0064084106124937,0.0032938180956989,32780.0,2.8809335231781006
seeded_ic_v1,49980002,0.01026,0.00999,0.006174,10.081355,0.702747,0.30218121,adaptive_ramp_v1,18.0,0.08,12.964979887008669,adaptive_brake,0.2120546996593475,0.2289585471153259,0.2328502982854843,0.0240542944520711,0.0109348259866237,-0.2658260464668274,0.136420652270317,0.1058796346187591,-2.910311698913574,0.3662050664424896,0.4272365570068359,1.218630075454712,31927,32349,32549,32505,0.95,cem_tuned_boundary,opp_m2_12000,0,12000,0,0,5.73871124581079,0.3476,0.0623959863699503,0.0064084106124937,0.0098294727504253,0.010227994993329,0.7160800099372864,-0.0002342931256862,0.0002609447401482,-0.0036768701393157,0.0064084106124937,0.0032938180956989,32780.0,2.8810138702392596
seeded_ic_v1,49980002,0.01026,0.00999,0.006174,10.081355,0.702747,0.30218121,adaptive_ramp_v1,18.0,0.08,12.98496127128601,adaptive_brake,0.2124933004379272,0.2291671931743621,0.227589264512062,0.0235016532242298,0.0104630291461944,-0.2673055529594421,0.136420652270317,0.1058796346187591,-2.910311698913574,0.3662050664424896,0.4272365570068359,1.218630075454712,31927,32349,32549,32505,0.95,cem_tuned_boundary,opp_m2_12000,0,12000,0,0,5.73871124581079,0.3476,0.0623959863699503,0.0064084106124937,0.0098294727504253,0.010227994993329,0.7160800099372864,-0.0002342931256862,0.0002609447401482,-0.0036768701393157,0.0064084106124937,0.0032938180956989,32780.0,2.9009952545166016
seeded_ic_v1,49980002,0.01026,0.00999,0.006174,10.081355,0.702747,0.30218121,adaptive_ramp_v1,18.0,0.08,12.985233783721924,adaptive_brake,0.2124933004379272,0.2291671931743621,0.227589264512062,0.0235016532242298,0.0104630291461944,-0.2673055529594421,0.1432151049375534,0.0973956882953643,-2.885546922683716,0.3053174316883087,0.4272459745407104,1.2818137407302856,31927,32349,32549,32505,0.95,cem_tuned_boundary,opp_m2_12000,0,12000,0,0,5.73871124581079,0.3476,0.0623959863699503,0.0064084106124937,0.0098294727504253,0.010227994993329,0.7160800099372864,-0.0002342931256862,0.0002609447401482,-0.0036768701393157,0.0064084106124937,0.0032938180956989,32780.0,2.9012677669525146
seeded_ic_v1,49980002,0.01026,0.00999,0.006174,10.081355,0.702747,0.30218121,adaptive_ramp_v1,18.0,0.08,12.985300064086914,adaptive_brake,0.2124933004379272,0.2291671931743621,0.227589264512062,0.0235016532242298,0.0104630291461944,-0.2673055529594421,0.1432151049375534,0.0973956882953643,-2.885546922683716,0.3053174316883087,0.4272459745407104,1.2818137407302856,31953,32355,32565,32505,0.95,cem_tuned_boundary,opp_m2_12000,0,12000,0,0,5.73871124581079,0.3476,0.0623959863699503,0.0064084106124937,0.0098294727504253,0.010227994993329,0.7160800099372864,-0.0002342931256862,0.0002609447401482,-0.0036768701393157,0.0064084106124937,0.0032938180956989,32780.0,2.901334047317505
seeded_ic_v1,49980002,0.01026,0.00999,0.006174,10.081355,0.702747,0.30218121,adaptive_ramp_v1,18.0,0.08,13.005089044570925,adaptive_brake,0.2129245847463607,0.2293667197227478,0.2222648411989212,0.0229935552924871,0.0099706267938017,-0.2691327333450317,0.1432151049375534,0.0973956882953643,-2.885546922683716,0.3053174316883087,0.4272459745407104,1.2818137407302856,31953,32355,32565,32505,0.95,cem_tuned_boundary,opp_m2_12000,0,12000,0,0,5.73871124581079,0.3476,0.0623959863699503,0.0064084106124937,0.0098294727504253,0.010227994993329,0.7160800099372864,-0.0002342931256862,0.0002609447401482,-0.0036768701393157,0.0064084106124937,0.0032938180956989,32780.0,2.9211230278015154
seeded_ic_v1,49980002,0.01026,0.00999,0.006174,10.081355,0.702747,0.30218121,adaptive_ramp_v1,18.0,0.08,13.005359649658203,adaptive_brake,0.2129245847463607,0.2293667197227478,0.2222648411989212,0.0229935552924871,0.0099706267938017,-0.2691327333450317,0.1492578536272049,0.0889162719249725,-2.8598787784576416,0.2414574027061462,0.4905800819396972,1.281738042831421,31953,32355,32565,32505,0.95,cem_tuned_boundary,opp_m2_12000,0,12000,0,0,5.73871124581079,0.3476,0.0623959863699503,0.0064084106124937,0.0098294727504253,0.010227994993329,0.7160800099372864,-0.0002342931256862,0.0002609447401482,-0.0036768701393157,0.0064084106124937,0.0032938180956989,32780.0,2.921393632888794
seeded_ic_v1,49980002,0.01026,0.00999,0.006174,10.081355,0.702747,0.30218121,adaptive_ramp_v1,18.0,0.08,13.005486488342283,adaptive_brake,0.2129245847463607,0.2293667197227478,0.2222648411989212,0.0229935552924871,0.0099706267938017,-0.2691327333450317,0.1492578536272049,0.0889162719249725,-2.8598787784576416,0.2414574027061462,0.4905800819396972,1.281738042831421,31969,32349,32543,32505,0.95,cem_tuned_boundary,opp_m2_12000,0,12000,0,0,5.73871124581079,0.3476,0.0623959863699503,0.0064084106124937,0.0098294727504253,0.010227994993329,0.7160800099372864,-0.0002342931256862,0.0002609447401482,-0.0036768701393157,0.0064084106124937,0.0032938180956989,32780.0,2.921520471572874
seeded_ic_v1,49980002,0.01026,0.00999,0.006174,10.081355,0.702747,0.30218121,adaptive_ramp_v1,18.0,0.08,13.024954080581663,adaptive_brake,0.2133490890264511,0.2295567095279693,0.2168789654970169,0.0225287489593029,0.0094592720270156,-0.2710457742214203,0.1492578536272049,0.0889162719249725,-2.8598787784576416,0.2414574027061462,0.4905800819396972,1.281738042831421,31969,32349,32543,32505,0.95,cem_tuned_boundary,opp_m2_12000,0,12000,0,0,5.73871124581079,0.3476,0.0623959863699503,0.0064084106124937,0.0098294727504253,0.010227994993329,0.7160800099372864,-0.0002342931256862,0.0002609447401482,-0.0036768701393157,0.0064084106124937,0.0032938180956989,32780.0,2.940988063812254
seeded_ic_v1,49980002,0.01026,0.00999,0.006174,10.081355,0.702747,0.30218121,adaptive_ramp_v1,18.0,0.08,13.025179862976074,adaptive_brake,0.2133490890264511,0.2295567095279693,0.2168789654970169,0.0225287489593029,0.0094592720270156,-0.2710457742214203,0.1538534015417099,0.0793865844607353,-2.8342180252075195,0.1803634315729141,0.4882861375808716,1.2817381620407104,31969,32349,32543,32505,0.95,cem_tuned_boundary,opp_m2_12000,0,12000,0,0,5.73871124581079,0.3476,0.0623959863699503,0.0064084106124937,0.0098294727504253,0.010227994993329,0.7160800099372864,-0.0002342931256862,0.0002609447401482,-0.0036768701393157,0.0064084106124937,0.0032938180956989,32780.0,2.941213846206665
seeded_ic_v1,49980002,0.01026,0.00999,0.006174,10.081355,0.702747,0.30218121,adaptive_ramp_v1,18.0,0.08,13.025229692459106,adaptive_brake,0.2133490890264511,0.2295567095279693,0.2168789654970169,0.0225287489593029,0.0094592720270156,-0.2710457742214203,0.1538534015417099,0.0793865844607353,-2.8342180252075195,0.1803634315729141,0.4882861375808716,1.2817381620407104,31981,32357,32547,32505,0.95,cem_tuned_boundary,opp_m2_12000,0,12000,0,0,5.73871124581079,0.3476,0.0623959863699503,0.0064084106124937,0.0098294727504253,0.010227994993329,0.7160800099372864,-0.0002342931256862,0.0002609447401482,-0.0036768701393157,0.0064084106124937,0.0032938180956989,32780.0,2.9412636756896973
seeded_ic_v1,49980002,0.01026,0.00999,0.006174,10.081355,0.702747,0.30218121,adaptive_ramp_v1,18.0,0.08,13.044906616210938,adaptive_brake,0.2137673497200012,0.2297367602586746,0.21143439412117,0.0221090484410524,0.0089338598772883,-0.2730803787708282,0.1538534015417099,0.0793865844607353,-2.8342180252075195,0.1803634315729141,0.4882861375808716,1.2817381620407104,31981,32357,32547,32505,0.95,cem_tuned_boundary,opp_m2_12000,0,12000,0,0,5.73871124581079,0.3476,0.0623959863699503,0.0064084106124937,0.0098294727504253,0.010227994993329,0.7160800099372864,-0.0002342931256862,0.0002609447401482,-0.0036768701393157,0.0064084106124937,0.0032938180956989,32780.0,2.9609405994415283
seeded_ic_v1,49980002,0.01026,0.00999,0.006174,10.081355,0.702747,0.30218121,adaptive_ramp_v1,18.0,0.08,13.045133113861084,adaptive_brake,0.2137673497200012,0.2297367602586746,0.21143439412117,0.0221090484410524,0.0089338598772883,-0.2730803787708282,0.1568469405174255,0.0693801194429397,-2.8085553646087646,0.0963906422257423,0.5235081911087036,1.2817381620407104,31981,32357,32547,32505,0.95,cem_tuned_boundary,opp_m2_12000,0,12000,0,0,5.73871124581079,0.3476,0.0623959863699503,0.0064084106124937,0.0098294727504253,0.010227994993329,0.7160800099372864,-0.0002342931256862,0.0002609447401482,-0.0036768701393157,0.0064084106124937,0.0032938180956989,32780.0,2.961167097091675
seeded_ic_v1,49980002,0.01026,0.00999,0.006174,10.081355,0.702747,0.30218121,adaptive_ramp_v1,18.0,0.08,13.045209407806396,adaptive_brake,0.2137673497200012,0.2297367602586746,0.21143439412117,0.0221090484410524,0.0089338598772883,-0.2730803787708282,0.1568469405174255,0.0693801194429397,-2.8085553646087646,0.0963906422257423,0.5235081911087036,1.2817381620407104,31951,32333,32557,32505,0.95,cem_tuned_boundary,opp_m2_12000,0,12000,0,0,5.73871124581079,0.3476,0.0623959863699503,0.0064084106124937,0.0098294727504253,0.010227994993329,0.7160800099372864,-0.0002342931256862,0.0002609447401482,-0.0036768701393157,0.0064084106124937,0.0032938180956989,32780.0,2.9612433910369873
seeded_ic_v1,49980002,0.01026,0.00999,0.006174,10.081355,0.702747,0.30218121,adaptive_ramp_v1,18.0,0.08,13.063835382461548,adaptive_brake,0.2142023146152496,0.2299136817455291,0.2057479321956634,0.0217244587838649,0.0083660101518034,-0.2748350203037262,0.1568469405174255,0.0693801194429397,-2.8085553646087646,0.0963906422257423,0.5235081911087036,1.2817381620407104,31951,32333,32557,32505,0.95,cem_tuned_boundary,opp_m2_12000,0,12000,0,0,5.73871124581079,0.3476,0.0623959863699503,0.0064084106124937,0.0098294727504253,0.010227994993329,0.7160800099372864,-0.0002342931256862,0.0002609447401482,-0.0036768701393157,0.0064084106124937,0.0032938180956989,32780.0,2.9798693656921387
seeded_ic_v1,49980002,0.01026,0.00999,0.006174,10.081355,0.702747,0.30218121,adaptive_ramp_v1,18.0,0.08,13.064056396484377,adaptive_brake,0.2142023146152496,0.2299136817455291,0.2057479321956634,0.0217244587838649,0.0083660101518034,-0.2748350203037262,0.1585699915885925,0.0587195344269275,-2.7816097736358643,0.0221500527113676,0.4883332550525665,1.2817381620407104,31951,32333,32557,32505,0.95,cem_tuned_boundary,opp_m2_12000,0,12000,0,0,5.73871124581079,0.3476,0.0623959863699503,0.0064084106124937,0.0098294727504253,0.010227994993329,0.7160800099372864,-0.0002342931256862,0.0002609447401482,-0.0036768701393157,0.0064084106124937,0.0032938180956989,32780.0,2.9800903797149676
seeded_ic_v1,49980002,0.01026,0.00999,0.006174,10.081355,0.702747,0.30218121,adaptive_ramp_v1,18.0,0.08,13.06410264968872,adaptive_brake,0.2142023146152496,0.2299136817455291,0.2057479321956634,0.0217244587838649,0.0083660101518034,-0.2748350203037262,0.1585699915885925,0.0587195344269275,-2.7816097736358643,0.0221500527113676,0.4883332550525665,1.2817381620407104,31965,32305,32535,32505,0.95,cem_tuned_boundary,opp_m2_12000,0,12000,0,0,5.73871124581079,0.3476,0.0623959863699503,0.0064084106124937,0.0098294727504253,0.010227994993329,0.7160800099372864,-0.0002342931256862,0.0002609447401482,-0.0036768701393157,0.0064084106124937,0.0032938180956989,32780.0,2.9801366329193115
seeded_ic_v1,49980002,0.01026,0.00999,0.006174,10.081355,0.702747,0.30218121,adaptive_ramp_v1,18.0,0.08,13.083908081054688,adaptive_brake,0.2146054655313491,0.2300711721181869,0.2002458423376083,0.0213776975870132,0.0078209452331066,-0.2767412662506103,0.1585699915885925,0.0587195344269275,-2.7816097736358643,0.0221500527113676,0.4883332550525665,1.2817381620407104,31965,32305,32535,32505,0.95,cem_tuned_boundary,opp_m2_12000,0,12000,0,0,5.73871124581079,0.3476,0.0623959863699503,0.0064084106124937,0.0098294727504253,0.010227994993329,0.7160800099372864,-0.0002342931256862,0.0002609447401482,-0.0036768701393157,0.0064084106124937,0.0032938180956989,32780.0,2.9999420642852783
seeded_ic_v1,49980002,0.01026,0.00999,0.006174,10.081355,0.702747,0.30218121,adaptive_ramp_v1,18.0,0.08,13.084133625030518,adaptive_brake,0.2146054655313491,0.2300711721181869,0.2002458423376083,0.0213776975870132,0.0078209452331066,-0.2767412662506103,0.1588364690542221,0.0490241609513759,-2.7560274600982666,-8.381753104913514e-07,0.4882811903953552,1.218019723892212,31965,32305,32535,32505,0.95,cem_tuned_boundary,opp_m2_12000,0,12000,0,0,5.73871124581079,0.3476,0.0623959863699503,0.0064084106124937,0.0098294727504253,0.010227994993329,0.7160800099372864,-0.0002342931256862,0.0002609447401482,-0.0036768701393157,0.0064084106124937,0.0032938180956989,32780.0,3.0001676082611084
seeded_ic_v1,49980002,0.01026,0.00999,0.006174,10.081355,0.702747,0.30218121,adaptive_ramp_v1,18.0,0.08,13.084176301956177,adaptive_brake,0.2146054655313491,0.2300711721181869,0.2002458423376083,0.0213776975870132,0.0078209452331066,-0.2767412662506103,0.1588364690542221,0.0490241609513759,-2.7560274600982666,-8.381753104913514e-07,0.4882811903953552,1.218019723892212,31985,32325,32503,32505,0.95,cem_tuned_boundary,opp_m2_12000,0,12000,0,0,5.73871124581079,0.3476,0.0623959863699503,0.0064084106124937,0.0098294727504253,0.010227994993329,0.7160800099372864,-0.0002342931256862,0.0002609447401482,-0.0036768701393157,0.0064084106124937,0.0032938180956989,32780.0,3.0002102851867676
seeded_ic_v1,49980002,0.01026,0.00999,0.006174,10.081355,0.702747,0.30218121,adaptive_ramp_v1,18.0,0.08,13.10428023338318,adaptive_brake,0.2150047868490219,0.2302184849977493,0.1946847140789032,0.0210767332464456,0.0072771375998854,-0.2786943316459656,0.1588364690542221,0.0490241609513759,-2.7560274600982666,-8.381753104913514e-07,0.4882811903953552,1.218019723892212,31985,32325,32503,32505,0.95,cem_tuned_boundary,opp_m2_12000,0,12000,0,0,5.73871124581079,0.3476,0.0623959863699503,0.0064084106124937,0.0098294727504253,0.010227994993329,0.7160800099372864,-0.0002342931256862,0.0002609447401482,-0.0036768701393157,0.0064084106124937,0.0032938180956989,32780.0,3.0203142166137713
seeded_ic_v1,49980002,0.01026,0.00999,0.006174,10.081355,0.702747,0.30218121,adaptive_ramp_v1,18.0,0.08,13.104684352874756,adaptive_brake,0.2150047868490219,0.2302184849977493,0.1946847140789032,0.0210767332464456,0.0072771375998854,-0.2786943316459656,0.1586887538433075,0.0393262691795825,-2.7315831184387207,-0.0659238100051879,0.4882811903953552,1.2207010984420776,31985,32325,32503,32505,0.95,cem_tuned_boundary,opp_m2_12000,0,12000,0,0,5.73871124581079,0.3476,0.0623959863699503,0.0064084106124937,0.0098294727504253,0.010227994993329,0.7160800099372864,-0.0002342931256862,0.0002609447401482,-0.0036768701393157,0.0064084106124937,0.0032938180956989,32780.0,3.0207183361053467
seeded_ic_v1,49980002,0.01026,0.00999,0.006174,10.081355,0.702747,0.30218121,adaptive_ramp_v1,18.0,0.08,13.104807376861572,adaptive_brake,0.2150047868490219,0.2302184849977493,0.1946847140789032,0.0210767332464456,0.0072771375998854,-0.2786943316459656,0.1586887538433075,0.0393262691795825,-2.7315831184387207,-0.0659238100051879,0.4882811903953552,1.2207010984420776,31989,32311,32493,32505,0.95,cem_tuned_boundary,opp_m2_12000,0,12000,0,0,5.73871124581079,0.3476,0.0623959863699503,0.0064084106124937,0.0098294727504253,0.010227994993329,0.7160800099372864,-0.0002342931256862,0.0002609447401482,-0.0036768701393157,0.0064084106124937,0.0032938180956989,32780.0,3.020841360092163
seeded_ic_v1,49980002,0.01026,0.00999,0.006174,10.081355,0.702747,0.30218121,adaptive_ramp_v1,18.0,0.08,13.124086380004885,adaptive_brake,0.2154008448123932,0.2303556054830551,0.1890673637390136,0.0208201203495264,0.0067373807542026,-0.2807784080505371,0.1586887538433075,0.0393262691795825,-2.7315831184387207,-0.0659238100051879,0.4882811903953552,1.2207010984420776,31989,32311,32493,32505,0.95,cem_tuned_boundary,opp_m2_12000,0,12000,0,0,5.73871124581079,0.3476,0.0623959863699503,0.0064084106124937,0.0098294727504253,0.010227994993329,0.7160800099372864,-0.0002342931256862,0.0002609447401482,-0.0036768701393157,0.0064084106124937,0.0032938180956989,32780.0,3.0401203632354754
seeded_ic_v1,49980002,0.01026,0.00999,0.006174,10.081355,0.702747,0.30218121,adaptive_ramp_v1,18.0,0.08,13.12427544593811,adaptive_brake,0.2154008448123932,0.2303556054830551,0.1890673637390136,0.0208201203495264,0.0067373807542026,-0.2807784080505371,0.1566514074802398,0.0296444147825241,-2.7071874141693115,-0.1859402358531952,0.424947053194046,1.1567504405975342,31989,32311,32493,32505,0.95,cem_tuned_boundary,opp_m2_12000,0,12000,0,0,5.73871124581079,0.3476,0.0623959863699503,0.0064084106124937,0.0098294727504253,0.010227994993329,0.7160800099372864,-0.0002342931256862,0.0002609447401482,-0.0036768701393157,0.0064084106124937,0.0032938180956989,32780.0,3.040309429168701
seeded_ic_v1,49980002,0.01026,0.00999,0.006174,10.081355,0.702747,0.30218121,adaptive_ramp_v1,18.0,0.08,13.12435817718506,adaptive_brake,0.2154008448123932,0.2303556054830551,0.1890673637390136,0.0208201203495264,0.0067373807542026,-0.2807784080505371,0.1566514074802398,0.0296444147825241,-2.7071874141693115,-0.1859402358531952,0.424947053194046,1.1567504405975342,31951,32297,32493,32505,0.95,cem_tuned_boundary,opp_m2_12000,0,12000,0,0,5.73871124581079,0.3476,0.0623959863699503,0.0064084106124937,0.0098294727504253,0.010227994993329,0.7160800099372864,-0.0002342931256862,0.0002609447401482,-0.0036768701393157,0.0064084106124937,0.0032938180956989,32780.0,3.040392160415651
seeded_ic_v1,49980002,0.01026,0.00999,0.006174,10.081355,0.702747,0.30218121,adaptive_ramp_v1,18.0,0.08,13.14384698867798,adaptive_brake,0.2157942205667495,0.2304826825857162,0.1833942681550979,0.020605944097042,0.0062084337696433,-0.2830229103565216,0.1566514074802398,0.0296444147825241,-2.7071874141693115,-0.1859402358531952,0.424947053194046,1.1567504405975342,31951,32297,32493,32505,0.95,cem_tuned_boundary,opp_m2_12000,0,12000,0,0,5.73871124581079,0.3476,0.0623959863699503,0.0064084106124937,0.0098294727504253,0.010227994993329,0.7160800099372864,-0.0002342931256862,0.0002609447401482,-0.0036768701393157,0.0064084106124937,0.0032938180956989,32780.0,3.059880971908571
seeded_ic_v1,49980002,0.01026,0.00999,0.006174,10.081355,0.702747,0.30218121,adaptive_ramp_v1,18.0,0.08,13.144093036651611,adaptive_brake,0.2157942205667495,0.2304826825857162,0.1833942681550979,0.020605944097042,0.0062084337696433,-0.2830229103565216,0.1530052125453949,0.0211013071238994,-2.683945417404175,-0.1831087321043014,0.4272410571575165,1.159664273262024,31951,32297,32493,32505,0.95,cem_tuned_boundary,opp_m2_12000,0,12000,0,0,5.73871124581079,0.3476,0.0623959863699503,0.0064084106124937,0.0098294727504253,0.010227994993329,0.7160800099372864,-0.0002342931256862,0.0002609447401482,-0.0036768701393157,0.0064084106124937,0.0032938180956989,32780.0,3.060127019882202
seeded_ic_v1,49980002,0.01026,0.00999,0.006174,10.081355,0.702747,0.30218121,adaptive_ramp_v1,18.0,0.08,13.144155979156494,adaptive_brake,0.2157942205667495,0.2304826825857162,0.1833942681550979,0.020605944097042,0.0062084337696433,-0.2830229103565216,0.1530052125453949,0.0211013071238994,-2.683945417404175,-0.1831087321043014,0.4272410571575165,1.159664273262024,31967,32283,32459,32505,0.95,cem_tuned_boundary,opp_m2_12000,0,12000,0,0,5.73871124581079,0.3476,0.0623959863699503,0.0064084106124937,0.0098294727504253,0.010227994993329,0.7160800099372864,-0.0002342931256862,0.0002609447401482,-0.0036768701393157,0.0064084106124937,0.0032938180956989,32780.0,3.060189962387085
seeded_ic_v1,49980002,0.01026,0.00999,0.006174,10.081355,0.702747,0.30218121,adaptive_ramp_v1,18.0,0.08,13.16392946243286,adaptive_brake,0.2161854803562164,0.2305999100208282,0.1776657700538635,0.0204303581267595,0.005693981423974,-0.2853817343711853,0.1530052125453949,0.0211013071238994,-2.683945417404175,-0.1831087321043014,0.4272410571575165,1.159664273262024,31967,32283,32459,32505,0.95,cem_tuned_boundary,opp_m2_12000,0,12000,0,0,5.73871124581079,0.3476,0.0623959863699503,0.0064084106124937,0.0098294727504253,0.010227994993329,0.7160800099372864,-0.0002342931256862,0.0002609447401482,-0.0036768701393157,0.0064084106124937,0.0032938180956989,32780.0,3.0799634456634504
seeded_ic_v1,49980002,0.01026,0.00999,0.006174,10.081355,0.702747,0.30218121,adaptive_ramp_v1,18.0,0.08,13.1640727519989,adaptive_brake,0.2161854803562164,0.2305999100208282,0.1776657700538635,0.0204303581267595,0.005693981423974,-0.2853817343711853,0.148710697889328,0.0126175722107291,-2.66072940826416,-0.2440225780010223,0.4272459745407104,1.159667730331421,31967,32283,32459,32505,0.95,cem_tuned_boundary,opp_m2_12000,0,12000,0,0,5.73871124581079,0.3476,0.0623959863699503,0.0064084106124937,0.0098294727504253,0.010227994993329,0.7160800099372864,-0.0002342931256862,0.0002609447401482,-0.0036768701393157,0.0064084106124937,0.0032938180956989,32780.0,3.0801067352294904
seeded_ic_v1,49980002,0.01026,0.00999,0.006174,10.081355,0.702747,0.30218121,adaptive_ramp_v1,18.0,0.08,13.164128541946411,adaptive_brake,0.2161854803562164,0.2305999100208282,0.1776657700538635,0.0204303581267595,0.005693981423974,-0.2853817343711853,0.148710697889328,0.0126175722107291,-2.66072940826416,-0.2440225780010223,0.4272459745407104,1.159667730331421,31955,32249,32441,32505,0.95,cem_tuned_boundary,opp_m2_12000,0,12000,0,0,5.73871124581079,0.3476,0.0623959863699503,0.0064084106124937,0.0098294727504253,0.010227994993329,0.7160800099372864,-0.0002342931256862,0.0002609447401482,-0.0036768701393157,0.0064084106124937,0.0032938180956989,32780.0,3.080162525177002
seeded_ic_v1,49980002,0.01026,0.00999,0.006174,10.081355,0.702747,0.30218121,adaptive_ramp_v1,18.0,0.08,13.184010028839111,adaptive_brake,0.2165751755237579,0.2307076007127761,0.1718824654817581,0.0202919337898492,0.0051968866027891,-0.2878506779670715,0.148710697889328,0.0126175722107291,-2.66072940826416,-0.2440225780010223,0.4272459745407104,1.159667730331421,31955,32249,32441,32505,0.95,cem_tuned_boundary,opp_m2_12000,0,12000,0,0,5.73871124581079,0.3476,0.0623959863699503,0.0064084106124937,0.0098294727504253,0.010227994993329,0.7160800099372864,-0.0002342931256862,0.0002609447401482,-0.0036768701393157,0.0064084106124937,0.0032938180956989,32780.0,3.100044012069702
seeded_ic_v1,49980002,0.01026,0.00999,0.006174,10.081355,0.702747,0.30218121,adaptive_ramp_v1,18.0,0.08,13.184154033660889,adaptive_brake,0.2165751755237579,0.2307076007127761,0.1718824654817581,0.0202919337898492,0.0051968866027891,-0.2878506779670715,0.1438246518373489,0.0044424119405448,-2.637516021728516,-0.2441405057907104,0.3658514022827148,1.159667730331421,31955,32249,32441,32505,0.95,cem_tuned_boundary,opp_m2_12000,0,12000,0,0,5.73871124581079,0.3476,0.0623959863699503,0.0064084106124937,0.0098294727504253,0.010227994993329,0.7160800099372864,-0.0002342931256862,0.0002609447401482,-0.0036768701393157,0.0064084106124937,0.0032938180956989,32780.0,3.1001880168914795
seeded_ic_v1,49980002,0.01026,0.00999,0.006174,10.081355,0.702747,0.30218121,adaptive_ramp_v1,18.0,0.08,13.184237480163574,adaptive_brake,0.2165751755237579,0.2307076007127761,0.1718824654817581,0.0202919337898492,0.0051968866027891,-0.2878506779670715,0.1438246518373489,0.0044424119405448,-2.637516021728516,-0.2441405057907104,0.3658514022827148,1.159667730331421,31959,32249,32433,32505,0.95,cem_tuned_boundary,opp_m2_12000,0,12000,0,0,5.73871124581079,0.3476,0.0623959863699503,0.0064084106124937,0.0098294727504253,0.010227994993329,0.7160800099372864,-0.0002342931256862,0.0002609447401482,-0.0036768701393157,0.0064084106124937,0.0032938180956989,32780.0,3.100271463394165
seeded_ic_v1,49980002,0.01026,0.00999,0.006174,10.081355,0.702747,0.30218121,adaptive_ramp_v1,18.0,0.08,13.20428466796875,adaptive_brake,0.2169637531042099,0.2308061718940735,0.1660446524620056,0.0201873835176229,0.0047182752750813,-0.2903942763805389,0.1438246518373489,0.0044424119405448,-2.637516021728516,-0.2441405057907104,0.3658514022827148,1.159667730331421,31959,32249,32433,32505,0.95,cem_tuned_boundary,opp_m2_12000,0,12000,0,0,5.73871124581079,0.3476,0.0623959863699503,0.0064084106124937,0.0098294727504253,0.010227994993329,0.7160800099372864,-0.0002342931256862,0.0002609447401482,-0.0036768701393157,0.0064084106124937,0.0032938180956989,32780.0,3.120318651199341
seeded_ic_v1,49980002,0.01026,0.00999,0.006174,10.081355,0.702747,0.30218121,adaptive_ramp_v1,18.0,0.08,13.204561471939089,adaptive_brake,0.2169637531042099,0.2308061718940735,0.1660446524620056,0.0201873835176229,0.0047182752750813,-0.2903942763805389,0.1389414817094802,-0.0024404004216194,-2.6143054962158203,-0.244140625,0.3050986528396606,1.1689801216125488,31959,32249,32433,32505,0.95,cem_tuned_boundary,opp_m2_12000,0,12000,0,0,5.73871124581079,0.3476,0.0623959863699503,0.0064084106124937,0.0098294727504253,0.010227994993329,0.7160800099372864,-0.0002342931256862,0.0002609447401482,-0.0036768701393157,0.0064084106124937,0.0032938180956989,32780.0,3.1205954551696795
seeded_ic_v1,49980002,0.01026,0.00999,0.006174,10.081355,0.702747,0.30218121,adaptive_ramp_v1,18.0,0.08,13.204655647277832,adaptive_brake,0.2169637531042099,0.2308061718940735,0.1660446524620056,0.0201873835176229,0.0047182752750813,-0.2903942763805389,0.1389414817094802,-0.0024404004216194,-2.6143054962158203,-0.244140625,0.3050986528396606,1.1689801216125488,31971,32255,32435,32505,0.95,cem_tuned_boundary,opp_m2_12000,0,12000,0,0,5.73871124581079,0.3476,0.0623959863699503,0.0064084106124937,0.0098294727504253,0.010227994993329,0.7160800099372864,-0.0002342931256862,0.0002609447401482,-0.0036768701393157,0.0064084106124937,0.0032938180956989,32780.0,3.120689630508423
seeded_ic_v1,49980002,0.01026,0.00999,0.006174,10.081355,0.702747,0.30218121,adaptive_ramp_v1,18.0,0.08,13.224095582962036,adaptive_brake,0.2173517197370529,0.2308959513902664,0.1601535081863403,0.0201115421950817,0.0042585334740579,-0.292957991361618,0.1389414817094802,-0.0024404004216194,-2.6143054962158203,-0.244140625,0.3050986528396606,1.1689801216125488,31971,32255,32435,32505,0.95,cem_tuned_boundary,opp_m2_12000,0,12000,0,0,5.73871124581079,0.3476,0.0623959863699503,0.0064084106124937,0.0098294727504253,0.010227994993329,0.7160800099372864,-0.0002342931256862,0.0002609447401482,-0.0036768701393157,0.0064084106124937,0.0032938180956989,32780.0,3.140129566192627
seeded_ic_v1,49980002,0.01026,0.00999,0.006174,10.081355,0.702747,0.30218121,adaptive_ramp_v1,18.0,0.08,13.22442364692688,adaptive_brake,0.2173517197370529,0.2308959513902664,0.1601535081863403,0.0201115421950817,0.0042585334740579,-0.292957991361618,0.1336448341608047,-0.0083929365500807,-2.5908753871917725,-0.3052532076835632,0.2414576560258865,1.2076823711395264,31971,32255,32435,32505,0.95,cem_tuned_boundary,opp_m2_12000,0,12000,0,0,5.73871124581079,0.3476,0.0623959863699503,0.0064084106124937,0.0098294727504253,0.010227994993329,0.7160800099372864,-0.0002342931256862,0.0002609447401482,-0.0036768701393157,0.0064084106124937,0.0032938180956989,32780.0,3.1404576301574707
seeded_ic_v1,49980002,0.01026,0.00999,0.006174,10.081355,0.702747,0.30218121,adaptive_ramp_v1,18.0,0.08,13.224530458450316,adaptive_brake,0.2173517197370529,0.2308959513902664,0.1601535081863403,0.0201115421950817,0.0042585334740579,-0.292957991361618,0.1336448341608047,-0.0083929365500807,-2.5908753871917725,-0.3052532076835632,0.2414576560258865,1.2076823711395264,31973,32249,32447,32505,0.95,cem_tuned_boundary,opp_m2_12000,0,12000,0,0,5.73871124581079,0.3476,0.0623959863699503,0.0064084106124937,0.0098294727504253,0.010227994993329,0.7160800099372864,-0.0002342931256862,0.0002609447401482,-0.0036768701393157,0.0064084106124937,0.0032938180956989,32780.0,3.1405644416809064
seeded_ic_v1,49980002,0.01026,0.00999,0.006174,10.081355,0.702747,0.30218121,adaptive_ramp_v1,18.0,0.08,13.24400544166565,adaptive_brake,0.2177393734455108,0.2309773862361908,0.1542102843523025,0.0200606025755405,0.0038202863652259,-0.2955577671527862,0.1336448341608047,-0.0083929365500807,-2.5908753871917725,-0.3052532076835632,0.2414576560258865,1.2076823711395264,31973,32249,32447,32505,0.95,cem_tuned_boundary,opp_m2_12000,0,12000,0,0,5.73871124581079,0.3476,0.0623959863699503,0.0064084106124937,0.0098294727504253,0.010227994993329,0.7160800099372864,-0.0002342931256862,0.0002609447401482,-0.0036768701393157,0.0064084106124937,0.0032938180956989,32780.0,3.1600394248962402
seeded_ic_v1,49980002,0.01026,0.00999,0.006174,10.081355,0.702747,0.30218121,adaptive_ramp_v1,18.0,0.08,13.244142770767212,adaptive_brake,0.2177393734455108,0.2309773862361908,0.1542102843523025,0.0200606025755405,0.0038202863652259,-0.2955577671527862,0.127539113163948,-0.0132241118699312,-2.566641092300415,-0.3051754236221313,0.2441386729478836,1.2207053899765017,31973,32249,32447,32505,0.95,cem_tuned_boundary,opp_m2_12000,0,12000,0,0,5.73871124581079,0.3476,0.0623959863699503,0.0064084106124937,0.0098294727504253,0.010227994993329,0.7160800099372864,-0.0002342931256862,0.0002609447401482,-0.0036768701393157,0.0064084106124937,0.0032938180956989,32780.0,3.1601767539978027
seeded_ic_v1,49980002,0.01026,0.00999,0.006174,10.081355,0.702747,0.30218121,adaptive_ramp_v1,18.0,0.08,13.244213819503784,adaptive_brake,0.2177393734455108,0.2309773862361908,0.1542102843523025,0.0200606025755405,0.0038202863652259,-0.2955577671527862,0.127539113163948,-0.0132241118699312,-2.566641092300415,-0.3051754236221313,0.2441386729478836,1.2207053899765017,31981,32229,32431,32505,0.95,cem_tuned_boundary,opp_m2_12000,0,12000,0,0,5.73871124581079,0.3476,0.0623959863699503,0.0064084106124937,0.0098294727504253,0.010227994993329,0.7160800099372864,-0.0002342931256862,0.0002609447401482,-0.0036768701393157,0.0064084106124937,0.0032938180956989,32780.0,3.160247802734375
seeded_ic_v1,49980002,0.01026,0.00999,0.006174,10.081355,0.702747,0.30218121,adaptive_ramp_v1,18.0,0.08,13.263902425765991,adaptive_brake,0.2181270271539688,0.2310509383678436,0.1482154726982116,0.0200310721993446,0.0034055183641612,-0.298175036907196,0.127539113163948,-0.0132241118699312,-2.566641092300415,-0.3051754236221313,0.2441386729478836,1.2207053899765017,31981,32229,32431,32505,0.95,cem_tuned_boundary,opp_m2_12000,0,12000,0,0,5.73871124581079,0.3476,0.0623959863699503,0.0064084106124937,0.0098294727504253,0.010227994993329,0.7160800099372864,-0.0002342931256862,0.0002609447401482,-0.0036768701393157,0.0064084106124937,0.0032938180956989,32780.0,3.179936408996582
seeded_ic_v1,49980002,0.01026,0.00999,0.006174,10.081355,0.702747,0.30218121,adaptive_ramp_v1,18.0,0.08,13.264047145843506,adaptive_brake,0.2181270271539688,0.2310509383678436,0.1482154726982116,0.0200310721993446,0.0034055183641612,-0.298175036907196,0.1210677400231361,-0.0175525825470685,-2.54221773147583,-0.3662883043289184,0.1832422912120819,1.220702886581421,31981,32229,32431,32505,0.95,cem_tuned_boundary,opp_m2_12000,0,12000,0,0,5.73871124581079,0.3476,0.0623959863699503,0.0064084106124937,0.0098294727504253,0.010227994993329,0.7160800099372864,-0.0002342931256862,0.0002609447401482,-0.0036768701393157,0.0064084106124937,0.0032938180956989,32780.0,3.1800811290740967
seeded_ic_v1,49980002,0.01026,0.00999,0.006174,10.081355,0.702747,0.30218121,adaptive_ramp_v1,18.0,0.08,13.264115810394289,adaptive_brake,0.2181270271539688,0.2310509383678436,0.1482154726982116,0.0200310721993446,0.0034055183641612,-0.298175036907196,0.1210677400231361,-0.0175525825470685,-2.54221773147583,-0.3662883043289184,0.1832422912120819,1.220702886581421,31973,32215,32433,32505,0.95,cem_tuned_boundary,opp_m2_12000,0,12000,0,0,5.73871124581079,0.3476,0.0623959863699503,0.0064084106124937,0.0098294727504253,0.010227994993329,0.7160800099372864,-0.0002342931256862,0.0002609447401482,-0.0036768701393157,0.0064084106124937,0.0032938180956989,32780.0,3.1801497936248797
seeded_ic_v1,49980002,0.01026,0.00999,0.006174,10.081355,0.702747,0.30218121,adaptive_ramp_v1,18.0,0.08,13.283870220184326,adaptive_brake,0.2185149639844894,0.2311171144247055,0.1421706974506378,0.0200195778161287,0.003016400616616,-0.3007552325725555,0.1210677400231361,-0.0175525825470685,-2.54221773147583,-0.3662883043289184,0.1832422912120819,1.220702886581421,31973,32215,32433,32505,0.95,cem_tuned_boundary,opp_m2_12000,0,12000,0,0,5.73871124581079,0.3476,0.0623959863699503,0.0064084106124937,0.0098294727504253,0.010227994993329,0.7160800099372864,-0.0002342931256862,0.0002609447401482,-0.0036768701393157,0.0064084106124937,0.0032938180956989,32780.0,3.199904203414917
seeded_ic_v1,49980002,0.01026,0.00999,0.006174,10.081355,0.702747,0.30218121,adaptive_ramp_v1,18.0,0.08,13.28400444984436,adaptive_brake,0.2185149639844894,0.2311171144247055,0.1421706974506378,0.0200195778161287,0.003016400616616,-0.3007552325725555,0.1137450039386749,-0.0209154710173606,-2.517799139022827,-0.3662105202674866,0.1212724819779396,1.2061829566955566,31973,32215,32433,32505,0.95,cem_tuned_boundary,opp_m2_12000,0,12000,0,0,5.73871124581079,0.3476,0.0623959863699503,0.0064084106124937,0.0098294727504253,0.010227994993329,0.7160800099372864,-0.0002342931256862,0.0002609447401482,-0.0036768701393157,0.0064084106124937,0.0032938180956989,32780.0,3.200038433074951
seeded_ic_v1,49980002,0.01026,0.00999,0.006174,10.081355,0.702747,0.30218121,adaptive_ramp_v1,18.0,0.08,13.284082174301147,adaptive_brake,0.2185149639844894,0.2311171144247055,0.1421706974506378,0.0200195778161287,0.003016400616616,-0.3007552325725555,0.1137450039386749,-0.0209154710173606,-2.517799139022827,-0.3662105202674866,0.1212724819779396,1.2061829566955566,31979,32219,32427,32505,0.95,cem_tuned_boundary,opp_m2_12000,0,12000,0,0,5.73871124581079,0.3476,0.0623959863699503,0.0064084106124937,0.0098294727504253,0.010227994993329,0.7160800099372864,-0.0002342931256862,0.0002609447401482,-0.0036768701393157,0.0064084106124937,0.0032938180956989,32780.0,3.2001161575317383
seeded_ic_v1,49980002,0.01026,0.00999,0.006174,10.081355,0.702747,0.30218121,adaptive_ramp_v1,18.0,0.08,13.304053783416748,adaptive_brake,0.218903362751007,0.2311764508485794,0.1360772103071212,0.0200223140418529,0.0026548441965132,-0.3033210933208465,0.1137450039386749,-0.0209154710173606,-2.517799139022827,-0.3662105202674866,0.1212724819779396,1.2061829566955566,31979,32219,32427,32505,0.95,cem_tuned_boundary,opp_m2_12000,0,12000,0,0,5.73871124581079,0.3476,0.0623959863699503,0.0064084106124937,0.0098294727504253,0.010227994993329,0.7160800099372864,-0.0002342931256862,0.0002609447401482,-0.0036768701393157,0.0064084106124937,0.0032938180956989,32780.0,3.220087766647339
seeded_ic_v1,49980002,0.01026,0.00999,0.006174,10.081355,0.702747,0.30218121,adaptive_ramp_v1,18.0,0.08,13.304346799850464,adaptive_brake,0.218903362751007,0.2311764508485794,0.1360772103071212,0.0200223140418529,0.0026548441965132,-0.3033210933208465,0.1064298599958419,-0.0232981257140636,-2.4942102432250977,-0.3662109375,0.0831324905157089,1.1597460508346558,31979,32219,32427,32505,0.95,cem_tuned_boundary,opp_m2_12000,0,12000,0,0,5.73871124581079,0.3476,0.0623959863699503,0.0064084106124937,0.0098294727504253,0.010227994993329,0.7160800099372864,-0.0002342931256862,0.0002609447401482,-0.0036768701393157,0.0064084106124937,0.0032938180956989,32780.0,3.2203807830810547
seeded_ic_v1,49980002,0.01026,0.00999,0.006174,10.081355,0.702747,0.30218121,adaptive_ramp_v1,18.0,0.08,13.3044273853302,adaptive_brake,0.218903362751007,0.2311764508485794,0.1360772103071212,0.0200223140418529,0.0026548441965132,-0.3033210933208465,0.1064298599958419,-0.0232981257140636,-2.4942102432250977,-0.3662109375,0.0831324905157089,1.1597460508346558,31969,32247,32449,32505,0.95,cem_tuned_boundary,opp_m2_12000,0,12000,0,0,5.73871124581079,0.3476,0.0623959863699503,0.0064084106124937,0.0098294727504253,0.010227994993329,0.7160800099372864,-0.0002342931256862,0.0002609447401482,-0.0036768701393157,0.0064084106124937,0.0032938180956989,32780.0,3.220461368560791
seeded_ic_v1,49980002,0.01026,0.00999,0.006174,10.081355,0.702747,0.30218121,adaptive_ramp_v1,18.0,0.08,13.324576139450071,adaptive_brake,0.21929232776165,0.2312294989824295,0.1299359053373336,0.020035870373249,0.0023210525978356,-0.3058685064315796,0.1064298599958419,-0.0232981257140636,-2.4942102432250977,-0.3662109375,0.0831324905157089,1.1597460508346558,31969,32247,32449,32505,0.95,cem_tuned_boundary,opp_m2_12000,0,12000,0,0,5.73871124581079,0.3476,0.0623959863699503,0.0064084106124937,0.0098294727504253,0.010227994993329,0.7160800099372864,-0.0002342931256862,0.0002609447401482,-0.0036768701393157,0.0064084106124937,0.0032938180956989,32780.0,3.2406101226806623
seeded_ic_v1,49980002,0.01026,0.00999,0.006174,10.081355,0.702747,0.30218121,adaptive_ramp_v1,18.0,0.08,13.325111389160156,adaptive_brake,0.21929232776165,0.2312294989824295,0.1299359053373336,0.020035870373249,0.0023210525978356,-0.3058685064315796,0.0993625596165657,-0.0247325804084539,-2.4710135459899902,-0.3433153629302978,0.0610343068838119,1.1596676111221311,31969,32247,32449,32505,0.95,cem_tuned_boundary,opp_m2_12000,0,12000,0,0,5.73871124581079,0.3476,0.0623959863699503,0.0064084106124937,0.0098294727504253,0.010227994993329,0.7160800099372864,-0.0002342931256862,0.0002609447401482,-0.0036768701393157,0.0064084106124937,0.0032938180956989,32780.0,3.241145372390747
seeded_ic_v1,49980002,0.01026,0.00999,0.006174,10.081355,0.702747,0.30218121,adaptive_ramp_v1,18.0,0.08,13.325237274169922,adaptive_brake,0.21929232776165,0.2312294989824295,0.1299359053373336,0.020035870373249,0.0023210525978356,-0.3058685064315796,0.0993625596165657,-0.0247325804084539,-2.4710135459899902,-0.3433153629302978,0.0610343068838119,1.1596676111221311,31951,32181,32409,32505,0.95,cem_tuned_boundary,opp_m2_12000,0,12000,0,0,5.73871124581079,0.3476,0.0623959863699503,0.0064084106124937,0.0098294727504253,0.010227994993329,0.7160800099372864,-0.0002342931256862,0.0002609447401482,-0.0036768701393157,0.0064084106124937,0.0032938180956989,32780.0,3.2412712574005127
seeded_ic_v1,49980002,0.01026,0.00999,0.006174,10.081355,0.702747,0.30218121,adaptive_ramp_v1,18.0,0.08,13.343995809555054,adaptive_brake,0.219681978225708,0.2312768846750259,0.1237483322620391,0.0200566668063402,0.0020142018329352,-0.3083707690238952,0.0993625596165657,-0.0247325804084539,-2.4710135459899902,-0.3433153629302978,0.0610343068838119,1.1596676111221311,31951,32181,32409,32505,0.95,cem_tuned_boundary,opp_m2_12000,0,12000,0,0,5.73871124581079,0.3476,0.0623959863699503,0.0064084106124937,0.0098294727504253,0.010227994993329,0.7160800099372864,-0.0002342931256862,0.0002609447401482,-0.0036768701393157,0.0064084106124937,0.0032938180956989,32780.0,3.2600297927856445
seeded_ic_v1,49980002,0.01026,0.00999,0.006174,10.081355,0.702747,0.30218121,adaptive_ramp_v1,18.0,0.08,13.34412407875061,adaptive_brake,0.219681978225708,0.2312768846750259,0.1237483322620391,0.0200566668063402,0.0020142018329352,-0.3083707690238952,0.092350460588932,-0.0257287509739398,-2.4478189945220947,-0.3662119209766388,-0.0013903239741921,1.1596676111221311,31951,32181,32409,32505,0.95,cem_tuned_boundary,opp_m2_12000,0,12000,0,0,5.73871124581079,0.3476,0.0623959863699503,0.0064084106124937,0.0098294727504253,0.010227994993329,0.7160800099372864,-0.0002342931256862,0.0002609447401482,-0.0036768701393157,0.0064084106124937,0.0032938180956989,32780.0,3.260158061981201
seeded_ic_v1,49980002,0.01026,0.00999,0.006174,10.081355,0.702747,0.30218121,adaptive_ramp_v1,18.0,0.08,13.34420108795166,adaptive_brake,0.219681978225708,0.2312768846750259,0.1237483322620391,0.0200566668063402,0.0020142018329352,-0.3083707690238952,0.092350460588932,-0.0257287509739398,-2.4478189945220947,-0.3662119209766388,-0.0013903239741921,1.1596676111221311,31969,32197,32407,32505,0.95,cem_tuned_boundary,opp_m2_12000,0,12000,0,0,5.73871124581079,0.3476,0.0623959863699503,0.0064084106124937,0.0098294727504253,0.010227994993329,0.7160800099372864,-0.0002342931256862,0.0002609447401482,-0.0036768701393157,0.0064084106124937,0.0032938180956989,32780.0,3.260235071182251
seeded_ic_v1,49980002,0.01026,0.00999,0.006174,10.081355,0.702747,0.30218121,adaptive_ramp_v1,18.0,0.08,13.363884449005129,adaptive_brake,0.2200723141431808,0.2313191592693328,0.1175128519535064,0.0200820472091436,0.0017355368472635,-0.3109996914863586,0.092350460588932,-0.0257287509739398,-2.4478189945220947,-0.3662119209766388,-0.0013903239741921,1.1596676111221311,31969,32197,32407,32505,0.95,cem_tuned_boundary,opp_m2_12000,0,12000,0,0,5.73871124581079,0.3476,0.0623959863699503,0.0064084106124937,0.0098294727504253,0.010227994993329,0.7160800099372864,-0.0002342931256862,0.0002609447401482,-0.0036768701393157,0.0064084106124937,0.0032938180956989,32780.0,3.2799184322357195
seeded_ic_v1,49980002,0.01026,0.00999,0.006174,10.081355,0.702747,0.30218121,adaptive_ramp_v1,18.0,0.08,13.36400580406189,adaptive_brake,0.2200723141431808,0.2313191592693328,0.1175128519535064,0.0200820472091436,0.0017355368472635,-0.3109996914863586,0.0850369110703468,-0.0256807040423154,-2.424625873565674,-0.3662109076976776,-1.623852625698419e-07,1.1596676111221311,31969,32197,32407,32505,0.95,cem_tuned_boundary,opp_m2_12000,0,12000,0,0,5.73871124581079,0.3476,0.0623959863699503,0.0064084106124937,0.0098294727504253,0.010227994993329,0.7160800099372864,-0.0002342931256862,0.0002609447401482,-0.0036768701393157,0.0064084106124937,0.0032938180956989,32780.0,3.2800397872924805
seeded_ic_v1,49980002,0.01026,0.00999,0.006174,10.081355,0.702747,0.30218121,adaptive_ramp_v1,18.0,0.08,13.3640398979187,adaptive_brake,0.2200723141431808,0.2313191592693328,0.1175128519535064,0.0200820472091436,0.0017355368472635,-0.3109996914863586,0.0850369110703468,-0.0256807040423154,-2.424625873565674,-0.3662109076976776,-1.623852625698419e-07,1.1596676111221311,31967,32181,32397,32505,0.95,cem_tuned_boundary,opp_m2_12000,0,12000,0,0,5.73871124581079,0.3476,0.0623959863699503,0.0064084106124937,0.0098294727504253,0.010227994993329,0.7160800099372864,-0.0002342931256862,0.0002609447401482,-0.0036768701393157,0.0064084106124937,0.0032938180956989,32780.0,3.28007388114929
seeded_ic_v1,49980002,0.01026,0.00999,0.006174,10.081355,0.702747,0.30218121,adaptive_ramp_v1,18.0,0.08,13.38487982749939,adaptive_brake,0.2204824537038803,0.2313582748174667,0.1109328493475914,0.0201078169047832,0.0014710809336975,-0.313677966594696,0.0850369110703468,-0.0256807040423154,-2.424625873565674,-0.3662109076976776,-1.623852625698419e-07,1.1596676111221311,31967,32181,32397,32505,0.95,cem_tuned_boundary,opp_m2_12000,0,12000,0,0,5.73871124581079,0.3476,0.0623959863699503,0.0064084106124937,0.0098294727504253,0.010227994993329,0.7160800099372864,-0.0002342931256862,0.0002609447401482,-0.0036768701393157,0.0064084106124937,0.0032938180956989,32780.0,3.3009138107299805
seeded_ic_v1,49980002,0.01026,0.00999,0.006174,10.081355,0.702747,0.30218121,adaptive_ramp_v1,18.0,0.08,13.385052919387816,adaptive_brake,0.2204824537038803,0.2313582748174667,0.1109328493475914,0.0201078169047832,0.0014710809336975,-0.313677966594696,0.0773573592305183,-0.025271713733673,-2.400273561477661,-0.3633952736854553,-0.0868450254201889,1.1596674919128418,31967,32181,32397,32505,0.95,cem_tuned_boundary,opp_m2_12000,0,12000,0,0,5.73871124581079,0.3476,0.0623959863699503,0.0064084106124937,0.0098294727504253,0.010227994993329,0.7160800099372864,-0.0002342931256862,0.0002609447401482,-0.0036768701393157,0.0064084106124937,0.0032938180956989,32780.0,3.3010869026184064
seeded_ic_v1,49980002,0.01026,0.00999,0.006174,10.081355,0.702747,0.30218121,adaptive_ramp_v1,18.0,0.08,13.385104417800903,adaptive_brake,0.2204824537038803,0.2313582748174667,0.1109328493475914,0.0201078169047832,0.0014710809336975,-0.313677966594696,0.0773573592305183,-0.025271713733673,-2.400273561477661,-0.3633952736854553,-0.0868450254201889,1.1596674919128418,31957,32189,32419,32505,0.95,cem_tuned_boundary,opp_m2_12000,0,12000,0,0,5.73871124581079,0.3476,0.0623959863699503,0.0064084106124937,0.0098294727504253,0.010227994993329,0.7160800099372864,-0.0002342931256862,0.0002609447401482,-0.0036768701393157,0.0064084106124937,0.0032938180956989,32780.0,3.301138401031494
seeded_ic_v1,49980002,0.01026,0.00999,0.006174,10.081355,0.702747,0.30218121,adaptive_ramp_v1,18.0,0.08,13.405049562454224,adaptive_brake,0.2208704948425293,0.2313914895057678,0.1046613380312919,0.0201165899634361,0.0012493029935285,-0.3159903287887573,0.0773573592305183,-0.025271713733673,-2.400273561477661,-0.3633952736854553,-0.0868450254201889,1.1596674919128418,31957,32189,32419,32505,0.95,cem_tuned_boundary,opp_m2_12000,0,12000,0,0,5.73871124581079,0.3476,0.0623959863699503,0.0064084106124937,0.0098294727504253,0.010227994993329,0.7160800099372864,-0.0002342931256862,0.0002609447401482,-0.0036768701393157,0.0064084106124937,0.0032938180956989,32780.0,3.3210835456848145
seeded_ic_v1,49980002,0.01026,0.00999,0.006174,10.081355,0.702747,0.30218121,adaptive_ramp_v1,18.0,0.08,13.405238389968872,adaptive_brake,0.2208704948425293,0.2313914895057678,0.1046613380312919,0.0201165899634361,0.0012493029935285,-0.3159903287887573,0.0707919001579284,-0.0231429003179073,-2.3770830631256104,-0.3052602112293243,-0.1220429241657257,1.1596676111221311,31957,32189,32419,32505,0.95,cem_tuned_boundary,opp_m2_12000,0,12000,0,0,5.73871124581079,0.3476,0.0623959863699503,0.0064084106124937,0.0098294727504253,0.010227994993329,0.7160800099372864,-0.0002342931256862,0.0002609447401482,-0.0036768701393157,0.0064084106124937,0.0032938180956989,32780.0,3.321272373199463
seeded_ic_v1,49980002,0.01026,0.00999,0.006174,10.081355,0.702747,0.30218121,adaptive_ramp_v1,18.0,0.08,13.40532660484314,adaptive_brake,0.2208704948425293,0.2313914895057678,0.1046613380312919,0.0201165899634361,0.0012493029935285,-0.3159903287887573,0.0707919001579284,-0.0231429003179073,-2.3770830631256104,-0.3052602112293243,-0.1220429241657257,1.1596676111221311,31977,32193,32411,32505,0.95,cem_tuned_boundary,opp_m2_12000,0,12000,0,0,5.73871124581079,0.3476,0.0623959863699503,0.0064084106124937,0.0098294727504253,0.010227994993329,0.7160800099372864,-0.0002342931256862,0.0002609447401482,-0.0036768701393157,0.0064084106124937,0.0032938180956989,32780.0,3.3213605880737305
seeded_ic_v1,49980002,0.01026,0.00999,0.006174,10.081355,0.702747,0.30218121,adaptive_ramp_v1,18.0,0.08,13.425121307373049,adaptive_brake,0.2212592661380767,0.2314213663339615,0.098334290087223,0.020120944827795,0.0010536946356296,-0.3183131814002991,0.0707919001579284,-0.0231429003179073,-2.3770830631256104,-0.3052602112293243,-0.1220429241657257,1.1596676111221311,31977,32193,32411,32505,0.95,cem_tuned_boundary,opp_m2_12000,0,12000,0,0,5.73871124581079,0.3476,0.0623959863699503,0.0064084106124937,0.0098294727504253,0.010227994993329,0.7160800099372864,-0.0002342931256862,0.0002609447401482,-0.0036768701393157,0.0064084106124937,0.0032938180956989,32780.0,3.3411552906036395
seeded_ic_v1,49980002,0.01026,0.00999,0.006174,10.081355,0.702747,0.30218121,adaptive_ramp_v1,18.0,0.08,13.425286769866943,adaptive_brake,0.2212592661380767,0.2314213663339615,0.098334290087223,0.020120944827795,0.0010536946356296,-0.3183131814002991,0.0646967366337776,-0.0202999748289585,-2.3537330627441406,-0.3051758110523224,-0.1831828951835632,1.2214746475219729,31977,32193,32411,32505,0.95,cem_tuned_boundary,opp_m2_12000,0,12000,0,0,5.73871124581079,0.3476,0.0623959863699503,0.0064084106124937,0.0098294727504253,0.010227994993329,0.7160800099372864,-0.0002342931256862,0.0002609447401482,-0.0036768701393157,0.0064084106124937,0.0032938180956989,32780.0,3.341320753097534
seeded_ic_v1,49980002,0.01026,0.00999,0.006174,10.081355,0.702747,0.30218121,adaptive_ramp_v1,18.0,0.08,13.425352811813354,adaptive_brake,0.2212592661380767,0.2314213663339615,0.098334290087223,0.020120944827795,0.0010536946356296,-0.3183131814002991,0.0646967366337776,-0.0202999748289585,-2.3537330627441406,-0.3051758110523224,-0.1831828951835632,1.2214746475219729,31983,32191,32435,32505,0.95,cem_tuned_boundary,opp_m2_12000,0,12000,0,0,5.73871124581079,0.3476,0.0623959863699503,0.0064084106124937,0.0098294727504253,0.010227994993329,0.7160800099372864,-0.0002342931256862,0.0002609447401482,-0.0036768701393157,0.0064084106124937,0.0032938180956989,32780.0,3.3413867950439453
seeded_ic_v1,49980002,0.01026,0.00999,0.006174,10.081355,0.702747,0.30218121,adaptive_ramp_v1,18.0,0.08,13.444961547851562,adaptive_brake,0.2216485291719436,0.2314484119415283,0.0919513776898384,0.0201176200062036,0.0008833875181153,-0.3207339346408844,0.0646967366337776,-0.0202999748289585,-2.3537330627441406,-0.3051758110523224,-0.1831828951835632,1.2214746475219729,31983,32191,32435,32505,0.95,cem_tuned_boundary,opp_m2_12000,0,12000,0,0,5.73871124581079,0.3476,0.0623959863699503,0.0064084106124937,0.0098294727504253,0.010227994993329,0.7160800099372864,-0.0002342931256862,0.0002609447401482,-0.0036768701393157,0.0064084106124937,0.0032938180956989,32780.0,3.3609955310821533
seeded_ic_v1,49980002,0.01026,0.00999,0.006174,10.081355,0.702747,0.30218121,adaptive_ramp_v1,18.0,0.08,13.445107698440552,adaptive_brake,0.2216485291719436,0.2314484119415283,0.0919513776898384,0.0201176200062036,0.0008833875181153,-0.3207339346408844,0.0586010590195655,-0.0166048686951398,-2.329345941543579,-0.2662380635738373,-0.1831050813198089,1.2178893089294434,31983,32191,32435,32505,0.95,cem_tuned_boundary,opp_m2_12000,0,12000,0,0,5.73871124581079,0.3476,0.0623959863699503,0.0064084106124937,0.0098294727504253,0.010227994993329,0.7160800099372864,-0.0002342931256862,0.0002609447401482,-0.0036768701393157,0.0064084106124937,0.0032938180956989,32780.0,3.3611416816711426
seeded_ic_v1,49980002,0.01026,0.00999,0.006174,10.081355,0.702747,0.30218121,adaptive_ramp_v1,18.0,0.08,13.44519019126892,adaptive_brake,0.2216485291719436,0.2314484119415283,0.0919513776898384,0.0201176200062036,0.0008833875181153,-0.3207339346408844,0.0586010590195655,-0.0166048686951398,-2.329345941543579,-0.2662380635738373,-0.1831050813198089,1.2178893089294434,32019,32215,32435,32505,0.95,cem_tuned_boundary,opp_m2_12000,0,12000,0,0,5.73871124581079,0.3476,0.0623959863699503,0.0064084106124937,0.0098294727504253,0.010227994993329,0.7160800099372864,-0.0002342931256862,0.0002609447401482,-0.0036768701393157,0.0064084106124937,0.0032938180956989,32780.0,3.36122417449951
seeded_ic_v1,49980002,0.01026,0.00999,0.006174,10.081355,0.702747,0.30218121,adaptive_ramp_v1,18.0,0.08,13.464865446090698,adaptive_brake,0.2220379710197448,0.2314730435609817,0.0855143293738365,0.0201043393462896,0.0007372994441539,-0.3230873942375183,0.0586010590195655,-0.0166048686951398,-2.329345941543579,-0.2662380635738373,-0.1831050813198089,1.2178893089294434,32019,32215,32435,32505,0.95,cem_tuned_boundary,opp_m2_12000,0,12000,0,0,5.73871124581079,0.3476,0.0623959863699503,0.0064084106124937,0.0098294727504253,0.010227994993329,0.7160800099372864,-0.0002342931256862,0.0002609447401482,-0.0036768701393157,0.0064084106124937,0.0032938180956989,32780.0,3.380899429321289
seeded_ic_v1,49980002,0.01026,0.00999,0.006174,10.081355,0.702747,0.30218121,adaptive_ramp_v1,18.0,0.08,13.465059280395508,adaptive_brake,0.2220379710197448,0.2314730435609817,0.0855143293738365,0.0201043393462896,0.0007372994441539,-0.3230873942375183,0.0534344539046287,-0.0129196485504508,-2.305683135986328,-0.2441397607326507,-0.18310546875,1.1597204208374023,32019,32215,32435,32505,0.95,cem_tuned_boundary,opp_m2_12000,0,12000,0,0,5.73871124581079,0.3476,0.0623959863699503,0.0064084106124937,0.0098294727504253,0.010227994993329,0.7160800099372864,-0.0002342931256862,0.0002609447401482,-0.0036768701393157,0.0064084106124937,0.0032938180956989,32780.0,3.3810932636260986
seeded_ic_v1,49980002,0.01026,0.00999,0.006174,10.081355,0.702747,0.30218121,adaptive_ramp_v1,18.0,0.08,13.465134620666504,adaptive_brake,0.2220379710197448,0.2314730435609817,0.0855143293738365,0.0201043393462896,0.0007372994441539,-0.3230873942375183,0.0534344539046287,-0.0129196485504508,-2.305683135986328,-0.2441397607326507,-0.18310546875,1.1597204208374023,31981,32183,32413,32505,0.95,cem_tuned_boundary,opp_m2_12000,0,12000,0,0,5.73871124581079,0.3476,0.0623959863699503,0.0064084106124937,0.0098294727504253,0.010227994993329,0.7160800099372864,-0.0002342931256862,0.0002609447401482,-0.0036768701393157,0.0064084106124937,0.0032938180956989,32780.0,3.3811686038970947
seeded_ic_v1,49980002,0.01026,0.00999,0.006174,10.081355,0.702747,0.30218121,adaptive_ramp_v1,18.0,0.08,13.484979152679443,adaptive_brake,0.222423180937767,0.2314930409193039,0.0791701525449752,0.0200599487870931,0.000597647158429,-0.324637234210968,0.0534344539046287,-0.0129196485504508,-2.305683135986328,-0.2441397607326507,-0.18310546875,1.1597204208374023,31981,32183,32413,32505,0.95,cem_tuned_boundary,opp_m2_12000,0,12000,0,0,5.73871124581079,0.3476,0.0623959863699503,0.0064084106124937,0.0098294727504253,0.010227994993329,0.7160800099372864,-0.0002342931256862,0.0002609447401482,-0.0036768701393157,0.0064084106124937,0.0032938180956989,32780.0,3.401013135910034
seeded_ic_v1,49980002,0.01026,0.00999,0.006174,10.081355,0.702747,0.30218121,adaptive_ramp_v1,18.0,0.08,13.485183000564575,adaptive_brake,0.222423180937767,0.2314930409193039,0.0791701525449752,0.0200599487870931,0.000597647158429,-0.324637234210968,0.0488305054605007,-0.0092368768528103,-2.2824926376342773,-0.1823074221611023,-0.18310546875,1.159667730331421,31981,32183,32413,32505,0.95,cem_tuned_boundary,opp_m2_12000,0,12000,0,0,5.73871124581079,0.3476,0.0623959863699503,0.0064084106124937,0.0098294727504253,0.010227994993329,0.7160800099372864,-0.0002342931256862,0.0002609447401482,-0.0036768701393157,0.0064084106124937,0.0032938180956989,32780.0,3.401216983795166
seeded_ic_v1,49980002,0.01026,0.00999,0.006174,10.081355,0.702747,0.30218121,adaptive_ramp_v1,18.0,0.08,13.485221147537231,adaptive_brake,0.222423180937767,0.2314930409193039,0.0791701525449752,0.0200599487870931,0.000597647158429,-0.324637234210968,0.0488305054605007,-0.0092368768528103,-2.2824926376342773,-0.1823074221611023,-0.18310546875,1.159667730331421,31995,32187,32415,32505,0.95,cem_tuned_boundary,opp_m2_12000,0,12000,0,0,5.73871124581079,0.3476,0.0623959863699503,0.0064084106124937,0.0098294727504253,0.010227994993329,0.7160800099372864,-0.0002342931256862,0.0002609447401482,-0.0036768701393157,0.0064084106124937,0.0032938180956989,32780.0,3.4012551307678223
seeded_ic_v1,49980002,0.01026,0.00999,0.006174,10.081355,0.702747,0.30218121,adaptive_ramp_v1,18.0,0.08,13.505257368087769,adaptive_brake,0.222803309559822,0.2315136641263961,0.0727985873818397,0.0199869517236948,0.0004896258469671,-0.3261933028697967,0.0488305054605007,-0.0092368768528103,-2.2824926376342773,-0.1823074221611023,-0.18310546875,1.159667730331421,31995,32187,32415,32505,0.95,cem_tuned_boundary,opp_m2_12000,0,12000,0,0,5.73871124581079,0.3476,0.0623959863699503,0.0064084106124937,0.0098294727504253,0.010227994993329,0.7160800099372864,-0.0002342931256862,0.0002609447401482,-0.0036768701393157,0.0064084106124937,0.0032938180956989,32780.0,3.4212913513183594
seeded_ic_v1,49980002,0.01026,0.00999,0.006174,10.081355,0.702747,0.30218121,adaptive_ramp_v1,18.0,0.08,13.505469799041748,adaptive_brake,0.222803309559822,0.2315136641263961,0.0727985873818397,0.0199869517236948,0.0004896258469671,-0.3261933028697967,0.0451833270490169,-0.005245273001492,-2.259343385696411,-0.1831056177616119,-0.2445000559091568,1.0957149267196655,31995,32187,32415,32505,0.95,cem_tuned_boundary,opp_m2_12000,0,12000,0,0,5.73871124581079,0.3476,0.0623959863699503,0.0064084106124937,0.0098294727504253,0.010227994993329,0.7160800099372864,-0.0002342931256862,0.0002609447401482,-0.0036768701393157,0.0064084106124937,0.0032938180956989,32780.0,3.421503782272339
seeded_ic_v1,49980002,0.01026,0.00999,0.006174,10.081355,0.702747,0.30218121,adaptive_ramp_v1,18.0,0.08,13.505561113357544,adaptive_brake,0.222803309559822,0.2315136641263961,0.0727985873818397,0.0199869517236948,0.0004896258469671,-0.3261933028697967,0.0451833270490169,-0.005245273001492,-2.259343385696411,-0.1831056177616119,-0.2445000559091568,1.0957149267196655,31979,32193,32413,32505,0.95,cem_tuned_boundary,opp_m2_12000,0,12000,0,0,5.73871124581079,0.3476,0.0623959863699503,0.0064084106124937,0.0098294727504253,0.010227994993329,0.7160800099372864,-0.0002342931256862,0.0002609447401482,-0.0036768701393157,0.0064084106124937,0.0032938180956989,32780.0,3.4215950965881348
seeded_ic_v1,49980002,0.01026,0.00999,0.006174,10.081355,0.702747,0.30218121,adaptive_ramp_v1,18.0,0.08,13.52505350112915,adaptive_brake,0.2231796681880951,0.2315357774496078,0.0663599744439125,0.0198915973305702,0.0004140801902394,-0.3280162215232849,0.0451833270490169,-0.005245273001492,-2.259343385696411,-0.1831056177616119,-0.2445000559091568,1.0957149267196655,31979,32193,32413,32505,0.95,cem_tuned_boundary,opp_m2_12000,0,12000,0,0,5.73871124581079,0.3476,0.0623959863699503,0.0064084106124937,0.0098294727504253,0.010227994993329,0.7160800099372864,-0.0002342931256862,0.0002609447401482,-0.0036768701393157,0.0064084106124937,0.0032938180956989,32780.0,3.441087484359741
seeded_ic_v1,49980002,0.01026,0.00999,0.006174,10.081355,0.702747,0.30218121,adaptive_ramp_v1,18.0,0.08,13.5252583026886,adaptive_brake,0.2231796681880951,0.2315357774496078,0.0663599744439125,0.0198915973305702,0.0004140801902394,-0.3280162215232849,0.0415223054587841,-0.0003358706890139,-2.2369744777679443,-0.1831054240465164,-0.2441401779651641,1.1597416400909424,31979,32193,32413,32505,0.95,cem_tuned_boundary,opp_m2_12000,0,12000,0,0,5.73871124581079,0.3476,0.0623959863699503,0.0064084106124937,0.0098294727504253,0.010227994993329,0.7160800099372864,-0.0002342931256862,0.0002609447401482,-0.0036768701393157,0.0064084106124937,0.0032938180956989,32780.0,3.4412922859191912
seeded_ic_v1,49980002,0.01026,0.00999,0.006174,10.081355,0.702747,0.30218121,adaptive_ramp_v1,18.0,0.08,13.525307416915894,adaptive_brake,0.2231796681880951,0.2315357774496078,0.0663599744439125,0.0198915973305702,0.0004140801902394,-0.3280162215232849,0.0415223054587841,-0.0003358706890139,-2.2369744777679443,-0.1831054240465164,-0.2441401779651641,1.1597416400909424,31993,32193,32431,32505,0.95,cem_tuned_boundary,opp_m2_12000,0,12000,0,0,5.73871124581079,0.3476,0.0623959863699503,0.0064084106124937,0.0098294727504253,0.010227994993329,0.7160800099372864,-0.0002342931256862,0.0002609447401482,-0.0036768701393157,0.0064084106124937,0.0032938180956989,32780.0,3.4413414001464844
seeded_ic_v1,49980002,0.01026,0.00999,0.006174,10.081355,0.702747,0.30218121,adaptive_ramp_v1,18.0,0.08,13.54493260383606,adaptive_brake,0.2235550433397293,0.231551393866539,0.0600037425756454,0.0197819638997316,0.0003241804079152,-0.3292378783226013,0.0415223054587841,-0.0003358706890139,-2.2369744777679443,-0.1831054240465164,-0.2441401779651641,1.1597416400909424,31993,32193,32431,32505,0.95,cem_tuned_boundary,opp_m2_12000,0,12000,0,0,5.73871124581079,0.3476,0.0623959863699503,0.0064084106124937,0.0098294727504253,0.010227994993329,0.7160800099372864,-0.0002342931256862,0.0002609447401482,-0.0036768701393157,0.0064084106124937,0.0032938180956989,32780.0,3.4609665870666504
seeded_ic_v1,49980002,0.01026,0.00999,0.006174,10.081355,0.702747,0.30218121,adaptive_ramp_v1,18.0,0.08,13.545069932937622,adaptive_brake,0.2235550433397293,0.231551393866539,0.0600037425756454,0.0197819638997316,0.0003241804079152,-0.3292378783226013,0.0381698533892631,0.004562983289361,-2.213856935501098,-0.1217108443379402,-0.244140625,1.0959490537643433,31993,32193,32431,32505,0.95,cem_tuned_boundary,opp_m2_12000,0,12000,0,0,5.73871124581079,0.3476,0.0623959863699503,0.0064084106124937,0.0098294727504253,0.010227994993329,0.7160800099372864,-0.0002342931256862,0.0002609447401482,-0.0036768701393157,0.0064084106124937,0.0032938180956989,32780.0,3.461103916168213
seeded_ic_v1,49980002,0.01026,0.00999,0.006174,10.081355,0.702747,0.30218121,adaptive_ramp_v1,18.0,0.08,13.545117139816284,adaptive_brake,0.2235550433397293,0.231551393866539,0.0600037425756454,0.0197819638997316,0.0003241804079152,-0.3292378783226013,0.0381698533892631,0.004562983289361,-2.213856935501098,-0.1217108443379402,-0.244140625,1.0959490537643433,31991,32201,32421,32505,0.95,cem_tuned_boundary,opp_m2_12000,0,12000,0,0,5.73871124581079,0.3476,0.0623959863699503,0.0064084106124937,0.0098294727504253,0.010227994993329,0.7160800099372864,-0.0002342931256862,0.0002609447401482,-0.0036768701393157,0.0064084106124937,0.0032938180956989,32780.0,3.461151123046875
seeded_ic_v1,49980002,0.01026,0.00999,0.006174,10.081355,0.702747,0.30218121,adaptive_ramp_v1,18.0,0.08,13.56480860710144,adaptive_brake,0.223944291472435,0.2315693199634552,0.053209338337183,0.0197325143963098,0.000264165631961,-0.3326327204704284,0.0381698533892631,0.004562983289361,-2.213856935501098,-0.1217108443379402,-0.244140625,1.0959490537643433,31991,32201,32421,32505,0.95,cem_tuned_boundary,opp_m2_12000,0,12000,0,0,5.73871124581079,0.3476,0.0623959863699503,0.0064084106124937,0.0098294727504253,0.010227994993329,0.7160800099372864,-0.0002342931256862,0.0002609447401482,-0.0036768701393157,0.0064084106124937,0.0032938180956989,32780.0,3.4808425903320312
seeded_ic_v1,49980002,0.01026,0.00999,0.006174,10.081355,0.702747,0.30218121,adaptive_ramp_v1,18.0,0.08,13.56498885154724,adaptive_brake,0.223944291472435,0.2315693199634552,0.053209338337183,0.0197325143963098,0.000264165631961,-0.3326327204704284,0.0357381701469421,0.0094603570178151,-2.191258430480957,-0.06085667014122,-0.244140625,1.159548044204712,31991,32201,32421,32505,0.95,cem_tuned_boundary,opp_m2_12000,0,12000,0,0,5.73871124581079,0.3476,0.0623959863699503,0.0064084106124937,0.0098294727504253,0.010227994993329,0.7160800099372864,-0.0002342931256862,0.0002609447401482,-0.0036768701393157,0.0064084106124937,0.0032938180956989,32780.0,3.4810228347778303
seeded_ic_v1,49980002,0.01026,0.00999,0.006174,10.081355,0.702747,0.30218121,adaptive_ramp_v1,18.0,0.08,13.565080404281616,adaptive_brake,0.223944291472435,0.2315693199634552,0.053209338337183,0.0197325143963098,0.000264165631961,-0.3326327204704284,0.0357381701469421,0.0094603570178151,-2.191258430480957,-0.06085667014122,-0.244140625,1.159548044204712,32033,32223,32433,32505,0.95,cem_tuned_boundary,opp_m2_12000,0,12000,0,0,5.73871124581079,0.3476,0.0623959863699503,0.0064084106124937,0.0098294727504253,0.010227994993329,0.7160800099372864,-0.0002342931256862,0.0002609447401482,-0.0036768701393157,0.0064084106124937,0.0032938180956989,32780.0,3.481114387512207
seeded_ic_v1,49980002,0.01026,0.00999,0.006174,10.081355,0.702747,0.30218121,adaptive_ramp_v1,18.0,0.08,13.585064172744753,adaptive_brake,0.2243189364671707,0.2315898686647415,0.0465467423200607,0.0196057874709367,0.0002332114090677,-0.3350115418434143,0.0357381701469421,0.0094603570178151,-2.191258430480957,-0.06085667014122,-0.244140625,1.159548044204712,32033,32223,32433,32505,0.95,cem_tuned_boundary,opp_m2_12000,0,12000,0,0,5.73871124581079,0.3476,0.0623959863699503,0.0064084106124937,0.0098294727504253,0.010227994993329,0.7160800099372864,-0.0002342931256862,0.0002609447401482,-0.0036768701393157,0.0064084106124937,0.0032938180956989,32780.0,3.5010981559753436
seeded_ic_v1,49980002,0.01026,0.00999,0.006174,10.081355,0.702747,0.30218121,adaptive_ramp_v1,18.0,0.08,13.585243701934814,adaptive_brake,0.2243189364671707,0.2315898686647415,0.0465467423200607,0.0196057874709367,0.0002332114090677,-0.3350115418434143,0.0344027839601039,0.0143573451787233,-2.168068647384644,-0.0610286481678485,-0.2413249611854553,1.1596672534942627,32033,32223,32433,32505,0.95,cem_tuned_boundary,opp_m2_12000,0,12000,0,0,5.73871124581079,0.3476,0.0623959863699503,0.0064084106124937,0.0098294727504253,0.010227994993329,0.7160800099372864,-0.0002342931256862,0.0002609447401482,-0.0036768701393157,0.0064084106124937,0.0032938180956989,32780.0,3.5012776851654053
seeded_ic_v1,49980002,0.01026,0.00999,0.006174,10.081355,0.702747,0.30218121,adaptive_ramp_v1,18.0,0.08,13.58535647392273,adaptive_brake,0.2243189364671707,0.2315898686647415,0.0465467423200607,0.0196057874709367,0.0002332114090677,-0.3350115418434143,0.0344027839601039,0.0143573451787233,-2.168068647384644,-0.0610286481678485,-0.2413249611854553,1.1596672534942627,32021,32205,32439,32505,0.95,cem_tuned_boundary,opp_m2_12000,0,12000,0,0,5.73871124581079,0.3476,0.0623959863699503,0.0064084106124937,0.0098294727504253,0.010227994993329,0.7160800099372864,-0.0002342931256862,0.0002609447401482,-0.0036768701393157,0.0064084106124937,0.0032938180956989,32780.0,3.5013904571533203
seeded_ic_v1,49980002,0.01026,0.00999,0.006174,10.081355,0.702747,0.30218121,adaptive_ramp_v1,18.0,0.08,13.605153560638428,adaptive_brake,0.2246901541948318,0.2316036820411682,0.0400078855454921,0.0194567013531923,0.0001751845120452,-0.3364023864269256,0.0344027839601039,0.0143573451787233,-2.168068647384644,-0.0610286481678485,-0.2413249611854553,1.1596672534942627,32021,32205,32439,32505,0.95,cem_tuned_boundary,opp_m2_12000,0,12000,0,0,5.73871124581079,0.3476,0.0623959863699503,0.0064084106124937,0.0098294727504253,0.010227994993329,0.7160800099372864,-0.0002342931256862,0.0002609447401482,-0.0036768701393157,0.0064084106124937,0.0032938180956989,32780.0,3.5211875438690186
seeded_ic_v1,49980002,0.01026,0.00999,0.006174,10.081355,0.702747,0.30218121,adaptive_ramp_v1,18.0,0.08,13.605328798294067,adaptive_brake,0.2246901541948318,0.2316036820411682,0.0400078855454921,0.0194567013531923,0.0001751845120452,-0.3364023864269256,0.0331753529608249,0.0187115296721458,-2.1448779106140137,-0.0610351264476776,-0.2456154525279998,1.1596672534942627,32021,32205,32439,32505,0.95,cem_tuned_boundary,opp_m2_12000,0,12000,0,0,5.73871124581079,0.3476,0.0623959863699503,0.0064084106124937,0.0098294727504253,0.010227994993329,0.7160800099372864,-0.0002342931256862,0.0002609447401482,-0.0036768701393157,0.0064084106124937,0.0032938180956989,32780.0,3.521362781524658
seeded_ic_v1,49980002,0.01026,0.00999,0.006174,10.081355,0.702747,0.30218121,adaptive_ramp_v1,18.0,0.08,13.605419158935549,adaptive_brake,0.2246901541948318,0.2316036820411682,0.0400078855454921,0.0194567013531923,0.0001751845120452,-0.3364023864269256,0.0331753529608249,0.0187115296721458,-2.1448779106140137,-0.0610351264476776,-0.2456154525279998,1.1596672534942627,32021,32203,32445,32505,0.95,cem_tuned_boundary,opp_m2_12000,0,12000,0,0,5.73871124581079,0.3476,0.0623959863699503,0.0064084106124937,0.0098294727504253,0.010227994993329,0.7160800099372864,-0.0002342931256862,0.0002609447401482,-0.0036768701393157,0.0064084106124937,0.0032938180956989,32780.0,3.5214531421661395
seeded_ic_v1,49980002,0.01026,0.00999,0.006174,10.081355,0.702747,0.30218121,adaptive_ramp_v1,18.0,0.08,13.625003099441528,adaptive_brake,0.2250565588474273,0.2316205352544784,0.0333830825984478,0.0192865040153265,0.0001424834190402,-0.3382304608821869,0.0331753529608249,0.0187115296721458,-2.1448779106140137,-0.0610351264476776,-0.2456154525279998,1.1596672534942627,32021,32203,32445,32505,0.95,cem_tuned_boundary,opp_m2_12000,0,12000,0,0,5.73871124581079,0.3476,0.0623959863699503,0.0064084106124937,0.0098294727504253,0.010227994993329,0.7160800099372864,-0.0002342931256862,0.0002609447401482,-0.0036768701393157,0.0064084106124937,0.0032938180956989,32780.0,3.541037082672119
seeded_ic_v1,49980002,0.01026,0.00999,0.006174,10.081355,0.702747,0.30218121,adaptive_ramp_v1,18.0,0.08,13.62517476081848,adaptive_brake,0.2250565588474273,0.2316205352544784,0.0333830825984478,0.0192865040153265,0.0001424834190402,-0.3382304608821869,0.0321320332586765,0.0236202143132686,-2.121687412261963,0.001390307676047,-0.1946310102939605,1.1596672534942627,32021,32203,32445,32505,0.95,cem_tuned_boundary,opp_m2_12000,0,12000,0,0,5.73871124581079,0.3476,0.0623959863699503,0.0064084106124937,0.0098294727504253,0.010227994993329,0.7160800099372864,-0.0002342931256862,0.0002609447401482,-0.0036768701393157,0.0064084106124937,0.0032938180956989,32780.0,3.5412087440490705
seeded_ic_v1,49980002,0.01026,0.00999,0.006174,10.081355,0.702747,0.30218121,adaptive_ramp_v1,18.0,0.08,13.625240564346312,adaptive_brake,0.2250565588474273,0.2316205352544784,0.0333830825984478,0.0192865040153265,0.0001424834190402,-0.3382304608821869,0.0321320332586765,0.0236202143132686,-2.121687412261963,0.001390307676047,-0.1946310102939605,1.1596672534942627,32035,32173,32409,32505,0.95,cem_tuned_boundary,opp_m2_12000,0,12000,0,0,5.73871124581079,0.3476,0.0623959863699503,0.0064084106124937,0.0098294727504253,0.010227994993329,0.7160800099372864,-0.0002342931256862,0.0002609447401482,-0.0036768701393157,0.0064084106124937,0.0032938180956989,32780.0,3.5412745475769025
seeded_ic_v1,49980002,0.01026,0.00999,0.006174,10.081355,0.702747,0.30218121,adaptive_ramp_v1,18.0,0.08,13.644895553588867,adaptive_brake,0.2254213392734527,0.2316372096538543,0.0266754738986492,0.0191091950982809,0.000115168877528,-0.3401793837547302,0.0321320332586765,0.0236202143132686,-2.121687412261963,0.001390307676047,-0.1946310102939605,1.1596672534942627,32035,32173,32409,32505,0.95,cem_tuned_boundary,opp_m2_12000,0,12000,0,0,5.73871124581079,0.3476,0.0623959863699503,0.0064084106124937,0.0098294727504253,0.010227994993329,0.7160800099372864,-0.0002342931256862,0.0002609447401482,-0.0036768701393157,0.0064084106124937,0.0032938180956989,32780.0,3.560929536819458
