protocol_id,trial_seed,spawn_x_cmd,spawn_y_cmd,spawn_yaw_deg_cmd,fault_time_cmd,hover_z_cmd,stage1_z_cmd,post_fault_mode,eval_duration_cmd,landing_descent_rate_cmd,t,phase,x,y,z,vx,vy,vz,roll_deg,pitch_deg,yaw_deg,gyro_x_deg_s,gyro_y_deg_s,gyro_z_deg_s,motor_m1,motor_m2,motor_m3,motor_m4,z_cmd,allocator_config,selected_candidate,r1,r2,r3,r4,qp_score,qp_predicted_vz,qp_predicted_drift,qp_predicted_tilt,fault_x,fault_y,fault_z,fault_vx,fault_vy,fault_vz,fault_roll_deg,fault_pitch_deg,fault_max_motor_pwm,tau
seeded_ic_v1,44980010,-0.006706,0.027246,-3.890225,9.815707,0.709514,0.30509102,adaptive_ramp_v1,18.0,0.08,9.825804233551024,fault_event,-0.0045867436565458,0.0253760907799005,0.724005401134491,0.0003532590344548,-0.0003530000976752,-0.0042478055693209,-0.015256960876286,0.0009026165353134,3.355645822011866e-05,-0.0113836657255887,-0.0610351674258708,0.0,32758,32750,32750,32758,0.05,qplite_builtin,opp_m2_10000,0,10000,0,0,1.0911999999999973,0.352,0.0660869279712977,0.015256960876286,-0.0045867436565458,0.0253760907799005,0.724005401134491,0.0003532590344548,-0.0003530000976752,-0.0042478055693209,-0.015256960876286,0.0009026165353134,32758.0,0.0
seeded_ic_v1,44980010,-0.006706,0.027246,-3.890225,9.815707,0.709514,0.30509102,adaptive_ramp_v1,18.0,0.08,9.918506383895874,landing_ramp,-0.0045867436565458,0.0253760907799005,0.724005401134491,0.0003532590344548,-0.0003530000976752,-0.0042478055693209,-0.0152821280062198,0.0021233174484223,3.388191180420108e-05,1.037581228047202e-06,-0.0610351674258708,0.0,32758,32750,32750,32758,0.70129004928833,qplite_builtin,opp_m2_10000,0,10000,0,0,1.0911999999999973,0.352,0.0660869279712977,0.015256960876286,-0.0045867436565458,0.0253760907799005,0.724005401134491,0.0003532590344548,-0.0003530000976752,-0.0042478055693209,-0.015256960876286,0.0009026165353134,32758.0,0.09270215034485041
seeded_ic_v1,44980010,-0.006706,0.027246,-3.890225,9.815707,0.709514,0.30509102,adaptive_ramp_v1,18.0,0.08,9.918590545654297,landing_ramp,-0.0045867436565458,0.0253760907799005,0.724005401134491,0.0003532590344548,-0.0003530000976752,-0.0042478055693209,-0.0152821280062198,0.0021233174484223,3.388191180420108e-05,1.037581228047202e-06,-0.0610351674258708,0.0,32754,32746,32758,32766,0.7012833163476562,qplite_builtin,opp_m2_10000,0,10000,0,0,1.0911999999999973,0.352,0.0660869279712977,0.015256960876286,-0.0045867436565458,0.0253760907799005,0.724005401134491,0.0003532590344548,-0.0003530000976752,-0.0042478055693209,-0.015256960876286,0.0009026165353134,32758.0,0.09278631210327326
seeded_ic_v1,44980010,-0.006706,0.027246,-3.890225,9.815707,0.709514,0.30509102,adaptive_ramp_v1,18.0,0.08,9.918651819229126,landing_ramp,-0.004574554041028,0.0253647975623607,0.723919153213501,0.0003696729836519,-0.0003217223857063,-0.0042544710449874,-0.0152821280062198,0.0021233174484223,3.388191180420108e-05,1.037581228047202e-06,-0.0610351674258708,0.0,32754,32746,32758,32766,0.7012784144616698,qplite_builtin,opp_m2_10000,0,10000,0,0,1.0911999999999973,0.352,0.0660869279712977,0.015256960876286,-0.0045867436565458,0.0253760907799005,0.724005401134491,0.0003532590344548,-0.0003530000976752,-0.0042478055693209,-0.015256960876286,0.0009026165353134,32758.0,0.09284758567810236
seeded_ic_v1,44980010,-0.006706,0.027246,-3.890225,9.815707,0.709514,0.30509102,adaptive_ramp_v1,18.0,0.08,9.918713569641112,landing_ramp,-0.004574554041028,0.0253647975623607,0.723919153213501,0.0003696729836519,-0.0003217223857063,-0.0042544710449874,-0.0152821075171232,0.0033440184779465,3.420749999349937e-05,1.5783255591372836e-08,-0.0610351674258708,0.0,32754,32746,32758,32766,0.7012734744287109,qplite_builtin,opp_m2_10000,0,10000,0,0,1.0911999999999973,0.352,0.0660869279712977,0.015256960876286,-0.0045867436565458,0.0253760907799005,0.724005401134491,0.0003532590344548,-0.0003530000976752,-0.0042478055693209,-0.015256960876286,0.0009026165353134,32758.0,0.09290933609008789
seeded_ic_v1,44980010,-0.006706,0.027246,-3.890225,9.815707,0.709514,0.30509102,adaptive_ramp_v1,18.0,0.08,9.918766021728516,landing_ramp,-0.004574554041028,0.0253647975623607,0.723919153213501,0.0003696729836519,-0.0003217223857063,-0.0042544710449874,-0.0152821075171232,0.0033440184779465,3.420749999349937e-05,1.5783255591372836e-08,-0.0610351674258708,0.0,32754,32748,32760,32766,0.7012692782617187,qplite_builtin,opp_m2_10000,0,10000,0,0,1.0911999999999973,0.352,0.0660869279712977,0.015256960876286,-0.0045867436565458,0.0253760907799005,0.724005401134491,0.0003532590344548,-0.0003530000976752,-0.0042478055693209,-0.015256960876286,0.0009026165353134,32758.0,0.09296178817749201
seeded_ic_v1,44980010,-0.006706,0.027246,-3.890225,9.815707,0.709514,0.30509102,adaptive_ramp_v1,18.0,0.08,9.91882300376892,landing_ramp,-0.0045615793205797,0.0253549106419086,0.7238277196884155,0.0003864717727992,-0.0002845977433025,-0.0051889140158891,-0.0152821075171232,0.0033440184779465,3.420749999349937e-05,1.5783255591372836e-08,-0.0610351674258708,0.0,32754,32748,32760,32766,0.7012647196984862,qplite_builtin,opp_m2_10000,0,10000,0,0,1.0911999999999973,0.352,0.0660869279712977,0.015256960876286,-0.0045867436565458,0.0253760907799005,0.724005401134491,0.0003532590344548,-0.0003530000976752,-0.0042478055693209,-0.015256960876286,0.0009026165353134,32758.0,0.09301877021789551
seeded_ic_v1,44980010,-0.006706,0.027246,-3.890225,9.815707,0.709514,0.30509102,adaptive_ramp_v1,18.0,0.08,9.918877840042114,landing_ramp,-0.0045615793205797,0.0253549106419086,0.7238277196884155,0.0003864717727992,-0.0002845977433025,-0.0051889140158891,-0.0370847210288047,-0.0169471055269241,-0.0048058093525469,-7.674608707427978,7.652434349060059,-1.3534502983093262,32754,32748,32760,32766,0.7012603327966308,qplite_builtin,opp_m2_10000,0,10000,0,0,1.0911999999999973,0.352,0.0660869279712977,0.015256960876286,-0.0045867436565458,0.0253760907799005,0.724005401134491,0.0003532590344548,-0.0003530000976752,-0.0042478055693209,-0.015256960876286,0.0009026165353134,32758.0,0.09307360649109064
seeded_ic_v1,44980010,-0.006706,0.027246,-3.890225,9.815707,0.709514,0.30509102,adaptive_ramp_v1,18.0,0.08,9.918936014175417,landing_ramp,-0.0045615793205797,0.0253549106419086,0.7238277196884155,0.0003864717727992,-0.0002845977433025,-0.0051889140158891,-0.0370847210288047,-0.0169471055269241,-0.0048058093525469,-7.674608707427978,7.652434349060059,-1.3534502983093262,32629,28639,32601,18432,0.7012556788659667,qplite_builtin,opp_m2_10000,0,10000,0,0,1.0911999999999973,0.352,0.0660869279712977,0.015256960876286,-0.0045867436565458,0.0253760907799005,0.724005401134491,0.0003532590344548,-0.0003530000976752,-0.0042478055693209,-0.015256960876286,0.0009026165353134,32758.0,0.0931317806243932
seeded_ic_v1,44980010,-0.006706,0.027246,-3.890225,9.815707,0.709514,0.30509102,adaptive_ramp_v1,18.0,0.08,9.918992280960085,landing_ramp,-0.0045388918370008,0.0253554936498403,0.7236016988754272,0.0007018046453595,5.261007754597813e-05,-0.0171896163374185,-0.0370847210288047,-0.0169471055269241,-0.0048058093525469,-7.674608707427978,7.652434349060059,-1.3534502983093262,32629,28639,32601,18432,0.7012511775231933,qplite_builtin,opp_m2_10000,0,10000,0,0,1.0911999999999973,0.352,0.0660869279712977,0.015256960876286,-0.0045867436565458,0.0253760907799005,0.724005401134491,0.0003532590344548,-0.0003530000976752,-0.0042478055693209,-0.015256960876286,0.0009026165353134,32758.0,0.09318804740906117
seeded_ic_v1,44980010,-0.006706,0.027246,-3.890225,9.815707,0.709514,0.30509102,adaptive_ramp_v1,18.0,0.08,9.919042825698853,landing_ramp,-0.0045388918370008,0.0253554936498403,0.7236016988754272,0.0007018046453595,5.261007754597813e-05,-0.0171896163374185,-0.4222543835639953,-0.3971306085586548,-0.0695279911160469,-35.2164306640625,34.2642707824707,-6.046436786651611,32629,28639,32601,18432,0.7012471339440918,qplite_builtin,opp_m2_10000,0,10000,0,0,1.0911999999999973,0.352,0.0660869279712977,0.015256960876286,-0.0045867436565458,0.0253760907799005,0.724005401134491,0.0003532590344548,-0.0003530000976752,-0.0042478055693209,-0.015256960876286,0.0009026165353134,32758.0,0.09323859214782892
seeded_ic_v1,44980010,-0.006706,0.027246,-3.890225,9.815707,0.709514,0.30509102,adaptive_ramp_v1,18.0,0.08,9.919095754623411,landing_ramp,-0.0045388918370008,0.0253554936498403,0.7236016988754272,0.0007018046453595,5.261007754597813e-05,-0.0171896163374185,-0.4222543835639953,-0.3971306085586548,-0.0695279911160469,-35.2164306640625,34.2642707824707,-6.046436786651611,30947,21889,31425,23466,0.7012428996301269,qplite_builtin,opp_m2_10000,0,10000,0,0,1.0911999999999973,0.352,0.0660869279712977,0.015256960876286,-0.0045867436565458,0.0253760907799005,0.724005401134491,0.0003532590344548,-0.0003530000976752,-0.0042478055693209,-0.015256960876286,0.0009026165353134,32758.0,0.0932915210723877
seeded_ic_v1,44980010,-0.006706,0.027246,-3.890225,9.815707,0.709514,0.30509102,adaptive_ramp_v1,18.0,0.08,9.919144868850708,landing_ramp,-0.0044892206788063,0.0253847669810056,0.7229718565940857,0.0025184634141623,0.0019137067720293,-0.0402484834194183,-0.4222543835639953,-0.3971306085586548,-0.0695279911160469,-35.2164306640625,34.2642707824707,-6.046436786651611,30947,21889,31425,23466,0.7012389704919433,qplite_builtin,opp_m2_10000,0,10000,0,0,1.0911999999999973,0.352,0.0660869279712977,0.015256960876286,-0.0045867436565458,0.0253760907799005,0.724005401134491,0.0003532590344548,-0.0003530000976752,-0.0042478055693209,-0.015256960876286,0.0009026165353134,32758.0,0.0933406352996844
seeded_ic_v1,44980010,-0.006706,0.027246,-3.890225,9.815707,0.709514,0.30509102,adaptive_ramp_v1,18.0,0.08,9.91919755935669,landing_ramp,-0.0044892206788063,0.0253847669810056,0.7229718565940857,0.0025184634141623,0.0019137067720293,-0.0402484834194183,-1.2962905168533323,-1.2252041101455688,-0.2550460994243622,-50.863224029541016,47.2900390625,-12.395357131958008,30947,21889,31425,23466,0.7012347552514648,qplite_builtin,opp_m2_10000,0,10000,0,0,1.0911999999999973,0.352,0.0660869279712977,0.015256960876286,-0.0045867436565458,0.0253760907799005,0.724005401134491,0.0003532590344548,-0.0003530000976752,-0.0042478055693209,-0.015256960876286,0.0009026165353134,32758.0,0.09339332580566584
seeded_ic_v1,44980010,-0.006706,0.027246,-3.890225,9.815707,0.709514,0.30509102,adaptive_ramp_v1,18.0,0.08,9.919245958328249,landing_ramp,-0.0044892206788063,0.0253847669810056,0.7229718565940857,0.0025184634141623,0.0019137067720293,-0.0402484834194183,-1.2962905168533323,-1.2252041101455688,-0.2550460994243622,-50.863224029541016,47.2900390625,-12.395357131958008,31192,20014,32438,24720,0.7012308833337402,qplite_builtin,opp_m2_10000,0,10000,0,0,1.0911999999999973,0.352,0.0660869279712977,0.015256960876286,-0.0045867436565458,0.0253760907799005,0.724005401134491,0.0003532590344548,-0.0003530000976752,-0.0042478055693209,-0.015256960876286,0.0009026165353134,32758.0,0.09344172477722523
seeded_ic_v1,44980010,-0.006706,0.027246,-3.890225,9.815707,0.709514,0.30509102,adaptive_ramp_v1,18.0,0.08,9.92608880996704,landing_ramp,-0.0043787243776023,0.0254781991243362,0.7217562794685364,0.006828976329416,0.0063843242824077,-0.0692516267299652,-1.2962905168533323,-1.2252041101455688,-0.2550460994243622,-50.863224029541016,47.2900390625,-12.395357131958008,31192,20014,32438,24720,0.7006834552026366,qplite_builtin,opp_m2_10000,0,10000,0,0,1.0911999999999973,0.352,0.0660869279712977,0.015256960876286,-0.0045867436565458,0.0253760907799005,0.724005401134491,0.0003532590344548,-0.0003530000976752,-0.0042478055693209,-0.015256960876286,0.0009026165353134,32758.0,0.10028457641601562
seeded_ic_v1,44980010,-0.006706,0.027246,-3.890225,9.815707,0.709514,0.30509102,adaptive_ramp_v1,18.0,0.08,9.926235914230348,landing_ramp,-0.0043787243776023,0.0254781991243362,0.7217562794685364,0.006828976329416,0.0063843242824077,-0.0692516267299652,-2.328745126724243,-2.151209831237793,-0.5845882892608643,-51.904598236083984,47.00453186035156,-17.78632354736328,31192,20014,32438,24720,0.7006716868615722,qplite_builtin,opp_m2_10000,0,10000,0,0,1.0911999999999973,0.352,0.0660869279712977,0.015256960876286,-0.0045867436565458,0.0253760907799005,0.724005401134491,0.0003532590344548,-0.0003530000976752,-0.0042478055693209,-0.015256960876286,0.0009026165353134,32758.0,0.10043168067932484
seeded_ic_v1,44980010,-0.006706,0.027246,-3.890225,9.815707,0.709514,0.30509102,adaptive_ramp_v1,18.0,0.08,9.926331758499146,landing_ramp,-0.0043787243776023,0.0254781991243362,0.7217562794685364,0.006828976329416,0.0063843242824077,-0.0692516267299652,-2.328745126724243,-2.151209831237793,-0.5845882892608643,-51.904598236083984,47.00453186035156,-17.78632354736328,30510,29080,32028,26344,0.7006640193200683,qplite_builtin,opp_m2_10000,0,10000,0,0,1.0911999999999973,0.352,0.0660869279712977,0.015256960876286,-0.0045867436565458,0.0253760907799005,0.724005401134491,0.0003532590344548,-0.0003530000976752,-0.0042478055693209,-0.015256960876286,0.0009026165353134,32758.0,0.1005275249481219
seeded_ic_v1,44980010,-0.006706,0.027246,-3.890225,9.815707,0.709514,0.30509102,adaptive_ramp_v1,18.0,0.08,9.945671558380129,landing_ramp,-0.0041472730226814,0.0256987605243921,0.7199508547782898,0.0142120476812124,0.0141400061547756,-0.0939327627420425,-2.328745126724243,-2.151209831237793,-0.5845882892608643,-51.904598236083984,47.00453186035156,-17.78632354736328,30510,29080,32028,26344,0.6991168353295898,qplite_builtin,opp_m2_10000,0,10000,0,0,1.0911999999999973,0.352,0.0660869279712977,0.015256960876286,-0.0045867436565458,0.0253760907799005,0.724005401134491,0.0003532590344548,-0.0003530000976752,-0.0042478055693209,-0.015256960876286,0.0009026165353134,32758.0,0.11986732482910512
seeded_ic_v1,44980010,-0.006706,0.027246,-3.890225,9.815707,0.709514,0.30509102,adaptive_ramp_v1,18.0,0.08,9.945884943008425,landing_ramp,-0.0041472730226814,0.0256987605243921,0.7199508547782898,0.0142120476812124,0.0141400061547756,-0.0939327627420425,-3.4640300273895264,-3.143053770065308,-1.018627643585205,-60.08790969848633,54.56124114990234,-20.62840843200684,30510,29080,32028,26344,0.6990997645593261,qplite_builtin,opp_m2_10000,0,10000,0,0,1.0911999999999973,0.352,0.0660869279712977,0.015256960876286,-0.0045867436565458,0.0253760907799005,0.724005401134491,0.0003532590344548,-0.0003530000976752,-0.0042478055693209,-0.015256960876286,0.0009026165353134,32758.0,0.12008070945740101
seeded_ic_v1,44980010,-0.006706,0.027246,-3.890225,9.815707,0.709514,0.30509102,adaptive_ramp_v1,18.0,0.08,9.9459707736969,landing_ramp,-0.0041472730226814,0.0256987605243921,0.7199508547782898,0.0142120476812124,0.0141400061547756,-0.0939327627420425,-3.4640300273895264,-3.143053770065308,-1.018627643585205,-60.08790969848633,54.56124114990234,-20.62840843200684,25376,30098,27468,32159,0.699092898104248,qplite_builtin,opp_m2_10000,0,10000,0,0,1.0911999999999973,0.352,0.0660869279712977,0.015256960876286,-0.0045867436565458,0.0253760907799005,0.724005401134491,0.0003532590344548,-0.0003530000976752,-0.0042478055693209,-0.015256960876286,0.0009026165353134,32758.0,0.1201665401458758
seeded_ic_v1,44980010,-0.006706,0.027246,-3.890225,9.815707,0.709514,0.30509102,adaptive_ramp_v1,18.0,0.08,9.96565294265747,landing_ramp,-0.0037232411559671,0.0261228438466787,0.7176826596260071,0.0251284502446651,0.02564188092947,-0.1149980351328849,-3.4640300273895264,-3.143053770065308,-1.018627643585205,-60.08790969848633,54.56124114990234,-20.62840843200684,25376,30098,27468,32159,0.6975183245874023,qplite_builtin,opp_m2_10000,0,10000,0,0,1.0911999999999973,0.352,0.0660869279712977,0.015256960876286,-0.0045867436565458,0.0253760907799005,0.724005401134491,0.0003532590344548,-0.0003530000976752,-0.0042478055693209,-0.015256960876286,0.0009026165353134,32758.0,0.1398487091064471
seeded_ic_v1,44980010,-0.006706,0.027246,-3.890225,9.815707,0.709514,0.30509102,adaptive_ramp_v1,18.0,0.08,9.96581220626831,landing_ramp,-0.0037232411559671,0.0261228438466787,0.7176826596260071,0.0251284502446651,0.02564188092947,-0.1149980351328849,-4.695679187774658,-4.195995330810547,-1.5249251127243042,-57.643829345703125,51.896461486816406,-22.391407012939453,25376,30098,27468,32159,0.6975055834985351,qplite_builtin,opp_m2_10000,0,10000,0,0,1.0911999999999973,0.352,0.0660869279712977,0.015256960876286,-0.0045867436565458,0.0253760907799005,0.724005401134491,0.0003532590344548,-0.0003530000976752,-0.0042478055693209,-0.015256960876286,0.0009026165353134,32758.0,0.14000797271728693
seeded_ic_v1,44980010,-0.006706,0.027246,-3.890225,9.815707,0.709514,0.30509102,adaptive_ramp_v1,18.0,0.08,9.965880870819092,landing_ramp,-0.0037232411559671,0.0261228438466787,0.7176826596260071,0.0251284502446651,0.02564188092947,-0.1149980351328849,-4.695679187774658,-4.195995330810547,-1.5249251127243042,-57.643829345703125,51.896461486816406,-22.391407012939453,30234,26126,32578,30360,0.6975000903344726,qplite_builtin,opp_m2_10000,0,10000,0,0,1.0911999999999973,0.352,0.0660869279712977,0.015256960876286,-0.0045867436565458,0.0253760907799005,0.724005401134491,0.0003532590344548,-0.0003530000976752,-0.0042478055693209,-0.015256960876286,0.0009026165353134,32758.0,0.14007663726806818
seeded_ic_v1,44980010,-0.006706,0.027246,-3.890225,9.815707,0.709514,0.30509102,adaptive_ramp_v1,18.0,0.08,9.985700607299805,landing_ramp,-0.0030356196220964,0.0268260929733514,0.7150014042854309,0.0395617708563804,0.0408435128629207,-0.1353702247142791,-4.695679187774658,-4.195995330810547,-1.5249251127243042,-57.643829345703125,51.896461486816406,-22.391407012939453,30234,26126,32578,30360,0.6959145114160156,qplite_builtin,opp_m2_10000,0,10000,0,0,1.0911999999999973,0.352,0.0660869279712977,0.015256960876286,-0.0045867436565458,0.0253760907799005,0.724005401134491,0.0003532590344548,-0.0003530000976752,-0.0042478055693209,-0.015256960876286,0.0009026165353134,32758.0,0.15989637374878107
seeded_ic_v1,44980010,-0.006706,0.027246,-3.890225,9.815707,0.709514,0.30509102,adaptive_ramp_v1,18.0,0.08,9.98585081100464,landing_ramp,-0.0030356196220964,0.0268260929733514,0.7150014042854309,0.0395617708563804,0.0408435128629207,-0.1353702247142791,-5.811531066894531,-5.105177879333496,-2.0710549354553223,-47.15365982055664,41.1826171875,-23.53199005126953,30234,26126,32578,30360,0.6959024951196289,qplite_builtin,opp_m2_10000,0,10000,0,0,1.0911999999999973,0.352,0.0660869279712977,0.015256960876286,-0.0045867436565458,0.0253760907799005,0.724005401134491,0.0003532590344548,-0.0003530000976752,-0.0042478055693209,-0.015256960876286,0.0009026165353134,32758.0,0.16004657745361683
seeded_ic_v1,44980010,-0.006706,0.027246,-3.890225,9.815707,0.709514,0.30509102,adaptive_ramp_v1,18.0,0.08,9.985936164855955,landing_ramp,-0.0030356196220964,0.0268260929733514,0.7150014042854309,0.0395617708563804,0.0408435128629207,-0.1353702247142791,-5.811531066894531,-5.105177879333496,-2.0710549354553223,-47.15365982055664,41.1826171875,-23.53199005126953,20701,29623,23765,32505,0.6958956668115234,qplite_builtin,opp_m2_10000,0,10000,0,0,1.0911999999999973,0.352,0.0660869279712977,0.015256960876286,-0.0045867436565458,0.0253760907799005,0.724005401134491,0.0003532590344548,-0.0003530000976752,-0.0042478055693209,-0.015256960876286,0.0009026165353134,32758.0,0.16013193130493164
seeded_ic_v1,44980010,-0.006706,0.027246,-3.890225,9.815707,0.709514,0.30509102,adaptive_ramp_v1,18.0,0.08,10.005739450454712,landing_ramp,-0.0024990169331431,0.02737926132977,0.7132949829101562,0.0489025264978408,0.0506815239787101,-0.1469570845365524,-5.811531066894531,-5.105177879333496,-2.0710549354553223,-47.15365982055664,41.1826171875,-23.53199005126953,20701,29623,23765,32505,0.694311403963623,qplite_builtin,opp_m2_10000,0,10000,0,0,1.0911999999999973,0.352,0.0660869279712977,0.015256960876286,-0.0045867436565458,0.0253760907799005,0.724005401134491,0.0003532590344548,-0.0003530000976752,-0.0042478055693209,-0.015256960876286,0.0009026165353134,32758.0,0.1799352169036883
seeded_ic_v1,44980010,-0.006706,0.027246,-3.890225,9.815707,0.709514,0.30509102,adaptive_ramp_v1,18.0,0.08,10.005889654159546,landing_ramp,-0.0024990169331431,0.02737926132977,0.7132949829101562,0.0489025264978408,0.0506815239787101,-0.1469570845365524,-6.334379196166992,-5.503217697143555,-2.376806735992432,-34.76007461547852,28.086626052856445,-23.91342544555664,20701,29623,23765,32505,0.6942993876672363,qplite_builtin,opp_m2_10000,0,10000,0,0,1.0911999999999973,0.352,0.0660869279712977,0.015256960876286,-0.0045867436565458,0.0253760907799005,0.724005401134491,0.0003532590344548,-0.0003530000976752,-0.0042478055693209,-0.015256960876286,0.0009026165353134,32758.0,0.18008542060852228
seeded_ic_v1,44980010,-0.006706,0.027246,-3.890225,9.815707,0.709514,0.30509102,adaptive_ramp_v1,18.0,0.08,10.005938053131104,landing_ramp,-0.0024990169331431,0.02737926132977,0.7132949829101562,0.0489025264978408,0.0506815239787101,-0.1469570845365524,-6.334379196166992,-5.503217697143555,-2.376806735992432,-34.76007461547852,28.086626052856445,-23.91342544555664,29744,28788,33452,31277,0.6942955157495116,qplite_builtin,opp_m2_10000,0,10000,0,0,1.0911999999999973,0.352,0.0660869279712977,0.015256960876286,-0.0045867436565458,0.0253760907799005,0.724005401134491,0.0003532590344548,-0.0003530000976752,-0.0042478055693209,-0.015256960876286,0.0009026165353134,32758.0,0.1801338195800799
seeded_ic_v1,44980010,-0.006706,0.027246,-3.890225,9.815707,0.709514,0.30509102,adaptive_ramp_v1,18.0,0.08,10.025880336761476,adaptive_brake,-0.0011046206345781,0.0288280248641967,0.7096084952354431,0.070283904671669,0.073240540921688,-0.1695458590984344,-6.334379196166992,-5.503217697143555,-2.376806735992432,-34.76007461547852,28.086626052856445,-23.91342544555664,29744,28788,33452,31277,0.95,qplite_builtin,opp_m2_10000,0,10000,0,0,1.0911999999999973,0.352,0.0660869279712977,0.015256960876286,-0.0045867436565458,0.0253760907799005,0.724005401134491,0.0003532590344548,-0.0003530000976752,-0.0042478055693209,-0.015256960876286,0.0009026165353134,32758.0,0.20007610321045277
seeded_ic_v1,44980010,-0.006706,0.027246,-3.890225,9.815707,0.709514,0.30509102,adaptive_ramp_v1,18.0,0.08,10.026092767715454,adaptive_brake,-0.0011046206345781,0.0288280248641967,0.7096084952354431,0.070283904671669,0.073240540921688,-0.1695458590984344,-7.198873043060303,-6.081296443939209,-3.002578020095825,-24.109819412231445,16.615161895751953,-23.906951904296875,29744,28788,33452,31277,0.95,qplite_builtin,opp_m2_10000,0,10000,0,0,1.0911999999999973,0.352,0.0660869279712977,0.015256960876286,-0.0045867436565458,0.0253760907799005,0.724005401134491,0.0003532590344548,-0.0003530000976752,-0.0042478055693209,-0.015256960876286,0.0009026165353134,32758.0,0.2002885341644305
seeded_ic_v1,44980010,-0.006706,0.027246,-3.890225,9.815707,0.709514,0.30509102,adaptive_ramp_v1,18.0,0.08,10.026156902313232,adaptive_brake,-0.0011046206345781,0.0288280248641967,0.7096084952354431,0.070283904671669,0.073240540921688,-0.1695458590984344,-7.198873043060303,-6.081296443939209,-3.002578020095825,-24.109819412231445,16.615161895751953,-23.906951904296875,29183,29835,33789,31589,0.95,qplite_builtin,opp_m2_10000,0,10000,0,0,1.0911999999999973,0.352,0.0660869279712977,0.015256960876286,-0.0045867436565458,0.0253760907799005,0.724005401134491,0.0003532590344548,-0.0003530000976752,-0.0042478055693209,-0.015256960876286,0.0009026165353134,32758.0,0.2003526687622088
seeded_ic_v1,44980010,-0.006706,0.027246,-3.890225,9.815707,0.709514,0.30509102,adaptive_ramp_v1,18.0,0.08,10.045715093612673,adaptive_brake,0.0005411510937847,0.0305485632270574,0.7060074806213379,0.0909431204199791,0.0952787548303604,-0.1878547370433807,-7.198873043060303,-6.081296443939209,-3.002578020095825,-24.109819412231445,16.615161895751953,-23.906951904296875,29183,29835,33789,31589,0.95,qplite_builtin,opp_m2_10000,0,10000,0,0,1.0911999999999973,0.352,0.0660869279712977,0.015256960876286,-0.0045867436565458,0.0253760907799005,0.724005401134491,0.0003532590344548,-0.0003530000976752,-0.0042478055693209,-0.015256960876286,0.0009026165353134,32758.0,0.21991086006164906
seeded_ic_v1,44980010,-0.006706,0.027246,-3.890225,9.815707,0.709514,0.30509102,adaptive_ramp_v1,18.0,0.08,10.045957803726196,adaptive_brake,0.0005411510937847,0.0305485632270574,0.7060074806213379,0.0909431204199791,0.0952787548303604,-0.1878547370433807,-7.715755462646484,-6.32515287399292,-3.517481565475464,-15.27363395690918,6.821403503417969,-23.38867950439453,29183,29835,33789,31589,0.95,qplite_builtin,opp_m2_10000,0,10000,0,0,1.0911999999999973,0.352,0.0660869279712977,0.015256960876286,-0.0045867436565458,0.0253760907799005,0.724005401134491,0.0003532590344548,-0.0003530000976752,-0.0042478055693209,-0.015256960876286,0.0009026165353134,32758.0,0.22015357017517267
seeded_ic_v1,44980010,-0.006706,0.027246,-3.890225,9.815707,0.709514,0.30509102,adaptive_ramp_v1,18.0,0.08,10.046008586883543,adaptive_brake,0.0005411510937847,0.0305485632270574,0.7060074806213379,0.0909431204199791,0.0952787548303604,-0.1878547370433807,-7.715755462646484,-6.32515287399292,-3.517481565475464,-15.27363395690918,6.821403503417969,-23.38867950439453,29317,30739,35065,32505,0.95,qplite_builtin,opp_m2_10000,0,10000,0,0,1.0911999999999973,0.352,0.0660869279712977,0.015256960876286,-0.0045867436565458,0.0253760907799005,0.724005401134491,0.0003532590344548,-0.0003530000976752,-0.0042478055693209,-0.015256960876286,0.0009026165353134,32758.0,0.22020435333251953
seeded_ic_v1,44980010,-0.006706,0.027246,-3.890225,9.815707,0.709514,0.30509102,adaptive_ramp_v1,18.0,0.08,10.065629720687866,adaptive_brake,0.0026255459524691,0.0327425077557563,0.7020730972290039,0.1128692328929901,0.1190194636583328,-0.2035367935895919,-7.715755462646484,-6.32515287399292,-3.517481565475464,-15.27363395690918,6.821403503417969,-23.38867950439453,29317,30739,35065,32505,0.95,qplite_builtin,opp_m2_10000,0,10000,0,0,1.0911999999999973,0.352,0.0660869279712977,0.015256960876286,-0.0045867436565458,0.0253760907799005,0.724005401134491,0.0003532590344548,-0.0003530000976752,-0.0042478055693209,-0.015256960876286,0.0009026165353134,32758.0,0.2398254871368426
seeded_ic_v1,44980010,-0.006706,0.027246,-3.890225,9.815707,0.709514,0.30509102,adaptive_ramp_v1,18.0,0.08,10.065857410430908,adaptive_brake,0.0026255459524691,0.0327425077557563,0.7020730972290039,0.1128692328929901,0.1190194636583328,-0.2035367935895919,-8.054478645324707,-6.375030517578125,-3.9973936080932617,-7.166740894317627,-1.605424165725708,-22.936628341674805,29317,30739,35065,32505,0.95,qplite_builtin,opp_m2_10000,0,10000,0,0,1.0911999999999973,0.352,0.0660869279712977,0.015256960876286,-0.0045867436565458,0.0253760907799005,0.724005401134491,0.0003532590344548,-0.0003530000976752,-0.0042478055693209,-0.015256960876286,0.0009026165353134,32758.0,0.2400531768798846
seeded_ic_v1,44980010,-0.006706,0.027246,-3.890225,9.815707,0.709514,0.30509102,adaptive_ramp_v1,18.0,0.08,10.0658917427063,adaptive_brake,0.0026255459524691,0.0327425077557563,0.7020730972290039,0.1128692328929901,0.1190194636583328,-0.2035367935895919,-8.054478645324707,-6.375030517578125,-3.9973936080932617,-7.166740894317627,-1.605424165725708,-22.936628341674805,28141,30527,34745,32505,0.95,qplite_builtin,opp_m2_10000,0,10000,0,0,1.0911999999999973,0.352,0.0660869279712977,0.015256960876286,-0.0045867436565458,0.0253760907799005,0.724005401134491,0.0003532590344548,-0.0003530000976752,-0.0042478055693209,-0.015256960876286,0.0009026165353134,32758.0,0.240087509155277
seeded_ic_v1,44980010,-0.006706,0.027246,-3.890225,9.815707,0.709514,0.30509102,adaptive_ramp_v1,18.0,0.08,10.084686994552612,adaptive_brake,0.0052913269028067,0.0355705246329307,0.6976951360702515,0.1367125064134597,0.1453581005334854,-0.2153221666812896,-8.054478645324707,-6.375030517578125,-3.9973936080932617,-7.166740894317627,-1.605424165725708,-22.936628341674805,28141,30527,34745,32505,0.95,qplite_builtin,opp_m2_10000,0,10000,0,0,1.0911999999999973,0.352,0.0660869279712977,0.015256960876286,-0.0045867436565458,0.0253760907799005,0.724005401134491,0.0003532590344548,-0.0003530000976752,-0.0042478055693209,-0.015256960876286,0.0009026165353134,32758.0,0.2588827610015887
seeded_ic_v1,44980010,-0.006706,0.027246,-3.890225,9.815707,0.709514,0.30509102,adaptive_ramp_v1,18.0,0.08,10.084918022155762,adaptive_brake,0.0052913269028067,0.0355705246329307,0.6976951360702515,0.1367125064134597,0.1453581005334854,-0.2153221666812896,-8.232303619384766,-6.250548839569092,-4.466961860656738,0.9876977205276488,-9.295753479003906,-22.22467994689941,28141,30527,34745,32505,0.95,qplite_builtin,opp_m2_10000,0,10000,0,0,1.0911999999999973,0.352,0.0660869279712977,0.015256960876286,-0.0045867436565458,0.0253760907799005,0.724005401134491,0.0003532590344548,-0.0003530000976752,-0.0042478055693209,-0.015256960876286,0.0009026165353134,32758.0,0.2591137886047381
seeded_ic_v1,44980010,-0.006706,0.027246,-3.890225,9.815707,0.709514,0.30509102,adaptive_ramp_v1,18.0,0.08,10.0849711894989,adaptive_brake,0.0052913269028067,0.0355705246329307,0.6976951360702515,0.1367125064134597,0.1453581005334854,-0.2153221666812896,-8.232303619384766,-6.250548839569092,-4.466961860656738,0.9876977205276488,-9.295753479003906,-22.22467994689941,27369,31015,34869,32505,0.95,qplite_builtin,opp_m2_10000,0,10000,0,0,1.0911999999999973,0.352,0.0660869279712977,0.015256960876286,-0.0045867436565458,0.0253760907799005,0.724005401134491,0.0003532590344548,-0.0003530000976752,-0.0042478055693209,-0.015256960876286,0.0009026165353134,32758.0,0.259166955947876
seeded_ic_v1,44980010,-0.006706,0.027246,-3.890225,9.815707,0.709514,0.30509102,adaptive_ramp_v1,18.0,0.08,10.105809450149536,adaptive_brake,0.0084900772199034,0.0389977246522903,0.6930224895477295,0.1603318899869918,0.1721490025520324,-0.2274558693170547,-8.232303619384766,-6.250548839569092,-4.466961860656738,0.9876977205276488,-9.295753479003906,-22.22467994689941,27369,31015,34869,32505,0.95,qplite_builtin,opp_m2_10000,0,10000,0,0,1.0911999999999973,0.352,0.0660869279712977,0.015256960876286,-0.0045867436565458,0.0253760907799005,0.724005401134491,0.0003532590344548,-0.0003530000976752,-0.0042478055693209,-0.015256960876286,0.0009026165353134,32758.0,0.2800052165985125
seeded_ic_v1,44980010,-0.006706,0.027246,-3.890225,9.815707,0.709514,0.30509102,adaptive_ramp_v1,18.0,0.08,10.105941534042358,adaptive_brake,0.0084900772199034,0.0389977246522903,0.6930224895477295,0.1603318899869918,0.1721490025520324,-0.2274558693170547,-8.21555233001709,-5.955055236816406,-4.894428730010986,10.11233139038086,-17.156814575195312,-21.163354873657227,27369,31015,34869,32505,0.95,qplite_builtin,opp_m2_10000,0,10000,0,0,1.0911999999999973,0.352,0.0660869279712977,0.015256960876286,-0.0045867436565458,0.0253760907799005,0.724005401134491,0.0003532590344548,-0.0003530000976752,-0.0042478055693209,-0.015256960876286,0.0009026165353134,32758.0,0.2801373004913348
seeded_ic_v1,44980010,-0.006706,0.027246,-3.890225,9.815707,0.709514,0.30509102,adaptive_ramp_v1,18.0,0.08,10.106016397476196,adaptive_brake,0.0084900772199034,0.0389977246522903,0.6930224895477295,0.1603318899869918,0.1721490025520324,-0.2274558693170547,-8.21555233001709,-5.955055236816406,-4.894428730010986,10.11233139038086,-17.156814575195312,-21.163354873657227,27085,32009,35279,32505,0.95,qplite_builtin,opp_m2_10000,0,10000,0,0,1.0911999999999973,0.352,0.0660869279712977,0.015256960876286,-0.0045867436565458,0.0253760907799005,0.724005401134491,0.0003532590344548,-0.0003530000976752,-0.0042478055693209,-0.015256960876286,0.0009026165353134,32758.0,0.2802121639251727
seeded_ic_v1,44980010,-0.006706,0.027246,-3.890225,9.815707,0.709514,0.30509102,adaptive_ramp_v1,18.0,0.08,10.12574863433838,adaptive_brake,0.0120360720902681,0.0428371503949165,0.6882439851760864,0.1821431964635849,0.1976745873689651,-0.239083707332611,-8.21555233001709,-5.955055236816406,-4.894428730010986,10.11233139038086,-17.156814575195312,-21.163354873657227,27085,32009,35279,32505,0.95,qplite_builtin,opp_m2_10000,0,10000,0,0,1.0911999999999973,0.352,0.0660869279712977,0.015256960876286,-0.0045867436565458,0.0253760907799005,0.724005401134491,0.0003532590344548,-0.0003530000976752,-0.0042478055693209,-0.015256960876286,0.0009026165353134,32758.0,0.29994440078735707
seeded_ic_v1,44980010,-0.006706,0.027246,-3.890225,9.815707,0.709514,0.30509102,adaptive_ramp_v1,18.0,0.08,10.126018047332764,adaptive_brake,0.0120360720902681,0.0428371503949165,0.6882439851760864,0.1821431964635849,0.1976745873689651,-0.239083707332611,-8.020325660705566,-5.53306770324707,-5.259078025817871,17.525814056396484,-22.91134262084961,-19.881837844848636,27085,32009,35279,32505,0.95,qplite_builtin,opp_m2_10000,0,10000,0,0,1.0911999999999973,0.352,0.0660869279712977,0.015256960876286,-0.0045867436565458,0.0253760907799005,0.724005401134491,0.0003532590344548,-0.0003530000976752,-0.0042478055693209,-0.015256960876286,0.0009026165353134,32758.0,0.30021381378174006
seeded_ic_v1,44980010,-0.006706,0.027246,-3.890225,9.815707,0.709514,0.30509102,adaptive_ramp_v1,18.0,0.08,10.126128673553469,adaptive_brake,0.0120360720902681,0.0428371503949165,0.6882439851760864,0.1821431964635849,0.1976745873689651,-0.239083707332611,-8.020325660705566,-5.53306770324707,-5.259078025817871,17.525814056396484,-22.91134262084961,-19.881837844848636,26879,32753,35665,32505,0.95,qplite_builtin,opp_m2_10000,0,10000,0,0,1.0911999999999973,0.352,0.0660869279712977,0.015256960876286,-0.0045867436565458,0.0253760907799005,0.724005401134491,0.0003532590344548,-0.0003530000976752,-0.0042478055693209,-0.015256960876286,0.0009026165353134,32758.0,0.30032444000244496
seeded_ic_v1,44980010,-0.006706,0.027246,-3.890225,9.815707,0.709514,0.30509102,adaptive_ramp_v1,18.0,0.08,10.145949840545654,adaptive_brake,0.0160150155425071,0.0471985451877117,0.6832808256149292,0.2026458084583282,0.2225737124681472,-0.2497154325246811,-8.020325660705566,-5.53306770324707,-5.259078025817871,17.525814056396484,-22.91134262084961,-19.881837844848636,26879,32753,35665,32505,0.95,qplite_builtin,opp_m2_10000,0,10000,0,0,1.0911999999999973,0.352,0.0660869279712977,0.015256960876286,-0.0045867436565458,0.0253760907799005,0.724005401134491,0.0003532590344548,-0.0003530000976752,-0.0042478055693209,-0.015256960876286,0.0009026165353134,32758.0,0.3201456069946307
seeded_ic_v1,44980010,-0.006706,0.027246,-3.890225,9.815707,0.709514,0.30509102,adaptive_ramp_v1,18.0,0.08,10.14633059501648,adaptive_brake,0.0160150155425071,0.0471985451877117,0.6832808256149292,0.2026458084583282,0.2225737124681472,-0.2497154325246811,-7.66765022277832,-5.0031819343566895,-5.580345630645752,23.977710723876957,-27.5091552734375,-18.042316436767575,26879,32753,35665,32505,0.95,qplite_builtin,opp_m2_10000,0,10000,0,0,1.0911999999999973,0.352,0.0660869279712977,0.015256960876286,-0.0045867436565458,0.0253760907799005,0.724005401134491,0.0003532590344548,-0.0003530000976752,-0.0042478055693209,-0.015256960876286,0.0009026165353134,32758.0,0.3205263614654559
seeded_ic_v1,44980010,-0.006706,0.027246,-3.890225,9.815707,0.709514,0.30509102,adaptive_ramp_v1,18.0,0.08,10.146431922912598,adaptive_brake,0.0160150155425071,0.0471985451877117,0.6832808256149292,0.2026458084583282,0.2225737124681472,-0.2497154325246811,-7.66765022277832,-5.0031819343566895,-5.580345630645752,23.977710723876957,-27.5091552734375,-18.042316436767575,26823,33389,36205,32505,0.95,qplite_builtin,opp_m2_10000,0,10000,0,0,1.0911999999999973,0.352,0.0660869279712977,0.015256960876286,-0.0045867436565458,0.0253760907799005,0.724005401134491,0.0003532590344548,-0.0003530000976752,-0.0042478055693209,-0.015256960876286,0.0009026165353134,32758.0,0.32062768936157404
seeded_ic_v1,44980010,-0.006706,0.027246,-3.890225,9.815707,0.709514,0.30509102,adaptive_ramp_v1,18.0,0.08,10.165632963180542,adaptive_brake,0.020369229838252,0.0520333126187324,0.678147554397583,0.2213457077741623,0.2462994158267974,-0.2592690587043762,-7.66765022277832,-5.0031819343566895,-5.580345630645752,23.977710723876957,-27.5091552734375,-18.042316436767575,26823,33389,36205,32505,0.95,qplite_builtin,opp_m2_10000,0,10000,0,0,1.0911999999999973,0.352,0.0660869279712977,0.015256960876286,-0.0045867436565458,0.0253760907799005,0.724005401134491,0.0003532590344548,-0.0003530000976752,-0.0042478055693209,-0.015256960876286,0.0009026165353134,32758.0,0.3398287296295184
seeded_ic_v1,44980010,-0.006706,0.027246,-3.890225,9.815707,0.709514,0.30509102,adaptive_ramp_v1,18.0,0.08,10.16580581665039,adaptive_brake,0.020369229838252,0.0520333126187324,0.678147554397583,0.2213457077741623,0.2462994158267974,-0.2592690587043762,-7.186553955078125,-4.395708560943604,-5.857161998748779,28.91457748413086,-30.79613876342773,-16.072120666503906,26823,33389,36205,32505,0.95,qplite_builtin,opp_m2_10000,0,10000,0,0,1.0911999999999973,0.352,0.0660869279712977,0.015256960876286,-0.0045867436565458,0.0253760907799005,0.724005401134491,0.0003532590344548,-0.0003530000976752,-0.0042478055693209,-0.015256960876286,0.0009026165353134,32758.0,0.340001583099367
seeded_ic_v1,44980010,-0.006706,0.027246,-3.890225,9.815707,0.709514,0.30509102,adaptive_ramp_v1,18.0,0.08,10.165841817855837,adaptive_brake,0.020369229838252,0.0520333126187324,0.678147554397583,0.2213457077741623,0.2462994158267974,-0.2592690587043762,-7.186553955078125,-4.395708560943604,-5.857161998748779,28.91457748413086,-30.79613876342773,-16.072120666503906,27117,34445,36943,32505,0.95,qplite_builtin,opp_m2_10000,0,10000,0,0,1.0911999999999973,0.352,0.0660869279712977,0.015256960876286,-0.0045867436565458,0.0253760907799005,0.724005401134491,0.0003532590344548,-0.0003530000976752,-0.0042478055693209,-0.015256960876286,0.0009026165353134,32758.0,0.3400375843048131
seeded_ic_v1,44980010,-0.006706,0.027246,-3.890225,9.815707,0.709514,0.30509102,adaptive_ramp_v1,18.0,0.08,10.18563437461853,adaptive_brake,0.0249514281749725,0.0571976117789745,0.6730618476867676,0.2375649511814117,0.2681466937065124,-0.2651917338371277,-7.186553955078125,-4.395708560943604,-5.857161998748779,28.91457748413086,-30.79613876342773,-16.072120666503906,27117,34445,36943,32505,0.95,qplite_builtin,opp_m2_10000,0,10000,0,0,1.0911999999999973,0.352,0.0660869279712977,0.015256960876286,-0.0045867436565458,0.0253760907799005,0.724005401134491,0.0003532590344548,-0.0003530000976752,-0.0042478055693209,-0.015256960876286,0.0009026165353134,32758.0,0.35983014106750666
seeded_ic_v1,44980010,-0.006706,0.027246,-3.890225,9.815707,0.709514,0.30509102,adaptive_ramp_v1,18.0,0.08,10.185772180557253,adaptive_brake,0.0249514281749725,0.0571976117789745,0.6730618476867676,0.2375649511814117,0.2681466937065124,-0.2651917338371277,-6.612934589385986,-3.7392053604125977,-6.092945098876953,31.62910842895508,-32.368892669677734,-14.110918998718262,27117,34445,36943,32505,0.95,qplite_builtin,opp_m2_10000,0,10000,0,0,1.0911999999999973,0.352,0.0660869279712977,0.015256960876286,-0.0045867436565458,0.0253760907799005,0.724005401134491,0.0003532590344548,-0.0003530000976752,-0.0042478055693209,-0.015256960876286,0.0009026165353134,32758.0,0.35996794700622914
seeded_ic_v1,44980010,-0.006706,0.027246,-3.890225,9.815707,0.709514,0.30509102,adaptive_ramp_v1,18.0,0.08,10.185803651809692,adaptive_brake,0.0249514281749725,0.0571976117789745,0.6730618476867676,0.2375649511814117,0.2681466937065124,-0.2651917338371277,-6.612934589385986,-3.7392053604125977,-6.092945098876953,31.62910842895508,-32.368892669677734,-14.110918998718262,26819,34337,37293,32505,0.95,qplite_builtin,opp_m2_10000,0,10000,0,0,1.0911999999999973,0.352,0.0660869279712977,0.015256960876286,-0.0045867436565458,0.0253760907799005,0.724005401134491,0.0003532590344548,-0.0003530000976752,-0.0042478055693209,-0.015256960876286,0.0009026165353134,32758.0,0.35999941825866877
seeded_ic_v1,44980010,-0.006706,0.027246,-3.890225,9.815707,0.709514,0.30509102,adaptive_ramp_v1,18.0,0.08,10.206749200820925,adaptive_brake,0.0297215245664119,0.0626505687832832,0.667986273765564,0.2511828243732452,0.287887841463089,-0.2683058381080627,-6.612934589385986,-3.7392053604125977,-6.092945098876953,31.62910842895508,-32.368892669677734,-14.110918998718262,26819,34337,37293,32505,0.95,qplite_builtin,opp_m2_10000,0,10000,0,0,1.0911999999999973,0.352,0.0660869279712977,0.015256960876286,-0.0045867436565458,0.0253760907799005,0.724005401134491,0.0003532590344548,-0.0003530000976752,-0.0042478055693209,-0.015256960876286,0.0009026165353134,32758.0,0.380944967269901
seeded_ic_v1,44980010,-0.006706,0.027246,-3.890225,9.815707,0.709514,0.30509102,adaptive_ramp_v1,18.0,0.08,10.20698380470276,adaptive_brake,0.0297215245664119,0.0626505687832832,0.667986273765564,0.2511828243732452,0.287887841463089,-0.2683058381080627,-5.978295803070068,-3.059523820877075,-6.293476581573486,34.97687530517578,-33.7688102722168,-12.181113243103027,26819,34337,37293,32505,0.95,qplite_builtin,opp_m2_10000,0,10000,0,0,1.0911999999999973,0.352,0.0660869279712977,0.015256960876286,-0.0045867436565458,0.0253760907799005,0.724005401134491,0.0003532590344548,-0.0003530000976752,-0.0042478055693209,-0.015256960876286,0.0009026165353134,32758.0,0.38117957115173695
seeded_ic_v1,44980010,-0.006706,0.027246,-3.890225,9.815707,0.709514,0.30509102,adaptive_ramp_v1,18.0,0.08,10.20708441734314,adaptive_brake,0.0297215245664119,0.0626505687832832,0.667986273765564,0.2511828243732452,0.287887841463089,-0.2683058381080627,-5.978295803070068,-3.059523820877075,-6.293476581573486,34.97687530517578,-33.7688102722168,-12.181113243103027,27049,34969,37899,32505,0.95,qplite_builtin,opp_m2_10000,0,10000,0,0,1.0911999999999973,0.352,0.0660869279712977,0.015256960876286,-0.0045867436565458,0.0253760907799005,0.724005401134491,0.0003532590344548,-0.0003530000976752,-0.0042478055693209,-0.015256960876286,0.0009026165353134,32758.0,0.38128018379211603
seeded_ic_v1,44980010,-0.006706,0.027246,-3.890225,9.815707,0.709514,0.30509102,adaptive_ramp_v1,18.0,0.08,10.224903345108032,adaptive_brake,0.0350758805871009,0.0688669607043266,0.6624391078948975,0.2632854282855987,0.3069969415664673,-0.2709323465824127,-5.978295803070068,-3.059523820877075,-6.293476581573486,34.97687530517578,-33.7688102722168,-12.181113243103027,27049,34969,37899,32505,0.95,qplite_builtin,opp_m2_10000,0,10000,0,0,1.0911999999999973,0.352,0.0660869279712977,0.015256960876286,-0.0045867436565458,0.0253760907799005,0.724005401134491,0.0003532590344548,-0.0003530000976752,-0.0042478055693209,-0.015256960876286,0.0009026165353134,32758.0,0.3990991115570086
seeded_ic_v1,44980010,-0.006706,0.027246,-3.890225,9.815707,0.709514,0.30509102,adaptive_ramp_v1,18.0,0.08,10.225100994110107,adaptive_brake,0.0350758805871009,0.0688669607043266,0.6624391078948975,0.2632854282855987,0.3069969415664673,-0.2709323465824127,-5.2408552169799805,-2.326539993286133,-6.471874713897705,37.64200210571289,-34.367515563964844,-10.609441757202148,27049,34969,37899,32505,0.95,qplite_builtin,opp_m2_10000,0,10000,0,0,1.0911999999999973,0.352,0.0660869279712977,0.015256960876286,-0.0045867436565458,0.0253760907799005,0.724005401134491,0.0003532590344548,-0.0003530000976752,-0.0042478055693209,-0.015256960876286,0.0009026165353134,32758.0,0.3992967605590838
seeded_ic_v1,44980010,-0.006706,0.027246,-3.890225,9.815707,0.709514,0.30509102,adaptive_ramp_v1,18.0,0.08,10.22518515586853,adaptive_brake,0.0350758805871009,0.0688669607043266,0.6624391078948975,0.2632854282855987,0.3069969415664673,-0.2709323465824127,-5.2408552169799805,-2.326539993286133,-6.471874713897705,37.64200210571289,-34.367515563964844,-10.609441757202148,27299,35591,38391,32505,0.95,qplite_builtin,opp_m2_10000,0,10000,0,0,1.0911999999999973,0.352,0.0660869279712977,0.015256960876286,-0.0045867436565458,0.0253760907799005,0.724005401134491,0.0003532590344548,-0.0003530000976752,-0.0042478055693209,-0.015256960876286,0.0009026165353134,32758.0,0.39938092231750666
seeded_ic_v1,44980010,-0.006706,0.027246,-3.890225,9.815707,0.709514,0.30509102,adaptive_ramp_v1,18.0,0.08,10.245066165924072,adaptive_brake,0.0403275303542614,0.0750884488224983,0.657188355922699,0.2719229161739349,0.3228226006031036,-0.2711601555347442,-5.2408552169799805,-2.326539993286133,-6.471874713897705,37.64200210571289,-34.367515563964844,-10.609441757202148,27299,35591,38391,32505,0.95,qplite_builtin,opp_m2_10000,0,10000,0,0,1.0911999999999973,0.352,0.0660869279712977,0.015256960876286,-0.0045867436565458,0.0253760907799005,0.724005401134491,0.0003532590344548,-0.0003530000976752,-0.0042478055693209,-0.015256960876286,0.0009026165353134,32758.0,0.41926193237304865
seeded_ic_v1,44980010,-0.006706,0.027246,-3.890225,9.815707,0.709514,0.30509102,adaptive_ramp_v1,18.0,0.08,10.245299816131592,adaptive_brake,0.0403275303542614,0.0750884488224983,0.657188355922699,0.2719229161739349,0.3228226006031036,-0.2711601555347442,-4.475272178649902,-1.6245474815368652,-6.61447286605835,40.04025268554688,-34.10188293457031,-8.989291191101074,27299,35591,38391,32505,0.95,qplite_builtin,opp_m2_10000,0,10000,0,0,1.0911999999999973,0.352,0.0660869279712977,0.015256960876286,-0.0045867436565458,0.0253760907799005,0.724005401134491,0.0003532590344548,-0.0003530000976752,-0.0042478055693209,-0.015256960876286,0.0009026165353134,32758.0,0.4194955825805682
seeded_ic_v1,44980010,-0.006706,0.027246,-3.890225,9.815707,0.709514,0.30509102,adaptive_ramp_v1,18.0,0.08,10.245413064956663,adaptive_brake,0.0403275303542614,0.0750884488224983,0.657188355922699,0.2719229161739349,0.3228226006031036,-0.2711601555347442,-4.475272178649902,-1.6245474815368652,-6.61447286605835,40.04025268554688,-34.10188293457031,-8.989291191101074,24705,36055,35905,32505,0.95,qplite_builtin,opp_m2_10000,0,10000,0,0,1.0911999999999973,0.352,0.0660869279712977,0.015256960876286,-0.0045867436565458,0.0253760907799005,0.724005401134491,0.0003532590344548,-0.0003530000976752,-0.0042478055693209,-0.015256960876286,0.0009026165353134,32758.0,0.41960883140563965
seeded_ic_v1,44980010,-0.006706,0.027246,-3.890225,9.815707,0.709514,0.30509102,adaptive_ramp_v1,18.0,0.08,10.264877080917358,adaptive_brake,0.045816782861948,0.0817220360040664,0.6518097519874573,0.2783661186695099,0.3369185328483581,-0.269700676202774,-4.475272178649902,-1.6245474815368652,-6.61447286605835,40.04025268554688,-34.10188293457031,-8.989291191101074,24705,36055,35905,32505,0.95,qplite_builtin,opp_m2_10000,0,10000,0,0,1.0911999999999973,0.352,0.0660869279712977,0.015256960876286,-0.0045867436565458,0.0253760907799005,0.724005401134491,0.0003532590344548,-0.0003530000976752,-0.0042478055693209,-0.015256960876286,0.0009026165353134,32758.0,0.4390728473663348
seeded_ic_v1,44980010,-0.006706,0.027246,-3.890225,9.815707,0.709514,0.30509102,adaptive_ramp_v1,18.0,0.08,10.265055179595947,adaptive_brake,0.045816782861948,0.0817220360040664,0.6518097519874573,0.2783661186695099,0.3369185328483581,-0.269700676202774,-3.6659882068634033,-0.938563346862793,-6.736356735229492,41.644981384277344,-32.89693069458008,-7.5529465675354,24705,36055,35905,32505,0.95,qplite_builtin,opp_m2_10000,0,10000,0,0,1.0911999999999973,0.352,0.0660869279712977,0.015256960876286,-0.0045867436565458,0.0253760907799005,0.724005401134491,0.0003532590344548,-0.0003530000976752,-0.0042478055693209,-0.015256960876286,0.0009026165353134,32758.0,0.43925094604492365
seeded_ic_v1,44980010,-0.006706,0.027246,-3.890225,9.815707,0.709514,0.30509102,adaptive_ramp_v1,18.0,0.08,10.265117645263672,adaptive_brake,0.045816782861948,0.0817220360040664,0.6518097519874573,0.2783661186695099,0.3369185328483581,-0.269700676202774,-3.6659882068634033,-0.938563346862793,-6.736356735229492,41.644981384277344,-32.89693069458008,-7.5529465675354,27891,36335,38967,32505,0.95,qplite_builtin,opp_m2_10000,0,10000,0,0,1.0911999999999973,0.352,0.0660869279712977,0.015256960876286,-0.0045867436565458,0.0253760907799005,0.724005401134491,0.0003532590344548,-0.0003530000976752,-0.0042478055693209,-0.015256960876286,0.0009026165353134,32758.0,0.43931341171264826
seeded_ic_v1,44980010,-0.006706,0.027246,-3.890225,9.815707,0.709514,0.30509102,adaptive_ramp_v1,18.0,0.08,10.284584999084473,adaptive_brake,0.0512338615953922,0.0884061306715011,0.6466635465621948,0.2814438641071319,0.3476511836051941,-0.2653795182704925,-3.6659882068634033,-0.938563346862793,-6.736356735229492,41.644981384277344,-32.89693069458008,-7.5529465675354,27891,36335,38967,32505,0.95,qplite_builtin,opp_m2_10000,0,10000,0,0,1.0911999999999973,0.352,0.0660869279712977,0.015256960876286,-0.0045867436565458,0.0253760907799005,0.724005401134491,0.0003532590344548,-0.0003530000976752,-0.0042478055693209,-0.015256960876286,0.0009026165353134,32758.0,0.45878076553344904
seeded_ic_v1,44980010,-0.006706,0.027246,-3.890225,9.815707,0.709514,0.30509102,adaptive_ramp_v1,18.0,0.08,10.285072088241575,adaptive_brake,0.0512338615953922,0.0884061306715011,0.6466635465621948,0.2814438641071319,0.3476511836051941,-0.2653795182704925,-2.8268964290618896,-0.2858671545982361,-6.841844081878662,42.62440490722656,-30.926803588867188,-6.208383083343506,27891,36335,38967,32505,0.95,qplite_builtin,opp_m2_10000,0,10000,0,0,1.0911999999999973,0.352,0.0660869279712977,0.015256960876286,-0.0045867436565458,0.0253760907799005,0.724005401134491,0.0003532590344548,-0.0003530000976752,-0.0042478055693209,-0.015256960876286,0.0009026165353134,32758.0,0.45926785469055176
seeded_ic_v1,44980010,-0.006706,0.027246,-3.890225,9.815707,0.709514,0.30509102,adaptive_ramp_v1,18.0,0.08,10.285114765167236,adaptive_brake,0.0512338615953922,0.0884061306715011,0.6466635465621948,0.2814438641071319,0.3476511836051941,-0.2653795182704925,-2.8268964290618896,-0.2858671545982361,-6.841844081878662,42.62440490722656,-30.926803588867188,-6.208383083343506,26105,36687,37013,32505,0.95,qplite_builtin,opp_m2_10000,0,10000,0,0,1.0911999999999973,0.352,0.0660869279712977,0.015256960876286,-0.0045867436565458,0.0253760907799005,0.724005401134491,0.0003532590344548,-0.0003530000976752,-0.0042478055693209,-0.015256960876286,0.0009026165353134,32758.0,0.4593105316162127
seeded_ic_v1,44980010,-0.006706,0.027246,-3.890225,9.815707,0.709514,0.30509102,adaptive_ramp_v1,18.0,0.08,10.304729461669922,adaptive_brake,0.0566611066460609,0.0952540263533592,0.6416114568710327,0.281885027885437,0.3556935787200928,-0.2596192061901092,-2.8268964290618896,-0.2858671545982361,-6.841844081878662,42.62440490722656,-30.926803588867188,-6.208383083343506,26105,36687,37013,32505,0.95,qplite_builtin,opp_m2_10000,0,10000,0,0,1.0911999999999973,0.352,0.0660869279712977,0.015256960876286,-0.0045867436565458,0.0253760907799005,0.724005401134491,0.0003532590344548,-0.0003530000976752,-0.0042478055693209,-0.015256960876286,0.0009026165353134,32758.0,0.47892522811889826
seeded_ic_v1,44980010,-0.006706,0.027246,-3.890225,9.815707,0.709514,0.30509102,adaptive_ramp_v1,18.0,0.08,10.30491852760315,adaptive_brake,0.0566611066460609,0.0952540263533592,0.6416114568710327,0.281885027885437,0.3556935787200928,-0.2596192061901092,-1.970251202583313,0.3233602344989776,-6.932709693908691,43.054080963134766,-28.716575622558597,-5.0294189453125,26105,36687,37013,32505,0.95,qplite_builtin,opp_m2_10000,0,10000,0,0,1.0911999999999973,0.352,0.0660869279712977,0.015256960876286,-0.0045867436565458,0.0253760907799005,0.724005401134491,0.0003532590344548,-0.0003530000976752,-0.0042478055693209,-0.015256960876286,0.0009026165353134,32758.0,0.4791142940521258
seeded_ic_v1,44980010,-0.006706,0.027246,-3.890225,9.815707,0.709514,0.30509102,adaptive_ramp_v1,18.0,0.08,10.30502986907959,adaptive_brake,0.0566611066460609,0.0952540263533592,0.6416114568710327,0.281885027885437,0.3556935787200928,-0.2596192061901092,-1.970251202583313,0.3233602344989776,-6.932709693908691,43.054080963134766,-28.716575622558597,-5.0294189453125,28433,36839,39297,32505,0.95,qplite_builtin,opp_m2_10000,0,10000,0,0,1.0911999999999973,0.352,0.0660869279712977,0.015256960876286,-0.0045867436565458,0.0253760907799005,0.724005401134491,0.0003532590344548,-0.0003530000976752,-0.0042478055693209,-0.015256960876286,0.0009026165353134,32758.0,0.47922563552856623
seeded_ic_v1,44980010,-0.006706,0.027246,-3.890225,9.815707,0.709514,0.30509102,adaptive_ramp_v1,18.0,0.08,10.325075626373293,adaptive_brake,0.062155682593584,0.102347508072853,0.6365573406219482,0.2802196443080902,0.3614900112152099,-0.2529709637165069,-1.970251202583313,0.3233602344989776,-6.932709693908691,43.054080963134766,-28.716575622558597,-5.0294189453125,28433,36839,39297,32505,0.95,qplite_builtin,opp_m2_10000,0,10000,0,0,1.0911999999999973,0.352,0.0660869279712977,0.015256960876286,-0.0045867436565458,0.0253760907799005,0.724005401134491,0.0003532590344548,-0.0003530000976752,-0.0042478055693209,-0.015256960876286,0.0009026165353134,32758.0,0.4992713928222692
seeded_ic_v1,44980010,-0.006706,0.027246,-3.890225,9.815707,0.709514,0.30509102,adaptive_ramp_v1,18.0,0.08,10.32529878616333,adaptive_brake,0.062155682593584,0.102347508072853,0.6365573406219482,0.2802196443080902,0.3614900112152099,-0.2529709637165069,-1.1121746301651,0.8821581602096558,-7.010904788970947,42.27983474731445,-25.8898983001709,-3.931562423706055,28433,36839,39297,32505,0.95,qplite_builtin,opp_m2_10000,0,10000,0,0,1.0911999999999973,0.352,0.0660869279712977,0.015256960876286,-0.0045867436565458,0.0253760907799005,0.724005401134491,0.0003532590344548,-0.0003530000976752,-0.0042478055693209,-0.015256960876286,0.0009026165353134,32758.0,0.49949455261230646
seeded_ic_v1,44980010,-0.006706,0.027246,-3.890225,9.815707,0.709514,0.30509102,adaptive_ramp_v1,18.0,0.08,10.325401544570925,adaptive_brake,0.062155682593584,0.102347508072853,0.6365573406219482,0.2802196443080902,0.3614900112152099,-0.2529709637165069,-1.1121746301651,0.8821581602096558,-7.010904788970947,42.27983474731445,-25.8898983001709,-3.931562423706055,27135,37027,37779,32505,0.95,qplite_builtin,opp_m2_10000,0,10000,0,0,1.0911999999999973,0.352,0.0660869279712977,0.015256960876286,-0.0045867436565458,0.0253760907799005,0.724005401134491,0.0003532590344548,-0.0003530000976752,-0.0042478055693209,-0.015256960876286,0.0009026165353134,32758.0,0.499597311019901
seeded_ic_v1,44980010,-0.006706,0.027246,-3.890225,9.815707,0.709514,0.30509102,adaptive_ramp_v1,18.0,0.08,10.34485936164856,adaptive_brake,0.0675366222858429,0.1094632968306541,0.6316835880279541,0.2760129272937774,0.3642470836639404,-0.2449202388525009,-1.1121746301651,0.8821581602096558,-7.010904788970947,42.27983474731445,-25.8898983001709,-3.931562423706055,27135,37027,37779,32505,0.95,qplite_builtin,opp_m2_10000,0,10000,0,0,1.0911999999999973,0.352,0.0660869279712977,0.015256960876286,-0.0045867436565458,0.0253760907799005,0.724005401134491,0.0003532590344548,-0.0003530000976752,-0.0042478055693209,-0.015256960876286,0.0009026165353134,32758.0,0.519055128097536
seeded_ic_v1,44980010,-0.006706,0.027246,-3.890225,9.815707,0.709514,0.30509102,adaptive_ramp_v1,18.0,0.08,10.3450927734375,adaptive_brake,0.0675366222858429,0.1094632968306541,0.6316835880279541,0.2760129272937774,0.3642470836639404,-0.2449202388525009,-0.2723100781440735,1.3824578523635864,-7.076992034912109,41.1779670715332,-23.173240661621094,-2.989254236221313,27135,37027,37779,32505,0.95,qplite_builtin,opp_m2_10000,0,10000,0,0,1.0911999999999973,0.352,0.0660869279712977,0.015256960876286,-0.0045867436565458,0.0253760907799005,0.724005401134491,0.0003532590344548,-0.0003530000976752,-0.0042478055693209,-0.015256960876286,0.0009026165353134,32758.0,0.5192885398864764
seeded_ic_v1,44980010,-0.006706,0.027246,-3.890225,9.815707,0.709514,0.30509102,adaptive_ramp_v1,18.0,0.08,10.345170021057127,adaptive_brake,0.0675366222858429,0.1094632968306541,0.6316835880279541,0.2760129272937774,0.3642470836639404,-0.2449202388525009,-0.2723100781440735,1.3824578523635864,-7.076992034912109,41.1779670715332,-23.173240661621094,-2.989254236221313,27757,37373,38131,32505,0.95,qplite_builtin,opp_m2_10000,0,10000,0,0,1.0911999999999973,0.352,0.0660869279712977,0.015256960876286,-0.0045867436565458,0.0253760907799005,0.724005401134491,0.0003532590344548,-0.0003530000976752,-0.0042478055693209,-0.015256960876286,0.0009026165353134,32758.0,0.5193657875061035
seeded_ic_v1,44980010,-0.006706,0.027246,-3.890225,9.815707,0.709514,0.30509102,adaptive_ramp_v1,18.0,0.08,10.365594863891602,adaptive_brake,0.072877787053585,0.1167055591940879,0.6269322633743286,0.2685167789459228,0.3631119728088379,-0.2345709055662155,-0.2723100781440735,1.3824578523635864,-7.076992034912109,41.1779670715332,-23.173240661621094,-2.989254236221313,27757,37373,38131,32505,0.95,qplite_builtin,opp_m2_10000,0,10000,0,0,1.0911999999999973,0.352,0.0660869279712977,0.015256960876286,-0.0045867436565458,0.0253760907799005,0.724005401134491,0.0003532590344548,-0.0003530000976752,-0.0042478055693209,-0.015256960876286,0.0009026165353134,32758.0,0.539790630340578
seeded_ic_v1,44980010,-0.006706,0.027246,-3.890225,9.815707,0.709514,0.30509102,adaptive_ramp_v1,18.0,0.08,10.365866899490356,adaptive_brake,0.072877787053585,0.1167055591940879,0.6269322633743286,0.2685167789459228,0.3631119728088379,-0.2345709055662155,0.5863826274871826,1.8475300073623655,-7.133362770080566,39.15803527832031,-19.75905990600586,-2.023021936416626,27757,37373,38131,32505,0.95,qplite_builtin,opp_m2_10000,0,10000,0,0,1.0911999999999973,0.352,0.0660869279712977,0.015256960876286,-0.0045867436565458,0.0253760907799005,0.724005401134491,0.0003532590344548,-0.0003530000976752,-0.0042478055693209,-0.015256960876286,0.0009026165353134,32758.0,0.5400626659393328
seeded_ic_v1,44980010,-0.006706,0.027246,-3.890225,9.815707,0.709514,0.30509102,adaptive_ramp_v1,18.0,0.08,10.365958213806152,adaptive_brake,0.072877787053585,0.1167055591940879,0.6269322633743286,0.2685167789459228,0.3631119728088379,-0.2345709055662155,0.5863826274871826,1.8475300073623655,-7.133362770080566,39.15803527832031,-19.75905990600586,-2.023021936416626,28261,37251,38201,32505,0.95,qplite_builtin,opp_m2_10000,0,10000,0,0,1.0911999999999973,0.352,0.0660869279712977,0.015256960876286,-0.0045867436565458,0.0253760907799005,0.724005401134491,0.0003532590344548,-0.0003530000976752,-0.0042478055693209,-0.015256960876286,0.0009026165353134,32758.0,0.5401539802551287
seeded_ic_v1,44980010,-0.006706,0.027246,-3.890225,9.815707,0.709514,0.30509102,adaptive_ramp_v1,18.0,0.08,10.385622262954712,adaptive_brake,0.0777353420853614,0.1234732642769813,0.6226354241371155,0.2591456770896911,0.3589029908180237,-0.2240372896194458,0.5863826274871826,1.8475300073623655,-7.133362770080566,39.15803527832031,-19.75905990600586,-2.023021936416626,28261,37251,38201,32505,0.95,qplite_builtin,opp_m2_10000,0,10000,0,0,1.0911999999999973,0.352,0.0660869279712977,0.015256960876286,-0.0045867436565458,0.0253760907799005,0.724005401134491,0.0003532590344548,-0.0003530000976752,-0.0042478055693209,-0.015256960876286,0.0009026165353134,32758.0,0.5598180294036883
seeded_ic_v1,44980010,-0.006706,0.027246,-3.890225,9.815707,0.709514,0.30509102,adaptive_ramp_v1,18.0,0.08,10.385886669158936,adaptive_brake,0.0777353420853614,0.1234732642769813,0.6226354241371155,0.2591456770896911,0.3589029908180237,-0.2240372896194458,1.3626160621643066,2.226184368133545,-7.174726486206055,36.7351188659668,-16.601886749267578,-1.2112984657287598,28261,37251,38201,32505,0.95,qplite_builtin,opp_m2_10000,0,10000,0,0,1.0911999999999973,0.352,0.0660869279712977,0.015256960876286,-0.0045867436565458,0.0253760907799005,0.724005401134491,0.0003532590344548,-0.0003530000976752,-0.0042478055693209,-0.015256960876286,0.0009026165353134,32758.0,0.5600824356079119
seeded_ic_v1,44980010,-0.006706,0.027246,-3.890225,9.815707,0.709514,0.30509102,adaptive_ramp_v1,18.0,0.08,10.385963916778564,adaptive_brake,0.0777353420853614,0.1234732642769813,0.6226354241371155,0.2591456770896911,0.3589029908180237,-0.2240372896194458,1.3626160621643066,2.226184368133545,-7.174726486206055,36.7351188659668,-16.601886749267578,-1.2112984657287598,29491,37187,39167,32505,0.95,qplite_builtin,opp_m2_10000,0,10000,0,0,1.0911999999999973,0.352,0.0660869279712977,0.015256960876286,-0.0045867436565458,0.0253760907799005,0.724005401134491,0.0003532590344548,-0.0003530000976752,-0.0042478055693209,-0.015256960876286,0.0009026165353134,32758.0,0.5601596832275408
seeded_ic_v1,44980010,-0.006706,0.027246,-3.890225,9.815707,0.709514,0.30509102,adaptive_ramp_v1,18.0,0.08,10.406326055526732,adaptive_brake,0.0824922323226928,0.1302721202373504,0.6184059381484985,0.2486055344343185,0.3527607917785644,-0.2138751596212387,1.3626160621643066,2.226184368133545,-7.174726486206055,36.7351188659668,-16.601886749267578,-1.2112984657287598,29491,37187,39167,32505,0.95,qplite_builtin,opp_m2_10000,0,10000,0,0,1.0911999999999973,0.352,0.0660869279712977,0.015256960876286,-0.0045867436565458,0.0253760907799005,0.724005401134491,0.0003532590344548,-0.0003530000976752,-0.0042478055693209,-0.015256960876286,0.0009026165353134,32758.0,0.580521821975708
seeded_ic_v1,44980010,-0.006706,0.027246,-3.890225,9.815707,0.709514,0.30509102,adaptive_ramp_v1,18.0,0.08,10.406845331192017,adaptive_brake,0.0824922323226928,0.1302721202373504,0.6184059381484985,0.2486055344343185,0.3527607917785644,-0.2138751596212387,2.080100774765014,2.534181833267212,-7.203408241271973,33.87947082519531,-12.954971313476562,-0.4918479025363922,29491,37187,39167,32505,0.95,qplite_builtin,opp_m2_10000,0,10000,0,0,1.0911999999999973,0.352,0.0660869279712977,0.015256960876286,-0.0045867436565458,0.0253760907799005,0.724005401134491,0.0003532590344548,-0.0003530000976752,-0.0042478055693209,-0.015256960876286,0.0009026165353134,32758.0,0.581041097640993
seeded_ic_v1,44980010,-0.006706,0.027246,-3.890225,9.815707,0.709514,0.30509102,adaptive_ramp_v1,18.0,0.08,10.407014846801758,adaptive_brake,0.0824922323226928,0.1302721202373504,0.6184059381484985,0.2486055344343185,0.3527607917785644,-0.2138751596212387,2.080100774765014,2.534181833267212,-7.203408241271973,33.87947082519531,-12.954971313476562,-0.4918479025363922,29217,37123,38425,32505,0.95,qplite_builtin,opp_m2_10000,0,10000,0,0,1.0911999999999973,0.352,0.0660869279712977,0.015256960876286,-0.0045867436565458,0.0253760907799005,0.724005401134491,0.0003532590344548,-0.0003530000976752,-0.0042478055693209,-0.015256960876286,0.0009026165353134,32758.0,0.5812106132507342
seeded_ic_v1,44980010,-0.006706,0.027246,-3.890225,9.815707,0.709514,0.30509102,adaptive_ramp_v1,18.0,0.08,10.42680048942566,adaptive_brake,0.0868729650974273,0.1367072910070419,0.6145080327987671,0.2360274940729141,0.343265175819397,-0.2028200328350067,2.080100774765014,2.534181833267212,-7.203408241271973,33.87947082519531,-12.954971313476562,-0.4918479025363922,29217,37123,38425,32505,0.95,qplite_builtin,opp_m2_10000,0,10000,0,0,1.0911999999999973,0.352,0.0660869279712977,0.015256960876286,-0.0045867436565458,0.0253760907799005,0.724005401134491,0.0003532590344548,-0.0003530000976752,-0.0042478055693209,-0.015256960876286,0.0009026165353134,32758.0,0.6009962558746356
seeded_ic_v1,44980010,-0.006706,0.027246,-3.890225,9.815707,0.709514,0.30509102,adaptive_ramp_v1,18.0,0.08,10.42720913887024,adaptive_brake,0.0868729650974273,0.1367072910070419,0.6145080327987671,0.2360274940729141,0.343265175819397,-0.2028200328350067,2.748217821121216,2.773366689682007,-7.218834400177002,31.17677879333496,-9.230002403259276,0.0671852454543113,29217,37123,38425,32505,0.95,qplite_builtin,opp_m2_10000,0,10000,0,0,1.0911999999999973,0.352,0.0660869279712977,0.015256960876286,-0.0045867436565458,0.0253760907799005,0.724005401134491,0.0003532590344548,-0.0003530000976752,-0.0042478055693209,-0.015256960876286,0.0009026165353134,32758.0,0.6014049053192156
seeded_ic_v1,44980010,-0.006706,0.027246,-3.890225,9.815707,0.709514,0.30509102,adaptive_ramp_v1,18.0,0.08,10.42740797996521,adaptive_brake,0.0868729650974273,0.1367072910070419,0.6145080327987671,0.2360274940729141,0.343265175819397,-0.2028200328350067,2.748217821121216,2.773366689682007,-7.218834400177002,31.17677879333496,-9.230002403259276,0.0671852454543113,30117,37003,38569,32505,0.95,qplite_builtin,opp_m2_10000,0,10000,0,0,1.0911999999999973,0.352,0.0660869279712977,0.015256960876286,-0.0045867436565458,0.0253760907799005,0.724005401134491,0.0003532590344548,-0.0003530000976752,-0.0042478055693209,-0.015256960876286,0.0009026165353134,32758.0,0.6016037464141863
seeded_ic_v1,44980010,-0.006706,0.027246,-3.890225,9.815707,0.709514,0.30509102,adaptive_ramp_v1,18.0,0.08,10.444880247116089,adaptive_brake,0.0912943109869957,0.1433706432580948,0.6105217933654785,0.2221781611442566,0.3315377235412597,-0.1918630301952362,2.748217821121216,2.773366689682007,-7.218834400177002,31.17677879333496,-9.230002403259276,0.0671852454543113,30117,37003,38569,32505,0.95,qplite_builtin,opp_m2_10000,0,10000,0,0,1.0911999999999973,0.352,0.0660869279712977,0.015256960876286,-0.0045867436565458,0.0253760907799005,0.724005401134491,0.0003532590344548,-0.0003530000976752,-0.0042478055693209,-0.015256960876286,0.0009026165353134,32758.0,0.6190760135650653
seeded_ic_v1,44980010,-0.006706,0.027246,-3.890225,9.815707,0.709514,0.30509102,adaptive_ramp_v1,18.0,0.08,10.445175409317017,adaptive_brake,0.0912943109869957,0.1433706432580948,0.6105217933654785,0.2221781611442566,0.3315377235412597,-0.1918630301952362,3.3814122676849365,2.9412872791290283,-7.222700119018555,28.2793083190918,-5.939208030700684,0.5146828889846802,30117,37003,38569,32505,0.95,qplite_builtin,opp_m2_10000,0,10000,0,0,1.0911999999999973,0.352,0.0660869279712977,0.015256960876286,-0.0045867436565458,0.0253760907799005,0.724005401134491,0.0003532590344548,-0.0003530000976752,-0.0042478055693209,-0.015256960876286,0.0009026165353134,32758.0,0.619371175765993
seeded_ic_v1,44980010,-0.006706,0.027246,-3.890225,9.815707,0.709514,0.30509102,adaptive_ramp_v1,18.0,0.08,10.4452645778656,adaptive_brake,0.0912943109869957,0.1433706432580948,0.6105217933654785,0.2221781611442566,0.3315377235412597,-0.1918630301952362,3.3814122676849365,2.9412872791290283,-7.222700119018555,28.2793083190918,-5.939208030700684,0.5146828889846802,30271,36791,38279,32505,0.95,qplite_builtin,opp_m2_10000,0,10000,0,0,1.0911999999999973,0.352,0.0660869279712977,0.015256960876286,-0.0045867436565458,0.0253760907799005,0.724005401134491,0.0003532590344548,-0.0003530000976752,-0.0042478055693209,-0.015256960876286,0.0009026165353134,32758.0,0.619460344314577
seeded_ic_v1,44980010,-0.006706,0.027246,-3.890225,9.815707,0.709514,0.30509102,adaptive_ramp_v1,18.0,0.08,10.464758157730104,adaptive_brake,0.0950583592057228,0.1492180526256561,0.6070764660835266,0.2074045538902282,0.3171219229698181,-0.1803222298622131,3.3814122676849365,2.9412872791290283,-7.222700119018555,28.2793083190918,-5.939208030700684,0.5146828889846802,30271,36791,38279,32505,0.95,qplite_builtin,opp_m2_10000,0,10000,0,0,1.0911999999999973,0.352,0.0660869279712977,0.015256960876286,-0.0045867436565458,0.0253760907799005,0.724005401134491,0.0003532590344548,-0.0003530000976752,-0.0042478055693209,-0.015256960876286,0.0009026165353134,32758.0,0.6389539241790807
seeded_ic_v1,44980010,-0.006706,0.027246,-3.890225,9.815707,0.709514,0.30509102,adaptive_ramp_v1,18.0,0.08,10.464929103851318,adaptive_brake,0.0950583592057228,0.1492180526256561,0.6070764660835266,0.2074045538902282,0.3171219229698181,-0.1803222298622131,3.918378353118897,3.035869836807251,-7.214737892150879,23.869199752807617,-2.509896755218506,0.9007582664489746,30271,36791,38279,32505,0.95,qplite_builtin,opp_m2_10000,0,10000,0,0,1.0911999999999973,0.352,0.0660869279712977,0.015256960876286,-0.0045867436565458,0.0253760907799005,0.724005401134491,0.0003532590344548,-0.0003530000976752,-0.0042478055693209,-0.015256960876286,0.0009026165353134,32758.0,0.6391248703002947
seeded_ic_v1,44980010,-0.006706,0.027246,-3.890225,9.815707,0.709514,0.30509102,adaptive_ramp_v1,18.0,0.08,10.465015411376951,adaptive_brake,0.0950583592057228,0.1492180526256561,0.6070764660835266,0.2074045538902282,0.3171219229698181,-0.1803222298622131,3.918378353118897,3.035869836807251,-7.214737892150879,23.869199752807617,-2.509896755218506,0.9007582664489746,30881,36743,38149,32505,0.95,qplite_builtin,opp_m2_10000,0,10000,0,0,1.0911999999999973,0.352,0.0660869279712977,0.015256960876286,-0.0045867436565458,0.0253760907799005,0.724005401134491,0.0003532590344548,-0.0003530000976752,-0.0042478055693209,-0.015256960876286,0.0009026165353134,32758.0,0.6392111778259277
seeded_ic_v1,44980010,-0.006706,0.027246,-3.890225,9.815707,0.709514,0.30509102,adaptive_ramp_v1,18.0,0.08,10.4847514629364,adaptive_brake,0.098535418510437,0.1547636687755584,0.6038236618041992,0.1922020763158798,0.3009233772754669,-0.1688592284917831,3.918378353118897,3.035869836807251,-7.214737892150879,23.869199752807617,-2.509896755218506,0.9007582664489746,30881,36743,38149,32505,0.95,qplite_builtin,opp_m2_10000,0,10000,0,0,1.0911999999999973,0.352,0.0660869279712977,0.015256960876286,-0.0045867436565458,0.0253760907799005,0.724005401134491,0.0003532590344548,-0.0003530000976752,-0.0042478055693209,-0.015256960876286,0.0009026165353134,32758.0,0.658947229385376
seeded_ic_v1,44980010,-0.006706,0.027246,-3.890225,9.815707,0.709514,0.30509102,adaptive_ramp_v1,18.0,0.08,10.48492693901062,adaptive_brake,0.098535418510437,0.1547636687755584,0.6038236618041992,0.1922020763158798,0.3009233772754669,-0.1688592284917831,4.361593723297119,3.063188314437866,-7.195345401763916,19.16718101501465,0.7239927053451538,1.2314860820770264,30881,36743,38149,32505,0.95,qplite_builtin,opp_m2_10000,0,10000,0,0,1.0911999999999973,0.352,0.0660869279712977,0.015256960876286,-0.0045867436565458,0.0253760907799005,0.724005401134491,0.0003532590344548,-0.0003530000976752,-0.0042478055693209,-0.015256960876286,0.0009026165353134,32758.0,0.6591227054595965
seeded_ic_v1,44980010,-0.006706,0.027246,-3.890225,9.815707,0.709514,0.30509102,adaptive_ramp_v1,18.0,0.08,10.484991312026978,adaptive_brake,0.098535418510437,0.1547636687755584,0.6038236618041992,0.1922020763158798,0.3009233772754669,-0.1688592284917831,4.361593723297119,3.063188314437866,-7.195345401763916,19.16718101501465,0.7239927053451538,1.2314860820770264,30501,36173,37551,32505,0.95,qplite_builtin,opp_m2_10000,0,10000,0,0,1.0911999999999973,0.352,0.0660869279712977,0.015256960876286,-0.0045867436565458,0.0253760907799005,0.724005401134491,0.0003532590344548,-0.0003530000976752,-0.0042478055693209,-0.015256960876286,0.0009026165353134,32758.0,0.6591870784759539
seeded_ic_v1,44980010,-0.006706,0.027246,-3.890225,9.815707,0.709514,0.30509102,adaptive_ramp_v1,18.0,0.08,10.50476598739624,adaptive_brake,0.101635456085205,0.1598436534404754,0.6008478403091431,0.1764906495809555,0.2826997935771942,-0.1575581133365631,4.361593723297119,3.063188314437866,-7.195345401763916,19.16718101501465,0.7239927053451538,1.2314860820770264,30501,36173,37551,32505,0.95,qplite_builtin,opp_m2_10000,0,10000,0,0,1.0911999999999973,0.352,0.0660869279712977,0.015256960876286,-0.0045867436565458,0.0253760907799005,0.724005401134491,0.0003532590344548,-0.0003530000976752,-0.0042478055693209,-0.015256960876286,0.0009026165353134,32758.0,0.6789617538452166
seeded_ic_v1,44980010,-0.006706,0.027246,-3.890225,9.815707,0.709514,0.30509102,adaptive_ramp_v1,18.0,0.08,10.504926443099976,adaptive_brake,0.101635456085205,0.1598436534404754,0.6008478403091431,0.1764906495809555,0.2826997935771942,-0.1575581133365631,4.721538066864014,3.0347461700439453,-7.165698051452637,14.79421043395996,3.613151788711548,1.494109869003296,30501,36173,37551,32505,0.95,qplite_builtin,opp_m2_10000,0,10000,0,0,1.0911999999999973,0.352,0.0660869279712977,0.015256960876286,-0.0045867436565458,0.0253760907799005,0.724005401134491,0.0003532590344548,-0.0003530000976752,-0.0042478055693209,-0.015256960876286,0.0009026165353134,32758.0,0.679122209548952
seeded_ic_v1,44980010,-0.006706,0.027246,-3.890225,9.815707,0.709514,0.30509102,adaptive_ramp_v1,18.0,0.08,10.504989862442017,adaptive_brake,0.101635456085205,0.1598436534404754,0.6008478403091431,0.1764906495809555,0.2826997935771942,-0.1575581133365631,4.721538066864014,3.0347461700439453,-7.165698051452637,14.79421043395996,3.613151788711548,1.494109869003296,31647,36113,37805,32505,0.95,qplite_builtin,opp_m2_10000,0,10000,0,0,1.0911999999999973,0.352,0.0660869279712977,0.015256960876286,-0.0045867436565458,0.0253760907799005,0.724005401134491,0.0003532590344548,-0.0003530000976752,-0.0042478055693209,-0.015256960876286,0.0009026165353134,32758.0,0.679185628890993
seeded_ic_v1,44980010,-0.006706,0.027246,-3.890225,9.815707,0.709514,0.30509102,adaptive_ramp_v1,18.0,0.08,10.524654626846312,adaptive_brake,0.1031227186322212,0.1623634696006775,0.5993162989616394,0.1674650460481643,0.2716158628463745,-0.1515754610300064,4.721538066864014,3.0347461700439453,-7.165698051452637,14.79421043395996,3.613151788711548,1.494109869003296,31647,36113,37805,32505,0.95,qplite_builtin,opp_m2_10000,0,10000,0,0,1.0911999999999973,0.352,0.0660869279712977,0.015256960876286,-0.0045867436565458,0.0253760907799005,0.724005401134491,0.0003532590344548,-0.0003530000976752,-0.0042478055693209,-0.015256960876286,0.0009026165353134,32758.0,0.6988503932952881
seeded_ic_v1,44980010,-0.006706,0.027246,-3.890225,9.815707,0.709514,0.30509102,adaptive_ramp_v1,18.0,0.08,10.524897813796995,adaptive_brake,0.1031227186322212,0.1623634696006775,0.5993162989616394,0.1674650460481643,0.2716158628463745,-0.1515754610300064,4.88285493850708,2.995857000350952,-7.145268440246582,10.598356246948242,6.0113301277160645,1.6894131898880005,31647,36113,37805,32505,0.95,qplite_builtin,opp_m2_10000,0,10000,0,0,1.0911999999999973,0.352,0.0660869279712977,0.015256960876286,-0.0045867436565458,0.0253760907799005,0.724005401134491,0.0003532590344548,-0.0003530000976752,-0.0042478055693209,-0.015256960876286,0.0009026165353134,32758.0,0.6990935802459717
seeded_ic_v1,44980010,-0.006706,0.027246,-3.890225,9.815707,0.709514,0.30509102,adaptive_ramp_v1,18.0,0.08,10.525007009506226,adaptive_brake,0.1031227186322212,0.1623634696006775,0.5993162989616394,0.1674650460481643,0.2716158628463745,-0.1515754610300064,4.88285493850708,2.995857000350952,-7.145268440246582,10.598356246948242,6.0113301277160645,1.6894131898880005,30913,35731,36829,32505,0.95,qplite_builtin,opp_m2_10000,0,10000,0,0,1.0911999999999973,0.352,0.0660869279712977,0.015256960876286,-0.0045867436565458,0.0253760907799005,0.724005401134491,0.0003532590344548,-0.0003530000976752,-0.0042478055693209,-0.015256960876286,0.0009026165353134,32758.0,0.699202775955202
seeded_ic_v1,44980010,-0.006706,0.027246,-3.890225,9.815707,0.709514,0.30509102,adaptive_ramp_v1,18.0,0.08,10.544957399368286,landing_ramp,0.1060634180903434,0.1673318892717361,0.5963217616081238,0.1521382629871368,0.2519086897373199,-0.1418792605400085,4.88285493850708,2.995857000350952,-7.145268440246582,10.598356246948242,6.0113301277160645,1.6894131898880005,30913,35731,36829,32505,0.6511739680505371,qplite_builtin,opp_m2_10000,0,10000,0,0,1.0911999999999973,0.352,0.0660869279712977,0.015256960876286,-0.0045867436565458,0.0253760907799005,0.724005401134491,0.0003532590344548,-0.0003530000976752,-0.0042478055693209,-0.015256960876286,0.0009026165353134,32758.0,0.7191531658172625
seeded_ic_v1,44980010,-0.006706,0.027246,-3.890225,9.815707,0.709514,0.30509102,adaptive_ramp_v1,18.0,0.08,10.545156478881836,landing_ramp,0.1060634180903434,0.1673318892717361,0.5963217616081238,0.1521382629871368,0.2519086897373199,-0.1418792605400085,5.104063034057617,2.873835325241089,-7.0990400314331055,6.135408401489258,8.377419471740723,1.8332144021987915,30913,35731,36829,32505,0.6511580416894531,qplite_builtin,opp_m2_10000,0,10000,0,0,1.0911999999999973,0.352,0.0660869279712977,0.015256960876286,-0.0045867436565458,0.0253760907799005,0.724005401134491,0.0003532590344548,-0.0003530000976752,-0.0042478055693209,-0.015256960876286,0.0009026165353134,32758.0,0.7193522453308123
seeded_ic_v1,44980010,-0.006706,0.027246,-3.890225,9.815707,0.709514,0.30509102,adaptive_ramp_v1,18.0,0.08,10.54522466659546,landing_ramp,0.1060634180903434,0.1673318892717361,0.5963217616081238,0.1521382629871368,0.2519086897373199,-0.1418792605400085,5.104063034057617,2.873835325241089,-7.0990400314331055,6.135408401489258,8.377419471740723,1.8332144021987915,30655,34773,36205,32505,0.6511525866723632,qplite_builtin,opp_m2_10000,0,10000,0,0,1.0911999999999973,0.352,0.0660869279712977,0.015256960876286,-0.0045867436565458,0.0253760907799005,0.724005401134491,0.0003532590344548,-0.0003530000976752,-0.0042478055693209,-0.015256960876286,0.0009026165353134,32758.0,0.7194204330444371
seeded_ic_v1,44980010,-0.006706,0.027246,-3.890225,9.815707,0.709514,0.30509102,adaptive_ramp_v1,18.0,0.08,10.564666509628296,landing_ramp,0.1085534542798996,0.1716307401657104,0.5936439037322998,0.1379261761903762,0.2322620153427124,-0.1332393735647201,5.104063034057617,2.873835325241089,-7.0990400314331055,6.135408401489258,8.377419471740723,1.8332144021987915,30655,34773,36205,32505,0.6495972392297363,qplite_builtin,opp_m2_10000,0,10000,0,0,1.0911999999999973,0.352,0.0660869279712977,0.015256960876286,-0.0045867436565458,0.0253760907799005,0.724005401134491,0.0003532590344548,-0.0003530000976752,-0.0042478055693209,-0.015256960876286,0.0009026165353134,32758.0,0.7388622760772723
seeded_ic_v1,44980010,-0.006706,0.027246,-3.890225,9.815707,0.709514,0.30509102,adaptive_ramp_v1,18.0,0.08,10.564811944961548,landing_ramp,0.1085534542798996,0.1716307401657104,0.5936439037322998,0.1379261761903762,0.2322620153427124,-0.1332393735647201,5.223639965057373,2.7101311683654785,-7.047676086425781,2.9296679496765137,9.902776718139648,1.841631293296814,30655,34773,36205,32505,0.6495856044030761,qplite_builtin,opp_m2_10000,0,10000,0,0,1.0911999999999973,0.352,0.0660869279712977,0.015256960876286,-0.0045867436565458,0.0253760907799005,0.724005401134491,0.0003532590344548,-0.0003530000976752,-0.0042478055693209,-0.015256960876286,0.0009026165353134,32758.0,0.7390077114105242
seeded_ic_v1,44980010,-0.006706,0.027246,-3.890225,9.815707,0.709514,0.30509102,adaptive_ramp_v1,18.0,0.08,10.564870119094849,landing_ramp,0.1085534542798996,0.1716307401657104,0.5936439037322998,0.1379261761903762,0.2322620153427124,-0.1332393735647201,5.223639965057373,2.7101311683654785,-7.047676086425781,2.9296679496765137,9.902776718139648,1.841631293296814,31337,35323,36089,32505,0.649580950472412,qplite_builtin,opp_m2_10000,0,10000,0,0,1.0911999999999973,0.352,0.0660869279712977,0.015256960876286,-0.0045867436565458,0.0253760907799005,0.724005401134491,0.0003532590344548,-0.0003530000976752,-0.0042478055693209,-0.015256960876286,0.0009026165353134,32758.0,0.739065885543825
seeded_ic_v1,44980010,-0.006706,0.027246,-3.890225,9.815707,0.709514,0.30509102,adaptive_ramp_v1,18.0,0.08,10.584641218185425,landing_ramp,0.1107838004827499,0.1755382716655731,0.5911020040512085,0.1244626864790916,0.2123165428638458,-0.1259913891553878,5.223639965057373,2.7101311683654785,-7.047676086425781,2.9296679496765137,9.902776718139648,1.841631293296814,31337,35323,36089,32505,0.6479992625451659,qplite_builtin,opp_m2_10000,0,10000,0,0,1.0911999999999973,0.352,0.0660869279712977,0.015256960876286,-0.0045867436565458,0.0253760907799005,0.724005401134491,0.0003532590344548,-0.0003530000976752,-0.0042478055693209,-0.015256960876286,0.0009026165353134,32758.0,0.7588369846344012
seeded_ic_v1,44980010,-0.006706,0.027246,-3.890225,9.815707,0.709514,0.30509102,adaptive_ramp_v1,18.0,0.08,10.584865808486938,landing_ramp,0.1107838004827499,0.1755382716655731,0.5911020040512085,0.1244626864790916,0.2123165428638458,-0.1259913891553878,5.278445243835449,2.51621413230896,-6.992947578430176,0.2987934052944183,10.823840141296388,1.7921218872070312,31337,35323,36089,32505,0.6479812953210449,qplite_builtin,opp_m2_10000,0,10000,0,0,1.0911999999999973,0.352,0.0660869279712977,0.015256960876286,-0.0045867436565458,0.0253760907799005,0.724005401134491,0.0003532590344548,-0.0003530000976752,-0.0042478055693209,-0.015256960876286,0.0009026165353134,32758.0,0.7590615749359149
seeded_ic_v1,44980010,-0.006706,0.027246,-3.890225,9.815707,0.709514,0.30509102,adaptive_ramp_v1,18.0,0.08,10.584939241409302,landing_ramp,0.1107838004827499,0.1755382716655731,0.5911020040512085,0.1244626864790916,0.2123165428638458,-0.1259913891553878,5.278445243835449,2.51621413230896,-6.992947578430176,0.2987934052944183,10.823840141296388,1.7921218872070312,31591,35275,35803,32505,0.6479754206872558,qplite_builtin,opp_m2_10000,0,10000,0,0,1.0911999999999973,0.352,0.0660869279712977,0.015256960876286,-0.0045867436565458,0.0253760907799005,0.724005401134491,0.0003532590344548,-0.0003530000976752,-0.0042478055693209,-0.015256960876286,0.0009026165353134,32758.0,0.7591350078582781
seeded_ic_v1,44980010,-0.006706,0.027246,-3.890225,9.815707,0.709514,0.30509102,adaptive_ramp_v1,18.0,0.08,10.604623556137083,landing_ramp,0.1126990839838981,0.1789489239454269,0.5886596441268921,0.1115101277828216,0.1917523443698883,-0.1196564435958862,5.278445243835449,2.51621413230896,-6.992947578430176,0.2987934052944183,10.823840141296388,1.7921218872070312,31591,35275,35803,32505,0.6464006755090331,qplite_builtin,opp_m2_10000,0,10000,0,0,1.0911999999999973,0.352,0.0660869279712977,0.015256960876286,-0.0045867436565458,0.0253760907799005,0.724005401134491,0.0003532590344548,-0.0003530000976752,-0.0042478055693209,-0.015256960876286,0.0009026165353134,32758.0,0.7788193225860596
seeded_ic_v1,44980010,-0.006706,0.027246,-3.890225,9.815707,0.709514,0.30509102,adaptive_ramp_v1,18.0,0.08,10.604828834533691,landing_ramp,0.1126990839838981,0.1789489239454269,0.5886596441268921,0.1115101277828216,0.1917523443698883,-0.1196564435958862,5.280802249908447,2.3036279678344727,-6.937166690826416,-2.5397849082946777,11.67719268798828,1.7075929641723633,31591,35275,35803,32505,0.6463842532373046,qplite_builtin,opp_m2_10000,0,10000,0,0,1.0911999999999973,0.352,0.0660869279712977,0.015256960876286,-0.0045867436565458,0.0253760907799005,0.724005401134491,0.0003532590344548,-0.0003530000976752,-0.0042478055693209,-0.015256960876286,0.0009026165353134,32758.0,0.7790246009826678
seeded_ic_v1,44980010,-0.006706,0.027246,-3.890225,9.815707,0.709514,0.30509102,adaptive_ramp_v1,18.0,0.08,10.604889154434204,landing_ramp,0.1126990839838981,0.1789489239454269,0.5886596441268921,0.1115101277828216,0.1917523443698883,-0.1196564435958862,5.280802249908447,2.3036279678344727,-6.937166690826416,-2.5397849082946777,11.67719268798828,1.7075929641723633,31569,34829,35355,32505,0.6463794276452637,qplite_builtin,opp_m2_10000,0,10000,0,0,1.0911999999999973,0.352,0.0660869279712977,0.015256960876286,-0.0045867436565458,0.0253760907799005,0.724005401134491,0.0003532590344548,-0.0003530000976752,-0.0042478055693209,-0.015256960876286,0.0009026165353134,32758.0,0.7790849208831805
seeded_ic_v1,44980010,-0.006706,0.027246,-3.890225,9.815707,0.709514,0.30509102,adaptive_ramp_v1,18.0,0.08,10.624812126159668,landing_ramp,0.1146382167935371,0.1823479086160659,0.5862396955490112,0.0996250659227371,0.1713202446699142,-0.1133200973272323,5.280802249908447,2.3036279678344727,-6.937166690826416,-2.5397849082946777,11.67719268798828,1.7075929641723633,31569,34829,35355,32505,0.6447855899072266,qplite_builtin,opp_m2_10000,0,10000,0,0,1.0911999999999973,0.352,0.0660869279712977,0.015256960876286,-0.0045867436565458,0.0253760907799005,0.724005401134491,0.0003532590344548,-0.0003530000976752,-0.0042478055693209,-0.015256960876286,0.0009026165353134,32758.0,0.7990078926086444
seeded_ic_v1,44980010,-0.006706,0.027246,-3.890225,9.815707,0.709514,0.30509102,adaptive_ramp_v1,18.0,0.08,10.625008344650269,landing_ramp,0.1146382167935371,0.1823479086160659,0.5862396955490112,0.0996250659227371,0.1713202446699142,-0.1133200973272323,5.223343372344971,2.062324047088623,-6.879208087921143,-5.467525482177734,12.436270713806152,1.5985798835754397,31569,34829,35355,32505,0.6447698924279784,qplite_builtin,opp_m2_10000,0,10000,0,0,1.0911999999999973,0.352,0.0660869279712977,0.015256960876286,-0.0045867436565458,0.0253760907799005,0.724005401134491,0.0003532590344548,-0.0003530000976752,-0.0042478055693209,-0.015256960876286,0.0009026165353134,32758.0,0.7992041110992449
seeded_ic_v1,44980010,-0.006706,0.027246,-3.890225,9.815707,0.709514,0.30509102,adaptive_ramp_v1,18.0,0.08,10.625109195709229,landing_ramp,0.1146382167935371,0.1823479086160659,0.5862396955490112,0.0996250659227371,0.1713202446699142,-0.1133200973272323,5.223343372344971,2.062324047088623,-6.879208087921143,-5.467525482177734,12.436270713806152,1.5985798835754397,31619,34473,34941,32505,0.6447618243432617,qplite_builtin,opp_m2_10000,0,10000,0,0,1.0911999999999973,0.352,0.0660869279712977,0.015256960876286,-0.0045867436565458,0.0253760907799005,0.724005401134491,0.0003532590344548,-0.0003530000976752,-0.0042478055693209,-0.015256960876286,0.0009026165353134,32758.0,0.7993049621582049
seeded_ic_v1,44980010,-0.006706,0.027246,-3.890225,9.815707,0.709514,0.30509102,adaptive_ramp_v1,18.0,0.08,10.644790649414062,landing_ramp,0.1162548437714576,0.1851762235164642,0.5839459896087646,0.0883815959095954,0.1504918932914734,-0.1076535582542419,5.223343372344971,2.062324047088623,-6.879208087921143,-5.467525482177734,12.436270713806152,1.5985798835754397,31619,34473,34941,32505,0.643187308046875,qplite_builtin,opp_m2_10000,0,10000,0,0,1.0911999999999973,0.352,0.0660869279712977,0.015256960876286,-0.0045867436565458,0.0253760907799005,0.724005401134491,0.0003532590344548,-0.0003530000976752,-0.0042478055693209,-0.015256960876286,0.0009026165353134,32758.0,0.8189864158630389
seeded_ic_v1,44980010,-0.006706,0.027246,-3.890225,9.815707,0.709514,0.30509102,adaptive_ramp_v1,18.0,0.08,10.64506220817566,landing_ramp,0.1162548437714576,0.1851762235164642,0.5839459896087646,0.0883815959095954,0.1504918932914734,-0.1076535582542419,5.10137414932251,1.8042501211166384,-6.822205066680908,-8.284279823303223,12.965335845947266,1.5136679410934448,31619,34473,34941,32505,0.6431655833459472,qplite_builtin,opp_m2_10000,0,10000,0,0,1.0911999999999973,0.352,0.0660869279712977,0.015256960876286,-0.0045867436565458,0.0253760907799005,0.724005401134491,0.0003532590344548,-0.0003530000976752,-0.0042478055693209,-0.015256960876286,0.0009026165353134,32758.0,0.8192579746246356
seeded_ic_v1,44980010,-0.006706,0.027246,-3.890225,9.815707,0.709514,0.30509102,adaptive_ramp_v1,18.0,0.08,10.64518976211548,landing_ramp,0.1162548437714576,0.1851762235164642,0.5839459896087646,0.0883815959095954,0.1504918932914734,-0.1076535582542419,5.10137414932251,1.8042501211166384,-6.822205066680908,-8.284279823303223,12.965335845947266,1.5136679410934448,31633,34089,34547,32505,0.6431553790307617,qplite_builtin,opp_m2_10000,0,10000,0,0,1.0911999999999973,0.352,0.0660869279712977,0.015256960876286,-0.0045867436565458,0.0253760907799005,0.724005401134491,0.0003532590344548,-0.0003530000976752,-0.0042478055693209,-0.015256960876286,0.0009026165353134,32758.0,0.8193855285644567
seeded_ic_v1,44980010,-0.006706,0.027246,-3.890225,9.815707,0.709514,0.30509102,adaptive_ramp_v1,18.0,0.08,10.664756774902344,landing_ramp,0.1176019310951232,0.1874728351831436,0.581838071346283,0.0787738114595413,0.1311469227075576,-0.1033361703157424,5.10137414932251,1.8042501211166384,-6.822205066680908,-8.284279823303223,12.965335845947266,1.5136679410934448,31633,34089,34547,32505,0.6415900180078125,qplite_builtin,opp_m2_10000,0,10000,0,0,1.0911999999999973,0.352,0.0660869279712977,0.015256960876286,-0.0045867436565458,0.0253760907799005,0.724005401134491,0.0003532590344548,-0.0003530000976752,-0.0042478055693209,-0.015256960876286,0.0009026165353134,32758.0,0.8389525413513201
seeded_ic_v1,44980010,-0.006706,0.027246,-3.890225,9.815707,0.709514,0.30509102,adaptive_ramp_v1,18.0,0.08,10.66490077972412,landing_ramp,0.1176019310951232,0.1874728351831436,0.581838071346283,0.0787738114595413,0.1311469227075576,-0.1033361703157424,4.927579879760742,1.5482536554336548,-6.769814968109131,-10.78364372253418,13.061378479003906,1.40176260471344,31633,34089,34547,32505,0.6415784976220703,qplite_builtin,opp_m2_10000,0,10000,0,0,1.0911999999999973,0.352,0.0660869279712977,0.015256960876286,-0.0045867436565458,0.0253760907799005,0.724005401134491,0.0003532590344548,-0.0003530000976752,-0.0042478055693209,-0.015256960876286,0.0009026165353134,32758.0,0.8390965461730957
seeded_ic_v1,44980010,-0.006706,0.027246,-3.890225,9.815707,0.709514,0.30509102,adaptive_ramp_v1,18.0,0.08,10.66498613357544,landing_ramp,0.1176019310951232,0.1874728351831436,0.581838071346283,0.0787738114595413,0.1311469227075576,-0.1033361703157424,4.927579879760742,1.5482536554336548,-6.769814968109131,-10.78364372253418,13.061378479003906,1.40176260471344,31497,33589,34139,32505,0.6415716693139648,qplite_builtin,opp_m2_10000,0,10000,0,0,1.0911999999999973,0.352,0.0660869279712977,0.015256960876286,-0.0045867436565458,0.0253760907799005,0.724005401134491,0.0003532590344548,-0.0003530000976752,-0.0042478055693209,-0.015256960876286,0.0009026165353134,32758.0,0.8391819000244158
seeded_ic_v1,44980010,-0.006706,0.027246,-3.890225,9.815707,0.709514,0.30509102,adaptive_ramp_v1,18.0,0.08,10.684640884399414,landing_ramp,0.1188072562217712,0.1894327849149704,0.5797761678695679,0.0703748017549514,0.1126462370157241,-0.1002423837780952,4.927579879760742,1.5482536554336548,-6.769814968109131,-10.78364372253418,13.061378479003906,1.40176260471344,31497,33589,34139,32505,0.6399992892480468,qplite_builtin,opp_m2_10000,0,10000,0,0,1.0911999999999973,0.352,0.0660869279712977,0.015256960876286,-0.0045867436565458,0.0253760907799005,0.724005401134491,0.0003532590344548,-0.0003530000976752,-0.0042478055693209,-0.015256960876286,0.0009026165353134,32758.0,0.8588366508483904
seeded_ic_v1,44980010,-0.006706,0.027246,-3.890225,9.815707,0.709514,0.30509102,adaptive_ramp_v1,18.0,0.08,10.684837102890016,landing_ramp,0.1188072562217712,0.1894327849149704,0.5797761678695679,0.0703748017549514,0.1126462370157241,-0.1002423837780952,4.705102920532227,1.2908239364624023,-6.719895839691162,-12.815681457519531,12.775660514831545,1.3398549556732178,31497,33589,34139,32505,0.6399835917687988,qplite_builtin,opp_m2_10000,0,10000,0,0,1.0911999999999973,0.352,0.0660869279712977,0.015256960876286,-0.0045867436565458,0.0253760907799005,0.724005401134491,0.0003532590344548,-0.0003530000976752,-0.0042478055693209,-0.015256960876286,0.0009026165353134,32758.0,0.8590328693389928
seeded_ic_v1,44980010,-0.006706,0.027246,-3.890225,9.815707,0.709514,0.30509102,adaptive_ramp_v1,18.0,0.08,10.68493151664734,landing_ramp,0.1188072562217712,0.1894327849149704,0.5797761678695679,0.0703748017549514,0.1126462370157241,-0.1002423837780952,4.705102920532227,1.2908239364624023,-6.719895839691162,-12.815681457519531,12.775660514831545,1.3398549556732178,31473,33285,33855,32505,0.6399760386682128,qplite_builtin,opp_m2_10000,0,10000,0,0,1.0911999999999973,0.352,0.0660869279712977,0.015256960876286,-0.0045867436565458,0.0253760907799005,0.724005401134491,0.0003532590344548,-0.0003530000976752,-0.0042478055693209,-0.015256960876286,0.0009026165353134,32758.0,0.859127283096317
seeded_ic_v1,44980010,-0.006706,0.027246,-3.890225,9.815707,0.709514,0.30509102,adaptive_ramp_v1,18.0,0.08,10.70462131500244,landing_ramp,0.1198939159512519,0.1910751014947891,0.5777371525764465,0.0631832405924797,0.0951499044895172,-0.0984352082014083,4.705102920532227,1.2908239364624023,-6.719895839691162,-12.815681457519531,12.775660514831545,1.3398549556732178,31473,33285,33855,32505,0.6384008547998047,qplite_builtin,opp_m2_10000,0,10000,0,0,1.0911999999999973,0.352,0.0660869279712977,0.015256960876286,-0.0045867436565458,0.0253760907799005,0.724005401134491,0.0003532590344548,-0.0003530000976752,-0.0042478055693209,-0.015256960876286,0.0009026165353134,32758.0,0.878817081451416
seeded_ic_v1,44980010,-0.006706,0.027246,-3.890225,9.815707,0.709514,0.30509102,adaptive_ramp_v1,18.0,0.08,10.7048442363739,landing_ramp,0.1198939159512519,0.1910751014947891,0.5777371525764465,0.0631832405924797,0.0951499044895172,-0.0984352082014083,4.443638801574707,1.0400066375732422,-6.672754287719727,-14.417858123779297,12.112503051757812,1.317037582397461,31473,33285,33855,32505,0.6383830210900878,qplite_builtin,opp_m2_10000,0,10000,0,0,1.0911999999999973,0.352,0.0660869279712977,0.015256960876286,-0.0045867436565458,0.0253760907799005,0.724005401134491,0.0003532590344548,-0.0003530000976752,-0.0042478055693209,-0.015256960876286,0.0009026165353134,32758.0,0.879040002822876
seeded_ic_v1,44980010,-0.006706,0.027246,-3.890225,9.815707,0.709514,0.30509102,adaptive_ramp_v1,18.0,0.08,10.704917192459106,landing_ramp,0.1198939159512519,0.1910751014947891,0.5777371525764465,0.0631832405924797,0.0951499044895172,-0.0984352082014083,4.443638801574707,1.0400066375732422,-6.672754287719727,-14.417858123779297,12.112503051757812,1.317037582397461,31415,32955,33571,32505,0.6383771846032714,qplite_builtin,opp_m2_10000,0,10000,0,0,1.0911999999999973,0.352,0.0660869279712977,0.015256960876286,-0.0045867436565458,0.0253760907799005,0.724005401134491,0.0003532590344548,-0.0003530000976752,-0.0042478055693209,-0.015256960876286,0.0009026165353134,32758.0,0.8791129589080828
seeded_ic_v1,44980010,-0.006706,0.027246,-3.890225,9.815707,0.709514,0.30509102,adaptive_ramp_v1,18.0,0.08,10.72572636604309,landing_ramp,0.1209381520748138,0.1924949735403061,0.5756099820137024,0.0568957552313804,0.0780165493488311,-0.0975624844431877,4.443638801574707,1.0400066375732422,-6.672754287719727,-14.417858123779297,12.112503051757812,1.317037582397461,31415,32955,33571,32505,0.6367124507165527,qplite_builtin,opp_m2_10000,0,10000,0,0,1.0911999999999973,0.352,0.0660869279712977,0.015256960876286,-0.0045867436565458,0.0253760907799005,0.724005401134491,0.0003532590344548,-0.0003530000976752,-0.0042478055693209,-0.015256960876286,0.0009026165353134,32758.0,0.8999221324920672
seeded_ic_v1,44980010,-0.006706,0.027246,-3.890225,9.815707,0.709514,0.30509102,adaptive_ramp_v1,18.0,0.08,10.725893020629885,landing_ramp,0.1209381520748138,0.1924949735403061,0.5756099820137024,0.0568957552313804,0.0780165493488311,-0.0975624844431877,4.137027740478516,0.7904592752456665,-6.626498699188232,-15.613788604736328,11.321060180664062,1.2184135913848877,31415,32955,33571,32505,0.6366991183496093,qplite_builtin,opp_m2_10000,0,10000,0,0,1.0911999999999973,0.352,0.0660869279712977,0.015256960876286,-0.0045867436565458,0.0253760907799005,0.724005401134491,0.0003532590344548,-0.0003530000976752,-0.0042478055693209,-0.015256960876286,0.0009026165353134,32758.0,0.900088787078861
seeded_ic_v1,44980010,-0.006706,0.027246,-3.890225,9.815707,0.709514,0.30509102,adaptive_ramp_v1,18.0,0.08,10.72600483894348,landing_ramp,0.1209381520748138,0.1924949735403061,0.5756099820137024,0.0568957552313804,0.0780165493488311,-0.0975624844431877,4.137027740478516,0.7904592752456665,-6.626498699188232,-15.613788604736328,11.321060180664062,1.2184135913848877,31071,32285,33213,32505,0.6366901728845215,qplite_builtin,opp_m2_10000,0,10000,0,0,1.0911999999999973,0.352,0.0660869279712977,0.015256960876286,-0.0045867436565458,0.0253760907799005,0.724005401134491,0.0003532590344548,-0.0003530000976752,-0.0042478055693209,-0.015256960876286,0.0009026165353134,32758.0,0.900200605392456
seeded_ic_v1,44980010,-0.006706,0.027246,-3.890225,9.815707,0.709514,0.30509102,adaptive_ramp_v1,18.0,0.08,10.745609283447266,landing_ramp,0.121837131679058,0.1935374438762664,0.5735828280448914,0.0519638136029243,0.0627933293581008,-0.0976430997252464,4.137027740478516,0.7904592752456665,-6.626498699188232,-15.613788604736328,11.321060180664062,1.2184135913848877,31071,32285,33213,32505,0.6351218173242187,qplite_builtin,opp_m2_10000,0,10000,0,0,1.0911999999999973,0.352,0.0660869279712977,0.015256960876286,-0.0045867436565458,0.0253760907799005,0.724005401134491,0.0003532590344548,-0.0003530000976752,-0.0042478055693209,-0.015256960876286,0.0009026165353134,32758.0,0.919805049896242
seeded_ic_v1,44980010,-0.006706,0.027246,-3.890225,9.815707,0.709514,0.30509102,adaptive_ramp_v1,18.0,0.08,10.745848178863524,landing_ramp,0.121837131679058,0.1935374438762664,0.5735828280448914,0.0519638136029243,0.0627933293581008,-0.0976430997252464,3.822869539260864,0.5687389969825745,-6.58646297454834,-15.880744934082031,10.366692543029783,1.2206978797912598,31071,32285,33213,32505,0.635102705690918,qplite_builtin,opp_m2_10000,0,10000,0,0,1.0911999999999973,0.352,0.0660869279712977,0.015256960876286,-0.0045867436565458,0.0253760907799005,0.724005401134491,0.0003532590344548,-0.0003530000976752,-0.0042478055693209,-0.015256960876286,0.0009026165353134,32758.0,0.9200439453125
seeded_ic_v1,44980010,-0.006706,0.027246,-3.890225,9.815707,0.709514,0.30509102,adaptive_ramp_v1,18.0,0.08,10.745932817459106,landing_ramp,0.121837131679058,0.1935374438762664,0.5735828280448914,0.0519638136029243,0.0627933293581008,-0.0976430997252464,3.822869539260864,0.5687389969825745,-6.58646297454834,-15.880744934082031,10.366692543029783,1.2206978797912598,31351,32373,33005,32505,0.6350959346032714,qplite_builtin,opp_m2_10000,0,10000,0,0,1.0911999999999973,0.352,0.0660869279712977,0.015256960876286,-0.0045867436565458,0.0253760907799005,0.724005401134491,0.0003532590344548,-0.0003530000976752,-0.0042478055693209,-0.015256960876286,0.0009026165353134,32758.0,0.9201285839080828
seeded_ic_v1,44980010,-0.006706,0.027246,-3.890225,9.815707,0.709514,0.30509102,adaptive_ramp_v1,18.0,0.08,10.765641689300535,landing_ramp,0.1226838380098342,0.1943364292383194,0.5715199708938599,0.0480899177491664,0.0488715134561061,-0.0990630090236663,3.822869539260864,0.5687389969825745,-6.58646297454834,-15.880744934082031,10.366692543029783,1.2206978797912598,31351,32373,33005,32505,0.633519224855957,qplite_builtin,opp_m2_10000,0,10000,0,0,1.0911999999999973,0.352,0.0660869279712977,0.015256960876286,-0.0045867436565458,0.0253760907799005,0.724005401134491,0.0003532590344548,-0.0003530000976752,-0.0042478055693209,-0.015256960876286,0.0009026165353134,32758.0,0.9398374557495117
seeded_ic_v1,44980010,-0.006706,0.027246,-3.890225,9.815707,0.709514,0.30509102,adaptive_ramp_v1,18.0,0.08,10.765796422958374,landing_ramp,0.1226838380098342,0.1943364292383194,0.5715199708938599,0.0480899177491664,0.0488715134561061,-0.0990630090236663,3.505257129669189,0.3660571575164795,-6.5493693351745605,-15.82036590576172,9.201244354248049,1.1938785314559937,31351,32373,33005,32505,0.63350684616333,qplite_builtin,opp_m2_10000,0,10000,0,0,1.0911999999999973,0.352,0.0660869279712977,0.015256960876286,-0.0045867436565458,0.0253760907799005,0.724005401134491,0.0003532590344548,-0.0003530000976752,-0.0042478055693209,-0.015256960876286,0.0009026165353134,32758.0,0.9399921894073504
seeded_ic_v1,44980010,-0.006706,0.027246,-3.890225,9.815707,0.709514,0.30509102,adaptive_ramp_v1,18.0,0.08,10.765862941741943,landing_ramp,0.1226838380098342,0.1943364292383194,0.5715199708938599,0.0480899177491664,0.0488715134561061,-0.0990630090236663,3.505257129669189,0.3660571575164795,-6.5493693351745605,-15.82036590576172,9.201244354248049,1.1938785314559937,31429,32279,32801,32505,0.6335015246606445,qplite_builtin,opp_m2_10000,0,10000,0,0,1.0911999999999973,0.352,0.0660869279712977,0.015256960876286,-0.0045867436565458,0.0253760907799005,0.724005401134491,0.0003532590344548,-0.0003530000976752,-0.0042478055693209,-0.015256960876286,0.0009026165353134,32758.0,0.9400587081909197
seeded_ic_v1,44980010,-0.006706,0.027246,-3.890225,9.815707,0.709514,0.30509102,adaptive_ramp_v1,18.0,0.08,10.785715341567991,landing_ramp,0.1234957054257392,0.1949161142110824,0.5694026947021484,0.0451743975281715,0.0362124741077423,-0.101276509463787,3.505257129669189,0.3660571575164795,-6.5493693351745605,-15.82036590576172,9.201244354248049,1.1938785314559937,31429,32279,32801,32505,0.6319133326745605,qplite_builtin,opp_m2_10000,0,10000,0,0,1.0911999999999973,0.352,0.0660869279712977,0.015256960876286,-0.0045867436565458,0.0253760907799005,0.724005401134491,0.0003532590344548,-0.0003530000976752,-0.0042478055693209,-0.015256960876286,0.0009026165353134,32758.0,0.9599111080169678
seeded_ic_v1,44980010,-0.006706,0.027246,-3.890225,9.815707,0.709514,0.30509102,adaptive_ramp_v1,18.0,0.08,10.785842180252075,landing_ramp,0.1234957054257392,0.1949161142110824,0.5694026947021484,0.0451743975281715,0.0362124741077423,-0.101276509463787,3.1870906352996826,0.1866523772478103,-6.515040397644043,-16.301315307617188,8.0424222946167,1.220618486404419,31429,32279,32801,32505,0.6319031855798339,qplite_builtin,opp_m2_10000,0,10000,0,0,1.0911999999999973,0.352,0.0660869279712977,0.015256960876286,-0.0045867436565458,0.0253760907799005,0.724005401134491,0.0003532590344548,-0.0003530000976752,-0.0042478055693209,-0.015256960876286,0.0009026165353134,32758.0,0.9600379467010516
seeded_ic_v1,44980010,-0.006706,0.027246,-3.890225,9.815707,0.709514,0.30509102,adaptive_ramp_v1,18.0,0.08,10.785906553268433,landing_ramp,0.1234957054257392,0.1949161142110824,0.5694026947021484,0.0451743975281715,0.0362124741077423,-0.101276509463787,3.1870906352996826,0.1866523772478103,-6.515040397644043,-16.301315307617188,8.0424222946167,1.220618486404419,31531,32221,32625,32505,0.6318980357385253,qplite_builtin,opp_m2_10000,0,10000,0,0,1.0911999999999973,0.352,0.0660869279712977,0.015256960876286,-0.0045867436565458,0.0253760907799005,0.724005401134491,0.0003532590344548,-0.0003530000976752,-0.0042478055693209,-0.015256960876286,0.0009026165353134,32758.0,0.960102319717409
seeded_ic_v1,44980010,-0.006706,0.027246,-3.890225,9.815707,0.709514,0.30509102,adaptive_ramp_v1,18.0,0.08,10.805957078933716,landing_ramp,0.1242880970239639,0.1952998042106628,0.5672237277030945,0.0431170128285884,0.0248082317411899,-0.1040299013257026,3.1870906352996826,0.1866523772478103,-6.515040397644043,-16.301315307617188,8.0424222946167,1.220618486404419,31531,32221,32625,32505,0.6302939936853027,qplite_builtin,opp_m2_10000,0,10000,0,0,1.0911999999999973,0.352,0.0660869279712977,0.015256960876286,-0.0045867436565458,0.0253760907799005,0.724005401134491,0.0003532590344548,-0.0003530000976752,-0.0042478055693209,-0.015256960876286,0.0009026165353134,32758.0,0.9801528453826922
seeded_ic_v1,44980010,-0.006706,0.027246,-3.890225,9.815707,0.709514,0.30509102,adaptive_ramp_v1,18.0,0.08,10.806285858154297,landing_ramp,0.1242880970239639,0.1952998042106628,0.5672237277030945,0.0431170128285884,0.0248082317411899,-0.1040299013257026,2.8598735332489014,0.0308733638375997,-6.482348442077637,-16.653261184692383,6.696671009063721,1.2207027673721311,31531,32221,32625,32505,0.6302676913476561,qplite_builtin,opp_m2_10000,0,10000,0,0,1.0911999999999973,0.352,0.0660869279712977,0.015256960876286,-0.0045867436565458,0.0253760907799005,0.724005401134491,0.0003532590344548,-0.0003530000976752,-0.0042478055693209,-0.015256960876286,0.0009026165353134,32758.0,0.9804816246032733
seeded_ic_v1,44980010,-0.006706,0.027246,-3.890225,9.815707,0.709514,0.30509102,adaptive_ramp_v1,18.0,0.08,10.80640196800232,landing_ramp,0.1242880970239639,0.1952998042106628,0.5672237277030945,0.0431170128285884,0.0248082317411899,-0.1040299013257026,2.8598735332489014,0.0308733638375997,-6.482348442077637,-16.653261184692383,6.696671009063721,1.2207027673721311,31429,31995,32477,32505,0.6302584025598144,qplite_builtin,opp_m2_10000,0,10000,0,0,1.0911999999999973,0.352,0.0660869279712977,0.015256960876286,-0.0045867436565458,0.0253760907799005,0.724005401134491,0.0003532590344548,-0.0003530000976752,-0.0042478055693209,-0.015256960876286,0.0009026165353134,32758.0,0.9805977344512957
seeded_ic_v1,44980010,-0.006706,0.027246,-3.890225,9.815707,0.709514,0.30509102,adaptive_ramp_v1,18.0,0.08,10.825857400894163,landing_ramp,0.1250741630792617,0.1955108195543289,0.5649742484092712,0.0418200120329856,0.0146888028830289,-0.1074600368738174,2.8598735332489014,0.0308733638375997,-6.482348442077637,-16.653261184692383,6.696671009063721,1.2207027673721311,31429,31995,32477,32505,0.6287019679284668,qplite_builtin,opp_m2_10000,0,10000,0,0,1.0911999999999973,0.352,0.0660869279712977,0.015256960876286,-0.0045867436565458,0.0253760907799005,0.724005401134491,0.0003532590344548,-0.0003530000976752,-0.0042478055693209,-0.015256960876286,0.0009026165353134,32758.0,1.0000531673431396
seeded_ic_v1,44980010,-0.006706,0.027246,-3.890225,9.815707,0.709514,0.30509102,adaptive_ramp_v1,18.0,0.08,10.826048135757446,landing_ramp,0.1250741630792617,0.1955108195543289,0.5649742484092712,0.0418200120329856,0.0146888028830289,-0.1074600368738174,2.5263967514038086,-0.0983099788427352,-6.451572418212891,-16.749629974365234,5.414541721343994,1.282097578048706,31429,31995,32477,32505,0.6286867091394043,qplite_builtin,opp_m2_10000,0,10000,0,0,1.0911999999999973,0.352,0.0660869279712977,0.015256960876286,-0.0045867436565458,0.0253760907799005,0.724005401134491,0.0003532590344548,-0.0003530000976752,-0.0042478055693209,-0.015256960876286,0.0009026165353134,32758.0,1.0002439022064227
seeded_ic_v1,44980010,-0.006706,0.027246,-3.890225,9.815707,0.709514,0.30509102,adaptive_ramp_v1,18.0,0.08,10.826101541519163,landing_ramp,0.1250741630792617,0.1955108195543289,0.5649742484092712,0.0418200120329856,0.0146888028830289,-0.1074600368738174,2.5263967514038086,-0.0983099788427352,-6.451572418212891,-16.749629974365234,5.414541721343994,1.282097578048706,31343,31769,32337,32505,0.6286824366784668,qplite_builtin,opp_m2_10000,0,10000,0,0,1.0911999999999973,0.352,0.0660869279712977,0.015256960876286,-0.0045867436565458,0.0253760907799005,0.724005401134491,0.0003532590344548,-0.0003530000976752,-0.0042478055693209,-0.015256960876286,0.0009026165353134,32758.0,1.0002973079681396
seeded_ic_v1,44980010,-0.006706,0.027246,-3.890225,9.815707,0.709514,0.30509102,adaptive_ramp_v1,18.0,0.08,10.845768690109251,landing_ramp,0.1258651465177536,0.1955726593732834,0.5626448392868042,0.0411763042211532,0.0058579477481544,-0.1114434823393821,2.5263967514038086,-0.0983099788427352,-6.451572418212891,-16.749629974365234,5.414541721343994,1.282097578048706,31343,31769,32337,32505,0.6271090647912597,qplite_builtin,opp_m2_10000,0,10000,0,0,1.0911999999999973,0.352,0.0660869279712977,0.015256960876286,-0.0045867436565458,0.0253760907799005,0.724005401134491,0.0003532590344548,-0.0003530000976752,-0.0042478055693209,-0.015256960876286,0.0009026165353134,32758.0,1.0199644565582275
seeded_ic_v1,44980010,-0.006706,0.027246,-3.890225,9.815707,0.709514,0.30509102,adaptive_ramp_v1,18.0,0.08,10.84595799446106,landing_ramp,0.1258651465177536,0.1955726593732834,0.5626448392868042,0.0411763042211532,0.0058579477481544,-0.1114434823393821,2.191756010055542,-0.2012294679880142,-6.421652793884277,-16.600330352783203,4.069532871246338,1.3074699640274048,31343,31769,32337,32505,0.6270939204431152,qplite_builtin,opp_m2_10000,0,10000,0,0,1.0911999999999973,0.352,0.0660869279712977,0.015256960876286,-0.0045867436565458,0.0253760907799005,0.724005401134491,0.0003532590344548,-0.0003530000976752,-0.0042478055693209,-0.015256960876286,0.0009026165353134,32758.0,1.020153760910036
seeded_ic_v1,44980010,-0.006706,0.027246,-3.890225,9.815707,0.709514,0.30509102,adaptive_ramp_v1,18.0,0.08,10.846045017242432,landing_ramp,0.1258651465177536,0.1955726593732834,0.5626448392868042,0.0411763042211532,0.0058579477481544,-0.1114434823393821,2.191756010055542,-0.2012294679880142,-6.421652793884277,-16.600330352783203,4.069532871246338,1.3074699640274048,31251,31593,32221,32505,0.6270869586206054,qplite_builtin,opp_m2_10000,0,10000,0,0,1.0911999999999973,0.352,0.0660869279712977,0.015256960876286,-0.0045867436565458,0.0253760907799005,0.724005401134491,0.0003532590344548,-0.0003530000976752,-0.0042478055693209,-0.015256960876286,0.0009026165353134,32758.0,1.020240783691408
seeded_ic_v1,44980010,-0.006706,0.027246,-3.890225,9.815707,0.709514,0.30509102,adaptive_ramp_v1,18.0,0.08,10.865651607513428,landing_ramp,0.1266699731349945,0.1955088526010513,0.5602263808250427,0.0410792529582977,-0.0016888116952031,-0.1160694658756256,2.191756010055542,-0.2012294679880142,-6.421652793884277,-16.600330352783203,4.069532871246338,1.3074699640274048,31251,31593,32221,32505,0.6255184313989257,qplite_builtin,opp_m2_10000,0,10000,0,0,1.0911999999999973,0.352,0.0660869279712977,0.015256960876286,-0.0045867436565458,0.0253760907799005,0.724005401134491,0.0003532590344548,-0.0003530000976752,-0.0042478055693209,-0.015256960876286,0.0009026165353134,32758.0,1.0398473739624041
seeded_ic_v1,44980010,-0.006706,0.027246,-3.890225,9.815707,0.709514,0.30509102,adaptive_ramp_v1,18.0,0.08,10.865802526474,landing_ramp,0.1266699731349945,0.1955088526010513,0.5602263808250427,0.0410792529582977,-0.0016888116952031,-0.1160694658756256,1.86071252822876,-0.2777519524097442,-6.392523765563965,-16.217662811279297,2.7358179092407227,1.4039775133132937,31251,31593,32221,32505,0.6255063578820801,qplite_builtin,opp_m2_10000,0,10000,0,0,1.0911999999999973,0.352,0.0660869279712977,0.015256960876286,-0.0045867436565458,0.0253760907799005,0.724005401134491,0.0003532590344548,-0.0003530000976752,-0.0042478055693209,-0.015256960876286,0.0009026165353134,32758.0,1.0399982929229772
seeded_ic_v1,44980010,-0.006706,0.027246,-3.890225,9.815707,0.709514,0.30509102,adaptive_ramp_v1,18.0,0.08,10.865846157073976,landing_ramp,0.1266699731349945,0.1955088526010513,0.5602263808250427,0.0410792529582977,-0.0016888116952031,-0.1160694658756256,1.86071252822876,-0.2777519524097442,-6.392523765563965,-16.217662811279297,2.7358179092407227,1.4039775133132937,31197,31481,32171,32505,0.625502867434082,qplite_builtin,opp_m2_10000,0,10000,0,0,1.0911999999999973,0.352,0.0660869279712977,0.015256960876286,-0.0045867436565458,0.0253760907799005,0.724005401134491,0.0003532590344548,-0.0003530000976752,-0.0042478055693209,-0.015256960876286,0.0009026165353134,32758.0,1.0400419235229528
seeded_ic_v1,44980010,-0.006706,0.027246,-3.890225,9.815707,0.709514,0.30509102,adaptive_ramp_v1,18.0,0.08,10.885622262954712,landing_ramp,0.1274956315755844,0.1953424215316772,0.5577090978622437,0.0414225906133651,-0.007978742942214,-0.1212453097105026,1.86071252822876,-0.2777519524097442,-6.392523765563965,-16.217662811279297,2.7358179092407227,1.4039775133132937,31197,31481,32171,32505,0.623920778963623,qplite_builtin,opp_m2_10000,0,10000,0,0,1.0911999999999973,0.352,0.0660869279712977,0.015256960876286,-0.0045867436565458,0.0253760907799005,0.724005401134491,0.0003532590344548,-0.0003530000976752,-0.0042478055693209,-0.015256960876286,0.0009026165353134,32758.0,1.0598180294036883
seeded_ic_v1,44980010,-0.006706,0.027246,-3.890225,9.815707,0.709514,0.30509102,adaptive_ramp_v1,18.0,0.08,10.885807514190674,landing_ramp,0.1274956315755844,0.1953424215316772,0.5577090978622437,0.0414225906133651,-0.007978742942214,-0.1212453097105026,1.538143515586853,-0.3287696242332458,-6.363011837005615,-15.569607734680176,1.5080411434173584,1.4656480550765991,31197,31481,32171,32505,0.6239059588647461,qplite_builtin,opp_m2_10000,0,10000,0,0,1.0911999999999973,0.352,0.0660869279712977,0.015256960876286,-0.0045867436565458,0.0253760907799005,0.724005401134491,0.0003532590344548,-0.0003530000976752,-0.0042478055693209,-0.015256960876286,0.0009026165353134,32758.0,1.0600032806396502
seeded_ic_v1,44980010,-0.006706,0.027246,-3.890225,9.815707,0.709514,0.30509102,adaptive_ramp_v1,18.0,0.08,10.885856628417969,landing_ramp,0.1274956315755844,0.1953424215316772,0.5577090978622437,0.0414225906133651,-0.007978742942214,-0.1212453097105026,1.538143515586853,-0.3287696242332458,-6.363011837005615,-15.569607734680176,1.5080411434173584,1.4656480550765991,31151,31351,32075,32505,0.6239020297265625,qplite_builtin,opp_m2_10000,0,10000,0,0,1.0911999999999973,0.352,0.0660869279712977,0.015256960876286,-0.0045867436565458,0.0253760907799005,0.724005401134491,0.0003532590344548,-0.0003530000976752,-0.0042478055693209,-0.015256960876286,0.0009026165353134,32758.0,1.0600523948669451
seeded_ic_v1,44980010,-0.006706,0.027246,-3.890225,9.815707,0.709514,0.30509102,adaptive_ramp_v1,18.0,0.08,10.906116724014282,landing_ramp,0.1283468753099441,0.1950957030057907,0.5550854802131653,0.0421021021902561,-0.0130566777661442,-0.1268270462751388,1.538143515586853,-0.3287696242332458,-6.363011837005615,-15.569607734680176,1.5080411434173584,1.4656480550765991,31151,31351,32075,32505,0.6222812220788574,qplite_builtin,opp_m2_10000,0,10000,0,0,1.0911999999999973,0.352,0.0660869279712977,0.015256960876286,-0.0045867436565458,0.0253760907799005,0.724005401134491,0.0003532590344548,-0.0003530000976752,-0.0042478055693209,-0.015256960876286,0.0009026165353134,32758.0,1.0803124904632586
seeded_ic_v1,44980010,-0.006706,0.027246,-3.890225,9.815707,0.709514,0.30509102,adaptive_ramp_v1,18.0,0.08,10.90630030632019,landing_ramp,0.1283468753099441,0.1950957030057907,0.5550854802131653,0.0421021021902561,-0.0130566777661442,-0.1268270462751388,1.2292016744613647,-0.3545890152454376,-6.332818508148193,-14.698615074157717,0.2291783392429351,1.5259560346603394,31151,31351,32075,32505,0.6222665354943847,qplite_builtin,opp_m2_10000,0,10000,0,0,1.0911999999999973,0.352,0.0660869279712977,0.015256960876286,-0.0045867436565458,0.0253760907799005,0.724005401134491,0.0003532590344548,-0.0003530000976752,-0.0042478055693209,-0.015256960876286,0.0009026165353134,32758.0,1.0804960727691668
seeded_ic_v1,44980010,-0.006706,0.027246,-3.890225,9.815707,0.709514,0.30509102,adaptive_ramp_v1,18.0,0.08,10.906356811523438,landing_ramp,0.1283468753099441,0.1950957030057907,0.5550854802131653,0.0421021021902561,-0.0130566777661442,-0.1268270462751388,1.2292016744613647,-0.3545890152454376,-6.332818508148193,-14.698615074157717,0.2291783392429351,1.5259560346603394,31125,31301,32051,32505,0.622262015078125,qplite_builtin,opp_m2_10000,0,10000,0,0,1.0911999999999973,0.352,0.0660869279712977,0.015256960876286,-0.0045867436565458,0.0253760907799005,0.724005401134491,0.0003532590344548,-0.0003530000976752,-0.0042478055693209,-0.015256960876286,0.0009026165353134,32758.0,1.0805525779724139
seeded_ic_v1,44980010,-0.006706,0.027246,-3.890225,9.815707,0.709514,0.30509102,adaptive_ramp_v1,18.0,0.08,10.925656795501707,landing_ramp,0.1292266547679901,0.1947899311780929,0.5523501634597778,0.0430136956274509,-0.016979893669486,-0.1327381283044815,1.2292016744613647,-0.3545890152454376,-6.332818508148193,-14.698615074157717,0.2291783392429351,1.5259560346603394,31125,31301,32051,32505,0.6207180163598632,qplite_builtin,opp_m2_10000,0,10000,0,0,1.0911999999999973,0.352,0.0660869279712977,0.015256960876286,-0.0045867436565458,0.0253760907799005,0.724005401134491,0.0003532590344548,-0.0003530000976752,-0.0042478055693209,-0.015256960876286,0.0009026165353134,32758.0,1.0998525619506836
seeded_ic_v1,44980010,-0.006706,0.027246,-3.890225,9.815707,0.709514,0.30509102,adaptive_ramp_v1,18.0,0.08,10.925888776779177,landing_ramp,0.1292266547679901,0.1947899311780929,0.5523501634597778,0.0430136956274509,-0.016979893669486,-0.1327381283044815,0.9375881552696228,-0.356037974357605,-6.301746845245361,-13.850749015808104,-0.8063144087791443,1.6257092952728271,31125,31301,32051,32505,0.620699457857666,qplite_builtin,opp_m2_10000,0,10000,0,0,1.0911999999999973,0.352,0.0660869279712977,0.015256960876286,-0.0045867436565458,0.0253760907799005,0.724005401134491,0.0003532590344548,-0.0003530000976752,-0.0042478055693209,-0.015256960876286,0.0009026165353134,32758.0,1.100084543228153
seeded_ic_v1,44980010,-0.006706,0.027246,-3.890225,9.815707,0.709514,0.30509102,adaptive_ramp_v1,18.0,0.08,10.92597270011902,landing_ramp,0.1292266547679901,0.1947899311780929,0.5523501634597778,0.0430136956274509,-0.016979893669486,-0.1327381283044815,0.9375881552696228,-0.356037974357605,-6.301746845245361,-13.850749015808104,-0.8063144087791443,1.6257092952728271,31075,31243,32055,32505,0.6206927439904785,qplite_builtin,opp_m2_10000,0,10000,0,0,1.0911999999999973,0.352,0.0660869279712977,0.015256960876286,-0.0045867436565458,0.0253760907799005,0.724005401134491,0.0003532590344548,-0.0003530000976752,-0.0042478055693209,-0.015256960876286,0.0009026165353134,32758.0,1.1001684665679967
seeded_ic_v1,44980010,-0.006706,0.027246,-3.890225,9.815707,0.709514,0.30509102,adaptive_ramp_v1,18.0,0.08,10.945021390914915,landing_ramp,0.1301738917827606,0.1944268196821212,0.5493831038475037,0.0440748482942581,-0.0199505854398012,-0.1389876455068588,0.9375881552696228,-0.356037974357605,-6.301746845245361,-13.850749015808104,-0.8063144087791443,1.6257092952728271,31075,31243,32055,32505,0.6191688487268066,qplite_builtin,opp_m2_10000,0,10000,0,0,1.0911999999999973,0.352,0.0660869279712977,0.015256960876286,-0.0045867436565458,0.0253760907799005,0.724005401134491,0.0003532590344548,-0.0003530000976752,-0.0042478055693209,-0.015256960876286,0.0009026165353134,32758.0,1.1192171573638916
seeded_ic_v1,44980010,-0.006706,0.027246,-3.890225,9.815707,0.709514,0.30509102,adaptive_ramp_v1,18.0,0.08,10.945508241653442,landing_ramp,0.1301738917827606,0.1944268196821212,0.5493831038475037,0.0440748482942581,-0.0199505854398012,-0.1389876455068588,0.6504489183425903,-0.3342921435832977,-6.267813682556152,-12.865734100341797,-1.878371238708496,1.697448492050171,31075,31243,32055,32505,0.6191299006677246,qplite_builtin,opp_m2_10000,0,10000,0,0,1.0911999999999973,0.352,0.0660869279712977,0.015256960876286,-0.0045867436565458,0.0253760907799005,0.724005401134491,0.0003532590344548,-0.0003530000976752,-0.0042478055693209,-0.015256960876286,0.0009026165353134,32758.0,1.1197040081024188
seeded_ic_v1,44980010,-0.006706,0.027246,-3.890225,9.815707,0.709514,0.30509102,adaptive_ramp_v1,18.0,0.08,10.945682764053345,landing_ramp,0.1301738917827606,0.1944268196821212,0.5493831038475037,0.0440748482942581,-0.0199505854398012,-0.1389876455068588,0.6504489183425903,-0.3342921435832977,-6.267813682556152,-12.865734100341797,-1.878371238708496,1.697448492050171,30991,31377,32293,32505,0.6191159388757324,qplite_builtin,opp_m2_10000,0,10000,0,0,1.0911999999999973,0.352,0.0660869279712977,0.015256960876286,-0.0045867436565458,0.0253760907799005,0.724005401134491,0.0003532590344548,-0.0003530000976752,-0.0042478055693209,-0.015256960876286,0.0009026165353134,32758.0,1.1198785305023211
seeded_ic_v1,44980010,-0.006706,0.027246,-3.890225,9.815707,0.709514,0.30509102,adaptive_ramp_v1,18.0,0.08,10.964649677276611,landing_ramp,0.131105363368988,0.194061666727066,0.5464390516281128,0.0451338365674018,-0.0217167343944311,-0.1449421048164367,0.6504489183425903,-0.3342921435832977,-6.267813682556152,-12.865734100341797,-1.878371238708496,1.697448492050171,30991,31377,32293,32505,0.6175985858178711,qplite_builtin,opp_m2_10000,0,10000,0,0,1.0911999999999973,0.352,0.0660869279712977,0.015256960876286,-0.0045867436565458,0.0253760907799005,0.724005401134491,0.0003532590344548,-0.0003530000976752,-0.0042478055693209,-0.015256960876286,0.0009026165353134,32758.0,1.1388454437255877
seeded_ic_v1,44980010,-0.006706,0.027246,-3.890225,9.815707,0.709514,0.30509102,adaptive_ramp_v1,18.0,0.08,10.964793682098389,landing_ramp,0.131105363368988,0.194061666727066,0.5464390516281128,0.0451338365674018,-0.0217167343944311,-0.1449421048164367,0.3989140689373016,-0.2946219742298126,-6.234156608581543,-11.593191146850586,-2.111071348190308,1.7717137336730957,30991,31377,32293,32505,0.6175870654321288,qplite_builtin,opp_m2_10000,0,10000,0,0,1.0911999999999973,0.352,0.0660869279712977,0.015256960876286,-0.0045867436565458,0.0253760907799005,0.724005401134491,0.0003532590344548,-0.0003530000976752,-0.0042478055693209,-0.015256960876286,0.0009026165353134,32758.0,1.138989448547365
seeded_ic_v1,44980010,-0.006706,0.027246,-3.890225,9.815707,0.709514,0.30509102,adaptive_ramp_v1,18.0,0.08,10.964854955673218,landing_ramp,0.131105363368988,0.194061666727066,0.5464390516281128,0.0451338365674018,-0.0217167343944311,-0.1449421048164367,0.3989140689373016,-0.2946219742298126,-6.234156608581543,-11.593191146850586,-2.111071348190308,1.7717137336730957,31087,31375,32203,32505,0.6175821635461425,qplite_builtin,opp_m2_10000,0,10000,0,0,1.0911999999999973,0.352,0.0660869279712977,0.015256960876286,-0.0045867436565458,0.0253760907799005,0.724005401134491,0.0003532590344548,-0.0003530000976752,-0.0042478055693209,-0.015256960876286,0.0009026165353134,32758.0,1.1390507221221942
seeded_ic_v1,44980010,-0.006706,0.027246,-3.890225,9.815707,0.709514,0.30509102,adaptive_ramp_v1,18.0,0.08,10.9847993850708,adaptive_brake,0.132064089179039,0.1936935633420944,0.5433834195137024,0.0461753197014331,-0.0225523672997951,-0.1506285369396209,0.3989140689373016,-0.2946219742298126,-6.234156608581543,-11.593191146850586,-2.111071348190308,1.7717137336730957,31087,31375,32203,32505,0.95,qplite_builtin,opp_m2_10000,0,10000,0,0,1.0911999999999973,0.352,0.0660869279712977,0.015256960876286,-0.0045867436565458,0.0253760907799005,0.724005401134491,0.0003532590344548,-0.0003530000976752,-0.0042478055693209,-0.015256960876286,0.0009026165353134,32758.0,1.1589951515197772
seeded_ic_v1,44980010,-0.006706,0.027246,-3.890225,9.815707,0.709514,0.30509102,adaptive_ramp_v1,18.0,0.08,10.98495602607727,adaptive_brake,0.132064089179039,0.1936935633420944,0.5433834195137024,0.0461753197014331,-0.0225523672997951,-0.1506285369396209,0.1730233132839203,-0.2530330717563629,-6.199011325836182,-10.299561500549316,-1.9509104490280151,1.8195332288742063,31087,31375,32203,32505,0.95,qplite_builtin,opp_m2_10000,0,10000,0,0,1.0911999999999973,0.352,0.0660869279712977,0.015256960876286,-0.0045867436565458,0.0253760907799005,0.724005401134491,0.0003532590344548,-0.0003530000976752,-0.0042478055693209,-0.015256960876286,0.0009026165353134,32758.0,1.159151792526247
seeded_ic_v1,44980010,-0.006706,0.027246,-3.890225,9.815707,0.709514,0.30509102,adaptive_ramp_v1,18.0,0.08,10.985002517700195,adaptive_brake,0.132064089179039,0.1936935633420944,0.5433834195137024,0.0461753197014331,-0.0225523672997951,-0.1506285369396209,0.1730233132839203,-0.2530330717563629,-6.199011325836182,-10.299561500549316,-1.9509104490280151,1.8195332288742063,31083,31341,32177,32505,0.95,qplite_builtin,opp_m2_10000,0,10000,0,0,1.0911999999999973,0.352,0.0660869279712977,0.015256960876286,-0.0045867436565458,0.0253760907799005,0.724005401134491,0.0003532590344548,-0.0003530000976752,-0.0042478055693209,-0.015256960876286,0.0009026165353134,32758.0,1.1591982841491717
seeded_ic_v1,44980010,-0.006706,0.027246,-3.890225,9.815707,0.709514,0.30509102,adaptive_ramp_v1,18.0,0.08,11.004642963409424,adaptive_brake,0.1330469250679016,0.1933374106884002,0.5402218103408813,0.0471776463091373,-0.0225543417036533,-0.1562216281890869,0.1730233132839203,-0.2530330717563629,-6.199011325836182,-10.299561500549316,-1.9509104490280151,1.8195332288742063,31083,31341,32177,32505,0.95,qplite_builtin,opp_m2_10000,0,10000,0,0,1.0911999999999973,0.352,0.0660869279712977,0.015256960876286,-0.0045867436565458,0.0253760907799005,0.724005401134491,0.0003532590344548,-0.0003530000976752,-0.0042478055693209,-0.015256960876286,0.0009026165353134,32758.0,1.1788387298584002
seeded_ic_v1,44980010,-0.006706,0.027246,-3.890225,9.815707,0.709514,0.30509102,adaptive_ramp_v1,18.0,0.08,11.004819869995115,adaptive_brake,0.1330469250679016,0.1933374106884002,0.5402218103408813,0.0471776463091373,-0.0225543417036533,-0.1562216281890869,-0.0277138873934745,-0.2138683199882507,-6.162667274475098,-9.2064847946167,-1.965248107910156,1.8310602903366089,31083,31341,32177,32505,0.95,qplite_builtin,opp_m2_10000,0,10000,0,0,1.0911999999999973,0.352,0.0660869279712977,0.015256960876286,-0.0045867436565458,0.0253760907799005,0.724005401134491,0.0003532590344548,-0.0003530000976752,-0.0042478055693209,-0.015256960876286,0.0009026165353134,32758.0,1.1790156364440918
seeded_ic_v1,44980010,-0.006706,0.027246,-3.890225,9.815707,0.709514,0.30509102,adaptive_ramp_v1,18.0,0.08,11.004899501800535,adaptive_brake,0.1330469250679016,0.1933374106884002,0.5402218103408813,0.0471776463091373,-0.0225543417036533,-0.1562216281890869,-0.0277138873934745,-0.2138683199882507,-6.162667274475098,-9.2064847946167,-1.965248107910156,1.8310602903366089,31075,31361,32197,32505,0.95,qplite_builtin,opp_m2_10000,0,10000,0,0,1.0911999999999973,0.352,0.0660869279712977,0.015256960876286,-0.0045867436565458,0.0253760907799005,0.724005401134491,0.0003532590344548,-0.0003530000976752,-0.0042478055693209,-0.015256960876286,0.0009026165353134,32758.0,1.1790952682495117
seeded_ic_v1,44980010,-0.006706,0.027246,-3.890225,9.815707,0.709514,0.30509102,adaptive_ramp_v1,18.0,0.08,11.025725603103638,adaptive_brake,0.1340765208005905,0.1929937899112701,0.5368869304656982,0.0480645559728145,-0.0217610616236925,-0.1613997220993042,-0.0277138873934745,-0.2138683199882507,-6.162667274475098,-9.2064847946167,-1.965248107910156,1.8310602903366089,31075,31361,32197,32505,0.95,qplite_builtin,opp_m2_10000,0,10000,0,0,1.0911999999999973,0.352,0.0660869279712977,0.015256960876286,-0.0045867436565458,0.0253760907799005,0.724005401134491,0.0003532590344548,-0.0003530000976752,-0.0042478055693209,-0.015256960876286,0.0009026165353134,32758.0,1.199921369552614
seeded_ic_v1,44980010,-0.006706,0.027246,-3.890225,9.815707,0.709514,0.30509102,adaptive_ramp_v1,18.0,0.08,11.025872707366943,adaptive_brake,0.1340765208005905,0.1929937899112701,0.5368869304656982,0.0480645559728145,-0.0217610616236925,-0.1613997220993042,-0.2159103602170944,-0.1716742068529129,-6.124124050140381,-8.104683876037598,-2.141395568847656,1.831054091453552,31075,31361,32197,32505,0.95,qplite_builtin,opp_m2_10000,0,10000,0,0,1.0911999999999973,0.352,0.0660869279712977,0.015256960876286,-0.0045867436565458,0.0253760907799005,0.724005401134491,0.0003532590344548,-0.0003530000976752,-0.0042478055693209,-0.015256960876286,0.0009026165353134,32758.0,1.2000684738159197
seeded_ic_v1,44980010,-0.006706,0.027246,-3.890225,9.815707,0.709514,0.30509102,adaptive_ramp_v1,18.0,0.08,11.025944948196411,adaptive_brake,0.1340765208005905,0.1929937899112701,0.5368869304656982,0.0480645559728145,-0.0217610616236925,-0.1613997220993042,-0.2159103602170944,-0.1716742068529129,-6.124124050140381,-8.104683876037598,-2.141395568847656,1.831054091453552,31045,31383,32245,32505,0.95,qplite_builtin,opp_m2_10000,0,10000,0,0,1.0911999999999973,0.352,0.0660869279712977,0.015256960876286,-0.0045867436565458,0.0253760907799005,0.724005401134491,0.0003532590344548,-0.0003530000976752,-0.0042478055693209,-0.015256960876286,0.0009026165353134,32758.0,1.2001407146453875
seeded_ic_v1,44980010,-0.006706,0.027246,-3.890225,9.815707,0.709514,0.30509102,adaptive_ramp_v1,18.0,0.08,11.045699834823608,adaptive_brake,0.1350929141044616,0.1927020251750946,0.5335421562194824,0.0489130690693855,-0.0203291904181242,-0.166729986667633,-0.2159103602170944,-0.1716742068529129,-6.124124050140381,-8.104683876037598,-2.141395568847656,1.831054091453552,31045,31383,32245,32505,0.95,qplite_builtin,opp_m2_10000,0,10000,0,0,1.0911999999999973,0.352,0.0660869279712977,0.015256960876286,-0.0045867436565458,0.0253760907799005,0.724005401134491,0.0003532590344548,-0.0003530000976752,-0.0042478055693209,-0.015256960876286,0.0009026165353134,32758.0,1.2198956012725848
seeded_ic_v1,44980010,-0.006706,0.027246,-3.890225,9.815707,0.709514,0.30509102,adaptive_ramp_v1,18.0,0.08,11.045843601226808,adaptive_brake,0.1350929141044616,0.1927020251750946,0.5335421562194824,0.0489130690693855,-0.0203291904181242,-0.166729986667633,-0.3727774620056152,-0.1281541436910629,-6.087276935577393,-6.95503568649292,-2.2711782455444336,1.831054091453552,31045,31383,32245,32505,0.95,qplite_builtin,opp_m2_10000,0,10000,0,0,1.0911999999999973,0.352,0.0660869279712977,0.015256960876286,-0.0045867436565458,0.0253760907799005,0.724005401134491,0.0003532590344548,-0.0003530000976752,-0.0042478055693209,-0.015256960876286,0.0009026165353134,32758.0,1.2200393676757848
seeded_ic_v1,44980010,-0.006706,0.027246,-3.890225,9.815707,0.709514,0.30509102,adaptive_ramp_v1,18.0,0.08,11.045929193496704,adaptive_brake,0.1350929141044616,0.1927020251750946,0.5335421562194824,0.0489130690693855,-0.0203291904181242,-0.166729986667633,-0.3727774620056152,-0.1281541436910629,-6.087276935577393,-6.95503568649292,-2.2711782455444336,1.831054091453552,31011,31387,32263,32505,0.95,qplite_builtin,opp_m2_10000,0,10000,0,0,1.0911999999999973,0.352,0.0660869279712977,0.015256960876286,-0.0045867436565458,0.0253760907799005,0.724005401134491,0.0003532590344548,-0.0003530000976752,-0.0042478055693209,-0.015256960876286,0.0009026165353134,32758.0,1.2201249599456805
seeded_ic_v1,44980010,-0.006706,0.027246,-3.890225,9.815707,0.709514,0.30509102,adaptive_ramp_v1,18.0,0.08,11.065635919570925,adaptive_brake,0.1361244022846222,0.1924559623003006,0.5300957560539246,0.0496625639498233,-0.018328895792365,-0.172011911869049,-0.3727774620056152,-0.1281541436910629,-6.087276935577393,-6.95503568649292,-2.2711782455444336,1.831054091453552,31011,31387,32263,32505,0.95,qplite_builtin,opp_m2_10000,0,10000,0,0,1.0911999999999973,0.352,0.0660869279712977,0.015256960876286,-0.0045867436565458,0.0253760907799005,0.724005401134491,0.0003532590344548,-0.0003530000976752,-0.0042478055693209,-0.015256960876286,0.0009026165353134,32758.0,1.239831686019901
seeded_ic_v1,44980010,-0.006706,0.027246,-3.890225,9.815707,0.709514,0.30509102,adaptive_ramp_v1,18.0,0.08,11.065846681594849,adaptive_brake,0.1361244022846222,0.1924559623003006,0.5300957560539246,0.0496625639498233,-0.018328895792365,-0.172011911869049,-0.5068845152854919,-0.0824517160654068,-6.050246238708496,-5.733787536621094,-2.3450405597686768,1.8872077465057373,31011,31387,32263,32505,0.95,qplite_builtin,opp_m2_10000,0,10000,0,0,1.0911999999999973,0.352,0.0660869279712977,0.015256960876286,-0.0045867436565458,0.0253760907799005,0.724005401134491,0.0003532590344548,-0.0003530000976752,-0.0042478055693209,-0.015256960876286,0.0009026165353134,32758.0,1.240042448043825
seeded_ic_v1,44980010,-0.006706,0.027246,-3.890225,9.815707,0.709514,0.30509102,adaptive_ramp_v1,18.0,0.08,11.065929412841797,adaptive_brake,0.1361244022846222,0.1924559623003006,0.5300957560539246,0.0496625639498233,-0.018328895792365,-0.172011911869049,-0.5068845152854919,-0.0824517160654068,-6.050246238708496,-5.733787536621094,-2.3450405597686768,1.8872077465057373,31081,31491,32313,32505,0.95,qplite_builtin,opp_m2_10000,0,10000,0,0,1.0911999999999973,0.352,0.0660869279712977,0.015256960876286,-0.0045867436565458,0.0253760907799005,0.724005401134491,0.0003532590344548,-0.0003530000976752,-0.0042478055693209,-0.015256960876286,0.0009026165353134,32758.0,1.2401251792907733
seeded_ic_v1,44980010,-0.006706,0.027246,-3.890225,9.815707,0.709514,0.30509102,adaptive_ramp_v1,18.0,0.08,11.084660768508911,adaptive_brake,0.1372127681970596,0.192206859588623,0.5263593792915344,0.0502867773175239,-0.0159530621021986,-0.1776071190834045,-0.5068845152854919,-0.0824517160654068,-6.050246238708496,-5.733787536621094,-2.3450405597686768,1.8872077465057373,31081,31491,32313,32505,0.95,qplite_builtin,opp_m2_10000,0,10000,0,0,1.0911999999999973,0.352,0.0660869279712977,0.015256960876286,-0.0045867436565458,0.0253760907799005,0.724005401134491,0.0003532590344548,-0.0003530000976752,-0.0042478055693209,-0.015256960876286,0.0009026165353134,32758.0,1.2588565349578875
seeded_ic_v1,44980010,-0.006706,0.027246,-3.890225,9.815707,0.709514,0.30509102,adaptive_ramp_v1,18.0,0.08,11.08487343788147,adaptive_brake,0.1372127681970596,0.192206859588623,0.5263593792915344,0.0502867773175239,-0.0159530621021986,-0.1776071190834045,-0.6217088103294373,-0.0332120358943939,-6.00987720489502,-4.687490940093994,-2.3803436756134038,1.9545199871063232,31081,31491,32313,32505,0.95,qplite_builtin,opp_m2_10000,0,10000,0,0,1.0911999999999973,0.352,0.0660869279712977,0.015256960876286,-0.0045867436565458,0.0253760907799005,0.724005401134491,0.0003532590344548,-0.0003530000976752,-0.0042478055693209,-0.015256960876286,0.0009026165353134,32758.0,1.2590692043304461
seeded_ic_v1,44980010,-0.006706,0.027246,-3.890225,9.815707,0.709514,0.30509102,adaptive_ramp_v1,18.0,0.08,11.084936141967772,adaptive_brake,0.1372127681970596,0.192206859588623,0.5263593792915344,0.0502867773175239,-0.0159530621021986,-0.1776071190834045,-0.6217088103294373,-0.0332120358943939,-6.00987720489502,-4.687490940093994,-2.3803436756134038,1.9545199871063232,31949,31473,33267,32505,0.95,qplite_builtin,opp_m2_10000,0,10000,0,0,1.0911999999999973,0.352,0.0660869279712977,0.015256960876286,-0.0045867436565458,0.0253760907799005,0.724005401134491,0.0003532590344548,-0.0003530000976752,-0.0042478055693209,-0.015256960876286,0.0009026165353134,32758.0,1.259131908416748
seeded_ic_v1,44980010,-0.006706,0.027246,-3.890225,9.815707,0.709514,0.30509102,adaptive_ramp_v1,18.0,0.08,11.10466742515564,adaptive_brake,0.1382582783699035,0.1921212077140808,0.5227673649787903,0.0507498495280742,-0.0128528419882059,-0.1824530810117721,-0.6217088103294373,-0.0332120358943939,-6.00987720489502,-4.687490940093994,-2.3803436756134038,1.9545199871063232,31949,31473,33267,32505,0.95,qplite_builtin,opp_m2_10000,0,10000,0,0,1.0911999999999973,0.352,0.0660869279712977,0.015256960876286,-0.0045867436565458,0.0253760907799005,0.724005401134491,0.0003532590344548,-0.0003530000976752,-0.0042478055693209,-0.015256960876286,0.0009026165353134,32758.0,1.278863191604616
seeded_ic_v1,44980010,-0.006706,0.027246,-3.890225,9.815707,0.709514,0.30509102,adaptive_ramp_v1,18.0,0.08,11.104816198349,adaptive_brake,0.1382582783699035,0.1921212077140808,0.5227673649787903,0.0507498495280742,-0.0128528419882059,-0.1824530810117721,-0.7084071636199951,0.0147425588220357,-5.96993350982666,-3.588894844055176,-2.44132137298584,2.015550136566162,31949,31473,33267,32505,0.95,qplite_builtin,opp_m2_10000,0,10000,0,0,1.0911999999999973,0.352,0.0660869279712977,0.015256960876286,-0.0045867436565458,0.0253760907799005,0.724005401134491,0.0003532590344548,-0.0003530000976752,-0.0042478055693209,-0.015256960876286,0.0009026165353134,32758.0,1.2790119647979772
seeded_ic_v1,44980010,-0.006706,0.027246,-3.890225,9.815707,0.709514,0.30509102,adaptive_ramp_v1,18.0,0.08,11.104876041412354,adaptive_brake,0.1382582783699035,0.1921212077140808,0.5227673649787903,0.0507498495280742,-0.0128528419882059,-0.1824530810117721,-0.7084071636199951,0.0147425588220357,-5.96993350982666,-3.588894844055176,-2.44132137298584,2.015550136566162,31107,31575,32435,32505,0.95,qplite_builtin,opp_m2_10000,0,10000,0,0,1.0911999999999973,0.352,0.0660869279712977,0.015256960876286,-0.0045867436565458,0.0253760907799005,0.724005401134491,0.0003532590344548,-0.0003530000976752,-0.0042478055693209,-0.015256960876286,0.0009026165353134,32758.0,1.27907180786133
seeded_ic_v1,44980010,-0.006706,0.027246,-3.890225,9.815707,0.709514,0.30509102,adaptive_ramp_v1,18.0,0.08,11.125764846801758,adaptive_brake,0.1393543779850006,0.1920488327741623,0.5188789367675781,0.0510463714599609,-0.0095232417806983,-0.1873023211956024,-0.7084071636199951,0.0147425588220357,-5.96993350982666,-3.588894844055176,-2.44132137298584,2.015550136566162,31107,31575,32435,32505,0.95,qplite_builtin,opp_m2_10000,0,10000,0,0,1.0911999999999973,0.352,0.0660869279712977,0.015256960876286,-0.0045867436565458,0.0253760907799005,0.724005401134491,0.0003532590344548,-0.0003530000976752,-0.0042478055693209,-0.015256960876286,0.0009026165353134,32758.0,1.2999606132507342
seeded_ic_v1,44980010,-0.006706,0.027246,-3.890225,9.815707,0.709514,0.30509102,adaptive_ramp_v1,18.0,0.08,11.125969171524048,adaptive_brake,0.1393543779850006,0.1920488327741623,0.5188789367675781,0.0510463714599609,-0.0095232417806983,-0.1873023211956024,-0.7761788368225098,0.0660317316651344,-5.926955699920654,-2.438403844833374,-2.5023655891418457,2.014159917831421,31107,31575,32435,32505,0.95,qplite_builtin,opp_m2_10000,0,10000,0,0,1.0911999999999973,0.352,0.0660869279712977,0.015256960876286,-0.0045867436565458,0.0253760907799005,0.724005401134491,0.0003532590344548,-0.0003530000976752,-0.0042478055693209,-0.015256960876286,0.0009026165353134,32758.0,1.3001649379730242
seeded_ic_v1,44980010,-0.006706,0.027246,-3.890225,9.815707,0.709514,0.30509102,adaptive_ramp_v1,18.0,0.08,11.126068830490112,adaptive_brake,0.1393543779850006,0.1920488327741623,0.5188789367675781,0.0510463714599609,-0.0095232417806983,-0.1873023211956024,-0.7761788368225098,0.0660317316651344,-5.926955699920654,-2.438403844833374,-2.5023655891418457,2.014159917831421,32147,31731,33455,32505,0.95,qplite_builtin,opp_m2_10000,0,10000,0,0,1.0911999999999973,0.352,0.0660869279712977,0.015256960876286,-0.0045867436565458,0.0253760907799005,0.724005401134491,0.0003532590344548,-0.0003530000976752,-0.0042478055693209,-0.015256960876286,0.0009026165353134,32758.0,1.3002645969390887
seeded_ic_v1,44980010,-0.006706,0.027246,-3.890225,9.815707,0.709514,0.30509102,adaptive_ramp_v1,18.0,0.08,11.14566731452942,adaptive_brake,0.1403956711292266,0.1920148432254791,0.51507967710495,0.051147136837244,-0.0062856725417077,-0.1916144490242004,-0.7761788368225098,0.0660317316651344,-5.926955699920654,-2.438403844833374,-2.5023655891418457,2.014159917831421,32147,31731,33455,32505,0.95,qplite_builtin,opp_m2_10000,0,10000,0,0,1.0911999999999973,0.352,0.0660869279712977,0.015256960876286,-0.0045867436565458,0.0253760907799005,0.724005401134491,0.0003532590344548,-0.0003530000976752,-0.0042478055693209,-0.015256960876286,0.0009026165353134,32758.0,1.319863080978397
seeded_ic_v1,44980010,-0.006706,0.027246,-3.890225,9.815707,0.709514,0.30509102,adaptive_ramp_v1,18.0,0.08,11.145870923995972,adaptive_brake,0.1403956711292266,0.1920148432254791,0.51507967710495,0.051147136837244,-0.0062856725417077,-0.1916144490242004,-0.8182859420776367,0.1149487420916557,-5.885986328125,-1.5353875160217283,-2.441327810287476,2.014159917831421,32147,31731,33455,32505,0.95,qplite_builtin,opp_m2_10000,0,10000,0,0,1.0911999999999973,0.352,0.0660869279712977,0.015256960876286,-0.0045867436565458,0.0253760907799005,0.724005401134491,0.0003532590344548,-0.0003530000976752,-0.0042478055693209,-0.015256960876286,0.0009026165353134,32758.0,1.320066690444948
seeded_ic_v1,44980010,-0.006706,0.027246,-3.890225,9.815707,0.709514,0.30509102,adaptive_ramp_v1,18.0,0.08,11.145949363708496,adaptive_brake,0.1403956711292266,0.1920148432254791,0.51507967710495,0.051147136837244,-0.0062856725417077,-0.1916144490242004,-0.8182859420776367,0.1149487420916557,-5.885986328125,-1.5353875160217283,-2.441327810287476,2.014159917831421,32045,31755,33417,32505,0.95,qplite_builtin,opp_m2_10000,0,10000,0,0,1.0911999999999973,0.352,0.0660869279712977,0.015256960876286,-0.0045867436565458,0.0253760907799005,0.724005401134491,0.0003532590344548,-0.0003530000976752,-0.0042478055693209,-0.015256960876286,0.0009026165353134,32758.0,1.3201451301574725
seeded_ic_v1,44980010,-0.006706,0.027246,-3.890225,9.815707,0.709514,0.30509102,adaptive_ramp_v1,18.0,0.08,11.165618896484377,adaptive_brake,0.1414331495761871,0.1920928508043289,0.5112289190292358,0.0510782860219478,-0.0027034278027713,-0.1954352855682373,-0.8182859420776367,0.1149487420916557,-5.885986328125,-1.5353875160217283,-2.441327810287476,2.014159917831421,32045,31755,33417,32505,0.95,qplite_builtin,opp_m2_10000,0,10000,0,0,1.0911999999999973,0.352,0.0660869279712977,0.015256960876286,-0.0045867436565458,0.0253760907799005,0.724005401134491,0.0003532590344548,-0.0003530000976752,-0.0042478055693209,-0.015256960876286,0.0009026165353134,32758.0,1.3398146629333532
seeded_ic_v1,44980010,-0.006706,0.027246,-3.890225,9.815707,0.709514,0.30509102,adaptive_ramp_v1,18.0,0.08,11.165772676467896,adaptive_brake,0.1414331495761871,0.1920928508043289,0.5112289190292358,0.0510782860219478,-0.0027034278027713,-0.1954352855682373,-0.8430898189544678,0.1635312885046005,-5.844993114471436,-0.7011244297027588,-2.5038318634033203,2.014159917831421,32045,31755,33417,32505,0.95,qplite_builtin,opp_m2_10000,0,10000,0,0,1.0911999999999973,0.352,0.0660869279712977,0.015256960876286,-0.0045867436565458,0.0253760907799005,0.724005401134491,0.0003532590344548,-0.0003530000976752,-0.0042478055693209,-0.015256960876286,0.0009026165353134,32758.0,1.339968442916872
seeded_ic_v1,44980010,-0.006706,0.027246,-3.890225,9.815707,0.709514,0.30509102,adaptive_ramp_v1,18.0,0.08,11.16586184501648,adaptive_brake,0.1414331495761871,0.1920928508043289,0.5112289190292358,0.0510782860219478,-0.0027034278027713,-0.1954352855682373,-0.8430898189544678,0.1635312885046005,-5.844993114471436,-0.7011244297027588,-2.5038318634033203,2.014159917831421,31215,31863,32631,32505,0.95,qplite_builtin,opp_m2_10000,0,10000,0,0,1.0911999999999973,0.352,0.0660869279712977,0.015256960876286,-0.0045867436565458,0.0253760907799005,0.724005401134491,0.0003532590344548,-0.0003530000976752,-0.0042478055693209,-0.015256960876286,0.0009026165353134,32758.0,1.3400576114654559
seeded_ic_v1,44980010,-0.006706,0.027246,-3.890225,9.815707,0.709514,0.30509102,adaptive_ramp_v1,18.0,0.08,11.18459177017212,adaptive_brake,0.1425101161003112,0.1922410875558853,0.5071225166320801,0.0507964305579662,0.0010986146517097,-0.1991173475980758,-0.8430898189544678,0.1635312885046005,-5.844993114471436,-0.7011244297027588,-2.5038318634033203,2.014159917831421,31215,31863,32631,32505,0.95,qplite_builtin,opp_m2_10000,0,10000,0,0,1.0911999999999973,0.352,0.0660869279712977,0.015256960876286,-0.0045867436565458,0.0253760907799005,0.724005401134491,0.0003532590344548,-0.0003530000976752,-0.0042478055693209,-0.015256960876286,0.0009026165353134,32758.0,1.3587875366210955
seeded_ic_v1,44980010,-0.006706,0.027246,-3.890225,9.815707,0.709514,0.30509102,adaptive_ramp_v1,18.0,0.08,11.184847831726074,adaptive_brake,0.1425101161003112,0.1922410875558853,0.5071225166320801,0.0507964305579662,0.0010986146517097,-0.1991173475980758,-0.8517608642578125,0.214773029088974,-5.8019328117370605,0.062781736254692,-2.4414820671081543,2.014159917831421,31215,31863,32631,32505,0.95,qplite_builtin,opp_m2_10000,0,10000,0,0,1.0911999999999973,0.352,0.0660869279712977,0.015256960876286,-0.0045867436565458,0.0253760907799005,0.724005401134491,0.0003532590344548,-0.0003530000976752,-0.0042478055693209,-0.015256960876286,0.0009026165353134,32758.0,1.3590435981750506
seeded_ic_v1,44980010,-0.006706,0.027246,-3.890225,9.815707,0.709514,0.30509102,adaptive_ramp_v1,18.0,0.08,11.18492341041565,adaptive_brake,0.1425101161003112,0.1922410875558853,0.5071225166320801,0.0507964305579662,0.0010986146517097,-0.1991173475980758,-0.8517608642578125,0.214773029088974,-5.8019328117370605,0.062781736254692,-2.4414820671081543,2.014159917831421,32077,31923,33565,32505,0.95,qplite_builtin,opp_m2_10000,0,10000,0,0,1.0911999999999973,0.352,0.0660869279712977,0.015256960876286,-0.0045867436565458,0.0253760907799005,0.724005401134491,0.0003532590344548,-0.0003530000976752,-0.0042478055693209,-0.015256960876286,0.0009026165353134,32758.0,1.3591191768646258
seeded_ic_v1,44980010,-0.006706,0.027246,-3.890225,9.815707,0.709514,0.30509102,adaptive_ramp_v1,18.0,0.08,11.204687118530272,adaptive_brake,0.1435211151838302,0.1924597322940826,0.5031580924987793,0.0503262318670749,0.0047670667991042,-0.2022344172000885,-0.8517608642578125,0.214773029088974,-5.8019328117370605,0.062781736254692,-2.4414820671081543,2.014159917831421,32077,31923,33565,32505,0.95,qplite_builtin,opp_m2_10000,0,10000,0,0,1.0911999999999973,0.352,0.0660869279712977,0.015256960876286,-0.0045867436565458,0.0253760907799005,0.724005401134491,0.0003532590344548,-0.0003530000976752,-0.0042478055693209,-0.015256960876286,0.0009026165353134,32758.0,1.378882884979248
seeded_ic_v1,44980010,-0.006706,0.027246,-3.890225,9.815707,0.709514,0.30509102,adaptive_ramp_v1,18.0,0.08,11.204833030700684,adaptive_brake,0.1435211151838302,0.1924597322940826,0.5031580924987793,0.0503262318670749,0.0047670667991042,-0.2022344172000885,-0.843759298324585,0.2617684602737427,-5.7616353034973145,0.906182587146759,-2.3046088218688965,1.9531999826431277,32077,31923,33565,32505,0.95,qplite_builtin,opp_m2_10000,0,10000,0,0,1.0911999999999973,0.352,0.0660869279712977,0.015256960876286,-0.0045867436565458,0.0253760907799005,0.724005401134491,0.0003532590344548,-0.0003530000976752,-0.0042478055693209,-0.015256960876286,0.0009026165353134,32758.0,1.37902879714966
seeded_ic_v1,44980010,-0.006706,0.027246,-3.890225,9.815707,0.709514,0.30509102,adaptive_ramp_v1,18.0,0.08,11.204906463623049,adaptive_brake,0.1435211151838302,0.1924597322940826,0.5031580924987793,0.0503262318670749,0.0047670667991042,-0.2022344172000885,-0.843759298324585,0.2617684602737427,-5.7616353034973145,0.906182587146759,-2.3046088218688965,1.9531999826431277,31267,32021,32669,32505,0.95,qplite_builtin,opp_m2_10000,0,10000,0,0,1.0911999999999973,0.352,0.0660869279712977,0.015256960876286,-0.0045867436565458,0.0253760907799005,0.724005401134491,0.0003532590344548,-0.0003530000976752,-0.0042478055693209,-0.015256960876286,0.0009026165353134,32758.0,1.379102230072025
seeded_ic_v1,44980010,-0.006706,0.027246,-3.890225,9.815707,0.709514,0.30509102,adaptive_ramp_v1,18.0,0.08,11.224785089492798,adaptive_brake,0.1445179879665374,0.1927437782287597,0.4991238415241241,0.0496797375380992,0.008378037251532,-0.2050794661045074,-0.843759298324585,0.2617684602737427,-5.7616353034973145,0.906182587146759,-2.3046088218688965,1.9531999826431277,31267,32021,32669,32505,0.95,qplite_builtin,opp_m2_10000,0,10000,0,0,1.0911999999999973,0.352,0.0660869279712977,0.015256960876286,-0.0045867436565458,0.0253760907799005,0.724005401134491,0.0003532590344548,-0.0003530000976752,-0.0042478055693209,-0.015256960876286,0.0009026165353134,32758.0,1.3989808559417742
seeded_ic_v1,44980010,-0.006706,0.027246,-3.890225,9.815707,0.709514,0.30509102,adaptive_ramp_v1,18.0,0.08,11.225017070770264,adaptive_brake,0.1445179879665374,0.1927437782287597,0.4991238415241241,0.0496797375380992,0.008378037251532,-0.2050794661045074,-0.8191834092140198,0.305886447429657,-5.72255277633667,1.641317367553711,-2.1400954723358154,1.8920122385025024,31267,32021,32669,32505,0.95,qplite_builtin,opp_m2_10000,0,10000,0,0,1.0911999999999973,0.352,0.0660869279712977,0.015256960876286,-0.0045867436565458,0.0253760907799005,0.724005401134491,0.0003532590344548,-0.0003530000976752,-0.0042478055693209,-0.015256960876286,0.0009026165353134,32758.0,1.39921283721924
seeded_ic_v1,44980010,-0.006706,0.027246,-3.890225,9.815707,0.709514,0.30509102,adaptive_ramp_v1,18.0,0.08,11.225148916244509,adaptive_brake,0.1445179879665374,0.1927437782287597,0.4991238415241241,0.0496797375380992,0.008378037251532,-0.2050794661045074,-0.8191834092140198,0.305886447429657,-5.72255277633667,1.641317367553711,-2.1400954723358154,1.8920122385025024,32141,32133,33547,32505,0.95,qplite_builtin,opp_m2_10000,0,10000,0,0,1.0911999999999973,0.352,0.0660869279712977,0.015256960876286,-0.0045867436565458,0.0253760907799005,0.724005401134491,0.0003532590344548,-0.0003530000976752,-0.0042478055693209,-0.015256960876286,0.0009026165353134,32758.0,1.399344682693485
seeded_ic_v1,44980010,-0.006706,0.027246,-3.890225,9.815707,0.709514,0.30509102,adaptive_ramp_v1,18.0,0.08,11.244744300842283,adaptive_brake,0.1454968452453613,0.1930904984474182,0.4950267672538757,0.0488601475954055,0.0118714366108179,-0.2077375054359436,-0.8191834092140198,0.305886447429657,-5.72255277633667,1.641317367553711,-2.1400954723358154,1.8920122385025024,32141,32133,33547,32505,0.95,qplite_builtin,opp_m2_10000,0,10000,0,0,1.0911999999999973,0.352,0.0660869279712977,0.015256960876286,-0.0045867436565458,0.0253760907799005,0.724005401134491,0.0003532590344548,-0.0003530000976752,-0.0042478055693209,-0.015256960876286,0.0009026165353134,32758.0,1.4189400672912598
seeded_ic_v1,44980010,-0.006706,0.027246,-3.890225,9.815707,0.709514,0.30509102,adaptive_ramp_v1,18.0,0.08,11.245448589324951,adaptive_brake,0.1454968452453613,0.1930904984474182,0.4950267672538757,0.0488601475954055,0.0118714366108179,-0.2077375054359436,-0.781406819820404,0.3468336760997772,-5.684133529663086,2.25054931640625,-1.986465334892273,1.8920899629592896,32141,32133,33547,32505,0.95,qplite_builtin,opp_m2_10000,0,10000,0,0,1.0911999999999973,0.352,0.0660869279712977,0.015256960876286,-0.0045867436565458,0.0253760907799005,0.724005401134491,0.0003532590344548,-0.0003530000976752,-0.0042478055693209,-0.015256960876286,0.0009026165353134,32758.0,1.4196443557739276
seeded_ic_v1,44980010,-0.006706,0.027246,-3.890225,9.815707,0.709514,0.30509102,adaptive_ramp_v1,18.0,0.08,11.245495557785034,adaptive_brake,0.1454968452453613,0.1930904984474182,0.4950267672538757,0.0488601475954055,0.0118714366108179,-0.2077375054359436,-0.781406819820404,0.3468336760997772,-5.684133529663086,2.25054931640625,-1.986465334892273,1.8920899629592896,31329,32179,32737,32505,0.95,qplite_builtin,opp_m2_10000,0,10000,0,0,1.0911999999999973,0.352,0.0660869279712977,0.015256960876286,-0.0045867436565458,0.0253760907799005,0.724005401134491,0.0003532590344548,-0.0003530000976752,-0.0042478055693209,-0.015256960876286,0.0009026165353134,32758.0,1.4196913242340106
seeded_ic_v1,44980010,-0.006706,0.027246,-3.890225,9.815707,0.709514,0.30509102,adaptive_ramp_v1,18.0,0.08,11.26458978652954,adaptive_brake,0.1464540958404541,0.1934960931539535,0.4908706545829773,0.0478730835020542,0.0151973227038979,-0.2103094160556793,-0.781406819820404,0.3468336760997772,-5.684133529663086,2.25054931640625,-1.986465334892273,1.8920899629592896,31329,32179,32737,32505,0.95,qplite_builtin,opp_m2_10000,0,10000,0,0,1.0911999999999973,0.352,0.0660869279712977,0.015256960876286,-0.0045867436565458,0.0253760907799005,0.724005401134491,0.0003532590344548,-0.0003530000976752,-0.0042478055693209,-0.015256960876286,0.0009026165353134,32758.0,1.4387855529785156
seeded_ic_v1,44980010,-0.006706,0.027246,-3.890225,9.815707,0.709514,0.30509102,adaptive_ramp_v1,18.0,0.08,11.264826774597168,adaptive_brake,0.1464540958404541,0.1934960931539535,0.4908706545829773,0.0478730835020542,0.0151973227038979,-0.2103094160556793,-0.7318281531333923,0.3844958543777466,-5.645789623260498,2.789609432220459,-1.8027231693267824,1.8920899629592896,31329,32179,32737,32505,0.95,qplite_builtin,opp_m2_10000,0,10000,0,0,1.0911999999999973,0.352,0.0660869279712977,0.015256960876286,-0.0045867436565458,0.0253760907799005,0.724005401134491,0.0003532590344548,-0.0003530000976752,-0.0042478055693209,-0.015256960876286,0.0009026165353134,32758.0,1.4390225410461444
seeded_ic_v1,44980010,-0.006706,0.027246,-3.890225,9.815707,0.709514,0.30509102,adaptive_ramp_v1,18.0,0.08,11.264881372451782,adaptive_brake,0.1464540958404541,0.1934960931539535,0.4908706545829773,0.0478730835020542,0.0151973227038979,-0.2103094160556793,-0.7318281531333923,0.3844958543777466,-5.645789623260498,2.789609432220459,-1.8027231693267824,1.8920899629592896,32243,32319,33619,32505,0.95,qplite_builtin,opp_m2_10000,0,10000,0,0,1.0911999999999973,0.352,0.0660869279712977,0.015256960876286,-0.0045867436565458,0.0253760907799005,0.724005401134491,0.0003532590344548,-0.0003530000976752,-0.0042478055693209,-0.015256960876286,0.0009026165353134,32758.0,1.4390771389007586
seeded_ic_v1,44980010,-0.006706,0.027246,-3.890225,9.815707,0.709514,0.30509102,adaptive_ramp_v1,18.0,0.08,11.28568434715271,adaptive_brake,0.1474330127239227,0.1939743608236313,0.4864468276500702,0.0466694384813308,0.0184388384222984,-0.2128149718046188,-0.7318281531333923,0.3844958543777466,-5.645789623260498,2.789609432220459,-1.8027231693267824,1.8920899629592896,32243,32319,33619,32505,0.95,qplite_builtin,opp_m2_10000,0,10000,0,0,1.0911999999999973,0.352,0.0660869279712977,0.015256960876286,-0.0045867436565458,0.0253760907799005,0.724005401134491,0.0003532590344548,-0.0003530000976752,-0.0042478055693209,-0.015256960876286,0.0009026165353134,32758.0,1.4598801136016863
seeded_ic_v1,44980010,-0.006706,0.027246,-3.890225,9.815707,0.709514,0.30509102,adaptive_ramp_v1,18.0,0.08,11.285821199417114,adaptive_brake,0.1474330127239227,0.1939743608236313,0.4864468276500702,0.0466694384813308,0.0184388384222984,-0.2128149718046188,-0.6689460873603821,0.4198379814624786,-5.605562210083008,3.2807111740112305,-1.5739495754241943,1.9063371419906616,32243,32319,33619,32505,0.95,qplite_builtin,opp_m2_10000,0,10000,0,0,1.0911999999999973,0.352,0.0660869279712977,0.015256960876286,-0.0045867436565458,0.0253760907799005,0.724005401134491,0.0003532590344548,-0.0003530000976752,-0.0042478055693209,-0.015256960876286,0.0009026165353134,32758.0,1.4600169658660906
seeded_ic_v1,44980010,-0.006706,0.027246,-3.890225,9.815707,0.709514,0.30509102,adaptive_ramp_v1,18.0,0.08,11.285863399505615,adaptive_brake,0.1474330127239227,0.1939743608236313,0.4864468276500702,0.0466694384813308,0.0184388384222984,-0.2128149718046188,-0.6689460873603821,0.4198379814624786,-5.605562210083008,3.2807111740112305,-1.5739495754241943,1.9063371419906616,32341,32391,33761,32505,0.95,qplite_builtin,opp_m2_10000,0,10000,0,0,1.0911999999999973,0.352,0.0660869279712977,0.015256960876286,-0.0045867436565458,0.0253760907799005,0.724005401134491,0.0003532590344548,-0.0003530000976752,-0.0042478055693209,-0.015256960876286,0.0009026165353134,32758.0,1.4600591659545916
seeded_ic_v1,44980010,-0.006706,0.027246,-3.890225,9.815707,0.709514,0.30509102,adaptive_ramp_v1,18.0,0.08,11.304608345031738,adaptive_brake,0.1479129046201706,0.1942950636148452,0.4841830730438232,0.0458781346678733,0.0202613286674022,-0.21362966299057,-0.6689460873603821,0.4198379814624786,-5.605562210083008,3.2807111740112305,-1.5739495754241943,1.9063371419906616,32341,32391,33761,32505,0.95,qplite_builtin,opp_m2_10000,0,10000,0,0,1.0911999999999973,0.352,0.0660869279712977,0.015256960876286,-0.0045867436565458,0.0253760907799005,0.724005401134491,0.0003532590344548,-0.0003530000976752,-0.0042478055693209,-0.015256960876286,0.0009026165353134,32758.0,1.4788041114807147
seeded_ic_v1,44980010,-0.006706,0.027246,-3.890225,9.815707,0.709514,0.30509102,adaptive_ramp_v1,18.0,0.08,11.304832220077516,adaptive_brake,0.1479129046201706,0.1942950636148452,0.4841830730438232,0.0458781346678733,0.0202613286674022,-0.21362966299057,-0.6324219107627869,0.4365316331386566,-5.584095001220703,3.630307674407959,-1.3414413928985596,1.9530715942382808,32341,32391,33761,32505,0.95,qplite_builtin,opp_m2_10000,0,10000,0,0,1.0911999999999973,0.352,0.0660869279712977,0.015256960876286,-0.0045867436565458,0.0253760907799005,0.724005401134491,0.0003532590344548,-0.0003530000976752,-0.0042478055693209,-0.015256960876286,0.0009026165353134,32758.0,1.4790279865264928
seeded_ic_v1,44980010,-0.006706,0.027246,-3.890225,9.815707,0.709514,0.30509102,adaptive_ramp_v1,18.0,0.08,11.30487060546875,adaptive_brake,0.1479129046201706,0.1942950636148452,0.4841830730438232,0.0458781346678733,0.0202613286674022,-0.21362966299057,-0.6324219107627869,0.4365316331386566,-5.584095001220703,3.630307674407959,-1.3414413928985596,1.9530715942382808,31491,32431,32855,32505,0.95,qplite_builtin,opp_m2_10000,0,10000,0,0,1.0911999999999973,0.352,0.0660869279712977,0.015256960876286,-0.0045867436565458,0.0253760907799005,0.724005401134491,0.0003532590344548,-0.0003530000976752,-0.0042478055693209,-0.015256960876286,0.0009026165353134,32758.0,1.4790663719177264
seeded_ic_v1,44980010,-0.006706,0.027246,-3.890225,9.815707,0.709514,0.30509102,adaptive_ramp_v1,18.0,0.08,11.32465672492981,adaptive_brake,0.1487829983234405,0.1948202103376388,0.4799774289131164,0.0444283187389373,0.0229280292987823,-0.2152400314807891,-0.6324219107627869,0.4365316331386566,-5.584095001220703,3.630307674407959,-1.3414413928985596,1.9530715942382808,31491,32431,32855,32505,0.95,qplite_builtin,opp_m2_10000,0,10000,0,0,1.0911999999999973,0.352,0.0660869279712977,0.015256960876286,-0.0045867436565458,0.0253760907799005,0.724005401134491,0.0003532590344548,-0.0003530000976752,-0.0042478055693209,-0.015256960876286,0.0009026165353134,32758.0,1.498852491378786
seeded_ic_v1,44980010,-0.006706,0.027246,-3.890225,9.815707,0.709514,0.30509102,adaptive_ramp_v1,18.0,0.08,11.324802160263062,adaptive_brake,0.1487829983234405,0.1948202103376388,0.4799774289131164,0.0444283187389373,0.0229280292987823,-0.2152400314807891,-0.5601825714111328,0.4629770517349243,-5.544747352600098,3.859252691268921,-1.1015608310699463,1.953124403953552,31491,32431,32855,32505,0.95,qplite_builtin,opp_m2_10000,0,10000,0,0,1.0911999999999973,0.352,0.0660869279712977,0.015256960876286,-0.0045867436565458,0.0253760907799005,0.724005401134491,0.0003532590344548,-0.0003530000976752,-0.0042478055693209,-0.015256960876286,0.0009026165353134,32758.0,1.498997926712038
seeded_ic_v1,44980010,-0.006706,0.027246,-3.890225,9.815707,0.709514,0.30509102,adaptive_ramp_v1,18.0,0.08,11.325018882751465,adaptive_brake,0.1487829983234405,0.1948202103376388,0.4799774289131164,0.0444283187389373,0.0229280292987823,-0.2152400314807891,-0.5601825714111328,0.4629770517349243,-5.544747352600098,3.859252691268921,-1.1015608310699463,1.953124403953552,31503,32469,32889,32505,0.95,qplite_builtin,opp_m2_10000,0,10000,0,0,1.0911999999999973,0.352,0.0660869279712977,0.015256960876286,-0.0045867436565458,0.0253760907799005,0.724005401134491,0.0003532590344548,-0.0003530000976752,-0.0042478055693209,-0.015256960876286,0.0009026165353134,32758.0,1.4992146492004412
seeded_ic_v1,44980010,-0.006706,0.027246,-3.890225,9.815707,0.709514,0.30509102,adaptive_ramp_v1,18.0,0.08,11.345337629318236,adaptive_brake,0.149622693657875,0.1953846514225006,0.4757227897644043,0.0428649745881557,0.0253015775233507,-0.2166567891836166,-0.5601825714111328,0.4629770517349243,-5.544747352600098,3.859252691268921,-1.1015608310699463,1.953124403953552,31503,32469,32889,32505,0.95,qplite_builtin,opp_m2_10000,0,10000,0,0,1.0911999999999973,0.352,0.0660869279712977,0.015256960876286,-0.0045867436565458,0.0253760907799005,0.724005401134491,0.0003532590344548,-0.0003530000976752,-0.0042478055693209,-0.015256960876286,0.0009026165353134,32758.0,1.519533395767212
seeded_ic_v1,44980010,-0.006706,0.027246,-3.890225,9.815707,0.709514,0.30509102,adaptive_ramp_v1,18.0,0.08,11.345618724822998,adaptive_brake,0.149622693657875,0.1953846514225006,0.4757227897644043,0.0428649745881557,0.0253015775233507,-0.2166567891836166,-0.4831336140632629,0.4845342934131622,-5.505484580993652,3.945135593414306,-0.919040024280548,1.9036147594451904,31503,32469,32889,32505,0.95,qplite_builtin,opp_m2_10000,0,10000,0,0,1.0911999999999973,0.352,0.0660869279712977,0.015256960876286,-0.0045867436565458,0.0253760907799005,0.724005401134491,0.0003532590344548,-0.0003530000976752,-0.0042478055693209,-0.015256960876286,0.0009026165353134,32758.0,1.5198144912719744
seeded_ic_v1,44980010,-0.006706,0.027246,-3.890225,9.815707,0.709514,0.30509102,adaptive_ramp_v1,18.0,0.08,11.345706939697266,adaptive_brake,0.149622693657875,0.1953846514225006,0.4757227897644043,0.0428649745881557,0.0253015775233507,-0.2166567891836166,-0.4831336140632629,0.4845342934131622,-5.505484580993652,3.945135593414306,-0.919040024280548,1.9036147594451904,31555,32567,32923,32505,0.95,qplite_builtin,opp_m2_10000,0,10000,0,0,1.0911999999999973,0.352,0.0660869279712977,0.015256960876286,-0.0045867436565458,0.0253760907799005,0.724005401134491,0.0003532590344548,-0.0003530000976752,-0.0042478055693209,-0.015256960876286,0.0009026165353134,32758.0,1.519902706146242
seeded_ic_v1,44980010,-0.006706,0.027246,-3.890225,9.815707,0.709514,0.30509102,adaptive_ramp_v1,18.0,0.08,11.36465048789978,adaptive_brake,0.1504297405481338,0.195982351899147,0.4714270532131195,0.0412012189626693,0.0273676924407482,-0.2178010940551757,-0.4831336140632629,0.4845342934131622,-5.505484580993652,3.945135593414306,-0.919040024280548,1.9036147594451904,31555,32567,32923,32505,0.95,qplite_builtin,opp_m2_10000,0,10000,0,0,1.0911999999999973,0.352,0.0660869279712977,0.015256960876286,-0.0045867436565458,0.0253760907799005,0.724005401134491,0.0003532590344548,-0.0003530000976752,-0.0042478055693209,-0.015256960876286,0.0009026165353134,32758.0,1.5388462543487567
seeded_ic_v1,44980010,-0.006706,0.027246,-3.890225,9.815707,0.709514,0.30509102,adaptive_ramp_v1,18.0,0.08,11.36486268043518,adaptive_brake,0.1504297405481338,0.195982351899147,0.4714270532131195,0.0412012189626693,0.0273676924407482,-0.2178010940551757,-0.4046026766300201,0.5023682713508606,-5.467043876647949,4.029118537902832,-0.6613852381706238,1.8920835256576536,31555,32567,32923,32505,0.95,qplite_builtin,opp_m2_10000,0,10000,0,0,1.0911999999999973,0.352,0.0660869279712977,0.015256960876286,-0.0045867436565458,0.0253760907799005,0.724005401134491,0.0003532590344548,-0.0003530000976752,-0.0042478055693209,-0.015256960876286,0.0009026165353134,32758.0,1.539058446884157
seeded_ic_v1,44980010,-0.006706,0.027246,-3.890225,9.815707,0.709514,0.30509102,adaptive_ramp_v1,18.0,0.08,11.364956378936768,adaptive_brake,0.1504297405481338,0.195982351899147,0.4714270532131195,0.0412012189626693,0.0273676924407482,-0.2178010940551757,-0.4046026766300201,0.5023682713508606,-5.467043876647949,4.029118537902832,-0.6613852381706238,1.8920835256576536,31569,32599,32925,32505,0.95,qplite_builtin,opp_m2_10000,0,10000,0,0,1.0911999999999973,0.352,0.0660869279712977,0.015256960876286,-0.0045867436565458,0.0253760907799005,0.724005401134491,0.0003532590344548,-0.0003530000976752,-0.0042478055693209,-0.015256960876286,0.0009026165353134,32758.0,1.539152145385744
seeded_ic_v1,44980010,-0.006706,0.027246,-3.890225,9.815707,0.709514,0.30509102,adaptive_ramp_v1,18.0,0.08,11.384649991989136,adaptive_brake,0.1512022763490677,0.196607157588005,0.4670964181423187,0.0394524000585079,0.0291172042489051,-0.2189138382673263,-0.4046026766300201,0.5023682713508606,-5.467043876647949,4.029118537902832,-0.6613852381706238,1.8920835256576536,31569,32599,32925,32505,0.95,qplite_builtin,opp_m2_10000,0,10000,0,0,1.0911999999999973,0.352,0.0660869279712977,0.015256960876286,-0.0045867436565458,0.0253760907799005,0.724005401134491,0.0003532590344548,-0.0003530000976752,-0.0042478055693209,-0.015256960876286,0.0009026165353134,32758.0,1.5588457584381121
seeded_ic_v1,44980010,-0.006706,0.027246,-3.890225,9.815707,0.709514,0.30509102,adaptive_ramp_v1,18.0,0.08,11.384790420532228,adaptive_brake,0.1512022763490677,0.196607157588005,0.4670964181423187,0.0394524000585079,0.0291172042489051,-0.2189138382673263,-0.32402503490448,0.5150587558746338,-5.429116725921631,4.08921480178833,-0.3374389410018921,1.8920899629592896,31569,32599,32925,32505,0.95,qplite_builtin,opp_m2_10000,0,10000,0,0,1.0911999999999973,0.352,0.0660869279712977,0.015256960876286,-0.0045867436565458,0.0253760907799005,0.724005401134491,0.0003532590344548,-0.0003530000976752,-0.0042478055693209,-0.015256960876286,0.0009026165353134,32758.0,1.5589861869812047
seeded_ic_v1,44980010,-0.006706,0.027246,-3.890225,9.815707,0.709514,0.30509102,adaptive_ramp_v1,18.0,0.08,11.384868621826172,adaptive_brake,0.1512022763490677,0.196607157588005,0.4670964181423187,0.0394524000585079,0.0291172042489051,-0.2189138382673263,-0.32402503490448,0.5150587558746338,-5.429116725921631,4.08921480178833,-0.3374389410018921,1.8920899629592896,31631,32649,32921,32505,0.95,qplite_builtin,opp_m2_10000,0,10000,0,0,1.0911999999999973,0.352,0.0660869279712977,0.015256960876286,-0.0045867436565458,0.0253760907799005,0.724005401134491,0.0003532590344548,-0.0003530000976752,-0.0042478055693209,-0.015256960876286,0.0009026165353134,32758.0,1.5590643882751483
seeded_ic_v1,44980010,-0.006706,0.027246,-3.890225,9.815707,0.709514,0.30509102,adaptive_ramp_v1,18.0,0.08,11.404608249664308,adaptive_brake,0.1519388258457183,0.1972528994083404,0.4627321362495422,0.0376379489898681,0.0305424835532903,-0.2200549840927124,-0.32402503490448,0.5150587558746338,-5.429116725921631,4.08921480178833,-0.3374389410018921,1.8920899629592896,31631,32649,32921,32505,0.95,qplite_builtin,opp_m2_10000,0,10000,0,0,1.0911999999999973,0.352,0.0660869279712977,0.015256960876286,-0.0045867436565458,0.0253760907799005,0.724005401134491,0.0003532590344548,-0.0003530000976752,-0.0042478055693209,-0.015256960876286,0.0009026165353134,32758.0,1.5788040161132848
seeded_ic_v1,44980010,-0.006706,0.027246,-3.890225,9.815707,0.709514,0.30509102,adaptive_ramp_v1,18.0,0.08,11.404858112335203,adaptive_brake,0.1519388258457183,0.1972528994083404,0.4627321362495422,0.0376379489898681,0.0305424835532903,-0.2200549840927124,-0.2425744831562042,0.5213518738746643,-5.391097068786621,4.089354038238525,-0.0073794266209006,1.919046401977539,31631,32649,32921,32505,0.95,qplite_builtin,opp_m2_10000,0,10000,0,0,1.0911999999999973,0.352,0.0660869279712977,0.015256960876286,-0.0045867436565458,0.0253760907799005,0.724005401134491,0.0003532590344548,-0.0003530000976752,-0.0042478055693209,-0.015256960876286,0.0009026165353134,32758.0,1.5790538787841797
seeded_ic_v1,44980010,-0.006706,0.027246,-3.890225,9.815707,0.709514,0.30509102,adaptive_ramp_v1,18.0,0.08,11.404898166656494,adaptive_brake,0.1519388258457183,0.1972528994083404,0.4627321362495422,0.0376379489898681,0.0305424835532903,-0.2200549840927124,-0.2425744831562042,0.5213518738746643,-5.391097068786621,4.089354038238525,-0.0073794266209006,1.919046401977539,31695,32721,32949,32505,0.95,qplite_builtin,opp_m2_10000,0,10000,0,0,1.0911999999999973,0.352,0.0660869279712977,0.015256960876286,-0.0045867436565458,0.0253760907799005,0.724005401134491,0.0003532590344548,-0.0003530000976752,-0.0042478055693209,-0.015256960876286,0.0009026165353134,32758.0,1.5790939331054705
seeded_ic_v1,44980010,-0.006706,0.027246,-3.890225,9.815707,0.709514,0.30509102,adaptive_ramp_v1,18.0,0.08,11.42465329170227,adaptive_brake,0.1526383459568023,0.1979133933782577,0.4583374857902527,0.0357793010771274,0.0316416844725608,-0.2210846245288849,-0.2425744831562042,0.5213518738746643,-5.391097068786621,4.089354038238525,-0.0073794266209006,1.919046401977539,31695,32721,32949,32505,0.95,qplite_builtin,opp_m2_10000,0,10000,0,0,1.0911999999999973,0.352,0.0660869279712977,0.015256960876286,-0.0045867436565458,0.0253760907799005,0.724005401134491,0.0003532590344548,-0.0003530000976752,-0.0042478055693209,-0.015256960876286,0.0009026165353134,32758.0,1.598849058151247
seeded_ic_v1,44980010,-0.006706,0.027246,-3.890225,9.815707,0.709514,0.30509102,adaptive_ramp_v1,18.0,0.08,11.424861192703249,adaptive_brake,0.1526383459568023,0.1979133933782577,0.4583374857902527,0.0357793010771274,0.0316416844725608,-0.2210846245288849,-0.1611396819353103,0.5217617154121399,-5.352406978607178,4.025637626647949,0.2563104629516601,1.95307457447052,31695,32721,32949,32505,0.95,qplite_builtin,opp_m2_10000,0,10000,0,0,1.0911999999999973,0.352,0.0660869279712977,0.015256960876286,-0.0045867436565458,0.0253760907799005,0.724005401134491,0.0003532590344548,-0.0003530000976752,-0.0042478055693209,-0.015256960876286,0.0009026165353134,32758.0,1.5990569591522252
seeded_ic_v1,44980010,-0.006706,0.027246,-3.890225,9.815707,0.709514,0.30509102,adaptive_ramp_v1,18.0,0.08,11.424930810928345,adaptive_brake,0.1526383459568023,0.1979133933782577,0.4583374857902527,0.0357793010771274,0.0316416844725608,-0.2210846245288849,-0.1611396819353103,0.5217617154121399,-5.352406978607178,4.025637626647949,0.2563104629516601,1.95307457447052,31751,32745,32929,32505,0.95,qplite_builtin,opp_m2_10000,0,10000,0,0,1.0911999999999973,0.352,0.0660869279712977,0.015256960876286,-0.0045867436565458,0.0253760907799005,0.724005401134491,0.0003532590344548,-0.0003530000976752,-0.0042478055693209,-0.015256960876286,0.0009026165353134,32758.0,1.5991265773773211
seeded_ic_v1,44980010,-0.006706,0.027246,-3.890225,9.815707,0.709514,0.30509102,adaptive_ramp_v1,18.0,0.08,11.444766998291016,adaptive_brake,0.1533003747463226,0.1985824406147003,0.4539170861244201,0.0338966995477676,0.0324155800044536,-0.2219643294811248,-0.1611396819353103,0.5217617154121399,-5.352406978607178,4.025637626647949,0.2563104629516601,1.95307457447052,31751,32745,32929,32505,0.95,qplite_builtin,opp_m2_10000,0,10000,0,0,1.0911999999999973,0.352,0.0660869279712977,0.015256960876286,-0.0045867436565458,0.0253760907799005,0.724005401134491,0.0003532590344548,-0.0003530000976752,-0.0042478055693209,-0.015256960876286,0.0009026165353134,32758.0,1.618962764739992
seeded_ic_v1,44980010,-0.006706,0.027246,-3.890225,9.815707,0.709514,0.30509102,adaptive_ramp_v1,18.0,0.08,11.445554971694946,adaptive_brake,0.1533003747463226,0.1985824406147003,0.4539170861244201,0.0338966995477676,0.0324155800044536,-0.2219643294811248,-0.0811338350176811,0.5164163708686829,-5.313351154327393,3.903447151184082,0.5772432088851929,1.953124761581421,31751,32745,32929,32505,0.95,qplite_builtin,opp_m2_10000,0,10000,0,0,1.0911999999999973,0.352,0.0660869279712977,0.015256960876286,-0.0045867436565458,0.0253760907799005,0.724005401134491,0.0003532590344548,-0.0003530000976752,-0.0042478055693209,-0.015256960876286,0.0009026165353134,32758.0,1.6197507381439227
seeded_ic_v1,44980010,-0.006706,0.027246,-3.890225,9.815707,0.709514,0.30509102,adaptive_ramp_v1,18.0,0.08,11.445831537246704,adaptive_brake,0.1533003747463226,0.1985824406147003,0.4539170861244201,0.0338966995477676,0.0324155800044536,-0.2219643294811248,-0.0811338350176811,0.5164163708686829,-5.313351154327393,3.903447151184082,0.5772432088851929,1.953124761581421,31797,32771,32917,32505,0.95,qplite_builtin,opp_m2_10000,0,10000,0,0,1.0911999999999973,0.352,0.0660869279712977,0.015256960876286,-0.0045867436565458,0.0253760907799005,0.724005401134491,0.0003532590344548,-0.0003530000976752,-0.0042478055693209,-0.015256960876286,0.0009026165353134,32758.0,1.6200273036956805
seeded_ic_v1,44980010,-0.006706,0.027246,-3.890225,9.815707,0.709514,0.30509102,adaptive_ramp_v1,18.0,0.08,11.465536117553713,adaptive_brake,0.1539538502693176,0.1992842704057693,0.4492761790752411,0.0319126211106777,0.0328735448420047,-0.2226588726043701,-0.0811338350176811,0.5164163708686829,-5.313351154327393,3.903447151184082,0.5772432088851929,1.953124761581421,31797,32771,32917,32505,0.95,qplite_builtin,opp_m2_10000,0,10000,0,0,1.0911999999999973,0.352,0.0660869279712977,0.015256960876286,-0.0045867436565458,0.0253760907799005,0.724005401134491,0.0003532590344548,-0.0003530000976752,-0.0042478055693209,-0.015256960876286,0.0009026165353134,32758.0,1.639731884002689
seeded_ic_v1,44980010,-0.006706,0.027246,-3.890225,9.815707,0.709514,0.30509102,adaptive_ramp_v1,18.0,0.08,11.46573281288147,adaptive_brake,0.1539538502693176,0.1992842704057693,0.4492761790752411,0.0319126211106777,0.0328735448420047,-0.2226588726043701,0.00032591301715,0.5042263865470886,-5.2724289894104,3.726627349853516,0.8217353820800781,1.917027235031128,31797,32771,32917,32505,0.95,qplite_builtin,opp_m2_10000,0,10000,0,0,1.0911999999999973,0.352,0.0660869279712977,0.015256960876286,-0.0045867436565458,0.0253760907799005,0.724005401134491,0.0003532590344548,-0.0003530000976752,-0.0042478055693209,-0.015256960876286,0.0009026165353134,32758.0,1.6399285793304461
seeded_ic_v1,44980010,-0.006706,0.027246,-3.890225,9.815707,0.709514,0.30509102,adaptive_ramp_v1,18.0,0.08,11.465796709060667,adaptive_brake,0.1539538502693176,0.1992842704057693,0.4492761790752411,0.0319126211106777,0.0328735448420047,-0.2226588726043701,0.00032591301715,0.5042263865470886,-5.2724289894104,3.726627349853516,0.8217353820800781,1.917027235031128,31825,32797,32911,32505,0.95,qplite_builtin,opp_m2_10000,0,10000,0,0,1.0911999999999973,0.352,0.0660869279712977,0.015256960876286,-0.0045867436565458,0.0253760907799005,0.724005401134491,0.0003532590344548,-0.0003530000976752,-0.0042478055693209,-0.015256960876286,0.0009026165353134,32758.0,1.6399924755096436
seeded_ic_v1,44980010,-0.006706,0.027246,-3.890225,9.815707,0.709514,0.30509102,adaptive_ramp_v1,18.0,0.08,11.485625267028809,adaptive_brake,0.154534101486206,0.1999479830265045,0.4448583126068115,0.0300276800990104,0.0329841822385787,-0.2231457084417343,0.00032591301715,0.5042263865470886,-5.2724289894104,3.726627349853516,0.8217353820800781,1.917027235031128,31825,32797,32911,32505,0.95,qplite_builtin,opp_m2_10000,0,10000,0,0,1.0911999999999973,0.352,0.0660869279712977,0.015256960876286,-0.0045867436565458,0.0253760907799005,0.724005401134491,0.0003532590344548,-0.0003530000976752,-0.0042478055693209,-0.015256960876286,0.0009026165353134,32758.0,1.659821033477785
seeded_ic_v1,44980010,-0.006706,0.027246,-3.890225,9.815707,0.709514,0.30509102,adaptive_ramp_v1,18.0,0.08,11.485826253890991,adaptive_brake,0.154534101486206,0.1999479830265045,0.4448583126068115,0.0300276800990104,0.0329841822385787,-0.2231457084417343,0.0744814276695251,0.4876396358013153,-5.234175205230713,3.4979350566864014,1.0796887874603271,1.9487141370773315,31825,32797,32911,32505,0.95,qplite_builtin,opp_m2_10000,0,10000,0,0,1.0911999999999973,0.352,0.0660869279712977,0.015256960876286,-0.0045867436565458,0.0253760907799005,0.724005401134491,0.0003532590344548,-0.0003530000976752,-0.0042478055693209,-0.015256960876286,0.0009026165353134,32758.0,1.6600220203399676
seeded_ic_v1,44980010,-0.006706,0.027246,-3.890225,9.815707,0.709514,0.30509102,adaptive_ramp_v1,18.0,0.08,11.48589324951172,adaptive_brake,0.154534101486206,0.1999479830265045,0.4448583126068115,0.0300276800990104,0.0329841822385787,-0.2231457084417343,0.0744814276695251,0.4876396358013153,-5.234175205230713,3.4979350566864014,1.0796887874603271,1.9487141370773315,31857,32785,32875,32505,0.95,qplite_builtin,opp_m2_10000,0,10000,0,0,1.0911999999999973,0.352,0.0660869279712977,0.015256960876286,-0.0045867436565458,0.0253760907799005,0.724005401134491,0.0003532590344548,-0.0003530000976752,-0.0042478055693209,-0.015256960876286,0.0009026165353134,32758.0,1.660089015960697
seeded_ic_v1,44980010,-0.006706,0.027246,-3.890225,9.815707,0.709514,0.30509102,adaptive_ramp_v1,18.0,0.08,11.505756616592407,adaptive_brake,0.1550789773464203,0.2006032019853592,0.440418392419815,0.0281906127929687,0.0328026786446571,-0.2236687988042831,0.0744814276695251,0.4876396358013153,-5.234175205230713,3.4979350566864014,1.0796887874603271,1.9487141370773315,31857,32785,32875,32505,0.95,qplite_builtin,opp_m2_10000,0,10000,0,0,1.0911999999999973,0.352,0.0660869279712977,0.015256960876286,-0.0045867436565458,0.0253760907799005,0.724005401134491,0.0003532590344548,-0.0003530000976752,-0.0042478055693209,-0.015256960876286,0.0009026165353134,32758.0,1.6799523830413836
seeded_ic_v1,44980010,-0.006706,0.027246,-3.890225,9.815707,0.709514,0.30509102,adaptive_ramp_v1,18.0,0.08,11.506024837493896,adaptive_brake,0.1550789773464203,0.2006032019853592,0.440418392419815,0.0281906127929687,0.0328026786446571,-0.2236687988042831,0.1442079991102218,0.4661107659339905,-5.1954755783081055,3.268738269805908,1.3104209899902344,1.9531303644180296,31857,32785,32875,32505,0.95,qplite_builtin,opp_m2_10000,0,10000,0,0,1.0911999999999973,0.352,0.0660869279712977,0.015256960876286,-0.0045867436565458,0.0253760907799005,0.724005401134491,0.0003532590344548,-0.0003530000976752,-0.0042478055693209,-0.015256960876286,0.0009026165353134,32758.0,1.6802206039428729
seeded_ic_v1,44980010,-0.006706,0.027246,-3.890225,9.815707,0.709514,0.30509102,adaptive_ramp_v1,18.0,0.08,11.506107807159424,adaptive_brake,0.1550789773464203,0.2006032019853592,0.440418392419815,0.0281906127929687,0.0328026786446571,-0.2236687988042831,0.1442079991102218,0.4661107659339905,-5.1954755783081055,3.268738269805908,1.3104209899902344,1.9531303644180296,31903,32797,32853,32505,0.95,qplite_builtin,opp_m2_10000,0,10000,0,0,1.0911999999999973,0.352,0.0660869279712977,0.015256960876286,-0.0045867436565458,0.0253760907799005,0.724005401134491,0.0003532590344548,-0.0003530000976752,-0.0042478055693209,-0.015256960876286,0.0009026165353134,32758.0,1.6803035736084002
seeded_ic_v1,44980010,-0.006706,0.027246,-3.890225,9.815707,0.709514,0.30509102,adaptive_ramp_v1,18.0,0.08,11.525721073150637,adaptive_brake,0.1555897295475006,0.2012449502944946,0.4359572231769562,0.0264199916273355,0.0323462001979351,-0.2242090851068496,0.1442079991102218,0.4661107659339905,-5.1954755783081055,3.268738269805908,1.3104209899902344,1.9531303644180296,31903,32797,32853,32505,0.95,qplite_builtin,opp_m2_10000,0,10000,0,0,1.0911999999999973,0.352,0.0660869279712977,0.015256960876286,-0.0045867436565458,0.0253760907799005,0.724005401134491,0.0003532590344548,-0.0003530000976752,-0.0042478055693209,-0.015256960876286,0.0009026165353134,32758.0,1.699916839599613
seeded_ic_v1,44980010,-0.006706,0.027246,-3.890225,9.815707,0.709514,0.30509102,adaptive_ramp_v1,18.0,0.08,11.525852918624878,adaptive_brake,0.1555897295475006,0.2012449502944946,0.4359572231769562,0.0264199916273355,0.0323462001979351,-0.2242090851068496,0.2089260667562484,0.4400303661823272,-5.156331062316895,2.9004573822021484,1.5063226222991943,1.953124761581421,31903,32797,32853,32505,0.95,qplite_builtin,opp_m2_10000,0,10000,0,0,1.0911999999999973,0.352,0.0660869279712977,0.015256960876286,-0.0045867436565458,0.0253760907799005,0.724005401134491,0.0003532590344548,-0.0003530000976752,-0.0042478055693209,-0.015256960876286,0.0009026165353134,32758.0,1.7000486850738543
seeded_ic_v1,44980010,-0.006706,0.027246,-3.890225,9.815707,0.709514,0.30509102,adaptive_ramp_v1,18.0,0.08,11.525890827178957,adaptive_brake,0.1555897295475006,0.2012449502944946,0.4359572231769562,0.0264199916273355,0.0323462001979351,-0.2242090851068496,0.2089260667562484,0.4400303661823272,-5.156331062316895,2.9004573822021484,1.5063226222991943,1.953124761581421,31947,32827,32851,32505,0.95,qplite_builtin,opp_m2_10000,0,10000,0,0,1.0911999999999973,0.352,0.0660869279712977,0.015256960876286,-0.0045867436565458,0.0253760907799005,0.724005401134491,0.0003532590344548,-0.0003530000976752,-0.0042478055693209,-0.015256960876286,0.0009026165353134,32758.0,1.7000865936279332
seeded_ic_v1,44980010,-0.006706,0.027246,-3.890225,9.815707,0.709514,0.30509102,adaptive_ramp_v1,18.0,0.08,11.545640230178831,adaptive_brake,0.1560679674148559,0.2018686234951019,0.4314781427383423,0.0247327163815498,0.0316356644034385,-0.2246741503477096,0.2089260667562484,0.4400303661823272,-5.156331062316895,2.9004573822021484,1.5063226222991943,1.953124761581421,31947,32827,32851,32505,0.95,qplite_builtin,opp_m2_10000,0,10000,0,0,1.0911999999999973,0.352,0.0660869279712977,0.015256960876286,-0.0045867436565458,0.0253760907799005,0.724005401134491,0.0003532590344548,-0.0003530000976752,-0.0042478055693209,-0.015256960876286,0.0009026165353134,32758.0,1.7198359966278076
seeded_ic_v1,44980010,-0.006706,0.027246,-3.890225,9.815707,0.709514,0.30509102,adaptive_ramp_v1,18.0,0.08,11.546106815338137,adaptive_brake,0.1560679674148559,0.2018686234951019,0.4314781427383423,0.0247327163815498,0.0316356644034385,-0.2246741503477096,0.2664061784744262,0.4101184904575348,-5.117141246795654,2.5820953845977783,1.650165557861328,1.953124761581421,31947,32827,32851,32505,0.95,qplite_builtin,opp_m2_10000,0,10000,0,0,1.0911999999999973,0.352,0.0660869279712977,0.015256960876286,-0.0045867436565458,0.0253760907799005,0.724005401134491,0.0003532590344548,-0.0003530000976752,-0.0042478055693209,-0.015256960876286,0.0009026165353134,32758.0,1.720302581787113
seeded_ic_v1,44980010,-0.006706,0.027246,-3.890225,9.815707,0.709514,0.30509102,adaptive_ramp_v1,18.0,0.08,11.54631781578064,adaptive_brake,0.1560679674148559,0.2018686234951019,0.4314781427383423,0.0247327163815498,0.0316356644034385,-0.2246741503477096,0.2664061784744262,0.4101184904575348,-5.117141246795654,2.5820953845977783,1.650165557861328,1.953124761581421,31961,32791,32813,32505,0.95,qplite_builtin,opp_m2_10000,0,10000,0,0,1.0911999999999973,0.352,0.0660869279712977,0.015256960876286,-0.0045867436565458,0.0253760907799005,0.724005401134491,0.0003532590344548,-0.0003530000976752,-0.0042478055693209,-0.015256960876286,0.0009026165353134,32758.0,1.720513582229616
seeded_ic_v1,44980010,-0.006706,0.027246,-3.890225,9.815707,0.709514,0.30509102,adaptive_ramp_v1,18.0,0.08,11.566822052001951,adaptive_brake,0.1565156579017639,0.202470064163208,0.426980972290039,0.023146104067564,0.0306985396891832,-0.2253304421901703,0.2664061784744262,0.4101184904575348,-5.117141246795654,2.5820953845977783,1.650165557861328,1.953124761581421,31961,32791,32813,32505,0.95,qplite_builtin,opp_m2_10000,0,10000,0,0,1.0911999999999973,0.352,0.0660869279712977,0.015256960876286,-0.0045867436565458,0.0253760907799005,0.724005401134491,0.0003532590344548,-0.0003530000976752,-0.0042478055693209,-0.015256960876286,0.0009026165353134,32758.0,1.7410178184509277
seeded_ic_v1,44980010,-0.006706,0.027246,-3.890225,9.815707,0.709514,0.30509102,adaptive_ramp_v1,18.0,0.08,11.567004680633543,adaptive_brake,0.1565156579017639,0.202470064163208,0.426980972290039,0.023146104067564,0.0306985396891832,-0.2253304421901703,0.3176178336143493,0.3774335384368896,-5.077982425689697,2.247070789337158,1.7209768295288086,1.892012119293213,31961,32791,32813,32505,0.95,qplite_builtin,opp_m2_10000,0,10000,0,0,1.0911999999999973,0.352,0.0660869279712977,0.015256960876286,-0.0045867436565458,0.0253760907799005,0.724005401134491,0.0003532590344548,-0.0003530000976752,-0.0042478055693209,-0.015256960876286,0.0009026165353134,32758.0,1.7412004470825195
seeded_ic_v1,44980010,-0.006706,0.027246,-3.890225,9.815707,0.709514,0.30509102,adaptive_ramp_v1,18.0,0.08,11.567078113555908,adaptive_brake,0.1565156579017639,0.202470064163208,0.426980972290039,0.023146104067564,0.0306985396891832,-0.2253304421901703,0.3176178336143493,0.3774335384368896,-5.077982425689697,2.247070789337158,1.7209768295288086,1.892012119293213,31961,32811,32797,32505,0.95,qplite_builtin,opp_m2_10000,0,10000,0,0,1.0911999999999973,0.352,0.0660869279712977,0.015256960876286,-0.0045867436565458,0.0253760907799005,0.724005401134491,0.0003532590344548,-0.0003530000976752,-0.0042478055693209,-0.015256960876286,0.0009026165353134,32758.0,1.7412738800048846
seeded_ic_v1,44980010,-0.006706,0.027246,-3.890225,9.815707,0.709514,0.30509102,adaptive_ramp_v1,18.0,0.08,11.58473300933838,adaptive_brake,0.1569578051567077,0.2030751854181289,0.4223116636276245,0.0216021314263343,0.0295055136084556,-0.2254656553268432,0.3176178336143493,0.3774335384368896,-5.077982425689697,2.247070789337158,1.7209768295288086,1.892012119293213,31961,32811,32797,32505,0.95,qplite_builtin,opp_m2_10000,0,10000,0,0,1.0911999999999973,0.352,0.0660869279712977,0.015256960876286,-0.0045867436565458,0.0253760907799005,0.724005401134491,0.0003532590344548,-0.0003530000976752,-0.0042478055693209,-0.015256960876286,0.0009026165353134,32758.0,1.758928775787357
seeded_ic_v1,44980010,-0.006706,0.027246,-3.890225,9.815707,0.709514,0.30509102,adaptive_ramp_v1,18.0,0.08,11.584920406341553,adaptive_brake,0.1569578051567077,0.2030751854181289,0.4223116636276245,0.0216021314263343,0.0295055136084556,-0.2254656553268432,0.3646616041660309,0.3412151336669922,-5.038028240203857,1.970892310142517,1.8311150074005127,1.8920894861221316,31961,32811,32797,32505,0.95,qplite_builtin,opp_m2_10000,0,10000,0,0,1.0911999999999973,0.352,0.0660869279712977,0.015256960876286,-0.0045867436565458,0.0253760907799005,0.724005401134491,0.0003532590344548,-0.0003530000976752,-0.0042478055693209,-0.015256960876286,0.0009026165353134,32758.0,1.7591161727905291
seeded_ic_v1,44980010,-0.006706,0.027246,-3.890225,9.815707,0.709514,0.30509102,adaptive_ramp_v1,18.0,0.08,11.584994554519652,adaptive_brake,0.1569578051567077,0.2030751854181289,0.4223116636276245,0.0216021314263343,0.0295055136084556,-0.2254656553268432,0.3646616041660309,0.3412151336669922,-5.038028240203857,1.970892310142517,1.8311150074005127,1.8920894861221316,32035,32847,32787,32505,0.95,qplite_builtin,opp_m2_10000,0,10000,0,0,1.0911999999999973,0.352,0.0660869279712977,0.015256960876286,-0.0045867436565458,0.0253760907799005,0.724005401134491,0.0003532590344548,-0.0003530000976752,-0.0042478055693209,-0.015256960876286,0.0009026165353134,32758.0,1.759190320968628
seeded_ic_v1,44980010,-0.006706,0.027246,-3.890225,9.815707,0.709514,0.30509102,adaptive_ramp_v1,18.0,0.08,11.604743957519531,adaptive_brake,0.1573412865400314,0.203611135482788,0.4178007841110229,0.0202146079391241,0.0281356051564216,-0.2260171175003051,0.3646616041660309,0.3412151336669922,-5.038028240203857,1.970892310142517,1.8311150074005127,1.8920894861221316,32035,32847,32787,32505,0.95,qplite_builtin,opp_m2_10000,0,10000,0,0,1.0911999999999973,0.352,0.0660869279712977,0.015256960876286,-0.0045867436565458,0.0253760907799005,0.724005401134491,0.0003532590344548,-0.0003530000976752,-0.0042478055693209,-0.015256960876286,0.0009026165353134,32758.0,1.7789397239685076
seeded_ic_v1,44980010,-0.006706,0.027246,-3.890225,9.815707,0.709514,0.30509102,adaptive_ramp_v1,18.0,0.08,11.604870319366457,adaptive_brake,0.1573412865400314,0.203611135482788,0.4178007841110229,0.0202146079391241,0.0281356051564216,-0.2260171175003051,0.4030192196369171,0.3046225309371948,-4.99993896484375,1.6027506589889526,1.9678003787994385,1.8920899629592896,32035,32847,32787,32505,0.95,qplite_builtin,opp_m2_10000,0,10000,0,0,1.0911999999999973,0.352,0.0660869279712977,0.015256960876286,-0.0045867436565458,0.0253760907799005,0.724005401134491,0.0003532590344548,-0.0003530000976752,-0.0042478055693209,-0.015256960876286,0.0009026165353134,32758.0,1.7790660858154332
seeded_ic_v1,44980010,-0.006706,0.027246,-3.890225,9.815707,0.709514,0.30509102,adaptive_ramp_v1,18.0,0.08,11.60490608215332,adaptive_brake,0.1573412865400314,0.203611135482788,0.4178007841110229,0.0202146079391241,0.0281356051564216,-0.2260171175003051,0.4030192196369171,0.3046225309371948,-4.99993896484375,1.6027506589889526,1.9678003787994385,1.8920899629592896,32019,32767,32731,32505,0.95,qplite_builtin,opp_m2_10000,0,10000,0,0,1.0911999999999973,0.352,0.0660869279712977,0.015256960876286,-0.0045867436565458,0.0253760907799005,0.724005401134491,0.0003532590344548,-0.0003530000976752,-0.0042478055693209,-0.015256960876286,0.0009026165353134,32758.0,1.7791018486022967
seeded_ic_v1,44980010,-0.006706,0.027246,-3.890225,9.815707,0.709514,0.30509102,adaptive_ramp_v1,18.0,0.08,11.626428365707396,adaptive_brake,0.157707467675209,0.2041211277246475,0.4132906496524811,0.0189825408160686,0.0266428776085376,-0.2265829443931579,0.4030192196369171,0.3046225309371948,-4.99993896484375,1.6027506589889526,1.9678003787994385,1.8920899629592896,32019,32767,32731,32505,0.95,qplite_builtin,opp_m2_10000,0,10000,0,0,1.0911999999999973,0.352,0.0660869279712977,0.015256960876286,-0.0045867436565458,0.0253760907799005,0.724005401134491,0.0003532590344548,-0.0003530000976752,-0.0042478055693209,-0.015256960876286,0.0009026165353134,32758.0,1.800624132156372
seeded_ic_v1,44980010,-0.006706,0.027246,-3.890225,9.815707,0.709514,0.30509102,adaptive_ramp_v1,18.0,0.08,11.627763748168944,adaptive_brake,0.157707467675209,0.2041211277246475,0.4132906496524811,0.0189825408160686,0.0266428776085376,-0.2265829443931579,0.4340678751468658,0.2652554214000702,-4.9618072509765625,1.2092682123184204,2.077258825302124,1.8920899629592896,32019,32767,32731,32505,0.95,qplite_builtin,opp_m2_10000,0,10000,0,0,1.0911999999999973,0.352,0.0660869279712977,0.015256960876286,-0.0045867436565458,0.0253760907799005,0.724005401134491,0.0003532590344548,-0.0003530000976752,-0.0042478055693209,-0.015256960876286,0.0009026165353134,32758.0,1.80195951461792
seeded_ic_v1,44980010,-0.006706,0.027246,-3.890225,9.815707,0.709514,0.30509102,adaptive_ramp_v1,18.0,0.08,11.627938747406006,adaptive_brake,0.157707467675209,0.2041211277246475,0.4132906496524811,0.0189825408160686,0.0266428776085376,-0.2265829443931579,0.4340678751468658,0.2652554214000702,-4.9618072509765625,1.2092682123184204,2.077258825302124,1.8920899629592896,32015,32733,32693,32505,0.95,qplite_builtin,opp_m2_10000,0,10000,0,0,1.0911999999999973,0.352,0.0660869279712977,0.015256960876286,-0.0045867436565458,0.0253760907799005,0.724005401134491,0.0003532590344548,-0.0003530000976752,-0.0042478055693209,-0.015256960876286,0.0009026165353134,32758.0,1.8021345138549822
seeded_ic_v1,44980010,-0.006706,0.027246,-3.890225,9.815707,0.709514,0.30509102,adaptive_ramp_v1,18.0,0.08,11.645188093185425,adaptive_brake,0.1580889821052551,0.2046506851911544,0.4083849191665649,0.017791748046875,0.0248981937766075,-0.2270452976226806,0.4340678751468658,0.2652554214000702,-4.9618072509765625,1.2092682123184204,2.077258825302124,1.8920899629592896,32015,32733,32693,32505,0.95,qplite_builtin,opp_m2_10000,0,10000,0,0,1.0911999999999973,0.352,0.0660869279712977,0.015256960876286,-0.0045867436565458,0.0253760907799005,0.724005401134491,0.0003532590344548,-0.0003530000976752,-0.0042478055693209,-0.015256960876286,0.0009026165353134,32758.0,1.8193838596344012
seeded_ic_v1,44980010,-0.006706,0.027246,-3.890225,9.815707,0.709514,0.30509102,adaptive_ramp_v1,18.0,0.08,11.64566707611084,adaptive_brake,0.1580889821052551,0.2046506851911544,0.4083849191665649,0.017791748046875,0.0248981937766075,-0.2270452976226806,0.459690123796463,0.2199971973896026,-4.9195990562438965,0.8741620182991028,2.075197458267212,1.9513084888458248,32015,32733,32693,32505,0.95,qplite_builtin,opp_m2_10000,0,10000,0,0,1.0911999999999973,0.352,0.0660869279712977,0.015256960876286,-0.0045867436565458,0.0253760907799005,0.724005401134491,0.0003532590344548,-0.0003530000976752,-0.0042478055693209,-0.015256960876286,0.0009026165353134,32758.0,1.8198628425598162
seeded_ic_v1,44980010,-0.006706,0.027246,-3.890225,9.815707,0.709514,0.30509102,adaptive_ramp_v1,18.0,0.08,11.645764112472534,adaptive_brake,0.1580889821052551,0.2046506851911544,0.4083849191665649,0.017791748046875,0.0248981937766075,-0.2270452976226806,0.459690123796463,0.2199971973896026,-4.9195990562438965,0.8741620182991028,2.075197458267212,1.9513084888458248,32067,32717,32689,32505,0.95,qplite_builtin,opp_m2_10000,0,10000,0,0,1.0911999999999973,0.352,0.0660869279712977,0.015256960876286,-0.0045867436565458,0.0253760907799005,0.724005401134491,0.0003532590344548,-0.0003530000976752,-0.0042478055693209,-0.015256960876286,0.0009026165353134,32758.0,1.8199598789215106
seeded_ic_v1,44980010,-0.006706,0.027246,-3.890225,9.815707,0.709514,0.30509102,adaptive_ramp_v1,18.0,0.08,11.66463041305542,adaptive_brake,0.1584094315767288,0.2050820291042328,0.4039176404476166,0.0168369486927986,0.0231523141264915,-0.2274495810270309,0.459690123796463,0.2199971973896026,-4.9195990562438965,0.8741620182991028,2.075197458267212,1.9513084888458248,32067,32717,32689,32505,0.95,qplite_builtin,opp_m2_10000,0,10000,0,0,1.0911999999999973,0.352,0.0660869279712977,0.015256960876286,-0.0045867436565458,0.0253760907799005,0.724005401134491,0.0003532590344548,-0.0003530000976752,-0.0042478055693209,-0.015256960876286,0.0009026165353134,32758.0,1.8388261795043963
seeded_ic_v1,44980010,-0.006706,0.027246,-3.890225,9.815707,0.709514,0.30509102,adaptive_ramp_v1,18.0,0.08,11.664790153503418,adaptive_brake,0.1584094315767288,0.2050820291042328,0.4039176404476166,0.0168369486927986,0.0231523141264915,-0.2274495810270309,0.4756720066070556,0.1788077801465988,-4.880939960479736,0.5371213555335999,2.075194835662842,1.891602158546448,32067,32717,32689,32505,0.95,qplite_builtin,opp_m2_10000,0,10000,0,0,1.0911999999999973,0.352,0.0660869279712977,0.015256960876286,-0.0045867436565458,0.0253760907799005,0.724005401134491,0.0003532590344548,-0.0003530000976752,-0.0042478055693209,-0.015256960876286,0.0009026165353134,32758.0,1.8389859199523944
seeded_ic_v1,44980010,-0.006706,0.027246,-3.890225,9.815707,0.709514,0.30509102,adaptive_ramp_v1,18.0,0.08,11.664851188659668,adaptive_brake,0.1584094315767288,0.2050820291042328,0.4039176404476166,0.0168369486927986,0.0231523141264915,-0.2274495810270309,0.4756720066070556,0.1788077801465988,-4.880939960479736,0.5371213555335999,2.075194835662842,1.891602158546448,32069,32691,32645,32505,0.95,qplite_builtin,opp_m2_10000,0,10000,0,0,1.0911999999999973,0.352,0.0660869279712977,0.015256960876286,-0.0045867436565458,0.0253760907799005,0.724005401134491,0.0003532590344548,-0.0003530000976752,-0.0042478055693209,-0.015256960876286,0.0009026165353134,32758.0,1.8390469551086444
seeded_ic_v1,44980010,-0.006706,0.027246,-3.890225,9.815707,0.709514,0.30509102,adaptive_ramp_v1,18.0,0.08,11.684561729431152,adaptive_brake,0.1587173044681549,0.2054790556430816,0.3994143307209015,0.0160427503287792,0.021352095529437,-0.2279565036296844,0.4756720066070556,0.1788077801465988,-4.880939960479736,0.5371213555335999,2.075194835662842,1.891602158546448,32069,32691,32645,32505,0.95,qplite_builtin,opp_m2_10000,0,10000,0,0,1.0911999999999973,0.352,0.0660869279712977,0.015256960876286,-0.0045867436565458,0.0253760907799005,0.724005401134491,0.0003532590344548,-0.0003530000976752,-0.0042478055693209,-0.015256960876286,0.0009026165353134,32758.0,1.8587574958801287
seeded_ic_v1,44980010,-0.006706,0.027246,-3.890225,9.815707,0.709514,0.30509102,adaptive_ramp_v1,18.0,0.08,11.684770584106444,adaptive_brake,0.1587173044681549,0.2054790556430816,0.3994143307209015,0.0160427503287792,0.021352095529437,-0.2279565036296844,0.4844460487365722,0.1376228481531143,-4.842740058898926,0.1710793673992157,2.075194835662842,1.8920884132385252,32069,32691,32645,32505,0.95,qplite_builtin,opp_m2_10000,0,10000,0,0,1.0911999999999973,0.352,0.0660869279712977,0.015256960876286,-0.0045867436565458,0.0253760907799005,0.724005401134491,0.0003532590344548,-0.0003530000976752,-0.0042478055693209,-0.015256960876286,0.0009026165353134,32758.0,1.85896635055542
seeded_ic_v1,44980010,-0.006706,0.027246,-3.890225,9.815707,0.709514,0.30509102,adaptive_ramp_v1,18.0,0.08,11.684831857681274,adaptive_brake,0.1587173044681549,0.2054790556430816,0.3994143307209015,0.0160427503287792,0.021352095529437,-0.2279565036296844,0.4844460487365722,0.1376228481531143,-4.842740058898926,0.1710793673992157,2.075194835662842,1.8920884132385252,32063,32631,32607,32505,0.95,qplite_builtin,opp_m2_10000,0,10000,0,0,1.0911999999999973,0.352,0.0660869279712977,0.015256960876286,-0.0045867436565458,0.0253760907799005,0.724005401134491,0.0003532590344548,-0.0003530000976752,-0.0042478055693209,-0.015256960876286,0.0009026165353134,32758.0,1.8590276241302508
seeded_ic_v1,44980010,-0.006706,0.027246,-3.890225,9.815707,0.709514,0.30509102,adaptive_ramp_v1,18.0,0.08,11.704574823379517,adaptive_brake,0.1590154618024826,0.20584137737751,0.3948763012886047,0.0154098169878125,0.0195249766111373,-0.2286691814661026,0.4844460487365722,0.1376228481531143,-4.842740058898926,0.1710793673992157,2.075194835662842,1.8920884132385252,32063,32631,32607,32505,0.95,qplite_builtin,opp_m2_10000,0,10000,0,0,1.0911999999999973,0.352,0.0660869279712977,0.015256960876286,-0.0045867436565458,0.0253760907799005,0.724005401134491,0.0003532590344548,-0.0003530000976752,-0.0042478055693209,-0.015256960876286,0.0009026165353134,32758.0,1.878770589828493
seeded_ic_v1,44980010,-0.006706,0.027246,-3.890225,9.815707,0.709514,0.30509102,adaptive_ramp_v1,18.0,0.08,11.704833984375,adaptive_brake,0.1590154618024826,0.20584137737751,0.3948763012886047,0.0154098169878125,0.0195249766111373,-0.2286691814661026,0.4863842725753784,0.0964563190937042,-4.80454683303833,-0.1050301119685173,2.011860609054565,1.892089605331421,32063,32631,32607,32505,0.95,qplite_builtin,opp_m2_10000,0,10000,0,0,1.0911999999999973,0.352,0.0660869279712977,0.015256960876286,-0.0045867436565458,0.0253760907799005,0.724005401134491,0.0003532590344548,-0.0003530000976752,-0.0042478055693209,-0.015256960876286,0.0009026165353134,32758.0,1.8790297508239764
seeded_ic_v1,44980010,-0.006706,0.027246,-3.890225,9.815707,0.709514,0.30509102,adaptive_ramp_v1,18.0,0.08,11.704934120178224,adaptive_brake,0.1590154618024826,0.20584137737751,0.3948763012886047,0.0154098169878125,0.0195249766111373,-0.2286691814661026,0.4863842725753784,0.0964563190937042,-4.80454683303833,-0.1050301119685173,2.011860609054565,1.892089605331421,32055,32593,32581,32505,0.95,qplite_builtin,opp_m2_10000,0,10000,0,0,1.0911999999999973,0.352,0.0660869279712977,0.015256960876286,-0.0045867436565458,0.0253760907799005,0.724005401134491,0.0003532590344548,-0.0003530000976752,-0.0042478055693209,-0.015256960876286,0.0009026165353134,32758.0,1.8791298866272008
seeded_ic_v1,44980010,-0.006706,0.027246,-3.890225,9.815707,0.709514,0.30509102,adaptive_ramp_v1,18.0,0.08,11.725102186203005,adaptive_brake,0.1593068242073059,0.2061690241098404,0.3903024792671203,0.014937269501388,0.0176957547664642,-0.2296518981456756,0.4863842725753784,0.0964563190937042,-4.80454683303833,-0.1050301119685173,2.011860609054565,1.892089605331421,32055,32593,32581,32505,0.95,qplite_builtin,opp_m2_10000,0,10000,0,0,1.0911999999999973,0.352,0.0660869279712977,0.015256960876286,-0.0045867436565458,0.0253760907799005,0.724005401134491,0.0003532590344548,-0.0003530000976752,-0.0042478055693209,-0.015256960876286,0.0009026165353134,32758.0,1.899297952651981
seeded_ic_v1,44980010,-0.006706,0.027246,-3.890225,9.815707,0.709514,0.30509102,adaptive_ramp_v1,18.0,0.08,11.72539496421814,adaptive_brake,0.1593068242073059,0.2061690241098404,0.3903024792671203,0.014937269501388,0.0176957547664642,-0.2296518981456756,0.4825980961322784,0.0565077327191829,-4.76705265045166,-0.4287213087081909,1.9504364728927608,1.831138610839844,32055,32593,32581,32505,0.95,qplite_builtin,opp_m2_10000,0,10000,0,0,1.0911999999999973,0.352,0.0660869279712977,0.015256960876286,-0.0045867436565458,0.0253760907799005,0.724005401134491,0.0003532590344548,-0.0003530000976752,-0.0042478055693209,-0.015256960876286,0.0009026165353134,32758.0,1.899590730667116
seeded_ic_v1,44980010,-0.006706,0.027246,-3.890225,9.815707,0.709514,0.30509102,adaptive_ramp_v1,18.0,0.08,11.725529193878174,adaptive_brake,0.1593068242073059,0.2061690241098404,0.3903024792671203,0.014937269501388,0.0176957547664642,-0.2296518981456756,0.4825980961322784,0.0565077327191829,-4.76705265045166,-0.4287213087081909,1.9504364728927608,1.831138610839844,32011,32509,32525,32505,0.95,qplite_builtin,opp_m2_10000,0,10000,0,0,1.0911999999999973,0.352,0.0660869279712977,0.015256960876286,-0.0045867436565458,0.0253760907799005,0.724005401134491,0.0003532590344548,-0.0003530000976752,-0.0042478055693209,-0.015256960876286,0.0009026165353134,32758.0,1.8997249603271502
seeded_ic_v1,44980010,-0.006706,0.027246,-3.890225,9.815707,0.709514,0.30509102,adaptive_ramp_v1,18.0,0.08,11.744799375534058,adaptive_brake,0.1595941334962844,0.206462487578392,0.3856915831565857,0.0146204307675361,0.0158861894160509,-0.2308359891176223,0.4825980961322784,0.0565077327191829,-4.76705265045166,-0.4287213087081909,1.9504364728927608,1.831138610839844,32011,32509,32525,32505,0.95,qplite_builtin,opp_m2_10000,0,10000,0,0,1.0911999999999973,0.352,0.0660869279712977,0.015256960876286,-0.0045867436565458,0.0253760907799005,0.724005401134491,0.0003532590344548,-0.0003530000976752,-0.0042478055693209,-0.015256960876286,0.0009026165353134,32758.0,1.918995141983034
seeded_ic_v1,44980010,-0.006706,0.027246,-3.890225,9.815707,0.709514,0.30509102,adaptive_ramp_v1,18.0,0.08,11.745166301727297,adaptive_brake,0.1595941334962844,0.206462487578392,0.3856915831565857,0.0146204307675361,0.0158861894160509,-0.2308359891176223,0.4730777144432068,0.0182066094130277,-4.7301106452941895,-0.6154675483703613,1.835326075553894,1.8310548067092896,32011,32509,32525,32505,0.95,qplite_builtin,opp_m2_10000,0,10000,0,0,1.0911999999999973,0.352,0.0660869279712977,0.015256960876286,-0.0045867436565458,0.0253760907799005,0.724005401134491,0.0003532590344548,-0.0003530000976752,-0.0042478055693209,-0.015256960876286,0.0009026165353134,32758.0,1.919362068176273
seeded_ic_v1,44980010,-0.006706,0.027246,-3.890225,9.815707,0.709514,0.30509102,adaptive_ramp_v1,18.0,0.08,11.745744228363035,adaptive_brake,0.1595941334962844,0.206462487578392,0.3856915831565857,0.0146204307675361,0.0158861894160509,-0.2308359891176223,0.4730777144432068,0.0182066094130277,-4.7301106452941895,-0.6154675483703613,1.835326075553894,1.8310548067092896,32039,32527,32527,32505,0.95,qplite_builtin,opp_m2_10000,0,10000,0,0,1.0911999999999973,0.352,0.0660869279712977,0.015256960876286,-0.0045867436565458,0.0253760907799005,0.724005401134491,0.0003532590344548,-0.0003530000976752,-0.0042478055693209,-0.015256960876286,0.0009026165353134,32758.0,1.9199399948120117
seeded_ic_v1,44980010,-0.006706,0.027246,-3.890225,9.815707,0.709514,0.30509102,adaptive_ramp_v1,18.0,0.08,11.764764308929443,adaptive_brake,0.1598801761865615,0.2067226320505142,0.3810423612594604,0.0144525673240423,0.0141157088801264,-0.2322305589914322,0.4730777144432068,0.0182066094130277,-4.7301106452941895,-0.6154675483703613,1.835326075553894,1.8310548067092896,32039,32527,32527,32505,0.95,qplite_builtin,opp_m2_10000,0,10000,0,0,1.0911999999999973,0.352,0.0660869279712977,0.015256960876286,-0.0045867436565458,0.0253760907799005,0.724005401134491,0.0003532590344548,-0.0003530000976752,-0.0042478055693209,-0.015256960876286,0.0009026165353134,32758.0,1.9389600753784197
seeded_ic_v1,44980010,-0.006706,0.027246,-3.890225,9.815707,0.709514,0.30509102,adaptive_ramp_v1,18.0,0.08,11.764900207519531,adaptive_brake,0.1598801761865615,0.2067226320505142,0.3810423612594604,0.0144525673240423,0.0141157088801264,-0.2322305589914322,0.4596497714519501,-0.0178064703941345,-4.693195343017578,-0.8220072388648987,1.7132526636123655,1.8310548067092896,32039,32527,32527,32505,0.95,qplite_builtin,opp_m2_10000,0,10000,0,0,1.0911999999999973,0.352,0.0660869279712977,0.015256960876286,-0.0045867436565458,0.0253760907799005,0.724005401134491,0.0003532590344548,-0.0003530000976752,-0.0042478055693209,-0.015256960876286,0.0009026165353134,32758.0,1.9390959739685076
seeded_ic_v1,44980010,-0.006706,0.027246,-3.890225,9.815707,0.709514,0.30509102,adaptive_ramp_v1,18.0,0.08,11.764981508255005,adaptive_brake,0.1598801761865615,0.2067226320505142,0.3810423612594604,0.0144525673240423,0.0141157088801264,-0.2322305589914322,0.4596497714519501,-0.0178064703941345,-4.693195343017578,-0.8220072388648987,1.7132526636123655,1.8310548067092896,32025,32485,32499,32505,0.95,qplite_builtin,opp_m2_10000,0,10000,0,0,1.0911999999999973,0.352,0.0660869279712977,0.015256960876286,-0.0045867436565458,0.0253760907799005,0.724005401134491,0.0003532590344548,-0.0003530000976752,-0.0042478055693209,-0.015256960876286,0.0009026165353134,32758.0,1.9391772747039813
seeded_ic_v1,44980010,-0.006706,0.027246,-3.890225,9.815707,0.709514,0.30509102,adaptive_ramp_v1,18.0,0.08,11.784765481948853,adaptive_brake,0.1601674705743789,0.2069506496191024,0.3763536512851715,0.0144251519814133,0.0123991817235946,-0.233825534582138,0.4596497714519501,-0.0178064703941345,-4.693195343017578,-0.8220072388648987,1.7132526636123655,1.8310548067092896,32025,32485,32499,32505,0.95,qplite_builtin,opp_m2_10000,0,10000,0,0,1.0911999999999973,0.352,0.0660869279712977,0.015256960876286,-0.0045867436565458,0.0253760907799005,0.724005401134491,0.0003532590344548,-0.0003530000976752,-0.0042478055693209,-0.015256960876286,0.0009026165353134,32758.0,1.958961248397829
seeded_ic_v1,44980010,-0.006706,0.027246,-3.890225,9.815707,0.709514,0.30509102,adaptive_ramp_v1,18.0,0.08,11.784987926483154,adaptive_brake,0.1601674705743789,0.2069506496191024,0.3763536512851715,0.0144251519814133,0.0123991817235946,-0.233825534582138,0.4424291253089905,-0.051481757313013,-4.656308174133301,-1.018085241317749,1.5910297632217407,1.8310548067092896,32025,32485,32499,32505,0.95,qplite_builtin,opp_m2_10000,0,10000,0,0,1.0911999999999973,0.352,0.0660869279712977,0.015256960876286,-0.0045867436565458,0.0253760907799005,0.724005401134491,0.0003532590344548,-0.0003530000976752,-0.0042478055693209,-0.015256960876286,0.0009026165353134,32758.0,1.9591836929321307
seeded_ic_v1,44980010,-0.006706,0.027246,-3.890225,9.815707,0.709514,0.30509102,adaptive_ramp_v1,18.0,0.08,11.785049676895142,adaptive_brake,0.1601674705743789,0.2069506496191024,0.3763536512851715,0.0144251519814133,0.0123991817235946,-0.233825534582138,0.4424291253089905,-0.051481757313013,-4.656308174133301,-1.018085241317749,1.5910297632217407,1.8310548067092896,32013,32433,32475,32505,0.95,qplite_builtin,opp_m2_10000,0,10000,0,0,1.0911999999999973,0.352,0.0660869279712977,0.015256960876286,-0.0045867436565458,0.0253760907799005,0.724005401134491,0.0003532590344548,-0.0003530000976752,-0.0042478055693209,-0.015256960876286,0.0009026165353134,32758.0,1.959245443344118
seeded_ic_v1,44980010,-0.006706,0.027246,-3.890225,9.815707,0.709514,0.30509102,adaptive_ramp_v1,18.0,0.08,11.804589033126833,adaptive_brake,0.1604846864938736,0.2071670740842819,0.3712038099765777,0.0145266102626919,0.0105918683111667,-0.2355293184518814,0.4424291253089905,-0.051481757313013,-4.656308174133301,-1.018085241317749,1.5910297632217407,1.8310548067092896,32013,32433,32475,32505,0.95,qplite_builtin,opp_m2_10000,0,10000,0,0,1.0911999999999973,0.352,0.0660869279712977,0.015256960876286,-0.0045867436565458,0.0253760907799005,0.724005401134491,0.0003532590344548,-0.0003530000976752,-0.0042478055693209,-0.015256960876286,0.0009026165353134,32758.0,1.9787847995758092
seeded_ic_v1,44980010,-0.006706,0.027246,-3.890225,9.815707,0.709514,0.30509102,adaptive_ramp_v1,18.0,0.08,11.804794311523438,adaptive_brake,0.1604846864938736,0.2071670740842819,0.3712038099765777,0.0145266102626919,0.0105918683111667,-0.2355293184518814,0.4188386499881744,-0.0853172242641449,-4.615769863128662,-1.221540451049805,1.4371733665466309,1.8310548067092896,32013,32433,32475,32505,0.95,qplite_builtin,opp_m2_10000,0,10000,0,0,1.0911999999999973,0.352,0.0660869279712977,0.015256960876286,-0.0045867436565458,0.0253760907799005,0.724005401134491,0.0003532590344548,-0.0003530000976752,-0.0042478055693209,-0.015256960876286,0.0009026165353134,32758.0,1.9789900779724139
seeded_ic_v1,44980010,-0.006706,0.027246,-3.890225,9.815707,0.709514,0.30509102,adaptive_ramp_v1,18.0,0.08,11.804874658584597,adaptive_brake,0.1604846864938736,0.2071670740842819,0.3712038099765777,0.0145266102626919,0.0105918683111667,-0.2355293184518814,0.4188386499881744,-0.0853172242641449,-4.615769863128662,-1.221540451049805,1.4371733665466309,1.8310548067092896,32011,32397,32453,32505,0.95,qplite_builtin,opp_m2_10000,0,10000,0,0,1.0911999999999973,0.352,0.0660869279712977,0.015256960876286,-0.0045867436565458,0.0253760907799005,0.724005401134491,0.0003532590344548,-0.0003530000976752,-0.0042478055693209,-0.015256960876286,0.0009026165353134,32758.0,1.9790704250335729
seeded_ic_v1,44980010,-0.006706,0.027246,-3.890225,9.815707,0.709514,0.30509102,adaptive_ramp_v1,18.0,0.08,11.825695753097534,adaptive_brake,0.1607766896486282,0.2073286026716232,0.3665226101875305,0.0147386724129319,0.0090170325711369,-0.2369061559438705,0.4188386499881744,-0.0853172242641449,-4.615769863128662,-1.221540451049805,1.4371733665466309,1.8310548067092896,32011,32397,32453,32505,0.95,qplite_builtin,opp_m2_10000,0,10000,0,0,1.0911999999999973,0.352,0.0660869279712977,0.015256960876286,-0.0045867436565458,0.0253760907799005,0.724005401134491,0.0003532590344548,-0.0003530000976752,-0.0042478055693209,-0.015256960876286,0.0009026165353134,32758.0,1.9998915195465106
seeded_ic_v1,44980010,-0.006706,0.027246,-3.890225,9.815707,0.709514,0.30509102,adaptive_ramp_v1,18.0,0.08,11.825850248336792,adaptive_brake,0.1607766896486282,0.2073286026716232,0.3665226101875305,0.0147386724129319,0.0090170325711369,-0.2369061559438705,0.3933092653751373,-0.112720638513565,-4.579031944274902,-1.4003287553787231,1.2666242122650146,1.7677204608917236,32011,32397,32453,32505,0.95,qplite_builtin,opp_m2_10000,0,10000,0,0,1.0911999999999973,0.352,0.0660869279712977,0.015256960876286,-0.0045867436565458,0.0253760907799005,0.724005401134491,0.0003532590344548,-0.0003530000976752,-0.0042478055693209,-0.015256960876286,0.0009026165353134,32758.0,2.0000460147857684
seeded_ic_v1,44980010,-0.006706,0.027246,-3.890225,9.815707,0.709514,0.30509102,adaptive_ramp_v1,18.0,0.08,11.82592797279358,adaptive_brake,0.1607766896486282,0.2073286026716232,0.3665226101875305,0.0147386724129319,0.0090170325711369,-0.2369061559438705,0.3933092653751373,-0.112720638513565,-4.579031944274902,-1.4003287553787231,1.2666242122650146,1.7677204608917236,32737,32323,33177,32505,0.95,qplite_builtin,opp_m2_10000,0,10000,0,0,1.0911999999999973,0.352,0.0660869279712977,0.015256960876286,-0.0045867436565458,0.0253760907799005,0.724005401134491,0.0003532590344548,-0.0003530000976752,-0.0042478055693209,-0.015256960876286,0.0009026165353134,32758.0,2.0001237392425573
seeded_ic_v1,44980010,-0.006706,0.027246,-3.890225,9.815707,0.709514,0.30509102,adaptive_ramp_v1,18.0,0.08,11.845999479293823,adaptive_brake,0.1610901653766632,0.2074706107378006,0.3615902066230774,0.015069113112986,0.0074752066284418,-0.2383299320936203,0.3933092653751373,-0.112720638513565,-4.579031944274902,-1.4003287553787231,1.2666242122650146,1.7677204608917236,32737,32323,33177,32505,0.95,qplite_builtin,opp_m2_10000,0,10000,0,0,1.0911999999999973,0.352,0.0660869279712977,0.015256960876286,-0.0045867436565458,0.0253760907799005,0.724005401134491,0.0003532590344548,-0.0003530000976752,-0.0042478055693209,-0.015256960876286,0.0009026165353134,32758.0,2.0201952457427996
seeded_ic_v1,44980010,-0.006706,0.027246,-3.890225,9.815707,0.709514,0.30509102,adaptive_ramp_v1,18.0,0.08,11.846237897872925,adaptive_brake,0.1610901653766632,0.2074706107378006,0.3615902066230774,0.015069113112986,0.0074752066284418,-0.2383299320936203,0.3628102540969848,-0.1376234292984008,-4.541693210601807,-1.5761079788208008,1.0571564435958862,1.770015835762024,32737,32323,33177,32505,0.95,qplite_builtin,opp_m2_10000,0,10000,0,0,1.0911999999999973,0.352,0.0660869279712977,0.015256960876286,-0.0045867436565458,0.0253760907799005,0.724005401134491,0.0003532590344548,-0.0003530000976752,-0.0042478055693209,-0.015256960876286,0.0009026165353134,32758.0,2.020433664321901
seeded_ic_v1,44980010,-0.006706,0.027246,-3.890225,9.815707,0.709514,0.30509102,adaptive_ramp_v1,18.0,0.08,11.846319198608398,adaptive_brake,0.1610901653766632,0.2074706107378006,0.3615902066230774,0.015069113112986,0.0074752066284418,-0.2383299320936203,0.3628102540969848,-0.1376234292984008,-4.541693210601807,-1.5761079788208008,1.0571564435958862,1.770015835762024,31961,32315,32409,32505,0.95,qplite_builtin,opp_m2_10000,0,10000,0,0,1.0911999999999973,0.352,0.0660869279712977,0.015256960876286,-0.0045867436565458,0.0253760907799005,0.724005401134491,0.0003532590344548,-0.0003530000976752,-0.0042478055693209,-0.015256960876286,0.0009026165353134,32758.0,2.020514965057375
seeded_ic_v1,44980010,-0.006706,0.027246,-3.890225,9.815707,0.709514,0.30509102,adaptive_ramp_v1,18.0,0.08,11.86563777923584,adaptive_brake,0.161398708820343,0.2075801193714141,0.356848806142807,0.0154852047562599,0.0061230002902448,-0.239895612001419,0.3628102540969848,-0.1376234292984008,-4.541693210601807,-1.5761079788208008,1.0571564435958862,1.770015835762024,31961,32315,32409,32505,0.95,qplite_builtin,opp_m2_10000,0,10000,0,0,1.0911999999999973,0.352,0.0660869279712977,0.015256960876286,-0.0045867436565458,0.0253760907799005,0.724005401134491,0.0003532590344548,-0.0003530000976752,-0.0042478055693209,-0.015256960876286,0.0009026165353134,32758.0,2.0398335456848162
seeded_ic_v1,44980010,-0.006706,0.027246,-3.890225,9.815707,0.709514,0.30509102,adaptive_ramp_v1,18.0,0.08,11.865798950195312,adaptive_brake,0.161398708820343,0.2075801193714141,0.356848806142807,0.0154852047562599,0.0061230002902448,-0.239895612001419,0.3305403888225555,-0.157598927617073,-4.506171703338623,-1.7111473083496094,0.8869592547416687,1.7700194120407104,31961,32315,32409,32505,0.95,qplite_builtin,opp_m2_10000,0,10000,0,0,1.0911999999999973,0.352,0.0660869279712977,0.015256960876286,-0.0045867436565458,0.0253760907799005,0.724005401134491,0.0003532590344548,-0.0003530000976752,-0.0042478055693209,-0.015256960876286,0.0009026165353134,32758.0,2.039994716644289
seeded_ic_v1,44980010,-0.006706,0.027246,-3.890225,9.815707,0.709514,0.30509102,adaptive_ramp_v1,18.0,0.08,11.865869045257568,adaptive_brake,0.161398708820343,0.2075801193714141,0.356848806142807,0.0154852047562599,0.0061230002902448,-0.239895612001419,0.3305403888225555,-0.157598927617073,-4.506171703338623,-1.7111473083496094,0.8869592547416687,1.7700194120407104,32695,32271,33135,32505,0.95,qplite_builtin,opp_m2_10000,0,10000,0,0,1.0911999999999973,0.352,0.0660869279712977,0.015256960876286,-0.0045867436565458,0.0253760907799005,0.724005401134491,0.0003532590344548,-0.0003530000976752,-0.0042478055693209,-0.015256960876286,0.0009026165353134,32758.0,2.0400648117065447
seeded_ic_v1,44980010,-0.006706,0.027246,-3.890225,9.815707,0.709514,0.30509102,adaptive_ramp_v1,18.0,0.08,11.885656833648682,adaptive_brake,0.1617191284894943,0.2076689153909683,0.3520483374595642,0.0159876700490713,0.0049024270847439,-0.2417041212320327,0.3305403888225555,-0.157598927617073,-4.506171703338623,-1.7111473083496094,0.8869592547416687,1.7700194120407104,32695,32271,33135,32505,0.95,qplite_builtin,opp_m2_10000,0,10000,0,0,1.0911999999999973,0.352,0.0660869279712977,0.015256960876286,-0.0045867436565458,0.0253760907799005,0.724005401134491,0.0003532590344548,-0.0003530000976752,-0.0042478055693209,-0.015256960876286,0.0009026165353134,32758.0,2.059852600097658
seeded_ic_v1,44980010,-0.006706,0.027246,-3.890225,9.815707,0.709514,0.30509102,adaptive_ramp_v1,18.0,0.08,11.885896682739258,adaptive_brake,0.1617191284894943,0.2076689153909683,0.3520483374595642,0.0159876700490713,0.0049024270847439,-0.2417041212320327,0.2961548864841461,-0.1739694327116012,-4.471367835998535,-1.7714147567749023,0.6908828020095825,1.7091258764266968,32695,32271,33135,32505,0.95,qplite_builtin,opp_m2_10000,0,10000,0,0,1.0911999999999973,0.352,0.0660869279712977,0.015256960876286,-0.0045867436565458,0.0253760907799005,0.724005401134491,0.0003532590344548,-0.0003530000976752,-0.0042478055693209,-0.015256960876286,0.0009026165353134,32758.0,2.060092449188234
seeded_ic_v1,44980010,-0.006706,0.027246,-3.890225,9.815707,0.709514,0.30509102,adaptive_ramp_v1,18.0,0.08,11.885972499847412,adaptive_brake,0.1617191284894943,0.2076689153909683,0.3520483374595642,0.0159876700490713,0.0049024270847439,-0.2417041212320327,0.2961548864841461,-0.1739694327116012,-4.471367835998535,-1.7714147567749023,0.6908828020095825,1.7091258764266968,31925,32265,32379,32505,0.95,qplite_builtin,opp_m2_10000,0,10000,0,0,1.0911999999999973,0.352,0.0660869279712977,0.015256960876286,-0.0045867436565458,0.0253760907799005,0.724005401134491,0.0003532590344548,-0.0003530000976752,-0.0042478055693209,-0.015256960876286,0.0009026165353134,32758.0,2.0601682662963885
seeded_ic_v1,44980010,-0.006706,0.027246,-3.890225,9.815707,0.709514,0.30509102,adaptive_ramp_v1,18.0,0.08,11.90574550628662,adaptive_brake,0.1620525121688842,0.2077394425868988,0.3471884727478027,0.016561871394515,0.0038193406071513,-0.243755429983139,0.2961548864841461,-0.1739694327116012,-4.471367835998535,-1.7714147567749023,0.6908828020095825,1.7091258764266968,31925,32265,32379,32505,0.95,qplite_builtin,opp_m2_10000,0,10000,0,0,1.0911999999999973,0.352,0.0660869279712977,0.015256960876286,-0.0045867436565458,0.0253760907799005,0.724005401134491,0.0003532590344548,-0.0003530000976752,-0.0042478055693209,-0.015256960876286,0.0009026165353134,32758.0,2.0799412727355957
seeded_ic_v1,44980010,-0.006706,0.027246,-3.890225,9.815707,0.709514,0.30509102,adaptive_ramp_v1,18.0,0.08,11.90589451789856,adaptive_brake,0.1620525121688842,0.2077394425868988,0.3471884727478027,0.016561871394515,0.0038193406071513,-0.243755429983139,0.2608526051044464,-0.1865134984254837,-4.437126636505127,-1.7700194120407104,0.5084401369094849,1.7089842557907104,31925,32265,32379,32505,0.95,qplite_builtin,opp_m2_10000,0,10000,0,0,1.0911999999999973,0.352,0.0660869279712977,0.015256960876286,-0.0045867436565458,0.0253760907799005,0.724005401134491,0.0003532590344548,-0.0003530000976752,-0.0042478055693209,-0.015256960876286,0.0009026165353134,32758.0,2.080090284347536
seeded_ic_v1,44980010,-0.006706,0.027246,-3.890225,9.815707,0.709514,0.30509102,adaptive_ramp_v1,18.0,0.08,11.905991315841677,adaptive_brake,0.1620525121688842,0.2077394425868988,0.3471884727478027,0.016561871394515,0.0038193406071513,-0.243755429983139,0.2608526051044464,-0.1865134984254837,-4.437126636505127,-1.7700194120407104,0.5084401369094849,1.7089842557907104,32613,32225,33095,32505,0.95,qplite_builtin,opp_m2_10000,0,10000,0,0,1.0911999999999973,0.352,0.0660869279712977,0.015256960876286,-0.0045867436565458,0.0253760907799005,0.724005401134491,0.0003532590344548,-0.0003530000976752,-0.0042478055693209,-0.015256960876286,0.0009026165353134,32758.0,2.080187082290653
seeded_ic_v1,44980010,-0.006706,0.027246,-3.890225,9.815707,0.709514,0.30509102,adaptive_ramp_v1,18.0,0.08,11.92511248588562,adaptive_brake,0.1624160856008529,0.2077969461679458,0.3420370221138,0.0172181669622659,0.0028305980376899,-0.2460598647594452,0.2608526051044464,-0.1865134984254837,-4.437126636505127,-1.7700194120407104,0.5084401369094849,1.7089842557907104,32613,32225,33095,32505,0.95,qplite_builtin,opp_m2_10000,0,10000,0,0,1.0911999999999973,0.352,0.0660869279712977,0.015256960876286,-0.0045867436565458,0.0253760907799005,0.724005401134491,0.0003532590344548,-0.0003530000976752,-0.0042478055693209,-0.015256960876286,0.0009026165353134,32758.0,2.0993082523345965
seeded_ic_v1,44980010,-0.006706,0.027246,-3.890225,9.815707,0.709514,0.30509102,adaptive_ramp_v1,18.0,0.08,11.925302743911743,adaptive_brake,0.1624160856008529,0.2077969461679458,0.3420370221138,0.0172181669622659,0.0028305980376899,-0.2460598647594452,0.2243534326553344,-0.1960651725530624,-4.4011969566345215,-1.7086246013641355,0.3659625053405761,1.7089842557907104,32613,32225,33095,32505,0.95,qplite_builtin,opp_m2_10000,0,10000,0,0,1.0911999999999973,0.352,0.0660869279712977,0.015256960876286,-0.0045867436565458,0.0253760907799005,0.724005401134491,0.0003532590344548,-0.0003530000976752,-0.0042478055693209,-0.015256960876286,0.0009026165353134,32758.0,2.0994985103607195
seeded_ic_v1,44980010,-0.006706,0.027246,-3.890225,9.815707,0.709514,0.30509102,adaptive_ramp_v1,18.0,0.08,11.92542552947998,adaptive_brake,0.1624160856008529,0.2077969461679458,0.3420370221138,0.0172181669622659,0.0028305980376899,-0.2460598647594452,0.2243534326553344,-0.1960651725530624,-4.4011969566345215,-1.7086246013641355,0.3659625053405761,1.7089842557907104,32685,32197,33151,32505,0.95,qplite_builtin,opp_m2_10000,0,10000,0,0,1.0911999999999973,0.352,0.0660869279712977,0.015256960876286,-0.0045867436565458,0.0253760907799005,0.724005401134491,0.0003532590344548,-0.0003530000976752,-0.0042478055693209,-0.015256960876286,0.0009026165353134,32758.0,2.099621295928957
seeded_ic_v1,44980010,-0.006706,0.027246,-3.890225,9.815707,0.709514,0.30509102,adaptive_ramp_v1,18.0,0.08,11.944762945175173,adaptive_brake,0.1626055091619491,0.2078186869621276,0.3394185602664947,0.0176019668579101,0.0024175576400011,-0.2480058521032333,0.2243534326553344,-0.1960651725530624,-4.4011969566345215,-1.7086246013641355,0.3659625053405761,1.7089842557907104,32685,32197,33151,32505,0.95,qplite_builtin,opp_m2_10000,0,10000,0,0,1.0911999999999973,0.352,0.0660869279712977,0.015256960876286,-0.0045867436565458,0.0253760907799005,0.724005401134491,0.0003532590344548,-0.0003530000976752,-0.0042478055693209,-0.015256960876286,0.0009026165353134,32758.0,2.118958711624149
seeded_ic_v1,44980010,-0.006706,0.027246,-3.890225,9.815707,0.709514,0.30509102,adaptive_ramp_v1,18.0,0.08,11.944944143295288,adaptive_brake,0.1626055091619491,0.2078186869621276,0.3394185602664947,0.0176019668579101,0.0024175576400011,-0.2480058521032333,0.2073968052864074,-0.1993827819824218,-4.384094715118408,-1.647871494293213,0.2032411247491836,1.7089842557907104,32685,32197,33151,32505,0.95,qplite_builtin,opp_m2_10000,0,10000,0,0,1.0911999999999973,0.352,0.0660869279712977,0.015256960876286,-0.0045867436565458,0.0253760907799005,0.724005401134491,0.0003532590344548,-0.0003530000976752,-0.0042478055693209,-0.015256960876286,0.0009026165353134,32758.0,2.1191399097442645
seeded_ic_v1,44980010,-0.006706,0.027246,-3.890225,9.815707,0.709514,0.30509102,adaptive_ramp_v1,18.0,0.08,11.945029497146606,adaptive_brake,0.1626055091619491,0.2078186869621276,0.3394185602664947,0.0176019668579101,0.0024175576400011,-0.2480058521032333,0.2073968052864074,-0.1993827819824218,-4.384094715118408,-1.647871494293213,0.2032411247491836,1.7089842557907104,31893,32217,32339,32505,0.95,qplite_builtin,opp_m2_10000,0,10000,0,0,1.0911999999999973,0.352,0.0660869279712977,0.015256960876286,-0.0045867436565458,0.0253760907799005,0.724005401134491,0.0003532590344548,-0.0003530000976752,-0.0042478055693209,-0.015256960876286,0.0009026165353134,32758.0,2.119225263595583
seeded_ic_v1,44980010,-0.006706,0.027246,-3.890225,9.815707,0.709514,0.30509102,adaptive_ramp_v1,18.0,0.08,11.96558403968811,adaptive_brake,0.1631723344326019,0.2078695744276046,0.3317869007587433,0.0186223462224006,0.0013248973991721,-0.2511210143566131,0.2073968052864074,-0.1993827819824218,-4.384094715118408,-1.647871494293213,0.2032411247491836,1.7089842557907104,31893,32217,32339,32505,0.95,qplite_builtin,opp_m2_10000,0,10000,0,0,1.0911999999999973,0.352,0.0660869279712977,0.015256960876286,-0.0045867436565458,0.0253760907799005,0.724005401134491,0.0003532590344548,-0.0003530000976752,-0.0042478055693209,-0.015256960876286,0.0009026165353134,32758.0,2.1397798061370867
seeded_ic_v1,44980010,-0.006706,0.027246,-3.890225,9.815707,0.709514,0.30509102,adaptive_ramp_v1,18.0,0.08,11.965726852416992,adaptive_brake,0.1631723344326019,0.2078695744276046,0.3317869007587433,0.0186223462224006,0.0013248973991721,-0.2511210143566131,0.1564939767122268,-0.2041219621896743,-4.331099510192871,-1.64794921875,-0.0008647366194054,1.7089842557907104,31893,32217,32339,32505,0.95,qplite_builtin,opp_m2_10000,0,10000,0,0,1.0911999999999973,0.352,0.0660869279712977,0.015256960876286,-0.0045867436565458,0.0253760907799005,0.724005401134491,0.0003532590344548,-0.0003530000976752,-0.0042478055693209,-0.015256960876286,0.0009026165353134,32758.0,2.1399226188659686
seeded_ic_v1,44980010,-0.006706,0.027246,-3.890225,9.815707,0.709514,0.30509102,adaptive_ramp_v1,18.0,0.08,11.965792417526243,adaptive_brake,0.1631723344326019,0.2078695744276046,0.3317869007587433,0.0186223462224006,0.0013248973991721,-0.2511210143566131,0.1564939767122268,-0.2041219621896743,-4.331099510192871,-1.64794921875,-0.0008647366194054,1.7089842557907104,31873,32189,32339,32505,0.95,qplite_builtin,opp_m2_10000,0,10000,0,0,1.0911999999999973,0.352,0.0660869279712977,0.015256960876286,-0.0045867436565458,0.0253760907799005,0.724005401134491,0.0003532590344548,-0.0003530000976752,-0.0042478055693209,-0.015256960876286,0.0009026165353134,32758.0,2.1399881839752197
seeded_ic_v1,44980010,-0.006706,0.027246,-3.890225,9.815707,0.709514,0.30509102,adaptive_ramp_v1,18.0,0.08,11.98568344116211,adaptive_brake,0.1635583341121673,0.2078904211521148,0.3267843723297119,0.0193160399794578,0.0007846531807444,-0.2533438503742218,0.1564939767122268,-0.2041219621896743,-4.331099510192871,-1.64794921875,-0.0008647366194054,1.7089842557907104,31873,32189,32339,32505,0.95,qplite_builtin,opp_m2_10000,0,10000,0,0,1.0911999999999973,0.352,0.0660869279712977,0.015256960876286,-0.0045867436565458,0.0253760907799005,0.724005401134491,0.0003532590344548,-0.0003530000976752,-0.0042478055693209,-0.015256960876286,0.0009026165353134,32758.0,2.1598792076110858
seeded_ic_v1,44980010,-0.006706,0.027246,-3.890225,9.815707,0.709514,0.30509102,adaptive_ramp_v1,18.0,0.08,11.985822439193726,adaptive_brake,0.1635583341121673,0.2078904211521148,0.3267843723297119,0.0193160399794578,0.0007846531807444,-0.2533438503742218,0.1238425970077514,-0.2032763212919235,-4.296921730041504,-1.584614396095276,-0.1504673808813095,1.7089842557907104,31873,32189,32339,32505,0.95,qplite_builtin,opp_m2_10000,0,10000,0,0,1.0911999999999973,0.352,0.0660869279712977,0.015256960876286,-0.0045867436565458,0.0253760907799005,0.724005401134491,0.0003532590344548,-0.0003530000976752,-0.0042478055693209,-0.015256960876286,0.0009026165353134,32758.0,2.160018205642702
seeded_ic_v1,44980010,-0.006706,0.027246,-3.890225,9.815707,0.709514,0.30509102,adaptive_ramp_v1,18.0,0.08,11.98588228225708,adaptive_brake,0.1635583341121673,0.2078904211521148,0.3267843723297119,0.0193160399794578,0.0007846531807444,-0.2533438503742218,0.1238425970077514,-0.2032763212919235,-4.296921730041504,-1.584614396095276,-0.1504673808813095,1.7089842557907104,32583,32171,33095,32505,0.95,qplite_builtin,opp_m2_10000,0,10000,0,0,1.0911999999999973,0.352,0.0660869279712977,0.015256960876286,-0.0045867436565458,0.0253760907799005,0.724005401134491,0.0003532590344548,-0.0003530000976752,-0.0042478055693209,-0.015256960876286,0.0009026165353134,32758.0,2.1600780487060565
seeded_ic_v1,44980010,-0.006706,0.027246,-3.890225,9.815707,0.709514,0.30509102,adaptive_ramp_v1,18.0,0.08,12.005815029144289,adaptive_brake,0.1639593690633773,0.2079058140516281,0.3217096030712127,0.020016660913825,0.0003738864907063,-0.2557178437709808,0.1238425970077514,-0.2032763212919235,-4.296921730041504,-1.584614396095276,-0.1504673808813095,1.7089842557907104,32583,32171,33095,32505,0.95,qplite_builtin,opp_m2_10000,0,10000,0,0,1.0911999999999973,0.352,0.0660869279712977,0.015256960876286,-0.0045867436565458,0.0253760907799005,0.724005401134491,0.0003532590344548,-0.0003530000976752,-0.0042478055693209,-0.015256960876286,0.0009026165353134,32758.0,2.1800107955932653
seeded_ic_v1,44980010,-0.006706,0.027246,-3.890225,9.815707,0.709514,0.30509102,adaptive_ramp_v1,18.0,0.08,12.006176710128784,adaptive_brake,0.1639593690633773,0.2079058140516281,0.3217096030712127,0.020016660913825,0.0003738864907063,-0.2557178437709808,0.092674545943737,-0.1983200013637542,-4.262750625610352,-1.5244834423065186,-0.3632553815841675,1.7089842557907104,32583,32171,33095,32505,0.95,qplite_builtin,opp_m2_10000,0,10000,0,0,1.0911999999999973,0.352,0.0660869279712977,0.015256960876286,-0.0045867436565458,0.0253760907799005,0.724005401134491,0.0003532590344548,-0.0003530000976752,-0.0042478055693209,-0.015256960876286,0.0009026165353134,32758.0,2.1803724765777606
seeded_ic_v1,44980010,-0.006706,0.027246,-3.890225,9.815707,0.709514,0.30509102,adaptive_ramp_v1,18.0,0.08,12.006272077560425,adaptive_brake,0.1639593690633773,0.2079058140516281,0.3217096030712127,0.020016660913825,0.0003738864907063,-0.2557178437709808,0.092674545943737,-0.1983200013637542,-4.262750625610352,-1.5244834423065186,-0.3632553815841675,1.7089842557907104,31841,32173,32363,32505,0.95,qplite_builtin,opp_m2_10000,0,10000,0,0,1.0911999999999973,0.352,0.0660869279712977,0.015256960876286,-0.0045867436565458,0.0253760907799005,0.724005401134491,0.0003532590344548,-0.0003530000976752,-0.0042478055693209,-0.015256960876286,0.0009026165353134,32758.0,2.180467844009401
seeded_ic_v1,44980010,-0.006706,0.027246,-3.890225,9.815707,0.709514,0.30509102,adaptive_ramp_v1,18.0,0.08,12.026378870010376,adaptive_brake,0.1643836349248886,0.2079183757305145,0.3164326548576355,0.0207443889230489,9.009265340864658e-05,-0.2588717937469482,0.092674545943737,-0.1983200013637542,-4.262750625610352,-1.5244834423065186,-0.3632553815841675,1.7089842557907104,31841,32173,32363,32505,0.95,qplite_builtin,opp_m2_10000,0,10000,0,0,1.0911999999999973,0.352,0.0660869279712977,0.015256960876286,-0.0045867436565458,0.0253760907799005,0.724005401134491,0.0003532590344548,-0.0003530000976752,-0.0042478055693209,-0.015256960876286,0.0009026165353134,32758.0,2.2005746364593524
seeded_ic_v1,44980010,-0.006706,0.027246,-3.890225,9.815707,0.709514,0.30509102,adaptive_ramp_v1,18.0,0.08,12.026602983474731,adaptive_brake,0.1643836349248886,0.2079183757305145,0.3164326548576355,0.0207443889230489,9.009265340864658e-05,-0.2588717937469482,0.0629637315869331,-0.1898933202028274,-4.228622913360596,-1.4527912139892578,-0.491064041852951,1.65947425365448,31841,32173,32363,32505,0.95,qplite_builtin,opp_m2_10000,0,10000,0,0,1.0911999999999973,0.352,0.0660869279712977,0.015256960876286,-0.0045867436565458,0.0253760907799005,0.724005401134491,0.0003532590344548,-0.0003530000976752,-0.0042478055693209,-0.015256960876286,0.0009026165353134,32758.0,2.200798749923708
seeded_ic_v1,44980010,-0.006706,0.027246,-3.890225,9.815707,0.709514,0.30509102,adaptive_ramp_v1,18.0,0.08,12.026662826538086,adaptive_brake,0.1643836349248886,0.2079183757305145,0.3164326548576355,0.0207443889230489,9.009265340864658e-05,-0.2588717937469482,0.0629637315869331,-0.1898933202028274,-4.228622913360596,-1.4527912139892578,-0.491064041852951,1.65947425365448,32545,32129,33075,32505,0.95,qplite_builtin,opp_m2_10000,0,10000,0,0,1.0911999999999973,0.352,0.0660869279712977,0.015256960876286,-0.0045867436565458,0.0253760907799005,0.724005401134491,0.0003532590344548,-0.0003530000976752,-0.0042478055693209,-0.015256960876286,0.0009026165353134,32758.0,2.2008585929870623
seeded_ic_v1,44980010,-0.006706,0.027246,-3.890225,9.815707,0.709514,0.30509102,adaptive_ramp_v1,18.0,0.08,12.04570484161377,adaptive_brake,0.1646005511283874,0.2079266309738159,0.3138083517551422,0.0211012996733188,8.026894647628069e-06,-0.2602555155754089,0.0629637315869331,-0.1898933202028274,-4.228622913360596,-1.4527912139892578,-0.491064041852951,1.65947425365448,32545,32129,33075,32505,0.95,qplite_builtin,opp_m2_10000,0,10000,0,0,1.0911999999999973,0.352,0.0660869279712977,0.015256960876286,-0.0045867436565458,0.0253760907799005,0.724005401134491,0.0003532590344548,-0.0003530000976752,-0.0042478055693209,-0.015256960876286,0.0009026165353134,32758.0,2.219900608062746
seeded_ic_v1,44980010,-0.006706,0.027246,-3.890225,9.815707,0.709514,0.30509102,adaptive_ramp_v1,18.0,0.08,12.047102689743042,adaptive_brake,0.1646005511283874,0.2079266309738159,0.3138083517551422,0.0211012996733188,8.026894647628069e-06,-0.2602555155754089,0.0488070249557495,-0.1846720278263092,-4.212066650390625,-1.3405592441558838,-0.6125149130821228,1.6478058099746704,32545,32129,33075,32505,0.95,qplite_builtin,opp_m2_10000,0,10000,0,0,1.0911999999999973,0.352,0.0660869279712977,0.015256960876286,-0.0045867436565458,0.0253760907799005,0.724005401134491,0.0003532590344548,-0.0003530000976752,-0.0042478055693209,-0.015256960876286,0.0009026165353134,32758.0,2.2212984561920184
seeded_ic_v1,44980010,-0.006706,0.027246,-3.890225,9.815707,0.709514,0.30509102,adaptive_ramp_v1,18.0,0.08,12.047613620758057,adaptive_brake,0.1646005511283874,0.2079266309738159,0.3138083517551422,0.0211012996733188,8.026894647628069e-06,-0.2602555155754089,0.0488070249557495,-0.1846720278263092,-4.212066650390625,-1.3405592441558838,-0.6125149130821228,1.6478058099746704,31823,32151,32351,32505,0.95,qplite_builtin,opp_m2_10000,0,10000,0,0,1.0911999999999973,0.352,0.0660869279712977,0.015256960876286,-0.0045867436565458,0.0253760907799005,0.724005401134491,0.0003532590344548,-0.0003530000976752,-0.0042478055693209,-0.015256960876286,0.0009026165353134,32758.0,2.221809387207033
seeded_ic_v1,44980010,-0.006706,0.027246,-3.890225,9.815707,0.709514,0.30509102,adaptive_ramp_v1,18.0,0.08,12.06570601463318,adaptive_brake,0.165081575512886,0.207938089966774,0.3080228269100189,0.0218164939433336,-0.0001192592753795,-0.263166218996048,0.0488070249557495,-0.1846720278263092,-4.212066650390625,-1.3405592441558838,-0.6125149130821228,1.6478058099746704,31823,32151,32351,32505,0.95,qplite_builtin,opp_m2_10000,0,10000,0,0,1.0911999999999973,0.352,0.0660869279712977,0.015256960876286,-0.0045867436565458,0.0253760907799005,0.724005401134491,0.0003532590344548,-0.0003530000976752,-0.0042478055693209,-0.015256960876286,0.0009026165353134,32758.0,2.239901781082157
seeded_ic_v1,44980010,-0.006706,0.027246,-3.890225,9.815707,0.709514,0.30509102,adaptive_ramp_v1,18.0,0.08,12.065944910049438,adaptive_brake,0.165081575512886,0.207938089966774,0.3080228269100189,0.0218164939433336,-0.0001192592753795,-0.263166218996048,0.0193150788545608,-0.1712802350521087,-4.175814151763916,-1.2323668003082275,-0.720757782459259,1.64794921875,31823,32151,32351,32505,0.95,qplite_builtin,opp_m2_10000,0,10000,0,0,1.0911999999999973,0.352,0.0660869279712977,0.015256960876286,-0.0045867436565458,0.0253760907799005,0.724005401134491,0.0003532590344548,-0.0003530000976752,-0.0042478055693209,-0.015256960876286,0.0009026165353134,32758.0,2.240140676498415
seeded_ic_v1,44980010,-0.006706,0.027246,-3.890225,9.815707,0.709514,0.30509102,adaptive_ramp_v1,18.0,0.08,12.066039562225342,adaptive_brake,0.165081575512886,0.207938089966774,0.3080228269100189,0.0218164939433336,-0.0001192592753795,-0.263166218996048,0.0193150788545608,-0.1712802350521087,-4.175814151763916,-1.2323668003082275,-0.720757782459259,1.64794921875,31823,32181,32389,32505,0.95,qplite_builtin,opp_m2_10000,0,10000,0,0,1.0911999999999973,0.352,0.0660869279712977,0.015256960876286,-0.0045867436565458,0.0253760907799005,0.724005401134491,0.0003532590344548,-0.0003530000976752,-0.0042478055693209,-0.015256960876286,0.0009026165353134,32758.0,2.240235328674318
seeded_ic_v1,44980010,-0.006706,0.027246,-3.890225,9.815707,0.709514,0.30509102,adaptive_ramp_v1,18.0,0.08,12.085644006729126,adaptive_brake,0.1655480861663818,0.2079557180404663,0.3024882376194,0.022500917315483,-8.945805893745273e-05,-0.2671063840389251,0.0193150788545608,-0.1712802350521087,-4.175814151763916,-1.2323668003082275,-0.720757782459259,1.64794921875,31823,32181,32389,32505,0.95,qplite_builtin,opp_m2_10000,0,10000,0,0,1.0911999999999973,0.352,0.0660869279712977,0.015256960876286,-0.0045867436565458,0.0253760907799005,0.724005401134491,0.0003532590344548,-0.0003530000976752,-0.0042478055693209,-0.015256960876286,0.0009026165353134,32758.0,2.2598397731781024
seeded_ic_v1,44980010,-0.006706,0.027246,-3.890225,9.815707,0.709514,0.30509102,adaptive_ramp_v1,18.0,0.08,12.085873126983644,adaptive_brake,0.1655480861663818,0.2079557180404663,0.3024882376194,0.022500917315483,-8.945805893745273e-05,-0.2671063840389251,-0.0052202581427991,-0.1570910513401031,-4.142800331115723,-1.0837184190750122,-0.7963801622390747,1.6551223993301392,31823,32181,32389,32505,0.95,qplite_builtin,opp_m2_10000,0,10000,0,0,1.0911999999999973,0.352,0.0660869279712977,0.015256960876286,-0.0045867436565458,0.0253760907799005,0.724005401134491,0.0003532590344548,-0.0003530000976752,-0.0042478055693209,-0.015256960876286,0.0009026165353134,32758.0,2.2600688934326207
seeded_ic_v1,44980010,-0.006706,0.027246,-3.890225,9.815707,0.709514,0.30509102,adaptive_ramp_v1,18.0,0.08,12.08594298362732,adaptive_brake,0.1655480861663818,0.2079557180404663,0.3024882376194,0.022500917315483,-8.945805893745273e-05,-0.2671063840389251,-0.0052202581427991,-0.1570910513401031,-4.142800331115723,-1.0837184190750122,-0.7963801622390747,1.6551223993301392,31809,32125,32351,32505,0.95,qplite_builtin,opp_m2_10000,0,10000,0,0,1.0911999999999973,0.352,0.0660869279712977,0.015256960876286,-0.0045867436565458,0.0253760907799005,0.724005401134491,0.0003532590344548,-0.0003530000976752,-0.0042478055693209,-0.015256960876286,0.0009026165353134,32758.0,2.2601387500762957
seeded_ic_v1,44980010,-0.006706,0.027246,-3.890225,9.815707,0.709514,0.30509102,adaptive_ramp_v1,18.0,0.08,12.104684114456177,adaptive_brake,0.1660344153642654,0.2079682201147079,0.2967953681945801,0.0230882987380027,-1.2782271369360387e-05,-0.2701517045497894,-0.0052202581427991,-0.1570910513401031,-4.142800331115723,-1.0837184190750122,-0.7963801622390747,1.6551223993301392,31809,32125,32351,32505,0.95,qplite_builtin,opp_m2_10000,0,10000,0,0,1.0911999999999973,0.352,0.0660869279712977,0.015256960876286,-0.0045867436565458,0.0253760907799005,0.724005401134491,0.0003532590344548,-0.0003530000976752,-0.0042478055693209,-0.015256960876286,0.0009026165353134,32758.0,2.278879880905153
seeded_ic_v1,44980010,-0.006706,0.027246,-3.890225,9.815707,0.709514,0.30509102,adaptive_ramp_v1,18.0,0.08,12.104849815368652,adaptive_brake,0.1660344153642654,0.2079682201147079,0.2967953681945801,0.0230882987380027,-1.2782271369360387e-05,-0.2701517045497894,-0.0276577584445476,-0.1405254155397415,-4.108122825622559,-0.92633318901062,-0.8552964925765991,1.6479592323303225,31809,32125,32351,32505,0.95,qplite_builtin,opp_m2_10000,0,10000,0,0,1.0911999999999973,0.352,0.0660869279712977,0.015256960876286,-0.0045867436565458,0.0253760907799005,0.724005401134491,0.0003532590344548,-0.0003530000976752,-0.0042478055693209,-0.015256960876286,0.0009026165353134,32758.0,2.2790455818176287
seeded_ic_v1,44980010,-0.006706,0.027246,-3.890225,9.815707,0.709514,0.30509102,adaptive_ramp_v1,18.0,0.08,12.104925155639648,adaptive_brake,0.1660344153642654,0.2079682201147079,0.2967953681945801,0.0230882987380027,-1.2782271369360387e-05,-0.2701517045497894,-0.0276577584445476,-0.1405254155397415,-4.108122825622559,-0.92633318901062,-0.8552964925765991,1.6479592323303225,31829,32149,32371,32505,0.95,qplite_builtin,opp_m2_10000,0,10000,0,0,1.0911999999999973,0.352,0.0660869279712977,0.015256960876286,-0.0045867436565458,0.0253760907799005,0.724005401134491,0.0003532590344548,-0.0003530000976752,-0.0042478055693209,-0.015256960876286,0.0009026165353134,32758.0,2.279120922088625
seeded_ic_v1,44980010,-0.006706,0.027246,-3.890225,9.815707,0.709514,0.30509102,adaptive_ramp_v1,18.0,0.08,12.125287055969238,adaptive_brake,0.1665109992027282,0.2079901397228241,0.2912909686565399,0.0236082337796688,0.0001747430796967,-0.2730600833892822,-0.0276577584445476,-0.1405254155397415,-4.108122825622559,-0.92633318901062,-0.8552964925765991,1.6479592323303225,31829,32149,32371,32505,0.95,qplite_builtin,opp_m2_10000,0,10000,0,0,1.0911999999999973,0.352,0.0660869279712977,0.015256960876286,-0.0045867436565458,0.0253760907799005,0.724005401134491,0.0003532590344548,-0.0003530000976752,-0.0042478055693209,-0.015256960876286,0.0009026165353134,32758.0,2.2994828224182147
seeded_ic_v1,44980010,-0.006706,0.027246,-3.890225,9.815707,0.709514,0.30509102,adaptive_ramp_v1,18.0,0.08,12.12581992149353,adaptive_brake,0.1665109992027282,0.2079901397228241,0.2912909686565399,0.0236082337796688,0.0001747430796967,-0.2730600833892822,-0.0458603575825691,-0.1230108514428138,-4.075167179107666,-0.7912894487380981,-0.9182008504867554,1.5842301845550537,31829,32149,32371,32505,0.95,qplite_builtin,opp_m2_10000,0,10000,0,0,1.0911999999999973,0.352,0.0660869279712977,0.015256960876286,-0.0045867436565458,0.0253760907799005,0.724005401134491,0.0003532590344548,-0.0003530000976752,-0.0042478055693209,-0.015256960876286,0.0009026165353134,32758.0,2.3000156879425067
seeded_ic_v1,44980010,-0.006706,0.027246,-3.890225,9.815707,0.709514,0.30509102,adaptive_ramp_v1,18.0,0.08,12.126079559326172,adaptive_brake,0.1665109992027282,0.2079901397228241,0.2912909686565399,0.0236082337796688,0.0001747430796967,-0.2730600833892822,-0.0458603575825691,-0.1230108514428138,-4.075167179107666,-0.7912894487380981,-0.9182008504867554,1.5842301845550537,31783,32117,32357,32505,0.95,qplite_builtin,opp_m2_10000,0,10000,0,0,1.0911999999999973,0.352,0.0660869279712977,0.015256960876286,-0.0045867436565458,0.0253760907799005,0.724005401134491,0.0003532590344548,-0.0003530000976752,-0.0042478055693209,-0.015256960876286,0.0009026165353134,32758.0,2.3002753257751483
seeded_ic_v1,44980010,-0.006706,0.027246,-3.890225,9.815707,0.709514,0.30509102,adaptive_ramp_v1,18.0,0.08,12.144782781600952,adaptive_brake,0.1669956296682357,0.208018347620964,0.2857385575771332,0.0240636337548494,0.0004345897177699,-0.2758302092552185,-0.0458603575825691,-0.1230108514428138,-4.075167179107666,-0.7912894487380981,-0.9182008504867554,1.5842301845550537,31783,32117,32357,32505,0.95,qplite_builtin,opp_m2_10000,0,10000,0,0,1.0911999999999973,0.352,0.0660869279712977,0.015256960876286,-0.0045867436565458,0.0253760907799005,0.724005401134491,0.0003532590344548,-0.0003530000976752,-0.0042478055693209,-0.015256960876286,0.0009026165353134,32758.0,2.3189785480499285
seeded_ic_v1,44980010,-0.006706,0.027246,-3.890225,9.815707,0.709514,0.30509102,adaptive_ramp_v1,18.0,0.08,12.145045518875122,adaptive_brake,0.1669956296682357,0.208018347620964,0.2857385575771332,0.0240636337548494,0.0004345897177699,-0.2758302092552185,-0.0611846856772899,-0.1041005328297615,-4.043349266052246,-0.6572975516319275,-0.9886055588722228,1.5869104862213137,31783,32117,32357,32505,0.95,qplite_builtin,opp_m2_10000,0,10000,0,0,1.0911999999999973,0.352,0.0660869279712977,0.015256960876286,-0.0045867436565458,0.0253760907799005,0.724005401134491,0.0003532590344548,-0.0003530000976752,-0.0042478055693209,-0.015256960876286,0.0009026165353134,32758.0,2.3192412853240985
seeded_ic_v1,44980010,-0.006706,0.027246,-3.890225,9.815707,0.709514,0.30509102,adaptive_ramp_v1,18.0,0.08,12.14521098136902,adaptive_brake,0.1669956296682357,0.208018347620964,0.2857385575771332,0.0240636337548494,0.0004345897177699,-0.2758302092552185,-0.0611846856772899,-0.1041005328297615,-4.043349266052246,-0.6572975516319275,-0.9886055588722228,1.5869104862213137,31789,32147,32389,32505,0.95,qplite_builtin,opp_m2_10000,0,10000,0,0,1.0911999999999973,0.352,0.0660869279712977,0.015256960876286,-0.0045867436565458,0.0253760907799005,0.724005401134491,0.0003532590344548,-0.0003530000976752,-0.0042478055693209,-0.015256960876286,0.0009026165353134,32758.0,2.3194067478179967
seeded_ic_v1,44980010,-0.006706,0.027246,-3.890225,9.815707,0.709514,0.30509102,adaptive_ramp_v1,18.0,0.08,12.165067672729492,adaptive_brake,0.1674760580062866,0.2080536484718322,0.2802928984165191,0.0243989638984203,0.0007552106399089,-0.2777220904827118,-0.0611846856772899,-0.1041005328297615,-4.043349266052246,-0.6572975516319275,-0.9886055588722228,1.5869104862213137,31789,32147,32389,32505,0.95,qplite_builtin,opp_m2_10000,0,10000,0,0,1.0911999999999973,0.352,0.0660869279712977,0.015256960876286,-0.0045867436565458,0.0253760907799005,0.724005401134491,0.0003532590344548,-0.0003530000976752,-0.0042478055693209,-0.015256960876286,0.0009026165353134,32758.0,2.3392634391784686
seeded_ic_v1,44980010,-0.006706,0.027246,-3.890225,9.815707,0.709514,0.30509102,adaptive_ramp_v1,18.0,0.08,12.165356159210203,adaptive_brake,0.1674760580062866,0.2080536484718322,0.2802928984165191,0.0243989638984203,0.0007552106399089,-0.2777220904827118,-0.0736825168132782,-0.083910658955574,-4.012025833129883,-0.4921472370624542,-1.0375703573226929,1.5260202884674072,31789,32147,32389,32505,0.95,qplite_builtin,opp_m2_10000,0,10000,0,0,1.0911999999999973,0.352,0.0660869279712977,0.015256960876286,-0.0045867436565458,0.0253760907799005,0.724005401134491,0.0003532590344548,-0.0003530000976752,-0.0042478055693209,-0.015256960876286,0.0009026165353134,32758.0,2.3395519256591797
seeded_ic_v1,44980010,-0.006706,0.027246,-3.890225,9.815707,0.709514,0.30509102,adaptive_ramp_v1,18.0,0.08,12.16550612449646,adaptive_brake,0.1674760580062866,0.2080536484718322,0.2802928984165191,0.0243989638984203,0.0007552106399089,-0.2777220904827118,-0.0736825168132782,-0.083910658955574,-4.012025833129883,-0.4921472370624542,-1.0375703573226929,1.5260202884674072,31793,32165,32379,32505,0.95,qplite_builtin,opp_m2_10000,0,10000,0,0,1.0911999999999973,0.352,0.0660869279712977,0.015256960876286,-0.0045867436565458,0.0253760907799005,0.724005401134491,0.0003532590344548,-0.0003530000976752,-0.0042478055693209,-0.015256960876286,0.0009026165353134,32758.0,2.3397018909454363
seeded_ic_v1,44980010,-0.006706,0.027246,-3.890225,9.815707,0.709514,0.30509102,adaptive_ramp_v1,18.0,0.08,12.18466854095459,adaptive_brake,0.1679628640413284,0.2080970555543899,0.2747749090194702,0.0246715396642684,0.0011258793529123,-0.279793918132782,-0.0736825168132782,-0.083910658955574,-4.012025833129883,-0.4921472370624542,-1.0375703573226929,1.5260202884674072,31793,32165,32379,32505,0.95,qplite_builtin,opp_m2_10000,0,10000,0,0,1.0911999999999973,0.352,0.0660869279712977,0.015256960876286,-0.0045867436565458,0.0253760907799005,0.724005401134491,0.0003532590344548,-0.0003530000976752,-0.0042478055693209,-0.015256960876286,0.0009026165353134,32758.0,2.3588643074035662
seeded_ic_v1,44980010,-0.006706,0.027246,-3.890225,9.815707,0.709514,0.30509102,adaptive_ramp_v1,18.0,0.08,12.184827327728271,adaptive_brake,0.1679628640413284,0.2080970555543899,0.2747749090194702,0.0246715396642684,0.0011258793529123,-0.279793918132782,-0.0833099484443664,-0.0630152598023414,-3.981482744216919,-0.3634234666824341,-1.098992109298706,1.5258790254592896,31793,32165,32379,32505,0.95,qplite_builtin,opp_m2_10000,0,10000,0,0,1.0911999999999973,0.352,0.0660869279712977,0.015256960876286,-0.0045867436565458,0.0253760907799005,0.724005401134491,0.0003532590344548,-0.0003530000976752,-0.0042478055693209,-0.015256960876286,0.0009026165353134,32758.0,2.359023094177248
seeded_ic_v1,44980010,-0.006706,0.027246,-3.890225,9.815707,0.709514,0.30509102,adaptive_ramp_v1,18.0,0.08,12.184895038604736,adaptive_brake,0.1679628640413284,0.2080970555543899,0.2747749090194702,0.0246715396642684,0.0011258793529123,-0.279793918132782,-0.0833099484443664,-0.0630152598023414,-3.981482744216919,-0.3634234666824341,-1.098992109298706,1.5258790254592896,31765,32163,32397,32505,0.95,qplite_builtin,opp_m2_10000,0,10000,0,0,1.0911999999999973,0.352,0.0660869279712977,0.015256960876286,-0.0045867436565458,0.0253760907799005,0.724005401134491,0.0003532590344548,-0.0003530000976752,-0.0042478055693209,-0.015256960876286,0.0009026165353134,32758.0,2.3590908050537127
seeded_ic_v1,44980010,-0.006706,0.027246,-3.890225,9.815707,0.709514,0.30509102,adaptive_ramp_v1,18.0,0.08,12.20560383796692,adaptive_brake,0.1684760153293609,0.2081505209207534,0.2689539194107055,0.0248660165816545,0.0015492583625018,-0.2819321155548095,-0.0833099484443664,-0.0630152598023414,-3.981482744216919,-0.3634234666824341,-1.098992109298706,1.5258790254592896,31765,32163,32397,32505,0.95,qplite_builtin,opp_m2_10000,0,10000,0,0,1.0911999999999973,0.352,0.0660869279712977,0.015256960876286,-0.0045867436565458,0.0253760907799005,0.724005401134491,0.0003532590344548,-0.0003530000976752,-0.0042478055693209,-0.015256960876286,0.0009026165353134,32758.0,2.379799604415897
seeded_ic_v1,44980010,-0.006706,0.027246,-3.890225,9.815707,0.709514,0.30509102,adaptive_ramp_v1,18.0,0.08,12.205750226974487,adaptive_brake,0.1684760153293609,0.2081505209207534,0.2689539194107055,0.0248660165816545,0.0015492583625018,-0.2819321155548095,-0.0904395952820777,-0.0404626168310642,-3.94940447807312,-0.2415386587381363,-1.0377390384674072,1.5258790254592896,31765,32163,32397,32505,0.95,qplite_builtin,opp_m2_10000,0,10000,0,0,1.0911999999999973,0.352,0.0660869279712977,0.015256960876286,-0.0045867436565458,0.0253760907799005,0.724005401134491,0.0003532590344548,-0.0003530000976752,-0.0042478055693209,-0.015256960876286,0.0009026165353134,32758.0,2.3799459934234637
seeded_ic_v1,44980010,-0.006706,0.027246,-3.890225,9.815707,0.709514,0.30509102,adaptive_ramp_v1,18.0,0.08,12.205817937850952,adaptive_brake,0.1684760153293609,0.2081505209207534,0.2689539194107055,0.0248660165816545,0.0015492583625018,-0.2819321155548095,-0.0904395952820777,-0.0404626168310642,-3.94940447807312,-0.2415386587381363,-1.0377390384674072,1.5258790254592896,31767,32161,32401,32505,0.95,qplite_builtin,opp_m2_10000,0,10000,0,0,1.0911999999999973,0.352,0.0660869279712977,0.015256960876286,-0.0045867436565458,0.0253760907799005,0.724005401134491,0.0003532590344548,-0.0003530000976752,-0.0042478055693209,-0.015256960876286,0.0009026165353134,32758.0,2.3800137042999285
seeded_ic_v1,44980010,-0.006706,0.027246,-3.890225,9.815707,0.709514,0.30509102,adaptive_ramp_v1,18.0,0.08,12.22597050666809,adaptive_brake,0.1689547449350357,0.2082111835479736,0.2635195255279541,0.0249217096716165,0.0019864020869135,-0.2832323908805847,-0.0904395952820777,-0.0404626168310642,-3.94940447807312,-0.2415386587381363,-1.0377390384674072,1.5258790254592896,31767,32161,32401,32505,0.95,qplite_builtin,opp_m2_10000,0,10000,0,0,1.0911999999999973,0.352,0.0660869279712977,0.015256960876286,-0.0045867436565458,0.0253760907799005,0.724005401134491,0.0003532590344548,-0.0003530000976752,-0.0042478055693209,-0.015256960876286,0.0009026165353134,32758.0,2.400166273117067
seeded_ic_v1,44980010,-0.006706,0.027246,-3.890225,9.815707,0.709514,0.30509102,adaptive_ramp_v1,18.0,0.08,12.226608514785768,adaptive_brake,0.1689547449350357,0.2082111835479736,0.2635195255279541,0.0249217096716165,0.0019864020869135,-0.2832323908805847,-0.0947623029351234,-0.019764207303524,-3.918853759765625,-0.0943475514650344,-1.0375977754592896,1.5258790254592896,31767,32161,32401,32505,0.95,qplite_builtin,opp_m2_10000,0,10000,0,0,1.0911999999999973,0.352,0.0660869279712977,0.015256960876286,-0.0045867436565458,0.0253760907799005,0.724005401134491,0.0003532590344548,-0.0003530000976752,-0.0042478055693209,-0.015256960876286,0.0009026165353134,32758.0,2.4008042812347448
seeded_ic_v1,44980010,-0.006706,0.027246,-3.890225,9.815707,0.709514,0.30509102,adaptive_ramp_v1,18.0,0.08,12.226779460906982,adaptive_brake,0.1689547449350357,0.2082111835479736,0.2635195255279541,0.0249217096716165,0.0019864020869135,-0.2832323908805847,-0.0947623029351234,-0.019764207303524,-3.918853759765625,-0.0943475514650344,-1.0375977754592896,1.5258790254592896,31797,32209,32415,32505,0.95,qplite_builtin,opp_m2_10000,0,10000,0,0,1.0911999999999973,0.352,0.0660869279712977,0.015256960876286,-0.0045867436565458,0.0253760907799005,0.724005401134491,0.0003532590344548,-0.0003530000976752,-0.0042478055693209,-0.015256960876286,0.0009026165353134,32758.0,2.400975227355959
seeded_ic_v1,44980010,-0.006706,0.027246,-3.890225,9.815707,0.709514,0.30509102,adaptive_ramp_v1,18.0,0.08,12.245863437652588,adaptive_brake,0.1695050150156021,0.2082873582839965,0.2571561932563782,0.0250071380287408,0.0024774703197181,-0.2865091860294342,-0.0947623029351234,-0.019764207303524,-3.918853759765625,-0.0943475514650344,-1.0375977754592896,1.5258790254592896,31797,32209,32415,32505,0.95,qplite_builtin,opp_m2_10000,0,10000,0,0,1.0911999999999973,0.352,0.0660869279712977,0.015256960876286,-0.0045867436565458,0.0253760907799005,0.724005401134491,0.0003532590344548,-0.0003530000976752,-0.0042478055693209,-0.015256960876286,0.0009026165353134,32758.0,2.4200592041015643
seeded_ic_v1,44980010,-0.006706,0.027246,-3.890225,9.815707,0.709514,0.30509102,adaptive_ramp_v1,18.0,0.08,12.246073722839355,adaptive_brake,0.1695050150156021,0.2082873582839965,0.2571561932563782,0.0250071380287408,0.0024774703197181,-0.2865091860294342,-0.0963943302631378,0.0030067563056945,-3.8852462768554688,0.0013650902546942,-1.0375977754592896,1.5258790254592896,31797,32209,32415,32505,0.95,qplite_builtin,opp_m2_10000,0,10000,0,0,1.0911999999999973,0.352,0.0660869279712977,0.015256960876286,-0.0045867436565458,0.0253760907799005,0.724005401134491,0.0003532590344548,-0.0003530000976752,-0.0042478055693209,-0.015256960876286,0.0009026165353134,32758.0,2.420269489288332
seeded_ic_v1,44980010,-0.006706,0.027246,-3.890225,9.815707,0.709514,0.30509102,adaptive_ramp_v1,18.0,0.08,12.246162176132202,adaptive_brake,0.1695050150156021,0.2082873582839965,0.2571561932563782,0.0250071380287408,0.0024774703197181,-0.2865091860294342,-0.0963943302631378,0.0030067563056945,-3.8852462768554688,0.0013650902546942,-1.0375977754592896,1.5258790254592896,31771,32195,32439,32505,0.95,qplite_builtin,opp_m2_10000,0,10000,0,0,1.0911999999999973,0.352,0.0660869279712977,0.015256960876286,-0.0045867436565458,0.0253760907799005,0.724005401134491,0.0003532590344548,-0.0003530000976752,-0.0042478055693209,-0.015256960876286,0.0009026165353134,32758.0,2.4203579425811785
seeded_ic_v1,44980010,-0.006706,0.027246,-3.890225,9.815707,0.709514,0.30509102,adaptive_ramp_v1,18.0,0.08,12.26562786102295,adaptive_brake,0.1699978858232498,0.2083684206008911,0.2513957917690277,0.02497367747128,0.0029441700316965,-0.2890815734863281,-0.0963943302631378,0.0030067563056945,-3.8852462768554688,0.0013650902546942,-1.0375977754592896,1.5258790254592896,31771,32195,32439,32505,0.95,qplite_builtin,opp_m2_10000,0,10000,0,0,1.0911999999999973,0.352,0.0660869279712977,0.015256960876286,-0.0045867436565458,0.0253760907799005,0.724005401134491,0.0003532590344548,-0.0003530000976752,-0.0042478055693209,-0.015256960876286,0.0009026165353134,32758.0,2.4398236274719256
seeded_ic_v1,44980010,-0.006706,0.027246,-3.890225,9.815707,0.709514,0.30509102,adaptive_ramp_v1,18.0,0.08,12.26580810546875,adaptive_brake,0.1699978858232498,0.2083684206008911,0.2513957917690277,0.02497367747128,0.0029441700316965,-0.2890815734863281,-0.0958731845021247,0.0232685673981905,-3.854320526123047,0.1636154949665069,-0.976637840270996,1.586991310119629,31771,32195,32439,32505,0.95,qplite_builtin,opp_m2_10000,0,10000,0,0,1.0911999999999973,0.352,0.0660869279712977,0.015256960876286,-0.0045867436565458,0.0253760907799005,0.724005401134491,0.0003532590344548,-0.0003530000976752,-0.0042478055693209,-0.015256960876286,0.0009026165353134,32758.0,2.4400038719177264
seeded_ic_v1,44980010,-0.006706,0.027246,-3.890225,9.815707,0.709514,0.30509102,adaptive_ramp_v1,18.0,0.08,12.265884160995483,adaptive_brake,0.1699978858232498,0.2083684206008911,0.2513957917690277,0.02497367747128,0.0029441700316965,-0.2890815734863281,-0.0958731845021247,0.0232685673981905,-3.854320526123047,0.1636154949665069,-0.976637840270996,1.586991310119629,31843,32257,32457,32505,0.95,qplite_builtin,opp_m2_10000,0,10000,0,0,1.0911999999999973,0.352,0.0660869279712977,0.015256960876286,-0.0045867436565458,0.0253760907799005,0.724005401134491,0.0003532590344548,-0.0003530000976752,-0.0042478055693209,-0.015256960876286,0.0009026165353134,32758.0,2.44007992744446
seeded_ic_v1,44980010,-0.006706,0.027246,-3.890225,9.815707,0.709514,0.30509102,adaptive_ramp_v1,18.0,0.08,12.284681797027588,adaptive_brake,0.1705123037099838,0.2084619551897049,0.2452981173992157,0.0248585548251867,0.0034256069920957,-0.2916968464851379,-0.0958731845021247,0.0232685673981905,-3.854320526123047,0.1636154949665069,-0.976637840270996,1.586991310119629,31843,32257,32457,32505,0.95,qplite_builtin,opp_m2_10000,0,10000,0,0,1.0911999999999973,0.352,0.0660869279712977,0.015256960876286,-0.0045867436565458,0.0253760907799005,0.724005401134491,0.0003532590344548,-0.0003530000976752,-0.0042478055693209,-0.015256960876286,0.0009026165353134,32758.0,2.4588775634765643
seeded_ic_v1,44980010,-0.006706,0.027246,-3.890225,9.815707,0.709514,0.30509102,adaptive_ramp_v1,18.0,0.08,12.28489065170288,adaptive_brake,0.1705123037099838,0.2084619551897049,0.2452981173992157,0.0248585548251867,0.0034256069920957,-0.2916968464851379,-0.091853842139244,0.043166384100914,-3.820955753326416,0.2937211692333221,-0.91560298204422,1.5869134664535522,31843,32257,32457,32505,0.95,qplite_builtin,opp_m2_10000,0,10000,0,0,1.0911999999999973,0.352,0.0660869279712977,0.015256960876286,-0.0045867436565458,0.0253760907799005,0.724005401134491,0.0003532590344548,-0.0003530000976752,-0.0042478055693209,-0.015256960876286,0.0009026165353134,32758.0,2.4590864181518572
seeded_ic_v1,44980010,-0.006706,0.027246,-3.890225,9.815707,0.709514,0.30509102,adaptive_ramp_v1,18.0,0.08,12.284971952438354,adaptive_brake,0.1705123037099838,0.2084619551897049,0.2452981173992157,0.0248585548251867,0.0034256069920957,-0.2916968464851379,-0.091853842139244,0.043166384100914,-3.820955753326416,0.2937211692333221,-0.91560298204422,1.5869134664535522,31863,32275,32471,32505,0.95,qplite_builtin,opp_m2_10000,0,10000,0,0,1.0911999999999973,0.352,0.0660869279712977,0.015256960876286,-0.0045867436565458,0.0253760907799005,0.724005401134491,0.0003532590344548,-0.0003530000976752,-0.0042478055693209,-0.015256960876286,0.0009026165353134,32758.0,2.459167718887331
seeded_ic_v1,44980010,-0.006706,0.027246,-3.890225,9.815707,0.709514,0.30509102,adaptive_ramp_v1,18.0,0.08,12.304773092269896,adaptive_brake,0.1709949672222137,0.2085609883069992,0.2394751459360122,0.0246632136404514,0.0038761286996304,-0.2938888072967529,-0.091853842139244,0.043166384100914,-3.820955753326416,0.2937211692333221,-0.91560298204422,1.5869134664535522,31863,32275,32471,32505,0.95,qplite_builtin,opp_m2_10000,0,10000,0,0,1.0911999999999973,0.352,0.0660869279712977,0.015256960876286,-0.0045867436565458,0.0253760907799005,0.724005401134491,0.0003532590344548,-0.0003530000976752,-0.0042478055693209,-0.015256960876286,0.0009026165353134,32758.0,2.478968858718872
seeded_ic_v1,44980010,-0.006706,0.027246,-3.890225,9.815707,0.709514,0.30509102,adaptive_ramp_v1,18.0,0.08,12.30493450164795,adaptive_brake,0.1709949672222137,0.2085609883069992,0.2394751459360122,0.0246632136404514,0.0038761286996304,-0.2938888072967529,-0.0855052396655082,0.0608001127839088,-3.78918981552124,0.3665708303451538,-0.854629397392273,1.5869133472442627,31863,32275,32471,32505,0.95,qplite_builtin,opp_m2_10000,0,10000,0,0,1.0911999999999973,0.352,0.0660869279712977,0.015256960876286,-0.0045867436565458,0.0253760907799005,0.724005401134491,0.0003532590344548,-0.0003530000976752,-0.0042478055693209,-0.015256960876286,0.0009026165353134,32758.0,2.4791302680969256
seeded_ic_v1,44980010,-0.006706,0.027246,-3.890225,9.815707,0.709514,0.30509102,adaptive_ramp_v1,18.0,0.08,12.305004119873049,adaptive_brake,0.1709949672222137,0.2085609883069992,0.2394751459360122,0.0246632136404514,0.0038761286996304,-0.2938888072967529,-0.0855052396655082,0.0608001127839088,-3.78918981552124,0.3665708303451538,-0.854629397392273,1.5869133472442627,31841,32257,32483,32505,0.95,qplite_builtin,opp_m2_10000,0,10000,0,0,1.0911999999999973,0.352,0.0660869279712977,0.015256960876286,-0.0045867436565458,0.0253760907799005,0.724005401134491,0.0003532590344548,-0.0003530000976752,-0.0042478055693209,-0.015256960876286,0.0009026165353134,32758.0,2.479199886322025
seeded_ic_v1,44980010,-0.006706,0.027246,-3.890225,9.815707,0.709514,0.30509102,adaptive_ramp_v1,18.0,0.08,12.324736833572388,adaptive_brake,0.1714729964733123,0.2086683213710785,0.2335899919271469,0.0244070384651422,0.0043048025108873,-0.296081393957138,-0.0855052396655082,0.0608001127839088,-3.78918981552124,0.3665708303451538,-0.854629397392273,1.5869133472442627,31841,32257,32483,32505,0.95,qplite_builtin,opp_m2_10000,0,10000,0,0,1.0911999999999973,0.352,0.0660869279712977,0.015256960876286,-0.0045867436565458,0.0253760907799005,0.724005401134491,0.0003532590344548,-0.0003530000976752,-0.0042478055693209,-0.015256960876286,0.0009026165353134,32758.0,2.498932600021364
seeded_ic_v1,44980010,-0.006706,0.027246,-3.890225,9.815707,0.709514,0.30509102,adaptive_ramp_v1,18.0,0.08,12.324979066848757,adaptive_brake,0.1714729964733123,0.2086683213710785,0.2335899919271469,0.0244070384651422,0.0043048025108873,-0.296081393957138,-0.0775897428393364,0.0770967900753021,-3.757429599761963,0.4392367303371429,-0.7935751080513,1.5869133472442627,31841,32257,32483,32505,0.95,qplite_builtin,opp_m2_10000,0,10000,0,0,1.0911999999999973,0.352,0.0660869279712977,0.015256960876286,-0.0045867436565458,0.0253760907799005,0.724005401134491,0.0003532590344548,-0.0003530000976752,-0.0042478055693209,-0.015256960876286,0.0009026165353134,32758.0,2.499174833297733
seeded_ic_v1,44980010,-0.006706,0.027246,-3.890225,9.815707,0.709514,0.30509102,adaptive_ramp_v1,18.0,0.08,12.325034856796265,adaptive_brake,0.1714729964733123,0.2086683213710785,0.2335899919271469,0.0244070384651422,0.0043048025108873,-0.296081393957138,-0.0775897428393364,0.0770967900753021,-3.757429599761963,0.4392367303371429,-0.7935751080513,1.5869133472442627,32523,32273,33161,32505,0.95,qplite_builtin,opp_m2_10000,0,10000,0,0,1.0911999999999973,0.352,0.0660869279712977,0.015256960876286,-0.0045867436565458,0.0253760907799005,0.724005401134491,0.0003532590344548,-0.0003530000976752,-0.0042478055693209,-0.015256960876286,0.0009026165353134,32758.0,2.499230623245241
seeded_ic_v1,44980010,-0.006706,0.027246,-3.890225,9.815707,0.709514,0.30509102,adaptive_ramp_v1,18.0,0.08,12.34494948387146,adaptive_brake,0.1719972193241119,0.2087865620851516,0.2270405888557434,0.0240838546305894,0.0047002835199236,-0.2985952794551849,-0.0775897428393364,0.0770967900753021,-3.757429599761963,0.4392367303371429,-0.7935751080513,1.5869133472442627,32523,32273,33161,32505,0.95,qplite_builtin,opp_m2_10000,0,10000,0,0,1.0911999999999973,0.352,0.0660869279712977,0.015256960876286,-0.0045867436565458,0.0253760907799005,0.724005401134491,0.0003532590344548,-0.0003530000976752,-0.0042478055693209,-0.015256960876286,0.0009026165353134,32758.0,2.5191452503204363
seeded_ic_v1,44980010,-0.006706,0.027246,-3.890225,9.815707,0.709514,0.30509102,adaptive_ramp_v1,18.0,0.08,12.345255851745604,adaptive_brake,0.1719972193241119,0.2087865620851516,0.2270405888557434,0.0240838546305894,0.0047002835199236,-0.2985952794551849,-0.0671699568629264,0.0936983674764633,-3.722496509552002,0.5377380847930908,-0.7068263292312622,1.5869133472442627,32523,32273,33161,32505,0.95,qplite_builtin,opp_m2_10000,0,10000,0,0,1.0911999999999973,0.352,0.0660869279712977,0.015256960876286,-0.0045867436565458,0.0253760907799005,0.724005401134491,0.0003532590344548,-0.0003530000976752,-0.0042478055693209,-0.015256960876286,0.0009026165353134,32758.0,2.51945161819458
seeded_ic_v1,44980010,-0.006706,0.027246,-3.890225,9.815707,0.709514,0.30509102,adaptive_ramp_v1,18.0,0.08,12.345305919647217,adaptive_brake,0.1719972193241119,0.2087865620851516,0.2270405888557434,0.0240838546305894,0.0047002835199236,-0.2985952794551849,-0.0671699568629264,0.0936983674764633,-3.722496509552002,0.5377380847930908,-0.7068263292312622,1.5869133472442627,32649,32317,33231,32505,0.95,qplite_builtin,opp_m2_10000,0,10000,0,0,1.0911999999999973,0.352,0.0660869279712977,0.015256960876286,-0.0045867436565458,0.0253760907799005,0.724005401134491,0.0003532590344548,-0.0003530000976752,-0.0042478055693209,-0.015256960876286,0.0009026165353134,32758.0,2.519501686096193
seeded_ic_v1,44980010,-0.006706,0.027246,-3.890225,9.815707,0.709514,0.30509102,adaptive_ramp_v1,18.0,0.08,12.364612340927124,adaptive_brake,0.1722154170274734,0.2088578939437866,0.2241640836000442,0.0238381102681159,0.0049437507987022,-0.2991369962692261,-0.0671699568629264,0.0936983674764633,-3.722496509552002,0.5377380847930908,-0.7068263292312622,1.5869133472442627,32649,32317,33231,32505,0.95,qplite_builtin,opp_m2_10000,0,10000,0,0,1.0911999999999973,0.352,0.0660869279712977,0.015256960876286,-0.0045867436565458,0.0253760907799005,0.724005401134491,0.0003532590344548,-0.0003530000976752,-0.0042478055693209,-0.015256960876286,0.0009026165353134,32758.0,2.5388081073761004
seeded_ic_v1,44980010,-0.006706,0.027246,-3.890225,9.815707,0.709514,0.30509102,adaptive_ramp_v1,18.0,0.08,12.36481523513794,adaptive_brake,0.1722154170274734,0.2088578939437866,0.2241640836000442,0.0238381102681159,0.0049437507987022,-0.2991369962692261,-0.0617592073976993,0.1005495116114616,-3.706619739532471,0.6126512289047241,-0.6101999282836914,1.648127794265747,32649,32317,33231,32505,0.95,qplite_builtin,opp_m2_10000,0,10000,0,0,1.0911999999999973,0.352,0.0660869279712977,0.015256960876286,-0.0045867436565458,0.0253760907799005,0.724005401134491,0.0003532590344548,-0.0003530000976752,-0.0042478055693209,-0.015256960876286,0.0009026165353134,32758.0,2.539011001586916
seeded_ic_v1,44980010,-0.006706,0.027246,-3.890225,9.815707,0.709514,0.30509102,adaptive_ramp_v1,18.0,0.08,12.364881992340088,adaptive_brake,0.1722154170274734,0.2088578939437866,0.2241640836000442,0.0238381102681159,0.0049437507987022,-0.2991369962692261,-0.0617592073976993,0.1005495116114616,-3.706619739532471,0.6126512289047241,-0.6101999282836914,1.648127794265747,31901,32287,32473,32505,0.95,qplite_builtin,opp_m2_10000,0,10000,0,0,1.0911999999999973,0.352,0.0660869279712977,0.015256960876286,-0.0045867436565458,0.0253760907799005,0.724005401134491,0.0003532590344548,-0.0003530000976752,-0.0042478055693209,-0.015256960876286,0.0009026165353134,32758.0,2.5390777587890643
seeded_ic_v1,44980010,-0.006706,0.027246,-3.890225,9.815707,0.709514,0.30509102,adaptive_ramp_v1,18.0,0.08,12.384664058685305,adaptive_brake,0.1729015707969665,0.2090351283550262,0.2152179777622223,0.0232267640531063,0.0053771995007991,-0.3022683262825012,-0.0617592073976993,0.1005495116114616,-3.706619739532471,0.6126512289047241,-0.6101999282836914,1.648127794265747,31901,32287,32473,32505,0.95,qplite_builtin,opp_m2_10000,0,10000,0,0,1.0911999999999973,0.352,0.0660869279712977,0.015256960876286,-0.0045867436565458,0.0253760907799005,0.724005401134491,0.0003532590344548,-0.0003530000976752,-0.0042478055693209,-0.015256960876286,0.0009026165353134,32758.0,2.558859825134281
seeded_ic_v1,44980010,-0.006706,0.027246,-3.890225,9.815707,0.709514,0.30509102,adaptive_ramp_v1,18.0,0.08,12.3848295211792,adaptive_brake,0.1729015707969665,0.2090351283550262,0.2152179777622223,0.0232267640531063,0.0053771995007991,-0.3022683262825012,-0.0438778810203075,0.118721954524517,-3.657576084136963,0.6492940187454224,-0.5456960797309875,1.6479554176330566,31901,32287,32473,32505,0.95,qplite_builtin,opp_m2_10000,0,10000,0,0,1.0911999999999973,0.352,0.0660869279712977,0.015256960876286,-0.0045867436565458,0.0253760907799005,0.724005401134491,0.0003532590344548,-0.0003530000976752,-0.0042478055693209,-0.015256960876286,0.0009026165353134,32758.0,2.5590252876281756
seeded_ic_v1,44980010,-0.006706,0.027246,-3.890225,9.815707,0.709514,0.30509102,adaptive_ramp_v1,18.0,0.08,12.3849036693573,adaptive_brake,0.1729015707969665,0.2090351283550262,0.2152179777622223,0.0232267640531063,0.0053771995007991,-0.3022683262825012,-0.0438778810203075,0.118721954524517,-3.657576084136963,0.6492940187454224,-0.5456960797309875,1.6479554176330566,32657,32359,33229,32505,0.95,qplite_builtin,opp_m2_10000,0,10000,0,0,1.0911999999999973,0.352,0.0660869279712977,0.015256960876286,-0.0045867436565458,0.0253760907799005,0.724005401134491,0.0003532590344548,-0.0003530000976752,-0.0042478055693209,-0.015256960876286,0.0009026165353134,32758.0,2.559099435806276
seeded_ic_v1,44980010,-0.006706,0.027246,-3.890225,9.815707,0.709514,0.30509102,adaptive_ramp_v1,18.0,0.08,12.404760360717772,adaptive_brake,0.1733419895172119,0.2091673016548156,0.2091984897851944,0.0227429177612066,0.0056506632827222,-0.3042011559009552,-0.0438778810203075,0.118721954524517,-3.657576084136963,0.6492940187454224,-0.5456960797309875,1.6479554176330566,32657,32359,33229,32505,0.95,qplite_builtin,opp_m2_10000,0,10000,0,0,1.0911999999999973,0.352,0.0660869279712977,0.015256960876286,-0.0045867436565458,0.0253760907799005,0.724005401134491,0.0003532590344548,-0.0003530000976752,-0.0042478055693209,-0.015256960876286,0.0009026165353134,32758.0,2.578956127166748
seeded_ic_v1,44980010,-0.006706,0.027246,-3.890225,9.815707,0.709514,0.30509102,adaptive_ramp_v1,18.0,0.08,12.405092239379885,adaptive_brake,0.1733419895172119,0.2091673016548156,0.2091984897851944,0.0227429177612066,0.0056506632827222,-0.3042011559009552,-0.0305822938680648,0.128445953130722,-3.624610424041748,0.6713873744010925,-0.4243811964988708,1.6479485034942627,32657,32359,33229,32505,0.95,qplite_builtin,opp_m2_10000,0,10000,0,0,1.0911999999999973,0.352,0.0660869279712977,0.015256960876286,-0.0045867436565458,0.0253760907799005,0.724005401134491,0.0003532590344548,-0.0003530000976752,-0.0042478055693209,-0.015256960876286,0.0009026165353134,32758.0,2.579288005828861
seeded_ic_v1,44980010,-0.006706,0.027246,-3.890225,9.815707,0.709514,0.30509102,adaptive_ramp_v1,18.0,0.08,12.4051833152771,adaptive_brake,0.1733419895172119,0.2091673016548156,0.2091984897851944,0.0227429177612066,0.0056506632827222,-0.3042011559009552,-0.0305822938680648,0.128445953130722,-3.624610424041748,0.6713873744010925,-0.4243811964988708,1.6479485034942627,31915,32305,32501,32505,0.95,qplite_builtin,opp_m2_10000,0,10000,0,0,1.0911999999999973,0.352,0.0660869279712977,0.015256960876286,-0.0045867436565458,0.0253760907799005,0.724005401134491,0.0003532590344548,-0.0003530000976752,-0.0042478055693209,-0.015256960876286,0.0009026165353134,32758.0,2.579379081726076
seeded_ic_v1,44980010,-0.006706,0.027246,-3.890225,9.815707,0.709514,0.30509102,adaptive_ramp_v1,18.0,0.08,12.425071716308594,adaptive_brake,0.1737734377384185,0.2093034237623214,0.2031158357858657,0.0222294833511114,0.0058754370547831,-0.3060979545116424,-0.0305822938680648,0.128445953130722,-3.624610424041748,0.6713873744010925,-0.4243811964988708,1.6479485034942627,31915,32305,32501,32505,0.95,qplite_builtin,opp_m2_10000,0,10000,0,0,1.0911999999999973,0.352,0.0660869279712977,0.015256960876286,-0.0045867436565458,0.0253760907799005,0.724005401134491,0.0003532590344548,-0.0003530000976752,-0.0042478055693209,-0.015256960876286,0.0009026165353134,32758.0,2.59926748275757
seeded_ic_v1,44980010,-0.006706,0.027246,-3.890225,9.815707,0.709514,0.30509102,adaptive_ramp_v1,18.0,0.08,12.425386428833008,adaptive_brake,0.1737734377384185,0.2093034237623214,0.2031158357858657,0.0222294833511114,0.0058754370547831,-0.3060979545116424,-0.0166049748659133,0.1360767930746078,-3.5917282104492188,0.7324993014335632,-0.3095133900642395,1.5911129713058472,31915,32305,32501,32505,0.95,qplite_builtin,opp_m2_10000,0,10000,0,0,1.0911999999999973,0.352,0.0660869279712977,0.015256960876286,-0.0045867436565458,0.0253760907799005,0.724005401134491,0.0003532590344548,-0.0003530000976752,-0.0042478055693209,-0.015256960876286,0.0009026165353134,32758.0,2.599582195281984
seeded_ic_v1,44980010,-0.006706,0.027246,-3.890225,9.815707,0.709514,0.30509102,adaptive_ramp_v1,18.0,0.08,12.425502300262451,adaptive_brake,0.1737734377384185,0.2093034237623214,0.2031158357858657,0.0222294833511114,0.0058754370547831,-0.3060979545116424,-0.0166049748659133,0.1360767930746078,-3.5917282104492188,0.7324993014335632,-0.3095133900642395,1.5911129713058472,32647,32325,33197,32505,0.95,qplite_builtin,opp_m2_10000,0,10000,0,0,1.0911999999999973,0.352,0.0660869279712977,0.015256960876286,-0.0045867436565458,0.0253760907799005,0.724005401134491,0.0003532590344548,-0.0003530000976752,-0.0042478055693209,-0.015256960876286,0.0009026165353134,32758.0,2.5996980667114276
seeded_ic_v1,44980010,-0.006706,0.027246,-3.890225,9.815707,0.709514,0.30509102,adaptive_ramp_v1,18.0,0.08,12.444897174835203,adaptive_brake,0.1741952300071716,0.2094423770904541,0.1969750374555587,0.0216929484158754,0.0060477703809738,-0.3080264329910278,-0.0166049748659133,0.1360767930746078,-3.5917282104492188,0.7324993014335632,-0.3095133900642395,1.5911129713058472,32647,32325,33197,32505,0.95,qplite_builtin,opp_m2_10000,0,10000,0,0,1.0911999999999973,0.352,0.0660869279712977,0.015256960876286,-0.0045867436565458,0.0253760907799005,0.724005401134491,0.0003532590344548,-0.0003530000976752,-0.0042478055693209,-0.015256960876286,0.0009026165353134,32758.0,2.6190929412841797
seeded_ic_v1,44980010,-0.006706,0.027246,-3.890225,9.815707,0.709514,0.30509102,adaptive_ramp_v1,18.0,0.08,12.445160150527954,adaptive_brake,0.1741952300071716,0.2094423770904541,0.1969750374555587,0.0216929484158754,0.0060477703809738,-0.3080264329910278,-0.0020336932502686,0.1415574997663498,-3.559985876083374,0.7324213981628418,-0.2409598976373672,1.5869077444076538,32647,32325,33197,32505,0.95,qplite_builtin,opp_m2_10000,0,10000,0,0,1.0911999999999973,0.352,0.0660869279712977,0.015256960876286,-0.0045867436565458,0.0253760907799005,0.724005401134491,0.0003532590344548,-0.0003530000976752,-0.0042478055693209,-0.015256960876286,0.0009026165353134,32758.0,2.6193559169769305
seeded_ic_v1,44980010,-0.006706,0.027246,-3.890225,9.815707,0.709514,0.30509102,adaptive_ramp_v1,18.0,0.08,12.445247411727903,adaptive_brake,0.1741952300071716,0.2094423770904541,0.1969750374555587,0.0216929484158754,0.0060477703809738,-0.3080264329910278,-0.0020336932502686,0.1415574997663498,-3.559985876083374,0.7324213981628418,-0.2409598976373672,1.5869077444076538,32641,32359,33201,32505,0.95,qplite_builtin,opp_m2_10000,0,10000,0,0,1.0911999999999973,0.352,0.0660869279712977,0.015256960876286,-0.0045867436565458,0.0253760907799005,0.724005401134491,0.0003532590344548,-0.0003530000976752,-0.0042478055693209,-0.015256960876286,0.0009026165353134,32758.0,2.61944317817688
seeded_ic_v1,44980010,-0.006706,0.027246,-3.890225,9.815707,0.709514,0.30509102,adaptive_ramp_v1,18.0,0.08,12.464650630950928,adaptive_brake,0.1746068745851516,0.2095830738544464,0.1907796561717987,0.0211399141699075,0.0061660930514335,-0.310019701719284,-0.0020336932502686,0.1415574997663498,-3.559985876083374,0.7324213981628418,-0.2409598976373672,1.5869077444076538,32641,32359,33201,32505,0.95,qplite_builtin,opp_m2_10000,0,10000,0,0,1.0911999999999973,0.352,0.0660869279712977,0.015256960876286,-0.0045867436565458,0.0253760907799005,0.724005401134491,0.0003532590344548,-0.0003530000976752,-0.0042478055693209,-0.015256960876286,0.0009026165353134,32758.0,2.638846397399904
seeded_ic_v1,44980010,-0.006706,0.027246,-3.890225,9.815707,0.709514,0.30509102,adaptive_ramp_v1,18.0,0.08,12.46485185623169,adaptive_brake,0.1746068745851516,0.2095830738544464,0.1907796561717987,0.0211399141699075,0.0061660930514335,-0.310019701719284,0.0125368060544133,0.14537113904953,-3.5288729667663574,0.732421875,-0.1263222694396972,1.525801181793213,32641,32359,33201,32505,0.95,qplite_builtin,opp_m2_10000,0,10000,0,0,1.0911999999999973,0.352,0.0660869279712977,0.015256960876286,-0.0045867436565458,0.0253760907799005,0.724005401134491,0.0003532590344548,-0.0003530000976752,-0.0042478055693209,-0.015256960876286,0.0009026165353134,32758.0,2.639047622680666
seeded_ic_v1,44980010,-0.006706,0.027246,-3.890225,9.815707,0.709514,0.30509102,adaptive_ramp_v1,18.0,0.08,12.464920043945312,adaptive_brake,0.1746068745851516,0.2095830738544464,0.1907796561717987,0.0211399141699075,0.0061660930514335,-0.310019701719284,0.0125368060544133,0.14537113904953,-3.5288729667663574,0.732421875,-0.1263222694396972,1.525801181793213,31945,32313,32455,32505,0.95,qplite_builtin,opp_m2_10000,0,10000,0,0,1.0911999999999973,0.352,0.0660869279712977,0.015256960876286,-0.0045867436565458,0.0253760907799005,0.724005401134491,0.0003532590344548,-0.0003530000976752,-0.0042478055693209,-0.015256960876286,0.0009026165353134,32758.0,2.639115810394289
seeded_ic_v1,44980010,-0.006706,0.027246,-3.890225,9.815707,0.709514,0.30509102,adaptive_ramp_v1,18.0,0.08,12.48467779159546,adaptive_brake,0.1750080585479736,0.2097243964672088,0.1845320016145706,0.020575514063239,0.0062298779375851,-0.3120710849761963,0.0125368060544133,0.14537113904953,-3.5288729667663574,0.732421875,-0.1263222694396972,1.525801181793213,31945,32313,32455,32505,0.95,qplite_builtin,opp_m2_10000,0,10000,0,0,1.0911999999999973,0.352,0.0660869279712977,0.015256960876286,-0.0045867436565458,0.0253760907799005,0.724005401134491,0.0003532590344548,-0.0003530000976752,-0.0042478055693209,-0.015256960876286,0.0009026165353134,32758.0,2.658873558044437
seeded_ic_v1,44980010,-0.006706,0.027246,-3.890225,9.815707,0.709514,0.30509102,adaptive_ramp_v1,18.0,0.08,12.48492670059204,adaptive_brake,0.1750080585479736,0.2097243964672088,0.1845320016145706,0.020575514063239,0.0062298779375851,-0.3120710849761963,0.0271071959286928,0.1475796401500702,-3.4983556270599365,0.732421875,-0.0581105425953865,1.525879144668579,31945,32313,32455,32505,0.95,qplite_builtin,opp_m2_10000,0,10000,0,0,1.0911999999999973,0.352,0.0660869279712977,0.015256960876286,-0.0045867436565458,0.0253760907799005,0.724005401134491,0.0003532590344548,-0.0003530000976752,-0.0042478055693209,-0.015256960876286,0.0009026165353134,32758.0,2.6591224670410156
seeded_ic_v1,44980010,-0.006706,0.027246,-3.890225,9.815707,0.709514,0.30509102,adaptive_ramp_v1,18.0,0.08,12.4850594997406,adaptive_brake,0.1750080585479736,0.2097243964672088,0.1845320016145706,0.020575514063239,0.0062298779375851,-0.3120710849761963,0.0271071959286928,0.1475796401500702,-3.4983556270599365,0.732421875,-0.0581105425953865,1.525879144668579,32633,32361,33143,32505,0.95,qplite_builtin,opp_m2_10000,0,10000,0,0,1.0911999999999973,0.352,0.0660869279712977,0.015256960876286,-0.0045867436565458,0.0253760907799005,0.724005401134491,0.0003532590344548,-0.0003530000976752,-0.0042478055693209,-0.015256960876286,0.0009026165353134,32758.0,2.659255266189577
seeded_ic_v1,44980010,-0.006706,0.027246,-3.890225,9.815707,0.709514,0.30509102,adaptive_ramp_v1,18.0,0.08,12.504740238189695,adaptive_brake,0.1753984689712524,0.2098651975393295,0.1782334744930267,0.0200045779347419,0.0062388512305915,-0.3142350018024444,0.0271071959286928,0.1475796401500702,-3.4983556270599365,0.732421875,-0.0581105425953865,1.525879144668579,32633,32361,33143,32505,0.95,qplite_builtin,opp_m2_10000,0,10000,0,0,1.0911999999999973,0.352,0.0660869279712977,0.015256960876286,-0.0045867436565458,0.0253760907799005,0.724005401134491,0.0003532590344548,-0.0003530000976752,-0.0042478055693209,-0.015256960876286,0.0009026165353134,32758.0,2.678936004638672
seeded_ic_v1,44980010,-0.006706,0.027246,-3.890225,9.815707,0.709514,0.30509102,adaptive_ramp_v1,18.0,0.08,12.505124807357788,adaptive_brake,0.1753984689712524,0.2098651975393295,0.1782334744930267,0.0200045779347419,0.0062388512305915,-0.3142350018024444,0.0413022562861442,0.1486775130033493,-3.467838764190674,0.6693136692047119,0.0001821269397623,1.5258790254592896,32633,32361,33143,32505,0.95,qplite_builtin,opp_m2_10000,0,10000,0,0,1.0911999999999973,0.352,0.0660869279712977,0.015256960876286,-0.0045867436565458,0.0253760907799005,0.724005401134491,0.0003532590344548,-0.0003530000976752,-0.0042478055693209,-0.015256960876286,0.0009026165353134,32758.0,2.6793205738067645
seeded_ic_v1,44980010,-0.006706,0.027246,-3.890225,9.815707,0.709514,0.30509102,adaptive_ramp_v1,18.0,0.08,12.505194902420044,adaptive_brake,0.1753984689712524,0.2098651975393295,0.1782334744930267,0.0200045779347419,0.0062388512305915,-0.3142350018024444,0.0413022562861442,0.1486775130033493,-3.467838764190674,0.6693136692047119,0.0001821269397623,1.5258790254592896,31965,32333,32467,32505,0.95,qplite_builtin,opp_m2_10000,0,10000,0,0,1.0911999999999973,0.352,0.0660869279712977,0.015256960876286,-0.0045867436565458,0.0253760907799005,0.724005401134491,0.0003532590344548,-0.0003530000976752,-0.0042478055693209,-0.015256960876286,0.0009026165353134,32758.0,2.6793906688690203
seeded_ic_v1,44980010,-0.006706,0.027246,-3.890225,9.815707,0.709514,0.30509102,adaptive_ramp_v1,18.0,0.08,12.524887561798096,adaptive_brake,0.1757779568433761,0.2100044190883636,0.1718855798244476,0.0194305535405874,0.0061947163194417,-0.3163887858390808,0.0413022562861442,0.1486775130033493,-3.467838764190674,0.6693136692047119,0.0001821269397623,1.5258790254592896,31965,32333,32467,32505,0.95,qplite_builtin,opp_m2_10000,0,10000,0,0,1.0911999999999973,0.352,0.0660869279712977,0.015256960876286,-0.0045867436565458,0.0253760907799005,0.724005401134491,0.0003532590344548,-0.0003530000976752,-0.0042478055693209,-0.015256960876286,0.0009026165353134,32758.0,2.699083328247072
seeded_ic_v1,44980010,-0.006706,0.027246,-3.890225,9.815707,0.709514,0.30509102,adaptive_ramp_v1,18.0,0.08,12.525193452835085,adaptive_brake,0.1757779568433761,0.2100044190883636,0.1718855798244476,0.0194305535405874,0.0061947163194417,-0.3163887858390808,0.0546459965407848,0.1486945301294326,-3.4380698204040527,0.671385645866394,6.499589289887808e-06,1.4649803638458252,31965,32333,32467,32505,0.95,qplite_builtin,opp_m2_10000,0,10000,0,0,1.0911999999999973,0.352,0.0660869279712977,0.015256960876286,-0.0045867436565458,0.0253760907799005,0.724005401134491,0.0003532590344548,-0.0003530000976752,-0.0042478055693209,-0.015256960876286,0.0009026165353134,32758.0,2.699389219284061
seeded_ic_v1,44980010,-0.006706,0.027246,-3.890225,9.815707,0.709514,0.30509102,adaptive_ramp_v1,18.0,0.08,12.525344133377075,adaptive_brake,0.1757779568433761,0.2100044190883636,0.1718855798244476,0.0194305535405874,0.0061947163194417,-0.3163887858390808,0.0546459965407848,0.1486945301294326,-3.4380698204040527,0.671385645866394,6.499589289887808e-06,1.4649803638458252,32617,32395,33125,32505,0.95,qplite_builtin,opp_m2_10000,0,10000,0,0,1.0911999999999973,0.352,0.0660869279712977,0.015256960876286,-0.0045867436565458,0.0253760907799005,0.724005401134491,0.0003532590344548,-0.0003530000976752,-0.0042478055693209,-0.015256960876286,0.0009026165353134,32758.0,2.6995398998260516
seeded_ic_v1,44980010,-0.006706,0.027246,-3.890225,9.815707,0.709514,0.30509102,adaptive_ramp_v1,18.0,0.08,12.545066595077516,adaptive_brake,0.175974041223526,0.2100852578878402,0.1683882474899292,0.0190803054720163,0.0061777159571647,-0.3174870908260345,0.0546459965407848,0.1486945301294326,-3.4380698204040527,0.671385645866394,6.499589289887808e-06,1.4649803638458252,32617,32395,33125,32505,0.95,qplite_builtin,opp_m2_10000,0,10000,0,0,1.0911999999999973,0.352,0.0660869279712977,0.015256960876286,-0.0045867436565458,0.0253760907799005,0.724005401134491,0.0003532590344548,-0.0003530000976752,-0.0042478055693209,-0.015256960876286,0.0009026165353134,32758.0,2.719262361526493
seeded_ic_v1,44980010,-0.006706,0.027246,-3.890225,9.815707,0.709514,0.30509102,adaptive_ramp_v1,18.0,0.08,12.545245885849,adaptive_brake,0.175974041223526,0.2100852578878402,0.1683882474899292,0.0190803054720163,0.0061777159571647,-0.3174870908260345,0.0619894415140152,0.148484319448471,-3.4219560623168945,0.6713864803314209,0.1367446184158325,1.464843988418579,32617,32395,33125,32505,0.95,qplite_builtin,opp_m2_10000,0,10000,0,0,1.0911999999999973,0.352,0.0660869279712977,0.015256960876286,-0.0045867436565458,0.0253760907799005,0.724005401134491,0.0003532590344548,-0.0003530000976752,-0.0042478055693209,-0.015256960876286,0.0009026165353134,32758.0,2.719441652297977
seeded_ic_v1,44980010,-0.006706,0.027246,-3.890225,9.815707,0.709514,0.30509102,adaptive_ramp_v1,18.0,0.08,12.545344114303589,adaptive_brake,0.175974041223526,0.2100852578878402,0.1683882474899292,0.0190803054720163,0.0061777159571647,-0.3174870908260345,0.0619894415140152,0.148484319448471,-3.4219560623168945,0.6713864803314209,0.1367446184158325,1.464843988418579,31997,32369,32459,32505,0.95,qplite_builtin,opp_m2_10000,0,10000,0,0,1.0911999999999973,0.352,0.0660869279712977,0.015256960876286,-0.0045867436565458,0.0253760907799005,0.724005401134491,0.0003532590344548,-0.0003530000976752,-0.0042478055693209,-0.015256960876286,0.0009026165353134,32758.0,2.7195398807525653
seeded_ic_v1,44980010,-0.006706,0.027246,-3.890225,9.815707,0.709514,0.30509102,adaptive_ramp_v1,18.0,0.08,12.564658880233765,adaptive_brake,0.1763488948345184,0.2102236300706863,0.1617797613143921,0.0184546560049057,0.0060330983251333,-0.318997174501419,0.0619894415140152,0.148484319448471,-3.4219560623168945,0.6713864803314209,0.1367446184158325,1.464843988418579,31997,32369,32459,32505,0.95,qplite_builtin,opp_m2_10000,0,10000,0,0,1.0911999999999973,0.352,0.0660869279712977,0.015256960876286,-0.0045867436565458,0.0253760907799005,0.724005401134491,0.0003532590344548,-0.0003530000976752,-0.0042478055693209,-0.015256960876286,0.0009026165353134,32758.0,2.738854646682741
seeded_ic_v1,44980010,-0.006706,0.027246,-3.890225,9.815707,0.709514,0.30509102,adaptive_ramp_v1,18.0,0.08,12.564799785614014,adaptive_brake,0.1763488948345184,0.2102236300706863,0.1617797613143921,0.0184546560049057,0.0060330983251333,-0.318997174501419,0.0760095342993736,0.145564779639244,-3.391190767288208,0.6076682209968567,0.2470326721668243,1.4011250734329224,31997,32369,32459,32505,0.95,qplite_builtin,opp_m2_10000,0,10000,0,0,1.0911999999999973,0.352,0.0660869279712977,0.015256960876286,-0.0045867436565458,0.0253760907799005,0.724005401134491,0.0003532590344548,-0.0003530000976752,-0.0042478055693209,-0.015256960876286,0.0009026165353134,32758.0,2.73899555206299
seeded_ic_v1,44980010,-0.006706,0.027246,-3.890225,9.815707,0.709514,0.30509102,adaptive_ramp_v1,18.0,0.08,12.564855813980104,adaptive_brake,0.1763488948345184,0.2102236300706863,0.1617797613143921,0.0184546560049057,0.0060330983251333,-0.318997174501419,0.0760095342993736,0.145564779639244,-3.391190767288208,0.6076682209968567,0.2470326721668243,1.4011250734329224,31991,32363,32439,32505,0.95,qplite_builtin,opp_m2_10000,0,10000,0,0,1.0911999999999973,0.352,0.0660869279712977,0.015256960876286,-0.0045867436565458,0.0253760907799005,0.724005401134491,0.0003532590344548,-0.0003530000976752,-0.0042478055693209,-0.015256960876286,0.0009026165353134,32758.0,2.7390515804290807
seeded_ic_v1,44980010,-0.006706,0.027246,-3.890225,9.815707,0.709514,0.30509102,adaptive_ramp_v1,18.0,0.08,12.58468770980835,adaptive_brake,0.1766947656869888,0.2103518396615982,0.1554318070411682,0.0178736001253128,0.0058472035452723,-0.3205285668373108,0.0760095342993736,0.145564779639244,-3.391190767288208,0.6076682209968567,0.2470326721668243,1.4011250734329224,31991,32363,32439,32505,0.95,qplite_builtin,opp_m2_10000,0,10000,0,0,1.0911999999999973,0.352,0.0660869279712977,0.015256960876286,-0.0045867436565458,0.0253760907799005,0.724005401134491,0.0003532590344548,-0.0003530000976752,-0.0042478055693209,-0.015256960876286,0.0009026165353134,32758.0,2.758883476257326
seeded_ic_v1,44980010,-0.006706,0.027246,-3.890225,9.815707,0.709514,0.30509102,adaptive_ramp_v1,18.0,0.08,12.58486294746399,adaptive_brake,0.1766947656869888,0.2103518396615982,0.1554318070411682,0.0178736001253128,0.0058472035452723,-0.3205285668373108,0.0881279706954956,0.1409508436918258,-3.3629398345947266,0.5493899583816528,0.3078624308109283,1.4038063287734983,31991,32363,32439,32505,0.95,qplite_builtin,opp_m2_10000,0,10000,0,0,1.0911999999999973,0.352,0.0660869279712977,0.015256960876286,-0.0045867436565458,0.0253760907799005,0.724005401134491,0.0003532590344548,-0.0003530000976752,-0.0042478055693209,-0.015256960876286,0.0009026165353134,32758.0,2.7590587139129656
seeded_ic_v1,44980010,-0.006706,0.027246,-3.890225,9.815707,0.709514,0.30509102,adaptive_ramp_v1,18.0,0.08,12.584932804107666,adaptive_brake,0.1766947656869888,0.2103518396615982,0.1554318070411682,0.0178736001253128,0.0058472035452723,-0.3205285668373108,0.0881279706954956,0.1409508436918258,-3.3629398345947266,0.5493899583816528,0.3078624308109283,1.4038063287734983,32001,32371,32437,32505,0.95,qplite_builtin,opp_m2_10000,0,10000,0,0,1.0911999999999973,0.352,0.0660869279712977,0.015256960876286,-0.0045867436565458,0.0253760907799005,0.724005401134491,0.0003532590344548,-0.0003530000976752,-0.0042478055693209,-0.015256960876286,0.0009026165353134,32758.0,2.7591285705566424
seeded_ic_v1,44980010,-0.006706,0.027246,-3.890225,9.815707,0.709514,0.30509102,adaptive_ramp_v1,18.0,0.08,12.604627847671509,adaptive_brake,0.1770309954881668,0.2104751914739608,0.1490284204483032,0.0173163376748561,0.0056168483570218,-0.3222580254077911,0.0881279706954956,0.1409508436918258,-3.3629398345947266,0.5493899583816528,0.3078624308109283,1.4038063287734983,32001,32371,32437,32505,0.95,qplite_builtin,opp_m2_10000,0,10000,0,0,1.0911999999999973,0.352,0.0660869279712977,0.015256960876286,-0.0045867436565458,0.0253760907799005,0.724005401134491,0.0003532590344548,-0.0003530000976752,-0.0042478055693209,-0.015256960876286,0.0009026165353134,32758.0,2.778823614120485
seeded_ic_v1,44980010,-0.006706,0.027246,-3.890225,9.815707,0.709514,0.30509102,adaptive_ramp_v1,18.0,0.08,12.604780197143556,adaptive_brake,0.1770309954881668,0.2104751914739608,0.1490284204483032,0.0173163376748561,0.0056168483570218,-0.3222580254077911,0.098954938352108,0.1350613683462143,-3.3348538875579834,0.4879219532012939,0.3663916289806366,1.4038084745407104,32001,32371,32437,32505,0.95,qplite_builtin,opp_m2_10000,0,10000,0,0,1.0911999999999973,0.352,0.0660869279712977,0.015256960876286,-0.0045867436565458,0.0253760907799005,0.724005401134491,0.0003532590344548,-0.0003530000976752,-0.0042478055693209,-0.015256960876286,0.0009026165353134,32758.0,2.778975963592533
seeded_ic_v1,44980010,-0.006706,0.027246,-3.890225,9.815707,0.709514,0.30509102,adaptive_ramp_v1,18.0,0.08,12.60490369796753,adaptive_brake,0.1770309954881668,0.2104751914739608,0.1490284204483032,0.0173163376748561,0.0056168483570218,-0.3222580254077911,0.098954938352108,0.1350613683462143,-3.3348538875579834,0.4879219532012939,0.3663916289806366,1.4038084745407104,32011,32347,32407,32505,0.95,qplite_builtin,opp_m2_10000,0,10000,0,0,1.0911999999999973,0.352,0.0660869279712977,0.015256960876286,-0.0045867436565458,0.0253760907799005,0.724005401134491,0.0003532590344548,-0.0003530000976752,-0.0042478055693209,-0.015256960876286,0.0009026165353134,32758.0,2.7790994644165057
seeded_ic_v1,44980010,-0.006706,0.027246,-3.890225,9.815707,0.709514,0.30509102,adaptive_ramp_v1,18.0,0.08,12.62470531463623,adaptive_brake,0.177357941865921,0.2105928361415863,0.1425699740648269,0.0167863834649324,0.005346012301743,-0.3241515457630157,0.098954938352108,0.1350613683462143,-3.3348538875579834,0.4879219532012939,0.3663916289806366,1.4038084745407104,32011,32347,32407,32505,0.95,qplite_builtin,opp_m2_10000,0,10000,0,0,1.0911999999999973,0.352,0.0660869279712977,0.015256960876286,-0.0045867436565458,0.0253760907799005,0.724005401134491,0.0003532590344548,-0.0003530000976752,-0.0042478055693209,-0.015256960876286,0.0009026165353134,32758.0,2.798901081085207
seeded_ic_v1,44980010,-0.006706,0.027246,-3.890225,9.815707,0.709514,0.30509102,adaptive_ramp_v1,18.0,0.08,12.62490177154541,adaptive_brake,0.177357941865921,0.2105928361415863,0.1425699740648269,0.0167863834649324,0.005346012301743,-0.3241515457630157,0.1086595579981803,0.1281389147043228,-3.30676531791687,0.4243289232254028,0.3919498324394226,1.4038084745407104,32011,32347,32407,32505,0.95,qplite_builtin,opp_m2_10000,0,10000,0,0,1.0911999999999973,0.352,0.0660869279712977,0.015256960876286,-0.0045867436565458,0.0253760907799005,0.724005401134491,0.0003532590344548,-0.0003530000976752,-0.0042478055693209,-0.015256960876286,0.0009026165353134,32758.0,2.7990975379943865
seeded_ic_v1,44980010,-0.006706,0.027246,-3.890225,9.815707,0.709514,0.30509102,adaptive_ramp_v1,18.0,0.08,12.624971628189089,adaptive_brake,0.177357941865921,0.2105928361415863,0.1425699740648269,0.0167863834649324,0.005346012301743,-0.3241515457630157,0.1086595579981803,0.1281389147043228,-3.30676531791687,0.4243289232254028,0.3919498324394226,1.4038084745407104,32011,32333,32393,32505,0.95,qplite_builtin,opp_m2_10000,0,10000,0,0,1.0911999999999973,0.352,0.0660869279712977,0.015256960876286,-0.0045867436565458,0.0253760907799005,0.724005401134491,0.0003532590344548,-0.0003530000976752,-0.0042478055693209,-0.015256960876286,0.0009026165353134,32758.0,2.799167394638065
seeded_ic_v1,44980010,-0.006706,0.027246,-3.890225,9.815707,0.709514,0.30509102,adaptive_ramp_v1,18.0,0.08,12.64468264579773,adaptive_brake,0.177677184343338,0.2107017189264297,0.1361076086759567,0.0162889417260885,0.0050253509543836,-0.3258619010448456,0.1086595579981803,0.1281389147043228,-3.30676531791687,0.4243289232254028,0.3919498324394226,1.4038084745407104,32011,32333,32393,32505,0.95,qplite_builtin,opp_m2_10000,0,10000,0,0,1.0911999999999973,0.352,0.0660869279712977,0.015256960876286,-0.0045867436565458,0.0253760907799005,0.724005401134491,0.0003532590344548,-0.0003530000976752,-0.0042478055693209,-0.015256960876286,0.0009026165353134,32758.0,2.818878412246706
seeded_ic_v1,44980010,-0.006706,0.027246,-3.890225,9.815707,0.709514,0.30509102,adaptive_ramp_v1,18.0,0.08,12.644820928573608,adaptive_brake,0.177677184343338,0.2107017189264297,0.1361076086759567,0.0162889417260885,0.0050253509543836,-0.3258619010448456,0.1173724979162216,0.1202449724078178,-3.2786731719970703,0.3639069199562073,0.4272190928459167,1.4038084745407104,32011,32333,32393,32505,0.95,qplite_builtin,opp_m2_10000,0,10000,0,0,1.0911999999999973,0.352,0.0660869279712977,0.015256960876286,-0.0045867436565458,0.0253760907799005,0.724005401134491,0.0003532590344548,-0.0003530000976752,-0.0042478055693209,-0.015256960876286,0.0009026165353134,32758.0,2.819016695022585
seeded_ic_v1,44980010,-0.006706,0.027246,-3.890225,9.815707,0.709514,0.30509102,adaptive_ramp_v1,18.0,0.08,12.64489483833313,adaptive_brake,0.177677184343338,0.2107017189264297,0.1361076086759567,0.0162889417260885,0.0050253509543836,-0.3258619010448456,0.1173724979162216,0.1202449724078178,-3.2786731719970703,0.3639069199562073,0.4272190928459167,1.4038084745407104,32015,32355,32415,32505,0.95,qplite_builtin,opp_m2_10000,0,10000,0,0,1.0911999999999973,0.352,0.0660869279712977,0.015256960876286,-0.0045867436565458,0.0253760907799005,0.724005401134491,0.0003532590344548,-0.0003530000976752,-0.0042478055693209,-0.015256960876286,0.0009026165353134,32758.0,2.8190906047821063
seeded_ic_v1,44980010,-0.006706,0.027246,-3.890225,9.815707,0.709514,0.30509102,adaptive_ramp_v1,18.0,0.08,12.664655447006226,adaptive_brake,0.1779868155717849,0.210806056857109,0.1295447796583175,0.0158215761184692,0.0046855485998094,-0.3280418217182159,0.1173724979162216,0.1202449724078178,-3.2786731719970703,0.3639069199562073,0.4272190928459167,1.4038084745407104,32015,32355,32415,32505,0.95,qplite_builtin,opp_m2_10000,0,10000,0,0,1.0911999999999973,0.352,0.0660869279712977,0.015256960876286,-0.0045867436565458,0.0253760907799005,0.724005401134491,0.0003532590344548,-0.0003530000976752,-0.0042478055693209,-0.015256960876286,0.0009026165353134,32758.0,2.838851213455202
seeded_ic_v1,44980010,-0.006706,0.027246,-3.890225,9.815707,0.709514,0.30509102,adaptive_ramp_v1,18.0,0.08,12.664783716201782,adaptive_brake,0.1779868155717849,0.210806056857109,0.1295447796583175,0.0158215761184692,0.0046855485998094,-0.3280418217182159,0.1248954981565475,0.1117606684565544,-3.2501235008239746,0.3049919009208679,0.4529784321784973,1.5259730815887451,32015,32355,32415,32505,0.95,qplite_builtin,opp_m2_10000,0,10000,0,0,1.0911999999999973,0.352,0.0660869279712977,0.015256960876286,-0.0045867436565458,0.0253760907799005,0.724005401134491,0.0003532590344548,-0.0003530000976752,-0.0042478055693209,-0.015256960876286,0.0009026165353134,32758.0,2.8389794826507586
seeded_ic_v1,44980010,-0.006706,0.027246,-3.890225,9.815707,0.709514,0.30509102,adaptive_ramp_v1,18.0,0.08,12.664856195449827,adaptive_brake,0.1779868155717849,0.210806056857109,0.1295447796583175,0.0158215761184692,0.0046855485998094,-0.3280418217182159,0.1248954981565475,0.1117606684565544,-3.2501235008239746,0.3049919009208679,0.4529784321784973,1.5259730815887451,32033,32311,32417,32505,0.95,qplite_builtin,opp_m2_10000,0,10000,0,0,1.0911999999999973,0.352,0.0660869279712977,0.015256960876286,-0.0045867436565458,0.0253760907799005,0.724005401134491,0.0003532590344548,-0.0003530000976752,-0.0042478055693209,-0.015256960876286,0.0009026165353134,32758.0,2.8390519618988037
seeded_ic_v1,44980010,-0.006706,0.027246,-3.890225,9.815707,0.709514,0.30509102,adaptive_ramp_v1,18.0,0.08,12.684693574905396,adaptive_brake,0.1782883703708648,0.2109047919511795,0.1228694841265678,0.0153900347650051,0.0043286560103297,-0.3308309912681579,0.1248954981565475,0.1117606684565544,-3.2501235008239746,0.3049919009208679,0.4529784321784973,1.5259730815887451,32033,32311,32417,32505,0.95,qplite_builtin,opp_m2_10000,0,10000,0,0,1.0911999999999973,0.352,0.0660869279712977,0.015256960876286,-0.0045867436565458,0.0253760907799005,0.724005401134491,0.0003532590344548,-0.0003530000976752,-0.0042478055693209,-0.015256960876286,0.0009026165353134,32758.0,2.858889341354372
seeded_ic_v1,44980010,-0.006706,0.027246,-3.890225,9.815707,0.709514,0.30509102,adaptive_ramp_v1,18.0,0.08,12.684828042984009,adaptive_brake,0.1782883703708648,0.2109047919511795,0.1228694841265678,0.0153900347650051,0.0043286560103297,-0.3308309912681579,0.1312655806541443,0.1026537045836448,-3.219720363616944,0.2794367671012878,0.4493340253829956,1.586844801902771,32033,32311,32417,32505,0.95,qplite_builtin,opp_m2_10000,0,10000,0,0,1.0911999999999973,0.352,0.0660869279712977,0.015256960876286,-0.0045867436565458,0.0253760907799005,0.724005401134491,0.0003532590344548,-0.0003530000976752,-0.0042478055693209,-0.015256960876286,0.0009026165353134,32758.0,2.859023809432985
seeded_ic_v1,44980010,-0.006706,0.027246,-3.890225,9.815707,0.709514,0.30509102,adaptive_ramp_v1,18.0,0.08,12.68488335609436,adaptive_brake,0.1782883703708648,0.2109047919511795,0.1228694841265678,0.0153900347650051,0.0043286560103297,-0.3308309912681579,0.1312655806541443,0.1026537045836448,-3.219720363616944,0.2794367671012878,0.4493340253829956,1.586844801902771,32067,32373,32485,32505,0.95,qplite_builtin,opp_m2_10000,0,10000,0,0,1.0911999999999973,0.352,0.0660869279712977,0.015256960876286,-0.0045867436565458,0.0253760907799005,0.724005401134491,0.0003532590344548,-0.0003530000976752,-0.0042478055693209,-0.015256960876286,0.0009026165353134,32758.0,2.8590791225433367
seeded_ic_v1,44980010,-0.006706,0.027246,-3.890225,9.815707,0.709514,0.30509102,adaptive_ramp_v1,18.0,0.08,12.704719543457031,adaptive_brake,0.1785839051008224,0.2109914273023605,0.1162476986646652,0.0149938613176345,0.0039238142780959,-0.33295938372612,0.1312655806541443,0.1026537045836448,-3.219720363616944,0.2794367671012878,0.4493340253829956,1.586844801902771,32067,32373,32485,32505,0.95,qplite_builtin,opp_m2_10000,0,10000,0,0,1.0911999999999973,0.352,0.0660869279712977,0.015256960876286,-0.0045867436565458,0.0253760907799005,0.724005401134491,0.0003532590344548,-0.0003530000976752,-0.0042478055693209,-0.015256960876286,0.0009026165353134,32758.0,2.8789153099060076
seeded_ic_v1,44980010,-0.006706,0.027246,-3.890225,9.815707,0.709514,0.30509102,adaptive_ramp_v1,18.0,0.08,12.704890966415403,adaptive_brake,0.1785839051008224,0.2109914273023605,0.1162476986646652,0.0149938613176345,0.0039238142780959,-0.33295938372612,0.1366895735263824,0.0936495512723922,-3.18794846534729,0.2441501021385193,0.4529775381088257,1.5869133472442627,32067,32373,32485,32505,0.95,qplite_builtin,opp_m2_10000,0,10000,0,0,1.0911999999999973,0.352,0.0660869279712977,0.015256960876286,-0.0045867436565458,0.0253760907799005,0.724005401134491,0.0003532590344548,-0.0003530000976752,-0.0042478055693209,-0.015256960876286,0.0009026165353134,32758.0,2.87908673286438
seeded_ic_v1,44980010,-0.006706,0.027246,-3.890225,9.815707,0.709514,0.30509102,adaptive_ramp_v1,18.0,0.08,12.704971551895142,adaptive_brake,0.1785839051008224,0.2109914273023605,0.1162476986646652,0.0149938613176345,0.0039238142780959,-0.33295938372612,0.1366895735263824,0.0936495512723922,-3.18794846534729,0.2441501021385193,0.4529775381088257,1.5869133472442627,32117,32363,32441,32505,0.95,qplite_builtin,opp_m2_10000,0,10000,0,0,1.0911999999999973,0.352,0.0660869279712977,0.015256960876286,-0.0045867436565458,0.0253760907799005,0.724005401134491,0.0003532590344548,-0.0003530000976752,-0.0042478055693209,-0.015256960876286,0.0009026165353134,32758.0,2.879167318344118
seeded_ic_v1,44980010,-0.006706,0.027246,-3.890225,9.815707,0.709514,0.30509102,adaptive_ramp_v1,18.0,0.08,12.724704504013062,adaptive_brake,0.1788726449012756,0.2110733836889267,0.1094625815749168,0.0146364793181419,0.0035184707958251,-0.3354270458221435,0.1366895735263824,0.0936495512723922,-3.18794846534729,0.2441501021385193,0.4529775381088257,1.5869133472442627,32117,32363,32441,32505,0.95,qplite_builtin,opp_m2_10000,0,10000,0,0,1.0911999999999973,0.352,0.0660869279712977,0.015256960876286,-0.0045867436565458,0.0253760907799005,0.724005401134491,0.0003532590344548,-0.0003530000976752,-0.0042478055693209,-0.015256960876286,0.0009026165353134,32758.0,2.898900270462038
seeded_ic_v1,44980010,-0.006706,0.027246,-3.890225,9.815707,0.709514,0.30509102,adaptive_ramp_v1,18.0,0.08,12.724852085113524,adaptive_brake,0.1788726449012756,0.2110733836889267,0.1094625815749168,0.0146364793181419,0.0035184707958251,-0.3354270458221435,0.1411488056182861,0.0845552831888198,-3.1563167572021484,0.1263874769210815,0.4882715940475464,1.486863374710083,32117,32363,32441,32505,0.95,qplite_builtin,opp_m2_10000,0,10000,0,0,1.0911999999999973,0.352,0.0660869279712977,0.015256960876286,-0.0045867436565458,0.0253760907799005,0.724005401134491,0.0003532590344548,-0.0003530000976752,-0.0042478055693209,-0.015256960876286,0.0009026165353134,32758.0,2.8990478515625
seeded_ic_v1,44980010,-0.006706,0.027246,-3.890225,9.815707,0.709514,0.30509102,adaptive_ramp_v1,18.0,0.08,12.724929809570312,adaptive_brake,0.1788726449012756,0.2110733836889267,0.1094625815749168,0.0146364793181419,0.0035184707958251,-0.3354270458221435,0.1411488056182861,0.0845552831888198,-3.1563167572021484,0.1263874769210815,0.4882715940475464,1.486863374710083,32067,32325,32417,32505,0.95,qplite_builtin,opp_m2_10000,0,10000,0,0,1.0911999999999973,0.352,0.0660869279712977,0.015256960876286,-0.0045867436565458,0.0253760907799005,0.724005401134491,0.0003532590344548,-0.0003530000976752,-0.0042478055693209,-0.015256960876286,0.0009026165353134,32758.0,2.899125576019289
seeded_ic_v1,44980010,-0.006706,0.027246,-3.890225,9.815707,0.709514,0.30509102,adaptive_ramp_v1,18.0,0.08,12.744903564453123,adaptive_brake,0.1791692674160003,0.2111458927392959,0.1024336442351341,0.0142907174304127,0.0030511701479554,-0.3369823098182678,0.1411488056182861,0.0845552831888198,-3.1563167572021484,0.1263874769210815,0.4882715940475464,1.486863374710083,32067,32325,32417,32505,0.95,qplite_builtin,opp_m2_10000,0,10000,0,0,1.0911999999999973,0.352,0.0660869279712977,0.015256960876286,-0.0045867436565458,0.0253760907799005,0.724005401134491,0.0003532590344548,-0.0003530000976752,-0.0042478055693209,-0.015256960876286,0.0009026165353134,32758.0,2.9190993309020996
seeded_ic_v1,44980010,-0.006706,0.027246,-3.890225,9.815707,0.709514,0.30509102,adaptive_ramp_v1,18.0,0.08,12.74510097503662,adaptive_brake,0.1791692674160003,0.2111458927392959,0.1024336442351341,0.0142907174304127,0.0030511701479554,-0.3369823098182678,0.1439942717552185,0.0745654627680778,-3.125006675720215,0.0596391856670379,0.4526189863681793,1.4009007215499878,32067,32325,32417,32505,0.95,qplite_builtin,opp_m2_10000,0,10000,0,0,1.0911999999999973,0.352,0.0660869279712977,0.015256960876286,-0.0045867436565458,0.0253760907799005,0.724005401134491,0.0003532590344548,-0.0003530000976752,-0.0042478055693209,-0.015256960876286,0.0009026165353134,32758.0,2.9192967414855957
seeded_ic_v1,44980010,-0.006706,0.027246,-3.890225,9.815707,0.709514,0.30509102,adaptive_ramp_v1,18.0,0.08,12.745166063308716,adaptive_brake,0.1791692674160003,0.2111458927392959,0.1024336442351341,0.0142907174304127,0.0030511701479554,-0.3369823098182678,0.1439942717552185,0.0745654627680778,-3.125006675720215,0.0596391856670379,0.4526189863681793,1.4009007215499878,32081,32319,32373,32505,0.95,qplite_builtin,opp_m2_10000,0,10000,0,0,1.0911999999999973,0.352,0.0660869279712977,0.015256960876286,-0.0045867436565458,0.0253760907799005,0.724005401134491,0.0003532590344548,-0.0003530000976752,-0.0042478055693209,-0.015256960876286,0.0009026165353134,32758.0,2.919361829757692
seeded_ic_v1,44980010,-0.006706,0.027246,-3.890225,9.815707,0.709514,0.30509102,adaptive_ramp_v1,18.0,0.08,12.76465940475464,adaptive_brake,0.1794513761997223,0.2112084776163101,0.0955542400479316,0.0139468498528003,0.0025750105269253,-0.3376327157020569,0.1439942717552185,0.0745654627680778,-3.125006675720215,0.0596391856670379,0.4526189863681793,1.4009007215499878,32081,32319,32373,32505,0.95,qplite_builtin,opp_m2_10000,0,10000,0,0,1.0911999999999973,0.352,0.0660869279712977,0.015256960876286,-0.0045867436565458,0.0253760907799005,0.724005401134491,0.0003532590344548,-0.0003530000976752,-0.0042478055693209,-0.015256960876286,0.0009026165353134,32758.0,2.938855171203617
seeded_ic_v1,44980010,-0.006706,0.027246,-3.890225,9.815707,0.709514,0.30509102,adaptive_ramp_v1,18.0,0.08,12.764784812927246,adaptive_brake,0.1794513761997223,0.2112084776163101,0.0955542400479316,0.0139468498528003,0.0025750105269253,-0.3376327157020569,0.1451267302036285,0.0649840012192726,-3.09543514251709,-0.0007981832604855,0.4882720410823822,1.3413796424865725,32081,32319,32373,32505,0.95,qplite_builtin,opp_m2_10000,0,10000,0,0,1.0911999999999973,0.352,0.0660869279712977,0.015256960876286,-0.0045867436565458,0.0253760907799005,0.724005401134491,0.0003532590344548,-0.0003530000976752,-0.0042478055693209,-0.015256960876286,0.0009026165353134,32758.0,2.9389805793762225
seeded_ic_v1,44980010,-0.006706,0.027246,-3.890225,9.815707,0.709514,0.30509102,adaptive_ramp_v1,18.0,0.08,12.76484751701355,adaptive_brake,0.1794513761997223,0.2112084776163101,0.0955542400479316,0.0139468498528003,0.0025750105269253,-0.3376327157020569,0.1451267302036285,0.0649840012192726,-3.09543514251709,-0.0007981832604855,0.4882720410823822,1.3413796424865725,32077,32333,32375,32505,0.95,qplite_builtin,opp_m2_10000,0,10000,0,0,1.0911999999999973,0.352,0.0660869279712977,0.015256960876286,-0.0045867436565458,0.0253760907799005,0.724005401134491,0.0003532590344548,-0.0003530000976752,-0.0042478055693209,-0.015256960876286,0.0009026165353134,32758.0,2.939043283462526
seeded_ic_v1,44980010,-0.006706,0.027246,-3.890225,9.815707,0.709514,0.30509102,adaptive_ramp_v1,18.0,0.08,12.784650087356567,adaptive_brake,0.1797204911708831,0.2112601697444915,0.0888145342469215,0.0136853931471705,0.0021237765904515,-0.339237242937088,0.1451267302036285,0.0649840012192726,-3.09543514251709,-0.0007981832604855,0.4882720410823822,1.3413796424865725,32077,32333,32375,32505,0.95,qplite_builtin,opp_m2_10000,0,10000,0,0,1.0911999999999973,0.352,0.0660869279712977,0.015256960876286,-0.0045867436565458,0.0253760907799005,0.724005401134491,0.0003532590344548,-0.0003530000976752,-0.0042478055693209,-0.015256960876286,0.0009026165353134,32758.0,2.9588458538055438
seeded_ic_v1,44980010,-0.006706,0.027246,-3.890225,9.815707,0.709514,0.30509102,adaptive_ramp_v1,18.0,0.08,12.784784078598022,adaptive_brake,0.1797204911708831,0.2112601697444915,0.0888145342469215,0.0136853931471705,0.0021237765904515,-0.339237242937088,0.1450905501842498,0.0552870854735374,-3.068551540374756,1.9842826759486345e-07,0.48828125,1.3306453227996826,32077,32333,32375,32505,0.95,qplite_builtin,opp_m2_10000,0,10000,0,0,1.0911999999999973,0.352,0.0660869279712977,0.015256960876286,-0.0045867436565458,0.0253760907799005,0.724005401134491,0.0003532590344548,-0.0003530000976752,-0.0042478055693209,-0.015256960876286,0.0009026165353134,32758.0,2.958979845046999
seeded_ic_v1,44980010,-0.006706,0.027246,-3.890225,9.815707,0.709514,0.30509102,adaptive_ramp_v1,18.0,0.08,12.784841060638428,adaptive_brake,0.1797204911708831,0.2112601697444915,0.0888145342469215,0.0136853931471705,0.0021237765904515,-0.339237242937088,0.1450905501842498,0.0552870854735374,-3.068551540374756,1.9842826759486345e-07,0.48828125,1.3306453227996826,32087,32335,32359,32505,0.95,qplite_builtin,opp_m2_10000,0,10000,0,0,1.0911999999999973,0.352,0.0660869279712977,0.015256960876286,-0.0045867436565458,0.0253760907799005,0.724005401134491,0.0003532590344548,-0.0003530000976752,-0.0042478055693209,-0.015256960876286,0.0009026165353134,32758.0,2.959036827087404
seeded_ic_v1,44980010,-0.006706,0.027246,-3.890225,9.815707,0.709514,0.30509102,adaptive_ramp_v1,18.0,0.08,12.804694890975952,adaptive_brake,0.1799866110086441,0.2113030552864074,0.0820184275507927,0.0134661756455898,0.0016726169269531,-0.341100662946701,0.1450905501842498,0.0552870854735374,-3.068551540374756,1.9842826759486345e-07,0.48828125,1.3306453227996826,32087,32335,32359,32505,0.95,qplite_builtin,opp_m2_10000,0,10000,0,0,1.0911999999999973,0.352,0.0660869279712977,0.015256960876286,-0.0045867436565458,0.0253760907799005,0.724005401134491,0.0003532590344548,-0.0003530000976752,-0.0042478055693209,-0.015256960876286,0.0009026165353134,32758.0,2.9788906574249285
seeded_ic_v1,44980010,-0.006706,0.027246,-3.890225,9.815707,0.709514,0.30509102,adaptive_ramp_v1,18.0,0.08,12.804828643798828,adaptive_brake,0.1799866110086441,0.2113030552864074,0.0820184275507927,0.0134661756455898,0.0016726169269531,-0.341100662946701,0.1446292549371719,0.045628398656845,-3.042358875274658,-0.1242275089025497,0.4251728951931,1.2817652225494385,32087,32335,32359,32505,0.95,qplite_builtin,opp_m2_10000,0,10000,0,0,1.0911999999999973,0.352,0.0660869279712977,0.015256960876286,-0.0045867436565458,0.0253760907799005,0.724005401134491,0.0003532590344548,-0.0003530000976752,-0.0042478055693209,-0.015256960876286,0.0009026165353134,32758.0,2.9790244102478045
seeded_ic_v1,44980010,-0.006706,0.027246,-3.890225,9.815707,0.709514,0.30509102,adaptive_ramp_v1,18.0,0.08,12.804898977279665,adaptive_brake,0.1799866110086441,0.2113030552864074,0.0820184275507927,0.0134661756455898,0.0016726169269531,-0.341100662946701,0.1446292549371719,0.045628398656845,-3.042358875274658,-0.1242275089025497,0.4251728951931,1.2817652225494385,32047,32305,32349,32505,0.95,qplite_builtin,opp_m2_10000,0,10000,0,0,1.0911999999999973,0.352,0.0660869279712977,0.015256960876286,-0.0045867436565458,0.0253760907799005,0.724005401134491,0.0003532590344548,-0.0003530000976752,-0.0042478055693209,-0.015256960876286,0.0009026165353134,32758.0,2.9790947437286412
seeded_ic_v1,44980010,-0.006706,0.027246,-3.890225,9.815707,0.709514,0.30509102,adaptive_ramp_v1,18.0,0.08,12.82475757598877,adaptive_brake,0.1802504658699035,0.2113372236490249,0.0751657113432884,0.0132874492555856,0.0012253234162926,-0.343139111995697,0.1446292549371719,0.045628398656845,-3.042358875274658,-0.1242275089025497,0.4251728951931,1.2817652225494385,32047,32305,32349,32505,0.95,qplite_builtin,opp_m2_10000,0,10000,0,0,1.0911999999999973,0.352,0.0660869279712977,0.015256960876286,-0.0045867436565458,0.0253760907799005,0.724005401134491,0.0003532590344548,-0.0003530000976752,-0.0042478055693209,-0.015256960876286,0.0009026165353134,32758.0,2.998953342437746
seeded_ic_v1,44980010,-0.006706,0.027246,-3.890225,9.815707,0.709514,0.30509102,adaptive_ramp_v1,18.0,0.08,12.824891567230225,adaptive_brake,0.1802504658699035,0.2113372236490249,0.0751657113432884,0.0132874492555856,0.0012253234162926,-0.343139111995697,0.1419588178396225,0.0371220111846923,-3.0167019367218018,-0.1829734891653061,0.4272452890872955,1.281738042831421,32047,32305,32349,32505,0.95,qplite_builtin,opp_m2_10000,0,10000,0,0,1.0911999999999973,0.352,0.0660869279712977,0.015256960876286,-0.0045867436565458,0.0253760907799005,0.724005401134491,0.0003532590344548,-0.0003530000976752,-0.0042478055693209,-0.015256960876286,0.0009026165353134,32758.0,2.999087333679201
seeded_ic_v1,44980010,-0.006706,0.027246,-3.890225,9.815707,0.709514,0.30509102,adaptive_ramp_v1,18.0,0.08,12.82498049736023,adaptive_brake,0.1802504658699035,0.2113372236490249,0.0751657113432884,0.0132874492555856,0.0012253234162926,-0.343139111995697,0.1419588178396225,0.0371220111846923,-3.0167019367218018,-0.1829734891653061,0.4272452890872955,1.281738042831421,32055,32299,32331,32505,0.95,qplite_builtin,opp_m2_10000,0,10000,0,0,1.0911999999999973,0.352,0.0660869279712977,0.015256960876286,-0.0045867436565458,0.0253760907799005,0.724005401134491,0.0003532590344548,-0.0003530000976752,-0.0042478055693209,-0.015256960876286,0.0009026165353134,32758.0,2.999176263809206
seeded_ic_v1,44980010,-0.006706,0.027246,-3.890225,9.815707,0.709514,0.30509102,adaptive_ramp_v1,18.0,0.08,12.844893217086792,adaptive_brake,0.1805126219987869,0.2113628536462783,0.0682567358016967,0.0131459813565015,0.0007891292334534,-0.3453342616558075,0.1419588178396225,0.0371220111846923,-3.0167019367218018,-0.1829734891653061,0.4272452890872955,1.281738042831421,32055,32299,32331,32505,0.95,qplite_builtin,opp_m2_10000,0,10000,0,0,1.0911999999999973,0.352,0.0660869279712977,0.015256960876286,-0.0045867436565458,0.0253760907799005,0.724005401134491,0.0003532590344548,-0.0003530000976752,-0.0042478055693209,-0.015256960876286,0.0009026165353134,32758.0,3.0190889835357684
seeded_ic_v1,44980010,-0.006706,0.027246,-3.890225,9.815707,0.709514,0.30509102,adaptive_ramp_v1,18.0,0.08,12.845091104507446,adaptive_brake,0.1805126219987869,0.2113628536462783,0.0682567358016967,0.0131459813565015,0.0007891292334534,-0.3453342616558075,0.1379000693559646,0.0286398082971572,-2.991046667098999,-0.244003415107727,0.4272459745407104,1.281738042831421,32055,32299,32331,32505,0.95,qplite_builtin,opp_m2_10000,0,10000,0,0,1.0911999999999973,0.352,0.0660869279712977,0.015256960876286,-0.0045867436565458,0.0253760907799005,0.724005401134491,0.0003532590344548,-0.0003530000976752,-0.0042478055693209,-0.015256960876286,0.0009026165353134,32758.0,3.0192868709564227
seeded_ic_v1,44980010,-0.006706,0.027246,-3.890225,9.815707,0.709514,0.30509102,adaptive_ramp_v1,18.0,0.08,12.84523105621338,adaptive_brake,0.1805126219987869,0.2113628536462783,0.0682567358016967,0.0131459813565015,0.0007891292334534,-0.3453342616558075,0.1379000693559646,0.0286398082971572,-2.991046667098999,-0.244003415107727,0.4272459745407104,1.281738042831421,32051,32277,32317,32505,0.95,qplite_builtin,opp_m2_10000,0,10000,0,0,1.0911999999999973,0.352,0.0660869279712977,0.015256960876286,-0.0045867436565458,0.0253760907799005,0.724005401134491,0.0003532590344548,-0.0003530000976752,-0.0042478055693209,-0.015256960876286,0.0009026165353134,32758.0,3.019426822662357
seeded_ic_v1,44980010,-0.006706,0.027246,-3.890225,9.815707,0.709514,0.30509102,adaptive_ramp_v1,18.0,0.08,12.864647626876833,adaptive_brake,0.1807736605405807,0.2113802582025528,0.0612915679812431,0.0130407502874732,0.0003685142146423,-0.3476699590682983,0.1379000693559646,0.0286398082971572,-2.991046667098999,-0.244003415107727,0.4272459745407104,1.281738042831421,32051,32277,32317,32505,0.95,qplite_builtin,opp_m2_10000,0,10000,0,0,1.0911999999999973,0.352,0.0660869279712977,0.015256960876286,-0.0045867436565458,0.0253760907799005,0.724005401134491,0.0003532590344548,-0.0003530000976752,-0.0042478055693209,-0.015256960876286,0.0009026165353134,32758.0,3.038843393325809
seeded_ic_v1,44980010,-0.006706,0.027246,-3.890225,9.815707,0.709514,0.30509102,adaptive_ramp_v1,18.0,0.08,12.86478328704834,adaptive_brake,0.1807736605405807,0.2113802582025528,0.0612915679812431,0.0130407502874732,0.0003685142146423,-0.3476699590682983,0.1329995393753051,0.0207192413508892,-2.965393543243408,-0.2441403120756149,0.3662954568862915,1.281738042831421,32051,32277,32317,32505,0.95,qplite_builtin,opp_m2_10000,0,10000,0,0,1.0911999999999973,0.352,0.0660869279712977,0.015256960876286,-0.0045867436565458,0.0253760907799005,0.724005401134491,0.0003532590344548,-0.0003530000976752,-0.0042478055693209,-0.015256960876286,0.0009026165353134,32758.0,3.0389790534973162
seeded_ic_v1,44980010,-0.006706,0.027246,-3.890225,9.815707,0.709514,0.30509102,adaptive_ramp_v1,18.0,0.08,12.86486268043518,adaptive_brake,0.1807736605405807,0.2113802582025528,0.0612915679812431,0.0130407502874732,0.0003685142146423,-0.3476699590682983,0.1329995393753051,0.0207192413508892,-2.965393543243408,-0.2441403120756149,0.3662954568862915,1.281738042831421,32059,32283,32319,32505,0.95,qplite_builtin,opp_m2_10000,0,10000,0,0,1.0911999999999973,0.352,0.0660869279712977,0.015256960876286,-0.0045867436565458,0.0253760907799005,0.724005401134491,0.0003532590344548,-0.0003530000976752,-0.0042478055693209,-0.015256960876286,0.0009026165353134,32758.0,3.039058446884157
seeded_ic_v1,44980010,-0.006706,0.027246,-3.890225,9.815707,0.709514,0.30509102,adaptive_ramp_v1,18.0,0.08,12.88463282585144,adaptive_brake,0.1810340881347656,0.211389884352684,0.0542708933353424,0.0129682654514908,-3.424263559281826e-05,-0.3500823378562927,0.1329995393753051,0.0207192413508892,-2.965393543243408,-0.2441403120756149,0.3662954568862915,1.281738042831421,32059,32283,32319,32505,0.95,qplite_builtin,opp_m2_10000,0,10000,0,0,1.0911999999999973,0.352,0.0660869279712977,0.015256960876286,-0.0045867436565458,0.0253760907799005,0.724005401134491,0.0003532590344548,-0.0003530000976752,-0.0042478055693209,-0.015256960876286,0.0009026165353134,32758.0,3.058828592300417
seeded_ic_v1,44980010,-0.006706,0.027246,-3.890225,9.815707,0.709514,0.30509102,adaptive_ramp_v1,18.0,0.08,12.884784460067747,adaptive_brake,0.1810340881347656,0.211389884352684,0.0542708933353424,0.0129682654514908,-3.424263559281826e-05,-0.3500823378562927,0.1277985125780105,0.0137013550847768,-2.939685344696045,-0.30510014295578,0.3050983250141144,1.2812995910644531,32059,32283,32319,32505,0.95,qplite_builtin,opp_m2_10000,0,10000,0,0,1.0911999999999973,0.352,0.0660869279712977,0.015256960876286,-0.0045867436565458,0.0253760907799005,0.724005401134491,0.0003532590344548,-0.0003530000976752,-0.0042478055693209,-0.015256960876286,0.0009026165353134,32758.0,3.0589802265167236
seeded_ic_v1,44980010,-0.006706,0.027246,-3.890225,9.815707,0.709514,0.30509102,adaptive_ramp_v1,18.0,0.08,12.884863138198853,adaptive_brake,0.1810340881347656,0.211389884352684,0.0542708933353424,0.0129682654514908,-3.424263559281826e-05,-0.3500823378562927,0.1277985125780105,0.0137013550847768,-2.939685344696045,-0.30510014295578,0.3050983250141144,1.2812995910644531,32039,32261,32313,32505,0.95,qplite_builtin,opp_m2_10000,0,10000,0,0,1.0911999999999973,0.352,0.0660869279712977,0.015256960876286,-0.0045867436565458,0.0253760907799005,0.724005401134491,0.0003532590344548,-0.0003530000976752,-0.0042478055693209,-0.015256960876286,0.0009026165353134,32758.0,3.059058904647829
seeded_ic_v1,44980010,-0.006706,0.027246,-3.890225,9.815707,0.709514,0.30509102,adaptive_ramp_v1,18.0,0.08,12.904699802398682,adaptive_brake,0.1812944412231445,0.2113922089338302,0.0471966676414012,0.0129248918965458,-0.0004170021857134,-0.3524886071681976,0.1277985125780105,0.0137013550847768,-2.939685344696045,-0.30510014295578,0.3050983250141144,1.2812995910644531,32039,32261,32313,32505,0.95,qplite_builtin,opp_m2_10000,0,10000,0,0,1.0911999999999973,0.352,0.0660869279712977,0.015256960876286,-0.0045867436565458,0.0253760907799005,0.724005401134491,0.0003532590344548,-0.0003530000976752,-0.0042478055693209,-0.015256960876286,0.0009026165353134,32758.0,3.078895568847658
seeded_ic_v1,44980010,-0.006706,0.027246,-3.890225,9.815707,0.709514,0.30509102,adaptive_ramp_v1,18.0,0.08,12.904835224151611,adaptive_brake,0.1812944412231445,0.2113922089338302,0.0471966676414012,0.0129248918965458,-0.0004170021857134,-0.3524886071681976,0.1216805353760719,0.0076656565070152,-2.9140331745147705,-0.3051754534244537,0.2439621537923813,1.2817378044128418,32039,32261,32313,32505,0.95,qplite_builtin,opp_m2_10000,0,10000,0,0,1.0911999999999973,0.352,0.0660869279712977,0.015256960876286,-0.0045867436565458,0.0253760907799005,0.724005401134491,0.0003532590344548,-0.0003530000976752,-0.0042478055693209,-0.015256960876286,0.0009026165353134,32758.0,3.0790309906005877
seeded_ic_v1,44980010,-0.006706,0.027246,-3.890225,9.815707,0.709514,0.30509102,adaptive_ramp_v1,18.0,0.08,12.904892683029177,adaptive_brake,0.1812944412231445,0.2113922089338302,0.0471966676414012,0.0129248918965458,-0.0004170021857134,-0.3524886071681976,0.1216805353760719,0.0076656565070152,-2.9140331745147705,-0.3051754534244537,0.2439621537923813,1.2817378044128418,32045,32287,32337,32505,0.95,qplite_builtin,opp_m2_10000,0,10000,0,0,1.0911999999999973,0.352,0.0660869279712977,0.015256960876286,-0.0045867436565458,0.0253760907799005,0.724005401134491,0.0003532590344548,-0.0003530000976752,-0.0042478055693209,-0.015256960876286,0.0009026165353134,32758.0,3.079088449478153
seeded_ic_v1,44980010,-0.006706,0.027246,-3.890225,9.815707,0.709514,0.30509102,adaptive_ramp_v1,18.0,0.08,12.924577713012695,adaptive_brake,0.1815551519393921,0.2113876193761825,0.0400704480707645,0.0129071734845638,-0.0007774031255394,-0.3549645543098449,0.1216805353760719,0.0076656565070152,-2.9140331745147705,-0.3051754534244537,0.2439621537923813,1.2817378044128418,32045,32287,32337,32505,0.95,qplite_builtin,opp_m2_10000,0,10000,0,0,1.0911999999999973,0.352,0.0660869279712977,0.015256960876286,-0.0045867436565458,0.0253760907799005,0.724005401134491,0.0003532590344548,-0.0003530000976752,-0.0042478055693209,-0.015256960876286,0.0009026165353134,32758.0,3.0987734794616717
seeded_ic_v1,44980010,-0.006706,0.027246,-3.890225,9.815707,0.709514,0.30509102,adaptive_ramp_v1,18.0,0.08,12.92479658126831,adaptive_brake,0.1815551519393921,0.2113876193761825,0.0400704480707645,0.0129071734845638,-0.0007774031255394,-0.3549645543098449,0.115574762225151,0.0026069688610732,-2.888388156890869,-0.3051756918430328,0.2441334575414657,1.281738042831421,32045,32287,32337,32505,0.95,qplite_builtin,opp_m2_10000,0,10000,0,0,1.0911999999999973,0.352,0.0660869279712977,0.015256960876286,-0.0045867436565458,0.0253760907799005,0.724005401134491,0.0003532590344548,-0.0003530000976752,-0.0042478055693209,-0.015256960876286,0.0009026165353134,32758.0,3.098992347717287
seeded_ic_v1,44980010,-0.006706,0.027246,-3.890225,9.815707,0.709514,0.30509102,adaptive_ramp_v1,18.0,0.08,12.924880981445312,adaptive_brake,0.1815551519393921,0.2113876193761825,0.0400704480707645,0.0129071734845638,-0.0007774031255394,-0.3549645543098449,0.115574762225151,0.0026069688610732,-2.888388156890869,-0.3051756918430328,0.2441334575414657,1.281738042831421,32051,32255,32303,32505,0.95,qplite_builtin,opp_m2_10000,0,10000,0,0,1.0911999999999973,0.352,0.0660869279712977,0.015256960876286,-0.0045867436565458,0.0253760907799005,0.724005401134491,0.0003532590344548,-0.0003530000976752,-0.0042478055693209,-0.015256960876286,0.0009026165353134,32758.0,3.099076747894289
seeded_ic_v1,44980010,-0.006706,0.027246,-3.890225,9.815707,0.709514,0.30509102,adaptive_ramp_v1,18.0,0.08,12.944703102111816,adaptive_brake,0.1818165183067321,0.2113765925168991,0.0328925624489784,0.0129113513976335,-0.0011149774072691,-0.3574936389923095,0.115574762225151,0.0026069688610732,-2.888388156890869,-0.3051756918430328,0.2441334575414657,1.281738042831421,32051,32255,32303,32505,0.95,qplite_builtin,opp_m2_10000,0,10000,0,0,1.0911999999999973,0.352,0.0660869279712977,0.015256960876286,-0.0045867436565458,0.0253760907799005,0.724005401134491,0.0003532590344548,-0.0003530000976752,-0.0042478055693209,-0.015256960876286,0.0009026165353134,32758.0,3.118898868560793
seeded_ic_v1,44980010,-0.006706,0.027246,-3.890225,9.815707,0.709514,0.30509102,adaptive_ramp_v1,18.0,0.08,12.944906949996948,adaptive_brake,0.1818165183067321,0.2113765925168991,0.0328925624489784,0.0129113513976335,-0.0011149774072691,-0.3574936389923095,0.1094711199402809,-0.0016619147500023,-2.86274528503418,-0.3051756918430328,0.1831899881362915,1.305515170097351,32051,32255,32303,32505,0.95,qplite_builtin,opp_m2_10000,0,10000,0,0,1.0911999999999973,0.352,0.0660869279712977,0.015256960876286,-0.0045867436565458,0.0253760907799005,0.724005401134491,0.0003532590344548,-0.0003530000976752,-0.0042478055693209,-0.015256960876286,0.0009026165353134,32758.0,3.1191027164459246
seeded_ic_v1,44980010,-0.006706,0.027246,-3.890225,9.815707,0.709514,0.30509102,adaptive_ramp_v1,18.0,0.08,12.944982290267944,adaptive_brake,0.1818165183067321,0.2113765925168991,0.0328925624489784,0.0129113513976335,-0.0011149774072691,-0.3574936389923095,0.1094711199402809,-0.0016619147500023,-2.86274528503418,-0.3051756918430328,0.1831899881362915,1.305515170097351,32065,32263,32309,32505,0.95,qplite_builtin,opp_m2_10000,0,10000,0,0,1.0911999999999973,0.352,0.0660869279712977,0.015256960876286,-0.0045867436565458,0.0253760907799005,0.724005401134491,0.0003532590344548,-0.0003530000976752,-0.0042478055693209,-0.015256960876286,0.0009026165353134,32758.0,3.1191780567169207
seeded_ic_v1,44980010,-0.006706,0.027246,-3.890225,9.815707,0.709514,0.30509102,adaptive_ramp_v1,18.0,0.08,12.964622497558594,adaptive_brake,0.1820729970932006,0.2113602608442306,0.0258621852844953,0.0129058556631207,-0.0014266008511185,-0.3589378893375397,0.1094711199402809,-0.0016619147500023,-2.86274528503418,-0.3051756918430328,0.1831899881362915,1.305515170097351,32065,32263,32309,32505,0.95,qplite_builtin,opp_m2_10000,0,10000,0,0,1.0911999999999973,0.352,0.0660869279712977,0.015256960876286,-0.0045867436565458,0.0253760907799005,0.724005401134491,0.0003532590344548,-0.0003530000976752,-0.0042478055693209,-0.015256960876286,0.0009026165353134,32758.0,3.13881826400757
