condition_index,condition_id,parameter,factor,plant_sha256,controller,controller_order,motor,eta,rep,trial_seed,protocol_id,experiment_protocol_id,tag
1,nominal,nominal,1.00,849b83459d1c2d9ea365d7e743ed7fe5a00151aa39505ec9f6294777881dfee9,pinv,1,2,0.496000,1,63400001,seeded_ic_v1,m2_routing_stability_eta0p496_v1,m2route_nominal_pinv_eta0p496_seed63400001
1,nominal,nominal,1.00,849b83459d1c2d9ea365d7e743ed7fe5a00151aa39505ec9f6294777881dfee9,cem,2,2,0.496000,1,63400001,seeded_ic_v1,m2_routing_stability_eta0p496_v1,m2route_nominal_cem_eta0p496_seed63400001
1,nominal,nominal,1.00,849b83459d1c2d9ea365d7e743ed7fe5a00151aa39505ec9f6294777881dfee9,cem,1,2,0.496000,2,63400002,seeded_ic_v1,m2_routing_stability_eta0p496_v1,m2route_nominal_cem_eta0p496_seed63400002
1,nominal,nominal,1.00,849b83459d1c2d9ea365d7e743ed7fe5a00151aa39505ec9f6294777881dfee9,pinv,2,2,0.496000,2,63400002,seeded_ic_v1,m2_routing_stability_eta0p496_v1,m2route_nominal_pinv_eta0p496_seed63400002
1,nominal,nominal,1.00,849b83459d1c2d9ea365d7e743ed7fe5a00151aa39505ec9f6294777881dfee9,pinv,1,2,0.496000,3,63400003,seeded_ic_v1,m2_routing_stability_eta0p496_v1,m2route_nominal_pinv_eta0p496_seed63400003
1,nominal,nominal,1.00,849b83459d1c2d9ea365d7e743ed7fe5a00151aa39505ec9f6294777881dfee9,cem,2,2,0.496000,3,63400003,seeded_ic_v1,m2_routing_stability_eta0p496_v1,m2route_nominal_cem_eta0p496_seed63400003
1,nominal,nominal,1.00,849b83459d1c2d9ea365d7e743ed7fe5a00151aa39505ec9f6294777881dfee9,cem,1,2,0.496000,4,63400004,seeded_ic_v1,m2_routing_stability_eta0p496_v1,m2route_nominal_cem_eta0p496_seed63400004
1,nominal,nominal,1.00,849b83459d1c2d9ea365d7e743ed7fe5a00151aa39505ec9f6294777881dfee9,pinv,2,2,0.496000,4,63400004,seeded_ic_v1,m2_routing_stability_eta0p496_v1,m2route_nominal_pinv_eta0p496_seed63400004
1,nominal,nominal,1.00,849b83459d1c2d9ea365d7e743ed7fe5a00151aa39505ec9f6294777881dfee9,pinv,1,2,0.496000,5,63400005,seeded_ic_v1,m2_routing_stability_eta0p496_v1,m2route_nominal_pinv_eta0p496_seed63400005
1,nominal,nominal,1.00,849b83459d1c2d9ea365d7e743ed7fe5a00151aa39505ec9f6294777881dfee9,cem,2,2,0.496000,5,63400005,seeded_ic_v1,m2_routing_stability_eta0p496_v1,m2route_nominal_cem_eta0p496_seed63400005
1,nominal,nominal,1.00,849b83459d1c2d9ea365d7e743ed7fe5a00151aa39505ec9f6294777881dfee9,cem,1,2,0.496000,6,63400006,seeded_ic_v1,m2_routing_stability_eta0p496_v1,m2route_nominal_cem_eta0p496_seed63400006
1,nominal,nominal,1.00,849b83459d1c2d9ea365d7e743ed7fe5a00151aa39505ec9f6294777881dfee9,pinv,2,2,0.496000,6,63400006,seeded_ic_v1,m2_routing_stability_eta0p496_v1,m2route_nominal_pinv_eta0p496_seed63400006
1,nominal,nominal,1.00,849b83459d1c2d9ea365d7e743ed7fe5a00151aa39505ec9f6294777881dfee9,pinv,1,2,0.496000,7,63400007,seeded_ic_v1,m2_routing_stability_eta0p496_v1,m2route_nominal_pinv_eta0p496_seed63400007
1,nominal,nominal,1.00,849b83459d1c2d9ea365d7e743ed7fe5a00151aa39505ec9f6294777881dfee9,cem,2,2,0.496000,7,63400007,seeded_ic_v1,m2_routing_stability_eta0p496_v1,m2route_nominal_cem_eta0p496_seed63400007
1,nominal,nominal,1.00,849b83459d1c2d9ea365d7e743ed7fe5a00151aa39505ec9f6294777881dfee9,cem,1,2,0.496000,8,63400008,seeded_ic_v1,m2_routing_stability_eta0p496_v1,m2route_nominal_cem_eta0p496_seed63400008
1,nominal,nominal,1.00,849b83459d1c2d9ea365d7e743ed7fe5a00151aa39505ec9f6294777881dfee9,pinv,2,2,0.496000,8,63400008,seeded_ic_v1,m2_routing_stability_eta0p496_v1,m2route_nominal_pinv_eta0p496_seed63400008
1,nominal,nominal,1.00,849b83459d1c2d9ea365d7e743ed7fe5a00151aa39505ec9f6294777881dfee9,pinv,1,2,0.496000,9,63400009,seeded_ic_v1,m2_routing_stability_eta0p496_v1,m2route_nominal_pinv_eta0p496_seed63400009
1,nominal,nominal,1.00,849b83459d1c2d9ea365d7e743ed7fe5a00151aa39505ec9f6294777881dfee9,cem,2,2,0.496000,9,63400009,seeded_ic_v1,m2_routing_stability_eta0p496_v1,m2route_nominal_cem_eta0p496_seed63400009
1,nominal,nominal,1.00,849b83459d1c2d9ea365d7e743ed7fe5a00151aa39505ec9f6294777881dfee9,cem,1,2,0.496000,10,63400010,seeded_ic_v1,m2_routing_stability_eta0p496_v1,m2route_nominal_cem_eta0p496_seed63400010
1,nominal,nominal,1.00,849b83459d1c2d9ea365d7e743ed7fe5a00151aa39505ec9f6294777881dfee9,pinv,2,2,0.496000,10,63400010,seeded_ic_v1,m2_routing_stability_eta0p496_v1,m2route_nominal_pinv_eta0p496_seed63400010
1,nominal,nominal,1.00,849b83459d1c2d9ea365d7e743ed7fe5a00151aa39505ec9f6294777881dfee9,pinv,1,2,0.496000,11,63400011,seeded_ic_v1,m2_routing_stability_eta0p496_v1,m2route_nominal_pinv_eta0p496_seed63400011
1,nominal,nominal,1.00,849b83459d1c2d9ea365d7e743ed7fe5a00151aa39505ec9f6294777881dfee9,cem,2,2,0.496000,11,63400011,seeded_ic_v1,m2_routing_stability_eta0p496_v1,m2route_nominal_cem_eta0p496_seed63400011
1,nominal,nominal,1.00,849b83459d1c2d9ea365d7e743ed7fe5a00151aa39505ec9f6294777881dfee9,cem,1,2,0.496000,12,63400012,seeded_ic_v1,m2_routing_stability_eta0p496_v1,m2route_nominal_cem_eta0p496_seed63400012
1,nominal,nominal,1.00,849b83459d1c2d9ea365d7e743ed7fe5a00151aa39505ec9f6294777881dfee9,pinv,2,2,0.496000,12,63400012,seeded_ic_v1,m2_routing_stability_eta0p496_v1,m2route_nominal_pinv_eta0p496_seed63400012
1,nominal,nominal,1.00,849b83459d1c2d9ea365d7e743ed7fe5a00151aa39505ec9f6294777881dfee9,pinv,1,2,0.496000,13,63400013,seeded_ic_v1,m2_routing_stability_eta0p496_v1,m2route_nominal_pinv_eta0p496_seed63400013
1,nominal,nominal,1.00,849b83459d1c2d9ea365d7e743ed7fe5a00151aa39505ec9f6294777881dfee9,cem,2,2,0.496000,13,63400013,seeded_ic_v1,m2_routing_stability_eta0p496_v1,m2route_nominal_cem_eta0p496_seed63400013
1,nominal,nominal,1.00,849b83459d1c2d9ea365d7e743ed7fe5a00151aa39505ec9f6294777881dfee9,cem,1,2,0.496000,14,63400014,seeded_ic_v1,m2_routing_stability_eta0p496_v1,m2route_nominal_cem_eta0p496_seed63400014
1,nominal,nominal,1.00,849b83459d1c2d9ea365d7e743ed7fe5a00151aa39505ec9f6294777881dfee9,pinv,2,2,0.496000,14,63400014,seeded_ic_v1,m2_routing_stability_eta0p496_v1,m2route_nominal_pinv_eta0p496_seed63400014
1,nominal,nominal,1.00,849b83459d1c2d9ea365d7e743ed7fe5a00151aa39505ec9f6294777881dfee9,pinv,1,2,0.496000,15,63400015,seeded_ic_v1,m2_routing_stability_eta0p496_v1,m2route_nominal_pinv_eta0p496_seed63400015
1,nominal,nominal,1.00,849b83459d1c2d9ea365d7e743ed7fe5a00151aa39505ec9f6294777881dfee9,cem,2,2,0.496000,15,63400015,seeded_ic_v1,m2_routing_stability_eta0p496_v1,m2route_nominal_cem_eta0p496_seed63400015
1,nominal,nominal,1.00,849b83459d1c2d9ea365d7e743ed7fe5a00151aa39505ec9f6294777881dfee9,cem,1,2,0.496000,16,63400016,seeded_ic_v1,m2_routing_stability_eta0p496_v1,m2route_nominal_cem_eta0p496_seed63400016
1,nominal,nominal,1.00,849b83459d1c2d9ea365d7e743ed7fe5a00151aa39505ec9f6294777881dfee9,pinv,2,2,0.496000,16,63400016,seeded_ic_v1,m2_routing_stability_eta0p496_v1,m2route_nominal_pinv_eta0p496_seed63400016
1,nominal,nominal,1.00,849b83459d1c2d9ea365d7e743ed7fe5a00151aa39505ec9f6294777881dfee9,pinv,1,2,0.496000,17,63400017,seeded_ic_v1,m2_routing_stability_eta0p496_v1,m2route_nominal_pinv_eta0p496_seed63400017
1,nominal,nominal,1.00,849b83459d1c2d9ea365d7e743ed7fe5a00151aa39505ec9f6294777881dfee9,cem,2,2,0.496000,17,63400017,seeded_ic_v1,m2_routing_stability_eta0p496_v1,m2route_nominal_cem_eta0p496_seed63400017
1,nominal,nominal,1.00,849b83459d1c2d9ea365d7e743ed7fe5a00151aa39505ec9f6294777881dfee9,cem,1,2,0.496000,18,63400018,seeded_ic_v1,m2_routing_stability_eta0p496_v1,m2route_nominal_cem_eta0p496_seed63400018
1,nominal,nominal,1.00,849b83459d1c2d9ea365d7e743ed7fe5a00151aa39505ec9f6294777881dfee9,pinv,2,2,0.496000,18,63400018,seeded_ic_v1,m2_routing_stability_eta0p496_v1,m2route_nominal_pinv_eta0p496_seed63400018
1,nominal,nominal,1.00,849b83459d1c2d9ea365d7e743ed7fe5a00151aa39505ec9f6294777881dfee9,pinv,1,2,0.496000,19,63400019,seeded_ic_v1,m2_routing_stability_eta0p496_v1,m2route_nominal_pinv_eta0p496_seed63400019
1,nominal,nominal,1.00,849b83459d1c2d9ea365d7e743ed7fe5a00151aa39505ec9f6294777881dfee9,cem,2,2,0.496000,19,63400019,seeded_ic_v1,m2_routing_stability_eta0p496_v1,m2route_nominal_cem_eta0p496_seed63400019
1,nominal,nominal,1.00,849b83459d1c2d9ea365d7e743ed7fe5a00151aa39505ec9f6294777881dfee9,cem,1,2,0.496000,20,63400020,seeded_ic_v1,m2_routing_stability_eta0p496_v1,m2route_nominal_cem_eta0p496_seed63400020
1,nominal,nominal,1.00,849b83459d1c2d9ea365d7e743ed7fe5a00151aa39505ec9f6294777881dfee9,pinv,2,2,0.496000,20,63400020,seeded_ic_v1,m2_routing_stability_eta0p496_v1,m2route_nominal_pinv_eta0p496_seed63400020
1,nominal,nominal,1.00,849b83459d1c2d9ea365d7e743ed7fe5a00151aa39505ec9f6294777881dfee9,pinv,1,2,0.496000,21,63400021,seeded_ic_v1,m2_routing_stability_eta0p496_v1,m2route_nominal_pinv_eta0p496_seed63400021
1,nominal,nominal,1.00,849b83459d1c2d9ea365d7e743ed7fe5a00151aa39505ec9f6294777881dfee9,cem,2,2,0.496000,21,63400021,seeded_ic_v1,m2_routing_stability_eta0p496_v1,m2route_nominal_cem_eta0p496_seed63400021
1,nominal,nominal,1.00,849b83459d1c2d9ea365d7e743ed7fe5a00151aa39505ec9f6294777881dfee9,cem,1,2,0.496000,22,63400022,seeded_ic_v1,m2_routing_stability_eta0p496_v1,m2route_nominal_cem_eta0p496_seed63400022
1,nominal,nominal,1.00,849b83459d1c2d9ea365d7e743ed7fe5a00151aa39505ec9f6294777881dfee9,pinv,2,2,0.496000,22,63400022,seeded_ic_v1,m2_routing_stability_eta0p496_v1,m2route_nominal_pinv_eta0p496_seed63400022
1,nominal,nominal,1.00,849b83459d1c2d9ea365d7e743ed7fe5a00151aa39505ec9f6294777881dfee9,pinv,1,2,0.496000,23,63400023,seeded_ic_v1,m2_routing_stability_eta0p496_v1,m2route_nominal_pinv_eta0p496_seed63400023
1,nominal,nominal,1.00,849b83459d1c2d9ea365d7e743ed7fe5a00151aa39505ec9f6294777881dfee9,cem,2,2,0.496000,23,63400023,seeded_ic_v1,m2_routing_stability_eta0p496_v1,m2route_nominal_cem_eta0p496_seed63400023
1,nominal,nominal,1.00,849b83459d1c2d9ea365d7e743ed7fe5a00151aa39505ec9f6294777881dfee9,cem,1,2,0.496000,24,63400024,seeded_ic_v1,m2_routing_stability_eta0p496_v1,m2route_nominal_cem_eta0p496_seed63400024
1,nominal,nominal,1.00,849b83459d1c2d9ea365d7e743ed7fe5a00151aa39505ec9f6294777881dfee9,pinv,2,2,0.496000,24,63400024,seeded_ic_v1,m2_routing_stability_eta0p496_v1,m2route_nominal_pinv_eta0p496_seed63400024
1,nominal,nominal,1.00,849b83459d1c2d9ea365d7e743ed7fe5a00151aa39505ec9f6294777881dfee9,pinv,1,2,0.496000,25,63400025,seeded_ic_v1,m2_routing_stability_eta0p496_v1,m2route_nominal_pinv_eta0p496_seed63400025
1,nominal,nominal,1.00,849b83459d1c2d9ea365d7e743ed7fe5a00151aa39505ec9f6294777881dfee9,cem,2,2,0.496000,25,63400025,seeded_ic_v1,m2_routing_stability_eta0p496_v1,m2route_nominal_cem_eta0p496_seed63400025
1,nominal,nominal,1.00,849b83459d1c2d9ea365d7e743ed7fe5a00151aa39505ec9f6294777881dfee9,cem,1,2,0.496000,26,63400026,seeded_ic_v1,m2_routing_stability_eta0p496_v1,m2route_nominal_cem_eta0p496_seed63400026
1,nominal,nominal,1.00,849b83459d1c2d9ea365d7e743ed7fe5a00151aa39505ec9f6294777881dfee9,pinv,2,2,0.496000,26,63400026,seeded_ic_v1,m2_routing_stability_eta0p496_v1,m2route_nominal_pinv_eta0p496_seed63400026
1,nominal,nominal,1.00,849b83459d1c2d9ea365d7e743ed7fe5a00151aa39505ec9f6294777881dfee9,pinv,1,2,0.496000,27,63400027,seeded_ic_v1,m2_routing_stability_eta0p496_v1,m2route_nominal_pinv_eta0p496_seed63400027
1,nominal,nominal,1.00,849b83459d1c2d9ea365d7e743ed7fe5a00151aa39505ec9f6294777881dfee9,cem,2,2,0.496000,27,63400027,seeded_ic_v1,m2_routing_stability_eta0p496_v1,m2route_nominal_cem_eta0p496_seed63400027
1,nominal,nominal,1.00,849b83459d1c2d9ea365d7e743ed7fe5a00151aa39505ec9f6294777881dfee9,cem,1,2,0.496000,28,63400028,seeded_ic_v1,m2_routing_stability_eta0p496_v1,m2route_nominal_cem_eta0p496_seed63400028
1,nominal,nominal,1.00,849b83459d1c2d9ea365d7e743ed7fe5a00151aa39505ec9f6294777881dfee9,pinv,2,2,0.496000,28,63400028,seeded_ic_v1,m2_routing_stability_eta0p496_v1,m2route_nominal_pinv_eta0p496_seed63400028
1,nominal,nominal,1.00,849b83459d1c2d9ea365d7e743ed7fe5a00151aa39505ec9f6294777881dfee9,pinv,1,2,0.496000,29,63400029,seeded_ic_v1,m2_routing_stability_eta0p496_v1,m2route_nominal_pinv_eta0p496_seed63400029
1,nominal,nominal,1.00,849b83459d1c2d9ea365d7e743ed7fe5a00151aa39505ec9f6294777881dfee9,cem,2,2,0.496000,29,63400029,seeded_ic_v1,m2_routing_stability_eta0p496_v1,m2route_nominal_cem_eta0p496_seed63400029
1,nominal,nominal,1.00,849b83459d1c2d9ea365d7e743ed7fe5a00151aa39505ec9f6294777881dfee9,cem,1,2,0.496000,30,63400030,seeded_ic_v1,m2_routing_stability_eta0p496_v1,m2route_nominal_cem_eta0p496_seed63400030
1,nominal,nominal,1.00,849b83459d1c2d9ea365d7e743ed7fe5a00151aa39505ec9f6294777881dfee9,pinv,2,2,0.496000,30,63400030,seeded_ic_v1,m2_routing_stability_eta0p496_v1,m2route_nominal_pinv_eta0p496_seed63400030
2,mass_minus10,mass,0.90,a366ed78fb465fbb0964b33f1f3c9a586ec729fc37330465328f33701d8755cf,pinv,1,2,0.496000,1,63400001,seeded_ic_v1,m2_routing_stability_eta0p496_v1,m2route_mass_minus10_pinv_eta0p496_seed63400001
2,mass_minus10,mass,0.90,a366ed78fb465fbb0964b33f1f3c9a586ec729fc37330465328f33701d8755cf,cem,2,2,0.496000,1,63400001,seeded_ic_v1,m2_routing_stability_eta0p496_v1,m2route_mass_minus10_cem_eta0p496_seed63400001
2,mass_minus10,mass,0.90,a366ed78fb465fbb0964b33f1f3c9a586ec729fc37330465328f33701d8755cf,cem,1,2,0.496000,2,63400002,seeded_ic_v1,m2_routing_stability_eta0p496_v1,m2route_mass_minus10_cem_eta0p496_seed63400002
2,mass_minus10,mass,0.90,a366ed78fb465fbb0964b33f1f3c9a586ec729fc37330465328f33701d8755cf,pinv,2,2,0.496000,2,63400002,seeded_ic_v1,m2_routing_stability_eta0p496_v1,m2route_mass_minus10_pinv_eta0p496_seed63400002
2,mass_minus10,mass,0.90,a366ed78fb465fbb0964b33f1f3c9a586ec729fc37330465328f33701d8755cf,pinv,1,2,0.496000,3,63400003,seeded_ic_v1,m2_routing_stability_eta0p496_v1,m2route_mass_minus10_pinv_eta0p496_seed63400003
2,mass_minus10,mass,0.90,a366ed78fb465fbb0964b33f1f3c9a586ec729fc37330465328f33701d8755cf,cem,2,2,0.496000,3,63400003,seeded_ic_v1,m2_routing_stability_eta0p496_v1,m2route_mass_minus10_cem_eta0p496_seed63400003
2,mass_minus10,mass,0.90,a366ed78fb465fbb0964b33f1f3c9a586ec729fc37330465328f33701d8755cf,cem,1,2,0.496000,4,63400004,seeded_ic_v1,m2_routing_stability_eta0p496_v1,m2route_mass_minus10_cem_eta0p496_seed63400004
2,mass_minus10,mass,0.90,a366ed78fb465fbb0964b33f1f3c9a586ec729fc37330465328f33701d8755cf,pinv,2,2,0.496000,4,63400004,seeded_ic_v1,m2_routing_stability_eta0p496_v1,m2route_mass_minus10_pinv_eta0p496_seed63400004
2,mass_minus10,mass,0.90,a366ed78fb465fbb0964b33f1f3c9a586ec729fc37330465328f33701d8755cf,pinv,1,2,0.496000,5,63400005,seeded_ic_v1,m2_routing_stability_eta0p496_v1,m2route_mass_minus10_pinv_eta0p496_seed63400005
2,mass_minus10,mass,0.90,a366ed78fb465fbb0964b33f1f3c9a586ec729fc37330465328f33701d8755cf,cem,2,2,0.496000,5,63400005,seeded_ic_v1,m2_routing_stability_eta0p496_v1,m2route_mass_minus10_cem_eta0p496_seed63400005
2,mass_minus10,mass,0.90,a366ed78fb465fbb0964b33f1f3c9a586ec729fc37330465328f33701d8755cf,cem,1,2,0.496000,6,63400006,seeded_ic_v1,m2_routing_stability_eta0p496_v1,m2route_mass_minus10_cem_eta0p496_seed63400006
2,mass_minus10,mass,0.90,a366ed78fb465fbb0964b33f1f3c9a586ec729fc37330465328f33701d8755cf,pinv,2,2,0.496000,6,63400006,seeded_ic_v1,m2_routing_stability_eta0p496_v1,m2route_mass_minus10_pinv_eta0p496_seed63400006
2,mass_minus10,mass,0.90,a366ed78fb465fbb0964b33f1f3c9a586ec729fc37330465328f33701d8755cf,pinv,1,2,0.496000,7,63400007,seeded_ic_v1,m2_routing_stability_eta0p496_v1,m2route_mass_minus10_pinv_eta0p496_seed63400007
2,mass_minus10,mass,0.90,a366ed78fb465fbb0964b33f1f3c9a586ec729fc37330465328f33701d8755cf,cem,2,2,0.496000,7,63400007,seeded_ic_v1,m2_routing_stability_eta0p496_v1,m2route_mass_minus10_cem_eta0p496_seed63400007
2,mass_minus10,mass,0.90,a366ed78fb465fbb0964b33f1f3c9a586ec729fc37330465328f33701d8755cf,cem,1,2,0.496000,8,63400008,seeded_ic_v1,m2_routing_stability_eta0p496_v1,m2route_mass_minus10_cem_eta0p496_seed63400008
2,mass_minus10,mass,0.90,a366ed78fb465fbb0964b33f1f3c9a586ec729fc37330465328f33701d8755cf,pinv,2,2,0.496000,8,63400008,seeded_ic_v1,m2_routing_stability_eta0p496_v1,m2route_mass_minus10_pinv_eta0p496_seed63400008
2,mass_minus10,mass,0.90,a366ed78fb465fbb0964b33f1f3c9a586ec729fc37330465328f33701d8755cf,pinv,1,2,0.496000,9,63400009,seeded_ic_v1,m2_routing_stability_eta0p496_v1,m2route_mass_minus10_pinv_eta0p496_seed63400009
2,mass_minus10,mass,0.90,a366ed78fb465fbb0964b33f1f3c9a586ec729fc37330465328f33701d8755cf,cem,2,2,0.496000,9,63400009,seeded_ic_v1,m2_routing_stability_eta0p496_v1,m2route_mass_minus10_cem_eta0p496_seed63400009
2,mass_minus10,mass,0.90,a366ed78fb465fbb0964b33f1f3c9a586ec729fc37330465328f33701d8755cf,cem,1,2,0.496000,10,63400010,seeded_ic_v1,m2_routing_stability_eta0p496_v1,m2route_mass_minus10_cem_eta0p496_seed63400010
2,mass_minus10,mass,0.90,a366ed78fb465fbb0964b33f1f3c9a586ec729fc37330465328f33701d8755cf,pinv,2,2,0.496000,10,63400010,seeded_ic_v1,m2_routing_stability_eta0p496_v1,m2route_mass_minus10_pinv_eta0p496_seed63400010
2,mass_minus10,mass,0.90,a366ed78fb465fbb0964b33f1f3c9a586ec729fc37330465328f33701d8755cf,pinv,1,2,0.496000,11,63400011,seeded_ic_v1,m2_routing_stability_eta0p496_v1,m2route_mass_minus10_pinv_eta0p496_seed63400011
2,mass_minus10,mass,0.90,a366ed78fb465fbb0964b33f1f3c9a586ec729fc37330465328f33701d8755cf,cem,2,2,0.496000,11,63400011,seeded_ic_v1,m2_routing_stability_eta0p496_v1,m2route_mass_minus10_cem_eta0p496_seed63400011
2,mass_minus10,mass,0.90,a366ed78fb465fbb0964b33f1f3c9a586ec729fc37330465328f33701d8755cf,cem,1,2,0.496000,12,63400012,seeded_ic_v1,m2_routing_stability_eta0p496_v1,m2route_mass_minus10_cem_eta0p496_seed63400012
2,mass_minus10,mass,0.90,a366ed78fb465fbb0964b33f1f3c9a586ec729fc37330465328f33701d8755cf,pinv,2,2,0.496000,12,63400012,seeded_ic_v1,m2_routing_stability_eta0p496_v1,m2route_mass_minus10_pinv_eta0p496_seed63400012
2,mass_minus10,mass,0.90,a366ed78fb465fbb0964b33f1f3c9a586ec729fc37330465328f33701d8755cf,pinv,1,2,0.496000,13,63400013,seeded_ic_v1,m2_routing_stability_eta0p496_v1,m2route_mass_minus10_pinv_eta0p496_seed63400013
2,mass_minus10,mass,0.90,a366ed78fb465fbb0964b33f1f3c9a586ec729fc37330465328f33701d8755cf,cem,2,2,0.496000,13,63400013,seeded_ic_v1,m2_routing_stability_eta0p496_v1,m2route_mass_minus10_cem_eta0p496_seed63400013
2,mass_minus10,mass,0.90,a366ed78fb465fbb0964b33f1f3c9a586ec729fc37330465328f33701d8755cf,cem,1,2,0.496000,14,63400014,seeded_ic_v1,m2_routing_stability_eta0p496_v1,m2route_mass_minus10_cem_eta0p496_seed63400014
2,mass_minus10,mass,0.90,a366ed78fb465fbb0964b33f1f3c9a586ec729fc37330465328f33701d8755cf,pinv,2,2,0.496000,14,63400014,seeded_ic_v1,m2_routing_stability_eta0p496_v1,m2route_mass_minus10_pinv_eta0p496_seed63400014
2,mass_minus10,mass,0.90,a366ed78fb465fbb0964b33f1f3c9a586ec729fc37330465328f33701d8755cf,pinv,1,2,0.496000,15,63400015,seeded_ic_v1,m2_routing_stability_eta0p496_v1,m2route_mass_minus10_pinv_eta0p496_seed63400015
2,mass_minus10,mass,0.90,a366ed78fb465fbb0964b33f1f3c9a586ec729fc37330465328f33701d8755cf,cem,2,2,0.496000,15,63400015,seeded_ic_v1,m2_routing_stability_eta0p496_v1,m2route_mass_minus10_cem_eta0p496_seed63400015
2,mass_minus10,mass,0.90,a366ed78fb465fbb0964b33f1f3c9a586ec729fc37330465328f33701d8755cf,cem,1,2,0.496000,16,63400016,seeded_ic_v1,m2_routing_stability_eta0p496_v1,m2route_mass_minus10_cem_eta0p496_seed63400016
2,mass_minus10,mass,0.90,a366ed78fb465fbb0964b33f1f3c9a586ec729fc37330465328f33701d8755cf,pinv,2,2,0.496000,16,63400016,seeded_ic_v1,m2_routing_stability_eta0p496_v1,m2route_mass_minus10_pinv_eta0p496_seed63400016
2,mass_minus10,mass,0.90,a366ed78fb465fbb0964b33f1f3c9a586ec729fc37330465328f33701d8755cf,pinv,1,2,0.496000,17,63400017,seeded_ic_v1,m2_routing_stability_eta0p496_v1,m2route_mass_minus10_pinv_eta0p496_seed63400017
2,mass_minus10,mass,0.90,a366ed78fb465fbb0964b33f1f3c9a586ec729fc37330465328f33701d8755cf,cem,2,2,0.496000,17,63400017,seeded_ic_v1,m2_routing_stability_eta0p496_v1,m2route_mass_minus10_cem_eta0p496_seed63400017
2,mass_minus10,mass,0.90,a366ed78fb465fbb0964b33f1f3c9a586ec729fc37330465328f33701d8755cf,cem,1,2,0.496000,18,63400018,seeded_ic_v1,m2_routing_stability_eta0p496_v1,m2route_mass_minus10_cem_eta0p496_seed63400018
2,mass_minus10,mass,0.90,a366ed78fb465fbb0964b33f1f3c9a586ec729fc37330465328f33701d8755cf,pinv,2,2,0.496000,18,63400018,seeded_ic_v1,m2_routing_stability_eta0p496_v1,m2route_mass_minus10_pinv_eta0p496_seed63400018
2,mass_minus10,mass,0.90,a366ed78fb465fbb0964b33f1f3c9a586ec729fc37330465328f33701d8755cf,pinv,1,2,0.496000,19,63400019,seeded_ic_v1,m2_routing_stability_eta0p496_v1,m2route_mass_minus10_pinv_eta0p496_seed63400019
2,mass_minus10,mass,0.90,a366ed78fb465fbb0964b33f1f3c9a586ec729fc37330465328f33701d8755cf,cem,2,2,0.496000,19,63400019,seeded_ic_v1,m2_routing_stability_eta0p496_v1,m2route_mass_minus10_cem_eta0p496_seed63400019
2,mass_minus10,mass,0.90,a366ed78fb465fbb0964b33f1f3c9a586ec729fc37330465328f33701d8755cf,cem,1,2,0.496000,20,63400020,seeded_ic_v1,m2_routing_stability_eta0p496_v1,m2route_mass_minus10_cem_eta0p496_seed63400020
2,mass_minus10,mass,0.90,a366ed78fb465fbb0964b33f1f3c9a586ec729fc37330465328f33701d8755cf,pinv,2,2,0.496000,20,63400020,seeded_ic_v1,m2_routing_stability_eta0p496_v1,m2route_mass_minus10_pinv_eta0p496_seed63400020
2,mass_minus10,mass,0.90,a366ed78fb465fbb0964b33f1f3c9a586ec729fc37330465328f33701d8755cf,pinv,1,2,0.496000,21,63400021,seeded_ic_v1,m2_routing_stability_eta0p496_v1,m2route_mass_minus10_pinv_eta0p496_seed63400021
2,mass_minus10,mass,0.90,a366ed78fb465fbb0964b33f1f3c9a586ec729fc37330465328f33701d8755cf,cem,2,2,0.496000,21,63400021,seeded_ic_v1,m2_routing_stability_eta0p496_v1,m2route_mass_minus10_cem_eta0p496_seed63400021
2,mass_minus10,mass,0.90,a366ed78fb465fbb0964b33f1f3c9a586ec729fc37330465328f33701d8755cf,cem,1,2,0.496000,22,63400022,seeded_ic_v1,m2_routing_stability_eta0p496_v1,m2route_mass_minus10_cem_eta0p496_seed63400022
2,mass_minus10,mass,0.90,a366ed78fb465fbb0964b33f1f3c9a586ec729fc37330465328f33701d8755cf,pinv,2,2,0.496000,22,63400022,seeded_ic_v1,m2_routing_stability_eta0p496_v1,m2route_mass_minus10_pinv_eta0p496_seed63400022
2,mass_minus10,mass,0.90,a366ed78fb465fbb0964b33f1f3c9a586ec729fc37330465328f33701d8755cf,pinv,1,2,0.496000,23,63400023,seeded_ic_v1,m2_routing_stability_eta0p496_v1,m2route_mass_minus10_pinv_eta0p496_seed63400023
2,mass_minus10,mass,0.90,a366ed78fb465fbb0964b33f1f3c9a586ec729fc37330465328f33701d8755cf,cem,2,2,0.496000,23,63400023,seeded_ic_v1,m2_routing_stability_eta0p496_v1,m2route_mass_minus10_cem_eta0p496_seed63400023
2,mass_minus10,mass,0.90,a366ed78fb465fbb0964b33f1f3c9a586ec729fc37330465328f33701d8755cf,cem,1,2,0.496000,24,63400024,seeded_ic_v1,m2_routing_stability_eta0p496_v1,m2route_mass_minus10_cem_eta0p496_seed63400024
2,mass_minus10,mass,0.90,a366ed78fb465fbb0964b33f1f3c9a586ec729fc37330465328f33701d8755cf,pinv,2,2,0.496000,24,63400024,seeded_ic_v1,m2_routing_stability_eta0p496_v1,m2route_mass_minus10_pinv_eta0p496_seed63400024
2,mass_minus10,mass,0.90,a366ed78fb465fbb0964b33f1f3c9a586ec729fc37330465328f33701d8755cf,pinv,1,2,0.496000,25,63400025,seeded_ic_v1,m2_routing_stability_eta0p496_v1,m2route_mass_minus10_pinv_eta0p496_seed63400025
2,mass_minus10,mass,0.90,a366ed78fb465fbb0964b33f1f3c9a586ec729fc37330465328f33701d8755cf,cem,2,2,0.496000,25,63400025,seeded_ic_v1,m2_routing_stability_eta0p496_v1,m2route_mass_minus10_cem_eta0p496_seed63400025
2,mass_minus10,mass,0.90,a366ed78fb465fbb0964b33f1f3c9a586ec729fc37330465328f33701d8755cf,cem,1,2,0.496000,26,63400026,seeded_ic_v1,m2_routing_stability_eta0p496_v1,m2route_mass_minus10_cem_eta0p496_seed63400026
2,mass_minus10,mass,0.90,a366ed78fb465fbb0964b33f1f3c9a586ec729fc37330465328f33701d8755cf,pinv,2,2,0.496000,26,63400026,seeded_ic_v1,m2_routing_stability_eta0p496_v1,m2route_mass_minus10_pinv_eta0p496_seed63400026
2,mass_minus10,mass,0.90,a366ed78fb465fbb0964b33f1f3c9a586ec729fc37330465328f33701d8755cf,pinv,1,2,0.496000,27,63400027,seeded_ic_v1,m2_routing_stability_eta0p496_v1,m2route_mass_minus10_pinv_eta0p496_seed63400027
2,mass_minus10,mass,0.90,a366ed78fb465fbb0964b33f1f3c9a586ec729fc37330465328f33701d8755cf,cem,2,2,0.496000,27,63400027,seeded_ic_v1,m2_routing_stability_eta0p496_v1,m2route_mass_minus10_cem_eta0p496_seed63400027
2,mass_minus10,mass,0.90,a366ed78fb465fbb0964b33f1f3c9a586ec729fc37330465328f33701d8755cf,cem,1,2,0.496000,28,63400028,seeded_ic_v1,m2_routing_stability_eta0p496_v1,m2route_mass_minus10_cem_eta0p496_seed63400028
2,mass_minus10,mass,0.90,a366ed78fb465fbb0964b33f1f3c9a586ec729fc37330465328f33701d8755cf,pinv,2,2,0.496000,28,63400028,seeded_ic_v1,m2_routing_stability_eta0p496_v1,m2route_mass_minus10_pinv_eta0p496_seed63400028
2,mass_minus10,mass,0.90,a366ed78fb465fbb0964b33f1f3c9a586ec729fc37330465328f33701d8755cf,pinv,1,2,0.496000,29,63400029,seeded_ic_v1,m2_routing_stability_eta0p496_v1,m2route_mass_minus10_pinv_eta0p496_seed63400029
2,mass_minus10,mass,0.90,a366ed78fb465fbb0964b33f1f3c9a586ec729fc37330465328f33701d8755cf,cem,2,2,0.496000,29,63400029,seeded_ic_v1,m2_routing_stability_eta0p496_v1,m2route_mass_minus10_cem_eta0p496_seed63400029
2,mass_minus10,mass,0.90,a366ed78fb465fbb0964b33f1f3c9a586ec729fc37330465328f33701d8755cf,cem,1,2,0.496000,30,63400030,seeded_ic_v1,m2_routing_stability_eta0p496_v1,m2route_mass_minus10_cem_eta0p496_seed63400030
2,mass_minus10,mass,0.90,a366ed78fb465fbb0964b33f1f3c9a586ec729fc37330465328f33701d8755cf,pinv,2,2,0.496000,30,63400030,seeded_ic_v1,m2_routing_stability_eta0p496_v1,m2route_mass_minus10_pinv_eta0p496_seed63400030
3,mass_plus10,mass,1.10,0ad4e7a81bb28fe519cdcc54f3f9171cdc92ffd32b0776502e84aabd531e0398,pinv,1,2,0.496000,1,63400001,seeded_ic_v1,m2_routing_stability_eta0p496_v1,m2route_mass_plus10_pinv_eta0p496_seed63400001
3,mass_plus10,mass,1.10,0ad4e7a81bb28fe519cdcc54f3f9171cdc92ffd32b0776502e84aabd531e0398,cem,2,2,0.496000,1,63400001,seeded_ic_v1,m2_routing_stability_eta0p496_v1,m2route_mass_plus10_cem_eta0p496_seed63400001
3,mass_plus10,mass,1.10,0ad4e7a81bb28fe519cdcc54f3f9171cdc92ffd32b0776502e84aabd531e0398,cem,1,2,0.496000,2,63400002,seeded_ic_v1,m2_routing_stability_eta0p496_v1,m2route_mass_plus10_cem_eta0p496_seed63400002
3,mass_plus10,mass,1.10,0ad4e7a81bb28fe519cdcc54f3f9171cdc92ffd32b0776502e84aabd531e0398,pinv,2,2,0.496000,2,63400002,seeded_ic_v1,m2_routing_stability_eta0p496_v1,m2route_mass_plus10_pinv_eta0p496_seed63400002
3,mass_plus10,mass,1.10,0ad4e7a81bb28fe519cdcc54f3f9171cdc92ffd32b0776502e84aabd531e0398,pinv,1,2,0.496000,3,63400003,seeded_ic_v1,m2_routing_stability_eta0p496_v1,m2route_mass_plus10_pinv_eta0p496_seed63400003
3,mass_plus10,mass,1.10,0ad4e7a81bb28fe519cdcc54f3f9171cdc92ffd32b0776502e84aabd531e0398,cem,2,2,0.496000,3,63400003,seeded_ic_v1,m2_routing_stability_eta0p496_v1,m2route_mass_plus10_cem_eta0p496_seed63400003
3,mass_plus10,mass,1.10,0ad4e7a81bb28fe519cdcc54f3f9171cdc92ffd32b0776502e84aabd531e0398,cem,1,2,0.496000,4,63400004,seeded_ic_v1,m2_routing_stability_eta0p496_v1,m2route_mass_plus10_cem_eta0p496_seed63400004
3,mass_plus10,mass,1.10,0ad4e7a81bb28fe519cdcc54f3f9171cdc92ffd32b0776502e84aabd531e0398,pinv,2,2,0.496000,4,63400004,seeded_ic_v1,m2_routing_stability_eta0p496_v1,m2route_mass_plus10_pinv_eta0p496_seed63400004
3,mass_plus10,mass,1.10,0ad4e7a81bb28fe519cdcc54f3f9171cdc92ffd32b0776502e84aabd531e0398,pinv,1,2,0.496000,5,63400005,seeded_ic_v1,m2_routing_stability_eta0p496_v1,m2route_mass_plus10_pinv_eta0p496_seed63400005
3,mass_plus10,mass,1.10,0ad4e7a81bb28fe519cdcc54f3f9171cdc92ffd32b0776502e84aabd531e0398,cem,2,2,0.496000,5,63400005,seeded_ic_v1,m2_routing_stability_eta0p496_v1,m2route_mass_plus10_cem_eta0p496_seed63400005
3,mass_plus10,mass,1.10,0ad4e7a81bb28fe519cdcc54f3f9171cdc92ffd32b0776502e84aabd531e0398,cem,1,2,0.496000,6,63400006,seeded_ic_v1,m2_routing_stability_eta0p496_v1,m2route_mass_plus10_cem_eta0p496_seed63400006
3,mass_plus10,mass,1.10,0ad4e7a81bb28fe519cdcc54f3f9171cdc92ffd32b0776502e84aabd531e0398,pinv,2,2,0.496000,6,63400006,seeded_ic_v1,m2_routing_stability_eta0p496_v1,m2route_mass_plus10_pinv_eta0p496_seed63400006
3,mass_plus10,mass,1.10,0ad4e7a81bb28fe519cdcc54f3f9171cdc92ffd32b0776502e84aabd531e0398,pinv,1,2,0.496000,7,63400007,seeded_ic_v1,m2_routing_stability_eta0p496_v1,m2route_mass_plus10_pinv_eta0p496_seed63400007
3,mass_plus10,mass,1.10,0ad4e7a81bb28fe519cdcc54f3f9171cdc92ffd32b0776502e84aabd531e0398,cem,2,2,0.496000,7,63400007,seeded_ic_v1,m2_routing_stability_eta0p496_v1,m2route_mass_plus10_cem_eta0p496_seed63400007
3,mass_plus10,mass,1.10,0ad4e7a81bb28fe519cdcc54f3f9171cdc92ffd32b0776502e84aabd531e0398,cem,1,2,0.496000,8,63400008,seeded_ic_v1,m2_routing_stability_eta0p496_v1,m2route_mass_plus10_cem_eta0p496_seed63400008
3,mass_plus10,mass,1.10,0ad4e7a81bb28fe519cdcc54f3f9171cdc92ffd32b0776502e84aabd531e0398,pinv,2,2,0.496000,8,63400008,seeded_ic_v1,m2_routing_stability_eta0p496_v1,m2route_mass_plus10_pinv_eta0p496_seed63400008
3,mass_plus10,mass,1.10,0ad4e7a81bb28fe519cdcc54f3f9171cdc92ffd32b0776502e84aabd531e0398,pinv,1,2,0.496000,9,63400009,seeded_ic_v1,m2_routing_stability_eta0p496_v1,m2route_mass_plus10_pinv_eta0p496_seed63400009
3,mass_plus10,mass,1.10,0ad4e7a81bb28fe519cdcc54f3f9171cdc92ffd32b0776502e84aabd531e0398,cem,2,2,0.496000,9,63400009,seeded_ic_v1,m2_routing_stability_eta0p496_v1,m2route_mass_plus10_cem_eta0p496_seed63400009
3,mass_plus10,mass,1.10,0ad4e7a81bb28fe519cdcc54f3f9171cdc92ffd32b0776502e84aabd531e0398,cem,1,2,0.496000,10,63400010,seeded_ic_v1,m2_routing_stability_eta0p496_v1,m2route_mass_plus10_cem_eta0p496_seed63400010
3,mass_plus10,mass,1.10,0ad4e7a81bb28fe519cdcc54f3f9171cdc92ffd32b0776502e84aabd531e0398,pinv,2,2,0.496000,10,63400010,seeded_ic_v1,m2_routing_stability_eta0p496_v1,m2route_mass_plus10_pinv_eta0p496_seed63400010
3,mass_plus10,mass,1.10,0ad4e7a81bb28fe519cdcc54f3f9171cdc92ffd32b0776502e84aabd531e0398,pinv,1,2,0.496000,11,63400011,seeded_ic_v1,m2_routing_stability_eta0p496_v1,m2route_mass_plus10_pinv_eta0p496_seed63400011
3,mass_plus10,mass,1.10,0ad4e7a81bb28fe519cdcc54f3f9171cdc92ffd32b0776502e84aabd531e0398,cem,2,2,0.496000,11,63400011,seeded_ic_v1,m2_routing_stability_eta0p496_v1,m2route_mass_plus10_cem_eta0p496_seed63400011
3,mass_plus10,mass,1.10,0ad4e7a81bb28fe519cdcc54f3f9171cdc92ffd32b0776502e84aabd531e0398,cem,1,2,0.496000,12,63400012,seeded_ic_v1,m2_routing_stability_eta0p496_v1,m2route_mass_plus10_cem_eta0p496_seed63400012
3,mass_plus10,mass,1.10,0ad4e7a81bb28fe519cdcc54f3f9171cdc92ffd32b0776502e84aabd531e0398,pinv,2,2,0.496000,12,63400012,seeded_ic_v1,m2_routing_stability_eta0p496_v1,m2route_mass_plus10_pinv_eta0p496_seed63400012
3,mass_plus10,mass,1.10,0ad4e7a81bb28fe519cdcc54f3f9171cdc92ffd32b0776502e84aabd531e0398,pinv,1,2,0.496000,13,63400013,seeded_ic_v1,m2_routing_stability_eta0p496_v1,m2route_mass_plus10_pinv_eta0p496_seed63400013
3,mass_plus10,mass,1.10,0ad4e7a81bb28fe519cdcc54f3f9171cdc92ffd32b0776502e84aabd531e0398,cem,2,2,0.496000,13,63400013,seeded_ic_v1,m2_routing_stability_eta0p496_v1,m2route_mass_plus10_cem_eta0p496_seed63400013
3,mass_plus10,mass,1.10,0ad4e7a81bb28fe519cdcc54f3f9171cdc92ffd32b0776502e84aabd531e0398,cem,1,2,0.496000,14,63400014,seeded_ic_v1,m2_routing_stability_eta0p496_v1,m2route_mass_plus10_cem_eta0p496_seed63400014
3,mass_plus10,mass,1.10,0ad4e7a81bb28fe519cdcc54f3f9171cdc92ffd32b0776502e84aabd531e0398,pinv,2,2,0.496000,14,63400014,seeded_ic_v1,m2_routing_stability_eta0p496_v1,m2route_mass_plus10_pinv_eta0p496_seed63400014
3,mass_plus10,mass,1.10,0ad4e7a81bb28fe519cdcc54f3f9171cdc92ffd32b0776502e84aabd531e0398,pinv,1,2,0.496000,15,63400015,seeded_ic_v1,m2_routing_stability_eta0p496_v1,m2route_mass_plus10_pinv_eta0p496_seed63400015
3,mass_plus10,mass,1.10,0ad4e7a81bb28fe519cdcc54f3f9171cdc92ffd32b0776502e84aabd531e0398,cem,2,2,0.496000,15,63400015,seeded_ic_v1,m2_routing_stability_eta0p496_v1,m2route_mass_plus10_cem_eta0p496_seed63400015
3,mass_plus10,mass,1.10,0ad4e7a81bb28fe519cdcc54f3f9171cdc92ffd32b0776502e84aabd531e0398,cem,1,2,0.496000,16,63400016,seeded_ic_v1,m2_routing_stability_eta0p496_v1,m2route_mass_plus10_cem_eta0p496_seed63400016
3,mass_plus10,mass,1.10,0ad4e7a81bb28fe519cdcc54f3f9171cdc92ffd32b0776502e84aabd531e0398,pinv,2,2,0.496000,16,63400016,seeded_ic_v1,m2_routing_stability_eta0p496_v1,m2route_mass_plus10_pinv_eta0p496_seed63400016
3,mass_plus10,mass,1.10,0ad4e7a81bb28fe519cdcc54f3f9171cdc92ffd32b0776502e84aabd531e0398,pinv,1,2,0.496000,17,63400017,seeded_ic_v1,m2_routing_stability_eta0p496_v1,m2route_mass_plus10_pinv_eta0p496_seed63400017
3,mass_plus10,mass,1.10,0ad4e7a81bb28fe519cdcc54f3f9171cdc92ffd32b0776502e84aabd531e0398,cem,2,2,0.496000,17,63400017,seeded_ic_v1,m2_routing_stability_eta0p496_v1,m2route_mass_plus10_cem_eta0p496_seed63400017
3,mass_plus10,mass,1.10,0ad4e7a81bb28fe519cdcc54f3f9171cdc92ffd32b0776502e84aabd531e0398,cem,1,2,0.496000,18,63400018,seeded_ic_v1,m2_routing_stability_eta0p496_v1,m2route_mass_plus10_cem_eta0p496_seed63400018
3,mass_plus10,mass,1.10,0ad4e7a81bb28fe519cdcc54f3f9171cdc92ffd32b0776502e84aabd531e0398,pinv,2,2,0.496000,18,63400018,seeded_ic_v1,m2_routing_stability_eta0p496_v1,m2route_mass_plus10_pinv_eta0p496_seed63400018
3,mass_plus10,mass,1.10,0ad4e7a81bb28fe519cdcc54f3f9171cdc92ffd32b0776502e84aabd531e0398,pinv,1,2,0.496000,19,63400019,seeded_ic_v1,m2_routing_stability_eta0p496_v1,m2route_mass_plus10_pinv_eta0p496_seed63400019
3,mass_plus10,mass,1.10,0ad4e7a81bb28fe519cdcc54f3f9171cdc92ffd32b0776502e84aabd531e0398,cem,2,2,0.496000,19,63400019,seeded_ic_v1,m2_routing_stability_eta0p496_v1,m2route_mass_plus10_cem_eta0p496_seed63400019
3,mass_plus10,mass,1.10,0ad4e7a81bb28fe519cdcc54f3f9171cdc92ffd32b0776502e84aabd531e0398,cem,1,2,0.496000,20,63400020,seeded_ic_v1,m2_routing_stability_eta0p496_v1,m2route_mass_plus10_cem_eta0p496_seed63400020
3,mass_plus10,mass,1.10,0ad4e7a81bb28fe519cdcc54f3f9171cdc92ffd32b0776502e84aabd531e0398,pinv,2,2,0.496000,20,63400020,seeded_ic_v1,m2_routing_stability_eta0p496_v1,m2route_mass_plus10_pinv_eta0p496_seed63400020
3,mass_plus10,mass,1.10,0ad4e7a81bb28fe519cdcc54f3f9171cdc92ffd32b0776502e84aabd531e0398,pinv,1,2,0.496000,21,63400021,seeded_ic_v1,m2_routing_stability_eta0p496_v1,m2route_mass_plus10_pinv_eta0p496_seed63400021
3,mass_plus10,mass,1.10,0ad4e7a81bb28fe519cdcc54f3f9171cdc92ffd32b0776502e84aabd531e0398,cem,2,2,0.496000,21,63400021,seeded_ic_v1,m2_routing_stability_eta0p496_v1,m2route_mass_plus10_cem_eta0p496_seed63400021
3,mass_plus10,mass,1.10,0ad4e7a81bb28fe519cdcc54f3f9171cdc92ffd32b0776502e84aabd531e0398,cem,1,2,0.496000,22,63400022,seeded_ic_v1,m2_routing_stability_eta0p496_v1,m2route_mass_plus10_cem_eta0p496_seed63400022
3,mass_plus10,mass,1.10,0ad4e7a81bb28fe519cdcc54f3f9171cdc92ffd32b0776502e84aabd531e0398,pinv,2,2,0.496000,22,63400022,seeded_ic_v1,m2_routing_stability_eta0p496_v1,m2route_mass_plus10_pinv_eta0p496_seed63400022
3,mass_plus10,mass,1.10,0ad4e7a81bb28fe519cdcc54f3f9171cdc92ffd32b0776502e84aabd531e0398,pinv,1,2,0.496000,23,63400023,seeded_ic_v1,m2_routing_stability_eta0p496_v1,m2route_mass_plus10_pinv_eta0p496_seed63400023
3,mass_plus10,mass,1.10,0ad4e7a81bb28fe519cdcc54f3f9171cdc92ffd32b0776502e84aabd531e0398,cem,2,2,0.496000,23,63400023,seeded_ic_v1,m2_routing_stability_eta0p496_v1,m2route_mass_plus10_cem_eta0p496_seed63400023
3,mass_plus10,mass,1.10,0ad4e7a81bb28fe519cdcc54f3f9171cdc92ffd32b0776502e84aabd531e0398,cem,1,2,0.496000,24,63400024,seeded_ic_v1,m2_routing_stability_eta0p496_v1,m2route_mass_plus10_cem_eta0p496_seed63400024
3,mass_plus10,mass,1.10,0ad4e7a81bb28fe519cdcc54f3f9171cdc92ffd32b0776502e84aabd531e0398,pinv,2,2,0.496000,24,63400024,seeded_ic_v1,m2_routing_stability_eta0p496_v1,m2route_mass_plus10_pinv_eta0p496_seed63400024
3,mass_plus10,mass,1.10,0ad4e7a81bb28fe519cdcc54f3f9171cdc92ffd32b0776502e84aabd531e0398,pinv,1,2,0.496000,25,63400025,seeded_ic_v1,m2_routing_stability_eta0p496_v1,m2route_mass_plus10_pinv_eta0p496_seed63400025
3,mass_plus10,mass,1.10,0ad4e7a81bb28fe519cdcc54f3f9171cdc92ffd32b0776502e84aabd531e0398,cem,2,2,0.496000,25,63400025,seeded_ic_v1,m2_routing_stability_eta0p496_v1,m2route_mass_plus10_cem_eta0p496_seed63400025
3,mass_plus10,mass,1.10,0ad4e7a81bb28fe519cdcc54f3f9171cdc92ffd32b0776502e84aabd531e0398,cem,1,2,0.496000,26,63400026,seeded_ic_v1,m2_routing_stability_eta0p496_v1,m2route_mass_plus10_cem_eta0p496_seed63400026
3,mass_plus10,mass,1.10,0ad4e7a81bb28fe519cdcc54f3f9171cdc92ffd32b0776502e84aabd531e0398,pinv,2,2,0.496000,26,63400026,seeded_ic_v1,m2_routing_stability_eta0p496_v1,m2route_mass_plus10_pinv_eta0p496_seed63400026
3,mass_plus10,mass,1.10,0ad4e7a81bb28fe519cdcc54f3f9171cdc92ffd32b0776502e84aabd531e0398,pinv,1,2,0.496000,27,63400027,seeded_ic_v1,m2_routing_stability_eta0p496_v1,m2route_mass_plus10_pinv_eta0p496_seed63400027
3,mass_plus10,mass,1.10,0ad4e7a81bb28fe519cdcc54f3f9171cdc92ffd32b0776502e84aabd531e0398,cem,2,2,0.496000,27,63400027,seeded_ic_v1,m2_routing_stability_eta0p496_v1,m2route_mass_plus10_cem_eta0p496_seed63400027
3,mass_plus10,mass,1.10,0ad4e7a81bb28fe519cdcc54f3f9171cdc92ffd32b0776502e84aabd531e0398,cem,1,2,0.496000,28,63400028,seeded_ic_v1,m2_routing_stability_eta0p496_v1,m2route_mass_plus10_cem_eta0p496_seed63400028
3,mass_plus10,mass,1.10,0ad4e7a81bb28fe519cdcc54f3f9171cdc92ffd32b0776502e84aabd531e0398,pinv,2,2,0.496000,28,63400028,seeded_ic_v1,m2_routing_stability_eta0p496_v1,m2route_mass_plus10_pinv_eta0p496_seed63400028
3,mass_plus10,mass,1.10,0ad4e7a81bb28fe519cdcc54f3f9171cdc92ffd32b0776502e84aabd531e0398,pinv,1,2,0.496000,29,63400029,seeded_ic_v1,m2_routing_stability_eta0p496_v1,m2route_mass_plus10_pinv_eta0p496_seed63400029
3,mass_plus10,mass,1.10,0ad4e7a81bb28fe519cdcc54f3f9171cdc92ffd32b0776502e84aabd531e0398,cem,2,2,0.496000,29,63400029,seeded_ic_v1,m2_routing_stability_eta0p496_v1,m2route_mass_plus10_cem_eta0p496_seed63400029
3,mass_plus10,mass,1.10,0ad4e7a81bb28fe519cdcc54f3f9171cdc92ffd32b0776502e84aabd531e0398,cem,1,2,0.496000,30,63400030,seeded_ic_v1,m2_routing_stability_eta0p496_v1,m2route_mass_plus10_cem_eta0p496_seed63400030
3,mass_plus10,mass,1.10,0ad4e7a81bb28fe519cdcc54f3f9171cdc92ffd32b0776502e84aabd531e0398,pinv,2,2,0.496000,30,63400030,seeded_ic_v1,m2_routing_stability_eta0p496_v1,m2route_mass_plus10_pinv_eta0p496_seed63400030
4,thrust_coefficient_minus10,thrust_coefficient,0.90,cc3905baa62024ad88f7af07d23f3de313b8a850d9af2dfeef9ddc8e82b33c77,pinv,1,2,0.496000,1,63400001,seeded_ic_v1,m2_routing_stability_eta0p496_v1,m2route_thrust_coefficient_minus10_pinv_eta0p496_seed63400001
4,thrust_coefficient_minus10,thrust_coefficient,0.90,cc3905baa62024ad88f7af07d23f3de313b8a850d9af2dfeef9ddc8e82b33c77,cem,2,2,0.496000,1,63400001,seeded_ic_v1,m2_routing_stability_eta0p496_v1,m2route_thrust_coefficient_minus10_cem_eta0p496_seed63400001
4,thrust_coefficient_minus10,thrust_coefficient,0.90,cc3905baa62024ad88f7af07d23f3de313b8a850d9af2dfeef9ddc8e82b33c77,cem,1,2,0.496000,2,63400002,seeded_ic_v1,m2_routing_stability_eta0p496_v1,m2route_thrust_coefficient_minus10_cem_eta0p496_seed63400002
4,thrust_coefficient_minus10,thrust_coefficient,0.90,cc3905baa62024ad88f7af07d23f3de313b8a850d9af2dfeef9ddc8e82b33c77,pinv,2,2,0.496000,2,63400002,seeded_ic_v1,m2_routing_stability_eta0p496_v1,m2route_thrust_coefficient_minus10_pinv_eta0p496_seed63400002
4,thrust_coefficient_minus10,thrust_coefficient,0.90,cc3905baa62024ad88f7af07d23f3de313b8a850d9af2dfeef9ddc8e82b33c77,pinv,1,2,0.496000,3,63400003,seeded_ic_v1,m2_routing_stability_eta0p496_v1,m2route_thrust_coefficient_minus10_pinv_eta0p496_seed63400003
4,thrust_coefficient_minus10,thrust_coefficient,0.90,cc3905baa62024ad88f7af07d23f3de313b8a850d9af2dfeef9ddc8e82b33c77,cem,2,2,0.496000,3,63400003,seeded_ic_v1,m2_routing_stability_eta0p496_v1,m2route_thrust_coefficient_minus10_cem_eta0p496_seed63400003
4,thrust_coefficient_minus10,thrust_coefficient,0.90,cc3905baa62024ad88f7af07d23f3de313b8a850d9af2dfeef9ddc8e82b33c77,cem,1,2,0.496000,4,63400004,seeded_ic_v1,m2_routing_stability_eta0p496_v1,m2route_thrust_coefficient_minus10_cem_eta0p496_seed63400004
4,thrust_coefficient_minus10,thrust_coefficient,0.90,cc3905baa62024ad88f7af07d23f3de313b8a850d9af2dfeef9ddc8e82b33c77,pinv,2,2,0.496000,4,63400004,seeded_ic_v1,m2_routing_stability_eta0p496_v1,m2route_thrust_coefficient_minus10_pinv_eta0p496_seed63400004
4,thrust_coefficient_minus10,thrust_coefficient,0.90,cc3905baa62024ad88f7af07d23f3de313b8a850d9af2dfeef9ddc8e82b33c77,pinv,1,2,0.496000,5,63400005,seeded_ic_v1,m2_routing_stability_eta0p496_v1,m2route_thrust_coefficient_minus10_pinv_eta0p496_seed63400005
4,thrust_coefficient_minus10,thrust_coefficient,0.90,cc3905baa62024ad88f7af07d23f3de313b8a850d9af2dfeef9ddc8e82b33c77,cem,2,2,0.496000,5,63400005,seeded_ic_v1,m2_routing_stability_eta0p496_v1,m2route_thrust_coefficient_minus10_cem_eta0p496_seed63400005
4,thrust_coefficient_minus10,thrust_coefficient,0.90,cc3905baa62024ad88f7af07d23f3de313b8a850d9af2dfeef9ddc8e82b33c77,cem,1,2,0.496000,6,63400006,seeded_ic_v1,m2_routing_stability_eta0p496_v1,m2route_thrust_coefficient_minus10_cem_eta0p496_seed63400006
4,thrust_coefficient_minus10,thrust_coefficient,0.90,cc3905baa62024ad88f7af07d23f3de313b8a850d9af2dfeef9ddc8e82b33c77,pinv,2,2,0.496000,6,63400006,seeded_ic_v1,m2_routing_stability_eta0p496_v1,m2route_thrust_coefficient_minus10_pinv_eta0p496_seed63400006
4,thrust_coefficient_minus10,thrust_coefficient,0.90,cc3905baa62024ad88f7af07d23f3de313b8a850d9af2dfeef9ddc8e82b33c77,pinv,1,2,0.496000,7,63400007,seeded_ic_v1,m2_routing_stability_eta0p496_v1,m2route_thrust_coefficient_minus10_pinv_eta0p496_seed63400007
4,thrust_coefficient_minus10,thrust_coefficient,0.90,cc3905baa62024ad88f7af07d23f3de313b8a850d9af2dfeef9ddc8e82b33c77,cem,2,2,0.496000,7,63400007,seeded_ic_v1,m2_routing_stability_eta0p496_v1,m2route_thrust_coefficient_minus10_cem_eta0p496_seed63400007
4,thrust_coefficient_minus10,thrust_coefficient,0.90,cc3905baa62024ad88f7af07d23f3de313b8a850d9af2dfeef9ddc8e82b33c77,cem,1,2,0.496000,8,63400008,seeded_ic_v1,m2_routing_stability_eta0p496_v1,m2route_thrust_coefficient_minus10_cem_eta0p496_seed63400008
4,thrust_coefficient_minus10,thrust_coefficient,0.90,cc3905baa62024ad88f7af07d23f3de313b8a850d9af2dfeef9ddc8e82b33c77,pinv,2,2,0.496000,8,63400008,seeded_ic_v1,m2_routing_stability_eta0p496_v1,m2route_thrust_coefficient_minus10_pinv_eta0p496_seed63400008
4,thrust_coefficient_minus10,thrust_coefficient,0.90,cc3905baa62024ad88f7af07d23f3de313b8a850d9af2dfeef9ddc8e82b33c77,pinv,1,2,0.496000,9,63400009,seeded_ic_v1,m2_routing_stability_eta0p496_v1,m2route_thrust_coefficient_minus10_pinv_eta0p496_seed63400009
4,thrust_coefficient_minus10,thrust_coefficient,0.90,cc3905baa62024ad88f7af07d23f3de313b8a850d9af2dfeef9ddc8e82b33c77,cem,2,2,0.496000,9,63400009,seeded_ic_v1,m2_routing_stability_eta0p496_v1,m2route_thrust_coefficient_minus10_cem_eta0p496_seed63400009
4,thrust_coefficient_minus10,thrust_coefficient,0.90,cc3905baa62024ad88f7af07d23f3de313b8a850d9af2dfeef9ddc8e82b33c77,cem,1,2,0.496000,10,63400010,seeded_ic_v1,m2_routing_stability_eta0p496_v1,m2route_thrust_coefficient_minus10_cem_eta0p496_seed63400010
4,thrust_coefficient_minus10,thrust_coefficient,0.90,cc3905baa62024ad88f7af07d23f3de313b8a850d9af2dfeef9ddc8e82b33c77,pinv,2,2,0.496000,10,63400010,seeded_ic_v1,m2_routing_stability_eta0p496_v1,m2route_thrust_coefficient_minus10_pinv_eta0p496_seed63400010
4,thrust_coefficient_minus10,thrust_coefficient,0.90,cc3905baa62024ad88f7af07d23f3de313b8a850d9af2dfeef9ddc8e82b33c77,pinv,1,2,0.496000,11,63400011,seeded_ic_v1,m2_routing_stability_eta0p496_v1,m2route_thrust_coefficient_minus10_pinv_eta0p496_seed63400011
4,thrust_coefficient_minus10,thrust_coefficient,0.90,cc3905baa62024ad88f7af07d23f3de313b8a850d9af2dfeef9ddc8e82b33c77,cem,2,2,0.496000,11,63400011,seeded_ic_v1,m2_routing_stability_eta0p496_v1,m2route_thrust_coefficient_minus10_cem_eta0p496_seed63400011
4,thrust_coefficient_minus10,thrust_coefficient,0.90,cc3905baa62024ad88f7af07d23f3de313b8a850d9af2dfeef9ddc8e82b33c77,cem,1,2,0.496000,12,63400012,seeded_ic_v1,m2_routing_stability_eta0p496_v1,m2route_thrust_coefficient_minus10_cem_eta0p496_seed63400012
4,thrust_coefficient_minus10,thrust_coefficient,0.90,cc3905baa62024ad88f7af07d23f3de313b8a850d9af2dfeef9ddc8e82b33c77,pinv,2,2,0.496000,12,63400012,seeded_ic_v1,m2_routing_stability_eta0p496_v1,m2route_thrust_coefficient_minus10_pinv_eta0p496_seed63400012
4,thrust_coefficient_minus10,thrust_coefficient,0.90,cc3905baa62024ad88f7af07d23f3de313b8a850d9af2dfeef9ddc8e82b33c77,pinv,1,2,0.496000,13,63400013,seeded_ic_v1,m2_routing_stability_eta0p496_v1,m2route_thrust_coefficient_minus10_pinv_eta0p496_seed63400013
4,thrust_coefficient_minus10,thrust_coefficient,0.90,cc3905baa62024ad88f7af07d23f3de313b8a850d9af2dfeef9ddc8e82b33c77,cem,2,2,0.496000,13,63400013,seeded_ic_v1,m2_routing_stability_eta0p496_v1,m2route_thrust_coefficient_minus10_cem_eta0p496_seed63400013
4,thrust_coefficient_minus10,thrust_coefficient,0.90,cc3905baa62024ad88f7af07d23f3de313b8a850d9af2dfeef9ddc8e82b33c77,cem,1,2,0.496000,14,63400014,seeded_ic_v1,m2_routing_stability_eta0p496_v1,m2route_thrust_coefficient_minus10_cem_eta0p496_seed63400014
4,thrust_coefficient_minus10,thrust_coefficient,0.90,cc3905baa62024ad88f7af07d23f3de313b8a850d9af2dfeef9ddc8e82b33c77,pinv,2,2,0.496000,14,63400014,seeded_ic_v1,m2_routing_stability_eta0p496_v1,m2route_thrust_coefficient_minus10_pinv_eta0p496_seed63400014
4,thrust_coefficient_minus10,thrust_coefficient,0.90,cc3905baa62024ad88f7af07d23f3de313b8a850d9af2dfeef9ddc8e82b33c77,pinv,1,2,0.496000,15,63400015,seeded_ic_v1,m2_routing_stability_eta0p496_v1,m2route_thrust_coefficient_minus10_pinv_eta0p496_seed63400015
4,thrust_coefficient_minus10,thrust_coefficient,0.90,cc3905baa62024ad88f7af07d23f3de313b8a850d9af2dfeef9ddc8e82b33c77,cem,2,2,0.496000,15,63400015,seeded_ic_v1,m2_routing_stability_eta0p496_v1,m2route_thrust_coefficient_minus10_cem_eta0p496_seed63400015
4,thrust_coefficient_minus10,thrust_coefficient,0.90,cc3905baa62024ad88f7af07d23f3de313b8a850d9af2dfeef9ddc8e82b33c77,cem,1,2,0.496000,16,63400016,seeded_ic_v1,m2_routing_stability_eta0p496_v1,m2route_thrust_coefficient_minus10_cem_eta0p496_seed63400016
4,thrust_coefficient_minus10,thrust_coefficient,0.90,cc3905baa62024ad88f7af07d23f3de313b8a850d9af2dfeef9ddc8e82b33c77,pinv,2,2,0.496000,16,63400016,seeded_ic_v1,m2_routing_stability_eta0p496_v1,m2route_thrust_coefficient_minus10_pinv_eta0p496_seed63400016
4,thrust_coefficient_minus10,thrust_coefficient,0.90,cc3905baa62024ad88f7af07d23f3de313b8a850d9af2dfeef9ddc8e82b33c77,pinv,1,2,0.496000,17,63400017,seeded_ic_v1,m2_routing_stability_eta0p496_v1,m2route_thrust_coefficient_minus10_pinv_eta0p496_seed63400017
4,thrust_coefficient_minus10,thrust_coefficient,0.90,cc3905baa62024ad88f7af07d23f3de313b8a850d9af2dfeef9ddc8e82b33c77,cem,2,2,0.496000,17,63400017,seeded_ic_v1,m2_routing_stability_eta0p496_v1,m2route_thrust_coefficient_minus10_cem_eta0p496_seed63400017
4,thrust_coefficient_minus10,thrust_coefficient,0.90,cc3905baa62024ad88f7af07d23f3de313b8a850d9af2dfeef9ddc8e82b33c77,cem,1,2,0.496000,18,63400018,seeded_ic_v1,m2_routing_stability_eta0p496_v1,m2route_thrust_coefficient_minus10_cem_eta0p496_seed63400018
4,thrust_coefficient_minus10,thrust_coefficient,0.90,cc3905baa62024ad88f7af07d23f3de313b8a850d9af2dfeef9ddc8e82b33c77,pinv,2,2,0.496000,18,63400018,seeded_ic_v1,m2_routing_stability_eta0p496_v1,m2route_thrust_coefficient_minus10_pinv_eta0p496_seed63400018
4,thrust_coefficient_minus10,thrust_coefficient,0.90,cc3905baa62024ad88f7af07d23f3de313b8a850d9af2dfeef9ddc8e82b33c77,pinv,1,2,0.496000,19,63400019,seeded_ic_v1,m2_routing_stability_eta0p496_v1,m2route_thrust_coefficient_minus10_pinv_eta0p496_seed63400019
4,thrust_coefficient_minus10,thrust_coefficient,0.90,cc3905baa62024ad88f7af07d23f3de313b8a850d9af2dfeef9ddc8e82b33c77,cem,2,2,0.496000,19,63400019,seeded_ic_v1,m2_routing_stability_eta0p496_v1,m2route_thrust_coefficient_minus10_cem_eta0p496_seed63400019
4,thrust_coefficient_minus10,thrust_coefficient,0.90,cc3905baa62024ad88f7af07d23f3de313b8a850d9af2dfeef9ddc8e82b33c77,cem,1,2,0.496000,20,63400020,seeded_ic_v1,m2_routing_stability_eta0p496_v1,m2route_thrust_coefficient_minus10_cem_eta0p496_seed63400020
4,thrust_coefficient_minus10,thrust_coefficient,0.90,cc3905baa62024ad88f7af07d23f3de313b8a850d9af2dfeef9ddc8e82b33c77,pinv,2,2,0.496000,20,63400020,seeded_ic_v1,m2_routing_stability_eta0p496_v1,m2route_thrust_coefficient_minus10_pinv_eta0p496_seed63400020
4,thrust_coefficient_minus10,thrust_coefficient,0.90,cc3905baa62024ad88f7af07d23f3de313b8a850d9af2dfeef9ddc8e82b33c77,pinv,1,2,0.496000,21,63400021,seeded_ic_v1,m2_routing_stability_eta0p496_v1,m2route_thrust_coefficient_minus10_pinv_eta0p496_seed63400021
4,thrust_coefficient_minus10,thrust_coefficient,0.90,cc3905baa62024ad88f7af07d23f3de313b8a850d9af2dfeef9ddc8e82b33c77,cem,2,2,0.496000,21,63400021,seeded_ic_v1,m2_routing_stability_eta0p496_v1,m2route_thrust_coefficient_minus10_cem_eta0p496_seed63400021
4,thrust_coefficient_minus10,thrust_coefficient,0.90,cc3905baa62024ad88f7af07d23f3de313b8a850d9af2dfeef9ddc8e82b33c77,cem,1,2,0.496000,22,63400022,seeded_ic_v1,m2_routing_stability_eta0p496_v1,m2route_thrust_coefficient_minus10_cem_eta0p496_seed63400022
4,thrust_coefficient_minus10,thrust_coefficient,0.90,cc3905baa62024ad88f7af07d23f3de313b8a850d9af2dfeef9ddc8e82b33c77,pinv,2,2,0.496000,22,63400022,seeded_ic_v1,m2_routing_stability_eta0p496_v1,m2route_thrust_coefficient_minus10_pinv_eta0p496_seed63400022
4,thrust_coefficient_minus10,thrust_coefficient,0.90,cc3905baa62024ad88f7af07d23f3de313b8a850d9af2dfeef9ddc8e82b33c77,pinv,1,2,0.496000,23,63400023,seeded_ic_v1,m2_routing_stability_eta0p496_v1,m2route_thrust_coefficient_minus10_pinv_eta0p496_seed63400023
4,thrust_coefficient_minus10,thrust_coefficient,0.90,cc3905baa62024ad88f7af07d23f3de313b8a850d9af2dfeef9ddc8e82b33c77,cem,2,2,0.496000,23,63400023,seeded_ic_v1,m2_routing_stability_eta0p496_v1,m2route_thrust_coefficient_minus10_cem_eta0p496_seed63400023
4,thrust_coefficient_minus10,thrust_coefficient,0.90,cc3905baa62024ad88f7af07d23f3de313b8a850d9af2dfeef9ddc8e82b33c77,cem,1,2,0.496000,24,63400024,seeded_ic_v1,m2_routing_stability_eta0p496_v1,m2route_thrust_coefficient_minus10_cem_eta0p496_seed63400024
4,thrust_coefficient_minus10,thrust_coefficient,0.90,cc3905baa62024ad88f7af07d23f3de313b8a850d9af2dfeef9ddc8e82b33c77,pinv,2,2,0.496000,24,63400024,seeded_ic_v1,m2_routing_stability_eta0p496_v1,m2route_thrust_coefficient_minus10_pinv_eta0p496_seed63400024
4,thrust_coefficient_minus10,thrust_coefficient,0.90,cc3905baa62024ad88f7af07d23f3de313b8a850d9af2dfeef9ddc8e82b33c77,pinv,1,2,0.496000,25,63400025,seeded_ic_v1,m2_routing_stability_eta0p496_v1,m2route_thrust_coefficient_minus10_pinv_eta0p496_seed63400025
4,thrust_coefficient_minus10,thrust_coefficient,0.90,cc3905baa62024ad88f7af07d23f3de313b8a850d9af2dfeef9ddc8e82b33c77,cem,2,2,0.496000,25,63400025,seeded_ic_v1,m2_routing_stability_eta0p496_v1,m2route_thrust_coefficient_minus10_cem_eta0p496_seed63400025
4,thrust_coefficient_minus10,thrust_coefficient,0.90,cc3905baa62024ad88f7af07d23f3de313b8a850d9af2dfeef9ddc8e82b33c77,cem,1,2,0.496000,26,63400026,seeded_ic_v1,m2_routing_stability_eta0p496_v1,m2route_thrust_coefficient_minus10_cem_eta0p496_seed63400026
4,thrust_coefficient_minus10,thrust_coefficient,0.90,cc3905baa62024ad88f7af07d23f3de313b8a850d9af2dfeef9ddc8e82b33c77,pinv,2,2,0.496000,26,63400026,seeded_ic_v1,m2_routing_stability_eta0p496_v1,m2route_thrust_coefficient_minus10_pinv_eta0p496_seed63400026
4,thrust_coefficient_minus10,thrust_coefficient,0.90,cc3905baa62024ad88f7af07d23f3de313b8a850d9af2dfeef9ddc8e82b33c77,pinv,1,2,0.496000,27,63400027,seeded_ic_v1,m2_routing_stability_eta0p496_v1,m2route_thrust_coefficient_minus10_pinv_eta0p496_seed63400027
4,thrust_coefficient_minus10,thrust_coefficient,0.90,cc3905baa62024ad88f7af07d23f3de313b8a850d9af2dfeef9ddc8e82b33c77,cem,2,2,0.496000,27,63400027,seeded_ic_v1,m2_routing_stability_eta0p496_v1,m2route_thrust_coefficient_minus10_cem_eta0p496_seed63400027
4,thrust_coefficient_minus10,thrust_coefficient,0.90,cc3905baa62024ad88f7af07d23f3de313b8a850d9af2dfeef9ddc8e82b33c77,cem,1,2,0.496000,28,63400028,seeded_ic_v1,m2_routing_stability_eta0p496_v1,m2route_thrust_coefficient_minus10_cem_eta0p496_seed63400028
4,thrust_coefficient_minus10,thrust_coefficient,0.90,cc3905baa62024ad88f7af07d23f3de313b8a850d9af2dfeef9ddc8e82b33c77,pinv,2,2,0.496000,28,63400028,seeded_ic_v1,m2_routing_stability_eta0p496_v1,m2route_thrust_coefficient_minus10_pinv_eta0p496_seed63400028
4,thrust_coefficient_minus10,thrust_coefficient,0.90,cc3905baa62024ad88f7af07d23f3de313b8a850d9af2dfeef9ddc8e82b33c77,pinv,1,2,0.496000,29,63400029,seeded_ic_v1,m2_routing_stability_eta0p496_v1,m2route_thrust_coefficient_minus10_pinv_eta0p496_seed63400029
4,thrust_coefficient_minus10,thrust_coefficient,0.90,cc3905baa62024ad88f7af07d23f3de313b8a850d9af2dfeef9ddc8e82b33c77,cem,2,2,0.496000,29,63400029,seeded_ic_v1,m2_routing_stability_eta0p496_v1,m2route_thrust_coefficient_minus10_cem_eta0p496_seed63400029
4,thrust_coefficient_minus10,thrust_coefficient,0.90,cc3905baa62024ad88f7af07d23f3de313b8a850d9af2dfeef9ddc8e82b33c77,cem,1,2,0.496000,30,63400030,seeded_ic_v1,m2_routing_stability_eta0p496_v1,m2route_thrust_coefficient_minus10_cem_eta0p496_seed63400030
4,thrust_coefficient_minus10,thrust_coefficient,0.90,cc3905baa62024ad88f7af07d23f3de313b8a850d9af2dfeef9ddc8e82b33c77,pinv,2,2,0.496000,30,63400030,seeded_ic_v1,m2_routing_stability_eta0p496_v1,m2route_thrust_coefficient_minus10_pinv_eta0p496_seed63400030
5,thrust_coefficient_plus10,thrust_coefficient,1.10,5d7069c284d7fd50362ca5bcbefc206fbdfca04f81fccca027aab46f42444fc3,pinv,1,2,0.496000,1,63400001,seeded_ic_v1,m2_routing_stability_eta0p496_v1,m2route_thrust_coefficient_plus10_pinv_eta0p496_seed63400001
5,thrust_coefficient_plus10,thrust_coefficient,1.10,5d7069c284d7fd50362ca5bcbefc206fbdfca04f81fccca027aab46f42444fc3,cem,2,2,0.496000,1,63400001,seeded_ic_v1,m2_routing_stability_eta0p496_v1,m2route_thrust_coefficient_plus10_cem_eta0p496_seed63400001
5,thrust_coefficient_plus10,thrust_coefficient,1.10,5d7069c284d7fd50362ca5bcbefc206fbdfca04f81fccca027aab46f42444fc3,cem,1,2,0.496000,2,63400002,seeded_ic_v1,m2_routing_stability_eta0p496_v1,m2route_thrust_coefficient_plus10_cem_eta0p496_seed63400002
5,thrust_coefficient_plus10,thrust_coefficient,1.10,5d7069c284d7fd50362ca5bcbefc206fbdfca04f81fccca027aab46f42444fc3,pinv,2,2,0.496000,2,63400002,seeded_ic_v1,m2_routing_stability_eta0p496_v1,m2route_thrust_coefficient_plus10_pinv_eta0p496_seed63400002
5,thrust_coefficient_plus10,thrust_coefficient,1.10,5d7069c284d7fd50362ca5bcbefc206fbdfca04f81fccca027aab46f42444fc3,pinv,1,2,0.496000,3,63400003,seeded_ic_v1,m2_routing_stability_eta0p496_v1,m2route_thrust_coefficient_plus10_pinv_eta0p496_seed63400003
5,thrust_coefficient_plus10,thrust_coefficient,1.10,5d7069c284d7fd50362ca5bcbefc206fbdfca04f81fccca027aab46f42444fc3,cem,2,2,0.496000,3,63400003,seeded_ic_v1,m2_routing_stability_eta0p496_v1,m2route_thrust_coefficient_plus10_cem_eta0p496_seed63400003
5,thrust_coefficient_plus10,thrust_coefficient,1.10,5d7069c284d7fd50362ca5bcbefc206fbdfca04f81fccca027aab46f42444fc3,cem,1,2,0.496000,4,63400004,seeded_ic_v1,m2_routing_stability_eta0p496_v1,m2route_thrust_coefficient_plus10_cem_eta0p496_seed63400004
5,thrust_coefficient_plus10,thrust_coefficient,1.10,5d7069c284d7fd50362ca5bcbefc206fbdfca04f81fccca027aab46f42444fc3,pinv,2,2,0.496000,4,63400004,seeded_ic_v1,m2_routing_stability_eta0p496_v1,m2route_thrust_coefficient_plus10_pinv_eta0p496_seed63400004
5,thrust_coefficient_plus10,thrust_coefficient,1.10,5d7069c284d7fd50362ca5bcbefc206fbdfca04f81fccca027aab46f42444fc3,pinv,1,2,0.496000,5,63400005,seeded_ic_v1,m2_routing_stability_eta0p496_v1,m2route_thrust_coefficient_plus10_pinv_eta0p496_seed63400005
5,thrust_coefficient_plus10,thrust_coefficient,1.10,5d7069c284d7fd50362ca5bcbefc206fbdfca04f81fccca027aab46f42444fc3,cem,2,2,0.496000,5,63400005,seeded_ic_v1,m2_routing_stability_eta0p496_v1,m2route_thrust_coefficient_plus10_cem_eta0p496_seed63400005
5,thrust_coefficient_plus10,thrust_coefficient,1.10,5d7069c284d7fd50362ca5bcbefc206fbdfca04f81fccca027aab46f42444fc3,cem,1,2,0.496000,6,63400006,seeded_ic_v1,m2_routing_stability_eta0p496_v1,m2route_thrust_coefficient_plus10_cem_eta0p496_seed63400006
5,thrust_coefficient_plus10,thrust_coefficient,1.10,5d7069c284d7fd50362ca5bcbefc206fbdfca04f81fccca027aab46f42444fc3,pinv,2,2,0.496000,6,63400006,seeded_ic_v1,m2_routing_stability_eta0p496_v1,m2route_thrust_coefficient_plus10_pinv_eta0p496_seed63400006
5,thrust_coefficient_plus10,thrust_coefficient,1.10,5d7069c284d7fd50362ca5bcbefc206fbdfca04f81fccca027aab46f42444fc3,pinv,1,2,0.496000,7,63400007,seeded_ic_v1,m2_routing_stability_eta0p496_v1,m2route_thrust_coefficient_plus10_pinv_eta0p496_seed63400007
5,thrust_coefficient_plus10,thrust_coefficient,1.10,5d7069c284d7fd50362ca5bcbefc206fbdfca04f81fccca027aab46f42444fc3,cem,2,2,0.496000,7,63400007,seeded_ic_v1,m2_routing_stability_eta0p496_v1,m2route_thrust_coefficient_plus10_cem_eta0p496_seed63400007
5,thrust_coefficient_plus10,thrust_coefficient,1.10,5d7069c284d7fd50362ca5bcbefc206fbdfca04f81fccca027aab46f42444fc3,cem,1,2,0.496000,8,63400008,seeded_ic_v1,m2_routing_stability_eta0p496_v1,m2route_thrust_coefficient_plus10_cem_eta0p496_seed63400008
5,thrust_coefficient_plus10,thrust_coefficient,1.10,5d7069c284d7fd50362ca5bcbefc206fbdfca04f81fccca027aab46f42444fc3,pinv,2,2,0.496000,8,63400008,seeded_ic_v1,m2_routing_stability_eta0p496_v1,m2route_thrust_coefficient_plus10_pinv_eta0p496_seed63400008
5,thrust_coefficient_plus10,thrust_coefficient,1.10,5d7069c284d7fd50362ca5bcbefc206fbdfca04f81fccca027aab46f42444fc3,pinv,1,2,0.496000,9,63400009,seeded_ic_v1,m2_routing_stability_eta0p496_v1,m2route_thrust_coefficient_plus10_pinv_eta0p496_seed63400009
5,thrust_coefficient_plus10,thrust_coefficient,1.10,5d7069c284d7fd50362ca5bcbefc206fbdfca04f81fccca027aab46f42444fc3,cem,2,2,0.496000,9,63400009,seeded_ic_v1,m2_routing_stability_eta0p496_v1,m2route_thrust_coefficient_plus10_cem_eta0p496_seed63400009
5,thrust_coefficient_plus10,thrust_coefficient,1.10,5d7069c284d7fd50362ca5bcbefc206fbdfca04f81fccca027aab46f42444fc3,cem,1,2,0.496000,10,63400010,seeded_ic_v1,m2_routing_stability_eta0p496_v1,m2route_thrust_coefficient_plus10_cem_eta0p496_seed63400010
5,thrust_coefficient_plus10,thrust_coefficient,1.10,5d7069c284d7fd50362ca5bcbefc206fbdfca04f81fccca027aab46f42444fc3,pinv,2,2,0.496000,10,63400010,seeded_ic_v1,m2_routing_stability_eta0p496_v1,m2route_thrust_coefficient_plus10_pinv_eta0p496_seed63400010
5,thrust_coefficient_plus10,thrust_coefficient,1.10,5d7069c284d7fd50362ca5bcbefc206fbdfca04f81fccca027aab46f42444fc3,pinv,1,2,0.496000,11,63400011,seeded_ic_v1,m2_routing_stability_eta0p496_v1,m2route_thrust_coefficient_plus10_pinv_eta0p496_seed63400011
5,thrust_coefficient_plus10,thrust_coefficient,1.10,5d7069c284d7fd50362ca5bcbefc206fbdfca04f81fccca027aab46f42444fc3,cem,2,2,0.496000,11,63400011,seeded_ic_v1,m2_routing_stability_eta0p496_v1,m2route_thrust_coefficient_plus10_cem_eta0p496_seed63400011
5,thrust_coefficient_plus10,thrust_coefficient,1.10,5d7069c284d7fd50362ca5bcbefc206fbdfca04f81fccca027aab46f42444fc3,cem,1,2,0.496000,12,63400012,seeded_ic_v1,m2_routing_stability_eta0p496_v1,m2route_thrust_coefficient_plus10_cem_eta0p496_seed63400012
5,thrust_coefficient_plus10,thrust_coefficient,1.10,5d7069c284d7fd50362ca5bcbefc206fbdfca04f81fccca027aab46f42444fc3,pinv,2,2,0.496000,12,63400012,seeded_ic_v1,m2_routing_stability_eta0p496_v1,m2route_thrust_coefficient_plus10_pinv_eta0p496_seed63400012
5,thrust_coefficient_plus10,thrust_coefficient,1.10,5d7069c284d7fd50362ca5bcbefc206fbdfca04f81fccca027aab46f42444fc3,pinv,1,2,0.496000,13,63400013,seeded_ic_v1,m2_routing_stability_eta0p496_v1,m2route_thrust_coefficient_plus10_pinv_eta0p496_seed63400013
5,thrust_coefficient_plus10,thrust_coefficient,1.10,5d7069c284d7fd50362ca5bcbefc206fbdfca04f81fccca027aab46f42444fc3,cem,2,2,0.496000,13,63400013,seeded_ic_v1,m2_routing_stability_eta0p496_v1,m2route_thrust_coefficient_plus10_cem_eta0p496_seed63400013
5,thrust_coefficient_plus10,thrust_coefficient,1.10,5d7069c284d7fd50362ca5bcbefc206fbdfca04f81fccca027aab46f42444fc3,cem,1,2,0.496000,14,63400014,seeded_ic_v1,m2_routing_stability_eta0p496_v1,m2route_thrust_coefficient_plus10_cem_eta0p496_seed63400014
5,thrust_coefficient_plus10,thrust_coefficient,1.10,5d7069c284d7fd50362ca5bcbefc206fbdfca04f81fccca027aab46f42444fc3,pinv,2,2,0.496000,14,63400014,seeded_ic_v1,m2_routing_stability_eta0p496_v1,m2route_thrust_coefficient_plus10_pinv_eta0p496_seed63400014
5,thrust_coefficient_plus10,thrust_coefficient,1.10,5d7069c284d7fd50362ca5bcbefc206fbdfca04f81fccca027aab46f42444fc3,pinv,1,2,0.496000,15,63400015,seeded_ic_v1,m2_routing_stability_eta0p496_v1,m2route_thrust_coefficient_plus10_pinv_eta0p496_seed63400015
5,thrust_coefficient_plus10,thrust_coefficient,1.10,5d7069c284d7fd50362ca5bcbefc206fbdfca04f81fccca027aab46f42444fc3,cem,2,2,0.496000,15,63400015,seeded_ic_v1,m2_routing_stability_eta0p496_v1,m2route_thrust_coefficient_plus10_cem_eta0p496_seed63400015
5,thrust_coefficient_plus10,thrust_coefficient,1.10,5d7069c284d7fd50362ca5bcbefc206fbdfca04f81fccca027aab46f42444fc3,cem,1,2,0.496000,16,63400016,seeded_ic_v1,m2_routing_stability_eta0p496_v1,m2route_thrust_coefficient_plus10_cem_eta0p496_seed63400016
5,thrust_coefficient_plus10,thrust_coefficient,1.10,5d7069c284d7fd50362ca5bcbefc206fbdfca04f81fccca027aab46f42444fc3,pinv,2,2,0.496000,16,63400016,seeded_ic_v1,m2_routing_stability_eta0p496_v1,m2route_thrust_coefficient_plus10_pinv_eta0p496_seed63400016
5,thrust_coefficient_plus10,thrust_coefficient,1.10,5d7069c284d7fd50362ca5bcbefc206fbdfca04f81fccca027aab46f42444fc3,pinv,1,2,0.496000,17,63400017,seeded_ic_v1,m2_routing_stability_eta0p496_v1,m2route_thrust_coefficient_plus10_pinv_eta0p496_seed63400017
5,thrust_coefficient_plus10,thrust_coefficient,1.10,5d7069c284d7fd50362ca5bcbefc206fbdfca04f81fccca027aab46f42444fc3,cem,2,2,0.496000,17,63400017,seeded_ic_v1,m2_routing_stability_eta0p496_v1,m2route_thrust_coefficient_plus10_cem_eta0p496_seed63400017
5,thrust_coefficient_plus10,thrust_coefficient,1.10,5d7069c284d7fd50362ca5bcbefc206fbdfca04f81fccca027aab46f42444fc3,cem,1,2,0.496000,18,63400018,seeded_ic_v1,m2_routing_stability_eta0p496_v1,m2route_thrust_coefficient_plus10_cem_eta0p496_seed63400018
5,thrust_coefficient_plus10,thrust_coefficient,1.10,5d7069c284d7fd50362ca5bcbefc206fbdfca04f81fccca027aab46f42444fc3,pinv,2,2,0.496000,18,63400018,seeded_ic_v1,m2_routing_stability_eta0p496_v1,m2route_thrust_coefficient_plus10_pinv_eta0p496_seed63400018
5,thrust_coefficient_plus10,thrust_coefficient,1.10,5d7069c284d7fd50362ca5bcbefc206fbdfca04f81fccca027aab46f42444fc3,pinv,1,2,0.496000,19,63400019,seeded_ic_v1,m2_routing_stability_eta0p496_v1,m2route_thrust_coefficient_plus10_pinv_eta0p496_seed63400019
5,thrust_coefficient_plus10,thrust_coefficient,1.10,5d7069c284d7fd50362ca5bcbefc206fbdfca04f81fccca027aab46f42444fc3,cem,2,2,0.496000,19,63400019,seeded_ic_v1,m2_routing_stability_eta0p496_v1,m2route_thrust_coefficient_plus10_cem_eta0p496_seed63400019
5,thrust_coefficient_plus10,thrust_coefficient,1.10,5d7069c284d7fd50362ca5bcbefc206fbdfca04f81fccca027aab46f42444fc3,cem,1,2,0.496000,20,63400020,seeded_ic_v1,m2_routing_stability_eta0p496_v1,m2route_thrust_coefficient_plus10_cem_eta0p496_seed63400020
5,thrust_coefficient_plus10,thrust_coefficient,1.10,5d7069c284d7fd50362ca5bcbefc206fbdfca04f81fccca027aab46f42444fc3,pinv,2,2,0.496000,20,63400020,seeded_ic_v1,m2_routing_stability_eta0p496_v1,m2route_thrust_coefficient_plus10_pinv_eta0p496_seed63400020
5,thrust_coefficient_plus10,thrust_coefficient,1.10,5d7069c284d7fd50362ca5bcbefc206fbdfca04f81fccca027aab46f42444fc3,pinv,1,2,0.496000,21,63400021,seeded_ic_v1,m2_routing_stability_eta0p496_v1,m2route_thrust_coefficient_plus10_pinv_eta0p496_seed63400021
5,thrust_coefficient_plus10,thrust_coefficient,1.10,5d7069c284d7fd50362ca5bcbefc206fbdfca04f81fccca027aab46f42444fc3,cem,2,2,0.496000,21,63400021,seeded_ic_v1,m2_routing_stability_eta0p496_v1,m2route_thrust_coefficient_plus10_cem_eta0p496_seed63400021
5,thrust_coefficient_plus10,thrust_coefficient,1.10,5d7069c284d7fd50362ca5bcbefc206fbdfca04f81fccca027aab46f42444fc3,cem,1,2,0.496000,22,63400022,seeded_ic_v1,m2_routing_stability_eta0p496_v1,m2route_thrust_coefficient_plus10_cem_eta0p496_seed63400022
5,thrust_coefficient_plus10,thrust_coefficient,1.10,5d7069c284d7fd50362ca5bcbefc206fbdfca04f81fccca027aab46f42444fc3,pinv,2,2,0.496000,22,63400022,seeded_ic_v1,m2_routing_stability_eta0p496_v1,m2route_thrust_coefficient_plus10_pinv_eta0p496_seed63400022
5,thrust_coefficient_plus10,thrust_coefficient,1.10,5d7069c284d7fd50362ca5bcbefc206fbdfca04f81fccca027aab46f42444fc3,pinv,1,2,0.496000,23,63400023,seeded_ic_v1,m2_routing_stability_eta0p496_v1,m2route_thrust_coefficient_plus10_pinv_eta0p496_seed63400023
5,thrust_coefficient_plus10,thrust_coefficient,1.10,5d7069c284d7fd50362ca5bcbefc206fbdfca04f81fccca027aab46f42444fc3,cem,2,2,0.496000,23,63400023,seeded_ic_v1,m2_routing_stability_eta0p496_v1,m2route_thrust_coefficient_plus10_cem_eta0p496_seed63400023
5,thrust_coefficient_plus10,thrust_coefficient,1.10,5d7069c284d7fd50362ca5bcbefc206fbdfca04f81fccca027aab46f42444fc3,cem,1,2,0.496000,24,63400024,seeded_ic_v1,m2_routing_stability_eta0p496_v1,m2route_thrust_coefficient_plus10_cem_eta0p496_seed63400024
5,thrust_coefficient_plus10,thrust_coefficient,1.10,5d7069c284d7fd50362ca5bcbefc206fbdfca04f81fccca027aab46f42444fc3,pinv,2,2,0.496000,24,63400024,seeded_ic_v1,m2_routing_stability_eta0p496_v1,m2route_thrust_coefficient_plus10_pinv_eta0p496_seed63400024
5,thrust_coefficient_plus10,thrust_coefficient,1.10,5d7069c284d7fd50362ca5bcbefc206fbdfca04f81fccca027aab46f42444fc3,pinv,1,2,0.496000,25,63400025,seeded_ic_v1,m2_routing_stability_eta0p496_v1,m2route_thrust_coefficient_plus10_pinv_eta0p496_seed63400025
5,thrust_coefficient_plus10,thrust_coefficient,1.10,5d7069c284d7fd50362ca5bcbefc206fbdfca04f81fccca027aab46f42444fc3,cem,2,2,0.496000,25,63400025,seeded_ic_v1,m2_routing_stability_eta0p496_v1,m2route_thrust_coefficient_plus10_cem_eta0p496_seed63400025
5,thrust_coefficient_plus10,thrust_coefficient,1.10,5d7069c284d7fd50362ca5bcbefc206fbdfca04f81fccca027aab46f42444fc3,cem,1,2,0.496000,26,63400026,seeded_ic_v1,m2_routing_stability_eta0p496_v1,m2route_thrust_coefficient_plus10_cem_eta0p496_seed63400026
5,thrust_coefficient_plus10,thrust_coefficient,1.10,5d7069c284d7fd50362ca5bcbefc206fbdfca04f81fccca027aab46f42444fc3,pinv,2,2,0.496000,26,63400026,seeded_ic_v1,m2_routing_stability_eta0p496_v1,m2route_thrust_coefficient_plus10_pinv_eta0p496_seed63400026
5,thrust_coefficient_plus10,thrust_coefficient,1.10,5d7069c284d7fd50362ca5bcbefc206fbdfca04f81fccca027aab46f42444fc3,pinv,1,2,0.496000,27,63400027,seeded_ic_v1,m2_routing_stability_eta0p496_v1,m2route_thrust_coefficient_plus10_pinv_eta0p496_seed63400027
5,thrust_coefficient_plus10,thrust_coefficient,1.10,5d7069c284d7fd50362ca5bcbefc206fbdfca04f81fccca027aab46f42444fc3,cem,2,2,0.496000,27,63400027,seeded_ic_v1,m2_routing_stability_eta0p496_v1,m2route_thrust_coefficient_plus10_cem_eta0p496_seed63400027
5,thrust_coefficient_plus10,thrust_coefficient,1.10,5d7069c284d7fd50362ca5bcbefc206fbdfca04f81fccca027aab46f42444fc3,cem,1,2,0.496000,28,63400028,seeded_ic_v1,m2_routing_stability_eta0p496_v1,m2route_thrust_coefficient_plus10_cem_eta0p496_seed63400028
5,thrust_coefficient_plus10,thrust_coefficient,1.10,5d7069c284d7fd50362ca5bcbefc206fbdfca04f81fccca027aab46f42444fc3,pinv,2,2,0.496000,28,63400028,seeded_ic_v1,m2_routing_stability_eta0p496_v1,m2route_thrust_coefficient_plus10_pinv_eta0p496_seed63400028
5,thrust_coefficient_plus10,thrust_coefficient,1.10,5d7069c284d7fd50362ca5bcbefc206fbdfca04f81fccca027aab46f42444fc3,pinv,1,2,0.496000,29,63400029,seeded_ic_v1,m2_routing_stability_eta0p496_v1,m2route_thrust_coefficient_plus10_pinv_eta0p496_seed63400029
5,thrust_coefficient_plus10,thrust_coefficient,1.10,5d7069c284d7fd50362ca5bcbefc206fbdfca04f81fccca027aab46f42444fc3,cem,2,2,0.496000,29,63400029,seeded_ic_v1,m2_routing_stability_eta0p496_v1,m2route_thrust_coefficient_plus10_cem_eta0p496_seed63400029
5,thrust_coefficient_plus10,thrust_coefficient,1.10,5d7069c284d7fd50362ca5bcbefc206fbdfca04f81fccca027aab46f42444fc3,cem,1,2,0.496000,30,63400030,seeded_ic_v1,m2_routing_stability_eta0p496_v1,m2route_thrust_coefficient_plus10_cem_eta0p496_seed63400030
5,thrust_coefficient_plus10,thrust_coefficient,1.10,5d7069c284d7fd50362ca5bcbefc206fbdfca04f81fccca027aab46f42444fc3,pinv,2,2,0.496000,30,63400030,seeded_ic_v1,m2_routing_stability_eta0p496_v1,m2route_thrust_coefficient_plus10_pinv_eta0p496_seed63400030
6,motor_time_constant_minus10,motor_time_constant,0.90,8098ad601867eef40feaeeec3a83c81a789715ab72fd4691d6e994b42f2e6d1a,pinv,1,2,0.496000,1,63400001,seeded_ic_v1,m2_routing_stability_eta0p496_v1,m2route_motor_time_constant_minus10_pinv_eta0p496_seed63400001
6,motor_time_constant_minus10,motor_time_constant,0.90,8098ad601867eef40feaeeec3a83c81a789715ab72fd4691d6e994b42f2e6d1a,cem,2,2,0.496000,1,63400001,seeded_ic_v1,m2_routing_stability_eta0p496_v1,m2route_motor_time_constant_minus10_cem_eta0p496_seed63400001
6,motor_time_constant_minus10,motor_time_constant,0.90,8098ad601867eef40feaeeec3a83c81a789715ab72fd4691d6e994b42f2e6d1a,cem,1,2,0.496000,2,63400002,seeded_ic_v1,m2_routing_stability_eta0p496_v1,m2route_motor_time_constant_minus10_cem_eta0p496_seed63400002
6,motor_time_constant_minus10,motor_time_constant,0.90,8098ad601867eef40feaeeec3a83c81a789715ab72fd4691d6e994b42f2e6d1a,pinv,2,2,0.496000,2,63400002,seeded_ic_v1,m2_routing_stability_eta0p496_v1,m2route_motor_time_constant_minus10_pinv_eta0p496_seed63400002
6,motor_time_constant_minus10,motor_time_constant,0.90,8098ad601867eef40feaeeec3a83c81a789715ab72fd4691d6e994b42f2e6d1a,pinv,1,2,0.496000,3,63400003,seeded_ic_v1,m2_routing_stability_eta0p496_v1,m2route_motor_time_constant_minus10_pinv_eta0p496_seed63400003
6,motor_time_constant_minus10,motor_time_constant,0.90,8098ad601867eef40feaeeec3a83c81a789715ab72fd4691d6e994b42f2e6d1a,cem,2,2,0.496000,3,63400003,seeded_ic_v1,m2_routing_stability_eta0p496_v1,m2route_motor_time_constant_minus10_cem_eta0p496_seed63400003
6,motor_time_constant_minus10,motor_time_constant,0.90,8098ad601867eef40feaeeec3a83c81a789715ab72fd4691d6e994b42f2e6d1a,cem,1,2,0.496000,4,63400004,seeded_ic_v1,m2_routing_stability_eta0p496_v1,m2route_motor_time_constant_minus10_cem_eta0p496_seed63400004
6,motor_time_constant_minus10,motor_time_constant,0.90,8098ad601867eef40feaeeec3a83c81a789715ab72fd4691d6e994b42f2e6d1a,pinv,2,2,0.496000,4,63400004,seeded_ic_v1,m2_routing_stability_eta0p496_v1,m2route_motor_time_constant_minus10_pinv_eta0p496_seed63400004
6,motor_time_constant_minus10,motor_time_constant,0.90,8098ad601867eef40feaeeec3a83c81a789715ab72fd4691d6e994b42f2e6d1a,pinv,1,2,0.496000,5,63400005,seeded_ic_v1,m2_routing_stability_eta0p496_v1,m2route_motor_time_constant_minus10_pinv_eta0p496_seed63400005
6,motor_time_constant_minus10,motor_time_constant,0.90,8098ad601867eef40feaeeec3a83c81a789715ab72fd4691d6e994b42f2e6d1a,cem,2,2,0.496000,5,63400005,seeded_ic_v1,m2_routing_stability_eta0p496_v1,m2route_motor_time_constant_minus10_cem_eta0p496_seed63400005
6,motor_time_constant_minus10,motor_time_constant,0.90,8098ad601867eef40feaeeec3a83c81a789715ab72fd4691d6e994b42f2e6d1a,cem,1,2,0.496000,6,63400006,seeded_ic_v1,m2_routing_stability_eta0p496_v1,m2route_motor_time_constant_minus10_cem_eta0p496_seed63400006
6,motor_time_constant_minus10,motor_time_constant,0.90,8098ad601867eef40feaeeec3a83c81a789715ab72fd4691d6e994b42f2e6d1a,pinv,2,2,0.496000,6,63400006,seeded_ic_v1,m2_routing_stability_eta0p496_v1,m2route_motor_time_constant_minus10_pinv_eta0p496_seed63400006
6,motor_time_constant_minus10,motor_time_constant,0.90,8098ad601867eef40feaeeec3a83c81a789715ab72fd4691d6e994b42f2e6d1a,pinv,1,2,0.496000,7,63400007,seeded_ic_v1,m2_routing_stability_eta0p496_v1,m2route_motor_time_constant_minus10_pinv_eta0p496_seed63400007
6,motor_time_constant_minus10,motor_time_constant,0.90,8098ad601867eef40feaeeec3a83c81a789715ab72fd4691d6e994b42f2e6d1a,cem,2,2,0.496000,7,63400007,seeded_ic_v1,m2_routing_stability_eta0p496_v1,m2route_motor_time_constant_minus10_cem_eta0p496_seed63400007
6,motor_time_constant_minus10,motor_time_constant,0.90,8098ad601867eef40feaeeec3a83c81a789715ab72fd4691d6e994b42f2e6d1a,cem,1,2,0.496000,8,63400008,seeded_ic_v1,m2_routing_stability_eta0p496_v1,m2route_motor_time_constant_minus10_cem_eta0p496_seed63400008
6,motor_time_constant_minus10,motor_time_constant,0.90,8098ad601867eef40feaeeec3a83c81a789715ab72fd4691d6e994b42f2e6d1a,pinv,2,2,0.496000,8,63400008,seeded_ic_v1,m2_routing_stability_eta0p496_v1,m2route_motor_time_constant_minus10_pinv_eta0p496_seed63400008
6,motor_time_constant_minus10,motor_time_constant,0.90,8098ad601867eef40feaeeec3a83c81a789715ab72fd4691d6e994b42f2e6d1a,pinv,1,2,0.496000,9,63400009,seeded_ic_v1,m2_routing_stability_eta0p496_v1,m2route_motor_time_constant_minus10_pinv_eta0p496_seed63400009
6,motor_time_constant_minus10,motor_time_constant,0.90,8098ad601867eef40feaeeec3a83c81a789715ab72fd4691d6e994b42f2e6d1a,cem,2,2,0.496000,9,63400009,seeded_ic_v1,m2_routing_stability_eta0p496_v1,m2route_motor_time_constant_minus10_cem_eta0p496_seed63400009
6,motor_time_constant_minus10,motor_time_constant,0.90,8098ad601867eef40feaeeec3a83c81a789715ab72fd4691d6e994b42f2e6d1a,cem,1,2,0.496000,10,63400010,seeded_ic_v1,m2_routing_stability_eta0p496_v1,m2route_motor_time_constant_minus10_cem_eta0p496_seed63400010
6,motor_time_constant_minus10,motor_time_constant,0.90,8098ad601867eef40feaeeec3a83c81a789715ab72fd4691d6e994b42f2e6d1a,pinv,2,2,0.496000,10,63400010,seeded_ic_v1,m2_routing_stability_eta0p496_v1,m2route_motor_time_constant_minus10_pinv_eta0p496_seed63400010
6,motor_time_constant_minus10,motor_time_constant,0.90,8098ad601867eef40feaeeec3a83c81a789715ab72fd4691d6e994b42f2e6d1a,pinv,1,2,0.496000,11,63400011,seeded_ic_v1,m2_routing_stability_eta0p496_v1,m2route_motor_time_constant_minus10_pinv_eta0p496_seed63400011
6,motor_time_constant_minus10,motor_time_constant,0.90,8098ad601867eef40feaeeec3a83c81a789715ab72fd4691d6e994b42f2e6d1a,cem,2,2,0.496000,11,63400011,seeded_ic_v1,m2_routing_stability_eta0p496_v1,m2route_motor_time_constant_minus10_cem_eta0p496_seed63400011
6,motor_time_constant_minus10,motor_time_constant,0.90,8098ad601867eef40feaeeec3a83c81a789715ab72fd4691d6e994b42f2e6d1a,cem,1,2,0.496000,12,63400012,seeded_ic_v1,m2_routing_stability_eta0p496_v1,m2route_motor_time_constant_minus10_cem_eta0p496_seed63400012
6,motor_time_constant_minus10,motor_time_constant,0.90,8098ad601867eef40feaeeec3a83c81a789715ab72fd4691d6e994b42f2e6d1a,pinv,2,2,0.496000,12,63400012,seeded_ic_v1,m2_routing_stability_eta0p496_v1,m2route_motor_time_constant_minus10_pinv_eta0p496_seed63400012
6,motor_time_constant_minus10,motor_time_constant,0.90,8098ad601867eef40feaeeec3a83c81a789715ab72fd4691d6e994b42f2e6d1a,pinv,1,2,0.496000,13,63400013,seeded_ic_v1,m2_routing_stability_eta0p496_v1,m2route_motor_time_constant_minus10_pinv_eta0p496_seed63400013
6,motor_time_constant_minus10,motor_time_constant,0.90,8098ad601867eef40feaeeec3a83c81a789715ab72fd4691d6e994b42f2e6d1a,cem,2,2,0.496000,13,63400013,seeded_ic_v1,m2_routing_stability_eta0p496_v1,m2route_motor_time_constant_minus10_cem_eta0p496_seed63400013
6,motor_time_constant_minus10,motor_time_constant,0.90,8098ad601867eef40feaeeec3a83c81a789715ab72fd4691d6e994b42f2e6d1a,cem,1,2,0.496000,14,63400014,seeded_ic_v1,m2_routing_stability_eta0p496_v1,m2route_motor_time_constant_minus10_cem_eta0p496_seed63400014
6,motor_time_constant_minus10,motor_time_constant,0.90,8098ad601867eef40feaeeec3a83c81a789715ab72fd4691d6e994b42f2e6d1a,pinv,2,2,0.496000,14,63400014,seeded_ic_v1,m2_routing_stability_eta0p496_v1,m2route_motor_time_constant_minus10_pinv_eta0p496_seed63400014
6,motor_time_constant_minus10,motor_time_constant,0.90,8098ad601867eef40feaeeec3a83c81a789715ab72fd4691d6e994b42f2e6d1a,pinv,1,2,0.496000,15,63400015,seeded_ic_v1,m2_routing_stability_eta0p496_v1,m2route_motor_time_constant_minus10_pinv_eta0p496_seed63400015
6,motor_time_constant_minus10,motor_time_constant,0.90,8098ad601867eef40feaeeec3a83c81a789715ab72fd4691d6e994b42f2e6d1a,cem,2,2,0.496000,15,63400015,seeded_ic_v1,m2_routing_stability_eta0p496_v1,m2route_motor_time_constant_minus10_cem_eta0p496_seed63400015
6,motor_time_constant_minus10,motor_time_constant,0.90,8098ad601867eef40feaeeec3a83c81a789715ab72fd4691d6e994b42f2e6d1a,cem,1,2,0.496000,16,63400016,seeded_ic_v1,m2_routing_stability_eta0p496_v1,m2route_motor_time_constant_minus10_cem_eta0p496_seed63400016
6,motor_time_constant_minus10,motor_time_constant,0.90,8098ad601867eef40feaeeec3a83c81a789715ab72fd4691d6e994b42f2e6d1a,pinv,2,2,0.496000,16,63400016,seeded_ic_v1,m2_routing_stability_eta0p496_v1,m2route_motor_time_constant_minus10_pinv_eta0p496_seed63400016
6,motor_time_constant_minus10,motor_time_constant,0.90,8098ad601867eef40feaeeec3a83c81a789715ab72fd4691d6e994b42f2e6d1a,pinv,1,2,0.496000,17,63400017,seeded_ic_v1,m2_routing_stability_eta0p496_v1,m2route_motor_time_constant_minus10_pinv_eta0p496_seed63400017
6,motor_time_constant_minus10,motor_time_constant,0.90,8098ad601867eef40feaeeec3a83c81a789715ab72fd4691d6e994b42f2e6d1a,cem,2,2,0.496000,17,63400017,seeded_ic_v1,m2_routing_stability_eta0p496_v1,m2route_motor_time_constant_minus10_cem_eta0p496_seed63400017
6,motor_time_constant_minus10,motor_time_constant,0.90,8098ad601867eef40feaeeec3a83c81a789715ab72fd4691d6e994b42f2e6d1a,cem,1,2,0.496000,18,63400018,seeded_ic_v1,m2_routing_stability_eta0p496_v1,m2route_motor_time_constant_minus10_cem_eta0p496_seed63400018
6,motor_time_constant_minus10,motor_time_constant,0.90,8098ad601867eef40feaeeec3a83c81a789715ab72fd4691d6e994b42f2e6d1a,pinv,2,2,0.496000,18,63400018,seeded_ic_v1,m2_routing_stability_eta0p496_v1,m2route_motor_time_constant_minus10_pinv_eta0p496_seed63400018
6,motor_time_constant_minus10,motor_time_constant,0.90,8098ad601867eef40feaeeec3a83c81a789715ab72fd4691d6e994b42f2e6d1a,pinv,1,2,0.496000,19,63400019,seeded_ic_v1,m2_routing_stability_eta0p496_v1,m2route_motor_time_constant_minus10_pinv_eta0p496_seed63400019
6,motor_time_constant_minus10,motor_time_constant,0.90,8098ad601867eef40feaeeec3a83c81a789715ab72fd4691d6e994b42f2e6d1a,cem,2,2,0.496000,19,63400019,seeded_ic_v1,m2_routing_stability_eta0p496_v1,m2route_motor_time_constant_minus10_cem_eta0p496_seed63400019
6,motor_time_constant_minus10,motor_time_constant,0.90,8098ad601867eef40feaeeec3a83c81a789715ab72fd4691d6e994b42f2e6d1a,cem,1,2,0.496000,20,63400020,seeded_ic_v1,m2_routing_stability_eta0p496_v1,m2route_motor_time_constant_minus10_cem_eta0p496_seed63400020
6,motor_time_constant_minus10,motor_time_constant,0.90,8098ad601867eef40feaeeec3a83c81a789715ab72fd4691d6e994b42f2e6d1a,pinv,2,2,0.496000,20,63400020,seeded_ic_v1,m2_routing_stability_eta0p496_v1,m2route_motor_time_constant_minus10_pinv_eta0p496_seed63400020
6,motor_time_constant_minus10,motor_time_constant,0.90,8098ad601867eef40feaeeec3a83c81a789715ab72fd4691d6e994b42f2e6d1a,pinv,1,2,0.496000,21,63400021,seeded_ic_v1,m2_routing_stability_eta0p496_v1,m2route_motor_time_constant_minus10_pinv_eta0p496_seed63400021
6,motor_time_constant_minus10,motor_time_constant,0.90,8098ad601867eef40feaeeec3a83c81a789715ab72fd4691d6e994b42f2e6d1a,cem,2,2,0.496000,21,63400021,seeded_ic_v1,m2_routing_stability_eta0p496_v1,m2route_motor_time_constant_minus10_cem_eta0p496_seed63400021
6,motor_time_constant_minus10,motor_time_constant,0.90,8098ad601867eef40feaeeec3a83c81a789715ab72fd4691d6e994b42f2e6d1a,cem,1,2,0.496000,22,63400022,seeded_ic_v1,m2_routing_stability_eta0p496_v1,m2route_motor_time_constant_minus10_cem_eta0p496_seed63400022
6,motor_time_constant_minus10,motor_time_constant,0.90,8098ad601867eef40feaeeec3a83c81a789715ab72fd4691d6e994b42f2e6d1a,pinv,2,2,0.496000,22,63400022,seeded_ic_v1,m2_routing_stability_eta0p496_v1,m2route_motor_time_constant_minus10_pinv_eta0p496_seed63400022
6,motor_time_constant_minus10,motor_time_constant,0.90,8098ad601867eef40feaeeec3a83c81a789715ab72fd4691d6e994b42f2e6d1a,pinv,1,2,0.496000,23,63400023,seeded_ic_v1,m2_routing_stability_eta0p496_v1,m2route_motor_time_constant_minus10_pinv_eta0p496_seed63400023
6,motor_time_constant_minus10,motor_time_constant,0.90,8098ad601867eef40feaeeec3a83c81a789715ab72fd4691d6e994b42f2e6d1a,cem,2,2,0.496000,23,63400023,seeded_ic_v1,m2_routing_stability_eta0p496_v1,m2route_motor_time_constant_minus10_cem_eta0p496_seed63400023
6,motor_time_constant_minus10,motor_time_constant,0.90,8098ad601867eef40feaeeec3a83c81a789715ab72fd4691d6e994b42f2e6d1a,cem,1,2,0.496000,24,63400024,seeded_ic_v1,m2_routing_stability_eta0p496_v1,m2route_motor_time_constant_minus10_cem_eta0p496_seed63400024
6,motor_time_constant_minus10,motor_time_constant,0.90,8098ad601867eef40feaeeec3a83c81a789715ab72fd4691d6e994b42f2e6d1a,pinv,2,2,0.496000,24,63400024,seeded_ic_v1,m2_routing_stability_eta0p496_v1,m2route_motor_time_constant_minus10_pinv_eta0p496_seed63400024
6,motor_time_constant_minus10,motor_time_constant,0.90,8098ad601867eef40feaeeec3a83c81a789715ab72fd4691d6e994b42f2e6d1a,pinv,1,2,0.496000,25,63400025,seeded_ic_v1,m2_routing_stability_eta0p496_v1,m2route_motor_time_constant_minus10_pinv_eta0p496_seed63400025
6,motor_time_constant_minus10,motor_time_constant,0.90,8098ad601867eef40feaeeec3a83c81a789715ab72fd4691d6e994b42f2e6d1a,cem,2,2,0.496000,25,63400025,seeded_ic_v1,m2_routing_stability_eta0p496_v1,m2route_motor_time_constant_minus10_cem_eta0p496_seed63400025
6,motor_time_constant_minus10,motor_time_constant,0.90,8098ad601867eef40feaeeec3a83c81a789715ab72fd4691d6e994b42f2e6d1a,cem,1,2,0.496000,26,63400026,seeded_ic_v1,m2_routing_stability_eta0p496_v1,m2route_motor_time_constant_minus10_cem_eta0p496_seed63400026
6,motor_time_constant_minus10,motor_time_constant,0.90,8098ad601867eef40feaeeec3a83c81a789715ab72fd4691d6e994b42f2e6d1a,pinv,2,2,0.496000,26,63400026,seeded_ic_v1,m2_routing_stability_eta0p496_v1,m2route_motor_time_constant_minus10_pinv_eta0p496_seed63400026
6,motor_time_constant_minus10,motor_time_constant,0.90,8098ad601867eef40feaeeec3a83c81a789715ab72fd4691d6e994b42f2e6d1a,pinv,1,2,0.496000,27,63400027,seeded_ic_v1,m2_routing_stability_eta0p496_v1,m2route_motor_time_constant_minus10_pinv_eta0p496_seed63400027
6,motor_time_constant_minus10,motor_time_constant,0.90,8098ad601867eef40feaeeec3a83c81a789715ab72fd4691d6e994b42f2e6d1a,cem,2,2,0.496000,27,63400027,seeded_ic_v1,m2_routing_stability_eta0p496_v1,m2route_motor_time_constant_minus10_cem_eta0p496_seed63400027
6,motor_time_constant_minus10,motor_time_constant,0.90,8098ad601867eef40feaeeec3a83c81a789715ab72fd4691d6e994b42f2e6d1a,cem,1,2,0.496000,28,63400028,seeded_ic_v1,m2_routing_stability_eta0p496_v1,m2route_motor_time_constant_minus10_cem_eta0p496_seed63400028
6,motor_time_constant_minus10,motor_time_constant,0.90,8098ad601867eef40feaeeec3a83c81a789715ab72fd4691d6e994b42f2e6d1a,pinv,2,2,0.496000,28,63400028,seeded_ic_v1,m2_routing_stability_eta0p496_v1,m2route_motor_time_constant_minus10_pinv_eta0p496_seed63400028
6,motor_time_constant_minus10,motor_time_constant,0.90,8098ad601867eef40feaeeec3a83c81a789715ab72fd4691d6e994b42f2e6d1a,pinv,1,2,0.496000,29,63400029,seeded_ic_v1,m2_routing_stability_eta0p496_v1,m2route_motor_time_constant_minus10_pinv_eta0p496_seed63400029
6,motor_time_constant_minus10,motor_time_constant,0.90,8098ad601867eef40feaeeec3a83c81a789715ab72fd4691d6e994b42f2e6d1a,cem,2,2,0.496000,29,63400029,seeded_ic_v1,m2_routing_stability_eta0p496_v1,m2route_motor_time_constant_minus10_cem_eta0p496_seed63400029
6,motor_time_constant_minus10,motor_time_constant,0.90,8098ad601867eef40feaeeec3a83c81a789715ab72fd4691d6e994b42f2e6d1a,cem,1,2,0.496000,30,63400030,seeded_ic_v1,m2_routing_stability_eta0p496_v1,m2route_motor_time_constant_minus10_cem_eta0p496_seed63400030
6,motor_time_constant_minus10,motor_time_constant,0.90,8098ad601867eef40feaeeec3a83c81a789715ab72fd4691d6e994b42f2e6d1a,pinv,2,2,0.496000,30,63400030,seeded_ic_v1,m2_routing_stability_eta0p496_v1,m2route_motor_time_constant_minus10_pinv_eta0p496_seed63400030
7,motor_time_constant_plus10,motor_time_constant,1.10,9e43b2b8c92f584794c999a71613fc20d5fce76ea5113329771be78b48a42c0b,pinv,1,2,0.496000,1,63400001,seeded_ic_v1,m2_routing_stability_eta0p496_v1,m2route_motor_time_constant_plus10_pinv_eta0p496_seed63400001
7,motor_time_constant_plus10,motor_time_constant,1.10,9e43b2b8c92f584794c999a71613fc20d5fce76ea5113329771be78b48a42c0b,cem,2,2,0.496000,1,63400001,seeded_ic_v1,m2_routing_stability_eta0p496_v1,m2route_motor_time_constant_plus10_cem_eta0p496_seed63400001
7,motor_time_constant_plus10,motor_time_constant,1.10,9e43b2b8c92f584794c999a71613fc20d5fce76ea5113329771be78b48a42c0b,cem,1,2,0.496000,2,63400002,seeded_ic_v1,m2_routing_stability_eta0p496_v1,m2route_motor_time_constant_plus10_cem_eta0p496_seed63400002
7,motor_time_constant_plus10,motor_time_constant,1.10,9e43b2b8c92f584794c999a71613fc20d5fce76ea5113329771be78b48a42c0b,pinv,2,2,0.496000,2,63400002,seeded_ic_v1,m2_routing_stability_eta0p496_v1,m2route_motor_time_constant_plus10_pinv_eta0p496_seed63400002
7,motor_time_constant_plus10,motor_time_constant,1.10,9e43b2b8c92f584794c999a71613fc20d5fce76ea5113329771be78b48a42c0b,pinv,1,2,0.496000,3,63400003,seeded_ic_v1,m2_routing_stability_eta0p496_v1,m2route_motor_time_constant_plus10_pinv_eta0p496_seed63400003
7,motor_time_constant_plus10,motor_time_constant,1.10,9e43b2b8c92f584794c999a71613fc20d5fce76ea5113329771be78b48a42c0b,cem,2,2,0.496000,3,63400003,seeded_ic_v1,m2_routing_stability_eta0p496_v1,m2route_motor_time_constant_plus10_cem_eta0p496_seed63400003
7,motor_time_constant_plus10,motor_time_constant,1.10,9e43b2b8c92f584794c999a71613fc20d5fce76ea5113329771be78b48a42c0b,cem,1,2,0.496000,4,63400004,seeded_ic_v1,m2_routing_stability_eta0p496_v1,m2route_motor_time_constant_plus10_cem_eta0p496_seed63400004
7,motor_time_constant_plus10,motor_time_constant,1.10,9e43b2b8c92f584794c999a71613fc20d5fce76ea5113329771be78b48a42c0b,pinv,2,2,0.496000,4,63400004,seeded_ic_v1,m2_routing_stability_eta0p496_v1,m2route_motor_time_constant_plus10_pinv_eta0p496_seed63400004
7,motor_time_constant_plus10,motor_time_constant,1.10,9e43b2b8c92f584794c999a71613fc20d5fce76ea5113329771be78b48a42c0b,pinv,1,2,0.496000,5,63400005,seeded_ic_v1,m2_routing_stability_eta0p496_v1,m2route_motor_time_constant_plus10_pinv_eta0p496_seed63400005
7,motor_time_constant_plus10,motor_time_constant,1.10,9e43b2b8c92f584794c999a71613fc20d5fce76ea5113329771be78b48a42c0b,cem,2,2,0.496000,5,63400005,seeded_ic_v1,m2_routing_stability_eta0p496_v1,m2route_motor_time_constant_plus10_cem_eta0p496_seed63400005
7,motor_time_constant_plus10,motor_time_constant,1.10,9e43b2b8c92f584794c999a71613fc20d5fce76ea5113329771be78b48a42c0b,cem,1,2,0.496000,6,63400006,seeded_ic_v1,m2_routing_stability_eta0p496_v1,m2route_motor_time_constant_plus10_cem_eta0p496_seed63400006
7,motor_time_constant_plus10,motor_time_constant,1.10,9e43b2b8c92f584794c999a71613fc20d5fce76ea5113329771be78b48a42c0b,pinv,2,2,0.496000,6,63400006,seeded_ic_v1,m2_routing_stability_eta0p496_v1,m2route_motor_time_constant_plus10_pinv_eta0p496_seed63400006
7,motor_time_constant_plus10,motor_time_constant,1.10,9e43b2b8c92f584794c999a71613fc20d5fce76ea5113329771be78b48a42c0b,pinv,1,2,0.496000,7,63400007,seeded_ic_v1,m2_routing_stability_eta0p496_v1,m2route_motor_time_constant_plus10_pinv_eta0p496_seed63400007
7,motor_time_constant_plus10,motor_time_constant,1.10,9e43b2b8c92f584794c999a71613fc20d5fce76ea5113329771be78b48a42c0b,cem,2,2,0.496000,7,63400007,seeded_ic_v1,m2_routing_stability_eta0p496_v1,m2route_motor_time_constant_plus10_cem_eta0p496_seed63400007
7,motor_time_constant_plus10,motor_time_constant,1.10,9e43b2b8c92f584794c999a71613fc20d5fce76ea5113329771be78b48a42c0b,cem,1,2,0.496000,8,63400008,seeded_ic_v1,m2_routing_stability_eta0p496_v1,m2route_motor_time_constant_plus10_cem_eta0p496_seed63400008
7,motor_time_constant_plus10,motor_time_constant,1.10,9e43b2b8c92f584794c999a71613fc20d5fce76ea5113329771be78b48a42c0b,pinv,2,2,0.496000,8,63400008,seeded_ic_v1,m2_routing_stability_eta0p496_v1,m2route_motor_time_constant_plus10_pinv_eta0p496_seed63400008
7,motor_time_constant_plus10,motor_time_constant,1.10,9e43b2b8c92f584794c999a71613fc20d5fce76ea5113329771be78b48a42c0b,pinv,1,2,0.496000,9,63400009,seeded_ic_v1,m2_routing_stability_eta0p496_v1,m2route_motor_time_constant_plus10_pinv_eta0p496_seed63400009
7,motor_time_constant_plus10,motor_time_constant,1.10,9e43b2b8c92f584794c999a71613fc20d5fce76ea5113329771be78b48a42c0b,cem,2,2,0.496000,9,63400009,seeded_ic_v1,m2_routing_stability_eta0p496_v1,m2route_motor_time_constant_plus10_cem_eta0p496_seed63400009
7,motor_time_constant_plus10,motor_time_constant,1.10,9e43b2b8c92f584794c999a71613fc20d5fce76ea5113329771be78b48a42c0b,cem,1,2,0.496000,10,63400010,seeded_ic_v1,m2_routing_stability_eta0p496_v1,m2route_motor_time_constant_plus10_cem_eta0p496_seed63400010
7,motor_time_constant_plus10,motor_time_constant,1.10,9e43b2b8c92f584794c999a71613fc20d5fce76ea5113329771be78b48a42c0b,pinv,2,2,0.496000,10,63400010,seeded_ic_v1,m2_routing_stability_eta0p496_v1,m2route_motor_time_constant_plus10_pinv_eta0p496_seed63400010
7,motor_time_constant_plus10,motor_time_constant,1.10,9e43b2b8c92f584794c999a71613fc20d5fce76ea5113329771be78b48a42c0b,pinv,1,2,0.496000,11,63400011,seeded_ic_v1,m2_routing_stability_eta0p496_v1,m2route_motor_time_constant_plus10_pinv_eta0p496_seed63400011
7,motor_time_constant_plus10,motor_time_constant,1.10,9e43b2b8c92f584794c999a71613fc20d5fce76ea5113329771be78b48a42c0b,cem,2,2,0.496000,11,63400011,seeded_ic_v1,m2_routing_stability_eta0p496_v1,m2route_motor_time_constant_plus10_cem_eta0p496_seed63400011
7,motor_time_constant_plus10,motor_time_constant,1.10,9e43b2b8c92f584794c999a71613fc20d5fce76ea5113329771be78b48a42c0b,cem,1,2,0.496000,12,63400012,seeded_ic_v1,m2_routing_stability_eta0p496_v1,m2route_motor_time_constant_plus10_cem_eta0p496_seed63400012
7,motor_time_constant_plus10,motor_time_constant,1.10,9e43b2b8c92f584794c999a71613fc20d5fce76ea5113329771be78b48a42c0b,pinv,2,2,0.496000,12,63400012,seeded_ic_v1,m2_routing_stability_eta0p496_v1,m2route_motor_time_constant_plus10_pinv_eta0p496_seed63400012
7,motor_time_constant_plus10,motor_time_constant,1.10,9e43b2b8c92f584794c999a71613fc20d5fce76ea5113329771be78b48a42c0b,pinv,1,2,0.496000,13,63400013,seeded_ic_v1,m2_routing_stability_eta0p496_v1,m2route_motor_time_constant_plus10_pinv_eta0p496_seed63400013
7,motor_time_constant_plus10,motor_time_constant,1.10,9e43b2b8c92f584794c999a71613fc20d5fce76ea5113329771be78b48a42c0b,cem,2,2,0.496000,13,63400013,seeded_ic_v1,m2_routing_stability_eta0p496_v1,m2route_motor_time_constant_plus10_cem_eta0p496_seed63400013
7,motor_time_constant_plus10,motor_time_constant,1.10,9e43b2b8c92f584794c999a71613fc20d5fce76ea5113329771be78b48a42c0b,cem,1,2,0.496000,14,63400014,seeded_ic_v1,m2_routing_stability_eta0p496_v1,m2route_motor_time_constant_plus10_cem_eta0p496_seed63400014
7,motor_time_constant_plus10,motor_time_constant,1.10,9e43b2b8c92f584794c999a71613fc20d5fce76ea5113329771be78b48a42c0b,pinv,2,2,0.496000,14,63400014,seeded_ic_v1,m2_routing_stability_eta0p496_v1,m2route_motor_time_constant_plus10_pinv_eta0p496_seed63400014
7,motor_time_constant_plus10,motor_time_constant,1.10,9e43b2b8c92f584794c999a71613fc20d5fce76ea5113329771be78b48a42c0b,pinv,1,2,0.496000,15,63400015,seeded_ic_v1,m2_routing_stability_eta0p496_v1,m2route_motor_time_constant_plus10_pinv_eta0p496_seed63400015
7,motor_time_constant_plus10,motor_time_constant,1.10,9e43b2b8c92f584794c999a71613fc20d5fce76ea5113329771be78b48a42c0b,cem,2,2,0.496000,15,63400015,seeded_ic_v1,m2_routing_stability_eta0p496_v1,m2route_motor_time_constant_plus10_cem_eta0p496_seed63400015
7,motor_time_constant_plus10,motor_time_constant,1.10,9e43b2b8c92f584794c999a71613fc20d5fce76ea5113329771be78b48a42c0b,cem,1,2,0.496000,16,63400016,seeded_ic_v1,m2_routing_stability_eta0p496_v1,m2route_motor_time_constant_plus10_cem_eta0p496_seed63400016
7,motor_time_constant_plus10,motor_time_constant,1.10,9e43b2b8c92f584794c999a71613fc20d5fce76ea5113329771be78b48a42c0b,pinv,2,2,0.496000,16,63400016,seeded_ic_v1,m2_routing_stability_eta0p496_v1,m2route_motor_time_constant_plus10_pinv_eta0p496_seed63400016
7,motor_time_constant_plus10,motor_time_constant,1.10,9e43b2b8c92f584794c999a71613fc20d5fce76ea5113329771be78b48a42c0b,pinv,1,2,0.496000,17,63400017,seeded_ic_v1,m2_routing_stability_eta0p496_v1,m2route_motor_time_constant_plus10_pinv_eta0p496_seed63400017
7,motor_time_constant_plus10,motor_time_constant,1.10,9e43b2b8c92f584794c999a71613fc20d5fce76ea5113329771be78b48a42c0b,cem,2,2,0.496000,17,63400017,seeded_ic_v1,m2_routing_stability_eta0p496_v1,m2route_motor_time_constant_plus10_cem_eta0p496_seed63400017
7,motor_time_constant_plus10,motor_time_constant,1.10,9e43b2b8c92f584794c999a71613fc20d5fce76ea5113329771be78b48a42c0b,cem,1,2,0.496000,18,63400018,seeded_ic_v1,m2_routing_stability_eta0p496_v1,m2route_motor_time_constant_plus10_cem_eta0p496_seed63400018
7,motor_time_constant_plus10,motor_time_constant,1.10,9e43b2b8c92f584794c999a71613fc20d5fce76ea5113329771be78b48a42c0b,pinv,2,2,0.496000,18,63400018,seeded_ic_v1,m2_routing_stability_eta0p496_v1,m2route_motor_time_constant_plus10_pinv_eta0p496_seed63400018
7,motor_time_constant_plus10,motor_time_constant,1.10,9e43b2b8c92f584794c999a71613fc20d5fce76ea5113329771be78b48a42c0b,pinv,1,2,0.496000,19,63400019,seeded_ic_v1,m2_routing_stability_eta0p496_v1,m2route_motor_time_constant_plus10_pinv_eta0p496_seed63400019
7,motor_time_constant_plus10,motor_time_constant,1.10,9e43b2b8c92f584794c999a71613fc20d5fce76ea5113329771be78b48a42c0b,cem,2,2,0.496000,19,63400019,seeded_ic_v1,m2_routing_stability_eta0p496_v1,m2route_motor_time_constant_plus10_cem_eta0p496_seed63400019
7,motor_time_constant_plus10,motor_time_constant,1.10,9e43b2b8c92f584794c999a71613fc20d5fce76ea5113329771be78b48a42c0b,cem,1,2,0.496000,20,63400020,seeded_ic_v1,m2_routing_stability_eta0p496_v1,m2route_motor_time_constant_plus10_cem_eta0p496_seed63400020
7,motor_time_constant_plus10,motor_time_constant,1.10,9e43b2b8c92f584794c999a71613fc20d5fce76ea5113329771be78b48a42c0b,pinv,2,2,0.496000,20,63400020,seeded_ic_v1,m2_routing_stability_eta0p496_v1,m2route_motor_time_constant_plus10_pinv_eta0p496_seed63400020
7,motor_time_constant_plus10,motor_time_constant,1.10,9e43b2b8c92f584794c999a71613fc20d5fce76ea5113329771be78b48a42c0b,pinv,1,2,0.496000,21,63400021,seeded_ic_v1,m2_routing_stability_eta0p496_v1,m2route_motor_time_constant_plus10_pinv_eta0p496_seed63400021
7,motor_time_constant_plus10,motor_time_constant,1.10,9e43b2b8c92f584794c999a71613fc20d5fce76ea5113329771be78b48a42c0b,cem,2,2,0.496000,21,63400021,seeded_ic_v1,m2_routing_stability_eta0p496_v1,m2route_motor_time_constant_plus10_cem_eta0p496_seed63400021
7,motor_time_constant_plus10,motor_time_constant,1.10,9e43b2b8c92f584794c999a71613fc20d5fce76ea5113329771be78b48a42c0b,cem,1,2,0.496000,22,63400022,seeded_ic_v1,m2_routing_stability_eta0p496_v1,m2route_motor_time_constant_plus10_cem_eta0p496_seed63400022
7,motor_time_constant_plus10,motor_time_constant,1.10,9e43b2b8c92f584794c999a71613fc20d5fce76ea5113329771be78b48a42c0b,pinv,2,2,0.496000,22,63400022,seeded_ic_v1,m2_routing_stability_eta0p496_v1,m2route_motor_time_constant_plus10_pinv_eta0p496_seed63400022
7,motor_time_constant_plus10,motor_time_constant,1.10,9e43b2b8c92f584794c999a71613fc20d5fce76ea5113329771be78b48a42c0b,pinv,1,2,0.496000,23,63400023,seeded_ic_v1,m2_routing_stability_eta0p496_v1,m2route_motor_time_constant_plus10_pinv_eta0p496_seed63400023
7,motor_time_constant_plus10,motor_time_constant,1.10,9e43b2b8c92f584794c999a71613fc20d5fce76ea5113329771be78b48a42c0b,cem,2,2,0.496000,23,63400023,seeded_ic_v1,m2_routing_stability_eta0p496_v1,m2route_motor_time_constant_plus10_cem_eta0p496_seed63400023
7,motor_time_constant_plus10,motor_time_constant,1.10,9e43b2b8c92f584794c999a71613fc20d5fce76ea5113329771be78b48a42c0b,cem,1,2,0.496000,24,63400024,seeded_ic_v1,m2_routing_stability_eta0p496_v1,m2route_motor_time_constant_plus10_cem_eta0p496_seed63400024
7,motor_time_constant_plus10,motor_time_constant,1.10,9e43b2b8c92f584794c999a71613fc20d5fce76ea5113329771be78b48a42c0b,pinv,2,2,0.496000,24,63400024,seeded_ic_v1,m2_routing_stability_eta0p496_v1,m2route_motor_time_constant_plus10_pinv_eta0p496_seed63400024
7,motor_time_constant_plus10,motor_time_constant,1.10,9e43b2b8c92f584794c999a71613fc20d5fce76ea5113329771be78b48a42c0b,pinv,1,2,0.496000,25,63400025,seeded_ic_v1,m2_routing_stability_eta0p496_v1,m2route_motor_time_constant_plus10_pinv_eta0p496_seed63400025
7,motor_time_constant_plus10,motor_time_constant,1.10,9e43b2b8c92f584794c999a71613fc20d5fce76ea5113329771be78b48a42c0b,cem,2,2,0.496000,25,63400025,seeded_ic_v1,m2_routing_stability_eta0p496_v1,m2route_motor_time_constant_plus10_cem_eta0p496_seed63400025
7,motor_time_constant_plus10,motor_time_constant,1.10,9e43b2b8c92f584794c999a71613fc20d5fce76ea5113329771be78b48a42c0b,cem,1,2,0.496000,26,63400026,seeded_ic_v1,m2_routing_stability_eta0p496_v1,m2route_motor_time_constant_plus10_cem_eta0p496_seed63400026
7,motor_time_constant_plus10,motor_time_constant,1.10,9e43b2b8c92f584794c999a71613fc20d5fce76ea5113329771be78b48a42c0b,pinv,2,2,0.496000,26,63400026,seeded_ic_v1,m2_routing_stability_eta0p496_v1,m2route_motor_time_constant_plus10_pinv_eta0p496_seed63400026
7,motor_time_constant_plus10,motor_time_constant,1.10,9e43b2b8c92f584794c999a71613fc20d5fce76ea5113329771be78b48a42c0b,pinv,1,2,0.496000,27,63400027,seeded_ic_v1,m2_routing_stability_eta0p496_v1,m2route_motor_time_constant_plus10_pinv_eta0p496_seed63400027
7,motor_time_constant_plus10,motor_time_constant,1.10,9e43b2b8c92f584794c999a71613fc20d5fce76ea5113329771be78b48a42c0b,cem,2,2,0.496000,27,63400027,seeded_ic_v1,m2_routing_stability_eta0p496_v1,m2route_motor_time_constant_plus10_cem_eta0p496_seed63400027
7,motor_time_constant_plus10,motor_time_constant,1.10,9e43b2b8c92f584794c999a71613fc20d5fce76ea5113329771be78b48a42c0b,cem,1,2,0.496000,28,63400028,seeded_ic_v1,m2_routing_stability_eta0p496_v1,m2route_motor_time_constant_plus10_cem_eta0p496_seed63400028
7,motor_time_constant_plus10,motor_time_constant,1.10,9e43b2b8c92f584794c999a71613fc20d5fce76ea5113329771be78b48a42c0b,pinv,2,2,0.496000,28,63400028,seeded_ic_v1,m2_routing_stability_eta0p496_v1,m2route_motor_time_constant_plus10_pinv_eta0p496_seed63400028
7,motor_time_constant_plus10,motor_time_constant,1.10,9e43b2b8c92f584794c999a71613fc20d5fce76ea5113329771be78b48a42c0b,pinv,1,2,0.496000,29,63400029,seeded_ic_v1,m2_routing_stability_eta0p496_v1,m2route_motor_time_constant_plus10_pinv_eta0p496_seed63400029
7,motor_time_constant_plus10,motor_time_constant,1.10,9e43b2b8c92f584794c999a71613fc20d5fce76ea5113329771be78b48a42c0b,cem,2,2,0.496000,29,63400029,seeded_ic_v1,m2_routing_stability_eta0p496_v1,m2route_motor_time_constant_plus10_cem_eta0p496_seed63400029
7,motor_time_constant_plus10,motor_time_constant,1.10,9e43b2b8c92f584794c999a71613fc20d5fce76ea5113329771be78b48a42c0b,cem,1,2,0.496000,30,63400030,seeded_ic_v1,m2_routing_stability_eta0p496_v1,m2route_motor_time_constant_plus10_cem_eta0p496_seed63400030
7,motor_time_constant_plus10,motor_time_constant,1.10,9e43b2b8c92f584794c999a71613fc20d5fce76ea5113329771be78b48a42c0b,pinv,2,2,0.496000,30,63400030,seeded_ic_v1,m2_routing_stability_eta0p496_v1,m2route_motor_time_constant_plus10_pinv_eta0p496_seed63400030
8,thrust_to_torque_ratio_minus10,thrust_to_torque_ratio,0.90,1f975f34ca73ad719392ba5304996066a0a78f66d7fbce821548741a61567699,pinv,1,2,0.496000,1,63400001,seeded_ic_v1,m2_routing_stability_eta0p496_v1,m2route_thrust_to_torque_ratio_minus10_pinv_eta0p496_seed63400001
8,thrust_to_torque_ratio_minus10,thrust_to_torque_ratio,0.90,1f975f34ca73ad719392ba5304996066a0a78f66d7fbce821548741a61567699,cem,2,2,0.496000,1,63400001,seeded_ic_v1,m2_routing_stability_eta0p496_v1,m2route_thrust_to_torque_ratio_minus10_cem_eta0p496_seed63400001
8,thrust_to_torque_ratio_minus10,thrust_to_torque_ratio,0.90,1f975f34ca73ad719392ba5304996066a0a78f66d7fbce821548741a61567699,cem,1,2,0.496000,2,63400002,seeded_ic_v1,m2_routing_stability_eta0p496_v1,m2route_thrust_to_torque_ratio_minus10_cem_eta0p496_seed63400002
8,thrust_to_torque_ratio_minus10,thrust_to_torque_ratio,0.90,1f975f34ca73ad719392ba5304996066a0a78f66d7fbce821548741a61567699,pinv,2,2,0.496000,2,63400002,seeded_ic_v1,m2_routing_stability_eta0p496_v1,m2route_thrust_to_torque_ratio_minus10_pinv_eta0p496_seed63400002
8,thrust_to_torque_ratio_minus10,thrust_to_torque_ratio,0.90,1f975f34ca73ad719392ba5304996066a0a78f66d7fbce821548741a61567699,pinv,1,2,0.496000,3,63400003,seeded_ic_v1,m2_routing_stability_eta0p496_v1,m2route_thrust_to_torque_ratio_minus10_pinv_eta0p496_seed63400003
8,thrust_to_torque_ratio_minus10,thrust_to_torque_ratio,0.90,1f975f34ca73ad719392ba5304996066a0a78f66d7fbce821548741a61567699,cem,2,2,0.496000,3,63400003,seeded_ic_v1,m2_routing_stability_eta0p496_v1,m2route_thrust_to_torque_ratio_minus10_cem_eta0p496_seed63400003
8,thrust_to_torque_ratio_minus10,thrust_to_torque_ratio,0.90,1f975f34ca73ad719392ba5304996066a0a78f66d7fbce821548741a61567699,cem,1,2,0.496000,4,63400004,seeded_ic_v1,m2_routing_stability_eta0p496_v1,m2route_thrust_to_torque_ratio_minus10_cem_eta0p496_seed63400004
8,thrust_to_torque_ratio_minus10,thrust_to_torque_ratio,0.90,1f975f34ca73ad719392ba5304996066a0a78f66d7fbce821548741a61567699,pinv,2,2,0.496000,4,63400004,seeded_ic_v1,m2_routing_stability_eta0p496_v1,m2route_thrust_to_torque_ratio_minus10_pinv_eta0p496_seed63400004
8,thrust_to_torque_ratio_minus10,thrust_to_torque_ratio,0.90,1f975f34ca73ad719392ba5304996066a0a78f66d7fbce821548741a61567699,pinv,1,2,0.496000,5,63400005,seeded_ic_v1,m2_routing_stability_eta0p496_v1,m2route_thrust_to_torque_ratio_minus10_pinv_eta0p496_seed63400005
8,thrust_to_torque_ratio_minus10,thrust_to_torque_ratio,0.90,1f975f34ca73ad719392ba5304996066a0a78f66d7fbce821548741a61567699,cem,2,2,0.496000,5,63400005,seeded_ic_v1,m2_routing_stability_eta0p496_v1,m2route_thrust_to_torque_ratio_minus10_cem_eta0p496_seed63400005
8,thrust_to_torque_ratio_minus10,thrust_to_torque_ratio,0.90,1f975f34ca73ad719392ba5304996066a0a78f66d7fbce821548741a61567699,cem,1,2,0.496000,6,63400006,seeded_ic_v1,m2_routing_stability_eta0p496_v1,m2route_thrust_to_torque_ratio_minus10_cem_eta0p496_seed63400006
8,thrust_to_torque_ratio_minus10,thrust_to_torque_ratio,0.90,1f975f34ca73ad719392ba5304996066a0a78f66d7fbce821548741a61567699,pinv,2,2,0.496000,6,63400006,seeded_ic_v1,m2_routing_stability_eta0p496_v1,m2route_thrust_to_torque_ratio_minus10_pinv_eta0p496_seed63400006
8,thrust_to_torque_ratio_minus10,thrust_to_torque_ratio,0.90,1f975f34ca73ad719392ba5304996066a0a78f66d7fbce821548741a61567699,pinv,1,2,0.496000,7,63400007,seeded_ic_v1,m2_routing_stability_eta0p496_v1,m2route_thrust_to_torque_ratio_minus10_pinv_eta0p496_seed63400007
8,thrust_to_torque_ratio_minus10,thrust_to_torque_ratio,0.90,1f975f34ca73ad719392ba5304996066a0a78f66d7fbce821548741a61567699,cem,2,2,0.496000,7,63400007,seeded_ic_v1,m2_routing_stability_eta0p496_v1,m2route_thrust_to_torque_ratio_minus10_cem_eta0p496_seed63400007
8,thrust_to_torque_ratio_minus10,thrust_to_torque_ratio,0.90,1f975f34ca73ad719392ba5304996066a0a78f66d7fbce821548741a61567699,cem,1,2,0.496000,8,63400008,seeded_ic_v1,m2_routing_stability_eta0p496_v1,m2route_thrust_to_torque_ratio_minus10_cem_eta0p496_seed63400008
8,thrust_to_torque_ratio_minus10,thrust_to_torque_ratio,0.90,1f975f34ca73ad719392ba5304996066a0a78f66d7fbce821548741a61567699,pinv,2,2,0.496000,8,63400008,seeded_ic_v1,m2_routing_stability_eta0p496_v1,m2route_thrust_to_torque_ratio_minus10_pinv_eta0p496_seed63400008
8,thrust_to_torque_ratio_minus10,thrust_to_torque_ratio,0.90,1f975f34ca73ad719392ba5304996066a0a78f66d7fbce821548741a61567699,pinv,1,2,0.496000,9,63400009,seeded_ic_v1,m2_routing_stability_eta0p496_v1,m2route_thrust_to_torque_ratio_minus10_pinv_eta0p496_seed63400009
8,thrust_to_torque_ratio_minus10,thrust_to_torque_ratio,0.90,1f975f34ca73ad719392ba5304996066a0a78f66d7fbce821548741a61567699,cem,2,2,0.496000,9,63400009,seeded_ic_v1,m2_routing_stability_eta0p496_v1,m2route_thrust_to_torque_ratio_minus10_cem_eta0p496_seed63400009
8,thrust_to_torque_ratio_minus10,thrust_to_torque_ratio,0.90,1f975f34ca73ad719392ba5304996066a0a78f66d7fbce821548741a61567699,cem,1,2,0.496000,10,63400010,seeded_ic_v1,m2_routing_stability_eta0p496_v1,m2route_thrust_to_torque_ratio_minus10_cem_eta0p496_seed63400010
8,thrust_to_torque_ratio_minus10,thrust_to_torque_ratio,0.90,1f975f34ca73ad719392ba5304996066a0a78f66d7fbce821548741a61567699,pinv,2,2,0.496000,10,63400010,seeded_ic_v1,m2_routing_stability_eta0p496_v1,m2route_thrust_to_torque_ratio_minus10_pinv_eta0p496_seed63400010
8,thrust_to_torque_ratio_minus10,thrust_to_torque_ratio,0.90,1f975f34ca73ad719392ba5304996066a0a78f66d7fbce821548741a61567699,pinv,1,2,0.496000,11,63400011,seeded_ic_v1,m2_routing_stability_eta0p496_v1,m2route_thrust_to_torque_ratio_minus10_pinv_eta0p496_seed63400011
8,thrust_to_torque_ratio_minus10,thrust_to_torque_ratio,0.90,1f975f34ca73ad719392ba5304996066a0a78f66d7fbce821548741a61567699,cem,2,2,0.496000,11,63400011,seeded_ic_v1,m2_routing_stability_eta0p496_v1,m2route_thrust_to_torque_ratio_minus10_cem_eta0p496_seed63400011
8,thrust_to_torque_ratio_minus10,thrust_to_torque_ratio,0.90,1f975f34ca73ad719392ba5304996066a0a78f66d7fbce821548741a61567699,cem,1,2,0.496000,12,63400012,seeded_ic_v1,m2_routing_stability_eta0p496_v1,m2route_thrust_to_torque_ratio_minus10_cem_eta0p496_seed63400012
8,thrust_to_torque_ratio_minus10,thrust_to_torque_ratio,0.90,1f975f34ca73ad719392ba5304996066a0a78f66d7fbce821548741a61567699,pinv,2,2,0.496000,12,63400012,seeded_ic_v1,m2_routing_stability_eta0p496_v1,m2route_thrust_to_torque_ratio_minus10_pinv_eta0p496_seed63400012
8,thrust_to_torque_ratio_minus10,thrust_to_torque_ratio,0.90,1f975f34ca73ad719392ba5304996066a0a78f66d7fbce821548741a61567699,pinv,1,2,0.496000,13,63400013,seeded_ic_v1,m2_routing_stability_eta0p496_v1,m2route_thrust_to_torque_ratio_minus10_pinv_eta0p496_seed63400013
8,thrust_to_torque_ratio_minus10,thrust_to_torque_ratio,0.90,1f975f34ca73ad719392ba5304996066a0a78f66d7fbce821548741a61567699,cem,2,2,0.496000,13,63400013,seeded_ic_v1,m2_routing_stability_eta0p496_v1,m2route_thrust_to_torque_ratio_minus10_cem_eta0p496_seed63400013
8,thrust_to_torque_ratio_minus10,thrust_to_torque_ratio,0.90,1f975f34ca73ad719392ba5304996066a0a78f66d7fbce821548741a61567699,cem,1,2,0.496000,14,63400014,seeded_ic_v1,m2_routing_stability_eta0p496_v1,m2route_thrust_to_torque_ratio_minus10_cem_eta0p496_seed63400014
8,thrust_to_torque_ratio_minus10,thrust_to_torque_ratio,0.90,1f975f34ca73ad719392ba5304996066a0a78f66d7fbce821548741a61567699,pinv,2,2,0.496000,14,63400014,seeded_ic_v1,m2_routing_stability_eta0p496_v1,m2route_thrust_to_torque_ratio_minus10_pinv_eta0p496_seed63400014
8,thrust_to_torque_ratio_minus10,thrust_to_torque_ratio,0.90,1f975f34ca73ad719392ba5304996066a0a78f66d7fbce821548741a61567699,pinv,1,2,0.496000,15,63400015,seeded_ic_v1,m2_routing_stability_eta0p496_v1,m2route_thrust_to_torque_ratio_minus10_pinv_eta0p496_seed63400015
8,thrust_to_torque_ratio_minus10,thrust_to_torque_ratio,0.90,1f975f34ca73ad719392ba5304996066a0a78f66d7fbce821548741a61567699,cem,2,2,0.496000,15,63400015,seeded_ic_v1,m2_routing_stability_eta0p496_v1,m2route_thrust_to_torque_ratio_minus10_cem_eta0p496_seed63400015
8,thrust_to_torque_ratio_minus10,thrust_to_torque_ratio,0.90,1f975f34ca73ad719392ba5304996066a0a78f66d7fbce821548741a61567699,cem,1,2,0.496000,16,63400016,seeded_ic_v1,m2_routing_stability_eta0p496_v1,m2route_thrust_to_torque_ratio_minus10_cem_eta0p496_seed63400016
8,thrust_to_torque_ratio_minus10,thrust_to_torque_ratio,0.90,1f975f34ca73ad719392ba5304996066a0a78f66d7fbce821548741a61567699,pinv,2,2,0.496000,16,63400016,seeded_ic_v1,m2_routing_stability_eta0p496_v1,m2route_thrust_to_torque_ratio_minus10_pinv_eta0p496_seed63400016
8,thrust_to_torque_ratio_minus10,thrust_to_torque_ratio,0.90,1f975f34ca73ad719392ba5304996066a0a78f66d7fbce821548741a61567699,pinv,1,2,0.496000,17,63400017,seeded_ic_v1,m2_routing_stability_eta0p496_v1,m2route_thrust_to_torque_ratio_minus10_pinv_eta0p496_seed63400017
8,thrust_to_torque_ratio_minus10,thrust_to_torque_ratio,0.90,1f975f34ca73ad719392ba5304996066a0a78f66d7fbce821548741a61567699,cem,2,2,0.496000,17,63400017,seeded_ic_v1,m2_routing_stability_eta0p496_v1,m2route_thrust_to_torque_ratio_minus10_cem_eta0p496_seed63400017
8,thrust_to_torque_ratio_minus10,thrust_to_torque_ratio,0.90,1f975f34ca73ad719392ba5304996066a0a78f66d7fbce821548741a61567699,cem,1,2,0.496000,18,63400018,seeded_ic_v1,m2_routing_stability_eta0p496_v1,m2route_thrust_to_torque_ratio_minus10_cem_eta0p496_seed63400018
8,thrust_to_torque_ratio_minus10,thrust_to_torque_ratio,0.90,1f975f34ca73ad719392ba5304996066a0a78f66d7fbce821548741a61567699,pinv,2,2,0.496000,18,63400018,seeded_ic_v1,m2_routing_stability_eta0p496_v1,m2route_thrust_to_torque_ratio_minus10_pinv_eta0p496_seed63400018
8,thrust_to_torque_ratio_minus10,thrust_to_torque_ratio,0.90,1f975f34ca73ad719392ba5304996066a0a78f66d7fbce821548741a61567699,pinv,1,2,0.496000,19,63400019,seeded_ic_v1,m2_routing_stability_eta0p496_v1,m2route_thrust_to_torque_ratio_minus10_pinv_eta0p496_seed63400019
8,thrust_to_torque_ratio_minus10,thrust_to_torque_ratio,0.90,1f975f34ca73ad719392ba5304996066a0a78f66d7fbce821548741a61567699,cem,2,2,0.496000,19,63400019,seeded_ic_v1,m2_routing_stability_eta0p496_v1,m2route_thrust_to_torque_ratio_minus10_cem_eta0p496_seed63400019
8,thrust_to_torque_ratio_minus10,thrust_to_torque_ratio,0.90,1f975f34ca73ad719392ba5304996066a0a78f66d7fbce821548741a61567699,cem,1,2,0.496000,20,63400020,seeded_ic_v1,m2_routing_stability_eta0p496_v1,m2route_thrust_to_torque_ratio_minus10_cem_eta0p496_seed63400020
8,thrust_to_torque_ratio_minus10,thrust_to_torque_ratio,0.90,1f975f34ca73ad719392ba5304996066a0a78f66d7fbce821548741a61567699,pinv,2,2,0.496000,20,63400020,seeded_ic_v1,m2_routing_stability_eta0p496_v1,m2route_thrust_to_torque_ratio_minus10_pinv_eta0p496_seed63400020
8,thrust_to_torque_ratio_minus10,thrust_to_torque_ratio,0.90,1f975f34ca73ad719392ba5304996066a0a78f66d7fbce821548741a61567699,pinv,1,2,0.496000,21,63400021,seeded_ic_v1,m2_routing_stability_eta0p496_v1,m2route_thrust_to_torque_ratio_minus10_pinv_eta0p496_seed63400021
8,thrust_to_torque_ratio_minus10,thrust_to_torque_ratio,0.90,1f975f34ca73ad719392ba5304996066a0a78f66d7fbce821548741a61567699,cem,2,2,0.496000,21,63400021,seeded_ic_v1,m2_routing_stability_eta0p496_v1,m2route_thrust_to_torque_ratio_minus10_cem_eta0p496_seed63400021
8,thrust_to_torque_ratio_minus10,thrust_to_torque_ratio,0.90,1f975f34ca73ad719392ba5304996066a0a78f66d7fbce821548741a61567699,cem,1,2,0.496000,22,63400022,seeded_ic_v1,m2_routing_stability_eta0p496_v1,m2route_thrust_to_torque_ratio_minus10_cem_eta0p496_seed63400022
8,thrust_to_torque_ratio_minus10,thrust_to_torque_ratio,0.90,1f975f34ca73ad719392ba5304996066a0a78f66d7fbce821548741a61567699,pinv,2,2,0.496000,22,63400022,seeded_ic_v1,m2_routing_stability_eta0p496_v1,m2route_thrust_to_torque_ratio_minus10_pinv_eta0p496_seed63400022
8,thrust_to_torque_ratio_minus10,thrust_to_torque_ratio,0.90,1f975f34ca73ad719392ba5304996066a0a78f66d7fbce821548741a61567699,pinv,1,2,0.496000,23,63400023,seeded_ic_v1,m2_routing_stability_eta0p496_v1,m2route_thrust_to_torque_ratio_minus10_pinv_eta0p496_seed63400023
8,thrust_to_torque_ratio_minus10,thrust_to_torque_ratio,0.90,1f975f34ca73ad719392ba5304996066a0a78f66d7fbce821548741a61567699,cem,2,2,0.496000,23,63400023,seeded_ic_v1,m2_routing_stability_eta0p496_v1,m2route_thrust_to_torque_ratio_minus10_cem_eta0p496_seed63400023
8,thrust_to_torque_ratio_minus10,thrust_to_torque_ratio,0.90,1f975f34ca73ad719392ba5304996066a0a78f66d7fbce821548741a61567699,cem,1,2,0.496000,24,63400024,seeded_ic_v1,m2_routing_stability_eta0p496_v1,m2route_thrust_to_torque_ratio_minus10_cem_eta0p496_seed63400024
8,thrust_to_torque_ratio_minus10,thrust_to_torque_ratio,0.90,1f975f34ca73ad719392ba5304996066a0a78f66d7fbce821548741a61567699,pinv,2,2,0.496000,24,63400024,seeded_ic_v1,m2_routing_stability_eta0p496_v1,m2route_thrust_to_torque_ratio_minus10_pinv_eta0p496_seed63400024
8,thrust_to_torque_ratio_minus10,thrust_to_torque_ratio,0.90,1f975f34ca73ad719392ba5304996066a0a78f66d7fbce821548741a61567699,pinv,1,2,0.496000,25,63400025,seeded_ic_v1,m2_routing_stability_eta0p496_v1,m2route_thrust_to_torque_ratio_minus10_pinv_eta0p496_seed63400025
8,thrust_to_torque_ratio_minus10,thrust_to_torque_ratio,0.90,1f975f34ca73ad719392ba5304996066a0a78f66d7fbce821548741a61567699,cem,2,2,0.496000,25,63400025,seeded_ic_v1,m2_routing_stability_eta0p496_v1,m2route_thrust_to_torque_ratio_minus10_cem_eta0p496_seed63400025
8,thrust_to_torque_ratio_minus10,thrust_to_torque_ratio,0.90,1f975f34ca73ad719392ba5304996066a0a78f66d7fbce821548741a61567699,cem,1,2,0.496000,26,63400026,seeded_ic_v1,m2_routing_stability_eta0p496_v1,m2route_thrust_to_torque_ratio_minus10_cem_eta0p496_seed63400026
8,thrust_to_torque_ratio_minus10,thrust_to_torque_ratio,0.90,1f975f34ca73ad719392ba5304996066a0a78f66d7fbce821548741a61567699,pinv,2,2,0.496000,26,63400026,seeded_ic_v1,m2_routing_stability_eta0p496_v1,m2route_thrust_to_torque_ratio_minus10_pinv_eta0p496_seed63400026
8,thrust_to_torque_ratio_minus10,thrust_to_torque_ratio,0.90,1f975f34ca73ad719392ba5304996066a0a78f66d7fbce821548741a61567699,pinv,1,2,0.496000,27,63400027,seeded_ic_v1,m2_routing_stability_eta0p496_v1,m2route_thrust_to_torque_ratio_minus10_pinv_eta0p496_seed63400027
8,thrust_to_torque_ratio_minus10,thrust_to_torque_ratio,0.90,1f975f34ca73ad719392ba5304996066a0a78f66d7fbce821548741a61567699,cem,2,2,0.496000,27,63400027,seeded_ic_v1,m2_routing_stability_eta0p496_v1,m2route_thrust_to_torque_ratio_minus10_cem_eta0p496_seed63400027
8,thrust_to_torque_ratio_minus10,thrust_to_torque_ratio,0.90,1f975f34ca73ad719392ba5304996066a0a78f66d7fbce821548741a61567699,cem,1,2,0.496000,28,63400028,seeded_ic_v1,m2_routing_stability_eta0p496_v1,m2route_thrust_to_torque_ratio_minus10_cem_eta0p496_seed63400028
8,thrust_to_torque_ratio_minus10,thrust_to_torque_ratio,0.90,1f975f34ca73ad719392ba5304996066a0a78f66d7fbce821548741a61567699,pinv,2,2,0.496000,28,63400028,seeded_ic_v1,m2_routing_stability_eta0p496_v1,m2route_thrust_to_torque_ratio_minus10_pinv_eta0p496_seed63400028
8,thrust_to_torque_ratio_minus10,thrust_to_torque_ratio,0.90,1f975f34ca73ad719392ba5304996066a0a78f66d7fbce821548741a61567699,pinv,1,2,0.496000,29,63400029,seeded_ic_v1,m2_routing_stability_eta0p496_v1,m2route_thrust_to_torque_ratio_minus10_pinv_eta0p496_seed63400029
8,thrust_to_torque_ratio_minus10,thrust_to_torque_ratio,0.90,1f975f34ca73ad719392ba5304996066a0a78f66d7fbce821548741a61567699,cem,2,2,0.496000,29,63400029,seeded_ic_v1,m2_routing_stability_eta0p496_v1,m2route_thrust_to_torque_ratio_minus10_cem_eta0p496_seed63400029
8,thrust_to_torque_ratio_minus10,thrust_to_torque_ratio,0.90,1f975f34ca73ad719392ba5304996066a0a78f66d7fbce821548741a61567699,cem,1,2,0.496000,30,63400030,seeded_ic_v1,m2_routing_stability_eta0p496_v1,m2route_thrust_to_torque_ratio_minus10_cem_eta0p496_seed63400030
8,thrust_to_torque_ratio_minus10,thrust_to_torque_ratio,0.90,1f975f34ca73ad719392ba5304996066a0a78f66d7fbce821548741a61567699,pinv,2,2,0.496000,30,63400030,seeded_ic_v1,m2_routing_stability_eta0p496_v1,m2route_thrust_to_torque_ratio_minus10_pinv_eta0p496_seed63400030
9,thrust_to_torque_ratio_plus10,thrust_to_torque_ratio,1.10,1f9b17fb7b2be244d29116b33c13001aff7f8dc472eb24d5914484bf1c522a8a,pinv,1,2,0.496000,1,63400001,seeded_ic_v1,m2_routing_stability_eta0p496_v1,m2route_thrust_to_torque_ratio_plus10_pinv_eta0p496_seed63400001
9,thrust_to_torque_ratio_plus10,thrust_to_torque_ratio,1.10,1f9b17fb7b2be244d29116b33c13001aff7f8dc472eb24d5914484bf1c522a8a,cem,2,2,0.496000,1,63400001,seeded_ic_v1,m2_routing_stability_eta0p496_v1,m2route_thrust_to_torque_ratio_plus10_cem_eta0p496_seed63400001
9,thrust_to_torque_ratio_plus10,thrust_to_torque_ratio,1.10,1f9b17fb7b2be244d29116b33c13001aff7f8dc472eb24d5914484bf1c522a8a,cem,1,2,0.496000,2,63400002,seeded_ic_v1,m2_routing_stability_eta0p496_v1,m2route_thrust_to_torque_ratio_plus10_cem_eta0p496_seed63400002
9,thrust_to_torque_ratio_plus10,thrust_to_torque_ratio,1.10,1f9b17fb7b2be244d29116b33c13001aff7f8dc472eb24d5914484bf1c522a8a,pinv,2,2,0.496000,2,63400002,seeded_ic_v1,m2_routing_stability_eta0p496_v1,m2route_thrust_to_torque_ratio_plus10_pinv_eta0p496_seed63400002
9,thrust_to_torque_ratio_plus10,thrust_to_torque_ratio,1.10,1f9b17fb7b2be244d29116b33c13001aff7f8dc472eb24d5914484bf1c522a8a,pinv,1,2,0.496000,3,63400003,seeded_ic_v1,m2_routing_stability_eta0p496_v1,m2route_thrust_to_torque_ratio_plus10_pinv_eta0p496_seed63400003
9,thrust_to_torque_ratio_plus10,thrust_to_torque_ratio,1.10,1f9b17fb7b2be244d29116b33c13001aff7f8dc472eb24d5914484bf1c522a8a,cem,2,2,0.496000,3,63400003,seeded_ic_v1,m2_routing_stability_eta0p496_v1,m2route_thrust_to_torque_ratio_plus10_cem_eta0p496_seed63400003
9,thrust_to_torque_ratio_plus10,thrust_to_torque_ratio,1.10,1f9b17fb7b2be244d29116b33c13001aff7f8dc472eb24d5914484bf1c522a8a,cem,1,2,0.496000,4,63400004,seeded_ic_v1,m2_routing_stability_eta0p496_v1,m2route_thrust_to_torque_ratio_plus10_cem_eta0p496_seed63400004
9,thrust_to_torque_ratio_plus10,thrust_to_torque_ratio,1.10,1f9b17fb7b2be244d29116b33c13001aff7f8dc472eb24d5914484bf1c522a8a,pinv,2,2,0.496000,4,63400004,seeded_ic_v1,m2_routing_stability_eta0p496_v1,m2route_thrust_to_torque_ratio_plus10_pinv_eta0p496_seed63400004
9,thrust_to_torque_ratio_plus10,thrust_to_torque_ratio,1.10,1f9b17fb7b2be244d29116b33c13001aff7f8dc472eb24d5914484bf1c522a8a,pinv,1,2,0.496000,5,63400005,seeded_ic_v1,m2_routing_stability_eta0p496_v1,m2route_thrust_to_torque_ratio_plus10_pinv_eta0p496_seed63400005
9,thrust_to_torque_ratio_plus10,thrust_to_torque_ratio,1.10,1f9b17fb7b2be244d29116b33c13001aff7f8dc472eb24d5914484bf1c522a8a,cem,2,2,0.496000,5,63400005,seeded_ic_v1,m2_routing_stability_eta0p496_v1,m2route_thrust_to_torque_ratio_plus10_cem_eta0p496_seed63400005
9,thrust_to_torque_ratio_plus10,thrust_to_torque_ratio,1.10,1f9b17fb7b2be244d29116b33c13001aff7f8dc472eb24d5914484bf1c522a8a,cem,1,2,0.496000,6,63400006,seeded_ic_v1,m2_routing_stability_eta0p496_v1,m2route_thrust_to_torque_ratio_plus10_cem_eta0p496_seed63400006
9,thrust_to_torque_ratio_plus10,thrust_to_torque_ratio,1.10,1f9b17fb7b2be244d29116b33c13001aff7f8dc472eb24d5914484bf1c522a8a,pinv,2,2,0.496000,6,63400006,seeded_ic_v1,m2_routing_stability_eta0p496_v1,m2route_thrust_to_torque_ratio_plus10_pinv_eta0p496_seed63400006
9,thrust_to_torque_ratio_plus10,thrust_to_torque_ratio,1.10,1f9b17fb7b2be244d29116b33c13001aff7f8dc472eb24d5914484bf1c522a8a,pinv,1,2,0.496000,7,63400007,seeded_ic_v1,m2_routing_stability_eta0p496_v1,m2route_thrust_to_torque_ratio_plus10_pinv_eta0p496_seed63400007
9,thrust_to_torque_ratio_plus10,thrust_to_torque_ratio,1.10,1f9b17fb7b2be244d29116b33c13001aff7f8dc472eb24d5914484bf1c522a8a,cem,2,2,0.496000,7,63400007,seeded_ic_v1,m2_routing_stability_eta0p496_v1,m2route_thrust_to_torque_ratio_plus10_cem_eta0p496_seed63400007
9,thrust_to_torque_ratio_plus10,thrust_to_torque_ratio,1.10,1f9b17fb7b2be244d29116b33c13001aff7f8dc472eb24d5914484bf1c522a8a,cem,1,2,0.496000,8,63400008,seeded_ic_v1,m2_routing_stability_eta0p496_v1,m2route_thrust_to_torque_ratio_plus10_cem_eta0p496_seed63400008
9,thrust_to_torque_ratio_plus10,thrust_to_torque_ratio,1.10,1f9b17fb7b2be244d29116b33c13001aff7f8dc472eb24d5914484bf1c522a8a,pinv,2,2,0.496000,8,63400008,seeded_ic_v1,m2_routing_stability_eta0p496_v1,m2route_thrust_to_torque_ratio_plus10_pinv_eta0p496_seed63400008
9,thrust_to_torque_ratio_plus10,thrust_to_torque_ratio,1.10,1f9b17fb7b2be244d29116b33c13001aff7f8dc472eb24d5914484bf1c522a8a,pinv,1,2,0.496000,9,63400009,seeded_ic_v1,m2_routing_stability_eta0p496_v1,m2route_thrust_to_torque_ratio_plus10_pinv_eta0p496_seed63400009
9,thrust_to_torque_ratio_plus10,thrust_to_torque_ratio,1.10,1f9b17fb7b2be244d29116b33c13001aff7f8dc472eb24d5914484bf1c522a8a,cem,2,2,0.496000,9,63400009,seeded_ic_v1,m2_routing_stability_eta0p496_v1,m2route_thrust_to_torque_ratio_plus10_cem_eta0p496_seed63400009
9,thrust_to_torque_ratio_plus10,thrust_to_torque_ratio,1.10,1f9b17fb7b2be244d29116b33c13001aff7f8dc472eb24d5914484bf1c522a8a,cem,1,2,0.496000,10,63400010,seeded_ic_v1,m2_routing_stability_eta0p496_v1,m2route_thrust_to_torque_ratio_plus10_cem_eta0p496_seed63400010
9,thrust_to_torque_ratio_plus10,thrust_to_torque_ratio,1.10,1f9b17fb7b2be244d29116b33c13001aff7f8dc472eb24d5914484bf1c522a8a,pinv,2,2,0.496000,10,63400010,seeded_ic_v1,m2_routing_stability_eta0p496_v1,m2route_thrust_to_torque_ratio_plus10_pinv_eta0p496_seed63400010
9,thrust_to_torque_ratio_plus10,thrust_to_torque_ratio,1.10,1f9b17fb7b2be244d29116b33c13001aff7f8dc472eb24d5914484bf1c522a8a,pinv,1,2,0.496000,11,63400011,seeded_ic_v1,m2_routing_stability_eta0p496_v1,m2route_thrust_to_torque_ratio_plus10_pinv_eta0p496_seed63400011
9,thrust_to_torque_ratio_plus10,thrust_to_torque_ratio,1.10,1f9b17fb7b2be244d29116b33c13001aff7f8dc472eb24d5914484bf1c522a8a,cem,2,2,0.496000,11,63400011,seeded_ic_v1,m2_routing_stability_eta0p496_v1,m2route_thrust_to_torque_ratio_plus10_cem_eta0p496_seed63400011
9,thrust_to_torque_ratio_plus10,thrust_to_torque_ratio,1.10,1f9b17fb7b2be244d29116b33c13001aff7f8dc472eb24d5914484bf1c522a8a,cem,1,2,0.496000,12,63400012,seeded_ic_v1,m2_routing_stability_eta0p496_v1,m2route_thrust_to_torque_ratio_plus10_cem_eta0p496_seed63400012
9,thrust_to_torque_ratio_plus10,thrust_to_torque_ratio,1.10,1f9b17fb7b2be244d29116b33c13001aff7f8dc472eb24d5914484bf1c522a8a,pinv,2,2,0.496000,12,63400012,seeded_ic_v1,m2_routing_stability_eta0p496_v1,m2route_thrust_to_torque_ratio_plus10_pinv_eta0p496_seed63400012
9,thrust_to_torque_ratio_plus10,thrust_to_torque_ratio,1.10,1f9b17fb7b2be244d29116b33c13001aff7f8dc472eb24d5914484bf1c522a8a,pinv,1,2,0.496000,13,63400013,seeded_ic_v1,m2_routing_stability_eta0p496_v1,m2route_thrust_to_torque_ratio_plus10_pinv_eta0p496_seed63400013
9,thrust_to_torque_ratio_plus10,thrust_to_torque_ratio,1.10,1f9b17fb7b2be244d29116b33c13001aff7f8dc472eb24d5914484bf1c522a8a,cem,2,2,0.496000,13,63400013,seeded_ic_v1,m2_routing_stability_eta0p496_v1,m2route_thrust_to_torque_ratio_plus10_cem_eta0p496_seed63400013
9,thrust_to_torque_ratio_plus10,thrust_to_torque_ratio,1.10,1f9b17fb7b2be244d29116b33c13001aff7f8dc472eb24d5914484bf1c522a8a,cem,1,2,0.496000,14,63400014,seeded_ic_v1,m2_routing_stability_eta0p496_v1,m2route_thrust_to_torque_ratio_plus10_cem_eta0p496_seed63400014
9,thrust_to_torque_ratio_plus10,thrust_to_torque_ratio,1.10,1f9b17fb7b2be244d29116b33c13001aff7f8dc472eb24d5914484bf1c522a8a,pinv,2,2,0.496000,14,63400014,seeded_ic_v1,m2_routing_stability_eta0p496_v1,m2route_thrust_to_torque_ratio_plus10_pinv_eta0p496_seed63400014
9,thrust_to_torque_ratio_plus10,thrust_to_torque_ratio,1.10,1f9b17fb7b2be244d29116b33c13001aff7f8dc472eb24d5914484bf1c522a8a,pinv,1,2,0.496000,15,63400015,seeded_ic_v1,m2_routing_stability_eta0p496_v1,m2route_thrust_to_torque_ratio_plus10_pinv_eta0p496_seed63400015
9,thrust_to_torque_ratio_plus10,thrust_to_torque_ratio,1.10,1f9b17fb7b2be244d29116b33c13001aff7f8dc472eb24d5914484bf1c522a8a,cem,2,2,0.496000,15,63400015,seeded_ic_v1,m2_routing_stability_eta0p496_v1,m2route_thrust_to_torque_ratio_plus10_cem_eta0p496_seed63400015
9,thrust_to_torque_ratio_plus10,thrust_to_torque_ratio,1.10,1f9b17fb7b2be244d29116b33c13001aff7f8dc472eb24d5914484bf1c522a8a,cem,1,2,0.496000,16,63400016,seeded_ic_v1,m2_routing_stability_eta0p496_v1,m2route_thrust_to_torque_ratio_plus10_cem_eta0p496_seed63400016
9,thrust_to_torque_ratio_plus10,thrust_to_torque_ratio,1.10,1f9b17fb7b2be244d29116b33c13001aff7f8dc472eb24d5914484bf1c522a8a,pinv,2,2,0.496000,16,63400016,seeded_ic_v1,m2_routing_stability_eta0p496_v1,m2route_thrust_to_torque_ratio_plus10_pinv_eta0p496_seed63400016
9,thrust_to_torque_ratio_plus10,thrust_to_torque_ratio,1.10,1f9b17fb7b2be244d29116b33c13001aff7f8dc472eb24d5914484bf1c522a8a,pinv,1,2,0.496000,17,63400017,seeded_ic_v1,m2_routing_stability_eta0p496_v1,m2route_thrust_to_torque_ratio_plus10_pinv_eta0p496_seed63400017
9,thrust_to_torque_ratio_plus10,thrust_to_torque_ratio,1.10,1f9b17fb7b2be244d29116b33c13001aff7f8dc472eb24d5914484bf1c522a8a,cem,2,2,0.496000,17,63400017,seeded_ic_v1,m2_routing_stability_eta0p496_v1,m2route_thrust_to_torque_ratio_plus10_cem_eta0p496_seed63400017
9,thrust_to_torque_ratio_plus10,thrust_to_torque_ratio,1.10,1f9b17fb7b2be244d29116b33c13001aff7f8dc472eb24d5914484bf1c522a8a,cem,1,2,0.496000,18,63400018,seeded_ic_v1,m2_routing_stability_eta0p496_v1,m2route_thrust_to_torque_ratio_plus10_cem_eta0p496_seed63400018
9,thrust_to_torque_ratio_plus10,thrust_to_torque_ratio,1.10,1f9b17fb7b2be244d29116b33c13001aff7f8dc472eb24d5914484bf1c522a8a,pinv,2,2,0.496000,18,63400018,seeded_ic_v1,m2_routing_stability_eta0p496_v1,m2route_thrust_to_torque_ratio_plus10_pinv_eta0p496_seed63400018
9,thrust_to_torque_ratio_plus10,thrust_to_torque_ratio,1.10,1f9b17fb7b2be244d29116b33c13001aff7f8dc472eb24d5914484bf1c522a8a,pinv,1,2,0.496000,19,63400019,seeded_ic_v1,m2_routing_stability_eta0p496_v1,m2route_thrust_to_torque_ratio_plus10_pinv_eta0p496_seed63400019
9,thrust_to_torque_ratio_plus10,thrust_to_torque_ratio,1.10,1f9b17fb7b2be244d29116b33c13001aff7f8dc472eb24d5914484bf1c522a8a,cem,2,2,0.496000,19,63400019,seeded_ic_v1,m2_routing_stability_eta0p496_v1,m2route_thrust_to_torque_ratio_plus10_cem_eta0p496_seed63400019
9,thrust_to_torque_ratio_plus10,thrust_to_torque_ratio,1.10,1f9b17fb7b2be244d29116b33c13001aff7f8dc472eb24d5914484bf1c522a8a,cem,1,2,0.496000,20,63400020,seeded_ic_v1,m2_routing_stability_eta0p496_v1,m2route_thrust_to_torque_ratio_plus10_cem_eta0p496_seed63400020
9,thrust_to_torque_ratio_plus10,thrust_to_torque_ratio,1.10,1f9b17fb7b2be244d29116b33c13001aff7f8dc472eb24d5914484bf1c522a8a,pinv,2,2,0.496000,20,63400020,seeded_ic_v1,m2_routing_stability_eta0p496_v1,m2route_thrust_to_torque_ratio_plus10_pinv_eta0p496_seed63400020
9,thrust_to_torque_ratio_plus10,thrust_to_torque_ratio,1.10,1f9b17fb7b2be244d29116b33c13001aff7f8dc472eb24d5914484bf1c522a8a,pinv,1,2,0.496000,21,63400021,seeded_ic_v1,m2_routing_stability_eta0p496_v1,m2route_thrust_to_torque_ratio_plus10_pinv_eta0p496_seed63400021
9,thrust_to_torque_ratio_plus10,thrust_to_torque_ratio,1.10,1f9b17fb7b2be244d29116b33c13001aff7f8dc472eb24d5914484bf1c522a8a,cem,2,2,0.496000,21,63400021,seeded_ic_v1,m2_routing_stability_eta0p496_v1,m2route_thrust_to_torque_ratio_plus10_cem_eta0p496_seed63400021
9,thrust_to_torque_ratio_plus10,thrust_to_torque_ratio,1.10,1f9b17fb7b2be244d29116b33c13001aff7f8dc472eb24d5914484bf1c522a8a,cem,1,2,0.496000,22,63400022,seeded_ic_v1,m2_routing_stability_eta0p496_v1,m2route_thrust_to_torque_ratio_plus10_cem_eta0p496_seed63400022
9,thrust_to_torque_ratio_plus10,thrust_to_torque_ratio,1.10,1f9b17fb7b2be244d29116b33c13001aff7f8dc472eb24d5914484bf1c522a8a,pinv,2,2,0.496000,22,63400022,seeded_ic_v1,m2_routing_stability_eta0p496_v1,m2route_thrust_to_torque_ratio_plus10_pinv_eta0p496_seed63400022
9,thrust_to_torque_ratio_plus10,thrust_to_torque_ratio,1.10,1f9b17fb7b2be244d29116b33c13001aff7f8dc472eb24d5914484bf1c522a8a,pinv,1,2,0.496000,23,63400023,seeded_ic_v1,m2_routing_stability_eta0p496_v1,m2route_thrust_to_torque_ratio_plus10_pinv_eta0p496_seed63400023
9,thrust_to_torque_ratio_plus10,thrust_to_torque_ratio,1.10,1f9b17fb7b2be244d29116b33c13001aff7f8dc472eb24d5914484bf1c522a8a,cem,2,2,0.496000,23,63400023,seeded_ic_v1,m2_routing_stability_eta0p496_v1,m2route_thrust_to_torque_ratio_plus10_cem_eta0p496_seed63400023
9,thrust_to_torque_ratio_plus10,thrust_to_torque_ratio,1.10,1f9b17fb7b2be244d29116b33c13001aff7f8dc472eb24d5914484bf1c522a8a,cem,1,2,0.496000,24,63400024,seeded_ic_v1,m2_routing_stability_eta0p496_v1,m2route_thrust_to_torque_ratio_plus10_cem_eta0p496_seed63400024
9,thrust_to_torque_ratio_plus10,thrust_to_torque_ratio,1.10,1f9b17fb7b2be244d29116b33c13001aff7f8dc472eb24d5914484bf1c522a8a,pinv,2,2,0.496000,24,63400024,seeded_ic_v1,m2_routing_stability_eta0p496_v1,m2route_thrust_to_torque_ratio_plus10_pinv_eta0p496_seed63400024
9,thrust_to_torque_ratio_plus10,thrust_to_torque_ratio,1.10,1f9b17fb7b2be244d29116b33c13001aff7f8dc472eb24d5914484bf1c522a8a,pinv,1,2,0.496000,25,63400025,seeded_ic_v1,m2_routing_stability_eta0p496_v1,m2route_thrust_to_torque_ratio_plus10_pinv_eta0p496_seed63400025
9,thrust_to_torque_ratio_plus10,thrust_to_torque_ratio,1.10,1f9b17fb7b2be244d29116b33c13001aff7f8dc472eb24d5914484bf1c522a8a,cem,2,2,0.496000,25,63400025,seeded_ic_v1,m2_routing_stability_eta0p496_v1,m2route_thrust_to_torque_ratio_plus10_cem_eta0p496_seed63400025
9,thrust_to_torque_ratio_plus10,thrust_to_torque_ratio,1.10,1f9b17fb7b2be244d29116b33c13001aff7f8dc472eb24d5914484bf1c522a8a,cem,1,2,0.496000,26,63400026,seeded_ic_v1,m2_routing_stability_eta0p496_v1,m2route_thrust_to_torque_ratio_plus10_cem_eta0p496_seed63400026
9,thrust_to_torque_ratio_plus10,thrust_to_torque_ratio,1.10,1f9b17fb7b2be244d29116b33c13001aff7f8dc472eb24d5914484bf1c522a8a,pinv,2,2,0.496000,26,63400026,seeded_ic_v1,m2_routing_stability_eta0p496_v1,m2route_thrust_to_torque_ratio_plus10_pinv_eta0p496_seed63400026
9,thrust_to_torque_ratio_plus10,thrust_to_torque_ratio,1.10,1f9b17fb7b2be244d29116b33c13001aff7f8dc472eb24d5914484bf1c522a8a,pinv,1,2,0.496000,27,63400027,seeded_ic_v1,m2_routing_stability_eta0p496_v1,m2route_thrust_to_torque_ratio_plus10_pinv_eta0p496_seed63400027
9,thrust_to_torque_ratio_plus10,thrust_to_torque_ratio,1.10,1f9b17fb7b2be244d29116b33c13001aff7f8dc472eb24d5914484bf1c522a8a,cem,2,2,0.496000,27,63400027,seeded_ic_v1,m2_routing_stability_eta0p496_v1,m2route_thrust_to_torque_ratio_plus10_cem_eta0p496_seed63400027
9,thrust_to_torque_ratio_plus10,thrust_to_torque_ratio,1.10,1f9b17fb7b2be244d29116b33c13001aff7f8dc472eb24d5914484bf1c522a8a,cem,1,2,0.496000,28,63400028,seeded_ic_v1,m2_routing_stability_eta0p496_v1,m2route_thrust_to_torque_ratio_plus10_cem_eta0p496_seed63400028
9,thrust_to_torque_ratio_plus10,thrust_to_torque_ratio,1.10,1f9b17fb7b2be244d29116b33c13001aff7f8dc472eb24d5914484bf1c522a8a,pinv,2,2,0.496000,28,63400028,seeded_ic_v1,m2_routing_stability_eta0p496_v1,m2route_thrust_to_torque_ratio_plus10_pinv_eta0p496_seed63400028
9,thrust_to_torque_ratio_plus10,thrust_to_torque_ratio,1.10,1f9b17fb7b2be244d29116b33c13001aff7f8dc472eb24d5914484bf1c522a8a,pinv,1,2,0.496000,29,63400029,seeded_ic_v1,m2_routing_stability_eta0p496_v1,m2route_thrust_to_torque_ratio_plus10_pinv_eta0p496_seed63400029
9,thrust_to_torque_ratio_plus10,thrust_to_torque_ratio,1.10,1f9b17fb7b2be244d29116b33c13001aff7f8dc472eb24d5914484bf1c522a8a,cem,2,2,0.496000,29,63400029,seeded_ic_v1,m2_routing_stability_eta0p496_v1,m2route_thrust_to_torque_ratio_plus10_cem_eta0p496_seed63400029
9,thrust_to_torque_ratio_plus10,thrust_to_torque_ratio,1.10,1f9b17fb7b2be244d29116b33c13001aff7f8dc472eb24d5914484bf1c522a8a,cem,1,2,0.496000,30,63400030,seeded_ic_v1,m2_routing_stability_eta0p496_v1,m2route_thrust_to_torque_ratio_plus10_cem_eta0p496_seed63400030
9,thrust_to_torque_ratio_plus10,thrust_to_torque_ratio,1.10,1f9b17fb7b2be244d29116b33c13001aff7f8dc472eb24d5914484bf1c522a8a,pinv,2,2,0.496000,30,63400030,seeded_ic_v1,m2_routing_stability_eta0p496_v1,m2route_thrust_to_torque_ratio_plus10_pinv_eta0p496_seed63400030
10,arm_length_minus10,arm_length,0.90,48642b53e45c6e13081a9c5132e64519e1c1c67e8eeb29cb9c2610889cb13399,pinv,1,2,0.496000,1,63400001,seeded_ic_v1,m2_routing_stability_eta0p496_v1,m2route_arm_length_minus10_pinv_eta0p496_seed63400001
10,arm_length_minus10,arm_length,0.90,48642b53e45c6e13081a9c5132e64519e1c1c67e8eeb29cb9c2610889cb13399,cem,2,2,0.496000,1,63400001,seeded_ic_v1,m2_routing_stability_eta0p496_v1,m2route_arm_length_minus10_cem_eta0p496_seed63400001
10,arm_length_minus10,arm_length,0.90,48642b53e45c6e13081a9c5132e64519e1c1c67e8eeb29cb9c2610889cb13399,cem,1,2,0.496000,2,63400002,seeded_ic_v1,m2_routing_stability_eta0p496_v1,m2route_arm_length_minus10_cem_eta0p496_seed63400002
10,arm_length_minus10,arm_length,0.90,48642b53e45c6e13081a9c5132e64519e1c1c67e8eeb29cb9c2610889cb13399,pinv,2,2,0.496000,2,63400002,seeded_ic_v1,m2_routing_stability_eta0p496_v1,m2route_arm_length_minus10_pinv_eta0p496_seed63400002
10,arm_length_minus10,arm_length,0.90,48642b53e45c6e13081a9c5132e64519e1c1c67e8eeb29cb9c2610889cb13399,pinv,1,2,0.496000,3,63400003,seeded_ic_v1,m2_routing_stability_eta0p496_v1,m2route_arm_length_minus10_pinv_eta0p496_seed63400003
10,arm_length_minus10,arm_length,0.90,48642b53e45c6e13081a9c5132e64519e1c1c67e8eeb29cb9c2610889cb13399,cem,2,2,0.496000,3,63400003,seeded_ic_v1,m2_routing_stability_eta0p496_v1,m2route_arm_length_minus10_cem_eta0p496_seed63400003
10,arm_length_minus10,arm_length,0.90,48642b53e45c6e13081a9c5132e64519e1c1c67e8eeb29cb9c2610889cb13399,cem,1,2,0.496000,4,63400004,seeded_ic_v1,m2_routing_stability_eta0p496_v1,m2route_arm_length_minus10_cem_eta0p496_seed63400004
10,arm_length_minus10,arm_length,0.90,48642b53e45c6e13081a9c5132e64519e1c1c67e8eeb29cb9c2610889cb13399,pinv,2,2,0.496000,4,63400004,seeded_ic_v1,m2_routing_stability_eta0p496_v1,m2route_arm_length_minus10_pinv_eta0p496_seed63400004
10,arm_length_minus10,arm_length,0.90,48642b53e45c6e13081a9c5132e64519e1c1c67e8eeb29cb9c2610889cb13399,pinv,1,2,0.496000,5,63400005,seeded_ic_v1,m2_routing_stability_eta0p496_v1,m2route_arm_length_minus10_pinv_eta0p496_seed63400005
10,arm_length_minus10,arm_length,0.90,48642b53e45c6e13081a9c5132e64519e1c1c67e8eeb29cb9c2610889cb13399,cem,2,2,0.496000,5,63400005,seeded_ic_v1,m2_routing_stability_eta0p496_v1,m2route_arm_length_minus10_cem_eta0p496_seed63400005
10,arm_length_minus10,arm_length,0.90,48642b53e45c6e13081a9c5132e64519e1c1c67e8eeb29cb9c2610889cb13399,cem,1,2,0.496000,6,63400006,seeded_ic_v1,m2_routing_stability_eta0p496_v1,m2route_arm_length_minus10_cem_eta0p496_seed63400006
10,arm_length_minus10,arm_length,0.90,48642b53e45c6e13081a9c5132e64519e1c1c67e8eeb29cb9c2610889cb13399,pinv,2,2,0.496000,6,63400006,seeded_ic_v1,m2_routing_stability_eta0p496_v1,m2route_arm_length_minus10_pinv_eta0p496_seed63400006
10,arm_length_minus10,arm_length,0.90,48642b53e45c6e13081a9c5132e64519e1c1c67e8eeb29cb9c2610889cb13399,pinv,1,2,0.496000,7,63400007,seeded_ic_v1,m2_routing_stability_eta0p496_v1,m2route_arm_length_minus10_pinv_eta0p496_seed63400007
10,arm_length_minus10,arm_length,0.90,48642b53e45c6e13081a9c5132e64519e1c1c67e8eeb29cb9c2610889cb13399,cem,2,2,0.496000,7,63400007,seeded_ic_v1,m2_routing_stability_eta0p496_v1,m2route_arm_length_minus10_cem_eta0p496_seed63400007
10,arm_length_minus10,arm_length,0.90,48642b53e45c6e13081a9c5132e64519e1c1c67e8eeb29cb9c2610889cb13399,cem,1,2,0.496000,8,63400008,seeded_ic_v1,m2_routing_stability_eta0p496_v1,m2route_arm_length_minus10_cem_eta0p496_seed63400008
10,arm_length_minus10,arm_length,0.90,48642b53e45c6e13081a9c5132e64519e1c1c67e8eeb29cb9c2610889cb13399,pinv,2,2,0.496000,8,63400008,seeded_ic_v1,m2_routing_stability_eta0p496_v1,m2route_arm_length_minus10_pinv_eta0p496_seed63400008
10,arm_length_minus10,arm_length,0.90,48642b53e45c6e13081a9c5132e64519e1c1c67e8eeb29cb9c2610889cb13399,pinv,1,2,0.496000,9,63400009,seeded_ic_v1,m2_routing_stability_eta0p496_v1,m2route_arm_length_minus10_pinv_eta0p496_seed63400009
10,arm_length_minus10,arm_length,0.90,48642b53e45c6e13081a9c5132e64519e1c1c67e8eeb29cb9c2610889cb13399,cem,2,2,0.496000,9,63400009,seeded_ic_v1,m2_routing_stability_eta0p496_v1,m2route_arm_length_minus10_cem_eta0p496_seed63400009
10,arm_length_minus10,arm_length,0.90,48642b53e45c6e13081a9c5132e64519e1c1c67e8eeb29cb9c2610889cb13399,cem,1,2,0.496000,10,63400010,seeded_ic_v1,m2_routing_stability_eta0p496_v1,m2route_arm_length_minus10_cem_eta0p496_seed63400010
10,arm_length_minus10,arm_length,0.90,48642b53e45c6e13081a9c5132e64519e1c1c67e8eeb29cb9c2610889cb13399,pinv,2,2,0.496000,10,63400010,seeded_ic_v1,m2_routing_stability_eta0p496_v1,m2route_arm_length_minus10_pinv_eta0p496_seed63400010
10,arm_length_minus10,arm_length,0.90,48642b53e45c6e13081a9c5132e64519e1c1c67e8eeb29cb9c2610889cb13399,pinv,1,2,0.496000,11,63400011,seeded_ic_v1,m2_routing_stability_eta0p496_v1,m2route_arm_length_minus10_pinv_eta0p496_seed63400011
10,arm_length_minus10,arm_length,0.90,48642b53e45c6e13081a9c5132e64519e1c1c67e8eeb29cb9c2610889cb13399,cem,2,2,0.496000,11,63400011,seeded_ic_v1,m2_routing_stability_eta0p496_v1,m2route_arm_length_minus10_cem_eta0p496_seed63400011
10,arm_length_minus10,arm_length,0.90,48642b53e45c6e13081a9c5132e64519e1c1c67e8eeb29cb9c2610889cb13399,cem,1,2,0.496000,12,63400012,seeded_ic_v1,m2_routing_stability_eta0p496_v1,m2route_arm_length_minus10_cem_eta0p496_seed63400012
10,arm_length_minus10,arm_length,0.90,48642b53e45c6e13081a9c5132e64519e1c1c67e8eeb29cb9c2610889cb13399,pinv,2,2,0.496000,12,63400012,seeded_ic_v1,m2_routing_stability_eta0p496_v1,m2route_arm_length_minus10_pinv_eta0p496_seed63400012
10,arm_length_minus10,arm_length,0.90,48642b53e45c6e13081a9c5132e64519e1c1c67e8eeb29cb9c2610889cb13399,pinv,1,2,0.496000,13,63400013,seeded_ic_v1,m2_routing_stability_eta0p496_v1,m2route_arm_length_minus10_pinv_eta0p496_seed63400013
10,arm_length_minus10,arm_length,0.90,48642b53e45c6e13081a9c5132e64519e1c1c67e8eeb29cb9c2610889cb13399,cem,2,2,0.496000,13,63400013,seeded_ic_v1,m2_routing_stability_eta0p496_v1,m2route_arm_length_minus10_cem_eta0p496_seed63400013
10,arm_length_minus10,arm_length,0.90,48642b53e45c6e13081a9c5132e64519e1c1c67e8eeb29cb9c2610889cb13399,cem,1,2,0.496000,14,63400014,seeded_ic_v1,m2_routing_stability_eta0p496_v1,m2route_arm_length_minus10_cem_eta0p496_seed63400014
10,arm_length_minus10,arm_length,0.90,48642b53e45c6e13081a9c5132e64519e1c1c67e8eeb29cb9c2610889cb13399,pinv,2,2,0.496000,14,63400014,seeded_ic_v1,m2_routing_stability_eta0p496_v1,m2route_arm_length_minus10_pinv_eta0p496_seed63400014
10,arm_length_minus10,arm_length,0.90,48642b53e45c6e13081a9c5132e64519e1c1c67e8eeb29cb9c2610889cb13399,pinv,1,2,0.496000,15,63400015,seeded_ic_v1,m2_routing_stability_eta0p496_v1,m2route_arm_length_minus10_pinv_eta0p496_seed63400015
10,arm_length_minus10,arm_length,0.90,48642b53e45c6e13081a9c5132e64519e1c1c67e8eeb29cb9c2610889cb13399,cem,2,2,0.496000,15,63400015,seeded_ic_v1,m2_routing_stability_eta0p496_v1,m2route_arm_length_minus10_cem_eta0p496_seed63400015
10,arm_length_minus10,arm_length,0.90,48642b53e45c6e13081a9c5132e64519e1c1c67e8eeb29cb9c2610889cb13399,cem,1,2,0.496000,16,63400016,seeded_ic_v1,m2_routing_stability_eta0p496_v1,m2route_arm_length_minus10_cem_eta0p496_seed63400016
10,arm_length_minus10,arm_length,0.90,48642b53e45c6e13081a9c5132e64519e1c1c67e8eeb29cb9c2610889cb13399,pinv,2,2,0.496000,16,63400016,seeded_ic_v1,m2_routing_stability_eta0p496_v1,m2route_arm_length_minus10_pinv_eta0p496_seed63400016
10,arm_length_minus10,arm_length,0.90,48642b53e45c6e13081a9c5132e64519e1c1c67e8eeb29cb9c2610889cb13399,pinv,1,2,0.496000,17,63400017,seeded_ic_v1,m2_routing_stability_eta0p496_v1,m2route_arm_length_minus10_pinv_eta0p496_seed63400017
10,arm_length_minus10,arm_length,0.90,48642b53e45c6e13081a9c5132e64519e1c1c67e8eeb29cb9c2610889cb13399,cem,2,2,0.496000,17,63400017,seeded_ic_v1,m2_routing_stability_eta0p496_v1,m2route_arm_length_minus10_cem_eta0p496_seed63400017
10,arm_length_minus10,arm_length,0.90,48642b53e45c6e13081a9c5132e64519e1c1c67e8eeb29cb9c2610889cb13399,cem,1,2,0.496000,18,63400018,seeded_ic_v1,m2_routing_stability_eta0p496_v1,m2route_arm_length_minus10_cem_eta0p496_seed63400018
10,arm_length_minus10,arm_length,0.90,48642b53e45c6e13081a9c5132e64519e1c1c67e8eeb29cb9c2610889cb13399,pinv,2,2,0.496000,18,63400018,seeded_ic_v1,m2_routing_stability_eta0p496_v1,m2route_arm_length_minus10_pinv_eta0p496_seed63400018
10,arm_length_minus10,arm_length,0.90,48642b53e45c6e13081a9c5132e64519e1c1c67e8eeb29cb9c2610889cb13399,pinv,1,2,0.496000,19,63400019,seeded_ic_v1,m2_routing_stability_eta0p496_v1,m2route_arm_length_minus10_pinv_eta0p496_seed63400019
10,arm_length_minus10,arm_length,0.90,48642b53e45c6e13081a9c5132e64519e1c1c67e8eeb29cb9c2610889cb13399,cem,2,2,0.496000,19,63400019,seeded_ic_v1,m2_routing_stability_eta0p496_v1,m2route_arm_length_minus10_cem_eta0p496_seed63400019
10,arm_length_minus10,arm_length,0.90,48642b53e45c6e13081a9c5132e64519e1c1c67e8eeb29cb9c2610889cb13399,cem,1,2,0.496000,20,63400020,seeded_ic_v1,m2_routing_stability_eta0p496_v1,m2route_arm_length_minus10_cem_eta0p496_seed63400020
10,arm_length_minus10,arm_length,0.90,48642b53e45c6e13081a9c5132e64519e1c1c67e8eeb29cb9c2610889cb13399,pinv,2,2,0.496000,20,63400020,seeded_ic_v1,m2_routing_stability_eta0p496_v1,m2route_arm_length_minus10_pinv_eta0p496_seed63400020
10,arm_length_minus10,arm_length,0.90,48642b53e45c6e13081a9c5132e64519e1c1c67e8eeb29cb9c2610889cb13399,pinv,1,2,0.496000,21,63400021,seeded_ic_v1,m2_routing_stability_eta0p496_v1,m2route_arm_length_minus10_pinv_eta0p496_seed63400021
10,arm_length_minus10,arm_length,0.90,48642b53e45c6e13081a9c5132e64519e1c1c67e8eeb29cb9c2610889cb13399,cem,2,2,0.496000,21,63400021,seeded_ic_v1,m2_routing_stability_eta0p496_v1,m2route_arm_length_minus10_cem_eta0p496_seed63400021
10,arm_length_minus10,arm_length,0.90,48642b53e45c6e13081a9c5132e64519e1c1c67e8eeb29cb9c2610889cb13399,cem,1,2,0.496000,22,63400022,seeded_ic_v1,m2_routing_stability_eta0p496_v1,m2route_arm_length_minus10_cem_eta0p496_seed63400022
10,arm_length_minus10,arm_length,0.90,48642b53e45c6e13081a9c5132e64519e1c1c67e8eeb29cb9c2610889cb13399,pinv,2,2,0.496000,22,63400022,seeded_ic_v1,m2_routing_stability_eta0p496_v1,m2route_arm_length_minus10_pinv_eta0p496_seed63400022
10,arm_length_minus10,arm_length,0.90,48642b53e45c6e13081a9c5132e64519e1c1c67e8eeb29cb9c2610889cb13399,pinv,1,2,0.496000,23,63400023,seeded_ic_v1,m2_routing_stability_eta0p496_v1,m2route_arm_length_minus10_pinv_eta0p496_seed63400023
10,arm_length_minus10,arm_length,0.90,48642b53e45c6e13081a9c5132e64519e1c1c67e8eeb29cb9c2610889cb13399,cem,2,2,0.496000,23,63400023,seeded_ic_v1,m2_routing_stability_eta0p496_v1,m2route_arm_length_minus10_cem_eta0p496_seed63400023
10,arm_length_minus10,arm_length,0.90,48642b53e45c6e13081a9c5132e64519e1c1c67e8eeb29cb9c2610889cb13399,cem,1,2,0.496000,24,63400024,seeded_ic_v1,m2_routing_stability_eta0p496_v1,m2route_arm_length_minus10_cem_eta0p496_seed63400024
10,arm_length_minus10,arm_length,0.90,48642b53e45c6e13081a9c5132e64519e1c1c67e8eeb29cb9c2610889cb13399,pinv,2,2,0.496000,24,63400024,seeded_ic_v1,m2_routing_stability_eta0p496_v1,m2route_arm_length_minus10_pinv_eta0p496_seed63400024
10,arm_length_minus10,arm_length,0.90,48642b53e45c6e13081a9c5132e64519e1c1c67e8eeb29cb9c2610889cb13399,pinv,1,2,0.496000,25,63400025,seeded_ic_v1,m2_routing_stability_eta0p496_v1,m2route_arm_length_minus10_pinv_eta0p496_seed63400025
10,arm_length_minus10,arm_length,0.90,48642b53e45c6e13081a9c5132e64519e1c1c67e8eeb29cb9c2610889cb13399,cem,2,2,0.496000,25,63400025,seeded_ic_v1,m2_routing_stability_eta0p496_v1,m2route_arm_length_minus10_cem_eta0p496_seed63400025
10,arm_length_minus10,arm_length,0.90,48642b53e45c6e13081a9c5132e64519e1c1c67e8eeb29cb9c2610889cb13399,cem,1,2,0.496000,26,63400026,seeded_ic_v1,m2_routing_stability_eta0p496_v1,m2route_arm_length_minus10_cem_eta0p496_seed63400026
10,arm_length_minus10,arm_length,0.90,48642b53e45c6e13081a9c5132e64519e1c1c67e8eeb29cb9c2610889cb13399,pinv,2,2,0.496000,26,63400026,seeded_ic_v1,m2_routing_stability_eta0p496_v1,m2route_arm_length_minus10_pinv_eta0p496_seed63400026
10,arm_length_minus10,arm_length,0.90,48642b53e45c6e13081a9c5132e64519e1c1c67e8eeb29cb9c2610889cb13399,pinv,1,2,0.496000,27,63400027,seeded_ic_v1,m2_routing_stability_eta0p496_v1,m2route_arm_length_minus10_pinv_eta0p496_seed63400027
10,arm_length_minus10,arm_length,0.90,48642b53e45c6e13081a9c5132e64519e1c1c67e8eeb29cb9c2610889cb13399,cem,2,2,0.496000,27,63400027,seeded_ic_v1,m2_routing_stability_eta0p496_v1,m2route_arm_length_minus10_cem_eta0p496_seed63400027
10,arm_length_minus10,arm_length,0.90,48642b53e45c6e13081a9c5132e64519e1c1c67e8eeb29cb9c2610889cb13399,cem,1,2,0.496000,28,63400028,seeded_ic_v1,m2_routing_stability_eta0p496_v1,m2route_arm_length_minus10_cem_eta0p496_seed63400028
10,arm_length_minus10,arm_length,0.90,48642b53e45c6e13081a9c5132e64519e1c1c67e8eeb29cb9c2610889cb13399,pinv,2,2,0.496000,28,63400028,seeded_ic_v1,m2_routing_stability_eta0p496_v1,m2route_arm_length_minus10_pinv_eta0p496_seed63400028
10,arm_length_minus10,arm_length,0.90,48642b53e45c6e13081a9c5132e64519e1c1c67e8eeb29cb9c2610889cb13399,pinv,1,2,0.496000,29,63400029,seeded_ic_v1,m2_routing_stability_eta0p496_v1,m2route_arm_length_minus10_pinv_eta0p496_seed63400029
10,arm_length_minus10,arm_length,0.90,48642b53e45c6e13081a9c5132e64519e1c1c67e8eeb29cb9c2610889cb13399,cem,2,2,0.496000,29,63400029,seeded_ic_v1,m2_routing_stability_eta0p496_v1,m2route_arm_length_minus10_cem_eta0p496_seed63400029
10,arm_length_minus10,arm_length,0.90,48642b53e45c6e13081a9c5132e64519e1c1c67e8eeb29cb9c2610889cb13399,cem,1,2,0.496000,30,63400030,seeded_ic_v1,m2_routing_stability_eta0p496_v1,m2route_arm_length_minus10_cem_eta0p496_seed63400030
10,arm_length_minus10,arm_length,0.90,48642b53e45c6e13081a9c5132e64519e1c1c67e8eeb29cb9c2610889cb13399,pinv,2,2,0.496000,30,63400030,seeded_ic_v1,m2_routing_stability_eta0p496_v1,m2route_arm_length_minus10_pinv_eta0p496_seed63400030
11,arm_length_plus10,arm_length,1.10,c9ae3a49db8313ec0a0d1f7c3c40d7badb945c5ec6c07e36a1a8a35eb42ba5a8,pinv,1,2,0.496000,1,63400001,seeded_ic_v1,m2_routing_stability_eta0p496_v1,m2route_arm_length_plus10_pinv_eta0p496_seed63400001
11,arm_length_plus10,arm_length,1.10,c9ae3a49db8313ec0a0d1f7c3c40d7badb945c5ec6c07e36a1a8a35eb42ba5a8,cem,2,2,0.496000,1,63400001,seeded_ic_v1,m2_routing_stability_eta0p496_v1,m2route_arm_length_plus10_cem_eta0p496_seed63400001
11,arm_length_plus10,arm_length,1.10,c9ae3a49db8313ec0a0d1f7c3c40d7badb945c5ec6c07e36a1a8a35eb42ba5a8,cem,1,2,0.496000,2,63400002,seeded_ic_v1,m2_routing_stability_eta0p496_v1,m2route_arm_length_plus10_cem_eta0p496_seed63400002
11,arm_length_plus10,arm_length,1.10,c9ae3a49db8313ec0a0d1f7c3c40d7badb945c5ec6c07e36a1a8a35eb42ba5a8,pinv,2,2,0.496000,2,63400002,seeded_ic_v1,m2_routing_stability_eta0p496_v1,m2route_arm_length_plus10_pinv_eta0p496_seed63400002
11,arm_length_plus10,arm_length,1.10,c9ae3a49db8313ec0a0d1f7c3c40d7badb945c5ec6c07e36a1a8a35eb42ba5a8,pinv,1,2,0.496000,3,63400003,seeded_ic_v1,m2_routing_stability_eta0p496_v1,m2route_arm_length_plus10_pinv_eta0p496_seed63400003
11,arm_length_plus10,arm_length,1.10,c9ae3a49db8313ec0a0d1f7c3c40d7badb945c5ec6c07e36a1a8a35eb42ba5a8,cem,2,2,0.496000,3,63400003,seeded_ic_v1,m2_routing_stability_eta0p496_v1,m2route_arm_length_plus10_cem_eta0p496_seed63400003
11,arm_length_plus10,arm_length,1.10,c9ae3a49db8313ec0a0d1f7c3c40d7badb945c5ec6c07e36a1a8a35eb42ba5a8,cem,1,2,0.496000,4,63400004,seeded_ic_v1,m2_routing_stability_eta0p496_v1,m2route_arm_length_plus10_cem_eta0p496_seed63400004
11,arm_length_plus10,arm_length,1.10,c9ae3a49db8313ec0a0d1f7c3c40d7badb945c5ec6c07e36a1a8a35eb42ba5a8,pinv,2,2,0.496000,4,63400004,seeded_ic_v1,m2_routing_stability_eta0p496_v1,m2route_arm_length_plus10_pinv_eta0p496_seed63400004
11,arm_length_plus10,arm_length,1.10,c9ae3a49db8313ec0a0d1f7c3c40d7badb945c5ec6c07e36a1a8a35eb42ba5a8,pinv,1,2,0.496000,5,63400005,seeded_ic_v1,m2_routing_stability_eta0p496_v1,m2route_arm_length_plus10_pinv_eta0p496_seed63400005
11,arm_length_plus10,arm_length,1.10,c9ae3a49db8313ec0a0d1f7c3c40d7badb945c5ec6c07e36a1a8a35eb42ba5a8,cem,2,2,0.496000,5,63400005,seeded_ic_v1,m2_routing_stability_eta0p496_v1,m2route_arm_length_plus10_cem_eta0p496_seed63400005
11,arm_length_plus10,arm_length,1.10,c9ae3a49db8313ec0a0d1f7c3c40d7badb945c5ec6c07e36a1a8a35eb42ba5a8,cem,1,2,0.496000,6,63400006,seeded_ic_v1,m2_routing_stability_eta0p496_v1,m2route_arm_length_plus10_cem_eta0p496_seed63400006
11,arm_length_plus10,arm_length,1.10,c9ae3a49db8313ec0a0d1f7c3c40d7badb945c5ec6c07e36a1a8a35eb42ba5a8,pinv,2,2,0.496000,6,63400006,seeded_ic_v1,m2_routing_stability_eta0p496_v1,m2route_arm_length_plus10_pinv_eta0p496_seed63400006
11,arm_length_plus10,arm_length,1.10,c9ae3a49db8313ec0a0d1f7c3c40d7badb945c5ec6c07e36a1a8a35eb42ba5a8,pinv,1,2,0.496000,7,63400007,seeded_ic_v1,m2_routing_stability_eta0p496_v1,m2route_arm_length_plus10_pinv_eta0p496_seed63400007
11,arm_length_plus10,arm_length,1.10,c9ae3a49db8313ec0a0d1f7c3c40d7badb945c5ec6c07e36a1a8a35eb42ba5a8,cem,2,2,0.496000,7,63400007,seeded_ic_v1,m2_routing_stability_eta0p496_v1,m2route_arm_length_plus10_cem_eta0p496_seed63400007
11,arm_length_plus10,arm_length,1.10,c9ae3a49db8313ec0a0d1f7c3c40d7badb945c5ec6c07e36a1a8a35eb42ba5a8,cem,1,2,0.496000,8,63400008,seeded_ic_v1,m2_routing_stability_eta0p496_v1,m2route_arm_length_plus10_cem_eta0p496_seed63400008
11,arm_length_plus10,arm_length,1.10,c9ae3a49db8313ec0a0d1f7c3c40d7badb945c5ec6c07e36a1a8a35eb42ba5a8,pinv,2,2,0.496000,8,63400008,seeded_ic_v1,m2_routing_stability_eta0p496_v1,m2route_arm_length_plus10_pinv_eta0p496_seed63400008
11,arm_length_plus10,arm_length,1.10,c9ae3a49db8313ec0a0d1f7c3c40d7badb945c5ec6c07e36a1a8a35eb42ba5a8,pinv,1,2,0.496000,9,63400009,seeded_ic_v1,m2_routing_stability_eta0p496_v1,m2route_arm_length_plus10_pinv_eta0p496_seed63400009
11,arm_length_plus10,arm_length,1.10,c9ae3a49db8313ec0a0d1f7c3c40d7badb945c5ec6c07e36a1a8a35eb42ba5a8,cem,2,2,0.496000,9,63400009,seeded_ic_v1,m2_routing_stability_eta0p496_v1,m2route_arm_length_plus10_cem_eta0p496_seed63400009
11,arm_length_plus10,arm_length,1.10,c9ae3a49db8313ec0a0d1f7c3c40d7badb945c5ec6c07e36a1a8a35eb42ba5a8,cem,1,2,0.496000,10,63400010,seeded_ic_v1,m2_routing_stability_eta0p496_v1,m2route_arm_length_plus10_cem_eta0p496_seed63400010
11,arm_length_plus10,arm_length,1.10,c9ae3a49db8313ec0a0d1f7c3c40d7badb945c5ec6c07e36a1a8a35eb42ba5a8,pinv,2,2,0.496000,10,63400010,seeded_ic_v1,m2_routing_stability_eta0p496_v1,m2route_arm_length_plus10_pinv_eta0p496_seed63400010
11,arm_length_plus10,arm_length,1.10,c9ae3a49db8313ec0a0d1f7c3c40d7badb945c5ec6c07e36a1a8a35eb42ba5a8,pinv,1,2,0.496000,11,63400011,seeded_ic_v1,m2_routing_stability_eta0p496_v1,m2route_arm_length_plus10_pinv_eta0p496_seed63400011
11,arm_length_plus10,arm_length,1.10,c9ae3a49db8313ec0a0d1f7c3c40d7badb945c5ec6c07e36a1a8a35eb42ba5a8,cem,2,2,0.496000,11,63400011,seeded_ic_v1,m2_routing_stability_eta0p496_v1,m2route_arm_length_plus10_cem_eta0p496_seed63400011
11,arm_length_plus10,arm_length,1.10,c9ae3a49db8313ec0a0d1f7c3c40d7badb945c5ec6c07e36a1a8a35eb42ba5a8,cem,1,2,0.496000,12,63400012,seeded_ic_v1,m2_routing_stability_eta0p496_v1,m2route_arm_length_plus10_cem_eta0p496_seed63400012
11,arm_length_plus10,arm_length,1.10,c9ae3a49db8313ec0a0d1f7c3c40d7badb945c5ec6c07e36a1a8a35eb42ba5a8,pinv,2,2,0.496000,12,63400012,seeded_ic_v1,m2_routing_stability_eta0p496_v1,m2route_arm_length_plus10_pinv_eta0p496_seed63400012
11,arm_length_plus10,arm_length,1.10,c9ae3a49db8313ec0a0d1f7c3c40d7badb945c5ec6c07e36a1a8a35eb42ba5a8,pinv,1,2,0.496000,13,63400013,seeded_ic_v1,m2_routing_stability_eta0p496_v1,m2route_arm_length_plus10_pinv_eta0p496_seed63400013
11,arm_length_plus10,arm_length,1.10,c9ae3a49db8313ec0a0d1f7c3c40d7badb945c5ec6c07e36a1a8a35eb42ba5a8,cem,2,2,0.496000,13,63400013,seeded_ic_v1,m2_routing_stability_eta0p496_v1,m2route_arm_length_plus10_cem_eta0p496_seed63400013
11,arm_length_plus10,arm_length,1.10,c9ae3a49db8313ec0a0d1f7c3c40d7badb945c5ec6c07e36a1a8a35eb42ba5a8,cem,1,2,0.496000,14,63400014,seeded_ic_v1,m2_routing_stability_eta0p496_v1,m2route_arm_length_plus10_cem_eta0p496_seed63400014
11,arm_length_plus10,arm_length,1.10,c9ae3a49db8313ec0a0d1f7c3c40d7badb945c5ec6c07e36a1a8a35eb42ba5a8,pinv,2,2,0.496000,14,63400014,seeded_ic_v1,m2_routing_stability_eta0p496_v1,m2route_arm_length_plus10_pinv_eta0p496_seed63400014
11,arm_length_plus10,arm_length,1.10,c9ae3a49db8313ec0a0d1f7c3c40d7badb945c5ec6c07e36a1a8a35eb42ba5a8,pinv,1,2,0.496000,15,63400015,seeded_ic_v1,m2_routing_stability_eta0p496_v1,m2route_arm_length_plus10_pinv_eta0p496_seed63400015
11,arm_length_plus10,arm_length,1.10,c9ae3a49db8313ec0a0d1f7c3c40d7badb945c5ec6c07e36a1a8a35eb42ba5a8,cem,2,2,0.496000,15,63400015,seeded_ic_v1,m2_routing_stability_eta0p496_v1,m2route_arm_length_plus10_cem_eta0p496_seed63400015
11,arm_length_plus10,arm_length,1.10,c9ae3a49db8313ec0a0d1f7c3c40d7badb945c5ec6c07e36a1a8a35eb42ba5a8,cem,1,2,0.496000,16,63400016,seeded_ic_v1,m2_routing_stability_eta0p496_v1,m2route_arm_length_plus10_cem_eta0p496_seed63400016
11,arm_length_plus10,arm_length,1.10,c9ae3a49db8313ec0a0d1f7c3c40d7badb945c5ec6c07e36a1a8a35eb42ba5a8,pinv,2,2,0.496000,16,63400016,seeded_ic_v1,m2_routing_stability_eta0p496_v1,m2route_arm_length_plus10_pinv_eta0p496_seed63400016
11,arm_length_plus10,arm_length,1.10,c9ae3a49db8313ec0a0d1f7c3c40d7badb945c5ec6c07e36a1a8a35eb42ba5a8,pinv,1,2,0.496000,17,63400017,seeded_ic_v1,m2_routing_stability_eta0p496_v1,m2route_arm_length_plus10_pinv_eta0p496_seed63400017
11,arm_length_plus10,arm_length,1.10,c9ae3a49db8313ec0a0d1f7c3c40d7badb945c5ec6c07e36a1a8a35eb42ba5a8,cem,2,2,0.496000,17,63400017,seeded_ic_v1,m2_routing_stability_eta0p496_v1,m2route_arm_length_plus10_cem_eta0p496_seed63400017
11,arm_length_plus10,arm_length,1.10,c9ae3a49db8313ec0a0d1f7c3c40d7badb945c5ec6c07e36a1a8a35eb42ba5a8,cem,1,2,0.496000,18,63400018,seeded_ic_v1,m2_routing_stability_eta0p496_v1,m2route_arm_length_plus10_cem_eta0p496_seed63400018
11,arm_length_plus10,arm_length,1.10,c9ae3a49db8313ec0a0d1f7c3c40d7badb945c5ec6c07e36a1a8a35eb42ba5a8,pinv,2,2,0.496000,18,63400018,seeded_ic_v1,m2_routing_stability_eta0p496_v1,m2route_arm_length_plus10_pinv_eta0p496_seed63400018
11,arm_length_plus10,arm_length,1.10,c9ae3a49db8313ec0a0d1f7c3c40d7badb945c5ec6c07e36a1a8a35eb42ba5a8,pinv,1,2,0.496000,19,63400019,seeded_ic_v1,m2_routing_stability_eta0p496_v1,m2route_arm_length_plus10_pinv_eta0p496_seed63400019
11,arm_length_plus10,arm_length,1.10,c9ae3a49db8313ec0a0d1f7c3c40d7badb945c5ec6c07e36a1a8a35eb42ba5a8,cem,2,2,0.496000,19,63400019,seeded_ic_v1,m2_routing_stability_eta0p496_v1,m2route_arm_length_plus10_cem_eta0p496_seed63400019
11,arm_length_plus10,arm_length,1.10,c9ae3a49db8313ec0a0d1f7c3c40d7badb945c5ec6c07e36a1a8a35eb42ba5a8,cem,1,2,0.496000,20,63400020,seeded_ic_v1,m2_routing_stability_eta0p496_v1,m2route_arm_length_plus10_cem_eta0p496_seed63400020
11,arm_length_plus10,arm_length,1.10,c9ae3a49db8313ec0a0d1f7c3c40d7badb945c5ec6c07e36a1a8a35eb42ba5a8,pinv,2,2,0.496000,20,63400020,seeded_ic_v1,m2_routing_stability_eta0p496_v1,m2route_arm_length_plus10_pinv_eta0p496_seed63400020
11,arm_length_plus10,arm_length,1.10,c9ae3a49db8313ec0a0d1f7c3c40d7badb945c5ec6c07e36a1a8a35eb42ba5a8,pinv,1,2,0.496000,21,63400021,seeded_ic_v1,m2_routing_stability_eta0p496_v1,m2route_arm_length_plus10_pinv_eta0p496_seed63400021
11,arm_length_plus10,arm_length,1.10,c9ae3a49db8313ec0a0d1f7c3c40d7badb945c5ec6c07e36a1a8a35eb42ba5a8,cem,2,2,0.496000,21,63400021,seeded_ic_v1,m2_routing_stability_eta0p496_v1,m2route_arm_length_plus10_cem_eta0p496_seed63400021
11,arm_length_plus10,arm_length,1.10,c9ae3a49db8313ec0a0d1f7c3c40d7badb945c5ec6c07e36a1a8a35eb42ba5a8,cem,1,2,0.496000,22,63400022,seeded_ic_v1,m2_routing_stability_eta0p496_v1,m2route_arm_length_plus10_cem_eta0p496_seed63400022
11,arm_length_plus10,arm_length,1.10,c9ae3a49db8313ec0a0d1f7c3c40d7badb945c5ec6c07e36a1a8a35eb42ba5a8,pinv,2,2,0.496000,22,63400022,seeded_ic_v1,m2_routing_stability_eta0p496_v1,m2route_arm_length_plus10_pinv_eta0p496_seed63400022
11,arm_length_plus10,arm_length,1.10,c9ae3a49db8313ec0a0d1f7c3c40d7badb945c5ec6c07e36a1a8a35eb42ba5a8,pinv,1,2,0.496000,23,63400023,seeded_ic_v1,m2_routing_stability_eta0p496_v1,m2route_arm_length_plus10_pinv_eta0p496_seed63400023
11,arm_length_plus10,arm_length,1.10,c9ae3a49db8313ec0a0d1f7c3c40d7badb945c5ec6c07e36a1a8a35eb42ba5a8,cem,2,2,0.496000,23,63400023,seeded_ic_v1,m2_routing_stability_eta0p496_v1,m2route_arm_length_plus10_cem_eta0p496_seed63400023
11,arm_length_plus10,arm_length,1.10,c9ae3a49db8313ec0a0d1f7c3c40d7badb945c5ec6c07e36a1a8a35eb42ba5a8,cem,1,2,0.496000,24,63400024,seeded_ic_v1,m2_routing_stability_eta0p496_v1,m2route_arm_length_plus10_cem_eta0p496_seed63400024
11,arm_length_plus10,arm_length,1.10,c9ae3a49db8313ec0a0d1f7c3c40d7badb945c5ec6c07e36a1a8a35eb42ba5a8,pinv,2,2,0.496000,24,63400024,seeded_ic_v1,m2_routing_stability_eta0p496_v1,m2route_arm_length_plus10_pinv_eta0p496_seed63400024
11,arm_length_plus10,arm_length,1.10,c9ae3a49db8313ec0a0d1f7c3c40d7badb945c5ec6c07e36a1a8a35eb42ba5a8,pinv,1,2,0.496000,25,63400025,seeded_ic_v1,m2_routing_stability_eta0p496_v1,m2route_arm_length_plus10_pinv_eta0p496_seed63400025
11,arm_length_plus10,arm_length,1.10,c9ae3a49db8313ec0a0d1f7c3c40d7badb945c5ec6c07e36a1a8a35eb42ba5a8,cem,2,2,0.496000,25,63400025,seeded_ic_v1,m2_routing_stability_eta0p496_v1,m2route_arm_length_plus10_cem_eta0p496_seed63400025
11,arm_length_plus10,arm_length,1.10,c9ae3a49db8313ec0a0d1f7c3c40d7badb945c5ec6c07e36a1a8a35eb42ba5a8,cem,1,2,0.496000,26,63400026,seeded_ic_v1,m2_routing_stability_eta0p496_v1,m2route_arm_length_plus10_cem_eta0p496_seed63400026
11,arm_length_plus10,arm_length,1.10,c9ae3a49db8313ec0a0d1f7c3c40d7badb945c5ec6c07e36a1a8a35eb42ba5a8,pinv,2,2,0.496000,26,63400026,seeded_ic_v1,m2_routing_stability_eta0p496_v1,m2route_arm_length_plus10_pinv_eta0p496_seed63400026
11,arm_length_plus10,arm_length,1.10,c9ae3a49db8313ec0a0d1f7c3c40d7badb945c5ec6c07e36a1a8a35eb42ba5a8,pinv,1,2,0.496000,27,63400027,seeded_ic_v1,m2_routing_stability_eta0p496_v1,m2route_arm_length_plus10_pinv_eta0p496_seed63400027
11,arm_length_plus10,arm_length,1.10,c9ae3a49db8313ec0a0d1f7c3c40d7badb945c5ec6c07e36a1a8a35eb42ba5a8,cem,2,2,0.496000,27,63400027,seeded_ic_v1,m2_routing_stability_eta0p496_v1,m2route_arm_length_plus10_cem_eta0p496_seed63400027
11,arm_length_plus10,arm_length,1.10,c9ae3a49db8313ec0a0d1f7c3c40d7badb945c5ec6c07e36a1a8a35eb42ba5a8,cem,1,2,0.496000,28,63400028,seeded_ic_v1,m2_routing_stability_eta0p496_v1,m2route_arm_length_plus10_cem_eta0p496_seed63400028
11,arm_length_plus10,arm_length,1.10,c9ae3a49db8313ec0a0d1f7c3c40d7badb945c5ec6c07e36a1a8a35eb42ba5a8,pinv,2,2,0.496000,28,63400028,seeded_ic_v1,m2_routing_stability_eta0p496_v1,m2route_arm_length_plus10_pinv_eta0p496_seed63400028
11,arm_length_plus10,arm_length,1.10,c9ae3a49db8313ec0a0d1f7c3c40d7badb945c5ec6c07e36a1a8a35eb42ba5a8,pinv,1,2,0.496000,29,63400029,seeded_ic_v1,m2_routing_stability_eta0p496_v1,m2route_arm_length_plus10_pinv_eta0p496_seed63400029
11,arm_length_plus10,arm_length,1.10,c9ae3a49db8313ec0a0d1f7c3c40d7badb945c5ec6c07e36a1a8a35eb42ba5a8,cem,2,2,0.496000,29,63400029,seeded_ic_v1,m2_routing_stability_eta0p496_v1,m2route_arm_length_plus10_cem_eta0p496_seed63400029
11,arm_length_plus10,arm_length,1.10,c9ae3a49db8313ec0a0d1f7c3c40d7badb945c5ec6c07e36a1a8a35eb42ba5a8,cem,1,2,0.496000,30,63400030,seeded_ic_v1,m2_routing_stability_eta0p496_v1,m2route_arm_length_plus10_cem_eta0p496_seed63400030
11,arm_length_plus10,arm_length,1.10,c9ae3a49db8313ec0a0d1f7c3c40d7badb945c5ec6c07e36a1a8a35eb42ba5a8,pinv,2,2,0.496000,30,63400030,seeded_ic_v1,m2_routing_stability_eta0p496_v1,m2route_arm_length_plus10_pinv_eta0p496_seed63400030
