condition_id,parameter,factor,plant_sha256,controller,controller_order,motor,eta,rep,trial_seed,protocol_id,experiment_protocol_id,tag,ic_protocol,internal_controller,source_csv,row_count,allocator_config,selected_candidate,r1,r2,r3,r4,fault_z,fault_vz,valid_prefault,contact_found,contact_t,contact_phase,vertical_speed_mps,horizontal_speed_mps,max_tilt_deg,max_angular_rate_radps,max_horizontal_drift_m,vertical_speed_ok,horizontal_speed_ok,tilt_ok,angular_rate_ok,drift_ok,safe_touchdown
nominal,nominal,1.00,849b83459d1c2d9ea365d7e743ed7fe5a00151aa39505ec9f6294777881dfee9,pinv,1,2,0.496000,1,63400001,seeded_ic_v1,m2_routing_stability_eta0p496_v1,m2route_nominal_pinv_eta0p496_seed63400001,seeded_ic_v1,pinv,/home/suhas/crazysim_ws/safe-landing-ftc/results/final/model_sensitivity/ofat/m2_routing_stability_eta0p496/trials/m2route_nominal_pinv_eta0p496_seed63400001.csv,4179,pinv_bounded_wls_w1_1_1_0.2_lambda1e-06,bounded_fault_aware_wls,0,0,0,0,0.7138565182685852,-0.003923902288079262,True,True,15.04393982887268,adaptive_brake,0.3322411775588989,0.007802719734936053,0.11207596957683563,0.3025370526107156,0.02330065624703989,True,True,True,True,True,True
nominal,nominal,1.00,849b83459d1c2d9ea365d7e743ed7fe5a00151aa39505ec9f6294777881dfee9,cem,2,2,0.496000,1,63400001,seeded_ic_v1,m2_routing_stability_eta0p496_v1,m2route_nominal_cem_eta0p496_seed63400001,seeded_ic_v1,qplite,/home/suhas/crazysim_ws/safe-landing-ftc/results/final/model_sensitivity/ofat/m2_routing_stability_eta0p496/trials/m2route_nominal_cem_eta0p496_seed63400001.csv,4173,cem_tuned_boundary,balanced_3000_0_3000_12000,3000,0,3000,12000,0.7141143679618835,-0.003930170089006424,True,True,13.802408456802368,adaptive_brake,0.36017945408821106,0.015324398602971296,8.505120277404785,1.542662488430732,0.3169988671379997,False,True,True,False,True,False
nominal,nominal,1.00,849b83459d1c2d9ea365d7e743ed7fe5a00151aa39505ec9f6294777881dfee9,cem,1,2,0.496000,2,63400002,seeded_ic_v1,m2_routing_stability_eta0p496_v1,m2route_nominal_cem_eta0p496_seed63400002,seeded_ic_v1,qplite,/home/suhas/crazysim_ws/safe-landing-ftc/results/final/model_sensitivity/ofat/m2_routing_stability_eta0p496/trials/m2route_nominal_cem_eta0p496_seed63400002.csv,4203,cem_tuned_boundary,balanced_3000_0_3000_12000,3000,0,3000,12000,0.7103987336158752,-0.0037169218994677067,True,True,13.926148891448975,adaptive_brake,0.3671746850013733,0.015978869424289294,8.503697395324707,1.5903496044135468,0.31416894040145354,False,True,True,False,True,False
nominal,nominal,1.00,849b83459d1c2d9ea365d7e743ed7fe5a00151aa39505ec9f6294777881dfee9,pinv,2,2,0.496000,2,63400002,seeded_ic_v1,m2_routing_stability_eta0p496_v1,m2route_nominal_pinv_eta0p496_seed63400002,seeded_ic_v1,pinv,/home/suhas/crazysim_ws/safe-landing-ftc/results/final/model_sensitivity/ofat/m2_routing_stability_eta0p496/trials/m2route_nominal_pinv_eta0p496_seed63400002.csv,4200,pinv_bounded_wls_w1_1_1_0.2_lambda1e-06,bounded_fault_aware_wls,0,0,0,0,0.710449755191803,-0.003880839329212904,True,True,15.255029439926147,adaptive_brake,0.3300008475780487,0.007803759731596338,0.11764586716890335,0.2993851688173068,0.02167989340285529,True,True,True,True,True,True
nominal,nominal,1.00,849b83459d1c2d9ea365d7e743ed7fe5a00151aa39505ec9f6294777881dfee9,pinv,1,2,0.496000,3,63400003,seeded_ic_v1,m2_routing_stability_eta0p496_v1,m2route_nominal_pinv_eta0p496_seed63400003,seeded_ic_v1,pinv,/home/suhas/crazysim_ws/safe-landing-ftc/results/final/model_sensitivity/ofat/m2_routing_stability_eta0p496/trials/m2route_nominal_pinv_eta0p496_seed63400003.csv,4191,pinv_bounded_wls_w1_1_1_0.2_lambda1e-06,bounded_fault_aware_wls,0,0,0,0,0.7332813739776611,-0.003929389175027609,True,True,15.266525030136108,adaptive_brake,0.3303607702255249,0.007917783099987134,0.11257915943861008,0.2921209468317625,0.020166446317892276,True,True,True,True,True,True
nominal,nominal,1.00,849b83459d1c2d9ea365d7e743ed7fe5a00151aa39505ec9f6294777881dfee9,cem,2,2,0.496000,3,63400003,seeded_ic_v1,m2_routing_stability_eta0p496_v1,m2route_nominal_cem_eta0p496_seed63400003,seeded_ic_v1,qplite,/home/suhas/crazysim_ws/safe-landing-ftc/results/final/model_sensitivity/ofat/m2_routing_stability_eta0p496/trials/m2route_nominal_cem_eta0p496_seed63400003.csv,4188,cem_tuned_boundary,balanced_3000_0_3000_12000,3000,0,3000,12000,0.7332617044448853,-0.0038849893026053905,True,True,14.148839473724365,adaptive_brake,0.35711854696273804,0.014611757009967884,8.460488319396973,1.5742023351426933,0.3411489746258091,False,True,True,False,True,False
nominal,nominal,1.00,849b83459d1c2d9ea365d7e743ed7fe5a00151aa39505ec9f6294777881dfee9,cem,1,2,0.496000,4,63400004,seeded_ic_v1,m2_routing_stability_eta0p496_v1,m2route_nominal_cem_eta0p496_seed63400004,seeded_ic_v1,qplite,/home/suhas/crazysim_ws/safe-landing-ftc/results/final/model_sensitivity/ofat/m2_routing_stability_eta0p496/trials/m2route_nominal_cem_eta0p496_seed63400004.csv,4227,cem_tuned_boundary,balanced_3000_0_3000_12000,3000,0,3000,12000,0.7278947830200195,-0.003814565483480692,True,True,14.16501498222351,adaptive_brake,0.37068429589271545,0.015474956931743184,8.495205879211426,1.566458951475726,0.3199021689611512,False,True,True,False,True,False
nominal,nominal,1.00,849b83459d1c2d9ea365d7e743ed7fe5a00151aa39505ec9f6294777881dfee9,pinv,2,2,0.496000,4,63400004,seeded_ic_v1,m2_routing_stability_eta0p496_v1,m2route_nominal_pinv_eta0p496_seed63400004,seeded_ic_v1,pinv,/home/suhas/crazysim_ws/safe-landing-ftc/results/final/model_sensitivity/ofat/m2_routing_stability_eta0p496/trials/m2route_nominal_pinv_eta0p496_seed63400004.csv,4227,pinv_bounded_wls_w1_1_1_0.2_lambda1e-06,bounded_fault_aware_wls,0,0,0,0,0.7279160022735596,-0.0036733304150402546,True,True,15.404045820236206,adaptive_brake,0.3412458300590515,0.007640542686926506,0.09945154935121536,0.30256881338979386,0.02175825561676334,True,True,True,True,True,True
nominal,nominal,1.00,849b83459d1c2d9ea365d7e743ed7fe5a00151aa39505ec9f6294777881dfee9,pinv,1,2,0.496000,5,63400005,seeded_ic_v1,m2_routing_stability_eta0p496_v1,m2route_nominal_pinv_eta0p496_seed63400005,seeded_ic_v1,pinv,/home/suhas/crazysim_ws/safe-landing-ftc/results/final/model_sensitivity/ofat/m2_routing_stability_eta0p496/trials/m2route_nominal_pinv_eta0p496_seed63400005.csv,4224,pinv_bounded_wls_w1_1_1_0.2_lambda1e-06,bounded_fault_aware_wls,0,0,0,0,0.7326238751411438,-0.003617379581555724,True,True,15.445307731628418,adaptive_brake,0.33413803577423096,0.007173530317665083,0.1231992244720459,0.30578546725390765,0.02352594125578815,True,True,True,True,True,True
nominal,nominal,1.00,849b83459d1c2d9ea365d7e743ed7fe5a00151aa39505ec9f6294777881dfee9,cem,2,2,0.496000,5,63400005,seeded_ic_v1,m2_routing_stability_eta0p496_v1,m2route_nominal_cem_eta0p496_seed63400005,seeded_ic_v1,qplite,/home/suhas/crazysim_ws/safe-landing-ftc/results/final/model_sensitivity/ofat/m2_routing_stability_eta0p496/trials/m2route_nominal_cem_eta0p496_seed63400005.csv,4224,cem_tuned_boundary,balanced_3000_0_3000_12000,3000,0,3000,12000,0.7325991988182068,-0.003587162820622325,True,True,14.451167106628418,adaptive_brake,0.3422980308532715,0.013869784117174195,8.447078704833984,1.5607690533883931,0.34393898111656707,True,True,True,False,True,False
nominal,nominal,1.00,849b83459d1c2d9ea365d7e743ed7fe5a00151aa39505ec9f6294777881dfee9,cem,1,2,0.496000,6,63400006,seeded_ic_v1,m2_routing_stability_eta0p496_v1,m2route_nominal_cem_eta0p496_seed63400006,seeded_ic_v1,qplite,/home/suhas/crazysim_ws/safe-landing-ftc/results/final/model_sensitivity/ofat/m2_routing_stability_eta0p496/trials/m2route_nominal_cem_eta0p496_seed63400006.csv,4215,cem_tuned_boundary,balanced_3000_0_3000_12000,3000,0,3000,12000,0.7300983667373657,-0.0035799196921288967,True,True,14.243614912033081,adaptive_brake,0.35532650351524353,0.014350106204916854,8.476821899414062,1.5627135349665628,0.33293907544760776,False,True,True,False,True,False
nominal,nominal,1.00,849b83459d1c2d9ea365d7e743ed7fe5a00151aa39505ec9f6294777881dfee9,pinv,2,2,0.496000,6,63400006,seeded_ic_v1,m2_routing_stability_eta0p496_v1,m2route_nominal_pinv_eta0p496_seed63400006,seeded_ic_v1,pinv,/home/suhas/crazysim_ws/safe-landing-ftc/results/final/model_sensitivity/ofat/m2_routing_stability_eta0p496/trials/m2route_nominal_pinv_eta0p496_seed63400006.csv,4212,pinv_bounded_wls_w1_1_1_0.2_lambda1e-06,bounded_fault_aware_wls,0,0,0,0,0.730169415473938,-0.004061054904013872,True,True,15.412760734558105,adaptive_brake,0.32862719893455505,0.007855044561055846,0.11593705415725708,0.2822964341875059,0.020534002028051262,True,True,True,True,True,True
nominal,nominal,1.00,849b83459d1c2d9ea365d7e743ed7fe5a00151aa39505ec9f6294777881dfee9,pinv,1,2,0.496000,7,63400007,seeded_ic_v1,m2_routing_stability_eta0p496_v1,m2route_nominal_pinv_eta0p496_seed63400007,seeded_ic_v1,pinv,/home/suhas/crazysim_ws/safe-landing-ftc/results/final/model_sensitivity/ofat/m2_routing_stability_eta0p496/trials/m2route_nominal_pinv_eta0p496_seed63400007.csv,4230,pinv_bounded_wls_w1_1_1_0.2_lambda1e-06,bounded_fault_aware_wls,0,0,0,0,0.7165214419364929,-0.003746205708011985,True,True,15.451422452926636,adaptive_brake,0.33093154430389404,0.007555800671646291,0.122383713722229,0.29835924093456706,0.02178262611554705,True,True,True,True,True,True
nominal,nominal,1.00,849b83459d1c2d9ea365d7e743ed7fe5a00151aa39505ec9f6294777881dfee9,cem,2,2,0.496000,7,63400007,seeded_ic_v1,m2_routing_stability_eta0p496_v1,m2route_nominal_cem_eta0p496_seed63400007,seeded_ic_v1,qplite,/home/suhas/crazysim_ws/safe-landing-ftc/results/final/model_sensitivity/ofat/m2_routing_stability_eta0p496/trials/m2route_nominal_cem_eta0p496_seed63400007.csv,4227,cem_tuned_boundary,balanced_3000_0_3000_12000,3000,0,3000,12000,0.7166445255279541,-0.0035613614600151777,True,True,14.299339056015015,adaptive_brake,0.35551729798316956,0.016129810863088425,8.499631881713867,1.5595134837589288,0.34366901132003735,False,True,True,False,True,False
nominal,nominal,1.00,849b83459d1c2d9ea365d7e743ed7fe5a00151aa39505ec9f6294777881dfee9,cem,1,2,0.496000,8,63400008,seeded_ic_v1,m2_routing_stability_eta0p496_v1,m2route_nominal_cem_eta0p496_seed63400008,seeded_ic_v1,qplite,/home/suhas/crazysim_ws/safe-landing-ftc/results/final/model_sensitivity/ofat/m2_routing_stability_eta0p496/trials/m2route_nominal_cem_eta0p496_seed63400008.csv,4206,cem_tuned_boundary,balanced_3000_0_3000_12000,3000,0,3000,12000,0.720757782459259,-0.004013503901660442,True,True,13.924145698547363,adaptive_brake,0.38232332468032837,0.01721167113956947,8.531951904296875,1.5727595909158154,0.31133487481124095,False,True,True,False,True,False
nominal,nominal,1.00,849b83459d1c2d9ea365d7e743ed7fe5a00151aa39505ec9f6294777881dfee9,pinv,2,2,0.496000,8,63400008,seeded_ic_v1,m2_routing_stability_eta0p496_v1,m2route_nominal_pinv_eta0p496_seed63400008,seeded_ic_v1,pinv,/home/suhas/crazysim_ws/safe-landing-ftc/results/final/model_sensitivity/ofat/m2_routing_stability_eta0p496/trials/m2route_nominal_pinv_eta0p496_seed63400008.csv,4209,pinv_bounded_wls_w1_1_1_0.2_lambda1e-06,bounded_fault_aware_wls,0,0,0,0,0.7208462953567505,-0.003956274129450321,True,True,15.30492353439331,adaptive_brake,0.3318832516670227,0.007784209368238202,0.11204275488853455,0.3026040752472697,0.018829423358447263,True,True,True,True,True,True
nominal,nominal,1.00,849b83459d1c2d9ea365d7e743ed7fe5a00151aa39505ec9f6294777881dfee9,pinv,1,2,0.496000,9,63400009,seeded_ic_v1,m2_routing_stability_eta0p496_v1,m2route_nominal_pinv_eta0p496_seed63400009,seeded_ic_v1,pinv,/home/suhas/crazysim_ws/safe-landing-ftc/results/final/model_sensitivity/ofat/m2_routing_stability_eta0p496/trials/m2route_nominal_pinv_eta0p496_seed63400009.csv,4161,pinv_bounded_wls_w1_1_1_0.2_lambda1e-06,bounded_fault_aware_wls,0,0,0,0,0.7281500101089478,-0.004113052040338516,True,True,15.025293588638306,adaptive_brake,0.33455711603164673,0.007886199327525276,0.11370652914047241,0.30148652513520025,0.0209167640565707,True,True,True,True,True,True
nominal,nominal,1.00,849b83459d1c2d9ea365d7e743ed7fe5a00151aa39505ec9f6294777881dfee9,cem,2,2,0.496000,9,63400009,seeded_ic_v1,m2_routing_stability_eta0p496_v1,m2route_nominal_cem_eta0p496_seed63400009,seeded_ic_v1,qplite,/home/suhas/crazysim_ws/safe-landing-ftc/results/final/model_sensitivity/ofat/m2_routing_stability_eta0p496/trials/m2route_nominal_cem_eta0p496_seed63400009.csv,4161,cem_tuned_boundary,balanced_3000_0_3000_12000,3000,0,3000,12000,0.7281415462493896,-0.004205907694995403,True,True,13.806913137435913,adaptive_brake,0.3660128712654114,0.014913827542451949,8.483720779418945,1.5431704494364233,0.32697506401932164,False,True,True,False,True,False
nominal,nominal,1.00,849b83459d1c2d9ea365d7e743ed7fe5a00151aa39505ec9f6294777881dfee9,cem,1,2,0.496000,10,63400010,seeded_ic_v1,m2_routing_stability_eta0p496_v1,m2route_nominal_cem_eta0p496_seed63400010,seeded_ic_v1,qplite,/home/suhas/crazysim_ws/safe-landing-ftc/results/final/model_sensitivity/ofat/m2_routing_stability_eta0p496/trials/m2route_nominal_cem_eta0p496_seed63400010.csv,4179,cem_tuned_boundary,balanced_3000_0_3000_12000,3000,0,3000,12000,0.7291061878204346,-0.003972176928073168,True,True,13.90559458732605,adaptive_brake,0.3642517328262329,0.013243737725203304,8.468597412109375,1.587001395759288,0.3134561584095353,False,True,True,False,True,False
nominal,nominal,1.00,849b83459d1c2d9ea365d7e743ed7fe5a00151aa39505ec9f6294777881dfee9,pinv,2,2,0.496000,10,63400010,seeded_ic_v1,m2_routing_stability_eta0p496_v1,m2route_nominal_pinv_eta0p496_seed63400010,seeded_ic_v1,pinv,/home/suhas/crazysim_ws/safe-landing-ftc/results/final/model_sensitivity/ofat/m2_routing_stability_eta0p496/trials/m2route_nominal_pinv_eta0p496_seed63400010.csv,4179,pinv_bounded_wls_w1_1_1_0.2_lambda1e-06,bounded_fault_aware_wls,0,0,0,0,0.729273796081543,-0.004002972971647978,True,True,15.167047262191772,adaptive_brake,0.33227717876434326,0.007284073887597958,0.1265278309583664,0.2961909110815328,0.021215826494422045,True,True,True,True,True,True
nominal,nominal,1.00,849b83459d1c2d9ea365d7e743ed7fe5a00151aa39505ec9f6294777881dfee9,pinv,1,2,0.496000,11,63400011,seeded_ic_v1,m2_routing_stability_eta0p496_v1,m2route_nominal_pinv_eta0p496_seed63400011,seeded_ic_v1,pinv,/home/suhas/crazysim_ws/safe-landing-ftc/results/final/model_sensitivity/ofat/m2_routing_stability_eta0p496/trials/m2route_nominal_pinv_eta0p496_seed63400011.csv,4221,pinv_bounded_wls_w1_1_1_0.2_lambda1e-06,bounded_fault_aware_wls,0,0,0,0,0.7029145956039429,-0.003698272630572319,True,True,15.28424334526062,adaptive_brake,0.3319365382194519,0.008188563287907607,0.10369262844324112,0.30256928905962327,0.02204915279996101,True,True,True,True,True,True
nominal,nominal,1.00,849b83459d1c2d9ea365d7e743ed7fe5a00151aa39505ec9f6294777881dfee9,cem,2,2,0.496000,11,63400011,seeded_ic_v1,m2_routing_stability_eta0p496_v1,m2route_nominal_cem_eta0p496_seed63400011,seeded_ic_v1,qplite,/home/suhas/crazysim_ws/safe-landing-ftc/results/final/model_sensitivity/ofat/m2_routing_stability_eta0p496/trials/m2route_nominal_cem_eta0p496_seed63400011.csv,4224,cem_tuned_boundary,balanced_3000_0_3000_12000,3000,0,3000,12000,0.7029095888137817,-0.003860400291159749,True,True,14.164236068725586,adaptive_brake,0.3646271228790283,0.017317291706289116,8.448890686035156,1.579552845498463,0.33696718672873105,False,True,True,False,True,False
nominal,nominal,1.00,849b83459d1c2d9ea365d7e743ed7fe5a00151aa39505ec9f6294777881dfee9,cem,1,2,0.496000,12,63400012,seeded_ic_v1,m2_routing_stability_eta0p496_v1,m2route_nominal_cem_eta0p496_seed63400012,seeded_ic_v1,qplite,/home/suhas/crazysim_ws/safe-landing-ftc/results/final/model_sensitivity/ofat/m2_routing_stability_eta0p496/trials/m2route_nominal_cem_eta0p496_seed63400012.csv,4191,cem_tuned_boundary,balanced_3000_0_3000_12000,3000,0,3000,12000,0.7209492325782776,-0.003873690264299512,True,True,13.945812702178955,adaptive_brake,0.362618625164032,0.015725277743723648,8.496556282043457,1.5576732433195528,0.32579158139872433,False,True,True,False,True,False
nominal,nominal,1.00,849b83459d1c2d9ea365d7e743ed7fe5a00151aa39505ec9f6294777881dfee9,pinv,2,2,0.496000,12,63400012,seeded_ic_v1,m2_routing_stability_eta0p496_v1,m2route_nominal_pinv_eta0p496_seed63400012,seeded_ic_v1,pinv,/home/suhas/crazysim_ws/safe-landing-ftc/results/final/model_sensitivity/ofat/m2_routing_stability_eta0p496/trials/m2route_nominal_pinv_eta0p496_seed63400012.csv,4191,pinv_bounded_wls_w1_1_1_0.2_lambda1e-06,bounded_fault_aware_wls,0,0,0,0,0.720895528793335,-0.004062115680426359,True,True,15.286782503128052,adaptive_brake,0.32420656085014343,0.007767198608233094,0.11241566389799118,0.2844517940563283,0.02084751944662023,True,True,True,True,True,True
nominal,nominal,1.00,849b83459d1c2d9ea365d7e743ed7fe5a00151aa39505ec9f6294777881dfee9,pinv,1,2,0.496000,13,63400013,seeded_ic_v1,m2_routing_stability_eta0p496_v1,m2route_nominal_pinv_eta0p496_seed63400013,seeded_ic_v1,pinv,/home/suhas/crazysim_ws/safe-landing-ftc/results/final/model_sensitivity/ofat/m2_routing_stability_eta0p496/trials/m2route_nominal_pinv_eta0p496_seed63400013.csv,4191,pinv_bounded_wls_w1_1_1_0.2_lambda1e-06,bounded_fault_aware_wls,0,0,0,0,0.7151026129722595,-0.004038025159388781,True,True,15.167912244796753,adaptive_brake,0.3318699598312378,0.008305321538268467,0.1103944480419159,0.30151566305817495,0.02100746383599653,True,True,True,True,True,True
nominal,nominal,1.00,849b83459d1c2d9ea365d7e743ed7fe5a00151aa39505ec9f6294777881dfee9,cem,2,2,0.496000,13,63400013,seeded_ic_v1,m2_routing_stability_eta0p496_v1,m2route_nominal_cem_eta0p496_seed63400013,seeded_ic_v1,qplite,/home/suhas/crazysim_ws/safe-landing-ftc/results/final/model_sensitivity/ofat/m2_routing_stability_eta0p496/trials/m2route_nominal_cem_eta0p496_seed63400013.csv,4194,cem_tuned_boundary,balanced_3000_0_3000_12000,3000,0,3000,12000,0.7151167392730713,-0.004105042666196823,True,True,13.983852624893188,adaptive_brake,0.357715904712677,0.015534634261422896,8.491259574890137,1.5473033410316945,0.32982436602582393,False,True,True,False,True,False
nominal,nominal,1.00,849b83459d1c2d9ea365d7e743ed7fe5a00151aa39505ec9f6294777881dfee9,cem,1,2,0.496000,14,63400014,seeded_ic_v1,m2_routing_stability_eta0p496_v1,m2route_nominal_cem_eta0p496_seed63400014,seeded_ic_v1,qplite,/home/suhas/crazysim_ws/safe-landing-ftc/results/final/model_sensitivity/ofat/m2_routing_stability_eta0p496/trials/m2route_nominal_cem_eta0p496_seed63400014.csv,4182,cem_tuned_boundary,balanced_3000_0_3000_12000,3000,0,3000,12000,0.6940782070159912,-0.0036305615212768316,True,True,13.74708080291748,adaptive_brake,0.36446428298950195,0.016677758500847135,8.467496871948242,1.5527654059157185,0.3109612120529742,False,True,True,False,True,False
nominal,nominal,1.00,849b83459d1c2d9ea365d7e743ed7fe5a00151aa39505ec9f6294777881dfee9,pinv,2,2,0.496000,14,63400014,seeded_ic_v1,m2_routing_stability_eta0p496_v1,m2route_nominal_pinv_eta0p496_seed63400014,seeded_ic_v1,pinv,/home/suhas/crazysim_ws/safe-landing-ftc/results/final/model_sensitivity/ofat/m2_routing_stability_eta0p496/trials/m2route_nominal_pinv_eta0p496_seed63400014.csv,4182,pinv_bounded_wls_w1_1_1_0.2_lambda1e-06,bounded_fault_aware_wls,0,0,0,0,0.6939753293991089,-0.003941782284528017,True,True,15.045314073562622,adaptive_brake,0.3235180079936981,0.00830462098740504,0.10392530262470245,0.30149214328772206,0.020033303987696746,True,True,True,True,True,True
nominal,nominal,1.00,849b83459d1c2d9ea365d7e743ed7fe5a00151aa39505ec9f6294777881dfee9,pinv,1,2,0.496000,15,63400015,seeded_ic_v1,m2_routing_stability_eta0p496_v1,m2route_nominal_pinv_eta0p496_seed63400015,seeded_ic_v1,pinv,/home/suhas/crazysim_ws/safe-landing-ftc/results/final/model_sensitivity/ofat/m2_routing_stability_eta0p496/trials/m2route_nominal_pinv_eta0p496_seed63400015.csv,4197,pinv_bounded_wls_w1_1_1_0.2_lambda1e-06,bounded_fault_aware_wls,0,0,0,0,0.7089040279388428,-0.0040123434737324715,True,True,15.169895887374878,adaptive_brake,0.33234840631484985,0.0077004455032402405,0.11057202517986298,0.2976313880579388,0.024060615659017362,True,True,True,True,True,True
nominal,nominal,1.00,849b83459d1c2d9ea365d7e743ed7fe5a00151aa39505ec9f6294777881dfee9,cem,2,2,0.496000,15,63400015,seeded_ic_v1,m2_routing_stability_eta0p496_v1,m2route_nominal_cem_eta0p496_seed63400015,seeded_ic_v1,qplite,/home/suhas/crazysim_ws/safe-landing-ftc/results/final/model_sensitivity/ofat/m2_routing_stability_eta0p496/trials/m2route_nominal_cem_eta0p496_seed63400015.csv,4200,cem_tuned_boundary,balanced_3000_0_3000_12000,3000,0,3000,12000,0.7086910009384155,-0.003673737868666649,True,True,13.987439393997192,adaptive_brake,0.3595741093158722,0.016786075204715388,8.492717742919922,1.5408883777336284,0.33331558637900727,False,True,True,False,True,False
nominal,nominal,1.00,849b83459d1c2d9ea365d7e743ed7fe5a00151aa39505ec9f6294777881dfee9,cem,1,2,0.496000,16,63400016,seeded_ic_v1,m2_routing_stability_eta0p496_v1,m2route_nominal_cem_eta0p496_seed63400016,seeded_ic_v1,qplite,/home/suhas/crazysim_ws/safe-landing-ftc/results/final/model_sensitivity/ofat/m2_routing_stability_eta0p496/trials/m2route_nominal_cem_eta0p496_seed63400016.csv,4185,cem_tuned_boundary,balanced_3000_0_3000_12000,3000,0,3000,12000,0.7316004633903503,-0.0038462423253804445,True,True,16.06320095062256,landing_ramp,0.28163373470306396,0.011431111534138267,8.478281021118164,1.5453448951200321,0.48731218919330005,True,True,True,False,True,False
nominal,nominal,1.00,849b83459d1c2d9ea365d7e743ed7fe5a00151aa39505ec9f6294777881dfee9,pinv,2,2,0.496000,16,63400016,seeded_ic_v1,m2_routing_stability_eta0p496_v1,m2route_nominal_pinv_eta0p496_seed63400016,seeded_ic_v1,pinv,/home/suhas/crazysim_ws/safe-landing-ftc/results/final/model_sensitivity/ofat/m2_routing_stability_eta0p496/trials/m2route_nominal_pinv_eta0p496_seed63400016.csv,4188,pinv_bounded_wls_w1_1_1_0.2_lambda1e-06,bounded_fault_aware_wls,0,0,0,0,0.7314690947532654,-0.0038990038447082043,True,True,15.207122325897217,adaptive_brake,0.3363262712955475,0.007687810842014666,0.111726313829422,0.3037723118507288,0.022418644423048,True,True,True,True,True,True
nominal,nominal,1.00,849b83459d1c2d9ea365d7e743ed7fe5a00151aa39505ec9f6294777881dfee9,pinv,1,2,0.496000,17,63400017,seeded_ic_v1,m2_routing_stability_eta0p496_v1,m2route_nominal_pinv_eta0p496_seed63400017,seeded_ic_v1,pinv,/home/suhas/crazysim_ws/safe-landing-ftc/results/final/model_sensitivity/ofat/m2_routing_stability_eta0p496/trials/m2route_nominal_pinv_eta0p496_seed63400017.csv,4206,pinv_bounded_wls_w1_1_1_0.2_lambda1e-06,bounded_fault_aware_wls,0,0,0,0,0.7157250046730042,-0.0036509644705802202,True,True,15.345244646072388,adaptive_brake,0.3217042088508606,0.007485223973971578,0.13676583766937256,0.2876590952427723,0.02260398419266675,True,True,True,True,True,True
nominal,nominal,1.00,849b83459d1c2d9ea365d7e743ed7fe5a00151aa39505ec9f6294777881dfee9,cem,2,2,0.496000,17,63400017,seeded_ic_v1,m2_routing_stability_eta0p496_v1,m2route_nominal_cem_eta0p496_seed63400017,seeded_ic_v1,qplite,/home/suhas/crazysim_ws/safe-landing-ftc/results/final/model_sensitivity/ofat/m2_routing_stability_eta0p496/trials/m2route_nominal_cem_eta0p496_seed63400017.csv,4206,cem_tuned_boundary,balanced_3000_0_3000_12000,3000,0,3000,12000,0.7155923843383789,-0.003906266298145056,True,True,14.045893907546997,adaptive_brake,0.35637417435646057,0.014955235396897797,8.52702808380127,1.59083780754667,0.31874139933124507,False,True,True,False,True,False
nominal,nominal,1.00,849b83459d1c2d9ea365d7e743ed7fe5a00151aa39505ec9f6294777881dfee9,cem,1,2,0.496000,18,63400018,seeded_ic_v1,m2_routing_stability_eta0p496_v1,m2route_nominal_cem_eta0p496_seed63400018,seeded_ic_v1,qplite,/home/suhas/crazysim_ws/safe-landing-ftc/results/final/model_sensitivity/ofat/m2_routing_stability_eta0p496/trials/m2route_nominal_cem_eta0p496_seed63400018.csv,4212,cem_tuned_boundary,balanced_3000_0_3000_12000,3000,0,3000,12000,0.7154427766799927,-0.003964029252529144,True,True,14.046300411224365,adaptive_brake,0.3644300103187561,0.014956738721197125,8.532014846801758,1.5777798415229485,0.3160248009731501,False,True,True,False,True,False
nominal,nominal,1.00,849b83459d1c2d9ea365d7e743ed7fe5a00151aa39505ec9f6294777881dfee9,pinv,2,2,0.496000,18,63400018,seeded_ic_v1,m2_routing_stability_eta0p496_v1,m2route_nominal_pinv_eta0p496_seed63400018,seeded_ic_v1,pinv,/home/suhas/crazysim_ws/safe-landing-ftc/results/final/model_sensitivity/ofat/m2_routing_stability_eta0p496/trials/m2route_nominal_pinv_eta0p496_seed63400018.csv,4212,pinv_bounded_wls_w1_1_1_0.2_lambda1e-06,bounded_fault_aware_wls,0,0,0,0,0.7155078053474426,-0.003828837536275387,True,True,15.334675788879395,adaptive_brake,0.3021835386753082,0.00715932545895791,0.10519763827323914,0.299438288378357,0.02199499259068411,True,True,True,True,True,True
nominal,nominal,1.00,849b83459d1c2d9ea365d7e743ed7fe5a00151aa39505ec9f6294777881dfee9,pinv,1,2,0.496000,19,63400019,seeded_ic_v1,m2_routing_stability_eta0p496_v1,m2route_nominal_pinv_eta0p496_seed63400019,seeded_ic_v1,pinv,/home/suhas/crazysim_ws/safe-landing-ftc/results/final/model_sensitivity/ofat/m2_routing_stability_eta0p496/trials/m2route_nominal_pinv_eta0p496_seed63400019.csv,4173,pinv_bounded_wls_w1_1_1_0.2_lambda1e-06,bounded_fault_aware_wls,0,0,0,0,0.7156001329421997,-0.003984156996011734,True,True,15.120601177215576,adaptive_brake,0.3277672231197357,0.008293918435548941,0.09487563371658325,0.2951372191448141,0.01950161771848794,True,True,True,True,True,True
nominal,nominal,1.00,849b83459d1c2d9ea365d7e743ed7fe5a00151aa39505ec9f6294777881dfee9,cem,2,2,0.496000,19,63400019,seeded_ic_v1,m2_routing_stability_eta0p496_v1,m2route_nominal_cem_eta0p496_seed63400019,seeded_ic_v1,qplite,/home/suhas/crazysim_ws/safe-landing-ftc/results/final/model_sensitivity/ofat/m2_routing_stability_eta0p496/trials/m2route_nominal_cem_eta0p496_seed63400019.csv,4176,cem_tuned_boundary,balanced_3000_0_3000_12000,3000,0,3000,12000,0.715548574924469,-0.0039877560921013355,True,True,13.804299116134644,adaptive_brake,0.3732101321220398,0.01598625878089804,8.501145362854004,1.5753131873718895,0.31703791644769647,False,True,True,False,True,False
nominal,nominal,1.00,849b83459d1c2d9ea365d7e743ed7fe5a00151aa39505ec9f6294777881dfee9,cem,1,2,0.496000,20,63400020,seeded_ic_v1,m2_routing_stability_eta0p496_v1,m2route_nominal_cem_eta0p496_seed63400020,seeded_ic_v1,qplite,/home/suhas/crazysim_ws/safe-landing-ftc/results/final/model_sensitivity/ofat/m2_routing_stability_eta0p496/trials/m2route_nominal_cem_eta0p496_seed63400020.csv,4185,cem_tuned_boundary,balanced_3000_0_3000_12000,3000,0,3000,12000,0.7037584185600281,-0.003744507906958461,True,True,13.90717363357544,adaptive_brake,0.3522660434246063,0.014638942672589552,8.520288467407227,1.559328211575665,0.32196047010820633,False,True,True,False,True,False
nominal,nominal,1.00,849b83459d1c2d9ea365d7e743ed7fe5a00151aa39505ec9f6294777881dfee9,pinv,2,2,0.496000,20,63400020,seeded_ic_v1,m2_routing_stability_eta0p496_v1,m2route_nominal_pinv_eta0p496_seed63400020,seeded_ic_v1,pinv,/home/suhas/crazysim_ws/safe-landing-ftc/results/final/model_sensitivity/ofat/m2_routing_stability_eta0p496/trials/m2route_nominal_pinv_eta0p496_seed63400020.csv,4182,pinv_bounded_wls_w1_1_1_0.2_lambda1e-06,bounded_fault_aware_wls,0,0,0,0,0.7037132978439331,-0.0037056587170809507,True,True,15.086766004562378,adaptive_brake,0.32789620757102966,0.00878896287893063,0.08950365334749222,0.3025787172257998,0.01701079213612159,True,True,True,True,True,True
nominal,nominal,1.00,849b83459d1c2d9ea365d7e743ed7fe5a00151aa39505ec9f6294777881dfee9,pinv,1,2,0.496000,21,63400021,seeded_ic_v1,m2_routing_stability_eta0p496_v1,m2route_nominal_pinv_eta0p496_seed63400021,seeded_ic_v1,pinv,/home/suhas/crazysim_ws/safe-landing-ftc/results/final/model_sensitivity/ofat/m2_routing_stability_eta0p496/trials/m2route_nominal_pinv_eta0p496_seed63400021.csv,4215,pinv_bounded_wls_w1_1_1_0.2_lambda1e-06,bounded_fault_aware_wls,0,0,0,0,0.6962757110595703,-0.0038086078129708767,True,True,15.324201345443726,adaptive_brake,0.31848058104515076,0.008533004788554427,0.09749311953783035,0.29615099243637866,0.01994518361284314,True,True,True,True,True,True
nominal,nominal,1.00,849b83459d1c2d9ea365d7e743ed7fe5a00151aa39505ec9f6294777881dfee9,cem,2,2,0.496000,21,63400021,seeded_ic_v1,m2_routing_stability_eta0p496_v1,m2route_nominal_cem_eta0p496_seed63400021,seeded_ic_v1,qplite,/home/suhas/crazysim_ws/safe-landing-ftc/results/final/model_sensitivity/ofat/m2_routing_stability_eta0p496/trials/m2route_nominal_cem_eta0p496_seed63400021.csv,4215,cem_tuned_boundary,balanced_3000_0_3000_12000,3000,0,3000,12000,0.696391761302948,-0.00373081979341805,True,True,13.987035512924194,adaptive_brake,0.3561078608036041,0.01738869495232401,8.539072036743164,1.5988716210029903,0.3169024408972964,False,True,True,False,True,False
nominal,nominal,1.00,849b83459d1c2d9ea365d7e743ed7fe5a00151aa39505ec9f6294777881dfee9,cem,1,2,0.496000,22,63400022,seeded_ic_v1,m2_routing_stability_eta0p496_v1,m2route_nominal_cem_eta0p496_seed63400022,seeded_ic_v1,qplite,/home/suhas/crazysim_ws/safe-landing-ftc/results/final/model_sensitivity/ofat/m2_routing_stability_eta0p496/trials/m2route_nominal_cem_eta0p496_seed63400022.csv,4161,cem_tuned_boundary,balanced_3000_0_3000_12000,3000,0,3000,12000,0.7181112766265869,-0.003962499555200338,True,True,13.784753322601318,adaptive_brake,0.3634810447692871,0.015241849502190975,8.481590270996094,1.5655160999513418,0.32519611700267576,False,True,True,False,True,False
nominal,nominal,1.00,849b83459d1c2d9ea365d7e743ed7fe5a00151aa39505ec9f6294777881dfee9,pinv,2,2,0.496000,22,63400022,seeded_ic_v1,m2_routing_stability_eta0p496_v1,m2route_nominal_pinv_eta0p496_seed63400022,seeded_ic_v1,pinv,/home/suhas/crazysim_ws/safe-landing-ftc/results/final/model_sensitivity/ofat/m2_routing_stability_eta0p496/trials/m2route_nominal_pinv_eta0p496_seed63400022.csv,4161,pinv_bounded_wls_w1_1_1_0.2_lambda1e-06,bounded_fault_aware_wls,0,0,0,0,0.7184855937957764,-0.003937003202736378,True,True,15.033940553665161,adaptive_brake,0.3276521861553192,0.0076555676116614475,0.12088610231876373,0.2898018541501285,0.022684872616865883,True,True,True,True,True,True
nominal,nominal,1.00,849b83459d1c2d9ea365d7e743ed7fe5a00151aa39505ec9f6294777881dfee9,pinv,1,2,0.496000,23,63400023,seeded_ic_v1,m2_routing_stability_eta0p496_v1,m2route_nominal_pinv_eta0p496_seed63400023,seeded_ic_v1,pinv,/home/suhas/crazysim_ws/safe-landing-ftc/results/final/model_sensitivity/ofat/m2_routing_stability_eta0p496/trials/m2route_nominal_pinv_eta0p496_seed63400023.csv,4209,pinv_bounded_wls_w1_1_1_0.2_lambda1e-06,bounded_fault_aware_wls,0,0,0,0,0.7024984359741211,-0.003619608236476779,True,True,15.243934631347656,adaptive_brake,0.3279101550579071,0.007957797219560556,0.11574171483516693,0.3026472149550124,0.02034881517260654,True,True,True,True,True,True
nominal,nominal,1.00,849b83459d1c2d9ea365d7e743ed7fe5a00151aa39505ec9f6294777881dfee9,cem,2,2,0.496000,23,63400023,seeded_ic_v1,m2_routing_stability_eta0p496_v1,m2route_nominal_cem_eta0p496_seed63400023,seeded_ic_v1,qplite,/home/suhas/crazysim_ws/safe-landing-ftc/results/final/model_sensitivity/ofat/m2_routing_stability_eta0p496/trials/m2route_nominal_cem_eta0p496_seed63400023.csv,4209,cem_tuned_boundary,balanced_3000_0_3000_12000,3000,0,3000,12000,0.7027016282081604,-0.0037127151153981686,True,True,13.932941436767578,adaptive_brake,0.3648543953895569,0.016348770375028156,8.487329483032227,1.5454661412995796,0.3114615324809033,False,True,True,False,True,False
nominal,nominal,1.00,849b83459d1c2d9ea365d7e743ed7fe5a00151aa39505ec9f6294777881dfee9,cem,1,2,0.496000,24,63400024,seeded_ic_v1,m2_routing_stability_eta0p496_v1,m2route_nominal_cem_eta0p496_seed63400024,seeded_ic_v1,qplite,/home/suhas/crazysim_ws/safe-landing-ftc/results/final/model_sensitivity/ofat/m2_routing_stability_eta0p496/trials/m2route_nominal_cem_eta0p496_seed63400024.csv,4224,cem_tuned_boundary,balanced_3000_0_3000_12000,3000,0,3000,12000,0.6978093385696411,-0.00376709783449769,True,True,14.364120721817017,adaptive_brake,0.3411991596221924,0.015268229852986141,8.473164558410645,1.5790077492335581,0.35029572148236454,True,True,True,False,True,False
nominal,nominal,1.00,849b83459d1c2d9ea365d7e743ed7fe5a00151aa39505ec9f6294777881dfee9,pinv,2,2,0.496000,24,63400024,seeded_ic_v1,m2_routing_stability_eta0p496_v1,m2route_nominal_pinv_eta0p496_seed63400024,seeded_ic_v1,pinv,/home/suhas/crazysim_ws/safe-landing-ftc/results/final/model_sensitivity/ofat/m2_routing_stability_eta0p496/trials/m2route_nominal_pinv_eta0p496_seed63400024.csv,4221,pinv_bounded_wls_w1_1_1_0.2_lambda1e-06,bounded_fault_aware_wls,0,0,0,0,0.6977580785751343,-0.003563262987881899,True,True,15.370615243911743,adaptive_brake,0.3203626275062561,0.00784566837191352,0.11341504752635956,0.2960769345453387,0.02150922958026832,True,True,True,True,True,True
nominal,nominal,1.00,849b83459d1c2d9ea365d7e743ed7fe5a00151aa39505ec9f6294777881dfee9,pinv,1,2,0.496000,25,63400025,seeded_ic_v1,m2_routing_stability_eta0p496_v1,m2route_nominal_pinv_eta0p496_seed63400025,seeded_ic_v1,pinv,/home/suhas/crazysim_ws/safe-landing-ftc/results/final/model_sensitivity/ofat/m2_routing_stability_eta0p496/trials/m2route_nominal_pinv_eta0p496_seed63400025.csv,4227,pinv_bounded_wls_w1_1_1_0.2_lambda1e-06,bounded_fault_aware_wls,0,0,0,0,0.7141052484512329,-0.003960093483328819,True,True,15.34398365020752,adaptive_brake,0.33782991766929626,0.007980946284549347,0.10842686891555786,0.3089498777084041,0.02311820318744939,True,True,True,True,True,True
nominal,nominal,1.00,849b83459d1c2d9ea365d7e743ed7fe5a00151aa39505ec9f6294777881dfee9,cem,2,2,0.496000,25,63400025,seeded_ic_v1,m2_routing_stability_eta0p496_v1,m2route_nominal_cem_eta0p496_seed63400025,seeded_ic_v1,qplite,/home/suhas/crazysim_ws/safe-landing-ftc/results/final/model_sensitivity/ofat/m2_routing_stability_eta0p496/trials/m2route_nominal_cem_eta0p496_seed63400025.csv,4227,cem_tuned_boundary,balanced_3000_0_3000_12000,3000,0,3000,12000,0.7141705751419067,-0.0035007863771170378,True,True,14.185400485992432,adaptive_brake,0.3615761995315552,0.01558023384519691,8.461790084838867,1.55396444649877,0.32528692735453024,False,True,True,False,True,False
nominal,nominal,1.00,849b83459d1c2d9ea365d7e743ed7fe5a00151aa39505ec9f6294777881dfee9,cem,1,2,0.496000,26,63400026,seeded_ic_v1,m2_routing_stability_eta0p496_v1,m2route_nominal_cem_eta0p496_seed63400026,seeded_ic_v1,qplite,/home/suhas/crazysim_ws/safe-landing-ftc/results/final/model_sensitivity/ofat/m2_routing_stability_eta0p496/trials/m2route_nominal_cem_eta0p496_seed63400026.csv,4218,cem_tuned_boundary,balanced_3000_0_3000_12000,3000,0,3000,12000,0.7280188202857971,-0.0036173693370074034,True,True,14.103301525115967,adaptive_brake,0.3729282021522522,0.01453154026876563,8.503889083862305,1.5524142889218695,0.3074223376199571,False,True,True,False,True,False
nominal,nominal,1.00,849b83459d1c2d9ea365d7e743ed7fe5a00151aa39505ec9f6294777881dfee9,pinv,2,2,0.496000,26,63400026,seeded_ic_v1,m2_routing_stability_eta0p496_v1,m2route_nominal_pinv_eta0p496_seed63400026,seeded_ic_v1,pinv,/home/suhas/crazysim_ws/safe-landing-ftc/results/final/model_sensitivity/ofat/m2_routing_stability_eta0p496/trials/m2route_nominal_pinv_eta0p496_seed63400026.csv,4221,pinv_bounded_wls_w1_1_1_0.2_lambda1e-06,bounded_fault_aware_wls,0,0,0,0,0.7279455065727234,-0.003963076043874025,True,True,15.392471075057983,adaptive_brake,0.3356245458126068,0.007853521337729055,0.10476170480251312,0.3036385061705434,0.01821667786372233,True,True,True,True,True,True
nominal,nominal,1.00,849b83459d1c2d9ea365d7e743ed7fe5a00151aa39505ec9f6294777881dfee9,pinv,1,2,0.496000,27,63400027,seeded_ic_v1,m2_routing_stability_eta0p496_v1,m2route_nominal_pinv_eta0p496_seed63400027,seeded_ic_v1,pinv,/home/suhas/crazysim_ws/safe-landing-ftc/results/final/model_sensitivity/ofat/m2_routing_stability_eta0p496/trials/m2route_nominal_pinv_eta0p496_seed63400027.csv,4197,pinv_bounded_wls_w1_1_1_0.2_lambda1e-06,bounded_fault_aware_wls,0,0,0,0,0.6977482438087463,-0.003602762473747134,True,True,15.206591367721558,adaptive_brake,0.32373300194740295,0.008122942257513102,0.10674472898244858,0.29210733932229216,0.02227540494844303,True,True,True,True,True,True
nominal,nominal,1.00,849b83459d1c2d9ea365d7e743ed7fe5a00151aa39505ec9f6294777881dfee9,cem,2,2,0.496000,27,63400027,seeded_ic_v1,m2_routing_stability_eta0p496_v1,m2route_nominal_cem_eta0p496_seed63400027,seeded_ic_v1,qplite,/home/suhas/crazysim_ws/safe-landing-ftc/results/final/model_sensitivity/ofat/m2_routing_stability_eta0p496/trials/m2route_nominal_cem_eta0p496_seed63400027.csv,4200,cem_tuned_boundary,balanced_3000_0_3000_12000,3000,0,3000,12000,0.6977247595787048,-0.0035871947184205055,True,True,14.003913402557373,adaptive_brake,0.34311431646347046,0.016183889862596907,8.477988243103027,1.5559502047976421,0.3322361932874375,True,True,True,False,True,False
nominal,nominal,1.00,849b83459d1c2d9ea365d7e743ed7fe5a00151aa39505ec9f6294777881dfee9,cem,1,2,0.496000,28,63400028,seeded_ic_v1,m2_routing_stability_eta0p496_v1,m2route_nominal_cem_eta0p496_seed63400028,seeded_ic_v1,qplite,/home/suhas/crazysim_ws/safe-landing-ftc/results/final/model_sensitivity/ofat/m2_routing_stability_eta0p496/trials/m2route_nominal_cem_eta0p496_seed63400028.csv,4188,cem_tuned_boundary,balanced_3000_0_3000_12000,3000,0,3000,12000,0.6964169144630432,-0.0035862643271684647,True,True,13.897403001785278,adaptive_brake,0.3575705885887146,0.01681547687274477,8.495965003967285,1.5973189867505275,0.32822501408643673,False,True,True,False,True,False
nominal,nominal,1.00,849b83459d1c2d9ea365d7e743ed7fe5a00151aa39505ec9f6294777881dfee9,pinv,2,2,0.496000,28,63400028,seeded_ic_v1,m2_routing_stability_eta0p496_v1,m2route_nominal_pinv_eta0p496_seed63400028,seeded_ic_v1,pinv,/home/suhas/crazysim_ws/safe-landing-ftc/results/final/model_sensitivity/ofat/m2_routing_stability_eta0p496/trials/m2route_nominal_pinv_eta0p496_seed63400028.csv,4191,pinv_bounded_wls_w1_1_1_0.2_lambda1e-06,bounded_fault_aware_wls,0,0,0,0,0.6966843605041504,-0.003899166826158762,True,True,15.120999097824097,adaptive_brake,0.32925134897232056,0.007912755652389698,0.1077655628323555,0.2984552715205086,0.021837437541310095,True,True,True,True,True,True
nominal,nominal,1.00,849b83459d1c2d9ea365d7e743ed7fe5a00151aa39505ec9f6294777881dfee9,pinv,1,2,0.496000,29,63400029,seeded_ic_v1,m2_routing_stability_eta0p496_v1,m2route_nominal_pinv_eta0p496_seed63400029,seeded_ic_v1,pinv,/home/suhas/crazysim_ws/safe-landing-ftc/results/final/model_sensitivity/ofat/m2_routing_stability_eta0p496/trials/m2route_nominal_pinv_eta0p496_seed63400029.csv,4191,pinv_bounded_wls_w1_1_1_0.2_lambda1e-06,bounded_fault_aware_wls,0,0,0,0,0.722112774848938,-0.0038758760783821344,True,True,15.240666389465332,adaptive_brake,0.3315822184085846,0.007913089388810985,0.10020732879638672,0.3068711216136398,0.020625874046537554,True,True,True,True,True,True
nominal,nominal,1.00,849b83459d1c2d9ea365d7e743ed7fe5a00151aa39505ec9f6294777881dfee9,cem,2,2,0.496000,29,63400029,seeded_ic_v1,m2_routing_stability_eta0p496_v1,m2route_nominal_cem_eta0p496_seed63400029,seeded_ic_v1,qplite,/home/suhas/crazysim_ws/safe-landing-ftc/results/final/model_sensitivity/ofat/m2_routing_stability_eta0p496/trials/m2route_nominal_cem_eta0p496_seed63400029.csv,4194,cem_tuned_boundary,balanced_3000_0_3000_12000,3000,0,3000,12000,0.7224149107933044,-0.004029454197734594,True,True,13.925812244415283,adaptive_brake,0.3701779544353485,0.01449362961053471,8.429702758789062,1.5625718270495268,0.31077849468240276,False,True,True,False,True,False
nominal,nominal,1.00,849b83459d1c2d9ea365d7e743ed7fe5a00151aa39505ec9f6294777881dfee9,cem,1,2,0.496000,30,63400030,seeded_ic_v1,m2_routing_stability_eta0p496_v1,m2route_nominal_cem_eta0p496_seed63400030,seeded_ic_v1,qplite,/home/suhas/crazysim_ws/safe-landing-ftc/results/final/model_sensitivity/ofat/m2_routing_stability_eta0p496/trials/m2route_nominal_cem_eta0p496_seed63400030.csv,4221,cem_tuned_boundary,balanced_3000_0_3000_12000,3000,0,3000,12000,0.7247305512428284,-0.0037195258773863316,True,True,14.24673056602478,adaptive_brake,0.35556739568710327,0.01439632008737818,8.504644393920898,1.5522864079711678,0.3306718485379213,False,True,True,False,True,False
nominal,nominal,1.00,849b83459d1c2d9ea365d7e743ed7fe5a00151aa39505ec9f6294777881dfee9,pinv,2,2,0.496000,30,63400030,seeded_ic_v1,m2_routing_stability_eta0p496_v1,m2route_nominal_pinv_eta0p496_seed63400030,seeded_ic_v1,pinv,/home/suhas/crazysim_ws/safe-landing-ftc/results/final/model_sensitivity/ofat/m2_routing_stability_eta0p496/trials/m2route_nominal_pinv_eta0p496_seed63400030.csv,4221,pinv_bounded_wls_w1_1_1_0.2_lambda1e-06,bounded_fault_aware_wls,0,0,0,0,0.7247416973114014,-0.003884484525769949,True,True,15.36477518081665,adaptive_brake,0.3373871147632599,0.007537703480608534,0.11770819127559662,0.30208665022081294,0.022010893270824915,True,True,True,True,True,True
mass_minus10,mass,0.90,a366ed78fb465fbb0964b33f1f3c9a586ec729fc37330465328f33701d8755cf,pinv,1,2,0.496000,1,63400001,seeded_ic_v1,m2_routing_stability_eta0p496_v1,m2route_mass_minus10_pinv_eta0p496_seed63400001,seeded_ic_v1,pinv,/home/suhas/crazysim_ws/safe-landing-ftc/results/final/model_sensitivity/ofat/m2_routing_stability_eta0p496/trials/m2route_mass_minus10_pinv_eta0p496_seed63400001.csv,4179,pinv_bounded_wls_w1_1_1_0.2_lambda1e-06,bounded_fault_aware_wls,0,0,0,0,0.7101459503173828,-0.0030932952649891376,True,True,18.345336437225342,landing_ramp,0.0828358456492424,0.0002944682064592822,0.01733832061290741,0.0015652260938624869,0.004492192753571879,True,True,True,True,True,True
mass_minus10,mass,0.90,a366ed78fb465fbb0964b33f1f3c9a586ec729fc37330465328f33701d8755cf,cem,2,2,0.496000,1,63400001,seeded_ic_v1,m2_routing_stability_eta0p496_v1,m2route_mass_minus10_cem_eta0p496_seed63400001,seeded_ic_v1,qplite,/home/suhas/crazysim_ws/safe-landing-ftc/results/final/model_sensitivity/ofat/m2_routing_stability_eta0p496/trials/m2route_mass_minus10_cem_eta0p496_seed63400001.csv,4176,cem_tuned_boundary,balanced_3000_0_3000_12000,3000,0,3000,12000,0.7098185420036316,-0.0028023167978972197,True,True,18.408255338668823,landing_ramp,0.0836821123957634,0.007683276935573373,8.025738716125488,1.4726051817354635,0.25827716154004154,True,True,True,True,True,True
mass_minus10,mass,0.90,a366ed78fb465fbb0964b33f1f3c9a586ec729fc37330465328f33701d8755cf,cem,1,2,0.496000,2,63400002,seeded_ic_v1,m2_routing_stability_eta0p496_v1,m2route_mass_minus10_cem_eta0p496_seed63400002,seeded_ic_v1,qplite,/home/suhas/crazysim_ws/safe-landing-ftc/results/final/model_sensitivity/ofat/m2_routing_stability_eta0p496/trials/m2route_mass_minus10_cem_eta0p496_seed63400002.csv,4203,cem_tuned_boundary,balanced_3000_0_3000_12000,3000,0,3000,12000,0.7067516446113586,-0.002925626002252102,True,True,18.54322624206543,landing_ramp,0.08260393887758255,0.009726608198890326,8.034379005432129,1.4607566091537583,0.24761357723014943,True,True,True,True,True,True
mass_minus10,mass,0.90,a366ed78fb465fbb0964b33f1f3c9a586ec729fc37330465328f33701d8755cf,pinv,2,2,0.496000,2,63400002,seeded_ic_v1,m2_routing_stability_eta0p496_v1,m2route_mass_minus10_pinv_eta0p496_seed63400002,seeded_ic_v1,pinv,/home/suhas/crazysim_ws/safe-landing-ftc/results/final/model_sensitivity/ofat/m2_routing_stability_eta0p496/trials/m2route_mass_minus10_pinv_eta0p496_seed63400002.csv,4200,pinv_bounded_wls_w1_1_1_0.2_lambda1e-06,bounded_fault_aware_wls,0,0,0,0,0.706741213798523,-0.0028869081288576126,True,True,18.479021072387695,landing_ramp,0.08129250258207321,0.00036251226856370995,0.024179751053452492,0.0015728364485528504,0.005429332721407193,True,True,True,True,True,True
mass_minus10,mass,0.90,a366ed78fb465fbb0964b33f1f3c9a586ec729fc37330465328f33701d8755cf,pinv,1,2,0.496000,3,63400003,seeded_ic_v1,m2_routing_stability_eta0p496_v1,m2route_mass_minus10_pinv_eta0p496_seed63400003,seeded_ic_v1,pinv,/home/suhas/crazysim_ws/safe-landing-ftc/results/final/model_sensitivity/ofat/m2_routing_stability_eta0p496/trials/m2route_mass_minus10_pinv_eta0p496_seed63400003.csv,4188,pinv_bounded_wls_w1_1_1_0.2_lambda1e-06,bounded_fault_aware_wls,0,0,0,0,0.7294490337371826,-0.0031510922126471996,True,True,18.66692352294922,landing_ramp,0.08143071830272675,0.0006619368912490678,0.02555271051824093,0.0022394043805175922,0.007272891324322825,True,True,True,True,True,True
mass_minus10,mass,0.90,a366ed78fb465fbb0964b33f1f3c9a586ec729fc37330465328f33701d8755cf,cem,2,2,0.496000,3,63400003,seeded_ic_v1,m2_routing_stability_eta0p496_v1,m2route_mass_minus10_cem_eta0p496_seed63400003,seeded_ic_v1,qplite,/home/suhas/crazysim_ws/safe-landing-ftc/results/final/model_sensitivity/ofat/m2_routing_stability_eta0p496/trials/m2route_mass_minus10_cem_eta0p496_seed63400003.csv,4191,cem_tuned_boundary,balanced_3000_0_3000_12000,3000,0,3000,12000,0.7294595241546631,-0.00320991943590343,True,True,18.729978561401367,landing_ramp,0.08299056440591812,0.005711842422665557,7.981614589691162,1.4711269036897636,0.44398058770353405,True,True,True,True,True,True
mass_minus10,mass,0.90,a366ed78fb465fbb0964b33f1f3c9a586ec729fc37330465328f33701d8755cf,cem,1,2,0.496000,4,63400004,seeded_ic_v1,m2_routing_stability_eta0p496_v1,m2route_mass_minus10_cem_eta0p496_seed63400004,seeded_ic_v1,qplite,/home/suhas/crazysim_ws/safe-landing-ftc/results/final/model_sensitivity/ofat/m2_routing_stability_eta0p496/trials/m2route_mass_minus10_cem_eta0p496_seed63400004.csv,4227,cem_tuned_boundary,balanced_3000_0_3000_12000,3000,0,3000,12000,0.7242534756660461,-0.0030198167078197002,True,True,18.923274278640747,landing_ramp,0.08265998214483261,0.00570057393633957,7.985048294067383,1.467068558268823,0.26991854420307754,True,True,True,True,True,True
mass_minus10,mass,0.90,a366ed78fb465fbb0964b33f1f3c9a586ec729fc37330465328f33701d8755cf,pinv,2,2,0.496000,4,63400004,seeded_ic_v1,m2_routing_stability_eta0p496_v1,m2route_mass_minus10_pinv_eta0p496_seed63400004,seeded_ic_v1,pinv,/home/suhas/crazysim_ws/safe-landing-ftc/results/final/model_sensitivity/ofat/m2_routing_stability_eta0p496/trials/m2route_mass_minus10_pinv_eta0p496_seed63400004.csv,4227,pinv_bounded_wls_w1_1_1_0.2_lambda1e-06,bounded_fault_aware_wls,0,0,0,0,0.7244131565093994,-0.0029010178986936808,True,True,18.84964346885681,landing_ramp,0.0809275433421135,0.0004493495251642468,0.02484680898487568,0.0015767974899688567,0.007180132410517111,True,True,True,True,True,True
mass_minus10,mass,0.90,a366ed78fb465fbb0964b33f1f3c9a586ec729fc37330465328f33701d8755cf,pinv,1,2,0.496000,5,63400005,seeded_ic_v1,m2_routing_stability_eta0p496_v1,m2route_mass_minus10_pinv_eta0p496_seed63400005,seeded_ic_v1,pinv,/home/suhas/crazysim_ws/safe-landing-ftc/results/final/model_sensitivity/ofat/m2_routing_stability_eta0p496/trials/m2route_mass_minus10_pinv_eta0p496_seed63400005.csv,4221,pinv_bounded_wls_w1_1_1_0.2_lambda1e-06,bounded_fault_aware_wls,0,0,0,0,0.7284685969352722,-0.00284642749466002,True,True,18.896520376205444,landing_ramp,0.08089333772659302,0.00044114299839617156,0.01757255382835865,0.0015678831809374059,0.005309495491717447,True,True,True,True,True,True
mass_minus10,mass,0.90,a366ed78fb465fbb0964b33f1f3c9a586ec729fc37330465328f33701d8755cf,cem,2,2,0.496000,5,63400005,seeded_ic_v1,m2_routing_stability_eta0p496_v1,m2route_mass_minus10_cem_eta0p496_seed63400005,seeded_ic_v1,qplite,/home/suhas/crazysim_ws/safe-landing-ftc/results/final/model_sensitivity/ofat/m2_routing_stability_eta0p496/trials/m2route_mass_minus10_cem_eta0p496_seed63400005.csv,4224,cem_tuned_boundary,balanced_3000_0_3000_12000,3000,0,3000,12000,0.7289599776268005,-0.0029515489004552364,True,True,18.97549319267273,landing_ramp,0.0848713144659996,0.008117911192779066,8.043679237365723,1.4740166225910594,0.25349688247230207,True,True,True,True,True,True
mass_minus10,mass,0.90,a366ed78fb465fbb0964b33f1f3c9a586ec729fc37330465328f33701d8755cf,cem,1,2,0.496000,6,63400006,seeded_ic_v1,m2_routing_stability_eta0p496_v1,m2route_mass_minus10_cem_eta0p496_seed63400006,seeded_ic_v1,qplite,/home/suhas/crazysim_ws/safe-landing-ftc/results/final/model_sensitivity/ofat/m2_routing_stability_eta0p496/trials/m2route_mass_minus10_cem_eta0p496_seed63400006.csv,4212,cem_tuned_boundary,balanced_3000_0_3000_12000,3000,0,3000,12000,0.726452648639679,-0.0029116503428667784,True,True,18.862000226974487,landing_ramp,0.08344081044197083,0.011194535102870856,8.039024353027344,1.4867921671026227,0.2367938303967002,True,True,True,True,True,True
mass_minus10,mass,0.90,a366ed78fb465fbb0964b33f1f3c9a586ec729fc37330465328f33701d8755cf,pinv,2,2,0.496000,6,63400006,seeded_ic_v1,m2_routing_stability_eta0p496_v1,m2route_mass_minus10_pinv_eta0p496_seed63400006,seeded_ic_v1,pinv,/home/suhas/crazysim_ws/safe-landing-ftc/results/final/model_sensitivity/ofat/m2_routing_stability_eta0p496/trials/m2route_mass_minus10_pinv_eta0p496_seed63400006.csv,4212,pinv_bounded_wls_w1_1_1_0.2_lambda1e-06,bounded_fault_aware_wls,0,0,0,0,0.7265381217002869,-0.0031080080661922693,True,True,18.79228377342224,landing_ramp,0.08125914633274078,0.0004424251093335688,0.017912527546286583,0.0021706526196757355,0.0027758583006136347,True,True,True,True,True,True
mass_minus10,mass,0.90,a366ed78fb465fbb0964b33f1f3c9a586ec729fc37330465328f33701d8755cf,pinv,1,2,0.496000,7,63400007,seeded_ic_v1,m2_routing_stability_eta0p496_v1,m2route_mass_minus10_pinv_eta0p496_seed63400007,seeded_ic_v1,pinv,/home/suhas/crazysim_ws/safe-landing-ftc/results/final/model_sensitivity/ofat/m2_routing_stability_eta0p496/trials/m2route_mass_minus10_pinv_eta0p496_seed63400007.csv,4230,pinv_bounded_wls_w1_1_1_0.2_lambda1e-06,bounded_fault_aware_wls,0,0,0,0,0.7130665183067322,-0.0026129973120987415,True,True,18.74588966369629,landing_ramp,0.08132787048816681,0.00035105421449325324,0.01461095456033945,0.0021444501305428595,0.0017979403654084373,True,True,True,True,True,True
mass_minus10,mass,0.90,a366ed78fb465fbb0964b33f1f3c9a586ec729fc37330465328f33701d8755cf,cem,2,2,0.496000,7,63400007,seeded_ic_v1,m2_routing_stability_eta0p496_v1,m2route_mass_minus10_cem_eta0p496_seed63400007,seeded_ic_v1,qplite,/home/suhas/crazysim_ws/safe-landing-ftc/results/final/model_sensitivity/ofat/m2_routing_stability_eta0p496/trials/m2route_mass_minus10_cem_eta0p496_seed63400007.csv,4230,cem_tuned_boundary,balanced_3000_0_3000_12000,3000,0,3000,12000,0.7129976749420166,-0.002951341215521097,True,True,18.808659076690674,landing_ramp,0.08145050704479218,0.00806513010030685,8.011276245117188,1.4968788459219697,0.25422615428984496,True,True,True,True,True,True
mass_minus10,mass,0.90,a366ed78fb465fbb0964b33f1f3c9a586ec729fc37330465328f33701d8755cf,cem,1,2,0.496000,8,63400008,seeded_ic_v1,m2_routing_stability_eta0p496_v1,m2route_mass_minus10_cem_eta0p496_seed63400008,seeded_ic_v1,qplite,/home/suhas/crazysim_ws/safe-landing-ftc/results/final/model_sensitivity/ofat/m2_routing_stability_eta0p496/trials/m2route_mass_minus10_cem_eta0p496_seed63400008.csv,4206,cem_tuned_boundary,balanced_3000_0_3000_12000,3000,0,3000,12000,0.7170169353485107,-0.0026929464656859636,True,True,18.692740440368652,landing_ramp,0.08317593485116959,0.010744106782088326,8.004109382629395,1.5031129597536035,0.2425276149457489,True,True,True,False,True,False
mass_minus10,mass,0.90,a366ed78fb465fbb0964b33f1f3c9a586ec729fc37330465328f33701d8755cf,pinv,2,2,0.496000,8,63400008,seeded_ic_v1,m2_routing_stability_eta0p496_v1,m2route_mass_minus10_pinv_eta0p496_seed63400008,seeded_ic_v1,pinv,/home/suhas/crazysim_ws/safe-landing-ftc/results/final/model_sensitivity/ofat/m2_routing_stability_eta0p496/trials/m2route_mass_minus10_pinv_eta0p496_seed63400008.csv,4206,pinv_bounded_wls_w1_1_1_0.2_lambda1e-06,bounded_fault_aware_wls,0,0,0,0,0.7171452045440674,-0.0029791377019137144,True,True,18.63003444671631,landing_ramp,0.08131571859121323,0.0005631626348509836,0.019411202520132065,0.0016402436786036832,0.004501915855706084,True,True,True,True,True,True
mass_minus10,mass,0.90,a366ed78fb465fbb0964b33f1f3c9a586ec729fc37330465328f33701d8755cf,pinv,1,2,0.496000,9,63400009,seeded_ic_v1,m2_routing_stability_eta0p496_v1,m2route_mass_minus10_pinv_eta0p496_seed63400009,seeded_ic_v1,pinv,/home/suhas/crazysim_ws/safe-landing-ftc/results/final/model_sensitivity/ofat/m2_routing_stability_eta0p496/trials/m2route_mass_minus10_pinv_eta0p496_seed63400009.csv,4161,pinv_bounded_wls_w1_1_1_0.2_lambda1e-06,bounded_fault_aware_wls,0,0,0,0,0.7241659760475159,-0.003275591181591153,True,True,18.407315731048584,landing_ramp,0.08054617792367935,0.0005227775281021963,0.017939800396561623,0.0021547886051183312,0.004753096388326475,True,True,True,True,True,True
mass_minus10,mass,0.90,a366ed78fb465fbb0964b33f1f3c9a586ec729fc37330465328f33701d8755cf,cem,2,2,0.496000,9,63400009,seeded_ic_v1,m2_routing_stability_eta0p496_v1,m2route_mass_minus10_cem_eta0p496_seed63400009,seeded_ic_v1,qplite,/home/suhas/crazysim_ws/safe-landing-ftc/results/final/model_sensitivity/ofat/m2_routing_stability_eta0p496/trials/m2route_mass_minus10_cem_eta0p496_seed63400009.csv,4161,cem_tuned_boundary,balanced_3000_0_3000_12000,3000,0,3000,12000,0.7242055535316467,-0.0029569489415735006,True,True,18.46544909477234,landing_ramp,0.08338631689548492,0.01088494759796982,8.059833526611328,1.4968923579890832,0.2354545652869426,True,True,True,True,True,True
mass_minus10,mass,0.90,a366ed78fb465fbb0964b33f1f3c9a586ec729fc37330465328f33701d8755cf,cem,1,2,0.496000,10,63400010,seeded_ic_v1,m2_routing_stability_eta0p496_v1,m2route_mass_minus10_cem_eta0p496_seed63400010,seeded_ic_v1,qplite,/home/suhas/crazysim_ws/safe-landing-ftc/results/final/model_sensitivity/ofat/m2_routing_stability_eta0p496/trials/m2route_mass_minus10_cem_eta0p496_seed63400010.csv,4179,cem_tuned_boundary,balanced_3000_0_3000_12000,3000,0,3000,12000,0.7252699136734009,-0.0032616208773106337,True,True,18.60537838935852,landing_ramp,0.08299894630908966,0.007366853567487356,8.024662971496582,1.4922637975934996,0.25777684443517096,True,True,True,True,True,True
mass_minus10,mass,0.90,a366ed78fb465fbb0964b33f1f3c9a586ec729fc37330465328f33701d8755cf,pinv,2,2,0.496000,10,63400010,seeded_ic_v1,m2_routing_stability_eta0p496_v1,m2route_mass_minus10_pinv_eta0p496_seed63400010,seeded_ic_v1,pinv,/home/suhas/crazysim_ws/safe-landing-ftc/results/final/model_sensitivity/ofat/m2_routing_stability_eta0p496/trials/m2route_mass_minus10_pinv_eta0p496_seed63400010.csv,4182,pinv_bounded_wls_w1_1_1_0.2_lambda1e-06,bounded_fault_aware_wls,0,0,0,0,0.7252845764160156,-0.0032166435848921537,True,True,18.543516635894775,landing_ramp,0.08203358203172684,0.0006536142391682864,0.020658737048506737,0.002433792829527762,0.0046950871525797185,True,True,True,True,True,True
mass_minus10,mass,0.90,a366ed78fb465fbb0964b33f1f3c9a586ec729fc37330465328f33701d8755cf,pinv,1,2,0.496000,11,63400011,seeded_ic_v1,m2_routing_stability_eta0p496_v1,m2route_mass_minus10_pinv_eta0p496_seed63400011,seeded_ic_v1,pinv,/home/suhas/crazysim_ws/safe-landing-ftc/results/final/model_sensitivity/ofat/m2_routing_stability_eta0p496/trials/m2route_mass_minus10_pinv_eta0p496_seed63400011.csv,4224,pinv_bounded_wls_w1_1_1_0.2_lambda1e-06,bounded_fault_aware_wls,0,0,0,0,0.6993495225906372,-0.0028366639744490385,True,True,18.54454755783081,landing_ramp,0.081928551197052,0.000565964049055176,0.020185114815831184,0.0021773549942418744,0.004297096337434312,True,True,True,True,True,True
mass_minus10,mass,0.90,a366ed78fb465fbb0964b33f1f3c9a586ec729fc37330465328f33701d8755cf,cem,2,2,0.496000,11,63400011,seeded_ic_v1,m2_routing_stability_eta0p496_v1,m2route_mass_minus10_cem_eta0p496_seed63400011,seeded_ic_v1,qplite,/home/suhas/crazysim_ws/safe-landing-ftc/results/final/model_sensitivity/ofat/m2_routing_stability_eta0p496/trials/m2route_mass_minus10_cem_eta0p496_seed63400011.csv,4224,cem_tuned_boundary,balanced_3000_0_3000_12000,3000,0,3000,12000,0.6993569135665894,-0.0027264158707112074,True,True,18.605894804000854,landing_ramp,0.08190223574638367,0.00888984532888652,8.023107528686523,1.5026915649924464,0.24611876682795095,True,True,True,False,True,False
mass_minus10,mass,0.90,a366ed78fb465fbb0964b33f1f3c9a586ec729fc37330465328f33701d8755cf,cem,1,2,0.496000,12,63400012,seeded_ic_v1,m2_routing_stability_eta0p496_v1,m2route_mass_minus10_cem_eta0p496_seed63400012,seeded_ic_v1,qplite,/home/suhas/crazysim_ws/safe-landing-ftc/results/final/model_sensitivity/ofat/m2_routing_stability_eta0p496/trials/m2route_mass_minus10_cem_eta0p496_seed63400012.csv,4188,cem_tuned_boundary,balanced_3000_0_3000_12000,3000,0,3000,12000,0.7167747616767883,-0.002788826823234558,True,True,18.57978582382202,landing_ramp,0.08260798454284668,0.006706607750220743,8.065133094787598,1.4696630565843523,0.26703189613501277,True,True,True,True,True,True
mass_minus10,mass,0.90,a366ed78fb465fbb0964b33f1f3c9a586ec729fc37330465328f33701d8755cf,pinv,2,2,0.496000,12,63400012,seeded_ic_v1,m2_routing_stability_eta0p496_v1,m2route_mass_minus10_pinv_eta0p496_seed63400012,seeded_ic_v1,pinv,/home/suhas/crazysim_ws/safe-landing-ftc/results/final/model_sensitivity/ofat/m2_routing_stability_eta0p496/trials/m2route_mass_minus10_pinv_eta0p496_seed63400012.csv,4191,pinv_bounded_wls_w1_1_1_0.2_lambda1e-06,bounded_fault_aware_wls,0,0,0,0,0.71711266040802,-0.0027722069062292576,True,True,18.52359437942505,landing_ramp,0.08082249015569687,0.00029401778126727325,0.014763024635612965,0.0021547938066136334,0.0024151789026314644,True,True,True,True,True,True
mass_minus10,mass,0.90,a366ed78fb465fbb0964b33f1f3c9a586ec729fc37330465328f33701d8755cf,pinv,1,2,0.496000,13,63400013,seeded_ic_v1,m2_routing_stability_eta0p496_v1,m2route_mass_minus10_pinv_eta0p496_seed63400013,seeded_ic_v1,pinv,/home/suhas/crazysim_ws/safe-landing-ftc/results/final/model_sensitivity/ofat/m2_routing_stability_eta0p496/trials/m2route_mass_minus10_pinv_eta0p496_seed63400013.csv,4194,pinv_bounded_wls_w1_1_1_0.2_lambda1e-06,bounded_fault_aware_wls,0,0,0,0,0.7113267183303833,-0.0027225299272686243,True,True,18.467855215072632,landing_ramp,0.08146144449710846,0.0004691117336574647,0.01706908829510212,0.002129205564783521,0.002468481376189534,True,True,True,True,True,True
mass_minus10,mass,0.90,a366ed78fb465fbb0964b33f1f3c9a586ec729fc37330465328f33701d8755cf,cem,2,2,0.496000,13,63400013,seeded_ic_v1,m2_routing_stability_eta0p496_v1,m2route_mass_minus10_cem_eta0p496_seed63400013,seeded_ic_v1,qplite,/home/suhas/crazysim_ws/safe-landing-ftc/results/final/model_sensitivity/ofat/m2_routing_stability_eta0p496/trials/m2route_mass_minus10_cem_eta0p496_seed63400013.csv,4191,cem_tuned_boundary,balanced_3000_0_3000_12000,3000,0,3000,12000,0.7113193869590759,-0.0026773421559482813,True,True,18.528112173080444,landing_ramp,0.08469900488853455,0.008965642908007328,8.037598609924316,1.4952966780517132,0.25537414553445303,True,True,True,True,True,True
mass_minus10,mass,0.90,a366ed78fb465fbb0964b33f1f3c9a586ec729fc37330465328f33701d8755cf,cem,1,2,0.496000,14,63400014,seeded_ic_v1,m2_routing_stability_eta0p496_v1,m2route_mass_minus10_cem_eta0p496_seed63400014,seeded_ic_v1,qplite,/home/suhas/crazysim_ws/safe-landing-ftc/results/final/model_sensitivity/ofat/m2_routing_stability_eta0p496/trials/m2route_mass_minus10_cem_eta0p496_seed63400014.csv,4182,cem_tuned_boundary,balanced_3000_0_3000_12000,3000,0,3000,12000,0.6902774572372437,-0.002998678246513009,True,True,18.210565328598022,landing_ramp,0.08306927233934402,0.006968657969994484,8.03678035736084,1.4815156711377442,0.2704061798874546,True,True,True,True,True,True
mass_minus10,mass,0.90,a366ed78fb465fbb0964b33f1f3c9a586ec729fc37330465328f33701d8755cf,pinv,2,2,0.496000,14,63400014,seeded_ic_v1,m2_routing_stability_eta0p496_v1,m2route_mass_minus10_pinv_eta0p496_seed63400014,seeded_ic_v1,pinv,/home/suhas/crazysim_ws/safe-landing-ftc/results/final/model_sensitivity/ofat/m2_routing_stability_eta0p496/trials/m2route_mass_minus10_pinv_eta0p496_seed63400014.csv,4182,pinv_bounded_wls_w1_1_1_0.2_lambda1e-06,bounded_fault_aware_wls,0,0,0,0,0.6899781823158264,-0.0026072626933455467,True,True,18.154972314834595,landing_ramp,0.0817297101020813,8.161301607956362e-05,0.017978429794311523,0.0015596469287687774,0.00225845571952198,True,True,True,True,True,True
mass_minus10,mass,0.90,a366ed78fb465fbb0964b33f1f3c9a586ec729fc37330465328f33701d8755cf,pinv,1,2,0.496000,15,63400015,seeded_ic_v1,m2_routing_stability_eta0p496_v1,m2route_mass_minus10_pinv_eta0p496_seed63400015,seeded_ic_v1,pinv,/home/suhas/crazysim_ws/safe-landing-ftc/results/final/model_sensitivity/ofat/m2_routing_stability_eta0p496/trials/m2route_mass_minus10_pinv_eta0p496_seed63400015.csv,4197,pinv_bounded_wls_w1_1_1_0.2_lambda1e-06,bounded_fault_aware_wls,0,0,0,0,0.7050177454948425,-0.0029184778686612844,True,True,18.426559448242188,landing_ramp,0.08154178410768509,0.00020975209322099254,0.018338633701205254,0.0019180060361167748,0.003590628029080109,True,True,True,True,True,True
mass_minus10,mass,0.90,a366ed78fb465fbb0964b33f1f3c9a586ec729fc37330465328f33701d8755cf,cem,2,2,0.496000,15,63400015,seeded_ic_v1,m2_routing_stability_eta0p496_v1,m2route_mass_minus10_cem_eta0p496_seed63400015,seeded_ic_v1,qplite,/home/suhas/crazysim_ws/safe-landing-ftc/results/final/model_sensitivity/ofat/m2_routing_stability_eta0p496/trials/m2route_mass_minus10_cem_eta0p496_seed63400015.csv,4197,cem_tuned_boundary,balanced_3000_0_3000_12000,3000,0,3000,12000,0.7051472663879395,-0.0029022120870649815,True,True,18.48531985282898,landing_ramp,0.08346342295408249,0.00747858184623712,8.009284973144531,1.5005981889837667,0.26586850885394925,True,True,True,False,True,False
mass_minus10,mass,0.90,a366ed78fb465fbb0964b33f1f3c9a586ec729fc37330465328f33701d8755cf,cem,1,2,0.496000,16,63400016,seeded_ic_v1,m2_routing_stability_eta0p496_v1,m2route_mass_minus10_cem_eta0p496_seed63400016,seeded_ic_v1,qplite,/home/suhas/crazysim_ws/safe-landing-ftc/results/final/model_sensitivity/ofat/m2_routing_stability_eta0p496/trials/m2route_mass_minus10_cem_eta0p496_seed63400016.csv,4188,cem_tuned_boundary,balanced_3000_0_3000_12000,3000,0,3000,12000,0.7277044057846069,-0.0028932555578649044,True,True,18.712448596954346,landing_ramp,0.08213330060243607,0.008465570281983923,8.010612487792969,1.4768567137050186,0.25435375456775144,True,True,True,True,True,True
mass_minus10,mass,0.90,a366ed78fb465fbb0964b33f1f3c9a586ec729fc37330465328f33701d8755cf,pinv,2,2,0.496000,16,63400016,seeded_ic_v1,m2_routing_stability_eta0p496_v1,m2route_mass_minus10_pinv_eta0p496_seed63400016,seeded_ic_v1,pinv,/home/suhas/crazysim_ws/safe-landing-ftc/results/final/model_sensitivity/ofat/m2_routing_stability_eta0p496/trials/m2route_mass_minus10_pinv_eta0p496_seed63400016.csv,4185,pinv_bounded_wls_w1_1_1_0.2_lambda1e-06,bounded_fault_aware_wls,0,0,0,0,0.7277128100395203,-0.0030967057682573795,True,True,18.64240050315857,landing_ramp,0.08209003508090973,0.0005794900625635522,0.028493881225585938,0.002170693434851994,0.008909257423970153,True,True,True,True,True,True
mass_minus10,mass,0.90,a366ed78fb465fbb0964b33f1f3c9a586ec729fc37330465328f33701d8755cf,pinv,1,2,0.496000,17,63400017,seeded_ic_v1,m2_routing_stability_eta0p496_v1,m2route_mass_minus10_pinv_eta0p496_seed63400017,seeded_ic_v1,pinv,/home/suhas/crazysim_ws/safe-landing-ftc/results/final/model_sensitivity/ofat/m2_routing_stability_eta0p496/trials/m2route_mass_minus10_pinv_eta0p496_seed63400017.csv,4206,pinv_bounded_wls_w1_1_1_0.2_lambda1e-06,bounded_fault_aware_wls,0,0,0,0,0.7120103240013123,-0.002741248346865177,True,True,18.565890312194824,landing_ramp,0.08272137492895126,0.0002186389051301435,0.014883507043123245,0.0021707875370685645,0.0014295736404306481,True,True,True,True,True,True
mass_minus10,mass,0.90,a366ed78fb465fbb0964b33f1f3c9a586ec729fc37330465328f33701d8755cf,cem,2,2,0.496000,17,63400017,seeded_ic_v1,m2_routing_stability_eta0p496_v1,m2route_mass_minus10_cem_eta0p496_seed63400017,seeded_ic_v1,qplite,/home/suhas/crazysim_ws/safe-landing-ftc/results/final/model_sensitivity/ofat/m2_routing_stability_eta0p496/trials/m2route_mass_minus10_cem_eta0p496_seed63400017.csv,4206,cem_tuned_boundary,balanced_3000_0_3000_12000,3000,0,3000,12000,0.7120581865310669,-0.002872115233913064,True,True,18.624195337295532,landing_ramp,0.0821874663233757,0.007364740340815239,8.029170989990234,1.4734667175870158,0.26382474217943847,True,True,True,True,True,True
mass_minus10,mass,0.90,a366ed78fb465fbb0964b33f1f3c9a586ec729fc37330465328f33701d8755cf,cem,1,2,0.496000,18,63400018,seeded_ic_v1,m2_routing_stability_eta0p496_v1,m2route_mass_minus10_cem_eta0p496_seed63400018,seeded_ic_v1,qplite,/home/suhas/crazysim_ws/safe-landing-ftc/results/final/model_sensitivity/ofat/m2_routing_stability_eta0p496/trials/m2route_mass_minus10_cem_eta0p496_seed63400018.csv,4212,cem_tuned_boundary,balanced_3000_0_3000_12000,3000,0,3000,12000,0.7117593884468079,-0.0029100701212882996,True,True,18.667246103286743,landing_ramp,0.08288154006004333,0.008268081371970267,8.020682334899902,1.4924301163172096,0.24840066074234593,True,True,True,True,True,True
mass_minus10,mass,0.90,a366ed78fb465fbb0964b33f1f3c9a586ec729fc37330465328f33701d8755cf,pinv,2,2,0.496000,18,63400018,seeded_ic_v1,m2_routing_stability_eta0p496_v1,m2route_mass_minus10_pinv_eta0p496_seed63400018,seeded_ic_v1,pinv,/home/suhas/crazysim_ws/safe-landing-ftc/results/final/model_sensitivity/ofat/m2_routing_stability_eta0p496/trials/m2route_mass_minus10_pinv_eta0p496_seed63400018.csv,4212,pinv_bounded_wls_w1_1_1_0.2_lambda1e-06,bounded_fault_aware_wls,0,0,0,0,0.7117940783500671,-0.0026672068051993847,True,True,18.606488943099976,landing_ramp,0.08153893798589706,0.0002839182797798318,0.015960725024342537,0.0020572353759204798,0.003373929915106585,True,True,True,True,True,True
mass_minus10,mass,0.90,a366ed78fb465fbb0964b33f1f3c9a586ec729fc37330465328f33701d8755cf,pinv,1,2,0.496000,19,63400019,seeded_ic_v1,m2_routing_stability_eta0p496_v1,m2route_mass_minus10_pinv_eta0p496_seed63400019,seeded_ic_v1,pinv,/home/suhas/crazysim_ws/safe-landing-ftc/results/final/model_sensitivity/ofat/m2_routing_stability_eta0p496/trials/m2route_mass_minus10_pinv_eta0p496_seed63400019.csv,4176,pinv_bounded_wls_w1_1_1_0.2_lambda1e-06,bounded_fault_aware_wls,0,0,0,0,0.7117342352867126,-0.0028747746255248785,True,True,18.367039442062378,landing_ramp,0.08186320960521698,4.842428249496093e-05,0.016381675377488136,0.002413998646846754,0.0037404815520727937,True,True,True,True,True,True
mass_minus10,mass,0.90,a366ed78fb465fbb0964b33f1f3c9a586ec729fc37330465328f33701d8755cf,cem,2,2,0.496000,19,63400019,seeded_ic_v1,m2_routing_stability_eta0p496_v1,m2route_mass_minus10_cem_eta0p496_seed63400019,seeded_ic_v1,qplite,/home/suhas/crazysim_ws/safe-landing-ftc/results/final/model_sensitivity/ofat/m2_routing_stability_eta0p496/trials/m2route_mass_minus10_cem_eta0p496_seed63400019.csv,4176,cem_tuned_boundary,balanced_3000_0_3000_12000,3000,0,3000,12000,0.7117383480072021,-0.0033331706654280424,True,True,18.430808782577515,landing_ramp,0.08136209845542908,0.008806145898757632,8.076681137084961,1.451440327337314,0.25090676078699725,True,True,True,True,True,True
mass_minus10,mass,0.90,a366ed78fb465fbb0964b33f1f3c9a586ec729fc37330465328f33701d8755cf,cem,1,2,0.496000,20,63400020,seeded_ic_v1,m2_routing_stability_eta0p496_v1,m2route_mass_minus10_cem_eta0p496_seed63400020,seeded_ic_v1,qplite,/home/suhas/crazysim_ws/safe-landing-ftc/results/final/model_sensitivity/ofat/m2_routing_stability_eta0p496/trials/m2route_mass_minus10_cem_eta0p496_seed63400020.csv,4185,cem_tuned_boundary,balanced_3000_0_3000_12000,3000,0,3000,12000,0.6998754739761353,-0.002746382262557745,True,True,18.32784605026245,landing_ramp,0.08343619853258133,0.00807992601916809,8.067853927612305,1.4767854757205294,0.2595209016046347,True,True,True,True,True,True
mass_minus10,mass,0.90,a366ed78fb465fbb0964b33f1f3c9a586ec729fc37330465328f33701d8755cf,pinv,2,2,0.496000,20,63400020,seeded_ic_v1,m2_routing_stability_eta0p496_v1,m2route_mass_minus10_pinv_eta0p496_seed63400020,seeded_ic_v1,pinv,/home/suhas/crazysim_ws/safe-landing-ftc/results/final/model_sensitivity/ofat/m2_routing_stability_eta0p496/trials/m2route_mass_minus10_pinv_eta0p496_seed63400020.csv,4185,pinv_bounded_wls_w1_1_1_0.2_lambda1e-06,bounded_fault_aware_wls,0,0,0,0,0.6999492049217224,-0.002664574421942234,True,True,18.26512122154236,landing_ramp,0.08155623078346252,0.0007936004152433809,0.028999678790569305,0.0015715193790023902,0.006330456037808259,True,True,True,True,True,True
mass_minus10,mass,0.90,a366ed78fb465fbb0964b33f1f3c9a586ec729fc37330465328f33701d8755cf,pinv,1,2,0.496000,21,63400021,seeded_ic_v1,m2_routing_stability_eta0p496_v1,m2route_mass_minus10_pinv_eta0p496_seed63400021,seeded_ic_v1,pinv,/home/suhas/crazysim_ws/safe-landing-ftc/results/final/model_sensitivity/ofat/m2_routing_stability_eta0p496/trials/m2route_mass_minus10_pinv_eta0p496_seed63400021.csv,4215,pinv_bounded_wls_w1_1_1_0.2_lambda1e-06,bounded_fault_aware_wls,0,0,0,0,0.692681074142456,-0.0027863469440490007,True,True,18.405840158462524,landing_ramp,0.08165686577558517,0.0005720778856028141,0.019961589947342873,0.0015766156755996068,0.00418294402040925,True,True,True,True,True,True
mass_minus10,mass,0.90,a366ed78fb465fbb0964b33f1f3c9a586ec729fc37330465328f33701d8755cf,cem,2,2,0.496000,21,63400021,seeded_ic_v1,m2_routing_stability_eta0p496_v1,m2route_mass_minus10_cem_eta0p496_seed63400021,seeded_ic_v1,qplite,/home/suhas/crazysim_ws/safe-landing-ftc/results/final/model_sensitivity/ofat/m2_routing_stability_eta0p496/trials/m2route_mass_minus10_cem_eta0p496_seed63400021.csv,4215,cem_tuned_boundary,balanced_3000_0_3000_12000,3000,0,3000,12000,0.6925938725471497,-0.002671973779797554,True,True,18.46387028694153,landing_ramp,0.08303514868021011,0.008120821297486777,8.02657699584961,1.4708058082419642,0.2536323912135798,True,True,True,True,True,True
mass_minus10,mass,0.90,a366ed78fb465fbb0964b33f1f3c9a586ec729fc37330465328f33701d8755cf,cem,1,2,0.496000,22,63400022,seeded_ic_v1,m2_routing_stability_eta0p496_v1,m2route_mass_minus10_cem_eta0p496_seed63400022,seeded_ic_v1,qplite,/home/suhas/crazysim_ws/safe-landing-ftc/results/final/model_sensitivity/ofat/m2_routing_stability_eta0p496/trials/m2route_mass_minus10_cem_eta0p496_seed63400022.csv,4161,cem_tuned_boundary,balanced_3000_0_3000_12000,3000,0,3000,12000,0.7142897248268127,-0.002958753379061818,True,True,18.364391565322876,landing_ramp,0.08233465254306793,0.0087827392931412,8.019633293151855,1.498985646008503,0.25443878680185916,True,True,True,True,True,True
mass_minus10,mass,0.90,a366ed78fb465fbb0964b33f1f3c9a586ec729fc37330465328f33701d8755cf,pinv,2,2,0.496000,22,63400022,seeded_ic_v1,m2_routing_stability_eta0p496_v1,m2route_mass_minus10_pinv_eta0p496_seed63400022,seeded_ic_v1,pinv,/home/suhas/crazysim_ws/safe-landing-ftc/results/final/model_sensitivity/ofat/m2_routing_stability_eta0p496/trials/m2route_mass_minus10_pinv_eta0p496_seed63400022.csv,4163,pinv_bounded_wls_w1_1_1_0.2_lambda1e-06,bounded_fault_aware_wls,0,0,0,0,0.7142897844314575,-0.0031638380605727434,True,True,18.303932666778564,landing_ramp,0.08176913112401962,2.3465686976013134e-05,0.01669354736804962,0.0019908653112835012,0.0035650941014876802,True,True,True,True,True,True
mass_minus10,mass,0.90,a366ed78fb465fbb0964b33f1f3c9a586ec729fc37330465328f33701d8755cf,pinv,1,2,0.496000,23,63400023,seeded_ic_v1,m2_routing_stability_eta0p496_v1,m2route_mass_minus10_pinv_eta0p496_seed63400023,seeded_ic_v1,pinv,/home/suhas/crazysim_ws/safe-landing-ftc/results/final/model_sensitivity/ofat/m2_routing_stability_eta0p496/trials/m2route_mass_minus10_pinv_eta0p496_seed63400023.csv,4209,pinv_bounded_wls_w1_1_1_0.2_lambda1e-06,bounded_fault_aware_wls,0,0,0,0,0.6990137696266174,-0.002862262772396207,True,True,18.42763590812683,landing_ramp,0.08148089796304703,0.00020080966766097813,0.01519032008945942,0.0023837292208143067,0.002016047907888019,True,True,True,True,True,True
mass_minus10,mass,0.90,a366ed78fb465fbb0964b33f1f3c9a586ec729fc37330465328f33701d8755cf,cem,2,2,0.496000,23,63400023,seeded_ic_v1,m2_routing_stability_eta0p496_v1,m2route_mass_minus10_cem_eta0p496_seed63400023,seeded_ic_v1,qplite,/home/suhas/crazysim_ws/safe-landing-ftc/results/final/model_sensitivity/ofat/m2_routing_stability_eta0p496/trials/m2route_mass_minus10_cem_eta0p496_seed63400023.csv,4209,cem_tuned_boundary,balanced_3000_0_3000_12000,3000,0,3000,12000,0.6990312337875366,-0.002892703516408801,True,True,18.50597381591797,landing_ramp,0.0825183317065239,0.009059217216091247,8.076313018798828,1.4815725090874312,0.25140213014527446,True,True,True,True,True,True
mass_minus10,mass,0.90,a366ed78fb465fbb0964b33f1f3c9a586ec729fc37330465328f33701d8755cf,cem,1,2,0.496000,24,63400024,seeded_ic_v1,m2_routing_stability_eta0p496_v1,m2route_mass_minus10_cem_eta0p496_seed63400024,seeded_ic_v1,qplite,/home/suhas/crazysim_ws/safe-landing-ftc/results/final/model_sensitivity/ofat/m2_routing_stability_eta0p496/trials/m2route_mass_minus10_cem_eta0p496_seed63400024.csv,4221,cem_tuned_boundary,balanced_3000_0_3000_12000,3000,0,3000,12000,0.6942512392997742,-0.002775220898911357,True,True,18.532886266708374,landing_ramp,0.08320681005716324,0.009417215305291564,7.9741058349609375,1.4535928381040333,0.24886966859347232,True,True,True,True,True,True
mass_minus10,mass,0.90,a366ed78fb465fbb0964b33f1f3c9a586ec729fc37330465328f33701d8755cf,pinv,2,2,0.496000,24,63400024,seeded_ic_v1,m2_routing_stability_eta0p496_v1,m2route_mass_minus10_pinv_eta0p496_seed63400024,seeded_ic_v1,pinv,/home/suhas/crazysim_ws/safe-landing-ftc/results/final/model_sensitivity/ofat/m2_routing_stability_eta0p496/trials/m2route_mass_minus10_pinv_eta0p496_seed63400024.csv,4224,pinv_bounded_wls_w1_1_1_0.2_lambda1e-06,bounded_fault_aware_wls,0,0,0,0,0.6941832304000854,-0.002787907375022769,True,True,18.468141794204712,landing_ramp,0.08159054815769196,0.00039477305335035366,0.017221299931406975,0.002181450777698854,0.0031024221132326256,True,True,True,True,True,True
mass_minus10,mass,0.90,a366ed78fb465fbb0964b33f1f3c9a586ec729fc37330465328f33701d8755cf,pinv,1,2,0.496000,25,63400025,seeded_ic_v1,m2_routing_stability_eta0p496_v1,m2route_mass_minus10_pinv_eta0p496_seed63400025,seeded_ic_v1,pinv,/home/suhas/crazysim_ws/safe-landing-ftc/results/final/model_sensitivity/ofat/m2_routing_stability_eta0p496/trials/m2route_mass_minus10_pinv_eta0p496_seed63400025.csv,4227,pinv_bounded_wls_w1_1_1_0.2_lambda1e-06,bounded_fault_aware_wls,0,0,0,0,0.7105392217636108,-0.0029068863950669765,True,True,18.683722972869873,landing_ramp,0.08113151043653488,0.00040050248242191053,0.019459925591945648,0.0021339590677404785,0.002842730320361664,True,True,True,True,True,True
mass_minus10,mass,0.90,a366ed78fb465fbb0964b33f1f3c9a586ec729fc37330465328f33701d8755cf,cem,2,2,0.496000,25,63400025,seeded_ic_v1,m2_routing_stability_eta0p496_v1,m2route_mass_minus10_cem_eta0p496_seed63400025,seeded_ic_v1,qplite,/home/suhas/crazysim_ws/safe-landing-ftc/results/final/model_sensitivity/ofat/m2_routing_stability_eta0p496/trials/m2route_mass_minus10_cem_eta0p496_seed63400025.csv,4224,cem_tuned_boundary,balanced_3000_0_3000_12000,3000,0,3000,12000,0.7105544209480286,-0.002780450973659754,True,True,18.748968601226807,landing_ramp,0.08345502614974976,0.009531747780577034,8.05192756652832,1.4924930259458045,0.25314366861400794,True,True,True,True,True,True
mass_minus10,mass,0.90,a366ed78fb465fbb0964b33f1f3c9a586ec729fc37330465328f33701d8755cf,cem,1,2,0.496000,26,63400026,seeded_ic_v1,m2_routing_stability_eta0p496_v1,m2route_mass_minus10_cem_eta0p496_seed63400026,seeded_ic_v1,qplite,/home/suhas/crazysim_ws/safe-landing-ftc/results/final/model_sensitivity/ofat/m2_routing_stability_eta0p496/trials/m2route_mass_minus10_cem_eta0p496_seed63400026.csv,4221,cem_tuned_boundary,balanced_3000_0_3000_12000,3000,0,3000,12000,0.7243906259536743,-0.002957512391731143,True,True,18.888389110565186,landing_ramp,0.08381909877061844,0.009283997032091226,8.07205867767334,1.4672363305683829,0.24649764893986353,True,True,True,True,True,True
mass_minus10,mass,0.90,a366ed78fb465fbb0964b33f1f3c9a586ec729fc37330465328f33701d8755cf,pinv,2,2,0.496000,26,63400026,seeded_ic_v1,m2_routing_stability_eta0p496_v1,m2route_mass_minus10_pinv_eta0p496_seed63400026,seeded_ic_v1,pinv,/home/suhas/crazysim_ws/safe-landing-ftc/results/final/model_sensitivity/ofat/m2_routing_stability_eta0p496/trials/m2route_mass_minus10_pinv_eta0p496_seed63400026.csv,4221,pinv_bounded_wls_w1_1_1_0.2_lambda1e-06,bounded_fault_aware_wls,0,0,0,0,0.7244307994842529,-0.0028895337600260973,True,True,18.825112342834473,landing_ramp,0.08143945783376694,0.00018256844792993894,0.01666099764406681,0.002181447523871821,0.0028397681025158824,True,True,True,True,True,True
mass_minus10,mass,0.90,a366ed78fb465fbb0964b33f1f3c9a586ec729fc37330465328f33701d8755cf,pinv,1,2,0.496000,27,63400027,seeded_ic_v1,m2_routing_stability_eta0p496_v1,m2route_mass_minus10_pinv_eta0p496_seed63400027,seeded_ic_v1,pinv,/home/suhas/crazysim_ws/safe-landing-ftc/results/final/model_sensitivity/ofat/m2_routing_stability_eta0p496/trials/m2route_mass_minus10_pinv_eta0p496_seed63400027.csv,4200,pinv_bounded_wls_w1_1_1_0.2_lambda1e-06,bounded_fault_aware_wls,0,0,0,0,0.6940290927886963,-0.0028360895812511444,True,True,18.305782794952393,landing_ramp,0.0810469537973404,0.000309607511019373,0.014021895825862885,0.0021282178516096365,0.0010836273582145676,True,True,True,True,True,True
mass_minus10,mass,0.90,a366ed78fb465fbb0964b33f1f3c9a586ec729fc37330465328f33701d8755cf,cem,2,2,0.496000,27,63400027,seeded_ic_v1,m2_routing_stability_eta0p496_v1,m2route_mass_minus10_cem_eta0p496_seed63400027,seeded_ic_v1,qplite,/home/suhas/crazysim_ws/safe-landing-ftc/results/final/model_sensitivity/ofat/m2_routing_stability_eta0p496/trials/m2route_mass_minus10_cem_eta0p496_seed63400027.csv,4200,cem_tuned_boundary,balanced_3000_0_3000_12000,3000,0,3000,12000,0.6939864158630371,-0.002785345772281289,True,True,18.37121891975403,landing_ramp,0.08181583136320114,0.007376259982840988,8.04570198059082,1.4738918665118577,0.2562255286583541,True,True,True,True,True,True
mass_minus10,mass,0.90,a366ed78fb465fbb0964b33f1f3c9a586ec729fc37330465328f33701d8755cf,cem,1,2,0.496000,28,63400028,seeded_ic_v1,m2_routing_stability_eta0p496_v1,m2route_mass_minus10_cem_eta0p496_seed63400028,seeded_ic_v1,qplite,/home/suhas/crazysim_ws/safe-landing-ftc/results/final/model_sensitivity/ofat/m2_routing_stability_eta0p496/trials/m2route_mass_minus10_cem_eta0p496_seed63400028.csv,4194,cem_tuned_boundary,balanced_3000_0_3000_12000,3000,0,3000,12000,0.6929485201835632,-0.002725120633840561,True,True,18.323442220687866,landing_ramp,0.08404061943292618,0.0018366275057298694,8.028976440429688,1.479571189106224,0.3531599478383928,True,True,True,True,True,True
mass_minus10,mass,0.90,a366ed78fb465fbb0964b33f1f3c9a586ec729fc37330465328f33701d8755cf,pinv,2,2,0.496000,28,63400028,seeded_ic_v1,m2_routing_stability_eta0p496_v1,m2route_mass_minus10_pinv_eta0p496_seed63400028,seeded_ic_v1,pinv,/home/suhas/crazysim_ws/safe-landing-ftc/results/final/model_sensitivity/ofat/m2_routing_stability_eta0p496/trials/m2route_mass_minus10_pinv_eta0p496_seed63400028.csv,4194,pinv_bounded_wls_w1_1_1_0.2_lambda1e-06,bounded_fault_aware_wls,0,0,0,0,0.6930588483810425,-0.0030076217371970415,True,True,18.2463059425354,landing_ramp,0.08154916763305664,0.000528068119050344,0.018208684399724007,0.0018481912981453666,0.004363327512140144,True,True,True,True,True,True
mass_minus10,mass,0.90,a366ed78fb465fbb0964b33f1f3c9a586ec729fc37330465328f33701d8755cf,pinv,1,2,0.496000,29,63400029,seeded_ic_v1,m2_routing_stability_eta0p496_v1,m2route_mass_minus10_pinv_eta0p496_seed63400029,seeded_ic_v1,pinv,/home/suhas/crazysim_ws/safe-landing-ftc/results/final/model_sensitivity/ofat/m2_routing_stability_eta0p496/trials/m2route_mass_minus10_pinv_eta0p496_seed63400029.csv,4194,pinv_bounded_wls_w1_1_1_0.2_lambda1e-06,bounded_fault_aware_wls,0,0,0,0,0.7185999155044556,-0.0031572296284139156,True,True,18.565539121627808,landing_ramp,0.08281552046537399,0.0004682106827282137,0.026005472987890244,0.0015679245583198518,0.007387342938086568,True,True,True,True,True,True
mass_minus10,mass,0.90,a366ed78fb465fbb0964b33f1f3c9a586ec729fc37330465328f33701d8755cf,cem,2,2,0.496000,29,63400029,seeded_ic_v1,m2_routing_stability_eta0p496_v1,m2route_mass_minus10_cem_eta0p496_seed63400029,seeded_ic_v1,qplite,/home/suhas/crazysim_ws/safe-landing-ftc/results/final/model_sensitivity/ofat/m2_routing_stability_eta0p496/trials/m2route_mass_minus10_cem_eta0p496_seed63400029.csv,4194,cem_tuned_boundary,balanced_3000_0_3000_12000,3000,0,3000,12000,0.7186362743377686,-0.003098067594692111,True,True,18.62332320213318,landing_ramp,0.08264527469873428,0.008450847527372046,7.958624362945557,1.4647328971939215,0.25599360532513754,True,True,True,True,True,True
mass_minus10,mass,0.90,a366ed78fb465fbb0964b33f1f3c9a586ec729fc37330465328f33701d8755cf,cem,1,2,0.496000,30,63400030,seeded_ic_v1,m2_routing_stability_eta0p496_v1,m2route_mass_minus10_cem_eta0p496_seed63400030,seeded_ic_v1,qplite,/home/suhas/crazysim_ws/safe-landing-ftc/results/final/model_sensitivity/ofat/m2_routing_stability_eta0p496/trials/m2route_mass_minus10_cem_eta0p496_seed63400030.csv,4221,cem_tuned_boundary,balanced_3000_0_3000_12000,3000,0,3000,12000,0.7211558222770691,-0.0029538469389081,True,True,18.831385374069214,landing_ramp,0.08242302387952805,0.008941143789548607,8.003365516662598,1.4776624593680712,0.244824398984478,True,True,True,True,True,True
mass_minus10,mass,0.90,a366ed78fb465fbb0964b33f1f3c9a586ec729fc37330465328f33701d8755cf,pinv,2,2,0.496000,30,63400030,seeded_ic_v1,m2_routing_stability_eta0p496_v1,m2route_mass_minus10_pinv_eta0p496_seed63400030,seeded_ic_v1,pinv,/home/suhas/crazysim_ws/safe-landing-ftc/results/final/model_sensitivity/ofat/m2_routing_stability_eta0p496/trials/m2route_mass_minus10_pinv_eta0p496_seed63400030.csv,4218,pinv_bounded_wls_w1_1_1_0.2_lambda1e-06,bounded_fault_aware_wls,0,0,0,0,0.7210836410522461,-0.0028577011544257402,True,True,18.777063131332397,landing_ramp,0.0813513845205307,0.00023177982047347856,0.016770007088780403,0.0018736826244020199,0.002516422153387919,True,True,True,True,True,True
mass_plus10,mass,1.10,0ad4e7a81bb28fe519cdcc54f3f9171cdc92ffd32b0776502e84aabd531e0398,pinv,1,2,0.496000,1,63400001,seeded_ic_v1,m2_routing_stability_eta0p496_v1,m2route_mass_plus10_pinv_eta0p496_seed63400001,seeded_ic_v1,pinv,/home/suhas/crazysim_ws/safe-landing-ftc/results/final/model_sensitivity/ofat/m2_routing_stability_eta0p496/trials/m2route_mass_plus10_pinv_eta0p496_seed63400001.csv,4176,pinv_bounded_wls_w1_1_1_0.2_lambda1e-06,bounded_fault_aware_wls,0,0,0,0,0.7178698778152466,-0.004861478693783283,True,True,11.386990785598755,adaptive_brake,1.2802590131759644,0.029925974055430783,1.0680675506591797,1.4871983091674488,0.02967845883480957,False,True,True,True,True,False
mass_plus10,mass,1.10,0ad4e7a81bb28fe519cdcc54f3f9171cdc92ffd32b0776502e84aabd531e0398,cem,2,2,0.496000,1,63400001,seeded_ic_v1,m2_routing_stability_eta0p496_v1,m2route_mass_plus10_cem_eta0p496_seed63400001,seeded_ic_v1,qplite,/home/suhas/crazysim_ws/safe-landing-ftc/results/final/model_sensitivity/ofat/m2_routing_stability_eta0p496/trials/m2route_mass_plus10_cem_eta0p496_seed63400001.csv,4179,cem_tuned_boundary,balanced_3000_0_3000_12000,3000,0,3000,12000,0.7177790403366089,-0.004999650176614523,True,True,11.184479475021362,adaptive_brake,1.1194806098937988,0.05872183512406987,8.723099708557129,1.6478218570008865,0.24303660865401538,False,True,True,False,True,False
mass_plus10,mass,1.10,0ad4e7a81bb28fe519cdcc54f3f9171cdc92ffd32b0776502e84aabd531e0398,cem,1,2,0.496000,2,63400002,seeded_ic_v1,m2_routing_stability_eta0p496_v1,m2route_mass_plus10_cem_eta0p496_seed63400002,seeded_ic_v1,qplite,/home/suhas/crazysim_ws/safe-landing-ftc/results/final/model_sensitivity/ofat/m2_routing_stability_eta0p496/trials/m2route_mass_plus10_cem_eta0p496_seed63400002.csv,4203,cem_tuned_boundary,balanced_3000_0_3000_12000,3000,0,3000,12000,0.7141427397727966,-0.004552669357508421,True,True,11.323062181472778,adaptive_brake,1.1049457788467407,0.058046007953785325,8.700407028198242,1.659511581942958,0.24174326425058174,False,True,True,False,True,False
mass_plus10,mass,1.10,0ad4e7a81bb28fe519cdcc54f3f9171cdc92ffd32b0776502e84aabd531e0398,pinv,2,2,0.496000,2,63400002,seeded_ic_v1,m2_routing_stability_eta0p496_v1,m2route_mass_plus10_pinv_eta0p496_seed63400002,seeded_ic_v1,pinv,/home/suhas/crazysim_ws/safe-landing-ftc/results/final/model_sensitivity/ofat/m2_routing_stability_eta0p496/trials/m2route_mass_plus10_pinv_eta0p496_seed63400002.csv,4200,pinv_bounded_wls_w1_1_1_0.2_lambda1e-06,bounded_fault_aware_wls,0,0,0,0,0.714144229888916,-0.004727344028651714,True,True,11.565893650054932,adaptive_brake,1.2773969173431396,0.03005882697773303,1.0427995920181274,1.4912336930610752,0.029999240800838867,False,True,True,True,True,False
mass_plus10,mass,1.10,0ad4e7a81bb28fe519cdcc54f3f9171cdc92ffd32b0776502e84aabd531e0398,pinv,1,2,0.496000,3,63400003,seeded_ic_v1,m2_routing_stability_eta0p496_v1,m2route_mass_plus10_pinv_eta0p496_seed63400003,seeded_ic_v1,pinv,/home/suhas/crazysim_ws/safe-landing-ftc/results/final/model_sensitivity/ofat/m2_routing_stability_eta0p496/trials/m2route_mass_plus10_pinv_eta0p496_seed63400003.csv,4188,pinv_bounded_wls_w1_1_1_0.2_lambda1e-06,bounded_fault_aware_wls,0,0,0,0,0.7370506525039673,-0.00481839245185256,True,True,11.510033369064331,adaptive_brake,1.2844915390014648,0.031827764820571286,1.0766559839248657,1.491841490475805,0.03014997644089624,False,True,True,True,True,False
mass_plus10,mass,1.10,0ad4e7a81bb28fe519cdcc54f3f9171cdc92ffd32b0776502e84aabd531e0398,cem,2,2,0.496000,3,63400003,seeded_ic_v1,m2_routing_stability_eta0p496_v1,m2route_mass_plus10_cem_eta0p496_seed63400003,seeded_ic_v1,qplite,/home/suhas/crazysim_ws/safe-landing-ftc/results/final/model_sensitivity/ofat/m2_routing_stability_eta0p496/trials/m2route_mass_plus10_cem_eta0p496_seed63400003.csv,4188,cem_tuned_boundary,balanced_3000_0_3000_12000,3000,0,3000,12000,0.737169086933136,-0.004849775694310665,True,True,11.29424262046814,adaptive_brake,1.0916306972503662,0.06671019260143371,8.72138500213623,1.6403260953321004,0.25353238339360035,False,True,True,False,True,False
mass_plus10,mass,1.10,0ad4e7a81bb28fe519cdcc54f3f9171cdc92ffd32b0776502e84aabd531e0398,cem,1,2,0.496000,4,63400004,seeded_ic_v1,m2_routing_stability_eta0p496_v1,m2route_mass_plus10_cem_eta0p496_seed63400004,seeded_ic_v1,qplite,/home/suhas/crazysim_ws/safe-landing-ftc/results/final/model_sensitivity/ofat/m2_routing_stability_eta0p496/trials/m2route_mass_plus10_cem_eta0p496_seed63400004.csv,4227,cem_tuned_boundary,balanced_3000_0_3000_12000,3000,0,3000,12000,0.7316792011260986,-0.004536244086921215,True,True,11.507997035980225,adaptive_brake,1.1267011165618896,0.05847806160027813,8.730321884155273,1.6283774873257182,0.24050152480469122,False,True,True,False,True,False
mass_plus10,mass,1.10,0ad4e7a81bb28fe519cdcc54f3f9171cdc92ffd32b0776502e84aabd531e0398,pinv,2,2,0.496000,4,63400004,seeded_ic_v1,m2_routing_stability_eta0p496_v1,m2route_mass_plus10_pinv_eta0p496_seed63400004,seeded_ic_v1,pinv,/home/suhas/crazysim_ws/safe-landing-ftc/results/final/model_sensitivity/ofat/m2_routing_stability_eta0p496/trials/m2route_mass_plus10_pinv_eta0p496_seed63400004.csv,4227,pinv_bounded_wls_w1_1_1_0.2_lambda1e-06,bounded_fault_aware_wls,0,0,0,0,0.7314486503601074,-0.004389294423162937,True,True,11.74995231628418,adaptive_brake,1.2940013408660889,0.030540729436682356,1.0713435411453247,1.5001900949353513,0.02996081229073433,False,True,True,False,True,False
mass_plus10,mass,1.10,0ad4e7a81bb28fe519cdcc54f3f9171cdc92ffd32b0776502e84aabd531e0398,pinv,1,2,0.496000,5,63400005,seeded_ic_v1,m2_routing_stability_eta0p496_v1,m2route_mass_plus10_pinv_eta0p496_seed63400005,seeded_ic_v1,pinv,/home/suhas/crazysim_ws/safe-landing-ftc/results/final/model_sensitivity/ofat/m2_routing_stability_eta0p496/trials/m2route_mass_plus10_pinv_eta0p496_seed63400005.csv,4224,pinv_bounded_wls_w1_1_1_0.2_lambda1e-06,bounded_fault_aware_wls,0,0,0,0,0.7361941337585449,-0.0045225964859128,True,True,11.726476192474365,adaptive_brake,1.2950832843780518,0.033303338829545816,1.0792406797409058,1.4936730142016212,0.02953340878676157,False,True,True,True,True,False
mass_plus10,mass,1.10,0ad4e7a81bb28fe519cdcc54f3f9171cdc92ffd32b0776502e84aabd531e0398,cem,2,2,0.496000,5,63400005,seeded_ic_v1,m2_routing_stability_eta0p496_v1,m2route_mass_plus10_cem_eta0p496_seed63400005,seeded_ic_v1,qplite,/home/suhas/crazysim_ws/safe-landing-ftc/results/final/model_sensitivity/ofat/m2_routing_stability_eta0p496/trials/m2route_mass_plus10_cem_eta0p496_seed63400005.csv,4224,cem_tuned_boundary,balanced_3000_0_3000_12000,3000,0,3000,12000,0.7362121343612671,-0.004442950244992971,True,True,11.505324602127075,adaptive_brake,1.1207075119018555,0.0598236390628434,8.722147941589355,1.6425253237537116,0.24597818952931824,False,True,True,False,True,False
mass_plus10,mass,1.10,0ad4e7a81bb28fe519cdcc54f3f9171cdc92ffd32b0776502e84aabd531e0398,cem,1,2,0.496000,6,63400006,seeded_ic_v1,m2_routing_stability_eta0p496_v1,m2route_mass_plus10_cem_eta0p496_seed63400006,seeded_ic_v1,qplite,/home/suhas/crazysim_ws/safe-landing-ftc/results/final/model_sensitivity/ofat/m2_routing_stability_eta0p496/trials/m2route_mass_plus10_cem_eta0p496_seed63400006.csv,4215,cem_tuned_boundary,balanced_3000_0_3000_12000,3000,0,3000,12000,0.7337344288825989,-0.004743443336337805,True,True,11.424378871917725,adaptive_brake,1.1172102689743042,0.06122176550384139,8.666278839111328,1.6242758374992898,0.24684895378747282,False,True,True,False,True,False
mass_plus10,mass,1.10,0ad4e7a81bb28fe519cdcc54f3f9171cdc92ffd32b0776502e84aabd531e0398,pinv,2,2,0.496000,6,63400006,seeded_ic_v1,m2_routing_stability_eta0p496_v1,m2route_mass_plus10_pinv_eta0p496_seed63400006,seeded_ic_v1,pinv,/home/suhas/crazysim_ws/safe-landing-ftc/results/final/model_sensitivity/ofat/m2_routing_stability_eta0p496/trials/m2route_mass_plus10_pinv_eta0p496_seed63400006.csv,4215,pinv_bounded_wls_w1_1_1_0.2_lambda1e-06,bounded_fault_aware_wls,0,0,0,0,0.7337067723274231,-0.004939501639455557,True,True,11.666042804718018,adaptive_brake,1.2984107732772827,0.03259279470622008,1.0826513767242432,1.4848236251896338,0.02935814669595482,False,True,True,True,True,False
mass_plus10,mass,1.10,0ad4e7a81bb28fe519cdcc54f3f9171cdc92ffd32b0776502e84aabd531e0398,pinv,1,2,0.496000,7,63400007,seeded_ic_v1,m2_routing_stability_eta0p496_v1,m2route_mass_plus10_pinv_eta0p496_seed63400007,seeded_ic_v1,pinv,/home/suhas/crazysim_ws/safe-landing-ftc/results/final/model_sensitivity/ofat/m2_routing_stability_eta0p496/trials/m2route_mass_plus10_pinv_eta0p496_seed63400007.csv,4230,pinv_bounded_wls_w1_1_1_0.2_lambda1e-06,bounded_fault_aware_wls,0,0,0,0,0.7200823426246643,-0.004587090108543634,True,True,11.745405912399292,adaptive_brake,1.2891734838485718,0.029738511082470363,1.066662311553955,1.506793030790348,0.03115966363480472,False,True,True,False,True,False
mass_plus10,mass,1.10,0ad4e7a81bb28fe519cdcc54f3f9171cdc92ffd32b0776502e84aabd531e0398,cem,2,2,0.496000,7,63400007,seeded_ic_v1,m2_routing_stability_eta0p496_v1,m2route_mass_plus10_cem_eta0p496_seed63400007,seeded_ic_v1,qplite,/home/suhas/crazysim_ws/safe-landing-ftc/results/final/model_sensitivity/ofat/m2_routing_stability_eta0p496/trials/m2route_mass_plus10_cem_eta0p496_seed63400007.csv,4227,cem_tuned_boundary,balanced_3000_0_3000_12000,3000,0,3000,12000,0.7200596928596497,-0.004653243348002434,True,True,11.527143955230713,adaptive_brake,1.123923420906067,0.05814865123908378,8.690600395202637,1.6603149180932408,0.2449932428666922,False,True,True,False,True,False
mass_plus10,mass,1.10,0ad4e7a81bb28fe519cdcc54f3f9171cdc92ffd32b0776502e84aabd531e0398,cem,1,2,0.496000,8,63400008,seeded_ic_v1,m2_routing_stability_eta0p496_v1,m2route_mass_plus10_cem_eta0p496_seed63400008,seeded_ic_v1,qplite,/home/suhas/crazysim_ws/safe-landing-ftc/results/final/model_sensitivity/ofat/m2_routing_stability_eta0p496/trials/m2route_mass_plus10_cem_eta0p496_seed63400008.csv,4206,cem_tuned_boundary,balanced_3000_0_3000_12000,3000,0,3000,12000,0.7243854403495789,-0.004814931191504002,True,True,11.383497714996338,adaptive_brake,1.117940068244934,0.05984109751751931,8.663592338562012,1.6252670124820483,0.24464101513474515,False,True,True,False,True,False
mass_plus10,mass,1.10,0ad4e7a81bb28fe519cdcc54f3f9171cdc92ffd32b0776502e84aabd531e0398,pinv,2,2,0.496000,8,63400008,seeded_ic_v1,m2_routing_stability_eta0p496_v1,m2route_mass_plus10_pinv_eta0p496_seed63400008,seeded_ic_v1,pinv,/home/suhas/crazysim_ws/safe-landing-ftc/results/final/model_sensitivity/ofat/m2_routing_stability_eta0p496/trials/m2route_mass_plus10_pinv_eta0p496_seed63400008.csv,4208,pinv_bounded_wls_w1_1_1_0.2_lambda1e-06,bounded_fault_aware_wls,0,0,0,0,0.7243962287902832,-0.004763180855661631,True,True,11.624903440475464,adaptive_brake,1.3067182302474976,0.03222451211892341,1.0685641765594482,1.4838472925526007,0.029519808791395,False,True,True,True,True,False
mass_plus10,mass,1.10,0ad4e7a81bb28fe519cdcc54f3f9171cdc92ffd32b0776502e84aabd531e0398,pinv,1,2,0.496000,9,63400009,seeded_ic_v1,m2_routing_stability_eta0p496_v1,m2route_mass_plus10_pinv_eta0p496_seed63400009,seeded_ic_v1,pinv,/home/suhas/crazysim_ws/safe-landing-ftc/results/final/model_sensitivity/ofat/m2_routing_stability_eta0p496/trials/m2route_mass_plus10_pinv_eta0p496_seed63400009.csv,4161,pinv_bounded_wls_w1_1_1_0.2_lambda1e-06,bounded_fault_aware_wls,0,0,0,0,0.7321493029594421,-0.0053010666742920876,True,True,11.304585218429565,adaptive_brake,1.298117756843567,0.032357326291261486,1.074547290802002,1.4802330971204811,0.03076129556768739,False,True,True,True,True,False
mass_plus10,mass,1.10,0ad4e7a81bb28fe519cdcc54f3f9171cdc92ffd32b0776502e84aabd531e0398,cem,2,2,0.496000,9,63400009,seeded_ic_v1,m2_routing_stability_eta0p496_v1,m2route_mass_plus10_cem_eta0p496_seed63400009,seeded_ic_v1,qplite,/home/suhas/crazysim_ws/safe-landing-ftc/results/final/model_sensitivity/ofat/m2_routing_stability_eta0p496/trials/m2route_mass_plus10_cem_eta0p496_seed63400009.csv,4158,cem_tuned_boundary,balanced_3000_0_3000_12000,3000,0,3000,12000,0.7322074174880981,-0.00501420721411705,True,True,11.073841571807861,adaptive_brake,1.1241347789764404,0.05885416869067525,8.711984634399414,1.6221840109849044,0.24366909092171174,False,True,True,False,True,False
mass_plus10,mass,1.10,0ad4e7a81bb28fe519cdcc54f3f9171cdc92ffd32b0776502e84aabd531e0398,cem,1,2,0.496000,10,63400010,seeded_ic_v1,m2_routing_stability_eta0p496_v1,m2route_mass_plus10_cem_eta0p496_seed63400010,seeded_ic_v1,qplite,/home/suhas/crazysim_ws/safe-landing-ftc/results/final/model_sensitivity/ofat/m2_routing_stability_eta0p496/trials/m2route_mass_plus10_cem_eta0p496_seed63400010.csv,4179,cem_tuned_boundary,balanced_3000_0_3000_12000,3000,0,3000,12000,0.7328168153762817,-0.0050000459887087345,True,True,11.205349445343018,adaptive_brake,1.1332285404205322,0.05752210475787419,8.675241470336914,1.6097456220211737,0.2409048559379574,False,True,True,False,True,False
mass_plus10,mass,1.10,0ad4e7a81bb28fe519cdcc54f3f9171cdc92ffd32b0776502e84aabd531e0398,pinv,2,2,0.496000,10,63400010,seeded_ic_v1,m2_routing_stability_eta0p496_v1,m2route_mass_plus10_pinv_eta0p496_seed63400010,seeded_ic_v1,pinv,/home/suhas/crazysim_ws/safe-landing-ftc/results/final/model_sensitivity/ofat/m2_routing_stability_eta0p496/trials/m2route_mass_plus10_pinv_eta0p496_seed63400010.csv,4176,pinv_bounded_wls_w1_1_1_0.2_lambda1e-06,bounded_fault_aware_wls,0,0,0,0,0.7330202460289001,-0.0049019441939890385,True,True,11.439419984817505,adaptive_brake,1.2965117692947388,0.03223177274496388,1.0965341329574585,1.4900077989195293,0.029903677366698113,False,True,True,True,True,False
mass_plus10,mass,1.10,0ad4e7a81bb28fe519cdcc54f3f9171cdc92ffd32b0776502e84aabd531e0398,pinv,1,2,0.496000,11,63400011,seeded_ic_v1,m2_routing_stability_eta0p496_v1,m2route_mass_plus10_pinv_eta0p496_seed63400011,seeded_ic_v1,pinv,/home/suhas/crazysim_ws/safe-landing-ftc/results/final/model_sensitivity/ofat/m2_routing_stability_eta0p496/trials/m2route_mass_plus10_pinv_eta0p496_seed63400011.csv,4224,pinv_bounded_wls_w1_1_1_0.2_lambda1e-06,bounded_fault_aware_wls,0,0,0,0,0.7065488696098328,-0.004388740286231041,True,True,11.71111249923706,adaptive_brake,1.2636975049972534,0.029192613075043523,1.0737534761428833,1.4832594825533676,0.03031845549504321,False,True,True,True,True,False
mass_plus10,mass,1.10,0ad4e7a81bb28fe519cdcc54f3f9171cdc92ffd32b0776502e84aabd531e0398,cem,2,2,0.496000,11,63400011,seeded_ic_v1,m2_routing_stability_eta0p496_v1,m2route_mass_plus10_cem_eta0p496_seed63400011,seeded_ic_v1,qplite,/home/suhas/crazysim_ws/safe-landing-ftc/results/final/model_sensitivity/ofat/m2_routing_stability_eta0p496/trials/m2route_mass_plus10_cem_eta0p496_seed63400011.csv,4224,cem_tuned_boundary,balanced_3000_0_3000_12000,3000,0,3000,12000,0.706521213054657,-0.004423965234309435,True,True,11.463104009628296,adaptive_brake,1.1192572116851807,0.05769816147697073,8.717100143432617,1.6228004336832973,0.23899486140441728,False,True,True,False,True,False
mass_plus10,mass,1.10,0ad4e7a81bb28fe519cdcc54f3f9171cdc92ffd32b0776502e84aabd531e0398,cem,1,2,0.496000,12,63400012,seeded_ic_v1,m2_routing_stability_eta0p496_v1,m2route_mass_plus10_cem_eta0p496_seed63400012,seeded_ic_v1,qplite,/home/suhas/crazysim_ws/safe-landing-ftc/results/final/model_sensitivity/ofat/m2_routing_stability_eta0p496/trials/m2route_mass_plus10_cem_eta0p496_seed63400012.csv,4191,cem_tuned_boundary,balanced_3000_0_3000_12000,3000,0,3000,12000,0.7247129678726196,-0.0048421029932796955,True,True,11.266157388687134,adaptive_brake,1.1203277111053467,0.05930644024008064,8.701651573181152,1.6438759833436447,0.24303365444276917,False,True,True,False,True,False
mass_plus10,mass,1.10,0ad4e7a81bb28fe519cdcc54f3f9171cdc92ffd32b0776502e84aabd531e0398,pinv,2,2,0.496000,12,63400012,seeded_ic_v1,m2_routing_stability_eta0p496_v1,m2route_mass_plus10_pinv_eta0p496_seed63400012,seeded_ic_v1,pinv,/home/suhas/crazysim_ws/safe-landing-ftc/results/final/model_sensitivity/ofat/m2_routing_stability_eta0p496/trials/m2route_mass_plus10_pinv_eta0p496_seed63400012.csv,4188,pinv_bounded_wls_w1_1_1_0.2_lambda1e-06,bounded_fault_aware_wls,0,0,0,0,0.7242217659950256,-0.004968573804944754,True,True,11.50884747505188,adaptive_brake,1.3117579221725464,0.03173005343339039,1.088759422302246,1.516877518085428,0.029946423602255568,False,True,True,False,True,False
mass_plus10,mass,1.10,0ad4e7a81bb28fe519cdcc54f3f9171cdc92ffd32b0776502e84aabd531e0398,pinv,1,2,0.496000,13,63400013,seeded_ic_v1,m2_routing_stability_eta0p496_v1,m2route_mass_plus10_pinv_eta0p496_seed63400013,seeded_ic_v1,pinv,/home/suhas/crazysim_ws/safe-landing-ftc/results/final/model_sensitivity/ofat/m2_routing_stability_eta0p496/trials/m2route_mass_plus10_pinv_eta0p496_seed63400013.csv,4191,pinv_bounded_wls_w1_1_1_0.2_lambda1e-06,bounded_fault_aware_wls,0,0,0,0,0.7187913060188293,-0.004895088728517294,True,True,11.505115985870361,adaptive_brake,1.2907352447509766,0.030737231110557067,1.119978666305542,1.476285204931408,0.028772243992036813,False,True,True,True,True,False
mass_plus10,mass,1.10,0ad4e7a81bb28fe519cdcc54f3f9171cdc92ffd32b0776502e84aabd531e0398,cem,2,2,0.496000,13,63400013,seeded_ic_v1,m2_routing_stability_eta0p496_v1,m2route_mass_plus10_cem_eta0p496_seed63400013,seeded_ic_v1,qplite,/home/suhas/crazysim_ws/safe-landing-ftc/results/final/model_sensitivity/ofat/m2_routing_stability_eta0p496/trials/m2route_mass_plus10_cem_eta0p496_seed63400013.csv,4191,cem_tuned_boundary,balanced_3000_0_3000_12000,3000,0,3000,12000,0.7189787030220032,-0.0045643215999007225,True,True,11.26911997795105,adaptive_brake,1.1488916873931885,0.053375341491473806,8.806039810180664,1.6196263480968307,0.21924450298111609,False,True,True,False,True,False
mass_plus10,mass,1.10,0ad4e7a81bb28fe519cdcc54f3f9171cdc92ffd32b0776502e84aabd531e0398,cem,1,2,0.496000,14,63400014,seeded_ic_v1,m2_routing_stability_eta0p496_v1,m2route_mass_plus10_cem_eta0p496_seed63400014,seeded_ic_v1,qplite,/home/suhas/crazysim_ws/safe-landing-ftc/results/final/model_sensitivity/ofat/m2_routing_stability_eta0p496/trials/m2route_mass_plus10_cem_eta0p496_seed63400014.csv,4185,cem_tuned_boundary,balanced_3000_0_3000_12000,3000,0,3000,12000,0.6978006958961487,-0.004757154267281294,True,True,11.184974908828735,adaptive_brake,1.0843572616577148,0.057591923817546305,8.70245361328125,1.6611375607414152,0.24034656794652073,False,True,True,False,True,False
mass_plus10,mass,1.10,0ad4e7a81bb28fe519cdcc54f3f9171cdc92ffd32b0776502e84aabd531e0398,pinv,2,2,0.496000,14,63400014,seeded_ic_v1,m2_routing_stability_eta0p496_v1,m2route_mass_plus10_pinv_eta0p496_seed63400014,seeded_ic_v1,pinv,/home/suhas/crazysim_ws/safe-landing-ftc/results/final/model_sensitivity/ofat/m2_routing_stability_eta0p496/trials/m2route_mass_plus10_pinv_eta0p496_seed63400014.csv,4182,pinv_bounded_wls_w1_1_1_0.2_lambda1e-06,bounded_fault_aware_wls,0,0,0,0,0.6978633403778076,-0.004930142778903246,True,True,11.428040504455566,adaptive_brake,1.2637375593185425,0.0271914950410504,1.0920580625534058,1.4913164166653334,0.029566048509320993,False,True,True,True,True,False
mass_plus10,mass,1.10,0ad4e7a81bb28fe519cdcc54f3f9171cdc92ffd32b0776502e84aabd531e0398,pinv,1,2,0.496000,15,63400015,seeded_ic_v1,m2_routing_stability_eta0p496_v1,m2route_mass_plus10_pinv_eta0p496_seed63400015,seeded_ic_v1,pinv,/home/suhas/crazysim_ws/safe-landing-ftc/results/final/model_sensitivity/ofat/m2_routing_stability_eta0p496/trials/m2route_mass_plus10_pinv_eta0p496_seed63400015.csv,4197,pinv_bounded_wls_w1_1_1_0.2_lambda1e-06,bounded_fault_aware_wls,0,0,0,0,0.7125989198684692,-0.0046101585030555725,True,True,11.541498184204102,adaptive_brake,1.2824405431747437,0.029814838671646842,1.1220277547836304,1.4875223594951121,0.029257721074483416,False,True,True,True,True,False
mass_plus10,mass,1.10,0ad4e7a81bb28fe519cdcc54f3f9171cdc92ffd32b0776502e84aabd531e0398,cem,2,2,0.496000,15,63400015,seeded_ic_v1,m2_routing_stability_eta0p496_v1,m2route_mass_plus10_cem_eta0p496_seed63400015,seeded_ic_v1,qplite,/home/suhas/crazysim_ws/safe-landing-ftc/results/final/model_sensitivity/ofat/m2_routing_stability_eta0p496/trials/m2route_mass_plus10_cem_eta0p496_seed63400015.csv,4200,cem_tuned_boundary,balanced_3000_0_3000_12000,3000,0,3000,12000,0.7123409509658813,-0.004866219591349363,True,True,11.325148820877075,adaptive_brake,1.1058236360549927,0.06393288552934857,8.701820373535156,1.6692950078118238,0.24890637045589217,False,True,True,False,True,False
mass_plus10,mass,1.10,0ad4e7a81bb28fe519cdcc54f3f9171cdc92ffd32b0776502e84aabd531e0398,cem,1,2,0.496000,16,63400016,seeded_ic_v1,m2_routing_stability_eta0p496_v1,m2route_mass_plus10_cem_eta0p496_seed63400016,seeded_ic_v1,qplite,/home/suhas/crazysim_ws/safe-landing-ftc/results/final/model_sensitivity/ofat/m2_routing_stability_eta0p496/trials/m2route_mass_plus10_cem_eta0p496_seed63400016.csv,4188,cem_tuned_boundary,balanced_3000_0_3000_12000,3000,0,3000,12000,0.7352170348167419,-0.004932980053126812,True,True,11.26479458808899,adaptive_brake,1.1314852237701416,0.05832667062993737,8.672589302062988,1.6592256854596807,0.24294225452292834,False,True,True,False,True,False
mass_plus10,mass,1.10,0ad4e7a81bb28fe519cdcc54f3f9171cdc92ffd32b0776502e84aabd531e0398,pinv,2,2,0.496000,16,63400016,seeded_ic_v1,m2_routing_stability_eta0p496_v1,m2route_mass_plus10_pinv_eta0p496_seed63400016,seeded_ic_v1,pinv,/home/suhas/crazysim_ws/safe-landing-ftc/results/final/model_sensitivity/ofat/m2_routing_stability_eta0p496/trials/m2route_mass_plus10_pinv_eta0p496_seed63400016.csv,4188,pinv_bounded_wls_w1_1_1_0.2_lambda1e-06,bounded_fault_aware_wls,0,0,0,0,0.7351189851760864,-0.004853402730077505,True,True,11.504775762557983,adaptive_brake,1.302324891090393,0.0327452191776489,1.0427252054214478,1.4890323868766249,0.030550389821815307,False,True,True,True,True,False
mass_plus10,mass,1.10,0ad4e7a81bb28fe519cdcc54f3f9171cdc92ffd32b0776502e84aabd531e0398,pinv,1,2,0.496000,17,63400017,seeded_ic_v1,m2_routing_stability_eta0p496_v1,m2route_mass_plus10_pinv_eta0p496_seed63400017,seeded_ic_v1,pinv,/home/suhas/crazysim_ws/safe-landing-ftc/results/final/model_sensitivity/ofat/m2_routing_stability_eta0p496/trials/m2route_mass_plus10_pinv_eta0p496_seed63400017.csv,4206,pinv_bounded_wls_w1_1_1_0.2_lambda1e-06,bounded_fault_aware_wls,0,0,0,0,0.7193381190299988,-0.004817953333258629,True,True,11.58859395980835,adaptive_brake,1.2847535610198975,0.02992905300968413,1.0757441520690918,1.4866965932252283,0.029557663247879784,False,True,True,True,True,False
mass_plus10,mass,1.10,0ad4e7a81bb28fe519cdcc54f3f9171cdc92ffd32b0776502e84aabd531e0398,cem,2,2,0.496000,17,63400017,seeded_ic_v1,m2_routing_stability_eta0p496_v1,m2route_mass_plus10_cem_eta0p496_seed63400017,seeded_ic_v1,qplite,/home/suhas/crazysim_ws/safe-landing-ftc/results/final/model_sensitivity/ofat/m2_routing_stability_eta0p496/trials/m2route_mass_plus10_cem_eta0p496_seed63400017.csv,4206,cem_tuned_boundary,balanced_3000_0_3000_12000,3000,0,3000,12000,0.7193977236747742,-0.0045946333557367325,True,True,11.349087476730347,adaptive_brake,1.1008877754211426,0.05861539242792826,8.709062576293945,1.6356012464593914,0.2421027186367236,False,True,True,False,True,False
mass_plus10,mass,1.10,0ad4e7a81bb28fe519cdcc54f3f9171cdc92ffd32b0776502e84aabd531e0398,cem,1,2,0.496000,18,63400018,seeded_ic_v1,m2_routing_stability_eta0p496_v1,m2route_mass_plus10_cem_eta0p496_seed63400018,seeded_ic_v1,qplite,/home/suhas/crazysim_ws/safe-landing-ftc/results/final/model_sensitivity/ofat/m2_routing_stability_eta0p496/trials/m2route_mass_plus10_cem_eta0p496_seed63400018.csv,4212,cem_tuned_boundary,balanced_3000_0_3000_12000,3000,0,3000,12000,0.7188225984573364,-0.004673887509852648,True,True,11.389241218566895,adaptive_brake,1.113418459892273,0.05756179812811529,8.711675643920898,1.6442191898298573,0.24078556827455402,False,True,True,False,True,False
mass_plus10,mass,1.10,0ad4e7a81bb28fe519cdcc54f3f9171cdc92ffd32b0776502e84aabd531e0398,pinv,2,2,0.496000,18,63400018,seeded_ic_v1,m2_routing_stability_eta0p496_v1,m2route_mass_plus10_pinv_eta0p496_seed63400018,seeded_ic_v1,pinv,/home/suhas/crazysim_ws/safe-landing-ftc/results/final/model_sensitivity/ofat/m2_routing_stability_eta0p496/trials/m2route_mass_plus10_pinv_eta0p496_seed63400018.csv,4212,pinv_bounded_wls_w1_1_1_0.2_lambda1e-06,bounded_fault_aware_wls,0,0,0,0,0.718955934047699,-0.004642243031412363,True,True,11.628311157226562,adaptive_brake,1.2933411598205566,0.03141662056563776,1.076949954032898,1.487200836249342,0.030294753329710017,False,True,True,True,True,False
mass_plus10,mass,1.10,0ad4e7a81bb28fe519cdcc54f3f9171cdc92ffd32b0776502e84aabd531e0398,pinv,1,2,0.496000,19,63400019,seeded_ic_v1,m2_routing_stability_eta0p496_v1,m2route_mass_plus10_pinv_eta0p496_seed63400019,seeded_ic_v1,pinv,/home/suhas/crazysim_ws/safe-landing-ftc/results/final/model_sensitivity/ofat/m2_routing_stability_eta0p496/trials/m2route_mass_plus10_pinv_eta0p496_seed63400019.csv,4176,pinv_bounded_wls_w1_1_1_0.2_lambda1e-06,bounded_fault_aware_wls,0,0,0,0,0.7192643880844116,-0.005200014915317297,True,True,11.409691572189331,adaptive_brake,1.2962522506713867,0.029006836044302292,1.0514699220657349,1.49633047973916,0.03115186581206353,False,True,True,True,True,False
mass_plus10,mass,1.10,0ad4e7a81bb28fe519cdcc54f3f9171cdc92ffd32b0776502e84aabd531e0398,cem,2,2,0.496000,19,63400019,seeded_ic_v1,m2_routing_stability_eta0p496_v1,m2route_mass_plus10_cem_eta0p496_seed63400019,seeded_ic_v1,qplite,/home/suhas/crazysim_ws/safe-landing-ftc/results/final/model_sensitivity/ofat/m2_routing_stability_eta0p496/trials/m2route_mass_plus10_cem_eta0p496_seed63400019.csv,4176,cem_tuned_boundary,balanced_3000_0_3000_12000,3000,0,3000,12000,0.7192836999893188,-0.00498850317671895,True,True,11.149738311767578,adaptive_brake,1.1070307493209839,0.058479356480426466,8.658210754394531,1.605084277196835,0.2423924818548523,False,True,True,False,True,False
mass_plus10,mass,1.10,0ad4e7a81bb28fe519cdcc54f3f9171cdc92ffd32b0776502e84aabd531e0398,cem,1,2,0.496000,20,63400020,seeded_ic_v1,m2_routing_stability_eta0p496_v1,m2route_mass_plus10_cem_eta0p496_seed63400020,seeded_ic_v1,qplite,/home/suhas/crazysim_ws/safe-landing-ftc/results/final/model_sensitivity/ofat/m2_routing_stability_eta0p496/trials/m2route_mass_plus10_cem_eta0p496_seed63400020.csv,4185,cem_tuned_boundary,balanced_3000_0_3000_12000,3000,0,3000,12000,0.7075649499893188,-0.005101005081087351,True,True,11.206252813339233,adaptive_brake,1.1090764999389648,0.059125048956066135,8.674338340759277,1.6337361623196769,0.24396848785313816,False,True,True,False,True,False
mass_plus10,mass,1.10,0ad4e7a81bb28fe519cdcc54f3f9171cdc92ffd32b0776502e84aabd531e0398,pinv,2,2,0.496000,20,63400020,seeded_ic_v1,m2_routing_stability_eta0p496_v1,m2route_mass_plus10_pinv_eta0p496_seed63400020,seeded_ic_v1,pinv,/home/suhas/crazysim_ws/safe-landing-ftc/results/final/model_sensitivity/ofat/m2_routing_stability_eta0p496/trials/m2route_mass_plus10_pinv_eta0p496_seed63400020.csv,4179,pinv_bounded_wls_w1_1_1_0.2_lambda1e-06,bounded_fault_aware_wls,0,0,0,0,0.7076483964920044,-0.004664798267185688,True,True,11.441169500350952,adaptive_brake,1.2835086584091187,0.029449942007205944,1.0688525438308716,1.5012429695812808,0.030404979730864295,False,True,True,False,True,False
mass_plus10,mass,1.10,0ad4e7a81bb28fe519cdcc54f3f9171cdc92ffd32b0776502e84aabd531e0398,pinv,1,2,0.496000,21,63400021,seeded_ic_v1,m2_routing_stability_eta0p496_v1,m2route_mass_plus10_pinv_eta0p496_seed63400021,seeded_ic_v1,pinv,/home/suhas/crazysim_ws/safe-landing-ftc/results/final/model_sensitivity/ofat/m2_routing_stability_eta0p496/trials/m2route_mass_plus10_pinv_eta0p496_seed63400021.csv,4215,pinv_bounded_wls_w1_1_1_0.2_lambda1e-06,bounded_fault_aware_wls,0,0,0,0,0.6998947262763977,-0.0044913324527442455,True,True,11.629664182662964,adaptive_brake,1.2690390348434448,0.028094089347910998,1.0873149633407593,1.489544960268712,0.03059210938921977,False,True,True,True,True,False
mass_plus10,mass,1.10,0ad4e7a81bb28fe519cdcc54f3f9171cdc92ffd32b0776502e84aabd531e0398,cem,2,2,0.496000,21,63400021,seeded_ic_v1,m2_routing_stability_eta0p496_v1,m2route_mass_plus10_cem_eta0p496_seed63400021,seeded_ic_v1,qplite,/home/suhas/crazysim_ws/safe-landing-ftc/results/final/model_sensitivity/ofat/m2_routing_stability_eta0p496/trials/m2route_mass_plus10_cem_eta0p496_seed63400021.csv,4215,cem_tuned_boundary,balanced_3000_0_3000_12000,3000,0,3000,12000,0.6999590396881104,-0.00473000667989254,True,True,11.409141302108765,adaptive_brake,1.0911121368408203,0.05816144794551288,8.660614013671875,1.672812833571125,0.24472531412237816,False,True,True,False,True,False
mass_plus10,mass,1.10,0ad4e7a81bb28fe519cdcc54f3f9171cdc92ffd32b0776502e84aabd531e0398,cem,1,2,0.496000,22,63400022,seeded_ic_v1,m2_routing_stability_eta0p496_v1,m2route_mass_plus10_cem_eta0p496_seed63400022,seeded_ic_v1,qplite,/home/suhas/crazysim_ws/safe-landing-ftc/results/final/model_sensitivity/ofat/m2_routing_stability_eta0p496/trials/m2route_mass_plus10_cem_eta0p496_seed63400022.csv,4164,cem_tuned_boundary,balanced_3000_0_3000_12000,3000,0,3000,12000,0.7221121788024902,-0.00529335904866457,True,True,11.085414409637451,adaptive_brake,1.1145590543746948,0.058789154101018384,8.713531494140625,1.6421204094813235,0.2430434158432177,False,True,True,False,True,False
mass_plus10,mass,1.10,0ad4e7a81bb28fe519cdcc54f3f9171cdc92ffd32b0776502e84aabd531e0398,pinv,2,2,0.496000,22,63400022,seeded_ic_v1,m2_routing_stability_eta0p496_v1,m2route_mass_plus10_pinv_eta0p496_seed63400022,seeded_ic_v1,pinv,/home/suhas/crazysim_ws/safe-landing-ftc/results/final/model_sensitivity/ofat/m2_routing_stability_eta0p496/trials/m2route_mass_plus10_pinv_eta0p496_seed63400022.csv,4161,pinv_bounded_wls_w1_1_1_0.2_lambda1e-06,bounded_fault_aware_wls,0,0,0,0,0.7222675085067749,-0.005342583637684584,True,True,11.288605213165283,adaptive_brake,1.2744710445404053,0.031189929163228016,1.085485816001892,1.4858161784406891,0.02985211999052872,False,True,True,True,True,False
mass_plus10,mass,1.10,0ad4e7a81bb28fe519cdcc54f3f9171cdc92ffd32b0776502e84aabd531e0398,pinv,1,2,0.496000,23,63400023,seeded_ic_v1,m2_routing_stability_eta0p496_v1,m2route_mass_plus10_pinv_eta0p496_seed63400023,seeded_ic_v1,pinv,/home/suhas/crazysim_ws/safe-landing-ftc/results/final/model_sensitivity/ofat/m2_routing_stability_eta0p496/trials/m2route_mass_plus10_pinv_eta0p496_seed63400023.csv,4209,pinv_bounded_wls_w1_1_1_0.2_lambda1e-06,bounded_fault_aware_wls,0,0,0,0,0.7062985301017761,-0.004630626179277897,True,True,11.60925579071045,adaptive_brake,1.2882912158966064,0.03102393202893935,1.0858243703842163,1.4932371886903757,0.029426066386352027,False,True,True,True,True,False
mass_plus10,mass,1.10,0ad4e7a81bb28fe519cdcc54f3f9171cdc92ffd32b0776502e84aabd531e0398,cem,2,2,0.496000,23,63400023,seeded_ic_v1,m2_routing_stability_eta0p496_v1,m2route_mass_plus10_cem_eta0p496_seed63400023,seeded_ic_v1,qplite,/home/suhas/crazysim_ws/safe-landing-ftc/results/final/model_sensitivity/ofat/m2_routing_stability_eta0p496/trials/m2route_mass_plus10_cem_eta0p496_seed63400023.csv,4206,cem_tuned_boundary,balanced_3000_0_3000_12000,3000,0,3000,12000,0.7062754034996033,-0.00440443167462945,True,True,11.365625143051147,adaptive_brake,1.096165657043457,0.057649976979793335,8.64781379699707,1.6449468929257522,0.2403896369009175,False,True,True,False,True,False
mass_plus10,mass,1.10,0ad4e7a81bb28fe519cdcc54f3f9171cdc92ffd32b0776502e84aabd531e0398,cem,1,2,0.496000,24,63400024,seeded_ic_v1,m2_routing_stability_eta0p496_v1,m2route_mass_plus10_cem_eta0p496_seed63400024,seeded_ic_v1,qplite,/home/suhas/crazysim_ws/safe-landing-ftc/results/final/model_sensitivity/ofat/m2_routing_stability_eta0p496/trials/m2route_mass_plus10_cem_eta0p496_seed63400024.csv,4224,cem_tuned_boundary,balanced_3000_0_3000_12000,3000,0,3000,12000,0.7014186382293701,-0.004536428954452276,True,True,11.465446949005127,adaptive_brake,1.0880482196807861,0.058306657625624786,8.674415588378906,1.6492599430409691,0.24380350272528292,False,True,True,False,True,False
mass_plus10,mass,1.10,0ad4e7a81bb28fe519cdcc54f3f9171cdc92ffd32b0776502e84aabd531e0398,pinv,2,2,0.496000,24,63400024,seeded_ic_v1,m2_routing_stability_eta0p496_v1,m2route_mass_plus10_pinv_eta0p496_seed63400024,seeded_ic_v1,pinv,/home/suhas/crazysim_ws/safe-landing-ftc/results/final/model_sensitivity/ofat/m2_routing_stability_eta0p496/trials/m2route_mass_plus10_pinv_eta0p496_seed63400024.csv,4221,pinv_bounded_wls_w1_1_1_0.2_lambda1e-06,bounded_fault_aware_wls,0,0,0,0,0.7014834880828857,-0.00465708551928401,True,True,11.687599658966064,adaptive_brake,1.258189082145691,0.028167755189847855,1.0685527324676514,1.4912826991187318,0.030833398098952292,False,True,True,True,True,False
mass_plus10,mass,1.10,0ad4e7a81bb28fe519cdcc54f3f9171cdc92ffd32b0776502e84aabd531e0398,pinv,1,2,0.496000,25,63400025,seeded_ic_v1,m2_routing_stability_eta0p496_v1,m2route_mass_plus10_pinv_eta0p496_seed63400025,seeded_ic_v1,pinv,/home/suhas/crazysim_ws/safe-landing-ftc/results/final/model_sensitivity/ofat/m2_routing_stability_eta0p496/trials/m2route_mass_plus10_pinv_eta0p496_seed63400025.csv,4227,pinv_bounded_wls_w1_1_1_0.2_lambda1e-06,bounded_fault_aware_wls,0,0,0,0,0.7176615595817566,-0.004563603084534407,True,True,11.724848747253418,adaptive_brake,1.2913166284561157,0.029937760944271315,1.0951236486434937,1.4900999011770264,0.029685799235549783,False,True,True,True,True,False
mass_plus10,mass,1.10,0ad4e7a81bb28fe519cdcc54f3f9171cdc92ffd32b0776502e84aabd531e0398,cem,2,2,0.496000,25,63400025,seeded_ic_v1,m2_routing_stability_eta0p496_v1,m2route_mass_plus10_cem_eta0p496_seed63400025,seeded_ic_v1,qplite,/home/suhas/crazysim_ws/safe-landing-ftc/results/final/model_sensitivity/ofat/m2_routing_stability_eta0p496/trials/m2route_mass_plus10_cem_eta0p496_seed63400025.csv,4224,cem_tuned_boundary,balanced_3000_0_3000_12000,3000,0,3000,12000,0.717659056186676,-0.004404145292937756,True,True,11.505385637283325,adaptive_brake,1.124648094177246,0.057503406162771824,8.692218780517578,1.6407902815570434,0.23959948324082875,False,True,True,False,True,False
mass_plus10,mass,1.10,0ad4e7a81bb28fe519cdcc54f3f9171cdc92ffd32b0776502e84aabd531e0398,cem,1,2,0.496000,26,63400026,seeded_ic_v1,m2_routing_stability_eta0p496_v1,m2route_mass_plus10_cem_eta0p496_seed63400026,seeded_ic_v1,qplite,/home/suhas/crazysim_ws/safe-landing-ftc/results/final/model_sensitivity/ofat/m2_routing_stability_eta0p496/trials/m2route_mass_plus10_cem_eta0p496_seed63400026.csv,4221,cem_tuned_boundary,balanced_3000_0_3000_12000,3000,0,3000,12000,0.7316209077835083,-0.004855225794017315,True,True,11.46485686302185,adaptive_brake,1.1254444122314453,0.05792341540438918,8.683185577392578,1.645610931594783,0.24150735211201338,False,True,True,False,True,False
mass_plus10,mass,1.10,0ad4e7a81bb28fe519cdcc54f3f9171cdc92ffd32b0776502e84aabd531e0398,pinv,2,2,0.496000,26,63400026,seeded_ic_v1,m2_routing_stability_eta0p496_v1,m2route_mass_plus10_pinv_eta0p496_seed63400026,seeded_ic_v1,pinv,/home/suhas/crazysim_ws/safe-landing-ftc/results/final/model_sensitivity/ofat/m2_routing_stability_eta0p496/trials/m2route_mass_plus10_pinv_eta0p496_seed63400026.csv,4218,pinv_bounded_wls_w1_1_1_0.2_lambda1e-06,bounded_fault_aware_wls,0,0,0,0,0.7316418290138245,-0.004634635988622904,True,True,11.720980644226074,adaptive_brake,1.2732585668563843,0.03438927647395279,1.1200380325317383,1.4923577500187923,0.029256863017307518,False,True,True,True,True,False
mass_plus10,mass,1.10,0ad4e7a81bb28fe519cdcc54f3f9171cdc92ffd32b0776502e84aabd531e0398,pinv,1,2,0.496000,27,63400027,seeded_ic_v1,m2_routing_stability_eta0p496_v1,m2route_mass_plus10_pinv_eta0p496_seed63400027,seeded_ic_v1,pinv,/home/suhas/crazysim_ws/safe-landing-ftc/results/final/model_sensitivity/ofat/m2_routing_stability_eta0p496/trials/m2route_mass_plus10_pinv_eta0p496_seed63400027.csv,4197,pinv_bounded_wls_w1_1_1_0.2_lambda1e-06,bounded_fault_aware_wls,0,0,0,0,0.7014735341072083,-0.004515268839895725,True,True,11.523171186447144,adaptive_brake,1.2745898962020874,0.02899517159500126,1.087707757949829,1.4862178422950918,0.029882965768948864,False,True,True,True,True,False
mass_plus10,mass,1.10,0ad4e7a81bb28fe519cdcc54f3f9171cdc92ffd32b0776502e84aabd531e0398,cem,2,2,0.496000,27,63400027,seeded_ic_v1,m2_routing_stability_eta0p496_v1,m2route_mass_plus10_cem_eta0p496_seed63400027,seeded_ic_v1,qplite,/home/suhas/crazysim_ws/safe-landing-ftc/results/final/model_sensitivity/ofat/m2_routing_stability_eta0p496/trials/m2route_mass_plus10_cem_eta0p496_seed63400027.csv,4200,cem_tuned_boundary,balanced_3000_0_3000_12000,3000,0,3000,12000,0.7014101147651672,-0.0047561596147716045,True,True,11.307458639144897,adaptive_brake,1.09389328956604,0.05798508611580992,8.646354675292969,1.6394527643027557,0.24265231362990194,False,True,True,False,True,False
mass_plus10,mass,1.10,0ad4e7a81bb28fe519cdcc54f3f9171cdc92ffd32b0776502e84aabd531e0398,cem,1,2,0.496000,28,63400028,seeded_ic_v1,m2_routing_stability_eta0p496_v1,m2route_mass_plus10_cem_eta0p496_seed63400028,seeded_ic_v1,qplite,/home/suhas/crazysim_ws/safe-landing-ftc/results/final/model_sensitivity/ofat/m2_routing_stability_eta0p496/trials/m2route_mass_plus10_cem_eta0p496_seed63400028.csv,4194,cem_tuned_boundary,balanced_3000_0_3000_12000,3000,0,3000,12000,0.7004615068435669,-0.004540718160569668,True,True,11.264273643493652,adaptive_brake,1.1022988557815552,0.05847380220983547,8.68040943145752,1.6164978654348139,0.2415969467986335,False,True,True,False,True,False
mass_plus10,mass,1.10,0ad4e7a81bb28fe519cdcc54f3f9171cdc92ffd32b0776502e84aabd531e0398,pinv,2,2,0.496000,28,63400028,seeded_ic_v1,m2_routing_stability_eta0p496_v1,m2route_mass_plus10_pinv_eta0p496_seed63400028,seeded_ic_v1,pinv,/home/suhas/crazysim_ws/safe-landing-ftc/results/final/model_sensitivity/ofat/m2_routing_stability_eta0p496/trials/m2route_mass_plus10_pinv_eta0p496_seed63400028.csv,4194,pinv_bounded_wls_w1_1_1_0.2_lambda1e-06,bounded_fault_aware_wls,0,0,0,0,0.7005565762519836,-0.004583771340548992,True,True,11.50591778755188,adaptive_brake,1.2892401218414307,0.02823791298504505,1.061865210533142,1.5136480685531557,0.03073214384683589,False,True,True,False,True,False
mass_plus10,mass,1.10,0ad4e7a81bb28fe519cdcc54f3f9171cdc92ffd32b0776502e84aabd531e0398,pinv,1,2,0.496000,29,63400029,seeded_ic_v1,m2_routing_stability_eta0p496_v1,m2route_mass_plus10_pinv_eta0p496_seed63400029,seeded_ic_v1,pinv,/home/suhas/crazysim_ws/safe-landing-ftc/results/final/model_sensitivity/ofat/m2_routing_stability_eta0p496/trials/m2route_mass_plus10_pinv_eta0p496_seed63400029.csv,4194,pinv_bounded_wls_w1_1_1_0.2_lambda1e-06,bounded_fault_aware_wls,0,0,0,0,0.7261462211608887,-0.004663052503019571,True,True,11.507634401321411,adaptive_brake,1.3035584688186646,0.030207068114054894,1.0750646591186523,1.4903061963131934,0.0298544683769357,False,True,True,True,True,False
mass_plus10,mass,1.10,0ad4e7a81bb28fe519cdcc54f3f9171cdc92ffd32b0776502e84aabd531e0398,cem,2,2,0.496000,29,63400029,seeded_ic_v1,m2_routing_stability_eta0p496_v1,m2route_mass_plus10_cem_eta0p496_seed63400029,seeded_ic_v1,qplite,/home/suhas/crazysim_ws/safe-landing-ftc/results/final/model_sensitivity/ofat/m2_routing_stability_eta0p496/trials/m2route_mass_plus10_cem_eta0p496_seed63400029.csv,4194,cem_tuned_boundary,balanced_3000_0_3000_12000,3000,0,3000,12000,0.7260802388191223,-0.004796635825186968,True,True,11.284950733184814,adaptive_brake,1.1228362321853638,0.058952087673427085,8.720951080322266,1.648523390524112,0.24451079321602182,False,True,True,False,True,False
mass_plus10,mass,1.10,0ad4e7a81bb28fe519cdcc54f3f9171cdc92ffd32b0776502e84aabd531e0398,cem,1,2,0.496000,30,63400030,seeded_ic_v1,m2_routing_stability_eta0p496_v1,m2route_mass_plus10_cem_eta0p496_seed63400030,seeded_ic_v1,qplite,/home/suhas/crazysim_ws/safe-landing-ftc/results/final/model_sensitivity/ofat/m2_routing_stability_eta0p496/trials/m2route_mass_plus10_cem_eta0p496_seed63400030.csv,4221,cem_tuned_boundary,balanced_3000_0_3000_12000,3000,0,3000,12000,0.7282693386077881,-0.004870192613452673,True,True,11.465258598327637,adaptive_brake,1.117923617362976,0.05994967804930921,8.716633796691895,1.6588084474715339,0.2462951323541254,False,True,True,False,True,False
mass_plus10,mass,1.10,0ad4e7a81bb28fe519cdcc54f3f9171cdc92ffd32b0776502e84aabd531e0398,pinv,2,2,0.496000,30,63400030,seeded_ic_v1,m2_routing_stability_eta0p496_v1,m2route_mass_plus10_pinv_eta0p496_seed63400030,seeded_ic_v1,pinv,/home/suhas/crazysim_ws/safe-landing-ftc/results/final/model_sensitivity/ofat/m2_routing_stability_eta0p496/trials/m2route_mass_plus10_pinv_eta0p496_seed63400030.csv,4221,pinv_bounded_wls_w1_1_1_0.2_lambda1e-06,bounded_fault_aware_wls,0,0,0,0,0.7281971573829651,-0.004831697326153517,True,True,11.688293695449829,adaptive_brake,1.29720139503479,0.029929251307651252,1.090456485748291,1.4905369784291054,0.02983931041098736,False,True,True,True,True,False
thrust_coefficient_minus10,thrust_coefficient,0.90,cc3905baa62024ad88f7af07d23f3de313b8a850d9af2dfeef9ddc8e82b33c77,pinv,1,2,0.496000,1,63400001,seeded_ic_v1,m2_routing_stability_eta0p496_v1,m2route_thrust_coefficient_minus10_pinv_eta0p496_seed63400001,seeded_ic_v1,pinv,/home/suhas/crazysim_ws/safe-landing-ftc/results/final/model_sensitivity/ofat/m2_routing_stability_eta0p496/trials/m2route_thrust_coefficient_minus10_pinv_eta0p496_seed63400001.csv,4176,pinv_bounded_wls_w1_1_1_0.2_lambda1e-06,bounded_fault_aware_wls,0,0,0,0,0.7182111144065857,-0.005044635385274887,True,True,11.365822315216064,adaptive_brake,1.3748186826705933,0.019655155851039014,1.0373018980026245,1.485138283613959,0.029936003754350873,False,True,True,True,True,False
thrust_coefficient_minus10,thrust_coefficient,0.90,cc3905baa62024ad88f7af07d23f3de313b8a850d9af2dfeef9ddc8e82b33c77,cem,2,2,0.496000,1,63400001,seeded_ic_v1,m2_routing_stability_eta0p496_v1,m2route_thrust_coefficient_minus10_cem_eta0p496_seed63400001,seeded_ic_v1,qplite,/home/suhas/crazysim_ws/safe-landing-ftc/results/final/model_sensitivity/ofat/m2_routing_stability_eta0p496/trials/m2route_thrust_coefficient_minus10_cem_eta0p496_seed63400001.csv,4176,cem_tuned_boundary,balanced_3000_0_3000_12000,3000,0,3000,12000,0.7182603478431702,-0.0051600695587694645,True,True,11.147307395935059,adaptive_brake,1.1567538976669312,0.06734216641878676,8.84781265258789,1.6279722024161647,0.23876122554204487,False,True,True,False,True,False
thrust_coefficient_minus10,thrust_coefficient,0.90,cc3905baa62024ad88f7af07d23f3de313b8a850d9af2dfeef9ddc8e82b33c77,cem,1,2,0.496000,2,63400002,seeded_ic_v1,m2_routing_stability_eta0p496_v1,m2route_thrust_coefficient_minus10_cem_eta0p496_seed63400002,seeded_ic_v1,qplite,/home/suhas/crazysim_ws/safe-landing-ftc/results/final/model_sensitivity/ofat/m2_routing_stability_eta0p496/trials/m2route_thrust_coefficient_minus10_cem_eta0p496_seed63400002.csv,4200,cem_tuned_boundary,balanced_3000_0_3000_12000,3000,0,3000,12000,0.7145817279815674,-0.004737056791782379,True,True,11.30871033668518,adaptive_brake,1.1358143091201782,0.07018601553718999,8.795878410339355,1.6370168171877415,0.24376634941649608,False,True,True,False,True,False
thrust_coefficient_minus10,thrust_coefficient,0.90,cc3905baa62024ad88f7af07d23f3de313b8a850d9af2dfeef9ddc8e82b33c77,pinv,2,2,0.496000,2,63400002,seeded_ic_v1,m2_routing_stability_eta0p496_v1,m2route_thrust_coefficient_minus10_pinv_eta0p496_seed63400002,seeded_ic_v1,pinv,/home/suhas/crazysim_ws/safe-landing-ftc/results/final/model_sensitivity/ofat/m2_routing_stability_eta0p496/trials/m2route_thrust_coefficient_minus10_pinv_eta0p496_seed63400002.csv,4200,pinv_bounded_wls_w1_1_1_0.2_lambda1e-06,bounded_fault_aware_wls,0,0,0,0,0.7146852016448975,-0.005084935575723648,True,True,11.51062297821045,adaptive_brake,1.36026132106781,0.018379886474208317,0.9957680106163025,1.5047552002920677,0.030305141428191035,False,True,True,False,True,False
thrust_coefficient_minus10,thrust_coefficient,0.90,cc3905baa62024ad88f7af07d23f3de313b8a850d9af2dfeef9ddc8e82b33c77,pinv,1,2,0.496000,3,63400003,seeded_ic_v1,m2_routing_stability_eta0p496_v1,m2route_thrust_coefficient_minus10_pinv_eta0p496_seed63400003,seeded_ic_v1,pinv,/home/suhas/crazysim_ws/safe-landing-ftc/results/final/model_sensitivity/ofat/m2_routing_stability_eta0p496/trials/m2route_thrust_coefficient_minus10_pinv_eta0p496_seed63400003.csv,4188,pinv_bounded_wls_w1_1_1_0.2_lambda1e-06,bounded_fault_aware_wls,0,0,0,0,0.7373822331428528,-0.0050584194250404835,True,True,11.473439931869507,adaptive_brake,1.4024580717086792,0.019866449481993422,0.9461660385131836,1.5189241806292835,0.03136709209308402,False,True,True,False,True,False
thrust_coefficient_minus10,thrust_coefficient,0.90,cc3905baa62024ad88f7af07d23f3de313b8a850d9af2dfeef9ddc8e82b33c77,cem,2,2,0.496000,3,63400003,seeded_ic_v1,m2_routing_stability_eta0p496_v1,m2route_thrust_coefficient_minus10_cem_eta0p496_seed63400003,seeded_ic_v1,qplite,/home/suhas/crazysim_ws/safe-landing-ftc/results/final/model_sensitivity/ofat/m2_routing_stability_eta0p496/trials/m2route_thrust_coefficient_minus10_cem_eta0p496_seed63400003.csv,4191,cem_tuned_boundary,balanced_3000_0_3000_12000,3000,0,3000,12000,0.7374727725982666,-0.005301003344357014,True,True,11.249258518218994,adaptive_brake,1.1641439199447632,0.06902340316438448,8.834009170532227,1.655557028611229,0.2423323328072583,False,True,True,False,True,False
thrust_coefficient_minus10,thrust_coefficient,0.90,cc3905baa62024ad88f7af07d23f3de313b8a850d9af2dfeef9ddc8e82b33c77,cem,1,2,0.496000,4,63400004,seeded_ic_v1,m2_routing_stability_eta0p496_v1,m2route_thrust_coefficient_minus10_cem_eta0p496_seed63400004,seeded_ic_v1,qplite,/home/suhas/crazysim_ws/safe-landing-ftc/results/final/model_sensitivity/ofat/m2_routing_stability_eta0p496/trials/m2route_thrust_coefficient_minus10_cem_eta0p496_seed63400004.csv,4227,cem_tuned_boundary,balanced_3000_0_3000_12000,3000,0,3000,12000,0.7318477630615234,-0.005029927007853985,True,True,11.483341455459595,adaptive_brake,1.174221396446228,0.06577758840327655,8.820959091186523,1.6543777916704006,0.23562991776743872,False,True,True,False,True,False
thrust_coefficient_minus10,thrust_coefficient,0.90,cc3905baa62024ad88f7af07d23f3de313b8a850d9af2dfeef9ddc8e82b33c77,pinv,2,2,0.496000,4,63400004,seeded_ic_v1,m2_routing_stability_eta0p496_v1,m2route_thrust_coefficient_minus10_pinv_eta0p496_seed63400004,seeded_ic_v1,pinv,/home/suhas/crazysim_ws/safe-landing-ftc/results/final/model_sensitivity/ofat/m2_routing_stability_eta0p496/trials/m2route_thrust_coefficient_minus10_pinv_eta0p496_seed63400004.csv,4227,pinv_bounded_wls_w1_1_1_0.2_lambda1e-06,bounded_fault_aware_wls,0,0,0,0,0.7318832278251648,-0.004621288273483515,True,True,11.706433534622192,adaptive_brake,1.3955566883087158,0.020027320292631212,0.9791411757469177,1.4986785441482082,0.030227197892136213,False,True,True,True,True,False
thrust_coefficient_minus10,thrust_coefficient,0.90,cc3905baa62024ad88f7af07d23f3de313b8a850d9af2dfeef9ddc8e82b33c77,pinv,1,2,0.496000,5,63400005,seeded_ic_v1,m2_routing_stability_eta0p496_v1,m2route_thrust_coefficient_minus10_pinv_eta0p496_seed63400005,seeded_ic_v1,pinv,/home/suhas/crazysim_ws/safe-landing-ftc/results/final/model_sensitivity/ofat/m2_routing_stability_eta0p496/trials/m2route_thrust_coefficient_minus10_pinv_eta0p496_seed63400005.csv,4224,pinv_bounded_wls_w1_1_1_0.2_lambda1e-06,bounded_fault_aware_wls,0,0,0,0,0.7365487217903137,-0.004881211090832949,True,True,11.693589925765991,adaptive_brake,1.3885366916656494,0.019973341924994246,0.9729337096214294,1.4981424300241288,0.030885147002952123,False,True,True,True,True,False
thrust_coefficient_minus10,thrust_coefficient,0.90,cc3905baa62024ad88f7af07d23f3de313b8a850d9af2dfeef9ddc8e82b33c77,cem,2,2,0.496000,5,63400005,seeded_ic_v1,m2_routing_stability_eta0p496_v1,m2route_thrust_coefficient_minus10_cem_eta0p496_seed63400005,seeded_ic_v1,qplite,/home/suhas/crazysim_ws/safe-landing-ftc/results/final/model_sensitivity/ofat/m2_routing_stability_eta0p496/trials/m2route_thrust_coefficient_minus10_cem_eta0p496_seed63400005.csv,4224,cem_tuned_boundary,balanced_3000_0_3000_12000,3000,0,3000,12000,0.7366260886192322,-0.004713456612080336,True,True,11.467393398284912,adaptive_brake,1.1694735288619995,0.06799957503656914,8.8421049118042,1.643457678135452,0.24036806573421846,False,True,True,False,True,False
thrust_coefficient_minus10,thrust_coefficient,0.90,cc3905baa62024ad88f7af07d23f3de313b8a850d9af2dfeef9ddc8e82b33c77,cem,1,2,0.496000,6,63400006,seeded_ic_v1,m2_routing_stability_eta0p496_v1,m2route_thrust_coefficient_minus10_cem_eta0p496_seed63400006,seeded_ic_v1,qplite,/home/suhas/crazysim_ws/safe-landing-ftc/results/final/model_sensitivity/ofat/m2_routing_stability_eta0p496/trials/m2route_thrust_coefficient_minus10_cem_eta0p496_seed63400006.csv,4215,cem_tuned_boundary,balanced_3000_0_3000_12000,3000,0,3000,12000,0.7342086434364319,-0.004818908404558897,True,True,11.404429197311401,adaptive_brake,1.171565294265747,0.06607629211727584,8.80625057220459,1.6329170142379272,0.2361409402258032,False,True,True,False,True,False
thrust_coefficient_minus10,thrust_coefficient,0.90,cc3905baa62024ad88f7af07d23f3de313b8a850d9af2dfeef9ddc8e82b33c77,pinv,2,2,0.496000,6,63400006,seeded_ic_v1,m2_routing_stability_eta0p496_v1,m2route_thrust_coefficient_minus10_pinv_eta0p496_seed63400006,seeded_ic_v1,pinv,/home/suhas/crazysim_ws/safe-landing-ftc/results/final/model_sensitivity/ofat/m2_routing_stability_eta0p496/trials/m2route_thrust_coefficient_minus10_pinv_eta0p496_seed63400006.csv,4212,pinv_bounded_wls_w1_1_1_0.2_lambda1e-06,bounded_fault_aware_wls,0,0,0,0,0.7341572046279907,-0.004935395438224077,True,True,11.65926742553711,adaptive_brake,1.3755505084991455,0.020047543728424353,1.0104299783706665,1.511459624724018,0.029843043243000716,False,True,True,False,True,False
thrust_coefficient_minus10,thrust_coefficient,0.90,cc3905baa62024ad88f7af07d23f3de313b8a850d9af2dfeef9ddc8e82b33c77,pinv,1,2,0.496000,7,63400007,seeded_ic_v1,m2_routing_stability_eta0p496_v1,m2route_thrust_coefficient_minus10_pinv_eta0p496_seed63400007,seeded_ic_v1,pinv,/home/suhas/crazysim_ws/safe-landing-ftc/results/final/model_sensitivity/ofat/m2_routing_stability_eta0p496/trials/m2route_thrust_coefficient_minus10_pinv_eta0p496_seed63400007.csv,4227,pinv_bounded_wls_w1_1_1_0.2_lambda1e-06,bounded_fault_aware_wls,0,0,0,0,0.7204354405403137,-0.004456688649952412,True,True,11.72663688659668,adaptive_brake,1.3959453105926514,0.018845046438036105,0.8874653577804565,1.508529643964336,0.0313374047876235,False,True,True,False,True,False
thrust_coefficient_minus10,thrust_coefficient,0.90,cc3905baa62024ad88f7af07d23f3de313b8a850d9af2dfeef9ddc8e82b33c77,cem,2,2,0.496000,7,63400007,seeded_ic_v1,m2_routing_stability_eta0p496_v1,m2route_thrust_coefficient_minus10_cem_eta0p496_seed63400007,seeded_ic_v1,qplite,/home/suhas/crazysim_ws/safe-landing-ftc/results/final/model_sensitivity/ofat/m2_routing_stability_eta0p496/trials/m2route_thrust_coefficient_minus10_cem_eta0p496_seed63400007.csv,4227,cem_tuned_boundary,balanced_3000_0_3000_12000,3000,0,3000,12000,0.7206181883811951,-0.004836647771298885,True,True,11.490023612976074,adaptive_brake,1.1411586999893188,0.06689904775514313,8.765914916992188,1.6313292944983602,0.23920866934842558,False,True,True,False,True,False
thrust_coefficient_minus10,thrust_coefficient,0.90,cc3905baa62024ad88f7af07d23f3de313b8a850d9af2dfeef9ddc8e82b33c77,cem,1,2,0.496000,8,63400008,seeded_ic_v1,m2_routing_stability_eta0p496_v1,m2route_thrust_coefficient_minus10_cem_eta0p496_seed63400008,seeded_ic_v1,qplite,/home/suhas/crazysim_ws/safe-landing-ftc/results/final/model_sensitivity/ofat/m2_routing_stability_eta0p496/trials/m2route_thrust_coefficient_minus10_cem_eta0p496_seed63400008.csv,4206,cem_tuned_boundary,balanced_3000_0_3000_12000,3000,0,3000,12000,0.7248659729957581,-0.0048363604582846165,True,True,11.352678298950195,adaptive_brake,1.1627089977264404,0.07069214564568137,8.773330688476562,1.6259032986271047,0.24402076000637585,False,True,True,False,True,False
thrust_coefficient_minus10,thrust_coefficient,0.90,cc3905baa62024ad88f7af07d23f3de313b8a850d9af2dfeef9ddc8e82b33c77,pinv,2,2,0.496000,8,63400008,seeded_ic_v1,m2_routing_stability_eta0p496_v1,m2route_thrust_coefficient_minus10_pinv_eta0p496_seed63400008,seeded_ic_v1,pinv,/home/suhas/crazysim_ws/safe-landing-ftc/results/final/model_sensitivity/ofat/m2_routing_stability_eta0p496/trials/m2route_thrust_coefficient_minus10_pinv_eta0p496_seed63400008.csv,4206,pinv_bounded_wls_w1_1_1_0.2_lambda1e-06,bounded_fault_aware_wls,0,0,0,0,0.7248536944389343,-0.004935858771204948,True,True,11.56506896018982,adaptive_brake,1.4048209190368652,0.019227377950885367,0.8988332152366638,1.490301238801532,0.030857119626234605,False,True,True,True,True,False
thrust_coefficient_minus10,thrust_coefficient,0.90,cc3905baa62024ad88f7af07d23f3de313b8a850d9af2dfeef9ddc8e82b33c77,pinv,1,2,0.496000,9,63400009,seeded_ic_v1,m2_routing_stability_eta0p496_v1,m2route_thrust_coefficient_minus10_pinv_eta0p496_seed63400009,seeded_ic_v1,pinv,/home/suhas/crazysim_ws/safe-landing-ftc/results/final/model_sensitivity/ofat/m2_routing_stability_eta0p496/trials/m2route_thrust_coefficient_minus10_pinv_eta0p496_seed63400009.csv,4161,pinv_bounded_wls_w1_1_1_0.2_lambda1e-06,bounded_fault_aware_wls,0,0,0,0,0.7325230240821838,-0.00517259119078517,True,True,11.263690948486328,adaptive_brake,1.3883929252624512,0.019421625377786817,0.9862732887268066,1.4997877099611785,0.030213103026506025,False,True,True,True,True,False
thrust_coefficient_minus10,thrust_coefficient,0.90,cc3905baa62024ad88f7af07d23f3de313b8a850d9af2dfeef9ddc8e82b33c77,cem,2,2,0.496000,9,63400009,seeded_ic_v1,m2_routing_stability_eta0p496_v1,m2route_thrust_coefficient_minus10_cem_eta0p496_seed63400009,seeded_ic_v1,qplite,/home/suhas/crazysim_ws/safe-landing-ftc/results/final/model_sensitivity/ofat/m2_routing_stability_eta0p496/trials/m2route_thrust_coefficient_minus10_cem_eta0p496_seed63400009.csv,4161,cem_tuned_boundary,balanced_3000_0_3000_12000,3000,0,3000,12000,0.7325264811515808,-0.005433431826531887,True,True,11.046558856964111,adaptive_brake,1.1660385131835938,0.06806192741319088,8.864160537719727,1.6502262203855904,0.23998247967592043,False,True,True,False,True,False
thrust_coefficient_minus10,thrust_coefficient,0.90,cc3905baa62024ad88f7af07d23f3de313b8a850d9af2dfeef9ddc8e82b33c77,cem,1,2,0.496000,10,63400010,seeded_ic_v1,m2_routing_stability_eta0p496_v1,m2route_thrust_coefficient_minus10_cem_eta0p496_seed63400010,seeded_ic_v1,qplite,/home/suhas/crazysim_ws/safe-landing-ftc/results/final/model_sensitivity/ofat/m2_routing_stability_eta0p496/trials/m2route_thrust_coefficient_minus10_cem_eta0p496_seed63400010.csv,4182,cem_tuned_boundary,balanced_3000_0_3000_12000,3000,0,3000,12000,0.7334012389183044,-0.005082710180431604,True,True,11.165142059326172,adaptive_brake,1.1687082052230835,0.06784867363417212,8.790834426879883,1.6254678481839147,0.24076951783799988,False,True,True,False,True,False
thrust_coefficient_minus10,thrust_coefficient,0.90,cc3905baa62024ad88f7af07d23f3de313b8a850d9af2dfeef9ddc8e82b33c77,pinv,2,2,0.496000,10,63400010,seeded_ic_v1,m2_routing_stability_eta0p496_v1,m2route_thrust_coefficient_minus10_pinv_eta0p496_seed63400010,seeded_ic_v1,pinv,/home/suhas/crazysim_ws/safe-landing-ftc/results/final/model_sensitivity/ofat/m2_routing_stability_eta0p496/trials/m2route_thrust_coefficient_minus10_pinv_eta0p496_seed63400010.csv,4182,pinv_bounded_wls_w1_1_1_0.2_lambda1e-06,bounded_fault_aware_wls,0,0,0,0,0.7333374619483948,-0.005306618753820658,True,True,11.40565037727356,adaptive_brake,1.3997113704681396,0.01886295587470623,0.9341797828674316,1.492887857890428,0.030776570150829463,False,True,True,True,True,False
thrust_coefficient_minus10,thrust_coefficient,0.90,cc3905baa62024ad88f7af07d23f3de313b8a850d9af2dfeef9ddc8e82b33c77,pinv,1,2,0.496000,11,63400011,seeded_ic_v1,m2_routing_stability_eta0p496_v1,m2route_thrust_coefficient_minus10_pinv_eta0p496_seed63400011,seeded_ic_v1,pinv,/home/suhas/crazysim_ws/safe-landing-ftc/results/final/model_sensitivity/ofat/m2_routing_stability_eta0p496/trials/m2route_thrust_coefficient_minus10_pinv_eta0p496_seed63400011.csv,4224,pinv_bounded_wls_w1_1_1_0.2_lambda1e-06,bounded_fault_aware_wls,0,0,0,0,0.7069794535636902,-0.0045721037313342094,True,True,11.663960933685303,adaptive_brake,1.3677103519439697,0.018718219743137886,0.9721500873565674,1.49454984777756,0.029444903838435836,False,True,True,True,True,False
thrust_coefficient_minus10,thrust_coefficient,0.90,cc3905baa62024ad88f7af07d23f3de313b8a850d9af2dfeef9ddc8e82b33c77,cem,2,2,0.496000,11,63400011,seeded_ic_v1,m2_routing_stability_eta0p496_v1,m2route_thrust_coefficient_minus10_cem_eta0p496_seed63400011,seeded_ic_v1,qplite,/home/suhas/crazysim_ws/safe-landing-ftc/results/final/model_sensitivity/ofat/m2_routing_stability_eta0p496/trials/m2route_thrust_coefficient_minus10_cem_eta0p496_seed63400011.csv,4224,cem_tuned_boundary,balanced_3000_0_3000_12000,3000,0,3000,12000,0.7069429159164429,-0.004527062177658081,True,True,11.443153142929077,adaptive_brake,1.146332859992981,0.07095992002215175,8.813705444335938,1.6235397642842864,0.24137483263853882,False,True,True,False,True,False
thrust_coefficient_minus10,thrust_coefficient,0.90,cc3905baa62024ad88f7af07d23f3de313b8a850d9af2dfeef9ddc8e82b33c77,cem,1,2,0.496000,12,63400012,seeded_ic_v1,m2_routing_stability_eta0p496_v1,m2route_thrust_coefficient_minus10_cem_eta0p496_seed63400012,seeded_ic_v1,qplite,/home/suhas/crazysim_ws/safe-landing-ftc/results/final/model_sensitivity/ofat/m2_routing_stability_eta0p496/trials/m2route_thrust_coefficient_minus10_cem_eta0p496_seed63400012.csv,4191,cem_tuned_boundary,balanced_3000_0_3000_12000,3000,0,3000,12000,0.7251288890838623,-0.005051853135228157,True,True,11.225005388259888,adaptive_brake,1.1544843912124634,0.06746806891011471,8.878418922424316,1.629433558242679,0.23779514417080752,False,True,True,False,True,False
thrust_coefficient_minus10,thrust_coefficient,0.90,cc3905baa62024ad88f7af07d23f3de313b8a850d9af2dfeef9ddc8e82b33c77,pinv,2,2,0.496000,12,63400012,seeded_ic_v1,m2_routing_stability_eta0p496_v1,m2route_thrust_coefficient_minus10_pinv_eta0p496_seed63400012,seeded_ic_v1,pinv,/home/suhas/crazysim_ws/safe-landing-ftc/results/final/model_sensitivity/ofat/m2_routing_stability_eta0p496/trials/m2route_thrust_coefficient_minus10_pinv_eta0p496_seed63400012.csv,4191,pinv_bounded_wls_w1_1_1_0.2_lambda1e-06,bounded_fault_aware_wls,0,0,0,0,0.7251237034797668,-0.004917065612971783,True,True,11.463162899017334,adaptive_brake,1.415002465248108,0.019708709049567768,0.9211437106132507,1.4930874427302205,0.031309323261593344,False,True,True,True,True,False
thrust_coefficient_minus10,thrust_coefficient,0.90,cc3905baa62024ad88f7af07d23f3de313b8a850d9af2dfeef9ddc8e82b33c77,pinv,1,2,0.496000,13,63400013,seeded_ic_v1,m2_routing_stability_eta0p496_v1,m2route_thrust_coefficient_minus10_pinv_eta0p496_seed63400013,seeded_ic_v1,pinv,/home/suhas/crazysim_ws/safe-landing-ftc/results/final/model_sensitivity/ofat/m2_routing_stability_eta0p496/trials/m2route_thrust_coefficient_minus10_pinv_eta0p496_seed63400013.csv,4194,pinv_bounded_wls_w1_1_1_0.2_lambda1e-06,bounded_fault_aware_wls,0,0,0,0,0.7192198038101196,-0.005217057187110186,True,True,11.485703229904175,adaptive_brake,1.3847368955612183,0.01923098365245329,0.9953184127807617,1.4971922440024064,0.029980963841544854,False,True,True,True,True,False
thrust_coefficient_minus10,thrust_coefficient,0.90,cc3905baa62024ad88f7af07d23f3de313b8a850d9af2dfeef9ddc8e82b33c77,cem,2,2,0.496000,13,63400013,seeded_ic_v1,m2_routing_stability_eta0p496_v1,m2route_thrust_coefficient_minus10_cem_eta0p496_seed63400013,seeded_ic_v1,qplite,/home/suhas/crazysim_ws/safe-landing-ftc/results/final/model_sensitivity/ofat/m2_routing_stability_eta0p496/trials/m2route_thrust_coefficient_minus10_cem_eta0p496_seed63400013.csv,4194,cem_tuned_boundary,balanced_3000_0_3000_12000,3000,0,3000,12000,0.7192618250846863,-0.005164177622646093,True,True,11.245573043823242,adaptive_brake,1.1511147022247314,0.0687472050890629,8.816058158874512,1.6546662969008168,0.2402421838280736,False,True,True,False,True,False
thrust_coefficient_minus10,thrust_coefficient,0.90,cc3905baa62024ad88f7af07d23f3de313b8a850d9af2dfeef9ddc8e82b33c77,cem,1,2,0.496000,14,63400014,seeded_ic_v1,m2_routing_stability_eta0p496_v1,m2route_thrust_coefficient_minus10_cem_eta0p496_seed63400014,seeded_ic_v1,qplite,/home/suhas/crazysim_ws/safe-landing-ftc/results/final/model_sensitivity/ofat/m2_routing_stability_eta0p496/trials/m2route_thrust_coefficient_minus10_cem_eta0p496_seed63400014.csv,4185,cem_tuned_boundary,balanced_3000_0_3000_12000,3000,0,3000,12000,0.6982380151748657,-0.00513445632532239,True,True,11.185932397842407,adaptive_brake,1.147066354751587,0.06736965564870111,8.794855117797852,1.6449875114989745,0.23610671489121768,False,True,True,False,True,False
thrust_coefficient_minus10,thrust_coefficient,0.90,cc3905baa62024ad88f7af07d23f3de313b8a850d9af2dfeef9ddc8e82b33c77,pinv,2,2,0.496000,14,63400014,seeded_ic_v1,m2_routing_stability_eta0p496_v1,m2route_thrust_coefficient_minus10_pinv_eta0p496_seed63400014,seeded_ic_v1,pinv,/home/suhas/crazysim_ws/safe-landing-ftc/results/final/model_sensitivity/ofat/m2_routing_stability_eta0p496/trials/m2route_thrust_coefficient_minus10_pinv_eta0p496_seed63400014.csv,4185,pinv_bounded_wls_w1_1_1_0.2_lambda1e-06,bounded_fault_aware_wls,0,0,0,0,0.6982865929603577,-0.004640914965420961,True,True,11.40586256980896,adaptive_brake,1.3707044124603271,0.018204422830629806,0.9072433114051819,1.491964856715044,0.029549387812909448,False,True,True,True,True,False
thrust_coefficient_minus10,thrust_coefficient,0.90,cc3905baa62024ad88f7af07d23f3de313b8a850d9af2dfeef9ddc8e82b33c77,pinv,1,2,0.496000,15,63400015,seeded_ic_v1,m2_routing_stability_eta0p496_v1,m2route_thrust_coefficient_minus10_pinv_eta0p496_seed63400015,seeded_ic_v1,pinv,/home/suhas/crazysim_ws/safe-landing-ftc/results/final/model_sensitivity/ofat/m2_routing_stability_eta0p496/trials/m2route_thrust_coefficient_minus10_pinv_eta0p496_seed63400015.csv,4197,pinv_bounded_wls_w1_1_1_0.2_lambda1e-06,bounded_fault_aware_wls,0,0,0,0,0.7129338383674622,-0.004579560831189156,True,True,11.5343599319458,adaptive_brake,1.3712764978408813,0.01841415610362594,0.9595626592636108,1.4968086025473322,0.031051412396844908,False,True,True,True,True,False
thrust_coefficient_minus10,thrust_coefficient,0.90,cc3905baa62024ad88f7af07d23f3de313b8a850d9af2dfeef9ddc8e82b33c77,cem,2,2,0.496000,15,63400015,seeded_ic_v1,m2_routing_stability_eta0p496_v1,m2route_thrust_coefficient_minus10_cem_eta0p496_seed63400015,seeded_ic_v1,qplite,/home/suhas/crazysim_ws/safe-landing-ftc/results/final/model_sensitivity/ofat/m2_routing_stability_eta0p496/trials/m2route_thrust_coefficient_minus10_cem_eta0p496_seed63400015.csv,4200,cem_tuned_boundary,balanced_3000_0_3000_12000,3000,0,3000,12000,0.7129151821136475,-0.004662816412746906,True,True,11.284936428070068,adaptive_brake,1.1521519422531128,0.06740435078693745,8.851956367492676,1.673197695319521,0.2368718338750402,False,True,True,False,True,False
thrust_coefficient_minus10,thrust_coefficient,0.90,cc3905baa62024ad88f7af07d23f3de313b8a850d9af2dfeef9ddc8e82b33c77,cem,1,2,0.496000,16,63400016,seeded_ic_v1,m2_routing_stability_eta0p496_v1,m2route_thrust_coefficient_minus10_cem_eta0p496_seed63400016,seeded_ic_v1,qplite,/home/suhas/crazysim_ws/safe-landing-ftc/results/final/model_sensitivity/ofat/m2_routing_stability_eta0p496/trials/m2route_thrust_coefficient_minus10_cem_eta0p496_seed63400016.csv,4188,cem_tuned_boundary,balanced_3000_0_3000_12000,3000,0,3000,12000,0.7355818152427673,-0.004974035080522299,True,True,11.244418382644653,adaptive_brake,1.159328818321228,0.06718613812074503,8.867831230163574,1.6376263297225058,0.23838518243445742,False,True,True,False,True,False
thrust_coefficient_minus10,thrust_coefficient,0.90,cc3905baa62024ad88f7af07d23f3de313b8a850d9af2dfeef9ddc8e82b33c77,pinv,2,2,0.496000,16,63400016,seeded_ic_v1,m2_routing_stability_eta0p496_v1,m2route_thrust_coefficient_minus10_pinv_eta0p496_seed63400016,seeded_ic_v1,pinv,/home/suhas/crazysim_ws/safe-landing-ftc/results/final/model_sensitivity/ofat/m2_routing_stability_eta0p496/trials/m2route_thrust_coefficient_minus10_pinv_eta0p496_seed63400016.csv,4191,pinv_bounded_wls_w1_1_1_0.2_lambda1e-06,bounded_fault_aware_wls,0,0,0,0,0.7356151342391968,-0.005013181362301111,True,True,11.463778972625732,adaptive_brake,1.3954027891159058,0.018629830029387836,0.9129225015640259,1.4982449767584003,0.031113840300163894,False,True,True,True,True,False
thrust_coefficient_minus10,thrust_coefficient,0.90,cc3905baa62024ad88f7af07d23f3de313b8a850d9af2dfeef9ddc8e82b33c77,pinv,1,2,0.496000,17,63400017,seeded_ic_v1,m2_routing_stability_eta0p496_v1,m2route_thrust_coefficient_minus10_pinv_eta0p496_seed63400017,seeded_ic_v1,pinv,/home/suhas/crazysim_ws/safe-landing-ftc/results/final/model_sensitivity/ofat/m2_routing_stability_eta0p496/trials/m2route_thrust_coefficient_minus10_pinv_eta0p496_seed63400017.csv,4206,pinv_bounded_wls_w1_1_1_0.2_lambda1e-06,bounded_fault_aware_wls,0,0,0,0,0.7196944355964661,-0.005056316964328289,True,True,11.565508842468262,adaptive_brake,1.3681868314743042,0.01897241750765227,0.9793292284011841,1.4945645606350737,0.03152859368546925,False,True,True,True,True,False
thrust_coefficient_minus10,thrust_coefficient,0.90,cc3905baa62024ad88f7af07d23f3de313b8a850d9af2dfeef9ddc8e82b33c77,cem,2,2,0.496000,17,63400017,seeded_ic_v1,m2_routing_stability_eta0p496_v1,m2route_thrust_coefficient_minus10_cem_eta0p496_seed63400017,seeded_ic_v1,qplite,/home/suhas/crazysim_ws/safe-landing-ftc/results/final/model_sensitivity/ofat/m2_routing_stability_eta0p496/trials/m2route_thrust_coefficient_minus10_cem_eta0p496_seed63400017.csv,4209,cem_tuned_boundary,balanced_3000_0_3000_12000,3000,0,3000,12000,0.719740629196167,-0.004927884321659803,True,True,11.345162391662598,adaptive_brake,1.1508525609970093,0.06849985429875695,8.800371170043945,1.6583842378406843,0.23806765041227468,False,True,True,False,True,False
thrust_coefficient_minus10,thrust_coefficient,0.90,cc3905baa62024ad88f7af07d23f3de313b8a850d9af2dfeef9ddc8e82b33c77,cem,1,2,0.496000,18,63400018,seeded_ic_v1,m2_routing_stability_eta0p496_v1,m2route_thrust_coefficient_minus10_cem_eta0p496_seed63400018,seeded_ic_v1,qplite,/home/suhas/crazysim_ws/safe-landing-ftc/results/final/model_sensitivity/ofat/m2_routing_stability_eta0p496/trials/m2route_thrust_coefficient_minus10_cem_eta0p496_seed63400018.csv,4212,cem_tuned_boundary,balanced_3000_0_3000_12000,3000,0,3000,12000,0.7193977236747742,-0.00477341003715992,True,True,11.365360021591187,adaptive_brake,1.145442247390747,0.07053831877140584,8.837528228759766,1.6299912131133447,0.2425476154876107,False,True,True,False,True,False
thrust_coefficient_minus10,thrust_coefficient,0.90,cc3905baa62024ad88f7af07d23f3de313b8a850d9af2dfeef9ddc8e82b33c77,pinv,2,2,0.496000,18,63400018,seeded_ic_v1,m2_routing_stability_eta0p496_v1,m2route_thrust_coefficient_minus10_pinv_eta0p496_seed63400018,seeded_ic_v1,pinv,/home/suhas/crazysim_ws/safe-landing-ftc/results/final/model_sensitivity/ofat/m2_routing_stability_eta0p496/trials/m2route_thrust_coefficient_minus10_pinv_eta0p496_seed63400018.csv,4212,pinv_bounded_wls_w1_1_1_0.2_lambda1e-06,bounded_fault_aware_wls,0,0,0,0,0.7195118069648743,-0.004695879761129618,True,True,11.603753566741943,adaptive_brake,1.4516557455062866,0.01945478041082731,0.9288318157196045,1.500788987832185,0.03041141078033897,False,True,True,False,True,False
thrust_coefficient_minus10,thrust_coefficient,0.90,cc3905baa62024ad88f7af07d23f3de313b8a850d9af2dfeef9ddc8e82b33c77,pinv,1,2,0.496000,19,63400019,seeded_ic_v1,m2_routing_stability_eta0p496_v1,m2route_thrust_coefficient_minus10_pinv_eta0p496_seed63400019,seeded_ic_v1,pinv,/home/suhas/crazysim_ws/safe-landing-ftc/results/final/model_sensitivity/ofat/m2_routing_stability_eta0p496/trials/m2route_thrust_coefficient_minus10_pinv_eta0p496_seed63400019.csv,4176,pinv_bounded_wls_w1_1_1_0.2_lambda1e-06,bounded_fault_aware_wls,0,0,0,0,0.7198532819747925,-0.005082320887595415,True,True,11.367706298828125,adaptive_brake,1.3810298442840576,0.019400257577212695,1.0005532503128052,1.4957655761737347,0.02997614771045436,False,True,True,True,True,False
thrust_coefficient_minus10,thrust_coefficient,0.90,cc3905baa62024ad88f7af07d23f3de313b8a850d9af2dfeef9ddc8e82b33c77,cem,2,2,0.496000,19,63400019,seeded_ic_v1,m2_routing_stability_eta0p496_v1,m2route_thrust_coefficient_minus10_cem_eta0p496_seed63400019,seeded_ic_v1,qplite,/home/suhas/crazysim_ws/safe-landing-ftc/results/final/model_sensitivity/ofat/m2_routing_stability_eta0p496/trials/m2route_thrust_coefficient_minus10_cem_eta0p496_seed63400019.csv,4179,cem_tuned_boundary,balanced_3000_0_3000_12000,3000,0,3000,12000,0.7199118137359619,-0.005052386317402124,True,True,11.164066076278687,adaptive_brake,1.1615031957626343,0.0688738429458294,8.829205513000488,1.6356445556935737,0.2407125573884869,False,True,True,False,True,False
thrust_coefficient_minus10,thrust_coefficient,0.90,cc3905baa62024ad88f7af07d23f3de313b8a850d9af2dfeef9ddc8e82b33c77,cem,1,2,0.496000,20,63400020,seeded_ic_v1,m2_routing_stability_eta0p496_v1,m2route_thrust_coefficient_minus10_cem_eta0p496_seed63400020,seeded_ic_v1,qplite,/home/suhas/crazysim_ws/safe-landing-ftc/results/final/model_sensitivity/ofat/m2_routing_stability_eta0p496/trials/m2route_thrust_coefficient_minus10_cem_eta0p496_seed63400020.csv,4185,cem_tuned_boundary,balanced_3000_0_3000_12000,3000,0,3000,12000,0.7079895734786987,-0.004874174948781729,True,True,11.184056520462036,adaptive_brake,1.145323395729065,0.06871572095658281,8.85128402709961,1.6226547533348217,0.23927838509956506,False,True,True,False,True,False
thrust_coefficient_minus10,thrust_coefficient,0.90,cc3905baa62024ad88f7af07d23f3de313b8a850d9af2dfeef9ddc8e82b33c77,pinv,2,2,0.496000,20,63400020,seeded_ic_v1,m2_routing_stability_eta0p496_v1,m2route_thrust_coefficient_minus10_pinv_eta0p496_seed63400020,seeded_ic_v1,pinv,/home/suhas/crazysim_ws/safe-landing-ftc/results/final/model_sensitivity/ofat/m2_routing_stability_eta0p496/trials/m2route_thrust_coefficient_minus10_pinv_eta0p496_seed63400020.csv,4182,pinv_bounded_wls_w1_1_1_0.2_lambda1e-06,bounded_fault_aware_wls,0,0,0,0,0.7079417705535889,-0.004886833485215902,True,True,11.407556533813477,adaptive_brake,1.3574299812316895,0.018750830632815404,1.006473422050476,1.4870353390636097,0.031016826645628486,False,True,True,True,True,False
thrust_coefficient_minus10,thrust_coefficient,0.90,cc3905baa62024ad88f7af07d23f3de313b8a850d9af2dfeef9ddc8e82b33c77,pinv,1,2,0.496000,21,63400021,seeded_ic_v1,m2_routing_stability_eta0p496_v1,m2route_thrust_coefficient_minus10_pinv_eta0p496_seed63400021,seeded_ic_v1,pinv,/home/suhas/crazysim_ws/safe-landing-ftc/results/final/model_sensitivity/ofat/m2_routing_stability_eta0p496/trials/m2route_thrust_coefficient_minus10_pinv_eta0p496_seed63400021.csv,4215,pinv_bounded_wls_w1_1_1_0.2_lambda1e-06,bounded_fault_aware_wls,0,0,0,0,0.7002072930335999,-0.004695741925388575,True,True,11.603930711746216,adaptive_brake,1.3640596866607666,0.019161457822674307,0.9619699716567993,1.5053638267457956,0.031511240637501284,False,True,True,False,True,False
thrust_coefficient_minus10,thrust_coefficient,0.90,cc3905baa62024ad88f7af07d23f3de313b8a850d9af2dfeef9ddc8e82b33c77,cem,2,2,0.496000,21,63400021,seeded_ic_v1,m2_routing_stability_eta0p496_v1,m2route_thrust_coefficient_minus10_cem_eta0p496_seed63400021,seeded_ic_v1,qplite,/home/suhas/crazysim_ws/safe-landing-ftc/results/final/model_sensitivity/ofat/m2_routing_stability_eta0p496/trials/m2route_thrust_coefficient_minus10_cem_eta0p496_seed63400021.csv,4215,cem_tuned_boundary,balanced_3000_0_3000_12000,3000,0,3000,12000,0.7003211975097656,-0.004482112359255552,True,True,11.364623308181763,adaptive_brake,1.1237149238586426,0.06802285968285196,8.836441993713379,1.6299311813456079,0.23831192513328908,False,True,True,False,True,False
thrust_coefficient_minus10,thrust_coefficient,0.90,cc3905baa62024ad88f7af07d23f3de313b8a850d9af2dfeef9ddc8e82b33c77,cem,1,2,0.496000,22,63400022,seeded_ic_v1,m2_routing_stability_eta0p496_v1,m2route_thrust_coefficient_minus10_cem_eta0p496_seed63400022,seeded_ic_v1,qplite,/home/suhas/crazysim_ws/safe-landing-ftc/results/final/model_sensitivity/ofat/m2_routing_stability_eta0p496/trials/m2route_thrust_coefficient_minus10_cem_eta0p496_seed63400022.csv,4161,cem_tuned_boundary,balanced_3000_0_3000_12000,3000,0,3000,12000,0.7225377559661865,-0.005157249979674816,True,True,11.063670635223389,adaptive_brake,1.1715115308761597,0.0671237738170691,8.858448028564453,1.643258210097039,0.24008613799636275,False,True,True,False,True,False
thrust_coefficient_minus10,thrust_coefficient,0.90,cc3905baa62024ad88f7af07d23f3de313b8a850d9af2dfeef9ddc8e82b33c77,pinv,2,2,0.496000,22,63400022,seeded_ic_v1,m2_routing_stability_eta0p496_v1,m2route_thrust_coefficient_minus10_pinv_eta0p496_seed63400022,seeded_ic_v1,pinv,/home/suhas/crazysim_ws/safe-landing-ftc/results/final/model_sensitivity/ofat/m2_routing_stability_eta0p496/trials/m2route_thrust_coefficient_minus10_pinv_eta0p496_seed63400022.csv,4164,pinv_bounded_wls_w1_1_1_0.2_lambda1e-06,bounded_fault_aware_wls,0,0,0,0,0.7225514054298401,-0.0051575819961726665,True,True,11.283672094345093,adaptive_brake,1.3842979669570923,0.019541247312967778,0.9898850917816162,1.5182160200202797,0.030833356625660835,False,True,True,False,True,False
thrust_coefficient_minus10,thrust_coefficient,0.90,cc3905baa62024ad88f7af07d23f3de313b8a850d9af2dfeef9ddc8e82b33c77,pinv,1,2,0.496000,23,63400023,seeded_ic_v1,m2_routing_stability_eta0p496_v1,m2route_thrust_coefficient_minus10_pinv_eta0p496_seed63400023,seeded_ic_v1,pinv,/home/suhas/crazysim_ws/safe-landing-ftc/results/final/model_sensitivity/ofat/m2_routing_stability_eta0p496/trials/m2route_thrust_coefficient_minus10_pinv_eta0p496_seed63400023.csv,4209,pinv_bounded_wls_w1_1_1_0.2_lambda1e-06,bounded_fault_aware_wls,0,0,0,0,0.7066930532455444,-0.004825000651180744,True,True,11.5663480758667,adaptive_brake,1.3679124116897583,0.018837694658980463,0.9871782064437866,1.4905293199304774,0.03093348860895038,False,True,True,True,True,False
thrust_coefficient_minus10,thrust_coefficient,0.90,cc3905baa62024ad88f7af07d23f3de313b8a850d9af2dfeef9ddc8e82b33c77,cem,2,2,0.496000,23,63400023,seeded_ic_v1,m2_routing_stability_eta0p496_v1,m2route_thrust_coefficient_minus10_cem_eta0p496_seed63400023,seeded_ic_v1,qplite,/home/suhas/crazysim_ws/safe-landing-ftc/results/final/model_sensitivity/ofat/m2_routing_stability_eta0p496/trials/m2route_thrust_coefficient_minus10_cem_eta0p496_seed63400023.csv,4209,cem_tuned_boundary,balanced_3000_0_3000_12000,3000,0,3000,12000,0.7067383527755737,-0.004821701440960169,True,True,11.345187664031982,adaptive_brake,1.1325790882110596,0.06948215805974149,8.856956481933594,1.6362776464684792,0.23947042184349016,False,True,True,False,True,False
thrust_coefficient_minus10,thrust_coefficient,0.90,cc3905baa62024ad88f7af07d23f3de313b8a850d9af2dfeef9ddc8e82b33c77,cem,1,2,0.496000,24,63400024,seeded_ic_v1,m2_routing_stability_eta0p496_v1,m2route_thrust_coefficient_minus10_cem_eta0p496_seed63400024,seeded_ic_v1,qplite,/home/suhas/crazysim_ws/safe-landing-ftc/results/final/model_sensitivity/ofat/m2_routing_stability_eta0p496/trials/m2route_thrust_coefficient_minus10_cem_eta0p496_seed63400024.csv,4224,cem_tuned_boundary,balanced_3000_0_3000_12000,3000,0,3000,12000,0.7017439603805542,-0.004393018316477537,True,True,11.445909261703491,adaptive_brake,1.1506975889205933,0.06701022195996013,8.799842834472656,1.6219866970165335,0.23763722991431188,False,True,True,False,True,False
thrust_coefficient_minus10,thrust_coefficient,0.90,cc3905baa62024ad88f7af07d23f3de313b8a850d9af2dfeef9ddc8e82b33c77,pinv,2,2,0.496000,24,63400024,seeded_ic_v1,m2_routing_stability_eta0p496_v1,m2route_thrust_coefficient_minus10_pinv_eta0p496_seed63400024,seeded_ic_v1,pinv,/home/suhas/crazysim_ws/safe-landing-ftc/results/final/model_sensitivity/ofat/m2_routing_stability_eta0p496/trials/m2route_thrust_coefficient_minus10_pinv_eta0p496_seed63400024.csv,4221,pinv_bounded_wls_w1_1_1_0.2_lambda1e-06,bounded_fault_aware_wls,0,0,0,0,0.7018885016441345,-0.004484962206333876,True,True,11.651493787765503,adaptive_brake,1.3707349300384521,0.01891674006061347,1.0101157426834106,1.4950490235322795,0.030758214497697667,False,True,True,True,True,False
thrust_coefficient_minus10,thrust_coefficient,0.90,cc3905baa62024ad88f7af07d23f3de313b8a850d9af2dfeef9ddc8e82b33c77,pinv,1,2,0.496000,25,63400025,seeded_ic_v1,m2_routing_stability_eta0p496_v1,m2route_thrust_coefficient_minus10_pinv_eta0p496_seed63400025,seeded_ic_v1,pinv,/home/suhas/crazysim_ws/safe-landing-ftc/results/final/model_sensitivity/ofat/m2_routing_stability_eta0p496/trials/m2route_thrust_coefficient_minus10_pinv_eta0p496_seed63400025.csv,4226,pinv_bounded_wls_w1_1_1_0.2_lambda1e-06,bounded_fault_aware_wls,0,0,0,0,0.7181825041770935,-0.004589397460222244,True,True,11.687120914459229,adaptive_brake,1.3813599348068237,0.018500616268497902,1.0115320682525635,1.5057701905171124,0.030294063357612453,False,True,True,False,True,False
thrust_coefficient_minus10,thrust_coefficient,0.90,cc3905baa62024ad88f7af07d23f3de313b8a850d9af2dfeef9ddc8e82b33c77,cem,2,2,0.496000,25,63400025,seeded_ic_v1,m2_routing_stability_eta0p496_v1,m2route_thrust_coefficient_minus10_cem_eta0p496_seed63400025,seeded_ic_v1,qplite,/home/suhas/crazysim_ws/safe-landing-ftc/results/final/model_sensitivity/ofat/m2_routing_stability_eta0p496/trials/m2route_thrust_coefficient_minus10_cem_eta0p496_seed63400025.csv,4227,cem_tuned_boundary,balanced_3000_0_3000_12000,3000,0,3000,12000,0.7179985642433167,-0.004853182006627321,True,True,11.467681407928467,adaptive_brake,1.1411471366882324,0.06838100262643176,8.822786331176758,1.6194484299821044,0.24038986567643544,False,True,True,False,True,False
thrust_coefficient_minus10,thrust_coefficient,0.90,cc3905baa62024ad88f7af07d23f3de313b8a850d9af2dfeef9ddc8e82b33c77,cem,1,2,0.496000,26,63400026,seeded_ic_v1,m2_routing_stability_eta0p496_v1,m2route_thrust_coefficient_minus10_cem_eta0p496_seed63400026,seeded_ic_v1,qplite,/home/suhas/crazysim_ws/safe-landing-ftc/results/final/model_sensitivity/ofat/m2_routing_stability_eta0p496/trials/m2route_thrust_coefficient_minus10_cem_eta0p496_seed63400026.csv,4221,cem_tuned_boundary,balanced_3000_0_3000_12000,3000,0,3000,12000,0.7319954633712769,-0.004742945544421673,True,True,11.44481348991394,adaptive_brake,1.1674484014511108,0.06704969127631442,8.865023612976074,1.6344053927441538,0.23652321496196183,False,True,True,False,True,False
thrust_coefficient_minus10,thrust_coefficient,0.90,cc3905baa62024ad88f7af07d23f3de313b8a850d9af2dfeef9ddc8e82b33c77,pinv,2,2,0.496000,26,63400026,seeded_ic_v1,m2_routing_stability_eta0p496_v1,m2route_thrust_coefficient_minus10_pinv_eta0p496_seed63400026,seeded_ic_v1,pinv,/home/suhas/crazysim_ws/safe-landing-ftc/results/final/model_sensitivity/ofat/m2_routing_stability_eta0p496/trials/m2route_thrust_coefficient_minus10_pinv_eta0p496_seed63400026.csv,4221,pinv_bounded_wls_w1_1_1_0.2_lambda1e-06,bounded_fault_aware_wls,0,0,0,0,0.732031524181366,-0.004888376221060753,True,True,11.664228439331055,adaptive_brake,1.3787246942520142,0.019211364192887558,0.9855477213859558,1.4956765121874291,0.03040351376879915,False,True,True,True,True,False
thrust_coefficient_minus10,thrust_coefficient,0.90,cc3905baa62024ad88f7af07d23f3de313b8a850d9af2dfeef9ddc8e82b33c77,pinv,1,2,0.496000,27,63400027,seeded_ic_v1,m2_routing_stability_eta0p496_v1,m2route_thrust_coefficient_minus10_pinv_eta0p496_seed63400027,seeded_ic_v1,pinv,/home/suhas/crazysim_ws/safe-landing-ftc/results/final/model_sensitivity/ofat/m2_routing_stability_eta0p496/trials/m2route_thrust_coefficient_minus10_pinv_eta0p496_seed63400027.csv,4200,pinv_bounded_wls_w1_1_1_0.2_lambda1e-06,bounded_fault_aware_wls,0,0,0,0,0.7017843127250671,-0.004706914536654949,True,True,11.506244421005249,adaptive_brake,1.3701014518737793,0.018109981054820135,0.9580840468406677,1.5097867599589727,0.02969150647862602,False,True,True,False,True,False
thrust_coefficient_minus10,thrust_coefficient,0.90,cc3905baa62024ad88f7af07d23f3de313b8a850d9af2dfeef9ddc8e82b33c77,cem,2,2,0.496000,27,63400027,seeded_ic_v1,m2_routing_stability_eta0p496_v1,m2route_thrust_coefficient_minus10_cem_eta0p496_seed63400027,seeded_ic_v1,qplite,/home/suhas/crazysim_ws/safe-landing-ftc/results/final/model_sensitivity/ofat/m2_routing_stability_eta0p496/trials/m2route_thrust_coefficient_minus10_cem_eta0p496_seed63400027.csv,4200,cem_tuned_boundary,balanced_3000_0_3000_12000,3000,0,3000,12000,0.7018065452575684,-0.004752373788505793,True,True,11.287881851196289,adaptive_brake,1.1516733169555664,0.06899162264314673,8.83060073852539,1.636750272786411,0.2385126023863386,False,True,True,False,True,False
thrust_coefficient_minus10,thrust_coefficient,0.90,cc3905baa62024ad88f7af07d23f3de313b8a850d9af2dfeef9ddc8e82b33c77,cem,1,2,0.496000,28,63400028,seeded_ic_v1,m2_routing_stability_eta0p496_v1,m2route_thrust_coefficient_minus10_cem_eta0p496_seed63400028,seeded_ic_v1,qplite,/home/suhas/crazysim_ws/safe-landing-ftc/results/final/model_sensitivity/ofat/m2_routing_stability_eta0p496/trials/m2route_thrust_coefficient_minus10_cem_eta0p496_seed63400028.csv,4194,cem_tuned_boundary,balanced_3000_0_3000_12000,3000,0,3000,12000,0.7009152173995972,-0.004855130333453417,True,True,11.244333028793335,adaptive_brake,1.1506258249282837,0.06698134421075061,8.795358657836914,1.6433004062913847,0.2366357070110326,False,True,True,False,True,False
thrust_coefficient_minus10,thrust_coefficient,0.90,cc3905baa62024ad88f7af07d23f3de313b8a850d9af2dfeef9ddc8e82b33c77,pinv,2,2,0.496000,28,63400028,seeded_ic_v1,m2_routing_stability_eta0p496_v1,m2route_thrust_coefficient_minus10_pinv_eta0p496_seed63400028,seeded_ic_v1,pinv,/home/suhas/crazysim_ws/safe-landing-ftc/results/final/model_sensitivity/ofat/m2_routing_stability_eta0p496/trials/m2route_thrust_coefficient_minus10_pinv_eta0p496_seed63400028.csv,4194,pinv_bounded_wls_w1_1_1_0.2_lambda1e-06,bounded_fault_aware_wls,0,0,0,0,0.7009762525558472,-0.0047193788923323154,True,True,11.467059135437012,adaptive_brake,1.3687416315078735,0.018874739863805456,0.9420284032821655,1.4991952887632116,0.03073622662165416,False,True,True,True,True,False
thrust_coefficient_minus10,thrust_coefficient,0.90,cc3905baa62024ad88f7af07d23f3de313b8a850d9af2dfeef9ddc8e82b33c77,pinv,1,2,0.496000,29,63400029,seeded_ic_v1,m2_routing_stability_eta0p496_v1,m2route_thrust_coefficient_minus10_pinv_eta0p496_seed63400029,seeded_ic_v1,pinv,/home/suhas/crazysim_ws/safe-landing-ftc/results/final/model_sensitivity/ofat/m2_routing_stability_eta0p496/trials/m2route_thrust_coefficient_minus10_pinv_eta0p496_seed63400029.csv,4194,pinv_bounded_wls_w1_1_1_0.2_lambda1e-06,bounded_fault_aware_wls,0,0,0,0,0.7264554500579834,-0.005026212427765131,True,True,11.485312223434448,adaptive_brake,1.393507719039917,0.018582753368704564,0.8647776246070862,1.4911149908025363,0.03063725801533904,False,True,True,True,True,False
thrust_coefficient_minus10,thrust_coefficient,0.90,cc3905baa62024ad88f7af07d23f3de313b8a850d9af2dfeef9ddc8e82b33c77,cem,2,2,0.496000,29,63400029,seeded_ic_v1,m2_routing_stability_eta0p496_v1,m2route_thrust_coefficient_minus10_cem_eta0p496_seed63400029,seeded_ic_v1,qplite,/home/suhas/crazysim_ws/safe-landing-ftc/results/final/model_sensitivity/ofat/m2_routing_stability_eta0p496/trials/m2route_thrust_coefficient_minus10_cem_eta0p496_seed63400029.csv,4194,cem_tuned_boundary,balanced_3000_0_3000_12000,3000,0,3000,12000,0.726611316204071,-0.005063783843070269,True,True,11.248528718948364,adaptive_brake,1.1502001285552979,0.06700470631239276,8.818045616149902,1.6205751250470162,0.23780034272601466,False,True,True,False,True,False
thrust_coefficient_minus10,thrust_coefficient,0.90,cc3905baa62024ad88f7af07d23f3de313b8a850d9af2dfeef9ddc8e82b33c77,cem,1,2,0.496000,30,63400030,seeded_ic_v1,m2_routing_stability_eta0p496_v1,m2route_thrust_coefficient_minus10_cem_eta0p496_seed63400030,seeded_ic_v1,qplite,/home/suhas/crazysim_ws/safe-landing-ftc/results/final/model_sensitivity/ofat/m2_routing_stability_eta0p496/trials/m2route_thrust_coefficient_minus10_cem_eta0p496_seed63400030.csv,4221,cem_tuned_boundary,balanced_3000_0_3000_12000,3000,0,3000,12000,0.7287001013755798,-0.004656600300222635,True,True,11.44402027130127,adaptive_brake,1.1634020805358887,0.06959496262135882,8.771024703979492,1.6362785038796501,0.2432962569553011,False,True,True,False,True,False
thrust_coefficient_minus10,thrust_coefficient,0.90,cc3905baa62024ad88f7af07d23f3de313b8a850d9af2dfeef9ddc8e82b33c77,pinv,2,2,0.496000,30,63400030,seeded_ic_v1,m2_routing_stability_eta0p496_v1,m2route_thrust_coefficient_minus10_pinv_eta0p496_seed63400030,seeded_ic_v1,pinv,/home/suhas/crazysim_ws/safe-landing-ftc/results/final/model_sensitivity/ofat/m2_routing_stability_eta0p496/trials/m2route_thrust_coefficient_minus10_pinv_eta0p496_seed63400030.csv,4221,pinv_bounded_wls_w1_1_1_0.2_lambda1e-06,bounded_fault_aware_wls,0,0,0,0,0.7287554144859314,-0.004641340579837561,True,True,11.664753437042236,adaptive_brake,1.3977313041687012,0.01991777551704614,1.032456636428833,1.5062925150633217,0.02963341429940605,False,True,True,False,True,False
thrust_coefficient_plus10,thrust_coefficient,1.10,5d7069c284d7fd50362ca5bcbefc206fbdfca04f81fccca027aab46f42444fc3,pinv,1,2,0.496000,1,63400001,seeded_ic_v1,m2_routing_stability_eta0p496_v1,m2route_thrust_coefficient_plus10_pinv_eta0p496_seed63400001,seeded_ic_v1,pinv,/home/suhas/crazysim_ws/safe-landing-ftc/results/final/model_sensitivity/ofat/m2_routing_stability_eta0p496/trials/m2route_thrust_coefficient_plus10_pinv_eta0p496_seed63400001.csv,4179,pinv_bounded_wls_w1_1_1_0.2_lambda1e-06,bounded_fault_aware_wls,0,0,0,0,0.7103956341743469,-0.0030468807090073824,True,True,18.344500064849854,landing_ramp,0.08032960444688797,0.00021950889062906056,0.01985309273004532,0.0019656880431145425,0.004642710146953158,True,True,True,True,True,True
thrust_coefficient_plus10,thrust_coefficient,1.10,5d7069c284d7fd50362ca5bcbefc206fbdfca04f81fccca027aab46f42444fc3,cem,2,2,0.496000,1,63400001,seeded_ic_v1,m2_routing_stability_eta0p496_v1,m2route_thrust_coefficient_plus10_cem_eta0p496_seed63400001,seeded_ic_v1,qplite,/home/suhas/crazysim_ws/safe-landing-ftc/results/final/model_sensitivity/ofat/m2_routing_stability_eta0p496/trials/m2route_thrust_coefficient_plus10_cem_eta0p496_seed63400001.csv,4179,cem_tuned_boundary,balanced_3000_0_3000_12000,3000,0,3000,12000,0.7103724479675293,-0.003040294162929058,True,True,18.4036283493042,landing_ramp,0.08272795379161835,0.008195325227436708,7.951764106750488,1.4645455803949654,0.27268834204579623,True,True,True,True,True,True
thrust_coefficient_plus10,thrust_coefficient,1.10,5d7069c284d7fd50362ca5bcbefc206fbdfca04f81fccca027aab46f42444fc3,cem,1,2,0.496000,2,63400002,seeded_ic_v1,m2_routing_stability_eta0p496_v1,m2route_thrust_coefficient_plus10_cem_eta0p496_seed63400002,seeded_ic_v1,qplite,/home/suhas/crazysim_ws/safe-landing-ftc/results/final/model_sensitivity/ofat/m2_routing_stability_eta0p496/trials/m2route_thrust_coefficient_plus10_cem_eta0p496_seed63400002.csv,4202,cem_tuned_boundary,balanced_3000_0_3000_12000,3000,0,3000,12000,0.70698082447052,-0.0027751990128308535,True,True,18.54844641685486,landing_ramp,0.08250614255666733,0.007974334076813886,8.014835357666016,1.5141043042155755,0.26518049809869654,True,True,True,False,True,False
thrust_coefficient_plus10,thrust_coefficient,1.10,5d7069c284d7fd50362ca5bcbefc206fbdfca04f81fccca027aab46f42444fc3,pinv,2,2,0.496000,2,63400002,seeded_ic_v1,m2_routing_stability_eta0p496_v1,m2route_thrust_coefficient_plus10_pinv_eta0p496_seed63400002,seeded_ic_v1,pinv,/home/suhas/crazysim_ws/safe-landing-ftc/results/final/model_sensitivity/ofat/m2_routing_stability_eta0p496/trials/m2route_thrust_coefficient_plus10_pinv_eta0p496_seed63400002.csv,4203,pinv_bounded_wls_w1_1_1_0.2_lambda1e-06,bounded_fault_aware_wls,0,0,0,0,0.7070748209953308,-0.003106557996943593,True,True,18.48547673225403,landing_ramp,0.0808214619755745,0.0005268908625626379,0.02289157547056675,0.0018767271164203789,0.005565603368153971,True,True,True,True,True,True
thrust_coefficient_plus10,thrust_coefficient,1.10,5d7069c284d7fd50362ca5bcbefc206fbdfca04f81fccca027aab46f42444fc3,pinv,1,2,0.496000,3,63400003,seeded_ic_v1,m2_routing_stability_eta0p496_v1,m2route_thrust_coefficient_plus10_pinv_eta0p496_seed63400003,seeded_ic_v1,pinv,/home/suhas/crazysim_ws/safe-landing-ftc/results/final/model_sensitivity/ofat/m2_routing_stability_eta0p496/trials/m2route_thrust_coefficient_plus10_pinv_eta0p496_seed63400003.csv,4191,pinv_bounded_wls_w1_1_1_0.2_lambda1e-06,bounded_fault_aware_wls,0,0,0,0,0.7299588918685913,-0.003313047345727682,True,True,18.66790461540222,landing_ramp,0.08126406371593475,0.00029668443594680147,0.014518186450004578,0.0017239907679187417,0.0021926749507602205,True,True,True,True,True,True
thrust_coefficient_plus10,thrust_coefficient,1.10,5d7069c284d7fd50362ca5bcbefc206fbdfca04f81fccca027aab46f42444fc3,cem,2,2,0.496000,3,63400003,seeded_ic_v1,m2_routing_stability_eta0p496_v1,m2route_thrust_coefficient_plus10_cem_eta0p496_seed63400003,seeded_ic_v1,qplite,/home/suhas/crazysim_ws/safe-landing-ftc/results/final/model_sensitivity/ofat/m2_routing_stability_eta0p496/trials/m2route_thrust_coefficient_plus10_cem_eta0p496_seed63400003.csv,4189,cem_tuned_boundary,balanced_3000_0_3000_12000,3000,0,3000,12000,0.7297956943511963,-0.0032519788946956396,True,True,18.728898525238037,landing_ramp,0.08216121047735214,0.007674486146011794,8.02007007598877,1.5113124235140898,0.510913651021907,True,True,True,False,True,False
thrust_coefficient_plus10,thrust_coefficient,1.10,5d7069c284d7fd50362ca5bcbefc206fbdfca04f81fccca027aab46f42444fc3,cem,1,2,0.496000,4,63400004,seeded_ic_v1,m2_routing_stability_eta0p496_v1,m2route_thrust_coefficient_plus10_cem_eta0p496_seed63400004,seeded_ic_v1,qplite,/home/suhas/crazysim_ws/safe-landing-ftc/results/final/model_sensitivity/ofat/m2_routing_stability_eta0p496/trials/m2route_thrust_coefficient_plus10_cem_eta0p496_seed63400004.csv,4227,cem_tuned_boundary,balanced_3000_0_3000_12000,3000,0,3000,12000,0.7245785593986511,-0.002882791683077812,True,True,18.923705339431763,landing_ramp,0.08310407400131226,0.009587079862682955,7.979118824005127,1.474115238725442,0.25165813613970034,True,True,True,True,True,True
thrust_coefficient_plus10,thrust_coefficient,1.10,5d7069c284d7fd50362ca5bcbefc206fbdfca04f81fccca027aab46f42444fc3,pinv,2,2,0.496000,4,63400004,seeded_ic_v1,m2_routing_stability_eta0p496_v1,m2route_thrust_coefficient_plus10_pinv_eta0p496_seed63400004,seeded_ic_v1,pinv,/home/suhas/crazysim_ws/safe-landing-ftc/results/final/model_sensitivity/ofat/m2_routing_stability_eta0p496/trials/m2route_thrust_coefficient_plus10_pinv_eta0p496_seed63400004.csv,4227,pinv_bounded_wls_w1_1_1_0.2_lambda1e-06,bounded_fault_aware_wls,0,0,0,0,0.7246972322463989,-0.0029588425531983376,True,True,18.8641459941864,landing_ramp,0.08175303786993027,0.0002745790122007114,0.015314546413719654,0.001575635951084599,0.0025772237453971555,True,True,True,True,True,True
thrust_coefficient_plus10,thrust_coefficient,1.10,5d7069c284d7fd50362ca5bcbefc206fbdfca04f81fccca027aab46f42444fc3,pinv,1,2,0.496000,5,63400005,seeded_ic_v1,m2_routing_stability_eta0p496_v1,m2route_thrust_coefficient_plus10_pinv_eta0p496_seed63400005,seeded_ic_v1,pinv,/home/suhas/crazysim_ws/safe-landing-ftc/results/final/model_sensitivity/ofat/m2_routing_stability_eta0p496/trials/m2route_thrust_coefficient_plus10_pinv_eta0p496_seed63400005.csv,4224,pinv_bounded_wls_w1_1_1_0.2_lambda1e-06,bounded_fault_aware_wls,0,0,0,0,0.7293108701705933,-0.002998694544658065,True,True,18.904552698135376,landing_ramp,0.08159998804330826,6.749552872823915e-05,0.020276157185435295,0.002166711712557265,0.005684142503407176,True,True,True,True,True,True
thrust_coefficient_plus10,thrust_coefficient,1.10,5d7069c284d7fd50362ca5bcbefc206fbdfca04f81fccca027aab46f42444fc3,cem,2,2,0.496000,5,63400005,seeded_ic_v1,m2_routing_stability_eta0p496_v1,m2route_thrust_coefficient_plus10_cem_eta0p496_seed63400005,seeded_ic_v1,qplite,/home/suhas/crazysim_ws/safe-landing-ftc/results/final/model_sensitivity/ofat/m2_routing_stability_eta0p496/trials/m2route_thrust_coefficient_plus10_cem_eta0p496_seed63400005.csv,4224,cem_tuned_boundary,balanced_3000_0_3000_12000,3000,0,3000,12000,0.7293717861175537,-0.0030042026191949844,True,True,18.964279890060425,landing_ramp,0.08338712900876999,0.009634159812490804,7.997062683105469,1.469846956783227,0.2549074175186577,True,True,True,True,True,True
thrust_coefficient_plus10,thrust_coefficient,1.10,5d7069c284d7fd50362ca5bcbefc206fbdfca04f81fccca027aab46f42444fc3,cem,1,2,0.496000,6,63400006,seeded_ic_v1,m2_routing_stability_eta0p496_v1,m2route_thrust_coefficient_plus10_cem_eta0p496_seed63400006,seeded_ic_v1,qplite,/home/suhas/crazysim_ws/safe-landing-ftc/results/final/model_sensitivity/ofat/m2_routing_stability_eta0p496/trials/m2route_thrust_coefficient_plus10_cem_eta0p496_seed63400006.csv,4215,cem_tuned_boundary,balanced_3000_0_3000_12000,3000,0,3000,12000,0.7267740368843079,-0.003197927726432681,True,True,18.865484714508057,landing_ramp,0.0818604975938797,0.009719618868964183,8.031289100646973,1.484211724797242,0.25050344904141014,True,True,True,True,True,True
thrust_coefficient_plus10,thrust_coefficient,1.10,5d7069c284d7fd50362ca5bcbefc206fbdfca04f81fccca027aab46f42444fc3,pinv,2,2,0.496000,6,63400006,seeded_ic_v1,m2_routing_stability_eta0p496_v1,m2route_thrust_coefficient_plus10_pinv_eta0p496_seed63400006,seeded_ic_v1,pinv,/home/suhas/crazysim_ws/safe-landing-ftc/results/final/model_sensitivity/ofat/m2_routing_stability_eta0p496/trials/m2route_thrust_coefficient_plus10_pinv_eta0p496_seed63400006.csv,4215,pinv_bounded_wls_w1_1_1_0.2_lambda1e-06,bounded_fault_aware_wls,0,0,0,0,0.7268267869949341,-0.002991582965478301,True,True,18.80852198600769,landing_ramp,0.08291109651327133,0.00017720930317178485,0.015984736382961273,0.0021336495556066107,0.003831674417320721,True,True,True,True,True,True
thrust_coefficient_plus10,thrust_coefficient,1.10,5d7069c284d7fd50362ca5bcbefc206fbdfca04f81fccca027aab46f42444fc3,pinv,1,2,0.496000,7,63400007,seeded_ic_v1,m2_routing_stability_eta0p496_v1,m2route_thrust_coefficient_plus10_pinv_eta0p496_seed63400007,seeded_ic_v1,pinv,/home/suhas/crazysim_ws/safe-landing-ftc/results/final/model_sensitivity/ofat/m2_routing_stability_eta0p496/trials/m2route_thrust_coefficient_plus10_pinv_eta0p496_seed63400007.csv,4230,pinv_bounded_wls_w1_1_1_0.2_lambda1e-06,bounded_fault_aware_wls,0,0,0,0,0.713424026966095,-0.0030543983448296785,True,True,18.744667291641235,landing_ramp,0.08240582048892975,0.0003588655778212798,0.018932418897747993,0.0020876536689962287,0.004749610750154888,True,True,True,True,True,True
thrust_coefficient_plus10,thrust_coefficient,1.10,5d7069c284d7fd50362ca5bcbefc206fbdfca04f81fccca027aab46f42444fc3,cem,2,2,0.496000,7,63400007,seeded_ic_v1,m2_routing_stability_eta0p496_v1,m2route_thrust_coefficient_plus10_cem_eta0p496_seed63400007,seeded_ic_v1,qplite,/home/suhas/crazysim_ws/safe-landing-ftc/results/final/model_sensitivity/ofat/m2_routing_stability_eta0p496/trials/m2route_thrust_coefficient_plus10_cem_eta0p496_seed63400007.csv,4230,cem_tuned_boundary,balanced_3000_0_3000_12000,3000,0,3000,12000,0.7133217453956604,-0.0028110546991229057,True,True,18.809643030166626,landing_ramp,0.08302655071020126,0.009187100399914938,7.976901531219482,1.4838641323055222,0.2609089186670863,True,True,True,True,True,True
thrust_coefficient_plus10,thrust_coefficient,1.10,5d7069c284d7fd50362ca5bcbefc206fbdfca04f81fccca027aab46f42444fc3,cem,1,2,0.496000,8,63400008,seeded_ic_v1,m2_routing_stability_eta0p496_v1,m2route_thrust_coefficient_plus10_cem_eta0p496_seed63400008,seeded_ic_v1,qplite,/home/suhas/crazysim_ws/safe-landing-ftc/results/final/model_sensitivity/ofat/m2_routing_stability_eta0p496/trials/m2route_thrust_coefficient_plus10_cem_eta0p496_seed63400008.csv,4209,cem_tuned_boundary,balanced_3000_0_3000_12000,3000,0,3000,12000,0.7173382639884949,-0.002965943654999137,True,True,18.68428063392639,landing_ramp,0.0834098532795906,0.010738383118092405,7.938620090484619,1.493248313103334,0.2477441034990703,True,True,True,True,True,True
thrust_coefficient_plus10,thrust_coefficient,1.10,5d7069c284d7fd50362ca5bcbefc206fbdfca04f81fccca027aab46f42444fc3,pinv,2,2,0.496000,8,63400008,seeded_ic_v1,m2_routing_stability_eta0p496_v1,m2route_thrust_coefficient_plus10_pinv_eta0p496_seed63400008,seeded_ic_v1,pinv,/home/suhas/crazysim_ws/safe-landing-ftc/results/final/model_sensitivity/ofat/m2_routing_stability_eta0p496/trials/m2route_thrust_coefficient_plus10_pinv_eta0p496_seed63400008.csv,4206,pinv_bounded_wls_w1_1_1_0.2_lambda1e-06,bounded_fault_aware_wls,0,0,0,0,0.7174364924430847,-0.0030628424137830734,True,True,18.644083499908447,landing_ramp,0.08213706314563751,0.0005982014936868124,0.012554660439491272,0.0015712424553347198,0.000714563287205823,True,True,True,True,True,True
thrust_coefficient_plus10,thrust_coefficient,1.10,5d7069c284d7fd50362ca5bcbefc206fbdfca04f81fccca027aab46f42444fc3,pinv,1,2,0.496000,9,63400009,seeded_ic_v1,m2_routing_stability_eta0p496_v1,m2route_thrust_coefficient_plus10_pinv_eta0p496_seed63400009,seeded_ic_v1,pinv,/home/suhas/crazysim_ws/safe-landing-ftc/results/final/model_sensitivity/ofat/m2_routing_stability_eta0p496/trials/m2route_thrust_coefficient_plus10_pinv_eta0p496_seed63400009.csv,4161,pinv_bounded_wls_w1_1_1_0.2_lambda1e-06,bounded_fault_aware_wls,0,0,0,0,0.7244918942451477,-0.003403356298804283,True,True,18.407020092010498,landing_ramp,0.08097336441278458,0.00038199228536497275,0.018204916268587112,0.0016563624010845566,0.004348560231353963,True,True,True,True,True,True
thrust_coefficient_plus10,thrust_coefficient,1.10,5d7069c284d7fd50362ca5bcbefc206fbdfca04f81fccca027aab46f42444fc3,cem,2,2,0.496000,9,63400009,seeded_ic_v1,m2_routing_stability_eta0p496_v1,m2route_thrust_coefficient_plus10_cem_eta0p496_seed63400009,seeded_ic_v1,qplite,/home/suhas/crazysim_ws/safe-landing-ftc/results/final/model_sensitivity/ofat/m2_routing_stability_eta0p496/trials/m2route_thrust_coefficient_plus10_cem_eta0p496_seed63400009.csv,4161,cem_tuned_boundary,balanced_3000_0_3000_12000,3000,0,3000,12000,0.7246453166007996,-0.003247760469093919,True,True,18.466012954711914,landing_ramp,0.08247984945774078,0.01089691361205516,7.999794006347656,1.4992962912471957,0.24608642455506072,True,True,True,True,True,True
thrust_coefficient_plus10,thrust_coefficient,1.10,5d7069c284d7fd50362ca5bcbefc206fbdfca04f81fccca027aab46f42444fc3,cem,1,2,0.496000,10,63400010,seeded_ic_v1,m2_routing_stability_eta0p496_v1,m2route_thrust_coefficient_plus10_cem_eta0p496_seed63400010,seeded_ic_v1,qplite,/home/suhas/crazysim_ws/safe-landing-ftc/results/final/model_sensitivity/ofat/m2_routing_stability_eta0p496/trials/m2route_thrust_coefficient_plus10_cem_eta0p496_seed63400010.csv,4182,cem_tuned_boundary,balanced_3000_0_3000_12000,3000,0,3000,12000,0.725543737411499,-0.003259439254179597,True,True,18.605345487594604,landing_ramp,0.08364689350128174,0.011609561150834283,7.964756011962891,1.5075485289055583,0.23493303256738207,True,True,True,False,True,False
thrust_coefficient_plus10,thrust_coefficient,1.10,5d7069c284d7fd50362ca5bcbefc206fbdfca04f81fccca027aab46f42444fc3,pinv,2,2,0.496000,10,63400010,seeded_ic_v1,m2_routing_stability_eta0p496_v1,m2route_thrust_coefficient_plus10_pinv_eta0p496_seed63400010,seeded_ic_v1,pinv,/home/suhas/crazysim_ws/safe-landing-ftc/results/final/model_sensitivity/ofat/m2_routing_stability_eta0p496/trials/m2route_thrust_coefficient_plus10_pinv_eta0p496_seed63400010.csv,4179,pinv_bounded_wls_w1_1_1_0.2_lambda1e-06,bounded_fault_aware_wls,0,0,0,0,0.72556072473526,-0.002941745100542903,True,True,18.545392513275146,landing_ramp,0.08195679634809494,0.0002002639834916347,0.021716538816690445,0.0021367961431521336,0.005495340180502911,True,True,True,True,True,True
thrust_coefficient_plus10,thrust_coefficient,1.10,5d7069c284d7fd50362ca5bcbefc206fbdfca04f81fccca027aab46f42444fc3,pinv,1,2,0.496000,11,63400011,seeded_ic_v1,m2_routing_stability_eta0p496_v1,m2route_thrust_coefficient_plus10_pinv_eta0p496_seed63400011,seeded_ic_v1,pinv,/home/suhas/crazysim_ws/safe-landing-ftc/results/final/model_sensitivity/ofat/m2_routing_stability_eta0p496/trials/m2route_thrust_coefficient_plus10_pinv_eta0p496_seed63400011.csv,4224,pinv_bounded_wls_w1_1_1_0.2_lambda1e-06,bounded_fault_aware_wls,0,0,0,0,0.6997516751289368,-0.0028994702734053135,True,True,18.54368495941162,landing_ramp,0.08136039227247238,0.00010946870311119392,0.018236657604575157,0.002166724196124892,0.0053453863275544095,True,True,True,True,True,True
thrust_coefficient_plus10,thrust_coefficient,1.10,5d7069c284d7fd50362ca5bcbefc206fbdfca04f81fccca027aab46f42444fc3,cem,2,2,0.496000,11,63400011,seeded_ic_v1,m2_routing_stability_eta0p496_v1,m2route_thrust_coefficient_plus10_cem_eta0p496_seed63400011,seeded_ic_v1,qplite,/home/suhas/crazysim_ws/safe-landing-ftc/results/final/model_sensitivity/ofat/m2_routing_stability_eta0p496/trials/m2route_thrust_coefficient_plus10_cem_eta0p496_seed63400011.csv,4224,cem_tuned_boundary,balanced_3000_0_3000_12000,3000,0,3000,12000,0.6996778249740601,-0.0029532655607908964,True,True,18.609798669815063,landing_ramp,0.08222433924674988,0.009434030893230081,8.018445014953613,1.4810652502436603,0.2575770131036356,True,True,True,True,True,True
thrust_coefficient_plus10,thrust_coefficient,1.10,5d7069c284d7fd50362ca5bcbefc206fbdfca04f81fccca027aab46f42444fc3,cem,1,2,0.496000,12,63400012,seeded_ic_v1,m2_routing_stability_eta0p496_v1,m2route_thrust_coefficient_plus10_cem_eta0p496_seed63400012,seeded_ic_v1,qplite,/home/suhas/crazysim_ws/safe-landing-ftc/results/final/model_sensitivity/ofat/m2_routing_stability_eta0p496/trials/m2route_thrust_coefficient_plus10_cem_eta0p496_seed63400012.csv,4191,cem_tuned_boundary,balanced_3000_0_3000_12000,3000,0,3000,12000,0.7176119089126587,-0.003057607216760516,True,True,18.58527398109436,landing_ramp,0.08315403014421463,0.009922395976555377,7.986429214477539,1.5400631421126363,0.25529488552642626,True,True,True,False,True,False
thrust_coefficient_plus10,thrust_coefficient,1.10,5d7069c284d7fd50362ca5bcbefc206fbdfca04f81fccca027aab46f42444fc3,pinv,2,2,0.496000,12,63400012,seeded_ic_v1,m2_routing_stability_eta0p496_v1,m2route_thrust_coefficient_plus10_pinv_eta0p496_seed63400012,seeded_ic_v1,pinv,/home/suhas/crazysim_ws/safe-landing-ftc/results/final/model_sensitivity/ofat/m2_routing_stability_eta0p496/trials/m2route_thrust_coefficient_plus10_pinv_eta0p496_seed63400012.csv,4191,pinv_bounded_wls_w1_1_1_0.2_lambda1e-06,bounded_fault_aware_wls,0,0,0,0,0.7176227569580078,-0.0031752814538776875,True,True,18.52462863922119,landing_ramp,0.0816708579659462,0.00040344278542449313,0.018466105684638023,0.0016412465218708368,0.005409265455597778,True,True,True,True,True,True
thrust_coefficient_plus10,thrust_coefficient,1.10,5d7069c284d7fd50362ca5bcbefc206fbdfca04f81fccca027aab46f42444fc3,pinv,1,2,0.496000,13,63400013,seeded_ic_v1,m2_routing_stability_eta0p496_v1,m2route_thrust_coefficient_plus10_pinv_eta0p496_seed63400013,seeded_ic_v1,pinv,/home/suhas/crazysim_ws/safe-landing-ftc/results/final/model_sensitivity/ofat/m2_routing_stability_eta0p496/trials/m2route_thrust_coefficient_plus10_pinv_eta0p496_seed63400013.csv,4192,pinv_bounded_wls_w1_1_1_0.2_lambda1e-06,bounded_fault_aware_wls,0,0,0,0,0.7117201089859009,-0.0030506576877087355,True,True,18.467807054519653,landing_ramp,0.08066121488809586,0.0004586020807093984,0.021122686564922333,0.0015714789726066615,0.005769879454786484,True,True,True,True,True,True
thrust_coefficient_plus10,thrust_coefficient,1.10,5d7069c284d7fd50362ca5bcbefc206fbdfca04f81fccca027aab46f42444fc3,cem,2,2,0.496000,13,63400013,seeded_ic_v1,m2_routing_stability_eta0p496_v1,m2route_thrust_coefficient_plus10_cem_eta0p496_seed63400013,seeded_ic_v1,qplite,/home/suhas/crazysim_ws/safe-landing-ftc/results/final/model_sensitivity/ofat/m2_routing_stability_eta0p496/trials/m2route_thrust_coefficient_plus10_cem_eta0p496_seed63400013.csv,4194,cem_tuned_boundary,balanced_3000_0_3000_12000,3000,0,3000,12000,0.7116668820381165,-0.0029765632934868336,True,True,18.526867628097534,landing_ramp,0.08312763273715973,0.011852635478791422,8.012434005737305,1.5068519058337067,0.24108409100551317,True,True,True,False,True,False
thrust_coefficient_plus10,thrust_coefficient,1.10,5d7069c284d7fd50362ca5bcbefc206fbdfca04f81fccca027aab46f42444fc3,cem,1,2,0.496000,14,63400014,seeded_ic_v1,m2_routing_stability_eta0p496_v1,m2route_thrust_coefficient_plus10_cem_eta0p496_seed63400014,seeded_ic_v1,qplite,/home/suhas/crazysim_ws/safe-landing-ftc/results/final/model_sensitivity/ofat/m2_routing_stability_eta0p496/trials/m2route_thrust_coefficient_plus10_cem_eta0p496_seed63400014.csv,4185,cem_tuned_boundary,balanced_3000_0_3000_12000,3000,0,3000,12000,0.6906254291534424,-0.0028774822130799294,True,True,18.22393250465393,landing_ramp,0.08314871042966843,0.007638380782719524,7.999123573303223,1.511759145803117,0.26335564757438745,True,True,True,False,True,False
thrust_coefficient_plus10,thrust_coefficient,1.10,5d7069c284d7fd50362ca5bcbefc206fbdfca04f81fccca027aab46f42444fc3,pinv,2,2,0.496000,14,63400014,seeded_ic_v1,m2_routing_stability_eta0p496_v1,m2route_thrust_coefficient_plus10_pinv_eta0p496_seed63400014,seeded_ic_v1,pinv,/home/suhas/crazysim_ws/safe-landing-ftc/results/final/model_sensitivity/ofat/m2_routing_stability_eta0p496/trials/m2route_thrust_coefficient_plus10_pinv_eta0p496_seed63400014.csv,4185,pinv_bounded_wls_w1_1_1_0.2_lambda1e-06,bounded_fault_aware_wls,0,0,0,0,0.6905894875526428,-0.002722187666222453,True,True,18.144365787506104,landing_ramp,0.08255155384540558,0.00011746974952974373,0.016818365082144737,0.0015633731201600304,0.0028469906421267756,True,True,True,True,True,True
thrust_coefficient_plus10,thrust_coefficient,1.10,5d7069c284d7fd50362ca5bcbefc206fbdfca04f81fccca027aab46f42444fc3,pinv,1,2,0.496000,15,63400015,seeded_ic_v1,m2_routing_stability_eta0p496_v1,m2route_thrust_coefficient_plus10_pinv_eta0p496_seed63400015,seeded_ic_v1,pinv,/home/suhas/crazysim_ws/safe-landing-ftc/results/final/model_sensitivity/ofat/m2_routing_stability_eta0p496/trials/m2route_thrust_coefficient_plus10_pinv_eta0p496_seed63400015.csv,4200,pinv_bounded_wls_w1_1_1_0.2_lambda1e-06,bounded_fault_aware_wls,0,0,0,0,0.7053003311157227,-0.0030661625787615776,True,True,18.42552161216736,landing_ramp,0.08255602419376373,0.0001818162370978247,0.013450042344629765,0.001706177677165476,0.0017263500009265607,True,True,True,True,True,True
thrust_coefficient_plus10,thrust_coefficient,1.10,5d7069c284d7fd50362ca5bcbefc206fbdfca04f81fccca027aab46f42444fc3,cem,2,2,0.496000,15,63400015,seeded_ic_v1,m2_routing_stability_eta0p496_v1,m2route_thrust_coefficient_plus10_cem_eta0p496_seed63400015,seeded_ic_v1,qplite,/home/suhas/crazysim_ws/safe-landing-ftc/results/final/model_sensitivity/ofat/m2_routing_stability_eta0p496/trials/m2route_thrust_coefficient_plus10_cem_eta0p496_seed63400015.csv,4194,cem_tuned_boundary,balanced_3000_0_3000_12000,3000,0,3000,12000,0.705183744430542,-0.003058468457311392,True,True,18.487512350082397,landing_ramp,0.08390738070011139,0.008088354203429508,7.998584270477295,1.5118606224618303,0.2649831934291021,True,True,True,False,True,False
thrust_coefficient_plus10,thrust_coefficient,1.10,5d7069c284d7fd50362ca5bcbefc206fbdfca04f81fccca027aab46f42444fc3,cem,1,2,0.496000,16,63400016,seeded_ic_v1,m2_routing_stability_eta0p496_v1,m2route_thrust_coefficient_plus10_cem_eta0p496_seed63400016,seeded_ic_v1,qplite,/home/suhas/crazysim_ws/safe-landing-ftc/results/final/model_sensitivity/ofat/m2_routing_stability_eta0p496/trials/m2route_thrust_coefficient_plus10_cem_eta0p496_seed63400016.csv,4188,cem_tuned_boundary,balanced_3000_0_3000_12000,3000,0,3000,12000,0.7279297709465027,-0.0030973246321082115,True,True,18.70822024345398,landing_ramp,0.08316827565431595,0.008740189670037738,8.033512115478516,1.500549637372574,0.2628633219430969,True,True,True,False,True,False
thrust_coefficient_plus10,thrust_coefficient,1.10,5d7069c284d7fd50362ca5bcbefc206fbdfca04f81fccca027aab46f42444fc3,pinv,2,2,0.496000,16,63400016,seeded_ic_v1,m2_routing_stability_eta0p496_v1,m2route_thrust_coefficient_plus10_pinv_eta0p496_seed63400016,seeded_ic_v1,pinv,/home/suhas/crazysim_ws/safe-landing-ftc/results/final/model_sensitivity/ofat/m2_routing_stability_eta0p496/trials/m2route_thrust_coefficient_plus10_pinv_eta0p496_seed63400016.csv,4190,pinv_bounded_wls_w1_1_1_0.2_lambda1e-06,bounded_fault_aware_wls,0,0,0,0,0.7279795408248901,-0.0031097091268748045,True,True,18.642919778823853,landing_ramp,0.08178926259279251,0.0003260138737172976,0.017975542694330215,0.0015686559041041329,0.004444218800697504,True,True,True,True,True,True
thrust_coefficient_plus10,thrust_coefficient,1.10,5d7069c284d7fd50362ca5bcbefc206fbdfca04f81fccca027aab46f42444fc3,pinv,1,2,0.496000,17,63400017,seeded_ic_v1,m2_routing_stability_eta0p496_v1,m2route_thrust_coefficient_plus10_pinv_eta0p496_seed63400017,seeded_ic_v1,pinv,/home/suhas/crazysim_ws/safe-landing-ftc/results/final/model_sensitivity/ofat/m2_routing_stability_eta0p496/trials/m2route_thrust_coefficient_plus10_pinv_eta0p496_seed63400017.csv,4206,pinv_bounded_wls_w1_1_1_0.2_lambda1e-06,bounded_fault_aware_wls,0,0,0,0,0.7124004364013672,-0.0030281043145805597,True,True,18.569267988204956,landing_ramp,0.08172065019607544,0.0003715331035722075,0.017588960006833076,0.002121506503610609,0.003161473676844543,True,True,True,True,True,True
thrust_coefficient_plus10,thrust_coefficient,1.10,5d7069c284d7fd50362ca5bcbefc206fbdfca04f81fccca027aab46f42444fc3,cem,2,2,0.496000,17,63400017,seeded_ic_v1,m2_routing_stability_eta0p496_v1,m2route_thrust_coefficient_plus10_cem_eta0p496_seed63400017,seeded_ic_v1,qplite,/home/suhas/crazysim_ws/safe-landing-ftc/results/final/model_sensitivity/ofat/m2_routing_stability_eta0p496/trials/m2route_thrust_coefficient_plus10_cem_eta0p496_seed63400017.csv,4206,cem_tuned_boundary,balanced_3000_0_3000_12000,3000,0,3000,12000,0.7123443484306335,-0.003169938689097762,True,True,18.646150827407837,landing_ramp,0.0831320583820343,0.009880142972843769,8.003098487854004,1.4868150391767911,0.2546092449578364,True,True,True,True,True,True
thrust_coefficient_plus10,thrust_coefficient,1.10,5d7069c284d7fd50362ca5bcbefc206fbdfca04f81fccca027aab46f42444fc3,cem,1,2,0.496000,18,63400018,seeded_ic_v1,m2_routing_stability_eta0p496_v1,m2route_thrust_coefficient_plus10_cem_eta0p496_seed63400018,seeded_ic_v1,qplite,/home/suhas/crazysim_ws/safe-landing-ftc/results/final/model_sensitivity/ofat/m2_routing_stability_eta0p496/trials/m2route_thrust_coefficient_plus10_cem_eta0p496_seed63400018.csv,4212,cem_tuned_boundary,balanced_3000_0_3000_12000,3000,0,3000,12000,0.7121369242668152,-0.0030292088631540537,True,True,18.685426712036133,landing_ramp,0.08241283148527145,0.009877558564501093,8.000936508178711,1.462567034774629,0.2532079466350903,True,True,True,True,True,True
thrust_coefficient_plus10,thrust_coefficient,1.10,5d7069c284d7fd50362ca5bcbefc206fbdfca04f81fccca027aab46f42444fc3,pinv,2,2,0.496000,18,63400018,seeded_ic_v1,m2_routing_stability_eta0p496_v1,m2route_thrust_coefficient_plus10_pinv_eta0p496_seed63400018,seeded_ic_v1,pinv,/home/suhas/crazysim_ws/safe-landing-ftc/results/final/model_sensitivity/ofat/m2_routing_stability_eta0p496/trials/m2route_thrust_coefficient_plus10_pinv_eta0p496_seed63400018.csv,4212,pinv_bounded_wls_w1_1_1_0.2_lambda1e-06,bounded_fault_aware_wls,0,0,0,0,0.7120317220687866,-0.0030683341901749372,True,True,18.605441331863403,landing_ramp,0.08217030018568039,0.0004294821780528777,0.01864473707973957,0.0019294322517724488,0.005166522264134791,True,True,True,True,True,True
thrust_coefficient_plus10,thrust_coefficient,1.10,5d7069c284d7fd50362ca5bcbefc206fbdfca04f81fccca027aab46f42444fc3,pinv,1,2,0.496000,19,63400019,seeded_ic_v1,m2_routing_stability_eta0p496_v1,m2route_thrust_coefficient_plus10_pinv_eta0p496_seed63400019,seeded_ic_v1,pinv,/home/suhas/crazysim_ws/safe-landing-ftc/results/final/model_sensitivity/ofat/m2_routing_stability_eta0p496/trials/m2route_thrust_coefficient_plus10_pinv_eta0p496_seed63400019.csv,4179,pinv_bounded_wls_w1_1_1_0.2_lambda1e-06,bounded_fault_aware_wls,0,0,0,0,0.7118949294090271,-0.003234243020415306,True,True,18.36314821243286,landing_ramp,0.08171696215867996,0.00042353645233671655,0.015228980220854282,0.0024270718836367795,0.0023597425690887654,True,True,True,True,True,True
thrust_coefficient_plus10,thrust_coefficient,1.10,5d7069c284d7fd50362ca5bcbefc206fbdfca04f81fccca027aab46f42444fc3,cem,2,2,0.496000,19,63400019,seeded_ic_v1,m2_routing_stability_eta0p496_v1,m2route_thrust_coefficient_plus10_cem_eta0p496_seed63400019,seeded_ic_v1,qplite,/home/suhas/crazysim_ws/safe-landing-ftc/results/final/model_sensitivity/ofat/m2_routing_stability_eta0p496/trials/m2route_thrust_coefficient_plus10_cem_eta0p496_seed63400019.csv,4176,cem_tuned_boundary,balanced_3000_0_3000_12000,3000,0,3000,12000,0.7122017741203308,-0.003133717691525817,True,True,18.42990207672119,landing_ramp,0.08295905590057373,0.009462429635579903,8.080110549926758,1.5118749124205273,0.2571099677409004,True,True,True,False,True,False
thrust_coefficient_plus10,thrust_coefficient,1.10,5d7069c284d7fd50362ca5bcbefc206fbdfca04f81fccca027aab46f42444fc3,cem,1,2,0.496000,20,63400020,seeded_ic_v1,m2_routing_stability_eta0p496_v1,m2route_thrust_coefficient_plus10_cem_eta0p496_seed63400020,seeded_ic_v1,qplite,/home/suhas/crazysim_ws/safe-landing-ftc/results/final/model_sensitivity/ofat/m2_routing_stability_eta0p496/trials/m2route_thrust_coefficient_plus10_cem_eta0p496_seed63400020.csv,4185,cem_tuned_boundary,balanced_3000_0_3000_12000,3000,0,3000,12000,0.7003372311592102,-0.0028772694058716297,True,True,18.345049142837524,landing_ramp,0.0819578692317009,0.008958151478388998,7.967733860015869,1.4845104206995399,0.25518678082340684,True,True,True,True,True,True
thrust_coefficient_plus10,thrust_coefficient,1.10,5d7069c284d7fd50362ca5bcbefc206fbdfca04f81fccca027aab46f42444fc3,pinv,2,2,0.496000,20,63400020,seeded_ic_v1,m2_routing_stability_eta0p496_v1,m2route_thrust_coefficient_plus10_pinv_eta0p496_seed63400020,seeded_ic_v1,pinv,/home/suhas/crazysim_ws/safe-landing-ftc/results/final/model_sensitivity/ofat/m2_routing_stability_eta0p496/trials/m2route_thrust_coefficient_plus10_pinv_eta0p496_seed63400020.csv,4185,pinv_bounded_wls_w1_1_1_0.2_lambda1e-06,bounded_fault_aware_wls,0,0,0,0,0.7001901865005493,-0.002832853002473712,True,True,18.264511346817017,landing_ramp,0.08158089220523834,0.00020210963028649445,0.011673307977616787,0.002133643002033372,0.0010176371058882897,True,True,True,True,True,True
thrust_coefficient_plus10,thrust_coefficient,1.10,5d7069c284d7fd50362ca5bcbefc206fbdfca04f81fccca027aab46f42444fc3,pinv,1,2,0.496000,21,63400021,seeded_ic_v1,m2_routing_stability_eta0p496_v1,m2route_thrust_coefficient_plus10_pinv_eta0p496_seed63400021,seeded_ic_v1,pinv,/home/suhas/crazysim_ws/safe-landing-ftc/results/final/model_sensitivity/ofat/m2_routing_stability_eta0p496/trials/m2route_thrust_coefficient_plus10_pinv_eta0p496_seed63400021.csv,4215,pinv_bounded_wls_w1_1_1_0.2_lambda1e-06,bounded_fault_aware_wls,0,0,0,0,0.6929587125778198,-0.0029422305524349213,True,True,18.39117980003357,landing_ramp,0.08188938349485397,0.00021595254601543783,0.01777074672281742,0.0017448523026408742,0.003228551063304594,True,True,True,True,True,True
thrust_coefficient_plus10,thrust_coefficient,1.10,5d7069c284d7fd50362ca5bcbefc206fbdfca04f81fccca027aab46f42444fc3,cem,2,2,0.496000,21,63400021,seeded_ic_v1,m2_routing_stability_eta0p496_v1,m2route_thrust_coefficient_plus10_cem_eta0p496_seed63400021,seeded_ic_v1,qplite,/home/suhas/crazysim_ws/safe-landing-ftc/results/final/model_sensitivity/ofat/m2_routing_stability_eta0p496/trials/m2route_thrust_coefficient_plus10_cem_eta0p496_seed63400021.csv,4215,cem_tuned_boundary,balanced_3000_0_3000_12000,3000,0,3000,12000,0.6930354237556458,-0.002532573416829109,True,True,18.46717882156372,landing_ramp,0.08305490761995316,0.009681667648563345,8.056336402893066,1.4910725835211953,0.24934529151839013,True,True,True,True,True,True
thrust_coefficient_plus10,thrust_coefficient,1.10,5d7069c284d7fd50362ca5bcbefc206fbdfca04f81fccca027aab46f42444fc3,cem,1,2,0.496000,22,63400022,seeded_ic_v1,m2_routing_stability_eta0p496_v1,m2route_thrust_coefficient_plus10_cem_eta0p496_seed63400022,seeded_ic_v1,qplite,/home/suhas/crazysim_ws/safe-landing-ftc/results/final/model_sensitivity/ofat/m2_routing_stability_eta0p496/trials/m2route_thrust_coefficient_plus10_cem_eta0p496_seed63400022.csv,4164,cem_tuned_boundary,balanced_3000_0_3000_12000,3000,0,3000,12000,0.7146695256233215,-0.003006518352776766,True,True,18.363059282302856,landing_ramp,0.08320288360118866,0.010842498537315089,8.003694534301758,1.481759740883095,0.24263980191647516,True,True,True,True,True,True
thrust_coefficient_plus10,thrust_coefficient,1.10,5d7069c284d7fd50362ca5bcbefc206fbdfca04f81fccca027aab46f42444fc3,pinv,2,2,0.496000,22,63400022,seeded_ic_v1,m2_routing_stability_eta0p496_v1,m2route_thrust_coefficient_plus10_pinv_eta0p496_seed63400022,seeded_ic_v1,pinv,/home/suhas/crazysim_ws/safe-landing-ftc/results/final/model_sensitivity/ofat/m2_routing_stability_eta0p496/trials/m2route_thrust_coefficient_plus10_pinv_eta0p496_seed63400022.csv,4161,pinv_bounded_wls_w1_1_1_0.2_lambda1e-06,bounded_fault_aware_wls,0,0,0,0,0.714629054069519,-0.0032159104011952877,True,True,18.3052761554718,landing_ramp,0.08163528889417648,0.0006651804179091082,0.01734055019915104,0.0015496111383762879,0.002325575039711242,True,True,True,True,True,True
thrust_coefficient_plus10,thrust_coefficient,1.10,5d7069c284d7fd50362ca5bcbefc206fbdfca04f81fccca027aab46f42444fc3,pinv,1,2,0.496000,23,63400023,seeded_ic_v1,m2_routing_stability_eta0p496_v1,m2route_thrust_coefficient_plus10_pinv_eta0p496_seed63400023,seeded_ic_v1,pinv,/home/suhas/crazysim_ws/safe-landing-ftc/results/final/model_sensitivity/ofat/m2_routing_stability_eta0p496/trials/m2route_thrust_coefficient_plus10_pinv_eta0p496_seed63400023.csv,4209,pinv_bounded_wls_w1_1_1_0.2_lambda1e-06,bounded_fault_aware_wls,0,0,0,0,0.699343204498291,-0.002599690342321992,True,True,18.42441153526306,landing_ramp,0.08110461384057999,0.0003420305586378099,0.017208686098456383,0.001802330221872004,0.0020136581641573537,True,True,True,True,True,True
thrust_coefficient_plus10,thrust_coefficient,1.10,5d7069c284d7fd50362ca5bcbefc206fbdfca04f81fccca027aab46f42444fc3,cem,2,2,0.496000,23,63400023,seeded_ic_v1,m2_routing_stability_eta0p496_v1,m2route_thrust_coefficient_plus10_cem_eta0p496_seed63400023,seeded_ic_v1,qplite,/home/suhas/crazysim_ws/safe-landing-ftc/results/final/model_sensitivity/ofat/m2_routing_stability_eta0p496/trials/m2route_thrust_coefficient_plus10_cem_eta0p496_seed63400023.csv,4209,cem_tuned_boundary,balanced_3000_0_3000_12000,3000,0,3000,12000,0.6994630098342896,-0.002878823783248663,True,True,18.507078886032104,landing_ramp,0.08291199058294296,0.008528469969866531,7.968555927276611,1.4704060550926217,0.2729636928812814,True,True,True,True,True,True
thrust_coefficient_plus10,thrust_coefficient,1.10,5d7069c284d7fd50362ca5bcbefc206fbdfca04f81fccca027aab46f42444fc3,cem,1,2,0.496000,24,63400024,seeded_ic_v1,m2_routing_stability_eta0p496_v1,m2route_thrust_coefficient_plus10_cem_eta0p496_seed63400024,seeded_ic_v1,qplite,/home/suhas/crazysim_ws/safe-landing-ftc/results/final/model_sensitivity/ofat/m2_routing_stability_eta0p496/trials/m2route_thrust_coefficient_plus10_cem_eta0p496_seed63400024.csv,4224,cem_tuned_boundary,balanced_3000_0_3000_12000,3000,0,3000,12000,0.6945834755897522,-0.002817415166646242,True,True,18.527714014053345,landing_ramp,0.08304696530103683,0.009292227121795657,7.987340927124023,1.5015730685485347,0.25768377818431865,True,True,True,False,True,False
thrust_coefficient_plus10,thrust_coefficient,1.10,5d7069c284d7fd50362ca5bcbefc206fbdfca04f81fccca027aab46f42444fc3,pinv,2,2,0.496000,24,63400024,seeded_ic_v1,m2_routing_stability_eta0p496_v1,m2route_thrust_coefficient_plus10_pinv_eta0p496_seed63400024,seeded_ic_v1,pinv,/home/suhas/crazysim_ws/safe-landing-ftc/results/final/model_sensitivity/ofat/m2_routing_stability_eta0p496/trials/m2route_thrust_coefficient_plus10_pinv_eta0p496_seed63400024.csv,4224,pinv_bounded_wls_w1_1_1_0.2_lambda1e-06,bounded_fault_aware_wls,0,0,0,0,0.694394588470459,-0.002702724654227495,True,True,18.46584391593933,landing_ramp,0.08132137358188629,0.00021590860543160595,0.015551786869764328,0.0019293682734884488,0.0025316040925329854,True,True,True,True,True,True
thrust_coefficient_plus10,thrust_coefficient,1.10,5d7069c284d7fd50362ca5bcbefc206fbdfca04f81fccca027aab46f42444fc3,pinv,1,2,0.496000,25,63400025,seeded_ic_v1,m2_routing_stability_eta0p496_v1,m2route_thrust_coefficient_plus10_pinv_eta0p496_seed63400025,seeded_ic_v1,pinv,/home/suhas/crazysim_ws/safe-landing-ftc/results/final/model_sensitivity/ofat/m2_routing_stability_eta0p496/trials/m2route_thrust_coefficient_plus10_pinv_eta0p496_seed63400025.csv,4224,pinv_bounded_wls_w1_1_1_0.2_lambda1e-06,bounded_fault_aware_wls,0,0,0,0,0.710769534111023,-0.003041451098397374,True,True,18.694229125976562,landing_ramp,0.08152936398983002,0.0009216353252332463,0.028448453173041344,0.001820114668468803,0.010176582797311158,True,True,True,True,True,True
thrust_coefficient_plus10,thrust_coefficient,1.10,5d7069c284d7fd50362ca5bcbefc206fbdfca04f81fccca027aab46f42444fc3,cem,2,2,0.496000,25,63400025,seeded_ic_v1,m2_routing_stability_eta0p496_v1,m2route_thrust_coefficient_plus10_cem_eta0p496_seed63400025,seeded_ic_v1,qplite,/home/suhas/crazysim_ws/safe-landing-ftc/results/final/model_sensitivity/ofat/m2_routing_stability_eta0p496/trials/m2route_thrust_coefficient_plus10_cem_eta0p496_seed63400025.csv,4227,cem_tuned_boundary,balanced_3000_0_3000_12000,3000,0,3000,12000,0.7108390927314758,-0.002764056669548154,True,True,18.74303388595581,landing_ramp,0.08271294832229614,0.009280451152250522,8.054485321044922,1.4965676017993852,0.2568833807732042,True,True,True,True,True,True
thrust_coefficient_plus10,thrust_coefficient,1.10,5d7069c284d7fd50362ca5bcbefc206fbdfca04f81fccca027aab46f42444fc3,cem,1,2,0.496000,26,63400026,seeded_ic_v1,m2_routing_stability_eta0p496_v1,m2route_thrust_coefficient_plus10_cem_eta0p496_seed63400026,seeded_ic_v1,qplite,/home/suhas/crazysim_ws/safe-landing-ftc/results/final/model_sensitivity/ofat/m2_routing_stability_eta0p496/trials/m2route_thrust_coefficient_plus10_cem_eta0p496_seed63400026.csv,4221,cem_tuned_boundary,balanced_3000_0_3000_12000,3000,0,3000,12000,0.724807620048523,-0.0030636247247457504,True,True,18.885488510131836,landing_ramp,0.08297508955001831,0.006889707509151665,7.979321479797363,1.5134887860966548,0.2742747642887376,True,True,True,False,True,False
thrust_coefficient_plus10,thrust_coefficient,1.10,5d7069c284d7fd50362ca5bcbefc206fbdfca04f81fccca027aab46f42444fc3,pinv,2,2,0.496000,26,63400026,seeded_ic_v1,m2_routing_stability_eta0p496_v1,m2route_thrust_coefficient_plus10_pinv_eta0p496_seed63400026,seeded_ic_v1,pinv,/home/suhas/crazysim_ws/safe-landing-ftc/results/final/model_sensitivity/ofat/m2_routing_stability_eta0p496/trials/m2route_thrust_coefficient_plus10_pinv_eta0p496_seed63400026.csv,4221,pinv_bounded_wls_w1_1_1_0.2_lambda1e-06,bounded_fault_aware_wls,0,0,0,0,0.7248117327690125,-0.003127607051283121,True,True,18.824174880981445,landing_ramp,0.0815989077091217,6.550037800890077e-05,0.01596676930785179,0.002057374724377583,0.0021061813151636148,True,True,True,True,True,True
thrust_coefficient_plus10,thrust_coefficient,1.10,5d7069c284d7fd50362ca5bcbefc206fbdfca04f81fccca027aab46f42444fc3,pinv,1,2,0.496000,27,63400027,seeded_ic_v1,m2_routing_stability_eta0p496_v1,m2route_thrust_coefficient_plus10_pinv_eta0p496_seed63400027,seeded_ic_v1,pinv,/home/suhas/crazysim_ws/safe-landing-ftc/results/final/model_sensitivity/ofat/m2_routing_stability_eta0p496/trials/m2route_thrust_coefficient_plus10_pinv_eta0p496_seed63400027.csv,4200,pinv_bounded_wls_w1_1_1_0.2_lambda1e-06,bounded_fault_aware_wls,0,0,0,0,0.6943109631538391,-0.003027851227670908,True,True,18.307425022125244,landing_ramp,0.08280909806489944,0.00023135147335806558,0.011784015223383904,0.002181446483525969,0.0014832854567128112,True,True,True,True,True,True
thrust_coefficient_plus10,thrust_coefficient,1.10,5d7069c284d7fd50362ca5bcbefc206fbdfca04f81fccca027aab46f42444fc3,cem,2,2,0.496000,27,63400027,seeded_ic_v1,m2_routing_stability_eta0p496_v1,m2route_thrust_coefficient_plus10_cem_eta0p496_seed63400027,seeded_ic_v1,qplite,/home/suhas/crazysim_ws/safe-landing-ftc/results/final/model_sensitivity/ofat/m2_routing_stability_eta0p496/trials/m2route_thrust_coefficient_plus10_cem_eta0p496_seed63400027.csv,4197,cem_tuned_boundary,balanced_3000_0_3000_12000,3000,0,3000,12000,0.6944098472595215,-0.002809319645166397,True,True,18.372175216674805,landing_ramp,0.08230366557836533,0.010046597873132092,8.094489097595215,1.5002803368271105,0.2524802987524124,True,True,True,False,True,False
thrust_coefficient_plus10,thrust_coefficient,1.10,5d7069c284d7fd50362ca5bcbefc206fbdfca04f81fccca027aab46f42444fc3,cem,1,2,0.496000,28,63400028,seeded_ic_v1,m2_routing_stability_eta0p496_v1,m2route_thrust_coefficient_plus10_cem_eta0p496_seed63400028,seeded_ic_v1,qplite,/home/suhas/crazysim_ws/safe-landing-ftc/results/final/model_sensitivity/ofat/m2_routing_stability_eta0p496/trials/m2route_thrust_coefficient_plus10_cem_eta0p496_seed63400028.csv,4194,cem_tuned_boundary,balanced_3000_0_3000_12000,3000,0,3000,12000,0.6932380199432373,-0.0029559535905718803,True,True,18.329234838485718,landing_ramp,0.08269265294075012,0.008623635825845166,7.976612091064453,1.4984567182234585,0.2613116449856368,True,True,True,True,True,True
thrust_coefficient_plus10,thrust_coefficient,1.10,5d7069c284d7fd50362ca5bcbefc206fbdfca04f81fccca027aab46f42444fc3,pinv,2,2,0.496000,28,63400028,seeded_ic_v1,m2_routing_stability_eta0p496_v1,m2route_thrust_coefficient_plus10_pinv_eta0p496_seed63400028,seeded_ic_v1,pinv,/home/suhas/crazysim_ws/safe-landing-ftc/results/final/model_sensitivity/ofat/m2_routing_stability_eta0p496/trials/m2route_thrust_coefficient_plus10_pinv_eta0p496_seed63400028.csv,4194,pinv_bounded_wls_w1_1_1_0.2_lambda1e-06,bounded_fault_aware_wls,0,0,0,0,0.6932290196418762,-0.0029826622921973467,True,True,18.248284339904785,landing_ramp,0.0819450318813324,0.00027978581952414,0.013794168829917908,0.002080061319220576,0.0021750226702281035,True,True,True,True,True,True
thrust_coefficient_plus10,thrust_coefficient,1.10,5d7069c284d7fd50362ca5bcbefc206fbdfca04f81fccca027aab46f42444fc3,pinv,1,2,0.496000,29,63400029,seeded_ic_v1,m2_routing_stability_eta0p496_v1,m2route_thrust_coefficient_plus10_pinv_eta0p496_seed63400029,seeded_ic_v1,pinv,/home/suhas/crazysim_ws/safe-landing-ftc/results/final/model_sensitivity/ofat/m2_routing_stability_eta0p496/trials/m2route_thrust_coefficient_plus10_pinv_eta0p496_seed63400029.csv,4194,pinv_bounded_wls_w1_1_1_0.2_lambda1e-06,bounded_fault_aware_wls,0,0,0,0,0.7189265489578247,-0.0032700581941753626,True,True,18.55391025543213,landing_ramp,0.08247940242290497,0.00032304312232683385,0.015408040955662727,0.0015730045792757945,0.0028816543672893014,True,True,True,True,True,True
thrust_coefficient_plus10,thrust_coefficient,1.10,5d7069c284d7fd50362ca5bcbefc206fbdfca04f81fccca027aab46f42444fc3,cem,2,2,0.496000,29,63400029,seeded_ic_v1,m2_routing_stability_eta0p496_v1,m2route_thrust_coefficient_plus10_cem_eta0p496_seed63400029,seeded_ic_v1,qplite,/home/suhas/crazysim_ws/safe-landing-ftc/results/final/model_sensitivity/ofat/m2_routing_stability_eta0p496/trials/m2route_thrust_coefficient_plus10_cem_eta0p496_seed63400029.csv,4194,cem_tuned_boundary,balanced_3000_0_3000_12000,3000,0,3000,12000,0.7188624143600464,-0.0031308941543102264,True,True,18.625056743621826,landing_ramp,0.08294510841369629,0.010561319866673328,7.956728935241699,1.489559220835777,0.2516348098787403,True,True,True,True,True,True
thrust_coefficient_plus10,thrust_coefficient,1.10,5d7069c284d7fd50362ca5bcbefc206fbdfca04f81fccca027aab46f42444fc3,cem,1,2,0.496000,30,63400030,seeded_ic_v1,m2_routing_stability_eta0p496_v1,m2route_thrust_coefficient_plus10_cem_eta0p496_seed63400030,seeded_ic_v1,qplite,/home/suhas/crazysim_ws/safe-landing-ftc/results/final/model_sensitivity/ofat/m2_routing_stability_eta0p496/trials/m2route_thrust_coefficient_plus10_cem_eta0p496_seed63400030.csv,4221,cem_tuned_boundary,balanced_3000_0_3000_12000,3000,0,3000,12000,0.7213968634605408,-0.0030777889769524336,True,True,18.82695770263672,landing_ramp,0.0840011015534401,0.009186517105480914,8.003951072692871,1.4734245296169886,0.2553100212487859,True,True,True,True,True,True
thrust_coefficient_plus10,thrust_coefficient,1.10,5d7069c284d7fd50362ca5bcbefc206fbdfca04f81fccca027aab46f42444fc3,pinv,2,2,0.496000,30,63400030,seeded_ic_v1,m2_routing_stability_eta0p496_v1,m2route_thrust_coefficient_plus10_pinv_eta0p496_seed63400030,seeded_ic_v1,pinv,/home/suhas/crazysim_ws/safe-landing-ftc/results/final/model_sensitivity/ofat/m2_routing_stability_eta0p496/trials/m2route_thrust_coefficient_plus10_pinv_eta0p496_seed63400030.csv,4221,pinv_bounded_wls_w1_1_1_0.2_lambda1e-06,bounded_fault_aware_wls,0,0,0,0,0.72146075963974,-0.0030715903267264366,True,True,18.767288208007812,landing_ramp,0.08178441971540451,0.00040108227861493324,0.018071459606289864,0.0015718657793358322,0.004375550827338835,True,True,True,True,True,True
motor_time_constant_minus10,motor_time_constant,0.90,8098ad601867eef40feaeeec3a83c81a789715ab72fd4691d6e994b42f2e6d1a,pinv,1,2,0.496000,1,63400001,seeded_ic_v1,m2_routing_stability_eta0p496_v1,m2route_motor_time_constant_minus10_pinv_eta0p496_seed63400001,seeded_ic_v1,pinv,/home/suhas/crazysim_ws/safe-landing-ftc/results/final/model_sensitivity/ofat/m2_routing_stability_eta0p496/trials/m2route_motor_time_constant_minus10_pinv_eta0p496_seed63400001.csv,4179,pinv_bounded_wls_w1_1_1_0.2_lambda1e-06,bounded_fault_aware_wls,0,0,0,0,0.7138720154762268,-0.0037168164271861315,True,True,15.065857410430908,adaptive_brake,0.3323180079460144,0.007993150850694315,0.10174141824245453,0.2929774868510127,0.01995582998192943,True,True,True,True,True,True
motor_time_constant_minus10,motor_time_constant,0.90,8098ad601867eef40feaeeec3a83c81a789715ab72fd4691d6e994b42f2e6d1a,cem,2,2,0.496000,1,63400001,seeded_ic_v1,m2_routing_stability_eta0p496_v1,m2route_motor_time_constant_minus10_cem_eta0p496_seed63400001,seeded_ic_v1,qplite,/home/suhas/crazysim_ws/safe-landing-ftc/results/final/model_sensitivity/ofat/m2_routing_stability_eta0p496/trials/m2route_motor_time_constant_minus10_cem_eta0p496_seed63400001.csv,4179,cem_tuned_boundary,balanced_3000_0_3000_12000,3000,0,3000,12000,0.7139945030212402,-0.003926915116608143,True,True,13.90622854232788,adaptive_brake,0.35941553115844727,0.013708562408697058,8.480053901672363,1.5573963439010894,0.31805360635158425,False,True,True,False,True,False
motor_time_constant_minus10,motor_time_constant,0.90,8098ad601867eef40feaeeec3a83c81a789715ab72fd4691d6e994b42f2e6d1a,cem,1,2,0.496000,2,63400002,seeded_ic_v1,m2_routing_stability_eta0p496_v1,m2route_motor_time_constant_minus10_cem_eta0p496_seed63400002,seeded_ic_v1,qplite,/home/suhas/crazysim_ws/safe-landing-ftc/results/final/model_sensitivity/ofat/m2_routing_stability_eta0p496/trials/m2route_motor_time_constant_minus10_cem_eta0p496_seed63400002.csv,4203,cem_tuned_boundary,balanced_3000_0_3000_12000,3000,0,3000,12000,0.7104997634887695,-0.0038838551845401525,True,True,13.904639482498169,adaptive_brake,0.36272087693214417,0.016170705270965948,8.48549747467041,1.5674383482425642,0.3145216234734038,False,True,True,False,True,False
motor_time_constant_minus10,motor_time_constant,0.90,8098ad601867eef40feaeeec3a83c81a789715ab72fd4691d6e994b42f2e6d1a,pinv,2,2,0.496000,2,63400002,seeded_ic_v1,m2_routing_stability_eta0p496_v1,m2route_motor_time_constant_minus10_pinv_eta0p496_seed63400002,seeded_ic_v1,pinv,/home/suhas/crazysim_ws/safe-landing-ftc/results/final/model_sensitivity/ofat/m2_routing_stability_eta0p496/trials/m2route_motor_time_constant_minus10_pinv_eta0p496_seed63400002.csv,4200,pinv_bounded_wls_w1_1_1_0.2_lambda1e-06,bounded_fault_aware_wls,0,0,0,0,0.7104761004447937,-0.00384579598903656,True,True,15.24862027168274,adaptive_brake,0.3267711400985718,0.007920876652567375,0.10599599033594131,0.2908430304170442,0.02158508210866812,True,True,True,True,True,True
motor_time_constant_minus10,motor_time_constant,0.90,8098ad601867eef40feaeeec3a83c81a789715ab72fd4691d6e994b42f2e6d1a,pinv,1,2,0.496000,3,63400003,seeded_ic_v1,m2_routing_stability_eta0p496_v1,m2route_motor_time_constant_minus10_pinv_eta0p496_seed63400003,seeded_ic_v1,pinv,/home/suhas/crazysim_ws/safe-landing-ftc/results/final/model_sensitivity/ofat/m2_routing_stability_eta0p496/trials/m2route_motor_time_constant_minus10_pinv_eta0p496_seed63400003.csv,4191,pinv_bounded_wls_w1_1_1_0.2_lambda1e-06,bounded_fault_aware_wls,0,0,0,0,0.7331537008285522,-0.004036375787109137,True,True,15.204920530319214,adaptive_brake,0.3374671936035156,0.00801933187129453,0.0978529155254364,0.3015036227749828,0.01878177600856245,True,True,True,True,True,True
motor_time_constant_minus10,motor_time_constant,0.90,8098ad601867eef40feaeeec3a83c81a789715ab72fd4691d6e994b42f2e6d1a,cem,2,2,0.496000,3,63400003,seeded_ic_v1,m2_routing_stability_eta0p496_v1,m2route_motor_time_constant_minus10_cem_eta0p496_seed63400003,seeded_ic_v1,qplite,/home/suhas/crazysim_ws/safe-landing-ftc/results/final/model_sensitivity/ofat/m2_routing_stability_eta0p496/trials/m2route_motor_time_constant_minus10_cem_eta0p496_seed63400003.csv,4191,cem_tuned_boundary,balanced_3000_0_3000_12000,3000,0,3000,12000,0.7332349419593811,-0.00385667709633708,True,True,14.00567889213562,adaptive_brake,0.36742275953292847,0.014236501871268068,8.486146926879883,1.5717033522222583,0.319028236377012,False,True,True,False,True,False
motor_time_constant_minus10,motor_time_constant,0.90,8098ad601867eef40feaeeec3a83c81a789715ab72fd4691d6e994b42f2e6d1a,cem,1,2,0.496000,4,63400004,seeded_ic_v1,m2_routing_stability_eta0p496_v1,m2route_motor_time_constant_minus10_cem_eta0p496_seed63400004,seeded_ic_v1,qplite,/home/suhas/crazysim_ws/safe-landing-ftc/results/final/model_sensitivity/ofat/m2_routing_stability_eta0p496/trials/m2route_motor_time_constant_minus10_cem_eta0p496_seed63400004.csv,4227,cem_tuned_boundary,balanced_3000_0_3000_12000,3000,0,3000,12000,0.7279148697853088,-0.0035195117816329002,True,True,14.247461318969727,adaptive_brake,0.3575189709663391,0.015093994223992152,8.495604515075684,1.5542886693439713,0.33010380345428875,False,True,True,False,True,False
motor_time_constant_minus10,motor_time_constant,0.90,8098ad601867eef40feaeeec3a83c81a789715ab72fd4691d6e994b42f2e6d1a,pinv,2,2,0.496000,4,63400004,seeded_ic_v1,m2_routing_stability_eta0p496_v1,m2route_motor_time_constant_minus10_pinv_eta0p496_seed63400004,seeded_ic_v1,pinv,/home/suhas/crazysim_ws/safe-landing-ftc/results/final/model_sensitivity/ofat/m2_routing_stability_eta0p496/trials/m2route_motor_time_constant_minus10_pinv_eta0p496_seed63400004.csv,4227,pinv_bounded_wls_w1_1_1_0.2_lambda1e-06,bounded_fault_aware_wls,0,0,0,0,0.7278218269348145,-0.003896271577104926,True,True,15.427706003189087,adaptive_brake,0.3374725878238678,0.00787539007724682,0.10348135232925415,0.30585976807611653,0.02020181056364578,True,True,True,True,True,True
motor_time_constant_minus10,motor_time_constant,0.90,8098ad601867eef40feaeeec3a83c81a789715ab72fd4691d6e994b42f2e6d1a,pinv,1,2,0.496000,5,63400005,seeded_ic_v1,m2_routing_stability_eta0p496_v1,m2route_motor_time_constant_minus10_pinv_eta0p496_seed63400005,seeded_ic_v1,pinv,/home/suhas/crazysim_ws/safe-landing-ftc/results/final/model_sensitivity/ofat/m2_routing_stability_eta0p496/trials/m2route_motor_time_constant_minus10_pinv_eta0p496_seed63400005.csv,4224,pinv_bounded_wls_w1_1_1_0.2_lambda1e-06,bounded_fault_aware_wls,0,0,0,0,0.7326350808143616,-0.00398896774277091,True,True,15.443947315216064,adaptive_brake,0.33401310443878174,0.007668873340203983,0.107285276055336,0.29636476604689205,0.02095535304500375,True,True,True,True,True,True
motor_time_constant_minus10,motor_time_constant,0.90,8098ad601867eef40feaeeec3a83c81a789715ab72fd4691d6e994b42f2e6d1a,cem,2,2,0.496000,5,63400005,seeded_ic_v1,m2_routing_stability_eta0p496_v1,m2route_motor_time_constant_minus10_cem_eta0p496_seed63400005,seeded_ic_v1,qplite,/home/suhas/crazysim_ws/safe-landing-ftc/results/final/model_sensitivity/ofat/m2_routing_stability_eta0p496/trials/m2route_motor_time_constant_minus10_cem_eta0p496_seed63400005.csv,4224,cem_tuned_boundary,balanced_3000_0_3000_12000,3000,0,3000,12000,0.7325491309165955,-0.004089263267815113,True,True,14.425027847290039,adaptive_brake,0.35668841004371643,0.014286420247879243,8.417549133300781,1.591280450555696,0.3444215186659869,False,True,True,False,True,False
motor_time_constant_minus10,motor_time_constant,0.90,8098ad601867eef40feaeeec3a83c81a789715ab72fd4691d6e994b42f2e6d1a,cem,1,2,0.496000,6,63400006,seeded_ic_v1,m2_routing_stability_eta0p496_v1,m2route_motor_time_constant_minus10_cem_eta0p496_seed63400006,seeded_ic_v1,qplite,/home/suhas/crazysim_ws/safe-landing-ftc/results/final/model_sensitivity/ofat/m2_routing_stability_eta0p496/trials/m2route_motor_time_constant_minus10_cem_eta0p496_seed63400006.csv,4215,cem_tuned_boundary,balanced_3000_0_3000_12000,3000,0,3000,12000,0.7301443815231323,-0.003894416382536292,True,True,14.247384309768677,adaptive_brake,0.3572053909301758,0.014192468998990215,8.461339950561523,1.5641331018769173,0.3315060878252852,False,True,True,False,True,False
motor_time_constant_minus10,motor_time_constant,0.90,8098ad601867eef40feaeeec3a83c81a789715ab72fd4691d6e994b42f2e6d1a,pinv,2,2,0.496000,6,63400006,seeded_ic_v1,m2_routing_stability_eta0p496_v1,m2route_motor_time_constant_minus10_pinv_eta0p496_seed63400006,seeded_ic_v1,pinv,/home/suhas/crazysim_ws/safe-landing-ftc/results/final/model_sensitivity/ofat/m2_routing_stability_eta0p496/trials/m2route_motor_time_constant_minus10_pinv_eta0p496_seed63400006.csv,4215,pinv_bounded_wls_w1_1_1_0.2_lambda1e-06,bounded_fault_aware_wls,0,0,0,0,0.7300597429275513,-0.004013800993561745,True,True,15.385757446289062,adaptive_brake,0.332767516374588,0.0075818211377465475,0.10924631357192993,0.2941380882141494,0.02093318828619799,True,True,True,True,True,True
motor_time_constant_minus10,motor_time_constant,0.90,8098ad601867eef40feaeeec3a83c81a789715ab72fd4691d6e994b42f2e6d1a,pinv,1,2,0.496000,7,63400007,seeded_ic_v1,m2_routing_stability_eta0p496_v1,m2route_motor_time_constant_minus10_pinv_eta0p496_seed63400007,seeded_ic_v1,pinv,/home/suhas/crazysim_ws/safe-landing-ftc/results/final/model_sensitivity/ofat/m2_routing_stability_eta0p496/trials/m2route_motor_time_constant_minus10_pinv_eta0p496_seed63400007.csv,4230,pinv_bounded_wls_w1_1_1_0.2_lambda1e-06,bounded_fault_aware_wls,0,0,0,0,0.7165398597717285,-0.0038233569357544184,True,True,15.483415126800537,adaptive_brake,0.3242853283882141,0.007644947686092724,0.11713708937168121,0.2925822098573672,0.021024766694807934,True,True,True,True,True,True
motor_time_constant_minus10,motor_time_constant,0.90,8098ad601867eef40feaeeec3a83c81a789715ab72fd4691d6e994b42f2e6d1a,cem,2,2,0.496000,7,63400007,seeded_ic_v1,m2_routing_stability_eta0p496_v1,m2route_motor_time_constant_minus10_cem_eta0p496_seed63400007,seeded_ic_v1,qplite,/home/suhas/crazysim_ws/safe-landing-ftc/results/final/model_sensitivity/ofat/m2_routing_stability_eta0p496/trials/m2route_motor_time_constant_minus10_cem_eta0p496_seed63400007.csv,4230,cem_tuned_boundary,balanced_3000_0_3000_12000,3000,0,3000,12000,0.716591477394104,-0.0036377140786498785,True,True,14.304036617279053,adaptive_brake,0.3537188172340393,0.01566424182079598,8.51124382019043,1.536295111805109,0.3409122313546051,False,True,True,False,True,False
motor_time_constant_minus10,motor_time_constant,0.90,8098ad601867eef40feaeeec3a83c81a789715ab72fd4691d6e994b42f2e6d1a,cem,1,2,0.496000,8,63400008,seeded_ic_v1,m2_routing_stability_eta0p496_v1,m2route_motor_time_constant_minus10_cem_eta0p496_seed63400008,seeded_ic_v1,qplite,/home/suhas/crazysim_ws/safe-landing-ftc/results/final/model_sensitivity/ofat/m2_routing_stability_eta0p496/trials/m2route_motor_time_constant_minus10_cem_eta0p496_seed63400008.csv,4206,cem_tuned_boundary,balanced_3000_0_3000_12000,3000,0,3000,12000,0.7208796739578247,-0.004021432250738144,True,True,14.148067951202393,adaptive_brake,0.35639065504074097,0.014598302456741345,8.501770973205566,1.5553601765378653,0.3296217245108511,False,True,True,False,True,False
motor_time_constant_minus10,motor_time_constant,0.90,8098ad601867eef40feaeeec3a83c81a789715ab72fd4691d6e994b42f2e6d1a,pinv,2,2,0.496000,8,63400008,seeded_ic_v1,m2_routing_stability_eta0p496_v1,m2route_motor_time_constant_minus10_pinv_eta0p496_seed63400008,seeded_ic_v1,pinv,/home/suhas/crazysim_ws/safe-landing-ftc/results/final/model_sensitivity/ofat/m2_routing_stability_eta0p496/trials/m2route_motor_time_constant_minus10_pinv_eta0p496_seed63400008.csv,4206,pinv_bounded_wls_w1_1_1_0.2_lambda1e-06,bounded_fault_aware_wls,0,0,0,0,0.7208091020584106,-0.004033131059259176,True,True,15.305304050445557,adaptive_brake,0.3293658196926117,0.007830289979512623,0.10950548201799393,0.2994247502733643,0.019871607296679097,True,True,True,True,True,True
motor_time_constant_minus10,motor_time_constant,0.90,8098ad601867eef40feaeeec3a83c81a789715ab72fd4691d6e994b42f2e6d1a,pinv,1,2,0.496000,9,63400009,seeded_ic_v1,m2_routing_stability_eta0p496_v1,m2route_motor_time_constant_minus10_pinv_eta0p496_seed63400009,seeded_ic_v1,pinv,/home/suhas/crazysim_ws/safe-landing-ftc/results/final/model_sensitivity/ofat/m2_routing_stability_eta0p496/trials/m2route_motor_time_constant_minus10_pinv_eta0p496_seed63400009.csv,4161,pinv_bounded_wls_w1_1_1_0.2_lambda1e-06,bounded_fault_aware_wls,0,0,0,0,0.728209912776947,-0.003965935204178095,True,True,14.985217094421387,adaptive_brake,0.3347344696521759,0.008025295624759857,0.1085328534245491,0.2984055586001956,0.019426555300006143,True,True,True,True,True,True
motor_time_constant_minus10,motor_time_constant,0.90,8098ad601867eef40feaeeec3a83c81a789715ab72fd4691d6e994b42f2e6d1a,cem,2,2,0.496000,9,63400009,seeded_ic_v1,m2_routing_stability_eta0p496_v1,m2route_motor_time_constant_minus10_cem_eta0p496_seed63400009,seeded_ic_v1,qplite,/home/suhas/crazysim_ws/safe-landing-ftc/results/final/model_sensitivity/ofat/m2_routing_stability_eta0p496/trials/m2route_motor_time_constant_minus10_cem_eta0p496_seed63400009.csv,4161,cem_tuned_boundary,balanced_3000_0_3000_12000,3000,0,3000,12000,0.728154718875885,-0.0040076011791825294,True,True,13.70956802368164,adaptive_brake,0.3646431565284729,0.015271226974736266,8.519012451171875,1.570748456873077,0.3171718587514085,False,True,True,False,True,False
motor_time_constant_minus10,motor_time_constant,0.90,8098ad601867eef40feaeeec3a83c81a789715ab72fd4691d6e994b42f2e6d1a,cem,1,2,0.496000,10,63400010,seeded_ic_v1,m2_routing_stability_eta0p496_v1,m2route_motor_time_constant_minus10_cem_eta0p496_seed63400010,seeded_ic_v1,qplite,/home/suhas/crazysim_ws/safe-landing-ftc/results/final/model_sensitivity/ofat/m2_routing_stability_eta0p496/trials/m2route_motor_time_constant_minus10_cem_eta0p496_seed63400010.csv,4181,cem_tuned_boundary,balanced_3000_0_3000_12000,3000,0,3000,12000,0.7290172576904297,-0.003929289057850838,True,True,14.12422251701355,adaptive_brake,0.35575997829437256,0.015450425611015688,8.504987716674805,1.5377038872880673,0.35158428333243885,False,True,True,False,True,False
motor_time_constant_minus10,motor_time_constant,0.90,8098ad601867eef40feaeeec3a83c81a789715ab72fd4691d6e994b42f2e6d1a,pinv,2,2,0.496000,10,63400010,seeded_ic_v1,m2_routing_stability_eta0p496_v1,m2route_motor_time_constant_minus10_pinv_eta0p496_seed63400010,seeded_ic_v1,pinv,/home/suhas/crazysim_ws/safe-landing-ftc/results/final/model_sensitivity/ofat/m2_routing_stability_eta0p496/trials/m2route_motor_time_constant_minus10_pinv_eta0p496_seed63400010.csv,4179,pinv_bounded_wls_w1_1_1_0.2_lambda1e-06,bounded_fault_aware_wls,0,0,0,0,0.7291026711463928,-0.0040061818435788155,True,True,15.12692904472351,adaptive_brake,0.3346719741821289,0.008006417686157093,0.0961521565914154,0.3032888994886717,0.018857608492640097,True,True,True,True,True,True
motor_time_constant_minus10,motor_time_constant,0.90,8098ad601867eef40feaeeec3a83c81a789715ab72fd4691d6e994b42f2e6d1a,pinv,1,2,0.496000,11,63400011,seeded_ic_v1,m2_routing_stability_eta0p496_v1,m2route_motor_time_constant_minus10_pinv_eta0p496_seed63400011,seeded_ic_v1,pinv,/home/suhas/crazysim_ws/safe-landing-ftc/results/final/model_sensitivity/ofat/m2_routing_stability_eta0p496/trials/m2route_motor_time_constant_minus10_pinv_eta0p496_seed63400011.csv,4224,pinv_bounded_wls_w1_1_1_0.2_lambda1e-06,bounded_fault_aware_wls,0,0,0,0,0.7029433250427246,-0.003810542868450284,True,True,15.347689390182495,adaptive_brake,0.32952266931533813,0.008316272817586956,0.09677745401859283,0.3036100613789636,0.019147246159164806,True,True,True,True,True,True
motor_time_constant_minus10,motor_time_constant,0.90,8098ad601867eef40feaeeec3a83c81a789715ab72fd4691d6e994b42f2e6d1a,cem,2,2,0.496000,11,63400011,seeded_ic_v1,m2_routing_stability_eta0p496_v1,m2route_motor_time_constant_minus10_cem_eta0p496_seed63400011,seeded_ic_v1,qplite,/home/suhas/crazysim_ws/safe-landing-ftc/results/final/model_sensitivity/ofat/m2_routing_stability_eta0p496/trials/m2route_motor_time_constant_minus10_cem_eta0p496_seed63400011.csv,4224,cem_tuned_boundary,balanced_3000_0_3000_12000,3000,0,3000,12000,0.7030223608016968,-0.0037284765858203173,True,True,14.044648170471191,adaptive_brake,0.36490708589553833,0.016288678337361116,8.457853317260742,1.5746803484879721,0.3114801837771025,False,True,True,False,True,False
motor_time_constant_minus10,motor_time_constant,0.90,8098ad601867eef40feaeeec3a83c81a789715ab72fd4691d6e994b42f2e6d1a,cem,1,2,0.496000,12,63400012,seeded_ic_v1,m2_routing_stability_eta0p496_v1,m2route_motor_time_constant_minus10_cem_eta0p496_seed63400012,seeded_ic_v1,qplite,/home/suhas/crazysim_ws/safe-landing-ftc/results/final/model_sensitivity/ofat/m2_routing_stability_eta0p496/trials/m2route_motor_time_constant_minus10_cem_eta0p496_seed63400012.csv,4191,cem_tuned_boundary,balanced_3000_0_3000_12000,3000,0,3000,12000,0.7211201190948486,-0.0038059998769313097,True,True,14.068426370620728,adaptive_brake,0.35754042863845825,0.015237385239612856,8.522314071655273,1.5533255648914557,0.3379152918259237,False,True,True,False,True,False
motor_time_constant_minus10,motor_time_constant,0.90,8098ad601867eef40feaeeec3a83c81a789715ab72fd4691d6e994b42f2e6d1a,pinv,2,2,0.496000,12,63400012,seeded_ic_v1,m2_routing_stability_eta0p496_v1,m2route_motor_time_constant_minus10_pinv_eta0p496_seed63400012,seeded_ic_v1,pinv,/home/suhas/crazysim_ws/safe-landing-ftc/results/final/model_sensitivity/ofat/m2_routing_stability_eta0p496/trials/m2route_motor_time_constant_minus10_pinv_eta0p496_seed63400012.csv,4191,pinv_bounded_wls_w1_1_1_0.2_lambda1e-06,bounded_fault_aware_wls,0,0,0,0,0.7209377884864807,-0.003801908576861024,True,True,15.243800401687622,adaptive_brake,0.32723233103752136,0.007928905158828142,0.10672290623188019,0.29103030533745544,0.021263203054345446,True,True,True,True,True,True
motor_time_constant_minus10,motor_time_constant,0.90,8098ad601867eef40feaeeec3a83c81a789715ab72fd4691d6e994b42f2e6d1a,pinv,1,2,0.496000,13,63400013,seeded_ic_v1,m2_routing_stability_eta0p496_v1,m2route_motor_time_constant_minus10_pinv_eta0p496_seed63400013,seeded_ic_v1,pinv,/home/suhas/crazysim_ws/safe-landing-ftc/results/final/model_sensitivity/ofat/m2_routing_stability_eta0p496/trials/m2route_motor_time_constant_minus10_pinv_eta0p496_seed63400013.csv,4194,pinv_bounded_wls_w1_1_1_0.2_lambda1e-06,bounded_fault_aware_wls,0,0,0,0,0.7150377631187439,-0.003757345722988248,True,True,15.223559379577637,adaptive_brake,0.32479140162467957,0.008024656627940878,0.10437621921300888,0.2929750965840749,0.020693442898984116,True,True,True,True,True,True
motor_time_constant_minus10,motor_time_constant,0.90,8098ad601867eef40feaeeec3a83c81a789715ab72fd4691d6e994b42f2e6d1a,cem,2,2,0.496000,13,63400013,seeded_ic_v1,m2_routing_stability_eta0p496_v1,m2route_motor_time_constant_minus10_cem_eta0p496_seed63400013,seeded_ic_v1,qplite,/home/suhas/crazysim_ws/safe-landing-ftc/results/final/model_sensitivity/ofat/m2_routing_stability_eta0p496/trials/m2route_motor_time_constant_minus10_cem_eta0p496_seed63400013.csv,4194,cem_tuned_boundary,balanced_3000_0_3000_12000,3000,0,3000,12000,0.7150954008102417,-0.003969981335103512,True,True,13.963821649551392,adaptive_brake,0.3577820360660553,0.015220625792778315,8.49058723449707,1.5722816646084559,0.3224524915065079,False,True,True,False,True,False
motor_time_constant_minus10,motor_time_constant,0.90,8098ad601867eef40feaeeec3a83c81a789715ab72fd4691d6e994b42f2e6d1a,cem,1,2,0.496000,14,63400014,seeded_ic_v1,m2_routing_stability_eta0p496_v1,m2route_motor_time_constant_minus10_cem_eta0p496_seed63400014,seeded_ic_v1,qplite,/home/suhas/crazysim_ws/safe-landing-ftc/results/final/model_sensitivity/ofat/m2_routing_stability_eta0p496/trials/m2route_motor_time_constant_minus10_cem_eta0p496_seed63400014.csv,4183,cem_tuned_boundary,balanced_3000_0_3000_12000,3000,0,3000,12000,0.694018542766571,-0.003939058165997267,True,True,13.748934507369995,adaptive_brake,0.3661735951900482,0.018397800130172427,8.440390586853027,1.5724159164634508,0.3223012749188982,False,True,True,False,True,False
motor_time_constant_minus10,motor_time_constant,0.90,8098ad601867eef40feaeeec3a83c81a789715ab72fd4691d6e994b42f2e6d1a,pinv,2,2,0.496000,14,63400014,seeded_ic_v1,m2_routing_stability_eta0p496_v1,m2route_motor_time_constant_minus10_pinv_eta0p496_seed63400014,seeded_ic_v1,pinv,/home/suhas/crazysim_ws/safe-landing-ftc/results/final/model_sensitivity/ofat/m2_routing_stability_eta0p496/trials/m2route_motor_time_constant_minus10_pinv_eta0p496_seed63400014.csv,4185,pinv_bounded_wls_w1_1_1_0.2_lambda1e-06,bounded_fault_aware_wls,0,0,0,0,0.6940094232559204,-0.003626063000410795,True,True,15.063188076019287,adaptive_brake,0.32729509472846985,0.007904189177849349,0.11829201877117157,0.29934427445275175,0.0220217888643002,True,True,True,True,True,True
motor_time_constant_minus10,motor_time_constant,0.90,8098ad601867eef40feaeeec3a83c81a789715ab72fd4691d6e994b42f2e6d1a,pinv,1,2,0.496000,15,63400015,seeded_ic_v1,m2_routing_stability_eta0p496_v1,m2route_motor_time_constant_minus10_pinv_eta0p496_seed63400015,seeded_ic_v1,pinv,/home/suhas/crazysim_ws/safe-landing-ftc/results/final/model_sensitivity/ofat/m2_routing_stability_eta0p496/trials/m2route_motor_time_constant_minus10_pinv_eta0p496_seed63400015.csv,4200,pinv_bounded_wls_w1_1_1_0.2_lambda1e-06,bounded_fault_aware_wls,0,0,0,0,0.7086542844772339,-0.0040141218341887,True,True,15.246227979660034,adaptive_brake,0.32812196016311646,0.007741897321626451,0.10469377785921097,0.29615192006597524,0.021405322455928626,True,True,True,True,True,True
motor_time_constant_minus10,motor_time_constant,0.90,8098ad601867eef40feaeeec3a83c81a789715ab72fd4691d6e994b42f2e6d1a,cem,2,2,0.496000,15,63400015,seeded_ic_v1,m2_routing_stability_eta0p496_v1,m2route_motor_time_constant_minus10_cem_eta0p496_seed63400015,seeded_ic_v1,qplite,/home/suhas/crazysim_ws/safe-landing-ftc/results/final/model_sensitivity/ofat/m2_routing_stability_eta0p496/trials/m2route_motor_time_constant_minus10_cem_eta0p496_seed63400015.csv,4200,cem_tuned_boundary,balanced_3000_0_3000_12000,3000,0,3000,12000,0.7086789608001709,-0.003798776539042592,True,True,14.126205444335938,adaptive_brake,0.3534843325614929,0.0151499199989356,8.477068901062012,1.5502369310537372,0.33548650738102137,False,True,True,False,True,False
motor_time_constant_minus10,motor_time_constant,0.90,8098ad601867eef40feaeeec3a83c81a789715ab72fd4691d6e994b42f2e6d1a,cem,1,2,0.496000,16,63400016,seeded_ic_v1,m2_routing_stability_eta0p496_v1,m2route_motor_time_constant_minus10_cem_eta0p496_seed63400016,seeded_ic_v1,qplite,/home/suhas/crazysim_ws/safe-landing-ftc/results/final/model_sensitivity/ofat/m2_routing_stability_eta0p496/trials/m2route_motor_time_constant_minus10_cem_eta0p496_seed63400016.csv,4188,cem_tuned_boundary,balanced_3000_0_3000_12000,3000,0,3000,12000,0.7315014004707336,-0.003863484365865588,True,True,13.932095527648926,adaptive_brake,0.36764442920684814,0.014733953825350895,8.442673683166504,1.54900689538229,0.31706877838412517,False,True,True,False,True,False
motor_time_constant_minus10,motor_time_constant,0.90,8098ad601867eef40feaeeec3a83c81a789715ab72fd4691d6e994b42f2e6d1a,pinv,2,2,0.496000,16,63400016,seeded_ic_v1,m2_routing_stability_eta0p496_v1,m2route_motor_time_constant_minus10_pinv_eta0p496_seed63400016,seeded_ic_v1,pinv,/home/suhas/crazysim_ws/safe-landing-ftc/results/final/model_sensitivity/ofat/m2_routing_stability_eta0p496/trials/m2route_motor_time_constant_minus10_pinv_eta0p496_seed63400016.csv,4191,pinv_bounded_wls_w1_1_1_0.2_lambda1e-06,bounded_fault_aware_wls,0,0,0,0,0.7314713001251221,-0.003950287587940693,True,True,15.145310640335083,adaptive_brake,0.34455910325050354,0.008191813747242632,0.10292771458625793,0.3047427944924198,0.019743760633177995,True,True,True,True,True,True
motor_time_constant_minus10,motor_time_constant,0.90,8098ad601867eef40feaeeec3a83c81a789715ab72fd4691d6e994b42f2e6d1a,pinv,1,2,0.496000,17,63400017,seeded_ic_v1,m2_routing_stability_eta0p496_v1,m2route_motor_time_constant_minus10_pinv_eta0p496_seed63400017,seeded_ic_v1,pinv,/home/suhas/crazysim_ws/safe-landing-ftc/results/final/model_sensitivity/ofat/m2_routing_stability_eta0p496/trials/m2route_motor_time_constant_minus10_pinv_eta0p496_seed63400017.csv,4206,pinv_bounded_wls_w1_1_1_0.2_lambda1e-06,bounded_fault_aware_wls,0,0,0,0,0.7157014012336731,-0.0035131233744323254,True,True,15.303541421890259,adaptive_brake,0.32778117060661316,0.007735771036293349,0.11114350706338882,0.2993846622446577,0.021470812405149947,True,True,True,True,True,True
motor_time_constant_minus10,motor_time_constant,0.90,8098ad601867eef40feaeeec3a83c81a789715ab72fd4691d6e994b42f2e6d1a,cem,2,2,0.496000,17,63400017,seeded_ic_v1,m2_routing_stability_eta0p496_v1,m2route_motor_time_constant_minus10_cem_eta0p496_seed63400017,seeded_ic_v1,qplite,/home/suhas/crazysim_ws/safe-landing-ftc/results/final/model_sensitivity/ofat/m2_routing_stability_eta0p496/trials/m2route_motor_time_constant_minus10_cem_eta0p496_seed63400017.csv,4206,cem_tuned_boundary,balanced_3000_0_3000_12000,3000,0,3000,12000,0.7157924175262451,-0.00363769824616611,True,True,14.026396989822388,adaptive_brake,0.3665087819099426,0.01540496590169315,8.457201957702637,1.5835509580698857,0.31948374776812893,False,True,True,False,True,False
motor_time_constant_minus10,motor_time_constant,0.90,8098ad601867eef40feaeeec3a83c81a789715ab72fd4691d6e994b42f2e6d1a,cem,1,2,0.496000,18,63400018,seeded_ic_v1,m2_routing_stability_eta0p496_v1,m2route_motor_time_constant_minus10_cem_eta0p496_seed63400018,seeded_ic_v1,qplite,/home/suhas/crazysim_ws/safe-landing-ftc/results/final/model_sensitivity/ofat/m2_routing_stability_eta0p496/trials/m2route_motor_time_constant_minus10_cem_eta0p496_seed63400018.csv,4212,cem_tuned_boundary,balanced_3000_0_3000_12000,3000,0,3000,12000,0.7153600454330444,-0.004030989948660135,True,True,14.088048696517944,adaptive_brake,0.36576807498931885,0.01521649621744205,8.496726036071777,1.5677968936462745,0.32137402810561705,False,True,True,False,True,False
motor_time_constant_minus10,motor_time_constant,0.90,8098ad601867eef40feaeeec3a83c81a789715ab72fd4691d6e994b42f2e6d1a,pinv,2,2,0.496000,18,63400018,seeded_ic_v1,m2_routing_stability_eta0p496_v1,m2route_motor_time_constant_minus10_pinv_eta0p496_seed63400018,seeded_ic_v1,pinv,/home/suhas/crazysim_ws/safe-landing-ftc/results/final/model_sensitivity/ofat/m2_routing_stability_eta0p496/trials/m2route_motor_time_constant_minus10_pinv_eta0p496_seed63400018.csv,4212,pinv_bounded_wls_w1_1_1_0.2_lambda1e-06,bounded_fault_aware_wls,0,0,0,0,0.7154733538627625,-0.0036467253230512142,True,True,15.325048208236694,adaptive_brake,0.3297466039657593,0.007338794076071727,0.12762804329395294,0.2983245136528061,0.0226104410629669,True,True,True,True,True,True
motor_time_constant_minus10,motor_time_constant,0.90,8098ad601867eef40feaeeec3a83c81a789715ab72fd4691d6e994b42f2e6d1a,pinv,1,2,0.496000,19,63400019,seeded_ic_v1,m2_routing_stability_eta0p496_v1,m2route_motor_time_constant_minus10_pinv_eta0p496_seed63400019,seeded_ic_v1,pinv,/home/suhas/crazysim_ws/safe-landing-ftc/results/final/model_sensitivity/ofat/m2_routing_stability_eta0p496/trials/m2route_motor_time_constant_minus10_pinv_eta0p496_seed63400019.csv,4179,pinv_bounded_wls_w1_1_1_0.2_lambda1e-06,bounded_fault_aware_wls,0,0,0,0,0.7156116962432861,-0.003988525830209255,True,True,15.065226316452026,adaptive_brake,0.33174872398376465,0.0077837386758944525,0.12206326425075531,0.3057730546406661,0.020394783095210527,True,True,True,True,True,True
motor_time_constant_minus10,motor_time_constant,0.90,8098ad601867eef40feaeeec3a83c81a789715ab72fd4691d6e994b42f2e6d1a,cem,2,2,0.496000,19,63400019,seeded_ic_v1,m2_routing_stability_eta0p496_v1,m2route_motor_time_constant_minus10_cem_eta0p496_seed63400019,seeded_ic_v1,qplite,/home/suhas/crazysim_ws/safe-landing-ftc/results/final/model_sensitivity/ofat/m2_routing_stability_eta0p496/trials/m2route_motor_time_constant_minus10_cem_eta0p496_seed63400019.csv,4176,cem_tuned_boundary,balanced_3000_0_3000_12000,3000,0,3000,12000,0.7155933380126953,-0.0037588144186884165,True,True,13.92861557006836,adaptive_brake,0.3552059233188629,0.015056621228449476,8.485989570617676,1.5624340039540487,0.33322381132333856,False,True,True,False,True,False
motor_time_constant_minus10,motor_time_constant,0.90,8098ad601867eef40feaeeec3a83c81a789715ab72fd4691d6e994b42f2e6d1a,cem,1,2,0.496000,20,63400020,seeded_ic_v1,m2_routing_stability_eta0p496_v1,m2route_motor_time_constant_minus10_cem_eta0p496_seed63400020,seeded_ic_v1,qplite,/home/suhas/crazysim_ws/safe-landing-ftc/results/final/model_sensitivity/ofat/m2_routing_stability_eta0p496/trials/m2route_motor_time_constant_minus10_cem_eta0p496_seed63400020.csv,4182,cem_tuned_boundary,balanced_3000_0_3000_12000,3000,0,3000,12000,0.7037151455879211,-0.003639949019998312,True,True,13.751297235488892,adaptive_brake,0.37029969692230225,0.017357442783900594,8.540315628051758,1.5574738872458067,0.30933123862330425,False,True,True,False,True,False
motor_time_constant_minus10,motor_time_constant,0.90,8098ad601867eef40feaeeec3a83c81a789715ab72fd4691d6e994b42f2e6d1a,pinv,2,2,0.496000,20,63400020,seeded_ic_v1,m2_routing_stability_eta0p496_v1,m2route_motor_time_constant_minus10_pinv_eta0p496_seed63400020,seeded_ic_v1,pinv,/home/suhas/crazysim_ws/safe-landing-ftc/results/final/model_sensitivity/ofat/m2_routing_stability_eta0p496/trials/m2route_motor_time_constant_minus10_pinv_eta0p496_seed63400020.csv,4185,pinv_bounded_wls_w1_1_1_0.2_lambda1e-06,bounded_fault_aware_wls,0,0,0,0,0.7037280201911926,-0.00399121455848217,True,True,15.124300241470337,adaptive_brake,0.32282158732414246,0.007948709259919211,0.11169019341468811,0.29725647283707424,0.019794877459619987,True,True,True,True,True,True
motor_time_constant_minus10,motor_time_constant,0.90,8098ad601867eef40feaeeec3a83c81a789715ab72fd4691d6e994b42f2e6d1a,pinv,1,2,0.496000,21,63400021,seeded_ic_v1,m2_routing_stability_eta0p496_v1,m2route_motor_time_constant_minus10_pinv_eta0p496_seed63400021,seeded_ic_v1,pinv,/home/suhas/crazysim_ws/safe-landing-ftc/results/final/model_sensitivity/ofat/m2_routing_stability_eta0p496/trials/m2route_motor_time_constant_minus10_pinv_eta0p496_seed63400021.csv,4215,pinv_bounded_wls_w1_1_1_0.2_lambda1e-06,bounded_fault_aware_wls,0,0,0,0,0.6963286995887756,-0.0037765244487673044,True,True,15.283722877502441,adaptive_brake,0.32854118943214417,0.007818153305018677,0.11820222437381744,0.2993597120219264,0.02177163438150113,True,True,True,True,True,True
motor_time_constant_minus10,motor_time_constant,0.90,8098ad601867eef40feaeeec3a83c81a789715ab72fd4691d6e994b42f2e6d1a,cem,2,2,0.496000,21,63400021,seeded_ic_v1,m2_routing_stability_eta0p496_v1,m2route_motor_time_constant_minus10_cem_eta0p496_seed63400021,seeded_ic_v1,qplite,/home/suhas/crazysim_ws/safe-landing-ftc/results/final/model_sensitivity/ofat/m2_routing_stability_eta0p496/trials/m2route_motor_time_constant_minus10_cem_eta0p496_seed63400021.csv,4215,cem_tuned_boundary,balanced_3000_0_3000_12000,3000,0,3000,12000,0.6962695717811584,-0.00377259636297822,True,True,13.945620775222778,adaptive_brake,0.3694179058074951,0.017176039860523934,8.503697395324707,1.5927607530660752,0.31326036128337675,False,True,True,False,True,False
motor_time_constant_minus10,motor_time_constant,0.90,8098ad601867eef40feaeeec3a83c81a789715ab72fd4691d6e994b42f2e6d1a,cem,1,2,0.496000,22,63400022,seeded_ic_v1,m2_routing_stability_eta0p496_v1,m2route_motor_time_constant_minus10_cem_eta0p496_seed63400022,seeded_ic_v1,qplite,/home/suhas/crazysim_ws/safe-landing-ftc/results/final/model_sensitivity/ofat/m2_routing_stability_eta0p496/trials/m2route_motor_time_constant_minus10_cem_eta0p496_seed63400022.csv,4161,cem_tuned_boundary,balanced_3000_0_3000_12000,3000,0,3000,12000,0.7181728482246399,-0.0041478537023067474,True,True,13.745487213134766,adaptive_brake,0.36158040165901184,0.015139877340448187,8.498189926147461,1.5343712391410047,0.3183236784206535,False,True,True,False,True,False
motor_time_constant_minus10,motor_time_constant,0.90,8098ad601867eef40feaeeec3a83c81a789715ab72fd4691d6e994b42f2e6d1a,pinv,2,2,0.496000,22,63400022,seeded_ic_v1,m2_routing_stability_eta0p496_v1,m2route_motor_time_constant_minus10_pinv_eta0p496_seed63400022,seeded_ic_v1,pinv,/home/suhas/crazysim_ws/safe-landing-ftc/results/final/model_sensitivity/ofat/m2_routing_stability_eta0p496/trials/m2route_motor_time_constant_minus10_pinv_eta0p496_seed63400022.csv,4161,pinv_bounded_wls_w1_1_1_0.2_lambda1e-06,bounded_fault_aware_wls,0,0,0,0,0.7179228663444519,-0.004097024444490671,True,True,15.148993968963623,adaptive_brake,0.319864958524704,0.007904251678076221,0.11165862530469894,0.28448576775877515,0.021757648205404198,True,True,True,True,True,True
motor_time_constant_minus10,motor_time_constant,0.90,8098ad601867eef40feaeeec3a83c81a789715ab72fd4691d6e994b42f2e6d1a,pinv,1,2,0.496000,23,63400023,seeded_ic_v1,m2_routing_stability_eta0p496_v1,m2route_motor_time_constant_minus10_pinv_eta0p496_seed63400023,seeded_ic_v1,pinv,/home/suhas/crazysim_ws/safe-landing-ftc/results/final/model_sensitivity/ofat/m2_routing_stability_eta0p496/trials/m2route_motor_time_constant_minus10_pinv_eta0p496_seed63400023.csv,4209,pinv_bounded_wls_w1_1_1_0.2_lambda1e-06,bounded_fault_aware_wls,0,0,0,0,0.7026090621948242,-0.003817872144281864,True,True,15.226146221160889,adaptive_brake,0.33280694484710693,0.008306325868908976,0.09990609437227249,0.29939972581514435,0.020315307006892803,True,True,True,True,True,True
motor_time_constant_minus10,motor_time_constant,0.90,8098ad601867eef40feaeeec3a83c81a789715ab72fd4691d6e994b42f2e6d1a,cem,2,2,0.496000,23,63400023,seeded_ic_v1,m2_routing_stability_eta0p496_v1,m2route_motor_time_constant_minus10_cem_eta0p496_seed63400023,seeded_ic_v1,qplite,/home/suhas/crazysim_ws/safe-landing-ftc/results/final/model_sensitivity/ofat/m2_routing_stability_eta0p496/trials/m2route_motor_time_constant_minus10_cem_eta0p496_seed63400023.csv,4209,cem_tuned_boundary,balanced_3000_0_3000_12000,3000,0,3000,12000,0.7026644945144653,-0.0036938113626092672,True,True,14.043409824371338,adaptive_brake,0.36238887906074524,0.014848011347945654,8.51848316192627,1.5524030443849648,0.31508394387151534,False,True,True,False,True,False
motor_time_constant_minus10,motor_time_constant,0.90,8098ad601867eef40feaeeec3a83c81a789715ab72fd4691d6e994b42f2e6d1a,cem,1,2,0.496000,24,63400024,seeded_ic_v1,m2_routing_stability_eta0p496_v1,m2route_motor_time_constant_minus10_cem_eta0p496_seed63400024,seeded_ic_v1,qplite,/home/suhas/crazysim_ws/safe-landing-ftc/results/final/model_sensitivity/ofat/m2_routing_stability_eta0p496/trials/m2route_motor_time_constant_minus10_cem_eta0p496_seed63400024.csv,4221,cem_tuned_boundary,balanced_3000_0_3000_12000,3000,0,3000,12000,0.6977479457855225,-0.0037537377793341875,True,True,14.10526180267334,adaptive_brake,0.3580266833305359,0.015339223235384768,8.45029354095459,1.561301750636593,0.31548015343498315,False,True,True,False,True,False
motor_time_constant_minus10,motor_time_constant,0.90,8098ad601867eef40feaeeec3a83c81a789715ab72fd4691d6e994b42f2e6d1a,pinv,2,2,0.496000,24,63400024,seeded_ic_v1,m2_routing_stability_eta0p496_v1,m2route_motor_time_constant_minus10_pinv_eta0p496_seed63400024,seeded_ic_v1,pinv,/home/suhas/crazysim_ws/safe-landing-ftc/results/final/model_sensitivity/ofat/m2_routing_stability_eta0p496/trials/m2route_motor_time_constant_minus10_pinv_eta0p496_seed63400024.csv,4224,pinv_bounded_wls_w1_1_1_0.2_lambda1e-06,bounded_fault_aware_wls,0,0,0,0,0.6977493166923523,-0.003492108779028058,True,True,15.324196815490723,adaptive_brake,0.3232748508453369,0.007436041449837072,0.12647941708564758,0.3036306168661828,0.023176125700432683,True,True,True,True,True,True
motor_time_constant_minus10,motor_time_constant,0.90,8098ad601867eef40feaeeec3a83c81a789715ab72fd4691d6e994b42f2e6d1a,pinv,1,2,0.496000,25,63400025,seeded_ic_v1,m2_routing_stability_eta0p496_v1,m2route_motor_time_constant_minus10_pinv_eta0p496_seed63400025,seeded_ic_v1,pinv,/home/suhas/crazysim_ws/safe-landing-ftc/results/final/model_sensitivity/ofat/m2_routing_stability_eta0p496/trials/m2route_motor_time_constant_minus10_pinv_eta0p496_seed63400025.csv,4224,pinv_bounded_wls_w1_1_1_0.2_lambda1e-06,bounded_fault_aware_wls,0,0,0,0,0.7141044735908508,-0.0034634401090443134,True,True,15.409178256988525,adaptive_brake,0.3334367275238037,0.008327552042318224,0.09900562465190887,0.2972368032570244,0.01990029728234311,True,True,True,True,True,True
motor_time_constant_minus10,motor_time_constant,0.90,8098ad601867eef40feaeeec3a83c81a789715ab72fd4691d6e994b42f2e6d1a,cem,2,2,0.496000,25,63400025,seeded_ic_v1,m2_routing_stability_eta0p496_v1,m2route_motor_time_constant_minus10_cem_eta0p496_seed63400025,seeded_ic_v1,qplite,/home/suhas/crazysim_ws/safe-landing-ftc/results/final/model_sensitivity/ofat/m2_routing_stability_eta0p496/trials/m2route_motor_time_constant_minus10_cem_eta0p496_seed63400025.csv,4227,cem_tuned_boundary,balanced_3000_0_3000_12000,3000,0,3000,12000,0.7141246199607849,-0.0035841891076415777,True,True,14.122954368591309,adaptive_brake,0.36839163303375244,0.01585268410587676,8.4730863571167,1.582409303995033,0.31756415688757456,False,True,True,False,True,False
motor_time_constant_minus10,motor_time_constant,0.90,8098ad601867eef40feaeeec3a83c81a789715ab72fd4691d6e994b42f2e6d1a,cem,1,2,0.496000,26,63400026,seeded_ic_v1,m2_routing_stability_eta0p496_v1,m2route_motor_time_constant_minus10_cem_eta0p496_seed63400026,seeded_ic_v1,qplite,/home/suhas/crazysim_ws/safe-landing-ftc/results/final/model_sensitivity/ofat/m2_routing_stability_eta0p496/trials/m2route_motor_time_constant_minus10_cem_eta0p496_seed63400026.csv,4221,cem_tuned_boundary,balanced_3000_0_3000_12000,3000,0,3000,12000,0.7280005812644958,-0.003648211946710944,True,True,14.285989046096802,adaptive_brake,0.35760828852653503,0.012699570687149813,8.466923713684082,1.5717160551109535,0.31873263154065573,False,True,True,False,True,False
motor_time_constant_minus10,motor_time_constant,0.90,8098ad601867eef40feaeeec3a83c81a789715ab72fd4691d6e994b42f2e6d1a,pinv,2,2,0.496000,26,63400026,seeded_ic_v1,m2_routing_stability_eta0p496_v1,m2route_motor_time_constant_minus10_pinv_eta0p496_seed63400026,seeded_ic_v1,pinv,/home/suhas/crazysim_ws/safe-landing-ftc/results/final/model_sensitivity/ofat/m2_routing_stability_eta0p496/trials/m2route_motor_time_constant_minus10_pinv_eta0p496_seed63400026.csv,4221,pinv_bounded_wls_w1_1_1_0.2_lambda1e-06,bounded_fault_aware_wls,0,0,0,0,0.7279490232467651,-0.004070002119988203,True,True,15.446529865264893,adaptive_brake,0.33274006843566895,0.007946966294858115,0.1049908697605133,0.29832421220705035,0.020178867721787924,True,True,True,True,True,True
motor_time_constant_minus10,motor_time_constant,0.90,8098ad601867eef40feaeeec3a83c81a789715ab72fd4691d6e994b42f2e6d1a,pinv,1,2,0.496000,27,63400027,seeded_ic_v1,m2_routing_stability_eta0p496_v1,m2route_motor_time_constant_minus10_pinv_eta0p496_seed63400027,seeded_ic_v1,pinv,/home/suhas/crazysim_ws/safe-landing-ftc/results/final/model_sensitivity/ofat/m2_routing_stability_eta0p496/trials/m2route_motor_time_constant_minus10_pinv_eta0p496_seed63400027.csv,4200,pinv_bounded_wls_w1_1_1_0.2_lambda1e-06,bounded_fault_aware_wls,0,0,0,0,0.6977128386497498,-0.003716870676726103,True,True,15.186169385910034,adaptive_brake,0.32390469312667847,0.007798084554421484,0.11685480922460556,0.29936927358833887,0.02123007156739294,True,True,True,True,True,True
motor_time_constant_minus10,motor_time_constant,0.90,8098ad601867eef40feaeeec3a83c81a789715ab72fd4691d6e994b42f2e6d1a,cem,2,2,0.496000,27,63400027,seeded_ic_v1,m2_routing_stability_eta0p496_v1,m2route_motor_time_constant_minus10_cem_eta0p496_seed63400027,seeded_ic_v1,qplite,/home/suhas/crazysim_ws/safe-landing-ftc/results/final/model_sensitivity/ofat/m2_routing_stability_eta0p496/trials/m2route_motor_time_constant_minus10_cem_eta0p496_seed63400027.csv,4200,cem_tuned_boundary,balanced_3000_0_3000_12000,3000,0,3000,12000,0.6978405117988586,-0.003646056167781353,True,True,13.962988376617432,adaptive_brake,0.3499986231327057,0.015436555700967788,8.477736473083496,1.5602718877895634,0.32363825128682877,True,True,True,False,True,False
motor_time_constant_minus10,motor_time_constant,0.90,8098ad601867eef40feaeeec3a83c81a789715ab72fd4691d6e994b42f2e6d1a,cem,1,2,0.496000,28,63400028,seeded_ic_v1,m2_routing_stability_eta0p496_v1,m2route_motor_time_constant_minus10_cem_eta0p496_seed63400028,seeded_ic_v1,qplite,/home/suhas/crazysim_ws/safe-landing-ftc/results/final/model_sensitivity/ofat/m2_routing_stability_eta0p496/trials/m2route_motor_time_constant_minus10_cem_eta0p496_seed63400028.csv,4194,cem_tuned_boundary,balanced_3000_0_3000_12000,3000,0,3000,12000,0.6967191696166992,-0.003702104091644287,True,True,13.927501678466797,adaptive_brake,0.35142847895622253,0.016197767851894657,8.4637451171875,1.5381537828168315,0.32627219191551105,False,True,True,False,True,False
motor_time_constant_minus10,motor_time_constant,0.90,8098ad601867eef40feaeeec3a83c81a789715ab72fd4691d6e994b42f2e6d1a,pinv,2,2,0.496000,28,63400028,seeded_ic_v1,m2_routing_stability_eta0p496_v1,m2route_motor_time_constant_minus10_pinv_eta0p496_seed63400028,seeded_ic_v1,pinv,/home/suhas/crazysim_ws/safe-landing-ftc/results/final/model_sensitivity/ofat/m2_routing_stability_eta0p496/trials/m2route_motor_time_constant_minus10_pinv_eta0p496_seed63400028.csv,4194,pinv_bounded_wls_w1_1_1_0.2_lambda1e-06,bounded_fault_aware_wls,0,0,0,0,0.6967118978500366,-0.003608027473092079,True,True,15.105963945388794,adaptive_brake,0.3263130784034729,0.007793232167941243,0.12062640488147736,0.3005006084145182,0.021566613695661,True,True,True,True,True,True
motor_time_constant_minus10,motor_time_constant,0.90,8098ad601867eef40feaeeec3a83c81a789715ab72fd4691d6e994b42f2e6d1a,pinv,1,2,0.496000,29,63400029,seeded_ic_v1,m2_routing_stability_eta0p496_v1,m2route_motor_time_constant_minus10_pinv_eta0p496_seed63400029,seeded_ic_v1,pinv,/home/suhas/crazysim_ws/safe-landing-ftc/results/final/model_sensitivity/ofat/m2_routing_stability_eta0p496/trials/m2route_motor_time_constant_minus10_pinv_eta0p496_seed63400029.csv,4194,pinv_bounded_wls_w1_1_1_0.2_lambda1e-06,bounded_fault_aware_wls,0,0,0,0,0.7222892045974731,-0.0040115173906087875,True,True,15.253064393997192,adaptive_brake,0.32590165734291077,0.008044441755839606,0.10589239001274109,0.28921347065863834,0.019509399992741004,True,True,True,True,True,True
motor_time_constant_minus10,motor_time_constant,0.90,8098ad601867eef40feaeeec3a83c81a789715ab72fd4691d6e994b42f2e6d1a,cem,2,2,0.496000,29,63400029,seeded_ic_v1,m2_routing_stability_eta0p496_v1,m2route_motor_time_constant_minus10_cem_eta0p496_seed63400029,seeded_ic_v1,qplite,/home/suhas/crazysim_ws/safe-landing-ftc/results/final/model_sensitivity/ofat/m2_routing_stability_eta0p496/trials/m2route_motor_time_constant_minus10_cem_eta0p496_seed63400029.csv,4194,cem_tuned_boundary,balanced_3000_0_3000_12000,3000,0,3000,12000,0.7223275303840637,-0.003815473522990942,True,True,14.105151414871216,adaptive_brake,0.3585783839225769,0.01487708760269347,8.44804573059082,1.5473614147973918,0.3377664245386876,False,True,True,False,True,False
motor_time_constant_minus10,motor_time_constant,0.90,8098ad601867eef40feaeeec3a83c81a789715ab72fd4691d6e994b42f2e6d1a,cem,1,2,0.496000,30,63400030,seeded_ic_v1,m2_routing_stability_eta0p496_v1,m2route_motor_time_constant_minus10_cem_eta0p496_seed63400030,seeded_ic_v1,qplite,/home/suhas/crazysim_ws/safe-landing-ftc/results/final/model_sensitivity/ofat/m2_routing_stability_eta0p496/trials/m2route_motor_time_constant_minus10_cem_eta0p496_seed63400030.csv,4221,cem_tuned_boundary,balanced_3000_0_3000_12000,3000,0,3000,12000,0.7246811985969543,-0.004003374837338924,True,True,14.008169174194336,adaptive_brake,0.38353046774864197,0.017628060943337458,8.469850540161133,1.5437767397515636,0.31595879666876797,False,True,True,False,True,False
motor_time_constant_minus10,motor_time_constant,0.90,8098ad601867eef40feaeeec3a83c81a789715ab72fd4691d6e994b42f2e6d1a,pinv,2,2,0.496000,30,63400030,seeded_ic_v1,m2_routing_stability_eta0p496_v1,m2route_motor_time_constant_minus10_pinv_eta0p496_seed63400030,seeded_ic_v1,pinv,/home/suhas/crazysim_ws/safe-landing-ftc/results/final/model_sensitivity/ofat/m2_routing_stability_eta0p496/trials/m2route_motor_time_constant_minus10_pinv_eta0p496_seed63400030.csv,4221,pinv_bounded_wls_w1_1_1_0.2_lambda1e-06,bounded_fault_aware_wls,0,0,0,0,0.7247655391693115,-0.0036663312930613756,True,True,15.483020305633545,adaptive_brake,0.32970336079597473,0.007739407043399835,0.11740805208683014,0.2908354706121738,0.021175739205588684,True,True,True,True,True,True
motor_time_constant_plus10,motor_time_constant,1.10,9e43b2b8c92f584794c999a71613fc20d5fce76ea5113329771be78b48a42c0b,pinv,1,2,0.496000,1,63400001,seeded_ic_v1,m2_routing_stability_eta0p496_v1,m2route_motor_time_constant_plus10_pinv_eta0p496_seed63400001,seeded_ic_v1,pinv,/home/suhas/crazysim_ws/safe-landing-ftc/results/final/model_sensitivity/ofat/m2_routing_stability_eta0p496/trials/m2route_motor_time_constant_plus10_pinv_eta0p496_seed63400001.csv,4179,pinv_bounded_wls_w1_1_1_0.2_lambda1e-06,bounded_fault_aware_wls,0,0,0,0,0.714107871055603,-0.003855136688798666,True,True,15.105602025985718,adaptive_brake,0.32883232831954956,0.007750382226685834,0.10700080543756485,0.2951400948598375,0.022485772303435285,True,True,True,True,True,True
motor_time_constant_plus10,motor_time_constant,1.10,9e43b2b8c92f584794c999a71613fc20d5fce76ea5113329771be78b48a42c0b,cem,2,2,0.496000,1,63400001,seeded_ic_v1,m2_routing_stability_eta0p496_v1,m2route_motor_time_constant_plus10_cem_eta0p496_seed63400001,seeded_ic_v1,qplite,/home/suhas/crazysim_ws/safe-landing-ftc/results/final/model_sensitivity/ofat/m2_routing_stability_eta0p496/trials/m2route_motor_time_constant_plus10_cem_eta0p496_seed63400001.csv,4176,cem_tuned_boundary,balanced_3000_0_3000_12000,3000,0,3000,12000,0.7139819860458374,-0.0037395083345472813,True,True,13.885253667831421,adaptive_brake,0.36190420389175415,0.015711916806506056,8.487895011901855,1.5508656341005722,0.3318825451080609,False,True,True,False,True,False
motor_time_constant_plus10,motor_time_constant,1.10,9e43b2b8c92f584794c999a71613fc20d5fce76ea5113329771be78b48a42c0b,cem,1,2,0.496000,2,63400002,seeded_ic_v1,m2_routing_stability_eta0p496_v1,m2route_motor_time_constant_plus10_cem_eta0p496_seed63400002,seeded_ic_v1,qplite,/home/suhas/crazysim_ws/safe-landing-ftc/results/final/model_sensitivity/ofat/m2_routing_stability_eta0p496/trials/m2route_motor_time_constant_plus10_cem_eta0p496_seed63400002.csv,4203,cem_tuned_boundary,balanced_3000_0_3000_12000,3000,0,3000,12000,0.7105012536048889,-0.0037896716967225075,True,True,14.064465761184692,adaptive_brake,0.3577743172645569,0.015033337732681194,8.45694637298584,1.568052993516326,0.3286964296642698,False,True,True,False,True,False
motor_time_constant_plus10,motor_time_constant,1.10,9e43b2b8c92f584794c999a71613fc20d5fce76ea5113329771be78b48a42c0b,pinv,2,2,0.496000,2,63400002,seeded_ic_v1,m2_routing_stability_eta0p496_v1,m2route_motor_time_constant_plus10_pinv_eta0p496_seed63400002,seeded_ic_v1,pinv,/home/suhas/crazysim_ws/safe-landing-ftc/results/final/model_sensitivity/ofat/m2_routing_stability_eta0p496/trials/m2route_motor_time_constant_plus10_pinv_eta0p496_seed63400002.csv,4203,pinv_bounded_wls_w1_1_1_0.2_lambda1e-06,bounded_fault_aware_wls,0,0,0,0,0.7104269862174988,-0.003984429873526096,True,True,15.244900703430176,adaptive_brake,0.32864463329315186,0.007923707419033608,0.11092130094766617,0.3004670162146741,0.021039480552435885,True,True,True,True,True,True
motor_time_constant_plus10,motor_time_constant,1.10,9e43b2b8c92f584794c999a71613fc20d5fce76ea5113329771be78b48a42c0b,pinv,1,2,0.496000,3,63400003,seeded_ic_v1,m2_routing_stability_eta0p496_v1,m2route_motor_time_constant_plus10_pinv_eta0p496_seed63400003,seeded_ic_v1,pinv,/home/suhas/crazysim_ws/safe-landing-ftc/results/final/model_sensitivity/ofat/m2_routing_stability_eta0p496/trials/m2route_motor_time_constant_plus10_pinv_eta0p496_seed63400003.csv,4191,pinv_bounded_wls_w1_1_1_0.2_lambda1e-06,bounded_fault_aware_wls,0,0,0,0,0.7333019971847534,-0.003832634072750807,True,True,15.207155227661133,adaptive_brake,0.3324800431728363,0.007715377681559834,0.11235133558511734,0.302559955446019,0.020119443594875355,True,True,True,True,True,True
motor_time_constant_plus10,motor_time_constant,1.10,9e43b2b8c92f584794c999a71613fc20d5fce76ea5113329771be78b48a42c0b,cem,2,2,0.496000,3,63400003,seeded_ic_v1,m2_routing_stability_eta0p496_v1,m2route_motor_time_constant_plus10_cem_eta0p496_seed63400003,seeded_ic_v1,qplite,/home/suhas/crazysim_ws/safe-landing-ftc/results/final/model_sensitivity/ofat/m2_routing_stability_eta0p496/trials/m2route_motor_time_constant_plus10_cem_eta0p496_seed63400003.csv,4191,cem_tuned_boundary,balanced_3000_0_3000_12000,3000,0,3000,12000,0.7333089709281921,-0.003932382445782423,True,True,14.003406524658203,adaptive_brake,0.3652489185333252,0.014004911540690225,8.471741676330566,1.550962813170864,0.3204500999101965,False,True,True,False,True,False
motor_time_constant_plus10,motor_time_constant,1.10,9e43b2b8c92f584794c999a71613fc20d5fce76ea5113329771be78b48a42c0b,cem,1,2,0.496000,4,63400004,seeded_ic_v1,m2_routing_stability_eta0p496_v1,m2route_motor_time_constant_plus10_cem_eta0p496_seed63400004,seeded_ic_v1,qplite,/home/suhas/crazysim_ws/safe-landing-ftc/results/final/model_sensitivity/ofat/m2_routing_stability_eta0p496/trials/m2route_motor_time_constant_plus10_cem_eta0p496_seed63400004.csv,4227,cem_tuned_boundary,balanced_3000_0_3000_12000,3000,0,3000,12000,0.7278650403022766,-0.003768312046304345,True,True,14.30728530883789,adaptive_brake,0.36333775520324707,0.015967948565831724,8.468363761901855,1.5580856683414497,0.33405555810069465,False,True,True,False,True,False
motor_time_constant_plus10,motor_time_constant,1.10,9e43b2b8c92f584794c999a71613fc20d5fce76ea5113329771be78b48a42c0b,pinv,2,2,0.496000,4,63400004,seeded_ic_v1,m2_routing_stability_eta0p496_v1,m2route_motor_time_constant_plus10_pinv_eta0p496_seed63400004,seeded_ic_v1,pinv,/home/suhas/crazysim_ws/safe-landing-ftc/results/final/model_sensitivity/ofat/m2_routing_stability_eta0p496/trials/m2route_motor_time_constant_plus10_pinv_eta0p496_seed63400004.csv,4227,pinv_bounded_wls_w1_1_1_0.2_lambda1e-06,bounded_fault_aware_wls,0,0,0,0,0.7278607487678528,-0.0038570251781493425,True,True,15.384901285171509,adaptive_brake,0.34305042028427124,0.008304578452437426,0.0881132185459137,0.3015066835799174,0.018006011931358184,True,True,True,True,True,True
motor_time_constant_plus10,motor_time_constant,1.10,9e43b2b8c92f584794c999a71613fc20d5fce76ea5113329771be78b48a42c0b,pinv,1,2,0.496000,5,63400005,seeded_ic_v1,m2_routing_stability_eta0p496_v1,m2route_motor_time_constant_plus10_pinv_eta0p496_seed63400005,seeded_ic_v1,pinv,/home/suhas/crazysim_ws/safe-landing-ftc/results/final/model_sensitivity/ofat/m2_routing_stability_eta0p496/trials/m2route_motor_time_constant_plus10_pinv_eta0p496_seed63400005.csv,4224,pinv_bounded_wls_w1_1_1_0.2_lambda1e-06,bounded_fault_aware_wls,0,0,0,0,0.7325705885887146,-0.004033137112855911,True,True,15.464336633682251,adaptive_brake,0.33074089884757996,0.007124819422586147,0.12471021711826324,0.29422113075217876,0.022646848615538222,True,True,True,True,True,True
motor_time_constant_plus10,motor_time_constant,1.10,9e43b2b8c92f584794c999a71613fc20d5fce76ea5113329771be78b48a42c0b,cem,2,2,0.496000,5,63400005,seeded_ic_v1,m2_routing_stability_eta0p496_v1,m2route_motor_time_constant_plus10_cem_eta0p496_seed63400005,seeded_ic_v1,qplite,/home/suhas/crazysim_ws/safe-landing-ftc/results/final/model_sensitivity/ofat/m2_routing_stability_eta0p496/trials/m2route_motor_time_constant_plus10_cem_eta0p496_seed63400005.csv,4224,cem_tuned_boundary,balanced_3000_0_3000_12000,3000,0,3000,12000,0.7326012253761292,-0.0037827373016625643,True,True,14.204545974731445,adaptive_brake,0.3669726848602295,0.015527686474044127,8.512784957885742,1.5475417292393077,0.3283813482128468,False,True,True,False,True,False
motor_time_constant_plus10,motor_time_constant,1.10,9e43b2b8c92f584794c999a71613fc20d5fce76ea5113329771be78b48a42c0b,cem,1,2,0.496000,6,63400006,seeded_ic_v1,m2_routing_stability_eta0p496_v1,m2route_motor_time_constant_plus10_cem_eta0p496_seed63400006,seeded_ic_v1,qplite,/home/suhas/crazysim_ws/safe-landing-ftc/results/final/model_sensitivity/ofat/m2_routing_stability_eta0p496/trials/m2route_motor_time_constant_plus10_cem_eta0p496_seed63400006.csv,4215,cem_tuned_boundary,balanced_3000_0_3000_12000,3000,0,3000,12000,0.7301222681999207,-0.003852752735838294,True,True,14.086588144302368,adaptive_brake,0.37289687991142273,0.014637714769317361,8.528726577758789,1.5804359876257474,0.3127845854365084,False,True,True,False,True,False
motor_time_constant_plus10,motor_time_constant,1.10,9e43b2b8c92f584794c999a71613fc20d5fce76ea5113329771be78b48a42c0b,pinv,2,2,0.496000,6,63400006,seeded_ic_v1,m2_routing_stability_eta0p496_v1,m2route_motor_time_constant_plus10_pinv_eta0p496_seed63400006,seeded_ic_v1,pinv,/home/suhas/crazysim_ws/safe-landing-ftc/results/final/model_sensitivity/ofat/m2_routing_stability_eta0p496/trials/m2route_motor_time_constant_plus10_pinv_eta0p496_seed63400006.csv,4215,pinv_bounded_wls_w1_1_1_0.2_lambda1e-06,bounded_fault_aware_wls,0,0,0,0,0.7301644682884216,-0.00395684689283371,True,True,15.34886884689331,adaptive_brake,0.3355974853038788,0.007469789236792312,0.12112756818532944,0.3038165412469246,0.02130350935545813,True,True,True,True,True,True
motor_time_constant_plus10,motor_time_constant,1.10,9e43b2b8c92f584794c999a71613fc20d5fce76ea5113329771be78b48a42c0b,pinv,1,2,0.496000,7,63400007,seeded_ic_v1,m2_routing_stability_eta0p496_v1,m2route_motor_time_constant_plus10_pinv_eta0p496_seed63400007,seeded_ic_v1,pinv,/home/suhas/crazysim_ws/safe-landing-ftc/results/final/model_sensitivity/ofat/m2_routing_stability_eta0p496/trials/m2route_motor_time_constant_plus10_pinv_eta0p496_seed63400007.csv,4230,pinv_bounded_wls_w1_1_1_0.2_lambda1e-06,bounded_fault_aware_wls,0,0,0,0,0.7165875434875488,-0.0037175181787461042,True,True,15.485443353652954,adaptive_brake,0.32848912477493286,0.00793404805267497,0.1165856271982193,0.2933597027134217,0.020238408218895963,True,True,True,True,True,True
motor_time_constant_plus10,motor_time_constant,1.10,9e43b2b8c92f584794c999a71613fc20d5fce76ea5113329771be78b48a42c0b,cem,2,2,0.496000,7,63400007,seeded_ic_v1,m2_routing_stability_eta0p496_v1,m2route_motor_time_constant_plus10_cem_eta0p496_seed63400007,seeded_ic_v1,qplite,/home/suhas/crazysim_ws/safe-landing-ftc/results/final/model_sensitivity/ofat/m2_routing_stability_eta0p496/trials/m2route_motor_time_constant_plus10_cem_eta0p496_seed63400007.csv,4230,cem_tuned_boundary,balanced_3000_0_3000_12000,3000,0,3000,12000,0.7166543006896973,-0.0035934511106461287,True,True,14.044375896453857,adaptive_brake,0.3776588439941406,0.016150847397394925,8.480015754699707,1.5368024011331036,0.3034973558963431,False,True,True,False,True,False
motor_time_constant_plus10,motor_time_constant,1.10,9e43b2b8c92f584794c999a71613fc20d5fce76ea5113329771be78b48a42c0b,cem,1,2,0.496000,8,63400008,seeded_ic_v1,m2_routing_stability_eta0p496_v1,m2route_motor_time_constant_plus10_cem_eta0p496_seed63400008,seeded_ic_v1,qplite,/home/suhas/crazysim_ws/safe-landing-ftc/results/final/model_sensitivity/ofat/m2_routing_stability_eta0p496/trials/m2route_motor_time_constant_plus10_cem_eta0p496_seed63400008.csv,4206,cem_tuned_boundary,balanced_3000_0_3000_12000,3000,0,3000,12000,0.720759391784668,-0.003566555678844452,True,True,14.085867643356323,adaptive_brake,0.3686363995075226,0.015100052125369376,8.51511001586914,1.584751082677045,0.32533753753553624,False,True,True,False,True,False
motor_time_constant_plus10,motor_time_constant,1.10,9e43b2b8c92f584794c999a71613fc20d5fce76ea5113329771be78b48a42c0b,pinv,2,2,0.496000,8,63400008,seeded_ic_v1,m2_routing_stability_eta0p496_v1,m2route_motor_time_constant_plus10_pinv_eta0p496_seed63400008,seeded_ic_v1,pinv,/home/suhas/crazysim_ws/safe-landing-ftc/results/final/model_sensitivity/ofat/m2_routing_stability_eta0p496/trials/m2route_motor_time_constant_plus10_pinv_eta0p496_seed63400008.csv,4206,pinv_bounded_wls_w1_1_1_0.2_lambda1e-06,bounded_fault_aware_wls,0,0,0,0,0.7208103537559509,-0.003573155729100108,True,True,15.324517965316772,adaptive_brake,0.3268737196922302,0.008146146987860646,0.1033531203866005,0.2982899860646643,0.01805785281712759,True,True,True,True,True,True
motor_time_constant_plus10,motor_time_constant,1.10,9e43b2b8c92f584794c999a71613fc20d5fce76ea5113329771be78b48a42c0b,pinv,1,2,0.496000,9,63400009,seeded_ic_v1,m2_routing_stability_eta0p496_v1,m2route_motor_time_constant_plus10_pinv_eta0p496_seed63400009,seeded_ic_v1,pinv,/home/suhas/crazysim_ws/safe-landing-ftc/results/final/model_sensitivity/ofat/m2_routing_stability_eta0p496/trials/m2route_motor_time_constant_plus10_pinv_eta0p496_seed63400009.csv,4161,pinv_bounded_wls_w1_1_1_0.2_lambda1e-06,bounded_fault_aware_wls,0,0,0,0,0.7282004952430725,-0.004285379312932491,True,True,14.985466003417969,adaptive_brake,0.33667606115341187,0.00819995859002696,0.10224440693855286,0.30364830804444676,0.01881793796527455,True,True,True,True,True,True
motor_time_constant_plus10,motor_time_constant,1.10,9e43b2b8c92f584794c999a71613fc20d5fce76ea5113329771be78b48a42c0b,cem,2,2,0.496000,9,63400009,seeded_ic_v1,m2_routing_stability_eta0p496_v1,m2route_motor_time_constant_plus10_cem_eta0p496_seed63400009,seeded_ic_v1,qplite,/home/suhas/crazysim_ws/safe-landing-ftc/results/final/model_sensitivity/ofat/m2_routing_stability_eta0p496/trials/m2route_motor_time_constant_plus10_cem_eta0p496_seed63400009.csv,4161,cem_tuned_boundary,balanced_3000_0_3000_12000,3000,0,3000,12000,0.7282048463821411,-0.00405191769823432,True,True,13.722862958908081,adaptive_brake,0.364793598651886,0.015928568099007966,8.52963638305664,1.5742643985156004,0.3253986714766162,False,True,True,False,True,False
motor_time_constant_plus10,motor_time_constant,1.10,9e43b2b8c92f584794c999a71613fc20d5fce76ea5113329771be78b48a42c0b,cem,1,2,0.496000,10,63400010,seeded_ic_v1,m2_routing_stability_eta0p496_v1,m2route_motor_time_constant_plus10_cem_eta0p496_seed63400010,seeded_ic_v1,qplite,/home/suhas/crazysim_ws/safe-landing-ftc/results/final/model_sensitivity/ofat/m2_routing_stability_eta0p496/trials/m2route_motor_time_constant_plus10_cem_eta0p496_seed63400010.csv,4182,cem_tuned_boundary,balanced_3000_0_3000_12000,3000,0,3000,12000,0.7291162610054016,-0.0040162671357393265,True,True,13.92565369606018,adaptive_brake,0.360130250453949,0.013722766315273933,8.500224113464355,1.5529880187519427,0.316938717665365,False,True,True,False,True,False
motor_time_constant_plus10,motor_time_constant,1.10,9e43b2b8c92f584794c999a71613fc20d5fce76ea5113329771be78b48a42c0b,pinv,2,2,0.496000,10,63400010,seeded_ic_v1,m2_routing_stability_eta0p496_v1,m2route_motor_time_constant_plus10_pinv_eta0p496_seed63400010,seeded_ic_v1,pinv,/home/suhas/crazysim_ws/safe-landing-ftc/results/final/model_sensitivity/ofat/m2_routing_stability_eta0p496/trials/m2route_motor_time_constant_plus10_pinv_eta0p496_seed63400010.csv,4179,pinv_bounded_wls_w1_1_1_0.2_lambda1e-06,bounded_fault_aware_wls,0,0,0,0,0.7290337085723877,-0.003940602298825979,True,True,15.107533931732178,adaptive_brake,0.338575541973114,0.008190986569450644,0.09858076274394989,0.30153166116576186,0.020110990267508205,True,True,True,True,True,True
motor_time_constant_plus10,motor_time_constant,1.10,9e43b2b8c92f584794c999a71613fc20d5fce76ea5113329771be78b48a42c0b,pinv,1,2,0.496000,11,63400011,seeded_ic_v1,m2_routing_stability_eta0p496_v1,m2route_motor_time_constant_plus10_pinv_eta0p496_seed63400011,seeded_ic_v1,pinv,/home/suhas/crazysim_ws/safe-landing-ftc/results/final/model_sensitivity/ofat/m2_routing_stability_eta0p496/trials/m2route_motor_time_constant_plus10_pinv_eta0p496_seed63400011.csv,4224,pinv_bounded_wls_w1_1_1_0.2_lambda1e-06,bounded_fault_aware_wls,0,0,0,0,0.7029407024383545,-0.0034451524261385202,True,True,15.324289798736572,adaptive_brake,0.3264407813549042,0.008044321136044903,0.10355008393526077,0.3036019730216256,0.02032666485620037,True,True,True,True,True,True
motor_time_constant_plus10,motor_time_constant,1.10,9e43b2b8c92f584794c999a71613fc20d5fce76ea5113329771be78b48a42c0b,cem,2,2,0.496000,11,63400011,seeded_ic_v1,m2_routing_stability_eta0p496_v1,m2route_motor_time_constant_plus10_cem_eta0p496_seed63400011,seeded_ic_v1,qplite,/home/suhas/crazysim_ws/safe-landing-ftc/results/final/model_sensitivity/ofat/m2_routing_stability_eta0p496/trials/m2route_motor_time_constant_plus10_cem_eta0p496_seed63400011.csv,4224,cem_tuned_boundary,balanced_3000_0_3000_12000,3000,0,3000,12000,0.7029518485069275,-0.0036948525812476873,True,True,14.145509481430054,adaptive_brake,0.3530910015106201,0.015349970485569985,8.510300636291504,1.5322994413910431,0.3250563446132104,False,True,True,False,True,False
motor_time_constant_plus10,motor_time_constant,1.10,9e43b2b8c92f584794c999a71613fc20d5fce76ea5113329771be78b48a42c0b,cem,1,2,0.496000,12,63400012,seeded_ic_v1,m2_routing_stability_eta0p496_v1,m2route_motor_time_constant_plus10_cem_eta0p496_seed63400012,seeded_ic_v1,qplite,/home/suhas/crazysim_ws/safe-landing-ftc/results/final/model_sensitivity/ofat/m2_routing_stability_eta0p496/trials/m2route_motor_time_constant_plus10_cem_eta0p496_seed63400012.csv,4191,cem_tuned_boundary,balanced_3000_0_3000_12000,3000,0,3000,12000,0.7210022211074829,-0.0038817618042230606,True,True,13.985244989395142,adaptive_brake,0.36373186111450195,0.014364403965023604,8.471475601196289,1.5494514067644103,0.3198636833187092,False,True,True,False,True,False
motor_time_constant_plus10,motor_time_constant,1.10,9e43b2b8c92f584794c999a71613fc20d5fce76ea5113329771be78b48a42c0b,pinv,2,2,0.496000,12,63400012,seeded_ic_v1,m2_routing_stability_eta0p496_v1,m2route_motor_time_constant_plus10_pinv_eta0p496_seed63400012,seeded_ic_v1,pinv,/home/suhas/crazysim_ws/safe-landing-ftc/results/final/model_sensitivity/ofat/m2_routing_stability_eta0p496/trials/m2route_motor_time_constant_plus10_pinv_eta0p496_seed63400012.csv,4191,pinv_bounded_wls_w1_1_1_0.2_lambda1e-06,bounded_fault_aware_wls,0,0,0,0,0.7209473252296448,-0.003932183608412743,True,True,15.24751877784729,adaptive_brake,0.32554489374160767,0.00781741588370785,0.10588356107473373,0.29479083034034764,0.020423742806644028,True,True,True,True,True,True
motor_time_constant_plus10,motor_time_constant,1.10,9e43b2b8c92f584794c999a71613fc20d5fce76ea5113329771be78b48a42c0b,pinv,1,2,0.496000,13,63400013,seeded_ic_v1,m2_routing_stability_eta0p496_v1,m2route_motor_time_constant_plus10_pinv_eta0p496_seed63400013,seeded_ic_v1,pinv,/home/suhas/crazysim_ws/safe-landing-ftc/results/final/model_sensitivity/ofat/m2_routing_stability_eta0p496/trials/m2route_motor_time_constant_plus10_pinv_eta0p496_seed63400013.csv,4191,pinv_bounded_wls_w1_1_1_0.2_lambda1e-06,bounded_fault_aware_wls,0,0,0,0,0.7150710225105286,-0.0037131584249436855,True,True,15.228219509124756,adaptive_brake,0.3282270133495331,0.008056711144002943,0.10838403552770615,0.2918896743765705,0.021106962371793235,True,True,True,True,True,True
motor_time_constant_plus10,motor_time_constant,1.10,9e43b2b8c92f584794c999a71613fc20d5fce76ea5113329771be78b48a42c0b,cem,2,2,0.496000,13,63400013,seeded_ic_v1,m2_routing_stability_eta0p496_v1,m2route_motor_time_constant_plus10_cem_eta0p496_seed63400013,seeded_ic_v1,qplite,/home/suhas/crazysim_ws/safe-landing-ftc/results/final/model_sensitivity/ofat/m2_routing_stability_eta0p496/trials/m2route_motor_time_constant_plus10_cem_eta0p496_seed63400013.csv,4194,cem_tuned_boundary,balanced_3000_0_3000_12000,3000,0,3000,12000,0.7149786353111267,-0.004033627919852734,True,True,13.844449520111084,adaptive_brake,0.3801713287830353,0.016114538272751527,8.5250244140625,1.5796737828636862,0.3068679518215365,False,True,True,False,True,False
motor_time_constant_plus10,motor_time_constant,1.10,9e43b2b8c92f584794c999a71613fc20d5fce76ea5113329771be78b48a42c0b,cem,1,2,0.496000,14,63400014,seeded_ic_v1,m2_routing_stability_eta0p496_v1,m2route_motor_time_constant_plus10_cem_eta0p496_seed63400014,seeded_ic_v1,qplite,/home/suhas/crazysim_ws/safe-landing-ftc/results/final/model_sensitivity/ofat/m2_routing_stability_eta0p496/trials/m2route_motor_time_constant_plus10_cem_eta0p496_seed63400014.csv,4185,cem_tuned_boundary,balanced_3000_0_3000_12000,3000,0,3000,12000,0.6940388679504395,-0.0037898318842053413,True,True,13.826164960861206,adaptive_brake,0.3627973198890686,0.016062165031588697,8.523527145385742,1.5725440820575358,0.31942180853773844,False,True,True,False,True,False
motor_time_constant_plus10,motor_time_constant,1.10,9e43b2b8c92f584794c999a71613fc20d5fce76ea5113329771be78b48a42c0b,pinv,2,2,0.496000,14,63400014,seeded_ic_v1,m2_routing_stability_eta0p496_v1,m2route_motor_time_constant_plus10_pinv_eta0p496_seed63400014,seeded_ic_v1,pinv,/home/suhas/crazysim_ws/safe-landing-ftc/results/final/model_sensitivity/ofat/m2_routing_stability_eta0p496/trials/m2route_motor_time_constant_plus10_pinv_eta0p496_seed63400014.csv,4184,pinv_bounded_wls_w1_1_1_0.2_lambda1e-06,bounded_fault_aware_wls,0,0,0,0,0.6940273642539978,-0.003649587044492364,True,True,15.107293367385864,adaptive_brake,0.3211781084537506,0.00853389940342523,0.10132836550474167,0.29834685286306445,0.017721258733021793,True,True,True,True,True,True
motor_time_constant_plus10,motor_time_constant,1.10,9e43b2b8c92f584794c999a71613fc20d5fce76ea5113329771be78b48a42c0b,pinv,1,2,0.496000,15,63400015,seeded_ic_v1,m2_routing_stability_eta0p496_v1,m2route_motor_time_constant_plus10_pinv_eta0p496_seed63400015,seeded_ic_v1,pinv,/home/suhas/crazysim_ws/safe-landing-ftc/results/final/model_sensitivity/ofat/m2_routing_stability_eta0p496/trials/m2route_motor_time_constant_plus10_pinv_eta0p496_seed63400015.csv,4200,pinv_bounded_wls_w1_1_1_0.2_lambda1e-06,bounded_fault_aware_wls,0,0,0,0,0.7087699174880981,-0.003945613279938698,True,True,15.246044874191284,adaptive_brake,0.32422906160354614,0.008010762844924586,0.10868100076913834,0.28549153931519183,0.021601293258810737,True,True,True,True,True,True
motor_time_constant_plus10,motor_time_constant,1.10,9e43b2b8c92f584794c999a71613fc20d5fce76ea5113329771be78b48a42c0b,cem,2,2,0.496000,15,63400015,seeded_ic_v1,m2_routing_stability_eta0p496_v1,m2route_motor_time_constant_plus10_cem_eta0p496_seed63400015,seeded_ic_v1,qplite,/home/suhas/crazysim_ws/safe-landing-ftc/results/final/model_sensitivity/ofat/m2_routing_stability_eta0p496/trials/m2route_motor_time_constant_plus10_cem_eta0p496_seed63400015.csv,4200,cem_tuned_boundary,balanced_3000_0_3000_12000,3000,0,3000,12000,0.708804726600647,-0.003997964784502983,True,True,14.004705667495728,adaptive_brake,0.35916459560394287,0.015757329042341853,8.51816463470459,1.5518263710697529,0.3268046685418652,False,True,True,False,True,False
motor_time_constant_plus10,motor_time_constant,1.10,9e43b2b8c92f584794c999a71613fc20d5fce76ea5113329771be78b48a42c0b,cem,1,2,0.496000,16,63400016,seeded_ic_v1,m2_routing_stability_eta0p496_v1,m2route_motor_time_constant_plus10_cem_eta0p496_seed63400016,seeded_ic_v1,qplite,/home/suhas/crazysim_ws/safe-landing-ftc/results/final/model_sensitivity/ofat/m2_routing_stability_eta0p496/trials/m2route_motor_time_constant_plus10_cem_eta0p496_seed63400016.csv,4191,cem_tuned_boundary,balanced_3000_0_3000_12000,3000,0,3000,12000,0.7315064668655396,-0.004034893587231636,True,True,13.903400659561157,adaptive_brake,0.37066707015037537,0.015445380257586598,8.468661308288574,1.5370783134742902,0.31754314101498693,False,True,True,False,True,False
motor_time_constant_plus10,motor_time_constant,1.10,9e43b2b8c92f584794c999a71613fc20d5fce76ea5113329771be78b48a42c0b,pinv,2,2,0.496000,16,63400016,seeded_ic_v1,m2_routing_stability_eta0p496_v1,m2route_motor_time_constant_plus10_pinv_eta0p496_seed63400016,seeded_ic_v1,pinv,/home/suhas/crazysim_ws/safe-landing-ftc/results/final/model_sensitivity/ofat/m2_routing_stability_eta0p496/trials/m2route_motor_time_constant_plus10_pinv_eta0p496_seed63400016.csv,4191,pinv_bounded_wls_w1_1_1_0.2_lambda1e-06,bounded_fault_aware_wls,0,0,0,0,0.7314223051071167,-0.0038330599199980497,True,True,15.204355239868164,adaptive_brake,0.333006888628006,0.007572864623601941,0.11276298016309738,0.2972849909145575,0.022350477217163007,True,True,True,True,True,True
motor_time_constant_plus10,motor_time_constant,1.10,9e43b2b8c92f584794c999a71613fc20d5fce76ea5113329771be78b48a42c0b,pinv,1,2,0.496000,17,63400017,seeded_ic_v1,m2_routing_stability_eta0p496_v1,m2route_motor_time_constant_plus10_pinv_eta0p496_seed63400017,seeded_ic_v1,pinv,/home/suhas/crazysim_ws/safe-landing-ftc/results/final/model_sensitivity/ofat/m2_routing_stability_eta0p496/trials/m2route_motor_time_constant_plus10_pinv_eta0p496_seed63400017.csv,4206,pinv_bounded_wls_w1_1_1_0.2_lambda1e-06,bounded_fault_aware_wls,0,0,0,0,0.7155423760414124,-0.0035448051057755947,True,True,15.28853178024292,adaptive_brake,0.3329230546951294,0.008147784754812757,0.09722725301980972,0.30043156823809875,0.020479477486531707,True,True,True,True,True,True
motor_time_constant_plus10,motor_time_constant,1.10,9e43b2b8c92f584794c999a71613fc20d5fce76ea5113329771be78b48a42c0b,cem,2,2,0.496000,17,63400017,seeded_ic_v1,m2_routing_stability_eta0p496_v1,m2route_motor_time_constant_plus10_cem_eta0p496_seed63400017,seeded_ic_v1,qplite,/home/suhas/crazysim_ws/safe-landing-ftc/results/final/model_sensitivity/ofat/m2_routing_stability_eta0p496/trials/m2route_motor_time_constant_plus10_cem_eta0p496_seed63400017.csv,4209,cem_tuned_boundary,balanced_3000_0_3000_12000,3000,0,3000,12000,0.7157630920410156,-0.003718629712238908,True,True,14.00483775138855,adaptive_brake,0.3637723922729492,0.015561599594916353,8.499314308166504,1.5601464223596355,0.3208299402269023,False,True,True,False,True,False
motor_time_constant_plus10,motor_time_constant,1.10,9e43b2b8c92f584794c999a71613fc20d5fce76ea5113329771be78b48a42c0b,cem,1,2,0.496000,18,63400018,seeded_ic_v1,m2_routing_stability_eta0p496_v1,m2route_motor_time_constant_plus10_cem_eta0p496_seed63400018,seeded_ic_v1,qplite,/home/suhas/crazysim_ws/safe-landing-ftc/results/final/model_sensitivity/ofat/m2_routing_stability_eta0p496/trials/m2route_motor_time_constant_plus10_cem_eta0p496_seed63400018.csv,4212,cem_tuned_boundary,balanced_3000_0_3000_12000,3000,0,3000,12000,0.715414822101593,-0.003919783513993025,True,True,14.124523401260376,adaptive_brake,0.35428303480148315,0.015548918105560512,8.471080780029297,1.5574916511472408,0.33076567303377163,False,True,True,False,True,False
motor_time_constant_plus10,motor_time_constant,1.10,9e43b2b8c92f584794c999a71613fc20d5fce76ea5113329771be78b48a42c0b,pinv,2,2,0.496000,18,63400018,seeded_ic_v1,m2_routing_stability_eta0p496_v1,m2route_motor_time_constant_plus10_pinv_eta0p496_seed63400018,seeded_ic_v1,pinv,/home/suhas/crazysim_ws/safe-landing-ftc/results/final/model_sensitivity/ofat/m2_routing_stability_eta0p496/trials/m2route_motor_time_constant_plus10_pinv_eta0p496_seed63400018.csv,4212,pinv_bounded_wls_w1_1_1_0.2_lambda1e-06,bounded_fault_aware_wls,0,0,0,0,0.7153841853141785,-0.003927265759557486,True,True,15.327113151550293,adaptive_brake,0.3321390748023987,0.007798585587135934,0.12022710591554642,0.30798492131263205,0.019918620419582565,True,True,True,True,True,True
motor_time_constant_plus10,motor_time_constant,1.10,9e43b2b8c92f584794c999a71613fc20d5fce76ea5113329771be78b48a42c0b,pinv,1,2,0.496000,19,63400019,seeded_ic_v1,m2_routing_stability_eta0p496_v1,m2route_motor_time_constant_plus10_pinv_eta0p496_seed63400019,seeded_ic_v1,pinv,/home/suhas/crazysim_ws/safe-landing-ftc/results/final/model_sensitivity/ofat/m2_routing_stability_eta0p496/trials/m2route_motor_time_constant_plus10_pinv_eta0p496_seed63400019.csv,4176,pinv_bounded_wls_w1_1_1_0.2_lambda1e-06,bounded_fault_aware_wls,0,0,0,0,0.7155198454856873,-0.003889416577294469,True,True,15.00768494606018,adaptive_brake,0.33868512511253357,0.008129061121898207,0.10373931378126144,0.3057785636057411,0.021309859510253108,True,True,True,True,True,True
motor_time_constant_plus10,motor_time_constant,1.10,9e43b2b8c92f584794c999a71613fc20d5fce76ea5113329771be78b48a42c0b,cem,2,2,0.496000,19,63400019,seeded_ic_v1,m2_routing_stability_eta0p496_v1,m2route_motor_time_constant_plus10_cem_eta0p496_seed63400019,seeded_ic_v1,qplite,/home/suhas/crazysim_ws/safe-landing-ftc/results/final/model_sensitivity/ofat/m2_routing_stability_eta0p496/trials/m2route_motor_time_constant_plus10_cem_eta0p496_seed63400019.csv,4179,cem_tuned_boundary,balanced_3000_0_3000_12000,3000,0,3000,12000,0.7155436873435974,-0.003813202027231455,True,True,13.726139307022095,adaptive_brake,0.3769436776638031,0.017283403228271543,8.476967811584473,1.5559159841092869,0.3177884897384981,False,True,True,False,True,False
motor_time_constant_plus10,motor_time_constant,1.10,9e43b2b8c92f584794c999a71613fc20d5fce76ea5113329771be78b48a42c0b,cem,1,2,0.496000,20,63400020,seeded_ic_v1,m2_routing_stability_eta0p496_v1,m2route_motor_time_constant_plus10_cem_eta0p496_seed63400020,seeded_ic_v1,qplite,/home/suhas/crazysim_ws/safe-landing-ftc/results/final/model_sensitivity/ofat/m2_routing_stability_eta0p496/trials/m2route_motor_time_constant_plus10_cem_eta0p496_seed63400020.csv,4185,cem_tuned_boundary,balanced_3000_0_3000_12000,3000,0,3000,12000,0.7037724256515503,-0.0036492773797363043,True,True,13.824414491653442,adaptive_brake,0.36019688844680786,0.015980702082051077,8.520540237426758,1.5521958634070103,0.31815933083596615,False,True,True,False,True,False
motor_time_constant_plus10,motor_time_constant,1.10,9e43b2b8c92f584794c999a71613fc20d5fce76ea5113329771be78b48a42c0b,pinv,2,2,0.496000,20,63400020,seeded_ic_v1,m2_routing_stability_eta0p496_v1,m2route_motor_time_constant_plus10_pinv_eta0p496_seed63400020,seeded_ic_v1,pinv,/home/suhas/crazysim_ws/safe-landing-ftc/results/final/model_sensitivity/ofat/m2_routing_stability_eta0p496/trials/m2route_motor_time_constant_plus10_pinv_eta0p496_seed63400020.csv,4185,pinv_bounded_wls_w1_1_1_0.2_lambda1e-06,bounded_fault_aware_wls,0,0,0,0,0.7037309408187866,-0.0037751030176877975,True,True,15.064464569091797,adaptive_brake,0.32634884119033813,0.008037841174838484,0.10759160667657852,0.30261875272395883,0.019696121108784395,True,True,True,True,True,True
motor_time_constant_plus10,motor_time_constant,1.10,9e43b2b8c92f584794c999a71613fc20d5fce76ea5113329771be78b48a42c0b,pinv,1,2,0.496000,21,63400021,seeded_ic_v1,m2_routing_stability_eta0p496_v1,m2route_motor_time_constant_plus10_pinv_eta0p496_seed63400021,seeded_ic_v1,pinv,/home/suhas/crazysim_ws/safe-landing-ftc/results/final/model_sensitivity/ofat/m2_routing_stability_eta0p496/trials/m2route_motor_time_constant_plus10_pinv_eta0p496_seed63400021.csv,4215,pinv_bounded_wls_w1_1_1_0.2_lambda1e-06,bounded_fault_aware_wls,0,0,0,0,0.6963165402412415,-0.0034469454549252987,True,True,15.25175929069519,adaptive_brake,0.3283931016921997,0.008148911601793266,0.10512719303369522,0.30280254019644304,0.020446798790080694,True,True,True,True,True,True
motor_time_constant_plus10,motor_time_constant,1.10,9e43b2b8c92f584794c999a71613fc20d5fce76ea5113329771be78b48a42c0b,cem,2,2,0.496000,21,63400021,seeded_ic_v1,m2_routing_stability_eta0p496_v1,m2route_motor_time_constant_plus10_cem_eta0p496_seed63400021,seeded_ic_v1,qplite,/home/suhas/crazysim_ws/safe-landing-ftc/results/final/model_sensitivity/ofat/m2_routing_stability_eta0p496/trials/m2route_motor_time_constant_plus10_cem_eta0p496_seed63400021.csv,4215,cem_tuned_boundary,balanced_3000_0_3000_12000,3000,0,3000,12000,0.6962130665779114,-0.003736394690349698,True,True,14.124486684799194,adaptive_brake,0.3455762267112732,0.015856960505118423,8.510324478149414,1.554717461977498,0.33403806230649563,True,True,True,False,True,False
motor_time_constant_plus10,motor_time_constant,1.10,9e43b2b8c92f584794c999a71613fc20d5fce76ea5113329771be78b48a42c0b,cem,1,2,0.496000,22,63400022,seeded_ic_v1,m2_routing_stability_eta0p496_v1,m2route_motor_time_constant_plus10_cem_eta0p496_seed63400022,seeded_ic_v1,qplite,/home/suhas/crazysim_ws/safe-landing-ftc/results/final/model_sensitivity/ofat/m2_routing_stability_eta0p496/trials/m2route_motor_time_constant_plus10_cem_eta0p496_seed63400022.csv,4164,cem_tuned_boundary,balanced_3000_0_3000_12000,3000,0,3000,12000,0.7182255983352661,-0.004111347254365683,True,True,13.704772233963013,adaptive_brake,0.365997850894928,0.015886597731547512,8.465224266052246,1.5540689366898037,0.31848161658708374,False,True,True,False,True,False
motor_time_constant_plus10,motor_time_constant,1.10,9e43b2b8c92f584794c999a71613fc20d5fce76ea5113329771be78b48a42c0b,pinv,2,2,0.496000,22,63400022,seeded_ic_v1,m2_routing_stability_eta0p496_v1,m2route_motor_time_constant_plus10_pinv_eta0p496_seed63400022,seeded_ic_v1,pinv,/home/suhas/crazysim_ws/safe-landing-ftc/results/final/model_sensitivity/ofat/m2_routing_stability_eta0p496/trials/m2route_motor_time_constant_plus10_pinv_eta0p496_seed63400022.csv,4161,pinv_bounded_wls_w1_1_1_0.2_lambda1e-06,bounded_fault_aware_wls,0,0,0,0,0.7181787490844727,-0.004047519061714411,True,True,14.98544454574585,adaptive_brake,0.33459895849227905,0.008073911331348476,0.10370808839797974,0.30149800913441954,0.02152820514366514,True,True,True,True,True,True
motor_time_constant_plus10,motor_time_constant,1.10,9e43b2b8c92f584794c999a71613fc20d5fce76ea5113329771be78b48a42c0b,pinv,1,2,0.496000,23,63400023,seeded_ic_v1,m2_routing_stability_eta0p496_v1,m2route_motor_time_constant_plus10_pinv_eta0p496_seed63400023,seeded_ic_v1,pinv,/home/suhas/crazysim_ws/safe-landing-ftc/results/final/model_sensitivity/ofat/m2_routing_stability_eta0p496/trials/m2route_motor_time_constant_plus10_pinv_eta0p496_seed63400023.csv,4209,pinv_bounded_wls_w1_1_1_0.2_lambda1e-06,bounded_fault_aware_wls,0,0,0,0,0.7026537656784058,-0.0036660388577729464,True,True,15.348209142684937,adaptive_brake,0.32141122221946716,0.008024016593517834,0.10308685898780823,0.286581861740011,0.020368807942408577,True,True,True,True,True,True
motor_time_constant_plus10,motor_time_constant,1.10,9e43b2b8c92f584794c999a71613fc20d5fce76ea5113329771be78b48a42c0b,cem,2,2,0.496000,23,63400023,seeded_ic_v1,m2_routing_stability_eta0p496_v1,m2route_motor_time_constant_plus10_cem_eta0p496_seed63400023,seeded_ic_v1,qplite,/home/suhas/crazysim_ws/safe-landing-ftc/results/final/model_sensitivity/ofat/m2_routing_stability_eta0p496/trials/m2route_motor_time_constant_plus10_cem_eta0p496_seed63400023.csv,4209,cem_tuned_boundary,balanced_3000_0_3000_12000,3000,0,3000,12000,0.7026438117027283,-0.0037042524199932814,True,True,14.034723997116089,adaptive_brake,0.3572458326816559,0.01601954857576895,8.517830848693848,1.5448324023833402,0.32636988894539337,False,True,True,False,True,False
motor_time_constant_plus10,motor_time_constant,1.10,9e43b2b8c92f584794c999a71613fc20d5fce76ea5113329771be78b48a42c0b,cem,1,2,0.496000,24,63400024,seeded_ic_v1,m2_routing_stability_eta0p496_v1,m2route_motor_time_constant_plus10_cem_eta0p496_seed63400024,seeded_ic_v1,qplite,/home/suhas/crazysim_ws/safe-landing-ftc/results/final/model_sensitivity/ofat/m2_routing_stability_eta0p496/trials/m2route_motor_time_constant_plus10_cem_eta0p496_seed63400024.csv,4224,cem_tuned_boundary,balanced_3000_0_3000_12000,3000,0,3000,12000,0.697722315788269,-0.0035849851556122303,True,True,13.90505838394165,adaptive_brake,0.3728327453136444,0.018730970107444615,8.47352123260498,1.5459822838185326,0.3095056881773916,False,True,True,False,True,False
motor_time_constant_plus10,motor_time_constant,1.10,9e43b2b8c92f584794c999a71613fc20d5fce76ea5113329771be78b48a42c0b,pinv,2,2,0.496000,24,63400024,seeded_ic_v1,m2_routing_stability_eta0p496_v1,m2route_motor_time_constant_plus10_pinv_eta0p496_seed63400024,seeded_ic_v1,pinv,/home/suhas/crazysim_ws/safe-landing-ftc/results/final/model_sensitivity/ofat/m2_routing_stability_eta0p496/trials/m2route_motor_time_constant_plus10_pinv_eta0p496_seed63400024.csv,4221,pinv_bounded_wls_w1_1_1_0.2_lambda1e-06,bounded_fault_aware_wls,0,0,0,0,0.6977893710136414,-0.0034121698699891567,True,True,15.328400611877441,adaptive_brake,0.32471969723701477,0.007784282610463858,0.11791893094778061,0.303740676133471,0.021388268957195578,True,True,True,True,True,True
motor_time_constant_plus10,motor_time_constant,1.10,9e43b2b8c92f584794c999a71613fc20d5fce76ea5113329771be78b48a42c0b,pinv,1,2,0.496000,25,63400025,seeded_ic_v1,m2_routing_stability_eta0p496_v1,m2route_motor_time_constant_plus10_pinv_eta0p496_seed63400025,seeded_ic_v1,pinv,/home/suhas/crazysim_ws/safe-landing-ftc/results/final/model_sensitivity/ofat/m2_routing_stability_eta0p496/trials/m2route_motor_time_constant_plus10_pinv_eta0p496_seed63400025.csv,4224,pinv_bounded_wls_w1_1_1_0.2_lambda1e-06,bounded_fault_aware_wls,0,0,0,0,0.7141396999359131,-0.0038721493910998106,True,True,15.429219484329224,adaptive_brake,0.331258088350296,0.007712423950497867,0.1110977903008461,0.3015589432660887,0.020468350621374087,True,True,True,True,True,True
motor_time_constant_plus10,motor_time_constant,1.10,9e43b2b8c92f584794c999a71613fc20d5fce76ea5113329771be78b48a42c0b,cem,2,2,0.496000,25,63400025,seeded_ic_v1,m2_routing_stability_eta0p496_v1,m2route_motor_time_constant_plus10_cem_eta0p496_seed63400025,seeded_ic_v1,qplite,/home/suhas/crazysim_ws/safe-landing-ftc/results/final/model_sensitivity/ofat/m2_routing_stability_eta0p496/trials/m2route_motor_time_constant_plus10_cem_eta0p496_seed63400025.csv,4227,cem_tuned_boundary,balanced_3000_0_3000_12000,3000,0,3000,12000,0.7140976786613464,-0.00387020455673337,True,True,14.185805559158325,adaptive_brake,0.3544343113899231,0.014419768850446723,8.520027160644531,1.5556049168259516,0.3190673882225552,False,True,True,False,True,False
motor_time_constant_plus10,motor_time_constant,1.10,9e43b2b8c92f584794c999a71613fc20d5fce76ea5113329771be78b48a42c0b,cem,1,2,0.496000,26,63400026,seeded_ic_v1,m2_routing_stability_eta0p496_v1,m2route_motor_time_constant_plus10_cem_eta0p496_seed63400026,seeded_ic_v1,qplite,/home/suhas/crazysim_ws/safe-landing-ftc/results/final/model_sensitivity/ofat/m2_routing_stability_eta0p496/trials/m2route_motor_time_constant_plus10_cem_eta0p496_seed63400026.csv,4221,cem_tuned_boundary,balanced_3000_0_3000_12000,3000,0,3000,12000,0.7280139327049255,-0.0038477617781609297,True,True,14.145737648010254,adaptive_brake,0.3736213147640228,0.015849852818045258,8.535322189331055,1.5640787747677583,0.3225157885565133,False,True,True,False,True,False
motor_time_constant_plus10,motor_time_constant,1.10,9e43b2b8c92f584794c999a71613fc20d5fce76ea5113329771be78b48a42c0b,pinv,2,2,0.496000,26,63400026,seeded_ic_v1,m2_routing_stability_eta0p496_v1,m2route_motor_time_constant_plus10_pinv_eta0p496_seed63400026,seeded_ic_v1,pinv,/home/suhas/crazysim_ws/safe-landing-ftc/results/final/model_sensitivity/ofat/m2_routing_stability_eta0p496/trials/m2route_motor_time_constant_plus10_pinv_eta0p496_seed63400026.csv,4221,pinv_bounded_wls_w1_1_1_0.2_lambda1e-06,bounded_fault_aware_wls,0,0,0,0,0.7281381487846375,-0.0036707469262182713,True,True,15.442934036254883,adaptive_brake,0.3277151584625244,0.008033054358236015,0.10087385028600693,0.2898145939708985,0.019223453708027662,True,True,True,True,True,True
motor_time_constant_plus10,motor_time_constant,1.10,9e43b2b8c92f584794c999a71613fc20d5fce76ea5113329771be78b48a42c0b,pinv,1,2,0.496000,27,63400027,seeded_ic_v1,m2_routing_stability_eta0p496_v1,m2route_motor_time_constant_plus10_pinv_eta0p496_seed63400027,seeded_ic_v1,pinv,/home/suhas/crazysim_ws/safe-landing-ftc/results/final/model_sensitivity/ofat/m2_routing_stability_eta0p496/trials/m2route_motor_time_constant_plus10_pinv_eta0p496_seed63400027.csv,4200,pinv_bounded_wls_w1_1_1_0.2_lambda1e-06,bounded_fault_aware_wls,0,0,0,0,0.6976824998855591,-0.0037149630952626467,True,True,15.224149703979492,adaptive_brake,0.32226842641830444,0.007649880044934886,0.10842442512512207,0.29086451736691415,0.02276726860005942,True,True,True,True,True,True
motor_time_constant_plus10,motor_time_constant,1.10,9e43b2b8c92f584794c999a71613fc20d5fce76ea5113329771be78b48a42c0b,cem,2,2,0.496000,27,63400027,seeded_ic_v1,m2_routing_stability_eta0p496_v1,m2route_motor_time_constant_plus10_cem_eta0p496_seed63400027,seeded_ic_v1,qplite,/home/suhas/crazysim_ws/safe-landing-ftc/results/final/model_sensitivity/ofat/m2_routing_stability_eta0p496/trials/m2route_motor_time_constant_plus10_cem_eta0p496_seed63400027.csv,4200,cem_tuned_boundary,balanced_3000_0_3000_12000,3000,0,3000,12000,0.6977643966674805,-0.0037713157944381237,True,True,14.070196866989136,adaptive_brake,0.35022130608558655,0.01576205382428072,8.510381698608398,1.5515706341329694,0.33735832644775626,False,True,True,False,True,False
motor_time_constant_plus10,motor_time_constant,1.10,9e43b2b8c92f584794c999a71613fc20d5fce76ea5113329771be78b48a42c0b,cem,1,2,0.496000,28,63400028,seeded_ic_v1,m2_routing_stability_eta0p496_v1,m2route_motor_time_constant_plus10_cem_eta0p496_seed63400028,seeded_ic_v1,qplite,/home/suhas/crazysim_ws/safe-landing-ftc/results/final/model_sensitivity/ofat/m2_routing_stability_eta0p496/trials/m2route_motor_time_constant_plus10_cem_eta0p496_seed63400028.csv,4194,cem_tuned_boundary,balanced_3000_0_3000_12000,3000,0,3000,12000,0.6966361999511719,-0.003909571096301079,True,True,13.964295864105225,adaptive_brake,0.35873815417289734,0.015537702530110862,8.474032402038574,1.5690223340699783,0.325579214582175,False,True,True,False,True,False
motor_time_constant_plus10,motor_time_constant,1.10,9e43b2b8c92f584794c999a71613fc20d5fce76ea5113329771be78b48a42c0b,pinv,2,2,0.496000,28,63400028,seeded_ic_v1,m2_routing_stability_eta0p496_v1,m2route_motor_time_constant_plus10_pinv_eta0p496_seed63400028,seeded_ic_v1,pinv,/home/suhas/crazysim_ws/safe-landing-ftc/results/final/model_sensitivity/ofat/m2_routing_stability_eta0p496/trials/m2route_motor_time_constant_plus10_pinv_eta0p496_seed63400028.csv,4194,pinv_bounded_wls_w1_1_1_0.2_lambda1e-06,bounded_fault_aware_wls,0,0,0,0,0.6967418193817139,-0.003623411525040865,True,True,15.165405988693237,adaptive_brake,0.31909188628196716,0.0076985101025748995,0.12095832079648972,0.2951413909861307,0.02016349583012303,True,True,True,True,True,True
motor_time_constant_plus10,motor_time_constant,1.10,9e43b2b8c92f584794c999a71613fc20d5fce76ea5113329771be78b48a42c0b,pinv,1,2,0.496000,29,63400029,seeded_ic_v1,m2_routing_stability_eta0p496_v1,m2route_motor_time_constant_plus10_pinv_eta0p496_seed63400029,seeded_ic_v1,pinv,/home/suhas/crazysim_ws/safe-landing-ftc/results/final/model_sensitivity/ofat/m2_routing_stability_eta0p496/trials/m2route_motor_time_constant_plus10_pinv_eta0p496_seed63400029.csv,4194,pinv_bounded_wls_w1_1_1_0.2_lambda1e-06,bounded_fault_aware_wls,0,0,0,0,0.7224026322364807,-0.00381152774207294,True,True,15.184118032455444,adaptive_brake,0.33951449394226074,0.0079238423354251,0.1042705774307251,0.29662383194827135,0.021739358034998074,True,True,True,True,True,True
motor_time_constant_plus10,motor_time_constant,1.10,9e43b2b8c92f584794c999a71613fc20d5fce76ea5113329771be78b48a42c0b,cem,2,2,0.496000,29,63400029,seeded_ic_v1,m2_routing_stability_eta0p496_v1,m2route_motor_time_constant_plus10_cem_eta0p496_seed63400029,seeded_ic_v1,qplite,/home/suhas/crazysim_ws/safe-landing-ftc/results/final/model_sensitivity/ofat/m2_routing_stability_eta0p496/trials/m2route_motor_time_constant_plus10_cem_eta0p496_seed63400029.csv,4194,cem_tuned_boundary,balanced_3000_0_3000_12000,3000,0,3000,12000,0.7223276495933533,-0.004057274665683508,True,True,14.245252132415771,adaptive_brake,0.34991201758384705,0.015513573042723867,8.449851036071777,1.559448940164309,0.3556778775407869,True,True,True,False,True,False
motor_time_constant_plus10,motor_time_constant,1.10,9e43b2b8c92f584794c999a71613fc20d5fce76ea5113329771be78b48a42c0b,cem,1,2,0.496000,30,63400030,seeded_ic_v1,m2_routing_stability_eta0p496_v1,m2route_motor_time_constant_plus10_cem_eta0p496_seed63400030,seeded_ic_v1,qplite,/home/suhas/crazysim_ws/safe-landing-ftc/results/final/model_sensitivity/ofat/m2_routing_stability_eta0p496/trials/m2route_motor_time_constant_plus10_cem_eta0p496_seed63400030.csv,4221,cem_tuned_boundary,balanced_3000_0_3000_12000,3000,0,3000,12000,0.7247371077537537,-0.0038779948372393847,True,True,14.10942816734314,adaptive_brake,0.3631807267665863,0.015492772734763344,8.489291191101074,1.5516008400138583,0.32086687872728387,False,True,True,False,True,False
motor_time_constant_plus10,motor_time_constant,1.10,9e43b2b8c92f584794c999a71613fc20d5fce76ea5113329771be78b48a42c0b,pinv,2,2,0.496000,30,63400030,seeded_ic_v1,m2_routing_stability_eta0p496_v1,m2route_motor_time_constant_plus10_pinv_eta0p496_seed63400030,seeded_ic_v1,pinv,/home/suhas/crazysim_ws/safe-landing-ftc/results/final/model_sensitivity/ofat/m2_routing_stability_eta0p496/trials/m2route_motor_time_constant_plus10_pinv_eta0p496_seed63400030.csv,4221,pinv_bounded_wls_w1_1_1_0.2_lambda1e-06,bounded_fault_aware_wls,0,0,0,0,0.7247718572616577,-0.0039307777769863605,True,True,15.346051454544067,adaptive_brake,0.3350316286087036,0.007309931471359811,0.1085837334394455,0.30047003892443286,0.0237325958057023,True,True,True,True,True,True
thrust_to_torque_ratio_minus10,thrust_to_torque_ratio,0.90,1f975f34ca73ad719392ba5304996066a0a78f66d7fbce821548741a61567699,pinv,1,2,0.496000,1,63400001,seeded_ic_v1,m2_routing_stability_eta0p496_v1,m2route_thrust_to_torque_ratio_minus10_pinv_eta0p496_seed63400001,seeded_ic_v1,pinv,/home/suhas/crazysim_ws/safe-landing-ftc/results/final/model_sensitivity/ofat/m2_routing_stability_eta0p496/trials/m2route_thrust_to_torque_ratio_minus10_pinv_eta0p496_seed63400001.csv,4179,pinv_bounded_wls_w1_1_1_0.2_lambda1e-06,bounded_fault_aware_wls,0,0,0,0,0.7139467597007751,-0.004198108799755573,True,True,15.105867862701416,adaptive_brake,0.3316555321216583,0.00785471321473152,0.10074231773614883,0.2908178394998867,0.022137880125361328,True,True,True,True,True,True
thrust_to_torque_ratio_minus10,thrust_to_torque_ratio,0.90,1f975f34ca73ad719392ba5304996066a0a78f66d7fbce821548741a61567699,cem,2,2,0.496000,1,63400001,seeded_ic_v1,m2_routing_stability_eta0p496_v1,m2route_thrust_to_torque_ratio_minus10_cem_eta0p496_seed63400001,seeded_ic_v1,qplite,/home/suhas/crazysim_ws/safe-landing-ftc/results/final/model_sensitivity/ofat/m2_routing_stability_eta0p496/trials/m2route_thrust_to_torque_ratio_minus10_cem_eta0p496_seed63400001.csv,4179,cem_tuned_boundary,balanced_3000_0_3000_12000,3000,0,3000,12000,0.7139548063278198,-0.004088270477950573,True,True,13.94433331489563,adaptive_brake,0.3560298681259155,0.014336637328087586,8.473310470581055,1.5597472941034947,0.3273442661799503,False,True,True,False,True,False
thrust_to_torque_ratio_minus10,thrust_to_torque_ratio,0.90,1f975f34ca73ad719392ba5304996066a0a78f66d7fbce821548741a61567699,cem,1,2,0.496000,2,63400002,seeded_ic_v1,m2_routing_stability_eta0p496_v1,m2route_thrust_to_torque_ratio_minus10_cem_eta0p496_seed63400002,seeded_ic_v1,qplite,/home/suhas/crazysim_ws/safe-landing-ftc/results/final/model_sensitivity/ofat/m2_routing_stability_eta0p496/trials/m2route_thrust_to_torque_ratio_minus10_cem_eta0p496_seed63400002.csv,4203,cem_tuned_boundary,balanced_3000_0_3000_12000,3000,0,3000,12000,0.7104852199554443,-0.0037423092871904373,True,True,13.94377589225769,adaptive_brake,0.3607156574726105,0.01646185927642761,8.450897216796875,1.5651973291772627,0.3228661486370345,False,True,True,False,True,False
thrust_to_torque_ratio_minus10,thrust_to_torque_ratio,0.90,1f975f34ca73ad719392ba5304996066a0a78f66d7fbce821548741a61567699,pinv,2,2,0.496000,2,63400002,seeded_ic_v1,m2_routing_stability_eta0p496_v1,m2route_thrust_to_torque_ratio_minus10_pinv_eta0p496_seed63400002,seeded_ic_v1,pinv,/home/suhas/crazysim_ws/safe-landing-ftc/results/final/model_sensitivity/ofat/m2_routing_stability_eta0p496/trials/m2route_thrust_to_torque_ratio_minus10_pinv_eta0p496_seed63400002.csv,4200,pinv_bounded_wls_w1_1_1_0.2_lambda1e-06,bounded_fault_aware_wls,0,0,0,0,0.7104843258857727,-0.0036976675037294626,True,True,15.29178500175476,adaptive_brake,0.32962602376937866,0.007808960836854786,0.1087971180677414,0.2823461213131371,0.021964807924846553,True,True,True,True,True,True
thrust_to_torque_ratio_minus10,thrust_to_torque_ratio,0.90,1f975f34ca73ad719392ba5304996066a0a78f66d7fbce821548741a61567699,pinv,1,2,0.496000,3,63400003,seeded_ic_v1,m2_routing_stability_eta0p496_v1,m2route_thrust_to_torque_ratio_minus10_pinv_eta0p496_seed63400003,seeded_ic_v1,pinv,/home/suhas/crazysim_ws/safe-landing-ftc/results/final/model_sensitivity/ofat/m2_routing_stability_eta0p496/trials/m2route_thrust_to_torque_ratio_minus10_pinv_eta0p496_seed63400003.csv,4191,pinv_bounded_wls_w1_1_1_0.2_lambda1e-06,bounded_fault_aware_wls,0,0,0,0,0.733240008354187,-0.0038966697175055742,True,True,15.264358043670654,adaptive_brake,0.3364255130290985,0.007753393391892585,0.10471409559249878,0.2887000613908453,0.018804798277399837,True,True,True,True,True,True
thrust_to_torque_ratio_minus10,thrust_to_torque_ratio,0.90,1f975f34ca73ad719392ba5304996066a0a78f66d7fbce821548741a61567699,cem,2,2,0.496000,3,63400003,seeded_ic_v1,m2_routing_stability_eta0p496_v1,m2route_thrust_to_torque_ratio_minus10_cem_eta0p496_seed63400003,seeded_ic_v1,qplite,/home/suhas/crazysim_ws/safe-landing-ftc/results/final/model_sensitivity/ofat/m2_routing_stability_eta0p496/trials/m2route_thrust_to_torque_ratio_minus10_cem_eta0p496_seed63400003.csv,4191,cem_tuned_boundary,balanced_3000_0_3000_12000,3000,0,3000,12000,0.733227550983429,-0.0038500167429447174,True,True,13.78313946723938,adaptive_brake,0.38320112228393555,0.01658153879011927,8.492815971374512,1.5321450462083566,0.30781263859223656,False,True,True,False,True,False
thrust_to_torque_ratio_minus10,thrust_to_torque_ratio,0.90,1f975f34ca73ad719392ba5304996066a0a78f66d7fbce821548741a61567699,cem,1,2,0.496000,4,63400004,seeded_ic_v1,m2_routing_stability_eta0p496_v1,m2route_thrust_to_torque_ratio_minus10_cem_eta0p496_seed63400004,seeded_ic_v1,qplite,/home/suhas/crazysim_ws/safe-landing-ftc/results/final/model_sensitivity/ofat/m2_routing_stability_eta0p496/trials/m2route_thrust_to_torque_ratio_minus10_cem_eta0p496_seed63400004.csv,4227,cem_tuned_boundary,balanced_3000_0_3000_12000,3000,0,3000,12000,0.7277984619140625,-0.00385462399572134,True,True,14.164382934570312,adaptive_brake,0.37465700507164,0.01540840866482469,8.411201477050781,1.5375358265992005,0.31961802441117976,False,True,True,False,True,False
thrust_to_torque_ratio_minus10,thrust_to_torque_ratio,0.90,1f975f34ca73ad719392ba5304996066a0a78f66d7fbce821548741a61567699,pinv,2,2,0.496000,4,63400004,seeded_ic_v1,m2_routing_stability_eta0p496_v1,m2route_thrust_to_torque_ratio_minus10_pinv_eta0p496_seed63400004,seeded_ic_v1,pinv,/home/suhas/crazysim_ws/safe-landing-ftc/results/final/model_sensitivity/ofat/m2_routing_stability_eta0p496/trials/m2route_thrust_to_torque_ratio_minus10_pinv_eta0p496_seed63400004.csv,4227,pinv_bounded_wls_w1_1_1_0.2_lambda1e-06,bounded_fault_aware_wls,0,0,0,0,0.7279075384140015,-0.0037658819928765297,True,True,15.485771179199219,adaptive_brake,0.33344149589538574,0.0070669281546176235,0.117868572473526,0.28935453618484747,0.022536504434662652,True,True,True,True,True,True
thrust_to_torque_ratio_minus10,thrust_to_torque_ratio,0.90,1f975f34ca73ad719392ba5304996066a0a78f66d7fbce821548741a61567699,pinv,1,2,0.496000,5,63400005,seeded_ic_v1,m2_routing_stability_eta0p496_v1,m2route_thrust_to_torque_ratio_minus10_pinv_eta0p496_seed63400005,seeded_ic_v1,pinv,/home/suhas/crazysim_ws/safe-landing-ftc/results/final/model_sensitivity/ofat/m2_routing_stability_eta0p496/trials/m2route_thrust_to_torque_ratio_minus10_pinv_eta0p496_seed63400005.csv,4224,pinv_bounded_wls_w1_1_1_0.2_lambda1e-06,bounded_fault_aware_wls,0,0,0,0,0.7324886918067932,-0.00380888138897717,True,True,15.469785213470459,adaptive_brake,0.33995869755744934,0.007343147071007123,0.10866010189056396,0.28988584848088994,0.021888235028646494,True,True,True,True,True,True
thrust_to_torque_ratio_minus10,thrust_to_torque_ratio,0.90,1f975f34ca73ad719392ba5304996066a0a78f66d7fbce821548741a61567699,cem,2,2,0.496000,5,63400005,seeded_ic_v1,m2_routing_stability_eta0p496_v1,m2route_thrust_to_torque_ratio_minus10_cem_eta0p496_seed63400005,seeded_ic_v1,qplite,/home/suhas/crazysim_ws/safe-landing-ftc/results/final/model_sensitivity/ofat/m2_routing_stability_eta0p496/trials/m2route_thrust_to_torque_ratio_minus10_cem_eta0p496_seed63400005.csv,4224,cem_tuned_boundary,balanced_3000_0_3000_12000,3000,0,3000,12000,0.7325580716133118,-0.004064610227942467,True,True,14.123739004135132,adaptive_brake,0.369811087846756,0.01621060571656459,8.446904182434082,1.5170017501562043,0.32508627235782855,False,True,True,False,True,False
thrust_to_torque_ratio_minus10,thrust_to_torque_ratio,0.90,1f975f34ca73ad719392ba5304996066a0a78f66d7fbce821548741a61567699,cem,1,2,0.496000,6,63400006,seeded_ic_v1,m2_routing_stability_eta0p496_v1,m2route_thrust_to_torque_ratio_minus10_cem_eta0p496_seed63400006,seeded_ic_v1,qplite,/home/suhas/crazysim_ws/safe-landing-ftc/results/final/model_sensitivity/ofat/m2_routing_stability_eta0p496/trials/m2route_thrust_to_torque_ratio_minus10_cem_eta0p496_seed63400006.csv,4215,cem_tuned_boundary,balanced_3000_0_3000_12000,3000,0,3000,12000,0.7301887273788452,-0.00394016457721591,True,True,14.063181161880493,adaptive_brake,0.3746547996997833,0.014338828513000057,8.421841621398926,1.5577444860430796,0.30740611376248245,False,True,True,False,True,False
thrust_to_torque_ratio_minus10,thrust_to_torque_ratio,0.90,1f975f34ca73ad719392ba5304996066a0a78f66d7fbce821548741a61567699,pinv,2,2,0.496000,6,63400006,seeded_ic_v1,m2_routing_stability_eta0p496_v1,m2route_thrust_to_torque_ratio_minus10_pinv_eta0p496_seed63400006,seeded_ic_v1,pinv,/home/suhas/crazysim_ws/safe-landing-ftc/results/final/model_sensitivity/ofat/m2_routing_stability_eta0p496/trials/m2route_thrust_to_torque_ratio_minus10_pinv_eta0p496_seed63400006.csv,4215,pinv_bounded_wls_w1_1_1_0.2_lambda1e-06,bounded_fault_aware_wls,0,0,0,0,0.7301201224327087,-0.0036721141077578068,True,True,15.449393033981323,adaptive_brake,0.3303389847278595,0.007449942417135226,0.1173781305551529,0.28658182213723604,0.020669386856438588,True,True,True,True,True,True
thrust_to_torque_ratio_minus10,thrust_to_torque_ratio,0.90,1f975f34ca73ad719392ba5304996066a0a78f66d7fbce821548741a61567699,pinv,1,2,0.496000,7,63400007,seeded_ic_v1,m2_routing_stability_eta0p496_v1,m2route_thrust_to_torque_ratio_minus10_pinv_eta0p496_seed63400007,seeded_ic_v1,pinv,/home/suhas/crazysim_ws/safe-landing-ftc/results/final/model_sensitivity/ofat/m2_routing_stability_eta0p496/trials/m2route_thrust_to_torque_ratio_minus10_pinv_eta0p496_seed63400007.csv,4230,pinv_bounded_wls_w1_1_1_0.2_lambda1e-06,bounded_fault_aware_wls,0,0,0,0,0.7165584564208984,-0.0039693196304142475,True,True,15.443271398544312,adaptive_brake,0.33623775839805603,0.00773317700892529,0.10654177516698837,0.291668932560687,0.021744436458405545,True,True,True,True,True,True
thrust_to_torque_ratio_minus10,thrust_to_torque_ratio,0.90,1f975f34ca73ad719392ba5304996066a0a78f66d7fbce821548741a61567699,cem,2,2,0.496000,7,63400007,seeded_ic_v1,m2_routing_stability_eta0p496_v1,m2route_thrust_to_torque_ratio_minus10_cem_eta0p496_seed63400007,seeded_ic_v1,qplite,/home/suhas/crazysim_ws/safe-landing-ftc/results/final/model_sensitivity/ofat/m2_routing_stability_eta0p496/trials/m2route_thrust_to_torque_ratio_minus10_cem_eta0p496_seed63400007.csv,4230,cem_tuned_boundary,balanced_3000_0_3000_12000,3000,0,3000,12000,0.7166643142700195,-0.00361917307600379,True,True,14.124584436416626,adaptive_brake,0.363089382648468,0.016967187397180943,8.462061882019043,1.5416093107338595,0.32628721388399395,False,True,True,False,True,False
thrust_to_torque_ratio_minus10,thrust_to_torque_ratio,0.90,1f975f34ca73ad719392ba5304996066a0a78f66d7fbce821548741a61567699,cem,1,2,0.496000,8,63400008,seeded_ic_v1,m2_routing_stability_eta0p496_v1,m2route_thrust_to_torque_ratio_minus10_cem_eta0p496_seed63400008,seeded_ic_v1,qplite,/home/suhas/crazysim_ws/safe-landing-ftc/results/final/model_sensitivity/ofat/m2_routing_stability_eta0p496/trials/m2route_thrust_to_torque_ratio_minus10_cem_eta0p496_seed63400008.csv,4206,cem_tuned_boundary,balanced_3000_0_3000_12000,3000,0,3000,12000,0.7208330631256104,-0.0037209470756351948,True,True,14.045645713806152,adaptive_brake,0.35887473821640015,0.015234953644861373,8.460430145263672,1.5462538181545944,0.32436438196381284,False,True,True,False,True,False
thrust_to_torque_ratio_minus10,thrust_to_torque_ratio,0.90,1f975f34ca73ad719392ba5304996066a0a78f66d7fbce821548741a61567699,pinv,2,2,0.496000,8,63400008,seeded_ic_v1,m2_routing_stability_eta0p496_v1,m2route_thrust_to_torque_ratio_minus10_pinv_eta0p496_seed63400008,seeded_ic_v1,pinv,/home/suhas/crazysim_ws/safe-landing-ftc/results/final/model_sensitivity/ofat/m2_routing_stability_eta0p496/trials/m2route_thrust_to_torque_ratio_minus10_pinv_eta0p496_seed63400008.csv,4206,pinv_bounded_wls_w1_1_1_0.2_lambda1e-06,bounded_fault_aware_wls,0,0,0,0,0.7207401990890503,-0.0035585651639848948,True,True,15.406750917434692,adaptive_brake,0.3283202350139618,0.007978276658500316,0.10331936925649643,0.28743282599854786,0.019810233881443255,True,True,True,True,True,True
thrust_to_torque_ratio_minus10,thrust_to_torque_ratio,0.90,1f975f34ca73ad719392ba5304996066a0a78f66d7fbce821548741a61567699,pinv,1,2,0.496000,9,63400009,seeded_ic_v1,m2_routing_stability_eta0p496_v1,m2route_thrust_to_torque_ratio_minus10_pinv_eta0p496_seed63400009,seeded_ic_v1,pinv,/home/suhas/crazysim_ws/safe-landing-ftc/results/final/model_sensitivity/ofat/m2_routing_stability_eta0p496/trials/m2route_thrust_to_torque_ratio_minus10_pinv_eta0p496_seed63400009.csv,4161,pinv_bounded_wls_w1_1_1_0.2_lambda1e-06,bounded_fault_aware_wls,0,0,0,0,0.7282804846763611,-0.004245827440172434,True,True,15.10706615447998,adaptive_brake,0.33059000968933105,0.008214757722948472,0.10323651134967804,0.2898396248707907,0.016776056799691085,True,True,True,True,True,True
thrust_to_torque_ratio_minus10,thrust_to_torque_ratio,0.90,1f975f34ca73ad719392ba5304996066a0a78f66d7fbce821548741a61567699,cem,2,2,0.496000,9,63400009,seeded_ic_v1,m2_routing_stability_eta0p496_v1,m2route_thrust_to_torque_ratio_minus10_cem_eta0p496_seed63400009,seeded_ic_v1,qplite,/home/suhas/crazysim_ws/safe-landing-ftc/results/final/model_sensitivity/ofat/m2_routing_stability_eta0p496/trials/m2route_thrust_to_torque_ratio_minus10_cem_eta0p496_seed63400009.csv,4161,cem_tuned_boundary,balanced_3000_0_3000_12000,3000,0,3000,12000,0.7282074093818665,-0.004179488401859999,True,True,13.62669563293457,adaptive_brake,0.37549301981925964,0.01651470042661013,8.462800025939941,1.5294008960220424,0.3129893886133898,False,True,True,False,True,False
thrust_to_torque_ratio_minus10,thrust_to_torque_ratio,0.90,1f975f34ca73ad719392ba5304996066a0a78f66d7fbce821548741a61567699,cem,1,2,0.496000,10,63400010,seeded_ic_v1,m2_routing_stability_eta0p496_v1,m2route_thrust_to_torque_ratio_minus10_cem_eta0p496_seed63400010,seeded_ic_v1,qplite,/home/suhas/crazysim_ws/safe-landing-ftc/results/final/model_sensitivity/ofat/m2_routing_stability_eta0p496/trials/m2route_thrust_to_torque_ratio_minus10_cem_eta0p496_seed63400010.csv,4179,cem_tuned_boundary,balanced_3000_0_3000_12000,3000,0,3000,12000,0.7290828824043274,-0.004048542119562626,True,True,13.94705605506897,adaptive_brake,0.3675509989261627,0.015037091820283875,8.41874885559082,1.5634773685186394,0.32899077529413534,False,True,True,False,True,False
thrust_to_torque_ratio_minus10,thrust_to_torque_ratio,0.90,1f975f34ca73ad719392ba5304996066a0a78f66d7fbce821548741a61567699,pinv,2,2,0.496000,10,63400010,seeded_ic_v1,m2_routing_stability_eta0p496_v1,m2route_thrust_to_torque_ratio_minus10_pinv_eta0p496_seed63400010,seeded_ic_v1,pinv,/home/suhas/crazysim_ws/safe-landing-ftc/results/final/model_sensitivity/ofat/m2_routing_stability_eta0p496/trials/m2route_thrust_to_torque_ratio_minus10_pinv_eta0p496_seed63400010.csv,4179,pinv_bounded_wls_w1_1_1_0.2_lambda1e-06,bounded_fault_aware_wls,0,0,0,0,0.729096531867981,-0.004135148134082556,True,True,15.165303468704224,adaptive_brake,0.3398563861846924,0.007943738091893906,0.09841068089008331,0.29191734321941115,0.02093020875079649,True,True,True,True,True,True
thrust_to_torque_ratio_minus10,thrust_to_torque_ratio,0.90,1f975f34ca73ad719392ba5304996066a0a78f66d7fbce821548741a61567699,pinv,1,2,0.496000,11,63400011,seeded_ic_v1,m2_routing_stability_eta0p496_v1,m2route_thrust_to_torque_ratio_minus10_pinv_eta0p496_seed63400011,seeded_ic_v1,pinv,/home/suhas/crazysim_ws/safe-landing-ftc/results/final/model_sensitivity/ofat/m2_routing_stability_eta0p496/trials/m2route_thrust_to_torque_ratio_minus10_pinv_eta0p496_seed63400011.csv,4224,pinv_bounded_wls_w1_1_1_0.2_lambda1e-06,bounded_fault_aware_wls,0,0,0,0,0.7029924988746643,-0.0035980092361569405,True,True,15.424785375595093,adaptive_brake,0.32778599858283997,0.00804883879914833,0.09858827292919159,0.28851966201596546,0.018898120292322847,True,True,True,True,True,True
thrust_to_torque_ratio_minus10,thrust_to_torque_ratio,0.90,1f975f34ca73ad719392ba5304996066a0a78f66d7fbce821548741a61567699,cem,2,2,0.496000,11,63400011,seeded_ic_v1,m2_routing_stability_eta0p496_v1,m2route_thrust_to_torque_ratio_minus10_cem_eta0p496_seed63400011,seeded_ic_v1,qplite,/home/suhas/crazysim_ws/safe-landing-ftc/results/final/model_sensitivity/ofat/m2_routing_stability_eta0p496/trials/m2route_thrust_to_torque_ratio_minus10_cem_eta0p496_seed63400011.csv,4224,cem_tuned_boundary,balanced_3000_0_3000_12000,3000,0,3000,12000,0.7029509544372559,-0.003580378834158182,True,True,14.124738931655884,adaptive_brake,0.3593710660934448,0.015725787593841377,8.471844673156738,1.5384240155187923,0.32168893230224094,False,True,True,False,True,False
thrust_to_torque_ratio_minus10,thrust_to_torque_ratio,0.90,1f975f34ca73ad719392ba5304996066a0a78f66d7fbce821548741a61567699,cem,1,2,0.496000,12,63400012,seeded_ic_v1,m2_routing_stability_eta0p496_v1,m2route_thrust_to_torque_ratio_minus10_cem_eta0p496_seed63400012,seeded_ic_v1,qplite,/home/suhas/crazysim_ws/safe-landing-ftc/results/final/model_sensitivity/ofat/m2_routing_stability_eta0p496/trials/m2route_thrust_to_torque_ratio_minus10_cem_eta0p496_seed63400012.csv,4191,cem_tuned_boundary,balanced_3000_0_3000_12000,3000,0,3000,12000,0.7209043502807617,-0.00404692767187953,True,True,13.883915901184082,adaptive_brake,0.3703295886516571,0.015588820836065503,8.481905937194824,1.5769065052650935,0.31684215409458594,False,True,True,False,True,False
thrust_to_torque_ratio_minus10,thrust_to_torque_ratio,0.90,1f975f34ca73ad719392ba5304996066a0a78f66d7fbce821548741a61567699,pinv,2,2,0.496000,12,63400012,seeded_ic_v1,m2_routing_stability_eta0p496_v1,m2route_thrust_to_torque_ratio_minus10_pinv_eta0p496_seed63400012,seeded_ic_v1,pinv,/home/suhas/crazysim_ws/safe-landing-ftc/results/final/model_sensitivity/ofat/m2_routing_stability_eta0p496/trials/m2route_thrust_to_torque_ratio_minus10_pinv_eta0p496_seed63400012.csv,4191,pinv_bounded_wls_w1_1_1_0.2_lambda1e-06,bounded_fault_aware_wls,0,0,0,0,0.7209910154342651,-0.0039027882739901543,True,True,15.203985214233398,adaptive_brake,0.33889055252075195,0.007560685326696509,0.10951098054647446,0.2964897177875709,0.02348862614230246,True,True,True,True,True,True
thrust_to_torque_ratio_minus10,thrust_to_torque_ratio,0.90,1f975f34ca73ad719392ba5304996066a0a78f66d7fbce821548741a61567699,pinv,1,2,0.496000,13,63400013,seeded_ic_v1,m2_routing_stability_eta0p496_v1,m2route_thrust_to_torque_ratio_minus10_pinv_eta0p496_seed63400013,seeded_ic_v1,pinv,/home/suhas/crazysim_ws/safe-landing-ftc/results/final/model_sensitivity/ofat/m2_routing_stability_eta0p496/trials/m2route_thrust_to_torque_ratio_minus10_pinv_eta0p496_seed63400013.csv,4194,pinv_bounded_wls_w1_1_1_0.2_lambda1e-06,bounded_fault_aware_wls,0,0,0,0,0.7150828242301941,-0.0037798432167619467,True,True,15.246339797973633,adaptive_brake,0.32480737566947937,0.0075817935421420065,0.10616644471883774,0.28657770476372074,0.020639697812835846,True,True,True,True,True,True
thrust_to_torque_ratio_minus10,thrust_to_torque_ratio,0.90,1f975f34ca73ad719392ba5304996066a0a78f66d7fbce821548741a61567699,cem,2,2,0.496000,13,63400013,seeded_ic_v1,m2_routing_stability_eta0p496_v1,m2route_thrust_to_torque_ratio_minus10_cem_eta0p496_seed63400013,seeded_ic_v1,qplite,/home/suhas/crazysim_ws/safe-landing-ftc/results/final/model_sensitivity/ofat/m2_routing_stability_eta0p496/trials/m2route_thrust_to_torque_ratio_minus10_cem_eta0p496_seed63400013.csv,4194,cem_tuned_boundary,balanced_3000_0_3000_12000,3000,0,3000,12000,0.7150665521621704,-0.0037437325809150934,True,True,13.904691934585571,adaptive_brake,0.35905298590660095,0.015174913383624082,8.478351593017578,1.5403968767188498,0.3145840363831325,False,True,True,False,True,False
thrust_to_torque_ratio_minus10,thrust_to_torque_ratio,0.90,1f975f34ca73ad719392ba5304996066a0a78f66d7fbce821548741a61567699,cem,1,2,0.496000,14,63400014,seeded_ic_v1,m2_routing_stability_eta0p496_v1,m2route_thrust_to_torque_ratio_minus10_cem_eta0p496_seed63400014,seeded_ic_v1,qplite,/home/suhas/crazysim_ws/safe-landing-ftc/results/final/model_sensitivity/ofat/m2_routing_stability_eta0p496/trials/m2route_thrust_to_torque_ratio_minus10_cem_eta0p496_seed63400014.csv,4185,cem_tuned_boundary,balanced_3000_0_3000_12000,3000,0,3000,12000,0.6939949989318848,-0.0036637696903198957,True,True,13.725580215454102,adaptive_brake,0.3613909184932709,0.016349379634955707,8.416094779968262,1.5190998320891878,0.30857869867965954,False,True,True,False,True,False
thrust_to_torque_ratio_minus10,thrust_to_torque_ratio,0.90,1f975f34ca73ad719392ba5304996066a0a78f66d7fbce821548741a61567699,pinv,2,2,0.496000,14,63400014,seeded_ic_v1,m2_routing_stability_eta0p496_v1,m2route_thrust_to_torque_ratio_minus10_pinv_eta0p496_seed63400014,seeded_ic_v1,pinv,/home/suhas/crazysim_ws/safe-landing-ftc/results/final/model_sensitivity/ofat/m2_routing_stability_eta0p496/trials/m2route_thrust_to_torque_ratio_minus10_pinv_eta0p496_seed63400014.csv,4182,pinv_bounded_wls_w1_1_1_0.2_lambda1e-06,bounded_fault_aware_wls,0,0,0,0,0.6940348744392395,-0.0037461635656654835,True,True,15.124425888061523,adaptive_brake,0.32651200890541077,0.00819721308160019,0.09705324470996857,0.290682552717342,0.019661226836451516,True,True,True,True,True,True
thrust_to_torque_ratio_minus10,thrust_to_torque_ratio,0.90,1f975f34ca73ad719392ba5304996066a0a78f66d7fbce821548741a61567699,pinv,1,2,0.496000,15,63400015,seeded_ic_v1,m2_routing_stability_eta0p496_v1,m2route_thrust_to_torque_ratio_minus10_pinv_eta0p496_seed63400015,seeded_ic_v1,pinv,/home/suhas/crazysim_ws/safe-landing-ftc/results/final/model_sensitivity/ofat/m2_routing_stability_eta0p496/trials/m2route_thrust_to_torque_ratio_minus10_pinv_eta0p496_seed63400015.csv,4200,pinv_bounded_wls_w1_1_1_0.2_lambda1e-06,bounded_fault_aware_wls,0,0,0,0,0.7086551189422607,-0.0037807319313287735,True,True,15.225542306900024,adaptive_brake,0.3333005905151367,0.008098046739661635,0.09398362040519714,0.28873588623970015,0.021856886433292345,True,True,True,True,True,True
thrust_to_torque_ratio_minus10,thrust_to_torque_ratio,0.90,1f975f34ca73ad719392ba5304996066a0a78f66d7fbce821548741a61567699,cem,2,2,0.496000,15,63400015,seeded_ic_v1,m2_routing_stability_eta0p496_v1,m2route_thrust_to_torque_ratio_minus10_cem_eta0p496_seed63400015,seeded_ic_v1,qplite,/home/suhas/crazysim_ws/safe-landing-ftc/results/final/model_sensitivity/ofat/m2_routing_stability_eta0p496/trials/m2route_thrust_to_torque_ratio_minus10_cem_eta0p496_seed63400015.csv,4197,cem_tuned_boundary,balanced_3000_0_3000_12000,3000,0,3000,12000,0.7088738083839417,-0.003962674178183079,True,True,13.969573497772217,adaptive_brake,0.3607742190361023,0.015097780344063495,8.470789909362793,1.5583064037263221,0.31889255380757303,False,True,True,False,True,False
thrust_to_torque_ratio_minus10,thrust_to_torque_ratio,0.90,1f975f34ca73ad719392ba5304996066a0a78f66d7fbce821548741a61567699,cem,1,2,0.496000,16,63400016,seeded_ic_v1,m2_routing_stability_eta0p496_v1,m2route_thrust_to_torque_ratio_minus10_cem_eta0p496_seed63400016,seeded_ic_v1,qplite,/home/suhas/crazysim_ws/safe-landing-ftc/results/final/model_sensitivity/ofat/m2_routing_stability_eta0p496/trials/m2route_thrust_to_torque_ratio_minus10_cem_eta0p496_seed63400016.csv,4191,cem_tuned_boundary,balanced_3000_0_3000_12000,3000,0,3000,12000,0.7314716577529907,-0.003912064246833324,True,True,13.902910947799683,adaptive_brake,0.37365975975990295,0.015190390508771813,8.474504470825195,1.5549592418154081,0.3153520538512027,False,True,True,False,True,False
thrust_to_torque_ratio_minus10,thrust_to_torque_ratio,0.90,1f975f34ca73ad719392ba5304996066a0a78f66d7fbce821548741a61567699,pinv,2,2,0.496000,16,63400016,seeded_ic_v1,m2_routing_stability_eta0p496_v1,m2route_thrust_to_torque_ratio_minus10_pinv_eta0p496_seed63400016,seeded_ic_v1,pinv,/home/suhas/crazysim_ws/safe-landing-ftc/results/final/model_sensitivity/ofat/m2_routing_stability_eta0p496/trials/m2route_thrust_to_torque_ratio_minus10_pinv_eta0p496_seed63400016.csv,4191,pinv_bounded_wls_w1_1_1_0.2_lambda1e-06,bounded_fault_aware_wls,0,0,0,0,0.7314004302024841,-0.004092109389603138,True,True,15.305203199386597,adaptive_brake,0.33414140343666077,0.007659048766127455,0.10624231398105621,0.28273591352921673,0.019229188143748584,True,True,True,True,True,True
thrust_to_torque_ratio_minus10,thrust_to_torque_ratio,0.90,1f975f34ca73ad719392ba5304996066a0a78f66d7fbce821548741a61567699,pinv,1,2,0.496000,17,63400017,seeded_ic_v1,m2_routing_stability_eta0p496_v1,m2route_thrust_to_torque_ratio_minus10_pinv_eta0p496_seed63400017,seeded_ic_v1,pinv,/home/suhas/crazysim_ws/safe-landing-ftc/results/final/model_sensitivity/ofat/m2_routing_stability_eta0p496/trials/m2route_thrust_to_torque_ratio_minus10_pinv_eta0p496_seed63400017.csv,4203,pinv_bounded_wls_w1_1_1_0.2_lambda1e-06,bounded_fault_aware_wls,0,0,0,0,0.7157526016235352,-0.0036907228641211987,True,True,15.36587119102478,adaptive_brake,0.3308713138103485,0.00795735905083597,0.09377478808164597,0.2888066254256481,0.018904699483404626,True,True,True,True,True,True
thrust_to_torque_ratio_minus10,thrust_to_torque_ratio,0.90,1f975f34ca73ad719392ba5304996066a0a78f66d7fbce821548741a61567699,cem,2,2,0.496000,17,63400017,seeded_ic_v1,m2_routing_stability_eta0p496_v1,m2route_thrust_to_torque_ratio_minus10_cem_eta0p496_seed63400017,seeded_ic_v1,qplite,/home/suhas/crazysim_ws/safe-landing-ftc/results/final/model_sensitivity/ofat/m2_routing_stability_eta0p496/trials/m2route_thrust_to_torque_ratio_minus10_cem_eta0p496_seed63400017.csv,4206,cem_tuned_boundary,balanced_3000_0_3000_12000,3000,0,3000,12000,0.7157807350158691,-0.00406497111544013,True,True,14.026814222335815,adaptive_brake,0.3596433997154236,0.014856814923154377,8.477873802185059,1.5381890372909448,0.31876292606343776,False,True,True,False,True,False
thrust_to_torque_ratio_minus10,thrust_to_torque_ratio,0.90,1f975f34ca73ad719392ba5304996066a0a78f66d7fbce821548741a61567699,cem,1,2,0.496000,18,63400018,seeded_ic_v1,m2_routing_stability_eta0p496_v1,m2route_thrust_to_torque_ratio_minus10_cem_eta0p496_seed63400018,seeded_ic_v1,qplite,/home/suhas/crazysim_ws/safe-landing-ftc/results/final/model_sensitivity/ofat/m2_routing_stability_eta0p496/trials/m2route_thrust_to_torque_ratio_minus10_cem_eta0p496_seed63400018.csv,4212,cem_tuned_boundary,balanced_3000_0_3000_12000,3000,0,3000,12000,0.7153784036636353,-0.0036695508752018213,True,True,14.12898874282837,adaptive_brake,0.35429903864860535,0.014600211798270053,8.482877731323242,1.5815648336954355,0.324864128722315,False,True,True,False,True,False
thrust_to_torque_ratio_minus10,thrust_to_torque_ratio,0.90,1f975f34ca73ad719392ba5304996066a0a78f66d7fbce821548741a61567699,pinv,2,2,0.496000,18,63400018,seeded_ic_v1,m2_routing_stability_eta0p496_v1,m2route_thrust_to_torque_ratio_minus10_pinv_eta0p496_seed63400018,seeded_ic_v1,pinv,/home/suhas/crazysim_ws/safe-landing-ftc/results/final/model_sensitivity/ofat/m2_routing_stability_eta0p496/trials/m2route_thrust_to_torque_ratio_minus10_pinv_eta0p496_seed63400018.csv,4212,pinv_bounded_wls_w1_1_1_0.2_lambda1e-06,bounded_fault_aware_wls,0,0,0,0,0.7154713273048401,-0.003885601181536913,True,True,15.327363014221191,adaptive_brake,0.33577316999435425,0.007697273835685435,0.10767330229282379,0.2940284227259342,0.022524558359157006,True,True,True,True,True,True
thrust_to_torque_ratio_minus10,thrust_to_torque_ratio,0.90,1f975f34ca73ad719392ba5304996066a0a78f66d7fbce821548741a61567699,pinv,1,2,0.496000,19,63400019,seeded_ic_v1,m2_routing_stability_eta0p496_v1,m2route_thrust_to_torque_ratio_minus10_pinv_eta0p496_seed63400019,seeded_ic_v1,pinv,/home/suhas/crazysim_ws/safe-landing-ftc/results/final/model_sensitivity/ofat/m2_routing_stability_eta0p496/trials/m2route_thrust_to_torque_ratio_minus10_pinv_eta0p496_seed63400019.csv,4179,pinv_bounded_wls_w1_1_1_0.2_lambda1e-06,bounded_fault_aware_wls,0,0,0,0,0.7154874205589294,-0.003776075318455696,True,True,15.063663244247437,adaptive_brake,0.3395440876483917,0.008107803094155947,0.09707722067832947,0.29512652390240657,0.020618672703286694,True,True,True,True,True,True
thrust_to_torque_ratio_minus10,thrust_to_torque_ratio,0.90,1f975f34ca73ad719392ba5304996066a0a78f66d7fbce821548741a61567699,cem,2,2,0.496000,19,63400019,seeded_ic_v1,m2_routing_stability_eta0p496_v1,m2route_thrust_to_torque_ratio_minus10_cem_eta0p496_seed63400019,seeded_ic_v1,qplite,/home/suhas/crazysim_ws/safe-landing-ftc/results/final/model_sensitivity/ofat/m2_routing_stability_eta0p496/trials/m2route_thrust_to_torque_ratio_minus10_cem_eta0p496_seed63400019.csv,4176,cem_tuned_boundary,balanced_3000_0_3000_12000,3000,0,3000,12000,0.7156277894973755,-0.004012770019471645,True,True,13.248946905136108,adaptive_brake,0.38009488582611084,0.020292330648635257,8.676234245300293,1.5178976298808773,0.26805535122468743,False,True,True,False,True,False
thrust_to_torque_ratio_minus10,thrust_to_torque_ratio,0.90,1f975f34ca73ad719392ba5304996066a0a78f66d7fbce821548741a61567699,cem,1,2,0.496000,20,63400020,seeded_ic_v1,m2_routing_stability_eta0p496_v1,m2route_thrust_to_torque_ratio_minus10_cem_eta0p496_seed63400020,seeded_ic_v1,qplite,/home/suhas/crazysim_ws/safe-landing-ftc/results/final/model_sensitivity/ofat/m2_routing_stability_eta0p496/trials/m2route_thrust_to_torque_ratio_minus10_cem_eta0p496_seed63400020.csv,4183,cem_tuned_boundary,balanced_3000_0_3000_12000,3000,0,3000,12000,0.7037146687507629,-0.003683108137920499,True,True,13.723168134689331,adaptive_brake,0.36631259322166443,0.016810767812022686,8.493958473205566,1.5569317010891204,0.309405066398114,False,True,True,False,True,False
thrust_to_torque_ratio_minus10,thrust_to_torque_ratio,0.90,1f975f34ca73ad719392ba5304996066a0a78f66d7fbce821548741a61567699,pinv,2,2,0.496000,20,63400020,seeded_ic_v1,m2_routing_stability_eta0p496_v1,m2route_thrust_to_torque_ratio_minus10_pinv_eta0p496_seed63400020,seeded_ic_v1,pinv,/home/suhas/crazysim_ws/safe-landing-ftc/results/final/model_sensitivity/ofat/m2_routing_stability_eta0p496/trials/m2route_thrust_to_torque_ratio_minus10_pinv_eta0p496_seed63400020.csv,4184,pinv_bounded_wls_w1_1_1_0.2_lambda1e-06,bounded_fault_aware_wls,0,0,0,0,0.7037177681922913,-0.0036582190077751875,True,True,15.16654896736145,adaptive_brake,0.3293209969997406,0.008550515947005819,0.0899256244301796,0.2876378952036064,0.01893803367029845,True,True,True,True,True,True
thrust_to_torque_ratio_minus10,thrust_to_torque_ratio,0.90,1f975f34ca73ad719392ba5304996066a0a78f66d7fbce821548741a61567699,pinv,1,2,0.496000,21,63400021,seeded_ic_v1,m2_routing_stability_eta0p496_v1,m2route_thrust_to_torque_ratio_minus10_pinv_eta0p496_seed63400021,seeded_ic_v1,pinv,/home/suhas/crazysim_ws/safe-landing-ftc/results/final/model_sensitivity/ofat/m2_routing_stability_eta0p496/trials/m2route_thrust_to_torque_ratio_minus10_pinv_eta0p496_seed63400021.csv,4215,pinv_bounded_wls_w1_1_1_0.2_lambda1e-06,bounded_fault_aware_wls,0,0,0,0,0.6962145566940308,-0.0036273151636123657,True,True,15.344315767288208,adaptive_brake,0.32804369926452637,0.007769309379732258,0.10653873533010483,0.28977737112533164,0.021988265399521673,True,True,True,True,True,True
thrust_to_torque_ratio_minus10,thrust_to_torque_ratio,0.90,1f975f34ca73ad719392ba5304996066a0a78f66d7fbce821548741a61567699,cem,2,2,0.496000,21,63400021,seeded_ic_v1,m2_routing_stability_eta0p496_v1,m2route_thrust_to_torque_ratio_minus10_cem_eta0p496_seed63400021,seeded_ic_v1,qplite,/home/suhas/crazysim_ws/safe-landing-ftc/results/final/model_sensitivity/ofat/m2_routing_stability_eta0p496/trials/m2route_thrust_to_torque_ratio_minus10_cem_eta0p496_seed63400021.csv,4215,cem_tuned_boundary,balanced_3000_0_3000_12000,3000,0,3000,12000,0.6963403820991516,-0.0036758005153387785,True,True,14.084409713745117,adaptive_brake,0.3462187945842743,0.01588571253460476,8.489608764648438,1.532595019376282,0.3291083528958677,True,True,True,False,True,False
thrust_to_torque_ratio_minus10,thrust_to_torque_ratio,0.90,1f975f34ca73ad719392ba5304996066a0a78f66d7fbce821548741a61567699,cem,1,2,0.496000,22,63400022,seeded_ic_v1,m2_routing_stability_eta0p496_v1,m2route_thrust_to_torque_ratio_minus10_cem_eta0p496_seed63400022,seeded_ic_v1,qplite,/home/suhas/crazysim_ws/safe-landing-ftc/results/final/model_sensitivity/ofat/m2_routing_stability_eta0p496/trials/m2route_thrust_to_torque_ratio_minus10_cem_eta0p496_seed63400022.csv,4161,cem_tuned_boundary,balanced_3000_0_3000_12000,3000,0,3000,12000,0.718268632888794,-0.003984398208558559,True,True,13.610508441925049,adaptive_brake,0.37303367257118225,0.016025945162339968,8.466242790222168,1.5291480141962075,0.3049654938574136,False,True,True,False,True,False
thrust_to_torque_ratio_minus10,thrust_to_torque_ratio,0.90,1f975f34ca73ad719392ba5304996066a0a78f66d7fbce821548741a61567699,pinv,2,2,0.496000,22,63400022,seeded_ic_v1,m2_routing_stability_eta0p496_v1,m2route_thrust_to_torque_ratio_minus10_pinv_eta0p496_seed63400022,seeded_ic_v1,pinv,/home/suhas/crazysim_ws/safe-landing-ftc/results/final/model_sensitivity/ofat/m2_routing_stability_eta0p496/trials/m2route_thrust_to_torque_ratio_minus10_pinv_eta0p496_seed63400022.csv,4164,pinv_bounded_wls_w1_1_1_0.2_lambda1e-06,bounded_fault_aware_wls,0,0,0,0,0.7181666493415833,-0.004121243022382259,True,True,15.063887357711792,adaptive_brake,0.33437079191207886,0.008228232012081952,0.09636764228343964,0.2868000446695049,0.018785515890547617,True,True,True,True,True,True
thrust_to_torque_ratio_minus10,thrust_to_torque_ratio,0.90,1f975f34ca73ad719392ba5304996066a0a78f66d7fbce821548741a61567699,pinv,1,2,0.496000,23,63400023,seeded_ic_v1,m2_routing_stability_eta0p496_v1,m2route_thrust_to_torque_ratio_minus10_pinv_eta0p496_seed63400023,seeded_ic_v1,pinv,/home/suhas/crazysim_ws/safe-landing-ftc/results/final/model_sensitivity/ofat/m2_routing_stability_eta0p496/trials/m2route_thrust_to_torque_ratio_minus10_pinv_eta0p496_seed63400023.csv,4209,pinv_bounded_wls_w1_1_1_0.2_lambda1e-06,bounded_fault_aware_wls,0,0,0,0,0.7026771306991577,-0.0037806062027812004,True,True,15.306646347045898,adaptive_brake,0.33139142394065857,0.008371738453228583,0.09781361371278763,0.29190482441791565,0.01813970877927885,True,True,True,True,True,True
thrust_to_torque_ratio_minus10,thrust_to_torque_ratio,0.90,1f975f34ca73ad719392ba5304996066a0a78f66d7fbce821548741a61567699,cem,2,2,0.496000,23,63400023,seeded_ic_v1,m2_routing_stability_eta0p496_v1,m2route_thrust_to_torque_ratio_minus10_cem_eta0p496_seed63400023,seeded_ic_v1,qplite,/home/suhas/crazysim_ws/safe-landing-ftc/results/final/model_sensitivity/ofat/m2_routing_stability_eta0p496/trials/m2route_thrust_to_torque_ratio_minus10_cem_eta0p496_seed63400023.csv,4209,cem_tuned_boundary,balanced_3000_0_3000_12000,3000,0,3000,12000,0.7026827335357666,-0.0036115634720772505,True,True,13.943711757659912,adaptive_brake,0.36390507221221924,0.01739653332405863,8.509186744689941,1.5368409540833319,0.32166618750828274,False,True,True,False,True,False
thrust_to_torque_ratio_minus10,thrust_to_torque_ratio,0.90,1f975f34ca73ad719392ba5304996066a0a78f66d7fbce821548741a61567699,cem,1,2,0.496000,24,63400024,seeded_ic_v1,m2_routing_stability_eta0p496_v1,m2route_thrust_to_torque_ratio_minus10_cem_eta0p496_seed63400024,seeded_ic_v1,qplite,/home/suhas/crazysim_ws/safe-landing-ftc/results/final/model_sensitivity/ofat/m2_routing_stability_eta0p496/trials/m2route_thrust_to_torque_ratio_minus10_cem_eta0p496_seed63400024.csv,4224,cem_tuned_boundary,balanced_3000_0_3000_12000,3000,0,3000,12000,0.6977806091308594,-0.0037458748556673527,True,True,14.02361273765564,adaptive_brake,0.3680492043495178,0.01717910418792249,8.46664047241211,1.5445457739883872,0.31653811820457833,False,True,True,False,True,False
thrust_to_torque_ratio_minus10,thrust_to_torque_ratio,0.90,1f975f34ca73ad719392ba5304996066a0a78f66d7fbce821548741a61567699,pinv,2,2,0.496000,24,63400024,seeded_ic_v1,m2_routing_stability_eta0p496_v1,m2route_thrust_to_torque_ratio_minus10_pinv_eta0p496_seed63400024,seeded_ic_v1,pinv,/home/suhas/crazysim_ws/safe-landing-ftc/results/final/model_sensitivity/ofat/m2_routing_stability_eta0p496/trials/m2route_thrust_to_torque_ratio_minus10_pinv_eta0p496_seed63400024.csv,4224,pinv_bounded_wls_w1_1_1_0.2_lambda1e-06,bounded_fault_aware_wls,0,0,0,0,0.6976668238639832,-0.003788542468100786,True,True,15.386954069137573,adaptive_brake,0.3263718783855438,0.007880085579296378,0.11409031599760056,0.2908571036234423,0.020775566242197733,True,True,True,True,True,True
thrust_to_torque_ratio_minus10,thrust_to_torque_ratio,0.90,1f975f34ca73ad719392ba5304996066a0a78f66d7fbce821548741a61567699,pinv,1,2,0.496000,25,63400025,seeded_ic_v1,m2_routing_stability_eta0p496_v1,m2route_thrust_to_torque_ratio_minus10_pinv_eta0p496_seed63400025,seeded_ic_v1,pinv,/home/suhas/crazysim_ws/safe-landing-ftc/results/final/model_sensitivity/ofat/m2_routing_stability_eta0p496/trials/m2route_thrust_to_torque_ratio_minus10_pinv_eta0p496_seed63400025.csv,4227,pinv_bounded_wls_w1_1_1_0.2_lambda1e-06,bounded_fault_aware_wls,0,0,0,0,0.7140960693359375,-0.0038339702878147364,True,True,15.463402271270752,adaptive_brake,0.3321939706802368,0.007847912206964546,0.1009521558880806,0.28869529539340016,0.02207623025379571,True,True,True,True,True,True
thrust_to_torque_ratio_minus10,thrust_to_torque_ratio,0.90,1f975f34ca73ad719392ba5304996066a0a78f66d7fbce821548741a61567699,cem,2,2,0.496000,25,63400025,seeded_ic_v1,m2_routing_stability_eta0p496_v1,m2route_thrust_to_torque_ratio_minus10_cem_eta0p496_seed63400025,seeded_ic_v1,qplite,/home/suhas/crazysim_ws/safe-landing-ftc/results/final/model_sensitivity/ofat/m2_routing_stability_eta0p496/trials/m2route_thrust_to_torque_ratio_minus10_cem_eta0p496_seed63400025.csv,4225,cem_tuned_boundary,balanced_3000_0_3000_12000,3000,0,3000,12000,0.7141352891921997,-0.0036028409376740456,True,True,14.145889520645142,adaptive_brake,0.36236146092414856,0.01565900289822609,8.473869323730469,1.5532980812829515,0.32218695313095813,False,True,True,False,True,False
thrust_to_torque_ratio_minus10,thrust_to_torque_ratio,0.90,1f975f34ca73ad719392ba5304996066a0a78f66d7fbce821548741a61567699,cem,1,2,0.496000,26,63400026,seeded_ic_v1,m2_routing_stability_eta0p496_v1,m2route_thrust_to_torque_ratio_minus10_cem_eta0p496_seed63400026,seeded_ic_v1,qplite,/home/suhas/crazysim_ws/safe-landing-ftc/results/final/model_sensitivity/ofat/m2_routing_stability_eta0p496/trials/m2route_thrust_to_torque_ratio_minus10_cem_eta0p496_seed63400026.csv,4221,cem_tuned_boundary,balanced_3000_0_3000_12000,3000,0,3000,12000,0.7279670834541321,-0.003939771559089422,True,True,14.186347007751465,adaptive_brake,0.3577800393104553,0.014052965374212203,8.43118953704834,1.5189010024232943,0.3187930567033428,False,True,True,False,True,False
thrust_to_torque_ratio_minus10,thrust_to_torque_ratio,0.90,1f975f34ca73ad719392ba5304996066a0a78f66d7fbce821548741a61567699,pinv,2,2,0.496000,26,63400026,seeded_ic_v1,m2_routing_stability_eta0p496_v1,m2route_thrust_to_torque_ratio_minus10_pinv_eta0p496_seed63400026,seeded_ic_v1,pinv,/home/suhas/crazysim_ws/safe-landing-ftc/results/final/model_sensitivity/ofat/m2_routing_stability_eta0p496/trials/m2route_thrust_to_torque_ratio_minus10_pinv_eta0p496_seed63400026.csv,4221,pinv_bounded_wls_w1_1_1_0.2_lambda1e-06,bounded_fault_aware_wls,0,0,0,0,0.728021502494812,-0.0037322675343602896,True,True,15.463711023330688,adaptive_brake,0.340542733669281,0.008095253472967193,0.10198096930980682,0.2902058850603478,0.020582706379505912,True,True,True,True,True,True
thrust_to_torque_ratio_minus10,thrust_to_torque_ratio,0.90,1f975f34ca73ad719392ba5304996066a0a78f66d7fbce821548741a61567699,pinv,1,2,0.496000,27,63400027,seeded_ic_v1,m2_routing_stability_eta0p496_v1,m2route_thrust_to_torque_ratio_minus10_pinv_eta0p496_seed63400027,seeded_ic_v1,pinv,/home/suhas/crazysim_ws/safe-landing-ftc/results/final/model_sensitivity/ofat/m2_routing_stability_eta0p496/trials/m2route_thrust_to_torque_ratio_minus10_pinv_eta0p496_seed63400027.csv,4200,pinv_bounded_wls_w1_1_1_0.2_lambda1e-06,bounded_fault_aware_wls,0,0,0,0,0.6977280378341675,-0.0038936457131057978,True,True,15.225014925003052,adaptive_brake,0.32894620299339294,0.007880986223691176,0.10547908395528793,0.2844401937865712,0.02186582470633334,True,True,True,True,True,True
thrust_to_torque_ratio_minus10,thrust_to_torque_ratio,0.90,1f975f34ca73ad719392ba5304996066a0a78f66d7fbce821548741a61567699,cem,2,2,0.496000,27,63400027,seeded_ic_v1,m2_routing_stability_eta0p496_v1,m2route_thrust_to_torque_ratio_minus10_cem_eta0p496_seed63400027,seeded_ic_v1,qplite,/home/suhas/crazysim_ws/safe-landing-ftc/results/final/model_sensitivity/ofat/m2_routing_stability_eta0p496/trials/m2route_thrust_to_torque_ratio_minus10_cem_eta0p496_seed63400027.csv,4200,cem_tuned_boundary,balanced_3000_0_3000_12000,3000,0,3000,12000,0.6977443099021912,-0.0035913316532969475,True,True,13.903795003890991,adaptive_brake,0.3597523868083954,0.016205653398440472,8.450021743774414,1.5270229734810126,0.31753830408589845,False,True,True,False,True,False
thrust_to_torque_ratio_minus10,thrust_to_torque_ratio,0.90,1f975f34ca73ad719392ba5304996066a0a78f66d7fbce821548741a61567699,cem,1,2,0.496000,28,63400028,seeded_ic_v1,m2_routing_stability_eta0p496_v1,m2route_thrust_to_torque_ratio_minus10_cem_eta0p496_seed63400028,seeded_ic_v1,qplite,/home/suhas/crazysim_ws/safe-landing-ftc/results/final/model_sensitivity/ofat/m2_routing_stability_eta0p496/trials/m2route_thrust_to_torque_ratio_minus10_cem_eta0p496_seed63400028.csv,4194,cem_tuned_boundary,balanced_3000_0_3000_12000,3000,0,3000,12000,0.6966917514801025,-0.0036126577761024237,True,True,13.927743196487427,adaptive_brake,0.349071741104126,0.014738815306637947,8.415989875793457,1.5155959935879424,0.3169222501036244,True,True,True,False,True,False
thrust_to_torque_ratio_minus10,thrust_to_torque_ratio,0.90,1f975f34ca73ad719392ba5304996066a0a78f66d7fbce821548741a61567699,pinv,2,2,0.496000,28,63400028,seeded_ic_v1,m2_routing_stability_eta0p496_v1,m2route_thrust_to_torque_ratio_minus10_pinv_eta0p496_seed63400028,seeded_ic_v1,pinv,/home/suhas/crazysim_ws/safe-landing-ftc/results/final/model_sensitivity/ofat/m2_routing_stability_eta0p496/trials/m2route_thrust_to_torque_ratio_minus10_pinv_eta0p496_seed63400028.csv,4194,pinv_bounded_wls_w1_1_1_0.2_lambda1e-06,bounded_fault_aware_wls,0,0,0,0,0.6967048645019531,-0.003947810735553503,True,True,15.128898859024048,adaptive_brake,0.3297564387321472,0.00759466691115867,0.11406339704990387,0.29722876444297935,0.02285806998417822,True,True,True,True,True,True
thrust_to_torque_ratio_minus10,thrust_to_torque_ratio,0.90,1f975f34ca73ad719392ba5304996066a0a78f66d7fbce821548741a61567699,pinv,1,2,0.496000,29,63400029,seeded_ic_v1,m2_routing_stability_eta0p496_v1,m2route_thrust_to_torque_ratio_minus10_pinv_eta0p496_seed63400029,seeded_ic_v1,pinv,/home/suhas/crazysim_ws/safe-landing-ftc/results/final/model_sensitivity/ofat/m2_routing_stability_eta0p496/trials/m2route_thrust_to_torque_ratio_minus10_pinv_eta0p496_seed63400029.csv,4194,pinv_bounded_wls_w1_1_1_0.2_lambda1e-06,bounded_fault_aware_wls,0,0,0,0,0.722291886806488,-0.0039028299506753683,True,True,15.225510597229004,adaptive_brake,0.33128678798675537,0.007509536494485057,0.11286568641662598,0.28661823098906536,0.021520633861291424,True,True,True,True,True,True
thrust_to_torque_ratio_minus10,thrust_to_torque_ratio,0.90,1f975f34ca73ad719392ba5304996066a0a78f66d7fbce821548741a61567699,cem,2,2,0.496000,29,63400029,seeded_ic_v1,m2_routing_stability_eta0p496_v1,m2route_thrust_to_torque_ratio_minus10_cem_eta0p496_seed63400029,seeded_ic_v1,qplite,/home/suhas/crazysim_ws/safe-landing-ftc/results/final/model_sensitivity/ofat/m2_routing_stability_eta0p496/trials/m2route_thrust_to_torque_ratio_minus10_cem_eta0p496_seed63400029.csv,4194,cem_tuned_boundary,balanced_3000_0_3000_12000,3000,0,3000,12000,0.7221808433532715,-0.004075073171406984,True,True,13.964182615280151,adaptive_brake,0.3639543056488037,0.014646188358996342,8.425177574157715,1.5565554543499338,0.3190213504564658,False,True,True,False,True,False
thrust_to_torque_ratio_minus10,thrust_to_torque_ratio,0.90,1f975f34ca73ad719392ba5304996066a0a78f66d7fbce821548741a61567699,cem,1,2,0.496000,30,63400030,seeded_ic_v1,m2_routing_stability_eta0p496_v1,m2route_thrust_to_torque_ratio_minus10_cem_eta0p496_seed63400030,seeded_ic_v1,qplite,/home/suhas/crazysim_ws/safe-landing-ftc/results/final/model_sensitivity/ofat/m2_routing_stability_eta0p496/trials/m2route_thrust_to_torque_ratio_minus10_cem_eta0p496_seed63400030.csv,4221,cem_tuned_boundary,balanced_3000_0_3000_12000,3000,0,3000,12000,0.7247013449668884,-0.003791529219597578,True,True,14.164695739746094,adaptive_brake,0.3585037291049957,0.014555826861074133,8.437459945678711,1.5371533950763014,0.3224270017725617,False,True,True,False,True,False
thrust_to_torque_ratio_minus10,thrust_to_torque_ratio,0.90,1f975f34ca73ad719392ba5304996066a0a78f66d7fbce821548741a61567699,pinv,2,2,0.496000,30,63400030,seeded_ic_v1,m2_routing_stability_eta0p496_v1,m2route_thrust_to_torque_ratio_minus10_pinv_eta0p496_seed63400030,seeded_ic_v1,pinv,/home/suhas/crazysim_ws/safe-landing-ftc/results/final/model_sensitivity/ofat/m2_routing_stability_eta0p496/trials/m2route_thrust_to_torque_ratio_minus10_pinv_eta0p496_seed63400030.csv,4221,pinv_bounded_wls_w1_1_1_0.2_lambda1e-06,bounded_fault_aware_wls,0,0,0,0,0.7247024774551392,-0.003730480093508959,True,True,15.50532341003418,adaptive_brake,0.32388967275619507,0.007506788020340778,0.11232169717550278,0.28235087171992457,0.023625232636722334,True,True,True,True,True,True
thrust_to_torque_ratio_plus10,thrust_to_torque_ratio,1.10,1f9b17fb7b2be244d29116b33c13001aff7f8dc472eb24d5914484bf1c522a8a,pinv,1,2,0.496000,1,63400001,seeded_ic_v1,m2_routing_stability_eta0p496_v1,m2route_thrust_to_torque_ratio_plus10_pinv_eta0p496_seed63400001,seeded_ic_v1,pinv,/home/suhas/crazysim_ws/safe-landing-ftc/results/final/model_sensitivity/ofat/m2_routing_stability_eta0p496/trials/m2route_thrust_to_torque_ratio_plus10_pinv_eta0p496_seed63400001.csv,4177,pinv_bounded_wls_w1_1_1_0.2_lambda1e-06,bounded_fault_aware_wls,0,0,0,0,0.7137992978096008,-0.003933735191822052,True,True,15.046677350997925,adaptive_brake,0.3297695517539978,0.007833071218533232,0.1098928302526474,0.30586245714863486,0.02158925631014674,True,True,True,True,True,True
thrust_to_torque_ratio_plus10,thrust_to_torque_ratio,1.10,1f9b17fb7b2be244d29116b33c13001aff7f8dc472eb24d5914484bf1c522a8a,cem,2,2,0.496000,1,63400001,seeded_ic_v1,m2_routing_stability_eta0p496_v1,m2route_thrust_to_torque_ratio_plus10_cem_eta0p496_seed63400001,seeded_ic_v1,qplite,/home/suhas/crazysim_ws/safe-landing-ftc/results/final/model_sensitivity/ofat/m2_routing_stability_eta0p496/trials/m2route_thrust_to_torque_ratio_plus10_cem_eta0p496_seed63400001.csv,4176,cem_tuned_boundary,balanced_3000_0_3000_12000,3000,0,3000,12000,0.7141074538230896,-0.004111255053430796,True,True,13.83083438873291,adaptive_brake,0.3568279445171356,0.016129618190371328,8.48391056060791,1.550952527689847,0.32676531420496535,False,True,True,False,True,False
thrust_to_torque_ratio_plus10,thrust_to_torque_ratio,1.10,1f9b17fb7b2be244d29116b33c13001aff7f8dc472eb24d5914484bf1c522a8a,cem,1,2,0.496000,2,63400002,seeded_ic_v1,m2_routing_stability_eta0p496_v1,m2route_thrust_to_torque_ratio_plus10_cem_eta0p496_seed63400002,seeded_ic_v1,qplite,/home/suhas/crazysim_ws/safe-landing-ftc/results/final/model_sensitivity/ofat/m2_routing_stability_eta0p496/trials/m2route_thrust_to_torque_ratio_plus10_cem_eta0p496_seed63400002.csv,4203,cem_tuned_boundary,balanced_3000_0_3000_12000,3000,0,3000,12000,0.710452139377594,-0.0038093929179012775,True,True,14.0442636013031,adaptive_brake,0.35765692591667175,0.01628850175809469,8.520094871520996,1.5467441085776212,0.3329040195257004,False,True,True,False,True,False
thrust_to_torque_ratio_plus10,thrust_to_torque_ratio,1.10,1f9b17fb7b2be244d29116b33c13001aff7f8dc472eb24d5914484bf1c522a8a,pinv,2,2,0.496000,2,63400002,seeded_ic_v1,m2_routing_stability_eta0p496_v1,m2route_thrust_to_torque_ratio_plus10_pinv_eta0p496_seed63400002,seeded_ic_v1,pinv,/home/suhas/crazysim_ws/safe-landing-ftc/results/final/model_sensitivity/ofat/m2_routing_stability_eta0p496/trials/m2route_thrust_to_torque_ratio_plus10_pinv_eta0p496_seed63400002.csv,4200,pinv_bounded_wls_w1_1_1_0.2_lambda1e-06,bounded_fault_aware_wls,0,0,0,0,0.7105093598365784,-0.0037739910185337067,True,True,15.184850931167603,adaptive_brake,0.330391526222229,0.007838877118705376,0.1163518950343132,0.3111859212882171,0.020788642227590227,True,True,True,True,True,True
thrust_to_torque_ratio_plus10,thrust_to_torque_ratio,1.10,1f9b17fb7b2be244d29116b33c13001aff7f8dc472eb24d5914484bf1c522a8a,pinv,1,2,0.496000,3,63400003,seeded_ic_v1,m2_routing_stability_eta0p496_v1,m2route_thrust_to_torque_ratio_plus10_pinv_eta0p496_seed63400003,seeded_ic_v1,pinv,/home/suhas/crazysim_ws/safe-landing-ftc/results/final/model_sensitivity/ofat/m2_routing_stability_eta0p496/trials/m2route_thrust_to_torque_ratio_plus10_pinv_eta0p496_seed63400003.csv,4191,pinv_bounded_wls_w1_1_1_0.2_lambda1e-06,bounded_fault_aware_wls,0,0,0,0,0.7331998348236084,-0.003930370789021254,True,True,15.184246301651001,adaptive_brake,0.3393022418022156,0.00809210741357301,0.09967080503702164,0.3111238402040207,0.01936341847425946,True,True,True,True,True,True
thrust_to_torque_ratio_plus10,thrust_to_torque_ratio,1.10,1f9b17fb7b2be244d29116b33c13001aff7f8dc472eb24d5914484bf1c522a8a,cem,2,2,0.496000,3,63400003,seeded_ic_v1,m2_routing_stability_eta0p496_v1,m2route_thrust_to_torque_ratio_plus10_cem_eta0p496_seed63400003,seeded_ic_v1,qplite,/home/suhas/crazysim_ws/safe-landing-ftc/results/final/model_sensitivity/ofat/m2_routing_stability_eta0p496/trials/m2route_thrust_to_torque_ratio_plus10_cem_eta0p496_seed63400003.csv,4191,cem_tuned_boundary,balanced_3000_0_3000_12000,3000,0,3000,12000,0.7333959341049194,-0.004054215271025896,True,True,14.104367971420288,adaptive_brake,0.359308123588562,0.014498860890407469,8.50890064239502,1.5761716677831679,0.33233277474732126,False,True,True,False,True,False
thrust_to_torque_ratio_plus10,thrust_to_torque_ratio,1.10,1f9b17fb7b2be244d29116b33c13001aff7f8dc472eb24d5914484bf1c522a8a,cem,1,2,0.496000,4,63400004,seeded_ic_v1,m2_routing_stability_eta0p496_v1,m2route_thrust_to_torque_ratio_plus10_cem_eta0p496_seed63400004,seeded_ic_v1,qplite,/home/suhas/crazysim_ws/safe-landing-ftc/results/final/model_sensitivity/ofat/m2_routing_stability_eta0p496/trials/m2route_thrust_to_torque_ratio_plus10_cem_eta0p496_seed63400004.csv,4227,cem_tuned_boundary,balanced_3000_0_3000_12000,3000,0,3000,12000,0.7278884053230286,-0.003957605920732021,True,True,14.324432134628296,adaptive_brake,0.357356995344162,0.014131843513688912,8.537083625793457,1.5438718319652331,0.32869112916474674,False,True,True,False,True,False
thrust_to_torque_ratio_plus10,thrust_to_torque_ratio,1.10,1f9b17fb7b2be244d29116b33c13001aff7f8dc472eb24d5914484bf1c522a8a,pinv,2,2,0.496000,4,63400004,seeded_ic_v1,m2_routing_stability_eta0p496_v1,m2route_thrust_to_torque_ratio_plus10_pinv_eta0p496_seed63400004,seeded_ic_v1,pinv,/home/suhas/crazysim_ws/safe-landing-ftc/results/final/model_sensitivity/ofat/m2_routing_stability_eta0p496/trials/m2route_thrust_to_torque_ratio_plus10_pinv_eta0p496_seed63400004.csv,4227,pinv_bounded_wls_w1_1_1_0.2_lambda1e-06,bounded_fault_aware_wls,0,0,0,0,0.7279576659202576,-0.0036762987729161978,True,True,15.428525447845459,adaptive_brake,0.32771238684654236,0.007942196045216928,0.11460131406784058,0.30361586887551284,0.020055456560415037,True,True,True,True,True,True
thrust_to_torque_ratio_plus10,thrust_to_torque_ratio,1.10,1f9b17fb7b2be244d29116b33c13001aff7f8dc472eb24d5914484bf1c522a8a,pinv,1,2,0.496000,5,63400005,seeded_ic_v1,m2_routing_stability_eta0p496_v1,m2route_thrust_to_torque_ratio_plus10_pinv_eta0p496_seed63400005,seeded_ic_v1,pinv,/home/suhas/crazysim_ws/safe-landing-ftc/results/final/model_sensitivity/ofat/m2_routing_stability_eta0p496/trials/m2route_thrust_to_torque_ratio_plus10_pinv_eta0p496_seed63400005.csv,4224,pinv_bounded_wls_w1_1_1_0.2_lambda1e-06,bounded_fault_aware_wls,0,0,0,0,0.7325352430343628,-0.003728314768522978,True,True,15.346909284591675,adaptive_brake,0.33328720927238464,0.007531013151676098,0.11662914603948593,0.31008005519951404,0.022139503153631487,True,True,True,True,True,True
thrust_to_torque_ratio_plus10,thrust_to_torque_ratio,1.10,1f9b17fb7b2be244d29116b33c13001aff7f8dc472eb24d5914484bf1c522a8a,cem,2,2,0.496000,5,63400005,seeded_ic_v1,m2_routing_stability_eta0p496_v1,m2route_thrust_to_torque_ratio_plus10_cem_eta0p496_seed63400005,seeded_ic_v1,qplite,/home/suhas/crazysim_ws/safe-landing-ftc/results/final/model_sensitivity/ofat/m2_routing_stability_eta0p496/trials/m2route_thrust_to_torque_ratio_plus10_cem_eta0p496_seed63400005.csv,4224,cem_tuned_boundary,balanced_3000_0_3000_12000,3000,0,3000,12000,0.7325899004936218,-0.0036688451655209064,True,True,14.168495893478394,adaptive_brake,0.373507022857666,0.014598858311500141,8.485678672790527,1.5631498803402342,0.3122226221176945,False,True,True,False,True,False
thrust_to_torque_ratio_plus10,thrust_to_torque_ratio,1.10,1f9b17fb7b2be244d29116b33c13001aff7f8dc472eb24d5914484bf1c522a8a,cem,1,2,0.496000,6,63400006,seeded_ic_v1,m2_routing_stability_eta0p496_v1,m2route_thrust_to_torque_ratio_plus10_cem_eta0p496_seed63400006,seeded_ic_v1,qplite,/home/suhas/crazysim_ws/safe-landing-ftc/results/final/model_sensitivity/ofat/m2_routing_stability_eta0p496/trials/m2route_thrust_to_torque_ratio_plus10_cem_eta0p496_seed63400006.csv,4215,cem_tuned_boundary,balanced_3000_0_3000_12000,3000,0,3000,12000,0.7302249073982239,-0.004057987127453089,True,True,14.066682577133179,adaptive_brake,0.3766334354877472,0.015201855335402461,8.497512817382812,1.5667457889050518,0.31104160048996915,False,True,True,False,True,False
thrust_to_torque_ratio_plus10,thrust_to_torque_ratio,1.10,1f9b17fb7b2be244d29116b33c13001aff7f8dc472eb24d5914484bf1c522a8a,pinv,2,2,0.496000,6,63400006,seeded_ic_v1,m2_routing_stability_eta0p496_v1,m2route_thrust_to_torque_ratio_plus10_pinv_eta0p496_seed63400006,seeded_ic_v1,pinv,/home/suhas/crazysim_ws/safe-landing-ftc/results/final/model_sensitivity/ofat/m2_routing_stability_eta0p496/trials/m2route_thrust_to_torque_ratio_plus10_pinv_eta0p496_seed63400006.csv,4215,pinv_bounded_wls_w1_1_1_0.2_lambda1e-06,bounded_fault_aware_wls,0,0,0,0,0.7301892638206482,-0.004012690857052803,True,True,15.34447455406189,adaptive_brake,0.33187413215637207,0.007994432690210357,0.11100240796804428,0.31109292186020127,0.019737987638454517,True,True,True,True,True,True
thrust_to_torque_ratio_plus10,thrust_to_torque_ratio,1.10,1f9b17fb7b2be244d29116b33c13001aff7f8dc472eb24d5914484bf1c522a8a,pinv,1,2,0.496000,7,63400007,seeded_ic_v1,m2_routing_stability_eta0p496_v1,m2route_thrust_to_torque_ratio_plus10_pinv_eta0p496_seed63400007,seeded_ic_v1,pinv,/home/suhas/crazysim_ws/safe-landing-ftc/results/final/model_sensitivity/ofat/m2_routing_stability_eta0p496/trials/m2route_thrust_to_torque_ratio_plus10_pinv_eta0p496_seed63400007.csv,4230,pinv_bounded_wls_w1_1_1_0.2_lambda1e-06,bounded_fault_aware_wls,0,0,0,0,0.7165381908416748,-0.0038494784384965897,True,True,15.385566234588623,adaptive_brake,0.32910147309303284,0.007668613231275842,0.1206795796751976,0.3068514560614274,0.02120626517335406,True,True,True,True,True,True
thrust_to_torque_ratio_plus10,thrust_to_torque_ratio,1.10,1f9b17fb7b2be244d29116b33c13001aff7f8dc472eb24d5914484bf1c522a8a,cem,2,2,0.496000,7,63400007,seeded_ic_v1,m2_routing_stability_eta0p496_v1,m2route_thrust_to_torque_ratio_plus10_cem_eta0p496_seed63400007,seeded_ic_v1,qplite,/home/suhas/crazysim_ws/safe-landing-ftc/results/final/model_sensitivity/ofat/m2_routing_stability_eta0p496/trials/m2route_thrust_to_torque_ratio_plus10_cem_eta0p496_seed63400007.csv,4230,cem_tuned_boundary,balanced_3000_0_3000_12000,3000,0,3000,12000,0.7166150808334351,-0.003833055030554533,True,True,14.010228395462036,adaptive_brake,0.361514151096344,0.01810824535790427,8.502394676208496,1.4534684219143554,0.32047386580076365,False,True,True,True,True,False
thrust_to_torque_ratio_plus10,thrust_to_torque_ratio,1.10,1f9b17fb7b2be244d29116b33c13001aff7f8dc472eb24d5914484bf1c522a8a,cem,1,2,0.496000,8,63400008,seeded_ic_v1,m2_routing_stability_eta0p496_v1,m2route_thrust_to_torque_ratio_plus10_cem_eta0p496_seed63400008,seeded_ic_v1,qplite,/home/suhas/crazysim_ws/safe-landing-ftc/results/final/model_sensitivity/ofat/m2_routing_stability_eta0p496/trials/m2route_thrust_to_torque_ratio_plus10_cem_eta0p496_seed63400008.csv,4209,cem_tuned_boundary,balanced_3000_0_3000_12000,3000,0,3000,12000,0.7207961678504944,-0.0039776647463440895,True,True,14.204738140106201,adaptive_brake,0.355139821767807,0.013962785697021553,8.531682014465332,1.5694080731634414,0.3322251189513041,False,True,True,False,True,False
thrust_to_torque_ratio_plus10,thrust_to_torque_ratio,1.10,1f9b17fb7b2be244d29116b33c13001aff7f8dc472eb24d5914484bf1c522a8a,pinv,2,2,0.496000,8,63400008,seeded_ic_v1,m2_routing_stability_eta0p496_v1,m2route_thrust_to_torque_ratio_plus10_pinv_eta0p496_seed63400008,seeded_ic_v1,pinv,/home/suhas/crazysim_ws/safe-landing-ftc/results/final/model_sensitivity/ofat/m2_routing_stability_eta0p496/trials/m2route_thrust_to_torque_ratio_plus10_pinv_eta0p496_seed63400008.csv,4206,pinv_bounded_wls_w1_1_1_0.2_lambda1e-06,bounded_fault_aware_wls,0,0,0,0,0.7208454608917236,-0.003963876515626907,True,True,15.248437643051147,adaptive_brake,0.33439338207244873,0.007755842996928616,0.12031276524066925,0.30688945935304,0.02102293161566396,True,True,True,True,True,True
thrust_to_torque_ratio_plus10,thrust_to_torque_ratio,1.10,1f9b17fb7b2be244d29116b33c13001aff7f8dc472eb24d5914484bf1c522a8a,pinv,1,2,0.496000,9,63400009,seeded_ic_v1,m2_routing_stability_eta0p496_v1,m2route_thrust_to_torque_ratio_plus10_pinv_eta0p496_seed63400009,seeded_ic_v1,pinv,/home/suhas/crazysim_ws/safe-landing-ftc/results/final/model_sensitivity/ofat/m2_routing_stability_eta0p496/trials/m2route_thrust_to_torque_ratio_plus10_pinv_eta0p496_seed63400009.csv,4161,pinv_bounded_wls_w1_1_1_0.2_lambda1e-06,bounded_fault_aware_wls,0,0,0,0,0.7281625270843506,-0.004408170934766531,True,True,14.925725221633911,adaptive_brake,0.33801135420799255,0.00775855855678801,0.11053692549467087,0.3089490750723052,0.021145720048833996,True,True,True,True,True,True
thrust_to_torque_ratio_plus10,thrust_to_torque_ratio,1.10,1f9b17fb7b2be244d29116b33c13001aff7f8dc472eb24d5914484bf1c522a8a,cem,2,2,0.496000,9,63400009,seeded_ic_v1,m2_routing_stability_eta0p496_v1,m2route_thrust_to_torque_ratio_plus10_cem_eta0p496_seed63400009,seeded_ic_v1,qplite,/home/suhas/crazysim_ws/safe-landing-ftc/results/final/model_sensitivity/ofat/m2_routing_stability_eta0p496/trials/m2route_thrust_to_torque_ratio_plus10_cem_eta0p496_seed63400009.csv,4161,cem_tuned_boundary,balanced_3000_0_3000_12000,3000,0,3000,12000,0.7281955480575562,-0.004046272952109575,True,True,13.969345569610596,adaptive_brake,0.3454400897026062,0.014419411056351307,8.532827377319336,1.5707825580661394,0.3418935489350898,True,True,True,False,True,False
thrust_to_torque_ratio_plus10,thrust_to_torque_ratio,1.10,1f9b17fb7b2be244d29116b33c13001aff7f8dc472eb24d5914484bf1c522a8a,cem,1,2,0.496000,10,63400010,seeded_ic_v1,m2_routing_stability_eta0p496_v1,m2route_thrust_to_torque_ratio_plus10_cem_eta0p496_seed63400010,seeded_ic_v1,qplite,/home/suhas/crazysim_ws/safe-landing-ftc/results/final/model_sensitivity/ofat/m2_routing_stability_eta0p496/trials/m2route_thrust_to_torque_ratio_plus10_cem_eta0p496_seed63400010.csv,4179,cem_tuned_boundary,balanced_3000_0_3000_12000,3000,0,3000,12000,0.7290782928466797,-0.0038930282462388277,True,True,13.930391788482666,adaptive_brake,0.37509462237358093,0.01531253535865551,8.511921882629395,1.5675697455635902,0.3161229244732169,False,True,True,False,True,False
thrust_to_torque_ratio_plus10,thrust_to_torque_ratio,1.10,1f9b17fb7b2be244d29116b33c13001aff7f8dc472eb24d5914484bf1c522a8a,pinv,2,2,0.496000,10,63400010,seeded_ic_v1,m2_routing_stability_eta0p496_v1,m2route_thrust_to_torque_ratio_plus10_pinv_eta0p496_seed63400010,seeded_ic_v1,pinv,/home/suhas/crazysim_ws/safe-landing-ftc/results/final/model_sensitivity/ofat/m2_routing_stability_eta0p496/trials/m2route_thrust_to_torque_ratio_plus10_pinv_eta0p496_seed63400010.csv,4182,pinv_bounded_wls_w1_1_1_0.2_lambda1e-06,bounded_fault_aware_wls,0,0,0,0,0.729128360748291,-0.004294310696423054,True,True,15.125222444534302,adaptive_brake,0.32961297035217285,0.007791880212476306,0.11902081966400146,0.3079090703603219,0.019403685867049457,True,True,True,True,True,True
thrust_to_torque_ratio_plus10,thrust_to_torque_ratio,1.10,1f9b17fb7b2be244d29116b33c13001aff7f8dc472eb24d5914484bf1c522a8a,pinv,1,2,0.496000,11,63400011,seeded_ic_v1,m2_routing_stability_eta0p496_v1,m2route_thrust_to_torque_ratio_plus10_pinv_eta0p496_seed63400011,seeded_ic_v1,pinv,/home/suhas/crazysim_ws/safe-landing-ftc/results/final/model_sensitivity/ofat/m2_routing_stability_eta0p496/trials/m2route_thrust_to_torque_ratio_plus10_pinv_eta0p496_seed63400011.csv,4224,pinv_bounded_wls_w1_1_1_0.2_lambda1e-06,bounded_fault_aware_wls,0,0,0,0,0.7029440999031067,-0.0036629128735512495,True,True,15.2839834690094,adaptive_brake,0.3344919681549072,0.008015917450805016,0.11211960762739182,0.3089648550732553,0.020531901119102296,True,True,True,True,True,True
thrust_to_torque_ratio_plus10,thrust_to_torque_ratio,1.10,1f9b17fb7b2be244d29116b33c13001aff7f8dc472eb24d5914484bf1c522a8a,cem,2,2,0.496000,11,63400011,seeded_ic_v1,m2_routing_stability_eta0p496_v1,m2route_thrust_to_torque_ratio_plus10_cem_eta0p496_seed63400011,seeded_ic_v1,qplite,/home/suhas/crazysim_ws/safe-landing-ftc/results/final/model_sensitivity/ofat/m2_routing_stability_eta0p496/trials/m2route_thrust_to_torque_ratio_plus10_cem_eta0p496_seed63400011.csv,4224,cem_tuned_boundary,balanced_3000_0_3000_12000,3000,0,3000,12000,0.702904462814331,-0.0034521962516009808,True,True,14.285383939743042,adaptive_brake,0.34656569361686707,0.014794726681739414,8.477952003479004,1.567183661633167,0.33584791314225076,True,True,True,False,True,False
thrust_to_torque_ratio_plus10,thrust_to_torque_ratio,1.10,1f9b17fb7b2be244d29116b33c13001aff7f8dc472eb24d5914484bf1c522a8a,cem,1,2,0.496000,12,63400012,seeded_ic_v1,m2_routing_stability_eta0p496_v1,m2route_thrust_to_torque_ratio_plus10_cem_eta0p496_seed63400012,seeded_ic_v1,qplite,/home/suhas/crazysim_ws/safe-landing-ftc/results/final/model_sensitivity/ofat/m2_routing_stability_eta0p496/trials/m2route_thrust_to_torque_ratio_plus10_cem_eta0p496_seed63400012.csv,4191,cem_tuned_boundary,balanced_3000_0_3000_12000,3000,0,3000,12000,0.7209984660148621,-0.003689650446176529,True,True,14.024137496948242,adaptive_brake,0.3519062101840973,0.014820258083534958,8.550963401794434,1.5749468070178536,0.3302497260473006,False,True,True,False,True,False
thrust_to_torque_ratio_plus10,thrust_to_torque_ratio,1.10,1f9b17fb7b2be244d29116b33c13001aff7f8dc472eb24d5914484bf1c522a8a,pinv,2,2,0.496000,12,63400012,seeded_ic_v1,m2_routing_stability_eta0p496_v1,m2route_thrust_to_torque_ratio_plus10_pinv_eta0p496_seed63400012,seeded_ic_v1,pinv,/home/suhas/crazysim_ws/safe-landing-ftc/results/final/model_sensitivity/ofat/m2_routing_stability_eta0p496/trials/m2route_thrust_to_torque_ratio_plus10_pinv_eta0p496_seed63400012.csv,4191,pinv_bounded_wls_w1_1_1_0.2_lambda1e-06,bounded_fault_aware_wls,0,0,0,0,0.7210785746574402,-0.004064895678311586,True,True,15.150646686553955,adaptive_brake,0.32931578159332275,0.00761373916701339,0.1224822998046875,0.30360345808064726,0.021713451187724397,True,True,True,True,True,True
thrust_to_torque_ratio_plus10,thrust_to_torque_ratio,1.10,1f9b17fb7b2be244d29116b33c13001aff7f8dc472eb24d5914484bf1c522a8a,pinv,1,2,0.496000,13,63400013,seeded_ic_v1,m2_routing_stability_eta0p496_v1,m2route_thrust_to_torque_ratio_plus10_pinv_eta0p496_seed63400013,seeded_ic_v1,pinv,/home/suhas/crazysim_ws/safe-landing-ftc/results/final/model_sensitivity/ofat/m2_routing_stability_eta0p496/trials/m2route_thrust_to_torque_ratio_plus10_pinv_eta0p496_seed63400013.csv,4194,pinv_bounded_wls_w1_1_1_0.2_lambda1e-06,bounded_fault_aware_wls,0,0,0,0,0.7149791717529297,-0.003951362334191799,True,True,15.125163555145264,adaptive_brake,0.3320416808128357,0.007815191300301816,0.1235874816775322,0.3142606019964942,0.01976681955533401,True,True,True,True,True,True
thrust_to_torque_ratio_plus10,thrust_to_torque_ratio,1.10,1f9b17fb7b2be244d29116b33c13001aff7f8dc472eb24d5914484bf1c522a8a,cem,2,2,0.496000,13,63400013,seeded_ic_v1,m2_routing_stability_eta0p496_v1,m2route_thrust_to_torque_ratio_plus10_cem_eta0p496_seed63400013,seeded_ic_v1,qplite,/home/suhas/crazysim_ws/safe-landing-ftc/results/final/model_sensitivity/ofat/m2_routing_stability_eta0p496/trials/m2route_thrust_to_torque_ratio_plus10_cem_eta0p496_seed63400013.csv,4194,cem_tuned_boundary,balanced_3000_0_3000_12000,3000,0,3000,12000,0.7150745391845703,-0.003729599993675947,True,True,14.16428518295288,adaptive_brake,0.3525470495223999,0.014103480928441044,8.528592109680176,1.586794874967018,0.33683372057552863,False,True,True,False,True,False
thrust_to_torque_ratio_plus10,thrust_to_torque_ratio,1.10,1f9b17fb7b2be244d29116b33c13001aff7f8dc472eb24d5914484bf1c522a8a,cem,1,2,0.496000,14,63400014,seeded_ic_v1,m2_routing_stability_eta0p496_v1,m2route_thrust_to_torque_ratio_plus10_cem_eta0p496_seed63400014,seeded_ic_v1,qplite,/home/suhas/crazysim_ws/safe-landing-ftc/results/final/model_sensitivity/ofat/m2_routing_stability_eta0p496/trials/m2route_thrust_to_torque_ratio_plus10_cem_eta0p496_seed63400014.csv,4182,cem_tuned_boundary,balanced_3000_0_3000_12000,3000,0,3000,12000,0.6940572261810303,-0.003608375322073698,True,True,14.004034519195557,adaptive_brake,0.34430113434791565,0.014860478883238326,8.535947799682617,1.5625289129407716,0.3350464027797887,True,True,True,False,True,False
thrust_to_torque_ratio_plus10,thrust_to_torque_ratio,1.10,1f9b17fb7b2be244d29116b33c13001aff7f8dc472eb24d5914484bf1c522a8a,pinv,2,2,0.496000,14,63400014,seeded_ic_v1,m2_routing_stability_eta0p496_v1,m2route_thrust_to_torque_ratio_plus10_pinv_eta0p496_seed63400014,seeded_ic_v1,pinv,/home/suhas/crazysim_ws/safe-landing-ftc/results/final/model_sensitivity/ofat/m2_routing_stability_eta0p496/trials/m2route_thrust_to_torque_ratio_plus10_pinv_eta0p496_seed63400014.csv,4185,pinv_bounded_wls_w1_1_1_0.2_lambda1e-06,bounded_fault_aware_wls,0,0,0,0,0.6939132809638977,-0.0037938125897198915,True,True,15.04404354095459,adaptive_brake,0.32018670439720154,0.008013425326995406,0.11906719952821732,0.30792181214628744,0.021158704369012,True,True,True,True,True,True
thrust_to_torque_ratio_plus10,thrust_to_torque_ratio,1.10,1f9b17fb7b2be244d29116b33c13001aff7f8dc472eb24d5914484bf1c522a8a,pinv,1,2,0.496000,15,63400015,seeded_ic_v1,m2_routing_stability_eta0p496_v1,m2route_thrust_to_torque_ratio_plus10_pinv_eta0p496_seed63400015,seeded_ic_v1,pinv,/home/suhas/crazysim_ws/safe-landing-ftc/results/final/model_sensitivity/ofat/m2_routing_stability_eta0p496/trials/m2route_thrust_to_torque_ratio_plus10_pinv_eta0p496_seed63400015.csv,4200,pinv_bounded_wls_w1_1_1_0.2_lambda1e-06,bounded_fault_aware_wls,0,0,0,0,0.7087669372558594,-0.0036256115417927504,True,True,15.12662124633789,adaptive_brake,0.33303409814834595,0.007780716597921403,0.11434236168861389,0.31434700084953393,0.02239966523733379,True,True,True,True,True,True
thrust_to_torque_ratio_plus10,thrust_to_torque_ratio,1.10,1f9b17fb7b2be244d29116b33c13001aff7f8dc472eb24d5914484bf1c522a8a,cem,2,2,0.496000,15,63400015,seeded_ic_v1,m2_routing_stability_eta0p496_v1,m2route_thrust_to_torque_ratio_plus10_cem_eta0p496_seed63400015,seeded_ic_v1,qplite,/home/suhas/crazysim_ws/safe-landing-ftc/results/final/model_sensitivity/ofat/m2_routing_stability_eta0p496/trials/m2route_thrust_to_torque_ratio_plus10_cem_eta0p496_seed63400015.csv,4197,cem_tuned_boundary,balanced_3000_0_3000_12000,3000,0,3000,12000,0.7087519764900208,-0.004034025594592094,True,True,14.229000091552734,adaptive_brake,0.3460223376750946,0.013973305079819568,8.471220016479492,1.5611026833115624,0.34017006047180093,True,True,True,False,True,False
thrust_to_torque_ratio_plus10,thrust_to_torque_ratio,1.10,1f9b17fb7b2be244d29116b33c13001aff7f8dc472eb24d5914484bf1c522a8a,cem,1,2,0.496000,16,63400016,seeded_ic_v1,m2_routing_stability_eta0p496_v1,m2route_thrust_to_torque_ratio_plus10_cem_eta0p496_seed63400016,seeded_ic_v1,qplite,/home/suhas/crazysim_ws/safe-landing-ftc/results/final/model_sensitivity/ofat/m2_routing_stability_eta0p496/trials/m2route_thrust_to_torque_ratio_plus10_cem_eta0p496_seed63400016.csv,4191,cem_tuned_boundary,balanced_3000_0_3000_12000,3000,0,3000,12000,0.7314035892486572,-0.0038827634416520596,True,True,14.105549573898315,adaptive_brake,0.3572574853897095,0.013917291021947036,8.543510437011719,1.574038607043972,0.33131199431743075,False,True,True,False,True,False
thrust_to_torque_ratio_plus10,thrust_to_torque_ratio,1.10,1f9b17fb7b2be244d29116b33c13001aff7f8dc472eb24d5914484bf1c522a8a,pinv,2,2,0.496000,16,63400016,seeded_ic_v1,m2_routing_stability_eta0p496_v1,m2route_thrust_to_torque_ratio_plus10_pinv_eta0p496_seed63400016,seeded_ic_v1,pinv,/home/suhas/crazysim_ws/safe-landing-ftc/results/final/model_sensitivity/ofat/m2_routing_stability_eta0p496/trials/m2route_thrust_to_torque_ratio_plus10_pinv_eta0p496_seed63400016.csv,4188,pinv_bounded_wls_w1_1_1_0.2_lambda1e-06,bounded_fault_aware_wls,0,0,0,0,0.7313987612724304,-0.004129141103476286,True,True,15.190097332000732,adaptive_brake,0.33092066645622253,0.006846729439612004,0.12911272048950195,0.30469934678967947,0.02457055599285048,True,True,True,True,True,True
thrust_to_torque_ratio_plus10,thrust_to_torque_ratio,1.10,1f9b17fb7b2be244d29116b33c13001aff7f8dc472eb24d5914484bf1c522a8a,pinv,1,2,0.496000,17,63400017,seeded_ic_v1,m2_routing_stability_eta0p496_v1,m2route_thrust_to_torque_ratio_plus10_pinv_eta0p496_seed63400017,seeded_ic_v1,pinv,/home/suhas/crazysim_ws/safe-landing-ftc/results/final/model_sensitivity/ofat/m2_routing_stability_eta0p496/trials/m2route_thrust_to_torque_ratio_plus10_pinv_eta0p496_seed63400017.csv,4207,pinv_bounded_wls_w1_1_1_0.2_lambda1e-06,bounded_fault_aware_wls,0,0,0,0,0.7156562209129333,-0.003595380811020732,True,True,15.264342069625854,adaptive_brake,0.32921987771987915,0.007665008478602273,0.12721660733222961,0.3094640585748406,0.02150974593103239,True,True,True,True,True,True
thrust_to_torque_ratio_plus10,thrust_to_torque_ratio,1.10,1f9b17fb7b2be244d29116b33c13001aff7f8dc472eb24d5914484bf1c522a8a,cem,2,2,0.496000,17,63400017,seeded_ic_v1,m2_routing_stability_eta0p496_v1,m2route_thrust_to_torque_ratio_plus10_cem_eta0p496_seed63400017,seeded_ic_v1,qplite,/home/suhas/crazysim_ws/safe-landing-ftc/results/final/model_sensitivity/ofat/m2_routing_stability_eta0p496/trials/m2route_thrust_to_torque_ratio_plus10_cem_eta0p496_seed63400017.csv,4206,cem_tuned_boundary,balanced_3000_0_3000_12000,3000,0,3000,12000,0.7158254384994507,-0.0036639468744397163,True,True,14.064905881881714,adaptive_brake,0.3650282919406891,0.014779827409669741,8.521416664123535,1.5903269361854933,0.3193474667386164,False,True,True,False,True,False
thrust_to_torque_ratio_plus10,thrust_to_torque_ratio,1.10,1f9b17fb7b2be244d29116b33c13001aff7f8dc472eb24d5914484bf1c522a8a,cem,1,2,0.496000,18,63400018,seeded_ic_v1,m2_routing_stability_eta0p496_v1,m2route_thrust_to_torque_ratio_plus10_cem_eta0p496_seed63400018,seeded_ic_v1,qplite,/home/suhas/crazysim_ws/safe-landing-ftc/results/final/model_sensitivity/ofat/m2_routing_stability_eta0p496/trials/m2route_thrust_to_torque_ratio_plus10_cem_eta0p496_seed63400018.csv,4212,cem_tuned_boundary,balanced_3000_0_3000_12000,3000,0,3000,12000,0.7153792977333069,-0.003909797873347998,True,True,14.145384311676025,adaptive_brake,0.35549482703208923,0.014710181143805191,8.515713691711426,1.5625885952495713,0.32674364528413763,False,True,True,False,True,False
thrust_to_torque_ratio_plus10,thrust_to_torque_ratio,1.10,1f9b17fb7b2be244d29116b33c13001aff7f8dc472eb24d5914484bf1c522a8a,pinv,2,2,0.496000,18,63400018,seeded_ic_v1,m2_routing_stability_eta0p496_v1,m2route_thrust_to_torque_ratio_plus10_pinv_eta0p496_seed63400018,seeded_ic_v1,pinv,/home/suhas/crazysim_ws/safe-landing-ftc/results/final/model_sensitivity/ofat/m2_routing_stability_eta0p496/trials/m2route_thrust_to_torque_ratio_plus10_pinv_eta0p496_seed63400018.csv,4212,pinv_bounded_wls_w1_1_1_0.2_lambda1e-06,bounded_fault_aware_wls,0,0,0,0,0.7153975963592529,-0.00391437578946352,True,True,15.284335374832153,adaptive_brake,0.3289235532283783,0.007674190605148095,0.11644334346055984,0.3100553805900846,0.022726471296277983,True,True,True,True,True,True
thrust_to_torque_ratio_plus10,thrust_to_torque_ratio,1.10,1f9b17fb7b2be244d29116b33c13001aff7f8dc472eb24d5914484bf1c522a8a,pinv,1,2,0.496000,19,63400019,seeded_ic_v1,m2_routing_stability_eta0p496_v1,m2route_thrust_to_torque_ratio_plus10_pinv_eta0p496_seed63400019,seeded_ic_v1,pinv,/home/suhas/crazysim_ws/safe-landing-ftc/results/final/model_sensitivity/ofat/m2_routing_stability_eta0p496/trials/m2route_thrust_to_torque_ratio_plus10_pinv_eta0p496_seed63400019.csv,4176,pinv_bounded_wls_w1_1_1_0.2_lambda1e-06,bounded_fault_aware_wls,0,0,0,0,0.7156035900115967,-0.0037803815212100744,True,True,14.94746208190918,adaptive_brake,0.3370928168296814,0.007486026058163164,0.11835183203220367,0.31430802625242904,0.021183189372129513,True,True,True,True,True,True
thrust_to_torque_ratio_plus10,thrust_to_torque_ratio,1.10,1f9b17fb7b2be244d29116b33c13001aff7f8dc472eb24d5914484bf1c522a8a,cem,2,2,0.496000,19,63400019,seeded_ic_v1,m2_routing_stability_eta0p496_v1,m2route_thrust_to_torque_ratio_plus10_cem_eta0p496_seed63400019,seeded_ic_v1,qplite,/home/suhas/crazysim_ws/safe-landing-ftc/results/final/model_sensitivity/ofat/m2_routing_stability_eta0p496/trials/m2route_thrust_to_torque_ratio_plus10_cem_eta0p496_seed63400019.csv,4176,cem_tuned_boundary,balanced_3000_0_3000_12000,3000,0,3000,12000,0.715630829334259,-0.004149728454649448,True,True,13.86650800704956,adaptive_brake,0.36317965388298035,0.016081009337327916,8.556720733642578,1.56350048411591,0.32969386935301803,False,True,True,False,True,False
thrust_to_torque_ratio_plus10,thrust_to_torque_ratio,1.10,1f9b17fb7b2be244d29116b33c13001aff7f8dc472eb24d5914484bf1c522a8a,cem,1,2,0.496000,20,63400020,seeded_ic_v1,m2_routing_stability_eta0p496_v1,m2route_thrust_to_torque_ratio_plus10_cem_eta0p496_seed63400020,seeded_ic_v1,qplite,/home/suhas/crazysim_ws/safe-landing-ftc/results/final/model_sensitivity/ofat/m2_routing_stability_eta0p496/trials/m2route_thrust_to_torque_ratio_plus10_cem_eta0p496_seed63400020.csv,4185,cem_tuned_boundary,balanced_3000_0_3000_12000,3000,0,3000,12000,0.7035955190658569,-0.0037263676058501005,True,True,13.924428939819336,adaptive_brake,0.35329753160476685,0.015041108028882269,8.54794979095459,1.59146246068424,0.32611671350517185,False,True,True,False,True,False
thrust_to_torque_ratio_plus10,thrust_to_torque_ratio,1.10,1f9b17fb7b2be244d29116b33c13001aff7f8dc472eb24d5914484bf1c522a8a,pinv,2,2,0.496000,20,63400020,seeded_ic_v1,m2_routing_stability_eta0p496_v1,m2route_thrust_to_torque_ratio_plus10_pinv_eta0p496_seed63400020,seeded_ic_v1,pinv,/home/suhas/crazysim_ws/safe-landing-ftc/results/final/model_sensitivity/ofat/m2_routing_stability_eta0p496/trials/m2route_thrust_to_torque_ratio_plus10_pinv_eta0p496_seed63400020.csv,4182,pinv_bounded_wls_w1_1_1_0.2_lambda1e-06,bounded_fault_aware_wls,0,0,0,0,0.7038518786430359,-0.0036749891005456448,True,True,15.070611715316772,adaptive_brake,0.32666802406311035,0.008050434710305166,0.10966252535581589,0.30384691771441696,0.01923751912199382,True,True,True,True,True,True
thrust_to_torque_ratio_plus10,thrust_to_torque_ratio,1.10,1f9b17fb7b2be244d29116b33c13001aff7f8dc472eb24d5914484bf1c522a8a,pinv,1,2,0.496000,21,63400021,seeded_ic_v1,m2_routing_stability_eta0p496_v1,m2route_thrust_to_torque_ratio_plus10_pinv_eta0p496_seed63400021,seeded_ic_v1,pinv,/home/suhas/crazysim_ws/safe-landing-ftc/results/final/model_sensitivity/ofat/m2_routing_stability_eta0p496/trials/m2route_thrust_to_torque_ratio_plus10_pinv_eta0p496_seed63400021.csv,4215,pinv_bounded_wls_w1_1_1_0.2_lambda1e-06,bounded_fault_aware_wls,0,0,0,0,0.6962124109268188,-0.003835037350654602,True,True,15.266154289245605,adaptive_brake,0.3248797655105591,0.007626694116204056,0.12041620165109634,0.29830610813738373,0.02285202728645322,True,True,True,True,True,True
thrust_to_torque_ratio_plus10,thrust_to_torque_ratio,1.10,1f9b17fb7b2be244d29116b33c13001aff7f8dc472eb24d5914484bf1c522a8a,cem,2,2,0.496000,21,63400021,seeded_ic_v1,m2_routing_stability_eta0p496_v1,m2route_thrust_to_torque_ratio_plus10_cem_eta0p496_seed63400021,seeded_ic_v1,qplite,/home/suhas/crazysim_ws/safe-landing-ftc/results/final/model_sensitivity/ofat/m2_routing_stability_eta0p496/trials/m2route_thrust_to_torque_ratio_plus10_cem_eta0p496_seed63400021.csv,4215,cem_tuned_boundary,balanced_3000_0_3000_12000,3000,0,3000,12000,0.6962170600891113,-0.003900306299328804,True,True,14.004215240478516,adaptive_brake,0.3641001582145691,0.016244780401921503,8.5346097946167,1.5487751744695082,0.3165479910533602,False,True,True,False,True,False
thrust_to_torque_ratio_plus10,thrust_to_torque_ratio,1.10,1f9b17fb7b2be244d29116b33c13001aff7f8dc472eb24d5914484bf1c522a8a,cem,1,2,0.496000,22,63400022,seeded_ic_v1,m2_routing_stability_eta0p496_v1,m2route_thrust_to_torque_ratio_plus10_cem_eta0p496_seed63400022,seeded_ic_v1,qplite,/home/suhas/crazysim_ws/safe-landing-ftc/results/final/model_sensitivity/ofat/m2_routing_stability_eta0p496/trials/m2route_thrust_to_torque_ratio_plus10_cem_eta0p496_seed63400022.csv,4164,cem_tuned_boundary,balanced_3000_0_3000_12000,3000,0,3000,12000,0.7182446718215942,-0.003940400667488575,True,True,13.846699714660645,adaptive_brake,0.3421401381492615,0.01367705701368677,8.550496101379395,1.5843641546140879,0.324266779574601,True,True,True,False,True,False
thrust_to_torque_ratio_plus10,thrust_to_torque_ratio,1.10,1f9b17fb7b2be244d29116b33c13001aff7f8dc472eb24d5914484bf1c522a8a,pinv,2,2,0.496000,22,63400022,seeded_ic_v1,m2_routing_stability_eta0p496_v1,m2route_thrust_to_torque_ratio_plus10_pinv_eta0p496_seed63400022,seeded_ic_v1,pinv,/home/suhas/crazysim_ws/safe-landing-ftc/results/final/model_sensitivity/ofat/m2_routing_stability_eta0p496/trials/m2route_thrust_to_torque_ratio_plus10_pinv_eta0p496_seed63400022.csv,4163,pinv_bounded_wls_w1_1_1_0.2_lambda1e-06,bounded_fault_aware_wls,0,0,0,0,0.7182439565658569,-0.0041146655566990376,True,True,14.963955163955688,adaptive_brake,0.32820549607276917,0.007789586201446562,0.11723961681127548,0.31003747828693573,0.021527660292478875,True,True,True,True,True,True
thrust_to_torque_ratio_plus10,thrust_to_torque_ratio,1.10,1f9b17fb7b2be244d29116b33c13001aff7f8dc472eb24d5914484bf1c522a8a,pinv,1,2,0.496000,23,63400023,seeded_ic_v1,m2_routing_stability_eta0p496_v1,m2route_thrust_to_torque_ratio_plus10_pinv_eta0p496_seed63400023,seeded_ic_v1,pinv,/home/suhas/crazysim_ws/safe-landing-ftc/results/final/model_sensitivity/ofat/m2_routing_stability_eta0p496/trials/m2route_thrust_to_torque_ratio_plus10_pinv_eta0p496_seed63400023.csv,4209,pinv_bounded_wls_w1_1_1_0.2_lambda1e-06,bounded_fault_aware_wls,0,0,0,0,0.7026937007904053,-0.0034566812682896852,True,True,15.26489520072937,adaptive_brake,0.32490283250808716,0.008128860413751786,0.10872334241867065,0.30155669340018404,0.020308933458438656,True,True,True,True,True,True
thrust_to_torque_ratio_plus10,thrust_to_torque_ratio,1.10,1f9b17fb7b2be244d29116b33c13001aff7f8dc472eb24d5914484bf1c522a8a,cem,2,2,0.496000,23,63400023,seeded_ic_v1,m2_routing_stability_eta0p496_v1,m2route_thrust_to_torque_ratio_plus10_cem_eta0p496_seed63400023,seeded_ic_v1,qplite,/home/suhas/crazysim_ws/safe-landing-ftc/results/final/model_sensitivity/ofat/m2_routing_stability_eta0p496/trials/m2route_thrust_to_torque_ratio_plus10_cem_eta0p496_seed63400023.csv,4209,cem_tuned_boundary,balanced_3000_0_3000_12000,3000,0,3000,12000,0.7027453184127808,-0.003582502482458949,True,True,14.14571237564087,adaptive_brake,0.356181800365448,0.015460855099227134,8.543436050415039,1.5871869977054205,0.33422289052473825,False,True,True,False,True,False
thrust_to_torque_ratio_plus10,thrust_to_torque_ratio,1.10,1f9b17fb7b2be244d29116b33c13001aff7f8dc472eb24d5914484bf1c522a8a,cem,1,2,0.496000,24,63400024,seeded_ic_v1,m2_routing_stability_eta0p496_v1,m2route_thrust_to_torque_ratio_plus10_cem_eta0p496_seed63400024,seeded_ic_v1,qplite,/home/suhas/crazysim_ws/safe-landing-ftc/results/final/model_sensitivity/ofat/m2_routing_stability_eta0p496/trials/m2route_thrust_to_torque_ratio_plus10_cem_eta0p496_seed63400024.csv,4224,cem_tuned_boundary,balanced_3000_0_3000_12000,3000,0,3000,12000,0.697648823261261,-0.003630505409091711,True,True,14.225226163864136,adaptive_brake,0.3457963168621063,0.0146487328412247,8.512542724609375,1.5635633750874813,0.3289860254953613,True,True,True,False,True,False
thrust_to_torque_ratio_plus10,thrust_to_torque_ratio,1.10,1f9b17fb7b2be244d29116b33c13001aff7f8dc472eb24d5914484bf1c522a8a,pinv,2,2,0.496000,24,63400024,seeded_ic_v1,m2_routing_stability_eta0p496_v1,m2route_thrust_to_torque_ratio_plus10_pinv_eta0p496_seed63400024,seeded_ic_v1,pinv,/home/suhas/crazysim_ws/safe-landing-ftc/results/final/model_sensitivity/ofat/m2_routing_stability_eta0p496/trials/m2route_thrust_to_torque_ratio_plus10_pinv_eta0p496_seed63400024.csv,4224,pinv_bounded_wls_w1_1_1_0.2_lambda1e-06,bounded_fault_aware_wls,0,0,0,0,0.6977843046188354,-0.0035251458175480366,True,True,15.24341869354248,adaptive_brake,0.32976874709129333,0.008018013792086465,0.1120484322309494,0.317483434658943,0.021829336952873795,True,True,True,True,True,True
thrust_to_torque_ratio_plus10,thrust_to_torque_ratio,1.10,1f9b17fb7b2be244d29116b33c13001aff7f8dc472eb24d5914484bf1c522a8a,pinv,1,2,0.496000,25,63400025,seeded_ic_v1,m2_routing_stability_eta0p496_v1,m2route_thrust_to_torque_ratio_plus10_pinv_eta0p496_seed63400025,seeded_ic_v1,pinv,/home/suhas/crazysim_ws/safe-landing-ftc/results/final/model_sensitivity/ofat/m2_routing_stability_eta0p496/trials/m2route_thrust_to_torque_ratio_plus10_pinv_eta0p496_seed63400025.csv,4224,pinv_bounded_wls_w1_1_1_0.2_lambda1e-06,bounded_fault_aware_wls,0,0,0,0,0.7140422463417053,-0.0038749631494283676,True,True,15.407100200653076,adaptive_brake,0.3260869085788727,0.007706215602739278,0.11769627034664154,0.30362703690315435,0.02070153046689932,True,True,True,True,True,True
thrust_to_torque_ratio_plus10,thrust_to_torque_ratio,1.10,1f9b17fb7b2be244d29116b33c13001aff7f8dc472eb24d5914484bf1c522a8a,cem,2,2,0.496000,25,63400025,seeded_ic_v1,m2_routing_stability_eta0p496_v1,m2route_thrust_to_torque_ratio_plus10_cem_eta0p496_seed63400025,seeded_ic_v1,qplite,/home/suhas/crazysim_ws/safe-landing-ftc/results/final/model_sensitivity/ofat/m2_routing_stability_eta0p496/trials/m2route_thrust_to_torque_ratio_plus10_cem_eta0p496_seed63400025.csv,4227,cem_tuned_boundary,balanced_3000_0_3000_12000,3000,0,3000,12000,0.7141463160514832,-0.0035692197270691395,True,True,14.387645721435547,adaptive_brake,0.34827589988708496,0.014140818590831968,8.521095275878906,1.5511723051877495,0.33594142788312426,True,True,True,False,True,False
thrust_to_torque_ratio_plus10,thrust_to_torque_ratio,1.10,1f9b17fb7b2be244d29116b33c13001aff7f8dc472eb24d5914484bf1c522a8a,cem,1,2,0.496000,26,63400026,seeded_ic_v1,m2_routing_stability_eta0p496_v1,m2route_thrust_to_torque_ratio_plus10_cem_eta0p496_seed63400026,seeded_ic_v1,qplite,/home/suhas/crazysim_ws/safe-landing-ftc/results/final/model_sensitivity/ofat/m2_routing_stability_eta0p496/trials/m2route_thrust_to_torque_ratio_plus10_cem_eta0p496_seed63400026.csv,4221,cem_tuned_boundary,balanced_3000_0_3000_12000,3000,0,3000,12000,0.7280886173248291,-0.0037614109460264444,True,True,14.188928365707397,adaptive_brake,0.3724396228790283,0.014957609127326698,8.52182674407959,1.5658056914464493,0.32153785871872576,False,True,True,False,True,False
thrust_to_torque_ratio_plus10,thrust_to_torque_ratio,1.10,1f9b17fb7b2be244d29116b33c13001aff7f8dc472eb24d5914484bf1c522a8a,pinv,2,2,0.496000,26,63400026,seeded_ic_v1,m2_routing_stability_eta0p496_v1,m2route_thrust_to_torque_ratio_plus10_pinv_eta0p496_seed63400026,seeded_ic_v1,pinv,/home/suhas/crazysim_ws/safe-landing-ftc/results/final/model_sensitivity/ofat/m2_routing_stability_eta0p496/trials/m2route_thrust_to_torque_ratio_plus10_pinv_eta0p496_seed63400026.csv,4221,pinv_bounded_wls_w1_1_1_0.2_lambda1e-06,bounded_fault_aware_wls,0,0,0,0,0.7279964685440063,-0.004019420128315687,True,True,15.404102563858032,adaptive_brake,0.3320910334587097,0.007637036113614918,0.11256253719329834,0.31004465867598446,0.02105079189504235,True,True,True,True,True,True
thrust_to_torque_ratio_plus10,thrust_to_torque_ratio,1.10,1f9b17fb7b2be244d29116b33c13001aff7f8dc472eb24d5914484bf1c522a8a,pinv,1,2,0.496000,27,63400027,seeded_ic_v1,m2_routing_stability_eta0p496_v1,m2route_thrust_to_torque_ratio_plus10_pinv_eta0p496_seed63400027,seeded_ic_v1,pinv,/home/suhas/crazysim_ws/safe-landing-ftc/results/final/model_sensitivity/ofat/m2_routing_stability_eta0p496/trials/m2route_thrust_to_torque_ratio_plus10_pinv_eta0p496_seed63400027.csv,4200,pinv_bounded_wls_w1_1_1_0.2_lambda1e-06,bounded_fault_aware_wls,0,0,0,0,0.6977090835571289,-0.0036857123486697674,True,True,15.167656660079956,adaptive_brake,0.31961703300476074,0.008055852868908853,0.11898496001958847,0.3027865589373507,0.02225049357346694,True,True,True,True,True,True
thrust_to_torque_ratio_plus10,thrust_to_torque_ratio,1.10,1f9b17fb7b2be244d29116b33c13001aff7f8dc472eb24d5914484bf1c522a8a,cem,2,2,0.496000,27,63400027,seeded_ic_v1,m2_routing_stability_eta0p496_v1,m2route_thrust_to_torque_ratio_plus10_cem_eta0p496_seed63400027,seeded_ic_v1,qplite,/home/suhas/crazysim_ws/safe-landing-ftc/results/final/model_sensitivity/ofat/m2_routing_stability_eta0p496/trials/m2route_thrust_to_torque_ratio_plus10_cem_eta0p496_seed63400027.csv,4197,cem_tuned_boundary,balanced_3000_0_3000_12000,3000,0,3000,12000,0.6977670192718506,-0.0036918146070092916,True,True,13.985682249069214,adaptive_brake,0.3587600290775299,0.015913998918946688,8.513569831848145,1.5839421813142684,0.32457610941826853,False,True,True,False,True,False
thrust_to_torque_ratio_plus10,thrust_to_torque_ratio,1.10,1f9b17fb7b2be244d29116b33c13001aff7f8dc472eb24d5914484bf1c522a8a,cem,1,2,0.496000,28,63400028,seeded_ic_v1,m2_routing_stability_eta0p496_v1,m2route_thrust_to_torque_ratio_plus10_cem_eta0p496_seed63400028,seeded_ic_v1,qplite,/home/suhas/crazysim_ws/safe-landing-ftc/results/final/model_sensitivity/ofat/m2_routing_stability_eta0p496/trials/m2route_thrust_to_torque_ratio_plus10_cem_eta0p496_seed63400028.csv,4194,cem_tuned_boundary,balanced_3000_0_3000_12000,3000,0,3000,12000,0.6967154145240784,-0.0037032829131931067,True,True,13.906901359558105,adaptive_brake,0.3569345772266388,0.016678364135158802,8.472414016723633,1.5419423682238305,0.3271951426723452,False,True,True,False,True,False
thrust_to_torque_ratio_plus10,thrust_to_torque_ratio,1.10,1f9b17fb7b2be244d29116b33c13001aff7f8dc472eb24d5914484bf1c522a8a,pinv,2,2,0.496000,28,63400028,seeded_ic_v1,m2_routing_stability_eta0p496_v1,m2route_thrust_to_torque_ratio_plus10_pinv_eta0p496_seed63400028,seeded_ic_v1,pinv,/home/suhas/crazysim_ws/safe-landing-ftc/results/final/model_sensitivity/ofat/m2_routing_stability_eta0p496/trials/m2route_thrust_to_torque_ratio_plus10_pinv_eta0p496_seed63400028.csv,4194,pinv_bounded_wls_w1_1_1_0.2_lambda1e-06,bounded_fault_aware_wls,0,0,0,0,0.696709156036377,-0.0039508831687271595,True,True,15.105560302734375,adaptive_brake,0.32914820313453674,0.008736538315933856,0.0946199893951416,0.310031486103906,0.017365054668547052,True,True,True,True,True,True
thrust_to_torque_ratio_plus10,thrust_to_torque_ratio,1.10,1f9b17fb7b2be244d29116b33c13001aff7f8dc472eb24d5914484bf1c522a8a,pinv,1,2,0.496000,29,63400029,seeded_ic_v1,m2_routing_stability_eta0p496_v1,m2route_thrust_to_torque_ratio_plus10_pinv_eta0p496_seed63400029,seeded_ic_v1,pinv,/home/suhas/crazysim_ws/safe-landing-ftc/results/final/model_sensitivity/ofat/m2_routing_stability_eta0p496/trials/m2route_thrust_to_torque_ratio_plus10_pinv_eta0p496_seed63400029.csv,4194,pinv_bounded_wls_w1_1_1_0.2_lambda1e-06,bounded_fault_aware_wls,0,0,0,0,0.7224168181419373,-0.004018104635179043,True,True,15.164509296417236,adaptive_brake,0.3314761221408844,0.0077516456832692,0.10998909920454025,0.3089508063277833,0.020863358142215186,True,True,True,True,True,True
thrust_to_torque_ratio_plus10,thrust_to_torque_ratio,1.10,1f9b17fb7b2be244d29116b33c13001aff7f8dc472eb24d5914484bf1c522a8a,cem,2,2,0.496000,29,63400029,seeded_ic_v1,m2_routing_stability_eta0p496_v1,m2route_thrust_to_torque_ratio_plus10_cem_eta0p496_seed63400029,seeded_ic_v1,qplite,/home/suhas/crazysim_ws/safe-landing-ftc/results/final/model_sensitivity/ofat/m2_routing_stability_eta0p496/trials/m2route_thrust_to_torque_ratio_plus10_cem_eta0p496_seed63400029.csv,4194,cem_tuned_boundary,balanced_3000_0_3000_12000,3000,0,3000,12000,0.7224419713020325,-0.0039826612919569016,True,True,13.943869590759277,adaptive_brake,0.37357208132743835,0.014381806666549712,8.550320625305176,1.5726736241022938,0.3087568457634035,False,True,True,False,True,False
thrust_to_torque_ratio_plus10,thrust_to_torque_ratio,1.10,1f9b17fb7b2be244d29116b33c13001aff7f8dc472eb24d5914484bf1c522a8a,cem,1,2,0.496000,30,63400030,seeded_ic_v1,m2_routing_stability_eta0p496_v1,m2route_thrust_to_torque_ratio_plus10_cem_eta0p496_seed63400030,seeded_ic_v1,qplite,/home/suhas/crazysim_ws/safe-landing-ftc/results/final/model_sensitivity/ofat/m2_routing_stability_eta0p496/trials/m2route_thrust_to_torque_ratio_plus10_cem_eta0p496_seed63400030.csv,4220,cem_tuned_boundary,balanced_3000_0_3000_12000,3000,0,3000,12000,0.7245455980300903,-0.003703024936839938,True,True,14.392154455184937,adaptive_brake,0.3510700762271881,0.014176065945426575,8.544522285461426,1.5643823206278853,0.340746746556506,False,True,True,False,True,False
thrust_to_torque_ratio_plus10,thrust_to_torque_ratio,1.10,1f9b17fb7b2be244d29116b33c13001aff7f8dc472eb24d5914484bf1c522a8a,pinv,2,2,0.496000,30,63400030,seeded_ic_v1,m2_routing_stability_eta0p496_v1,m2route_thrust_to_torque_ratio_plus10_pinv_eta0p496_seed63400030,seeded_ic_v1,pinv,/home/suhas/crazysim_ws/safe-landing-ftc/results/final/model_sensitivity/ofat/m2_routing_stability_eta0p496/trials/m2route_thrust_to_torque_ratio_plus10_pinv_eta0p496_seed63400030.csv,4221,pinv_bounded_wls_w1_1_1_0.2_lambda1e-06,bounded_fault_aware_wls,0,0,0,0,0.7247077226638794,-0.003941774368286133,True,True,15.265454053878784,adaptive_brake,0.3433776795864105,0.007863821742038556,0.11436203122138977,0.31639349944435724,0.021455097841796014,True,True,True,True,True,True
arm_length_minus10,arm_length,0.90,48642b53e45c6e13081a9c5132e64519e1c1c67e8eeb29cb9c2610889cb13399,pinv,1,2,0.496000,1,63400001,seeded_ic_v1,m2_routing_stability_eta0p496_v1,m2route_arm_length_minus10_pinv_eta0p496_seed63400001,seeded_ic_v1,pinv,/home/suhas/crazysim_ws/safe-landing-ftc/results/final/model_sensitivity/ofat/m2_routing_stability_eta0p496/trials/m2route_arm_length_minus10_pinv_eta0p496_seed63400001.csv,4176,pinv_bounded_wls_w1_1_1_0.2_lambda1e-06,bounded_fault_aware_wls,0,0,0,0,0.7140080332756042,-0.004056161735206842,True,True,15.078433990478516,adaptive_brake,0.32624247670173645,0.008106531210151983,0.12108088284730911,0.31006716996210976,0.019729014524053887,True,True,True,True,True,True
arm_length_minus10,arm_length,0.90,48642b53e45c6e13081a9c5132e64519e1c1c67e8eeb29cb9c2610889cb13399,cem,2,2,0.496000,1,63400001,seeded_ic_v1,m2_routing_stability_eta0p496_v1,m2route_arm_length_minus10_cem_eta0p496_seed63400001,seeded_ic_v1,qplite,/home/suhas/crazysim_ws/safe-landing-ftc/results/final/model_sensitivity/ofat/m2_routing_stability_eta0p496/trials/m2route_arm_length_minus10_cem_eta0p496_seed63400001.csv,4176,cem_tuned_boundary,balanced_3000_0_3000_12000,3000,0,3000,12000,0.7140345573425293,-0.004027939401566982,True,True,14.188819885253906,adaptive_brake,0.38357579708099365,0.014345684946958757,8.612001419067383,1.5694751860060738,0.3082048656762984,False,True,True,False,True,False
arm_length_minus10,arm_length,0.90,48642b53e45c6e13081a9c5132e64519e1c1c67e8eeb29cb9c2610889cb13399,cem,1,2,0.496000,2,63400002,seeded_ic_v1,m2_routing_stability_eta0p496_v1,m2route_arm_length_minus10_cem_eta0p496_seed63400002,seeded_ic_v1,qplite,/home/suhas/crazysim_ws/safe-landing-ftc/results/final/model_sensitivity/ofat/m2_routing_stability_eta0p496/trials/m2route_arm_length_minus10_cem_eta0p496_seed63400002.csv,4203,cem_tuned_boundary,balanced_3000_0_3000_12000,3000,0,3000,12000,0.7103753685951233,-0.003929149825125933,True,True,14.643853664398193,adaptive_brake,0.3740612864494324,0.014399644615619296,8.65070629119873,1.554852455996368,0.3390772773082372,False,True,True,False,True,False
arm_length_minus10,arm_length,0.90,48642b53e45c6e13081a9c5132e64519e1c1c67e8eeb29cb9c2610889cb13399,pinv,2,2,0.496000,2,63400002,seeded_ic_v1,m2_routing_stability_eta0p496_v1,m2route_arm_length_minus10_pinv_eta0p496_seed63400002,seeded_ic_v1,pinv,/home/suhas/crazysim_ws/safe-landing-ftc/results/final/model_sensitivity/ofat/m2_routing_stability_eta0p496/trials/m2route_arm_length_minus10_pinv_eta0p496_seed63400002.csv,4200,pinv_bounded_wls_w1_1_1_0.2_lambda1e-06,bounded_fault_aware_wls,0,0,0,0,0.71038419008255,-0.0036727923434227705,True,True,15.186118602752686,adaptive_brake,0.3342682123184204,0.00906689193266017,0.10292872786521912,0.30687707464307823,0.020052554916613667,True,True,True,True,True,True
arm_length_minus10,arm_length,0.90,48642b53e45c6e13081a9c5132e64519e1c1c67e8eeb29cb9c2610889cb13399,pinv,1,2,0.496000,3,63400003,seeded_ic_v1,m2_routing_stability_eta0p496_v1,m2route_arm_length_minus10_pinv_eta0p496_seed63400003,seeded_ic_v1,pinv,/home/suhas/crazysim_ws/safe-landing-ftc/results/final/model_sensitivity/ofat/m2_routing_stability_eta0p496/trials/m2route_arm_length_minus10_pinv_eta0p496_seed63400003.csv,4191,pinv_bounded_wls_w1_1_1_0.2_lambda1e-06,bounded_fault_aware_wls,0,0,0,0,0.7331705093383789,-0.0039017023518681526,True,True,15.164396286010742,adaptive_brake,0.33995914459228516,0.00852404011701445,0.10276667028665543,0.30680475368088556,0.01960976842926841,True,True,True,True,True,True
arm_length_minus10,arm_length,0.90,48642b53e45c6e13081a9c5132e64519e1c1c67e8eeb29cb9c2610889cb13399,cem,2,2,0.496000,3,63400003,seeded_ic_v1,m2_routing_stability_eta0p496_v1,m2route_arm_length_minus10_cem_eta0p496_seed63400003,seeded_ic_v1,qplite,/home/suhas/crazysim_ws/safe-landing-ftc/results/final/model_sensitivity/ofat/m2_routing_stability_eta0p496/trials/m2route_arm_length_minus10_cem_eta0p496_seed63400003.csv,4191,cem_tuned_boundary,balanced_3000_0_3000_12000,3000,0,3000,12000,0.7332016229629517,-0.0039153192192316055,True,True,14.566816091537476,adaptive_brake,0.38367339968681335,0.014199570533360155,8.632308959960938,1.5427931283511853,0.3322692451203637,False,True,True,False,True,False
arm_length_minus10,arm_length,0.90,48642b53e45c6e13081a9c5132e64519e1c1c67e8eeb29cb9c2610889cb13399,cem,1,2,0.496000,4,63400004,seeded_ic_v1,m2_routing_stability_eta0p496_v1,m2route_arm_length_minus10_cem_eta0p496_seed63400004,seeded_ic_v1,qplite,/home/suhas/crazysim_ws/safe-landing-ftc/results/final/model_sensitivity/ofat/m2_routing_stability_eta0p496/trials/m2route_arm_length_minus10_cem_eta0p496_seed63400004.csv,4227,cem_tuned_boundary,balanced_3000_0_3000_12000,3000,0,3000,12000,0.7279241681098938,-0.003625506069511175,True,True,14.765703201293945,adaptive_brake,0.3881046175956726,0.014781805358427625,8.622102737426758,1.5645275101960736,0.3334104228465993,False,True,True,False,True,False
arm_length_minus10,arm_length,0.90,48642b53e45c6e13081a9c5132e64519e1c1c67e8eeb29cb9c2610889cb13399,pinv,2,2,0.496000,4,63400004,seeded_ic_v1,m2_routing_stability_eta0p496_v1,m2route_arm_length_minus10_pinv_eta0p496_seed63400004,seeded_ic_v1,pinv,/home/suhas/crazysim_ws/safe-landing-ftc/results/final/model_sensitivity/ofat/m2_routing_stability_eta0p496/trials/m2route_arm_length_minus10_pinv_eta0p496_seed63400004.csv,4227,pinv_bounded_wls_w1_1_1_0.2_lambda1e-06,bounded_fault_aware_wls,0,0,0,0,0.7278802394866943,-0.00392780639231205,True,True,15.405343532562256,adaptive_brake,0.3329278230667114,0.007948070940604518,0.11005421727895737,0.3111153956943371,0.021254370892468323,True,True,True,True,True,True
arm_length_minus10,arm_length,0.90,48642b53e45c6e13081a9c5132e64519e1c1c67e8eeb29cb9c2610889cb13399,pinv,1,2,0.496000,5,63400005,seeded_ic_v1,m2_routing_stability_eta0p496_v1,m2route_arm_length_minus10_pinv_eta0p496_seed63400005,seeded_ic_v1,pinv,/home/suhas/crazysim_ws/safe-landing-ftc/results/final/model_sensitivity/ofat/m2_routing_stability_eta0p496/trials/m2route_arm_length_minus10_pinv_eta0p496_seed63400005.csv,4224,pinv_bounded_wls_w1_1_1_0.2_lambda1e-06,bounded_fault_aware_wls,0,0,0,0,0.7325912714004517,-0.0038038655184209347,True,True,15.345006465911865,adaptive_brake,0.34564459323883057,0.007650054257198265,0.12296479940414429,0.3142972007496817,0.021374181246101343,True,True,True,True,True,True
arm_length_minus10,arm_length,0.90,48642b53e45c6e13081a9c5132e64519e1c1c67e8eeb29cb9c2610889cb13399,cem,2,2,0.496000,5,63400005,seeded_ic_v1,m2_routing_stability_eta0p496_v1,m2route_arm_length_minus10_cem_eta0p496_seed63400005,seeded_ic_v1,qplite,/home/suhas/crazysim_ws/safe-landing-ftc/results/final/model_sensitivity/ofat/m2_routing_stability_eta0p496/trials/m2route_arm_length_minus10_cem_eta0p496_seed63400005.csv,4224,cem_tuned_boundary,balanced_3000_0_3000_12000,3000,0,3000,12000,0.7325693964958191,-0.0038882773369550705,True,True,14.662733793258667,adaptive_brake,0.39027512073516846,0.015343002152003881,8.629729270935059,1.5613736888364549,0.33216824036917475,False,True,True,False,True,False
arm_length_minus10,arm_length,0.90,48642b53e45c6e13081a9c5132e64519e1c1c67e8eeb29cb9c2610889cb13399,cem,1,2,0.496000,6,63400006,seeded_ic_v1,m2_routing_stability_eta0p496_v1,m2route_arm_length_minus10_cem_eta0p496_seed63400006,seeded_ic_v1,qplite,/home/suhas/crazysim_ws/safe-landing-ftc/results/final/model_sensitivity/ofat/m2_routing_stability_eta0p496/trials/m2route_arm_length_minus10_cem_eta0p496_seed63400006.csv,4215,cem_tuned_boundary,balanced_3000_0_3000_12000,3000,0,3000,12000,0.730201005935669,-0.003766125300899148,True,True,14.66514778137207,adaptive_brake,0.39307793974876404,0.014817702524419041,8.607529640197754,1.5608385240912477,0.3280676966595741,False,True,True,False,True,False
arm_length_minus10,arm_length,0.90,48642b53e45c6e13081a9c5132e64519e1c1c67e8eeb29cb9c2610889cb13399,pinv,2,2,0.496000,6,63400006,seeded_ic_v1,m2_routing_stability_eta0p496_v1,m2route_arm_length_minus10_pinv_eta0p496_seed63400006,seeded_ic_v1,pinv,/home/suhas/crazysim_ws/safe-landing-ftc/results/final/model_sensitivity/ofat/m2_routing_stability_eta0p496/trials/m2route_arm_length_minus10_pinv_eta0p496_seed63400006.csv,4215,pinv_bounded_wls_w1_1_1_0.2_lambda1e-06,bounded_fault_aware_wls,0,0,0,0,0.7300593852996826,-0.0036671736743301153,True,True,15.349299192428589,adaptive_brake,0.33812615275382996,0.008016612324173906,0.11699042469263077,0.30070830498307133,0.019576657775347398,True,True,True,True,True,True
arm_length_minus10,arm_length,0.90,48642b53e45c6e13081a9c5132e64519e1c1c67e8eeb29cb9c2610889cb13399,pinv,1,2,0.496000,7,63400007,seeded_ic_v1,m2_routing_stability_eta0p496_v1,m2route_arm_length_minus10_pinv_eta0p496_seed63400007,seeded_ic_v1,pinv,/home/suhas/crazysim_ws/safe-landing-ftc/results/final/model_sensitivity/ofat/m2_routing_stability_eta0p496/trials/m2route_arm_length_minus10_pinv_eta0p496_seed63400007.csv,4230,pinv_bounded_wls_w1_1_1_0.2_lambda1e-06,bounded_fault_aware_wls,0,0,0,0,0.7165287137031555,-0.00378985283896327,True,True,15.425750494003296,adaptive_brake,0.3322901427745819,0.008133540098352859,0.109926238656044,0.29831420667682906,0.02086421616991121,True,True,True,True,True,True
arm_length_minus10,arm_length,0.90,48642b53e45c6e13081a9c5132e64519e1c1c67e8eeb29cb9c2610889cb13399,cem,2,2,0.496000,7,63400007,seeded_ic_v1,m2_routing_stability_eta0p496_v1,m2route_arm_length_minus10_cem_eta0p496_seed63400007,seeded_ic_v1,qplite,/home/suhas/crazysim_ws/safe-landing-ftc/results/final/model_sensitivity/ofat/m2_routing_stability_eta0p496/trials/m2route_arm_length_minus10_cem_eta0p496_seed63400007.csv,4230,cem_tuned_boundary,balanced_3000_0_3000_12000,3000,0,3000,12000,0.7165156602859497,-0.003893381915986538,True,True,14.786914110183716,adaptive_brake,0.3762580156326294,0.014601222821089806,8.652728080749512,1.5496859325505046,0.3344721885081671,False,True,True,False,True,False
arm_length_minus10,arm_length,0.90,48642b53e45c6e13081a9c5132e64519e1c1c67e8eeb29cb9c2610889cb13399,cem,1,2,0.496000,8,63400008,seeded_ic_v1,m2_routing_stability_eta0p496_v1,m2route_arm_length_minus10_cem_eta0p496_seed63400008,seeded_ic_v1,qplite,/home/suhas/crazysim_ws/safe-landing-ftc/results/final/model_sensitivity/ofat/m2_routing_stability_eta0p496/trials/m2route_arm_length_minus10_cem_eta0p496_seed63400008.csv,4206,cem_tuned_boundary,balanced_3000_0_3000_12000,3000,0,3000,12000,0.7207472920417786,-0.0035642068833112717,True,True,14.565183162689209,adaptive_brake,0.38349708914756775,0.014430567245320266,8.640899658203125,1.549494629525594,0.32160903535504193,False,True,True,False,True,False
arm_length_minus10,arm_length,0.90,48642b53e45c6e13081a9c5132e64519e1c1c67e8eeb29cb9c2610889cb13399,pinv,2,2,0.496000,8,63400008,seeded_ic_v1,m2_routing_stability_eta0p496_v1,m2route_arm_length_minus10_pinv_eta0p496_seed63400008,seeded_ic_v1,pinv,/home/suhas/crazysim_ws/safe-landing-ftc/results/final/model_sensitivity/ofat/m2_routing_stability_eta0p496/trials/m2route_arm_length_minus10_pinv_eta0p496_seed63400008.csv,4206,pinv_bounded_wls_w1_1_1_0.2_lambda1e-06,bounded_fault_aware_wls,0,0,0,0,0.7208793759346008,-0.0037915066350251436,True,True,15.264484405517578,adaptive_brake,0.33539193868637085,0.008360487580583274,0.11519769579172134,0.30428045963034406,0.019199545822419874,True,True,True,True,True,True
arm_length_minus10,arm_length,0.90,48642b53e45c6e13081a9c5132e64519e1c1c67e8eeb29cb9c2610889cb13399,pinv,1,2,0.496000,9,63400009,seeded_ic_v1,m2_routing_stability_eta0p496_v1,m2route_arm_length_minus10_pinv_eta0p496_seed63400009,seeded_ic_v1,pinv,/home/suhas/crazysim_ws/safe-landing-ftc/results/final/model_sensitivity/ofat/m2_routing_stability_eta0p496/trials/m2route_arm_length_minus10_pinv_eta0p496_seed63400009.csv,4161,pinv_bounded_wls_w1_1_1_0.2_lambda1e-06,bounded_fault_aware_wls,0,0,0,0,0.7281913161277771,-0.0040009659714996815,True,True,14.904213666915894,adaptive_brake,0.34044185280799866,0.007870465318903704,0.119503453373909,0.31109330864365325,0.022015808251424854,True,True,True,True,True,True
arm_length_minus10,arm_length,0.90,48642b53e45c6e13081a9c5132e64519e1c1c67e8eeb29cb9c2610889cb13399,cem,2,2,0.496000,9,63400009,seeded_ic_v1,m2_routing_stability_eta0p496_v1,m2route_arm_length_minus10_cem_eta0p496_seed63400009,seeded_ic_v1,qplite,/home/suhas/crazysim_ws/safe-landing-ftc/results/final/model_sensitivity/ofat/m2_routing_stability_eta0p496/trials/m2route_arm_length_minus10_cem_eta0p496_seed63400009.csv,4158,cem_tuned_boundary,balanced_3000_0_3000_12000,3000,0,3000,12000,0.7281367778778076,-0.004179012030363083,True,True,14.111262321472168,adaptive_brake,0.4037109613418579,0.015254747442331065,8.664644241333008,1.554793039701636,0.31137859178069593,False,True,True,False,True,False
arm_length_minus10,arm_length,0.90,48642b53e45c6e13081a9c5132e64519e1c1c67e8eeb29cb9c2610889cb13399,cem,1,2,0.496000,10,63400010,seeded_ic_v1,m2_routing_stability_eta0p496_v1,m2route_arm_length_minus10_cem_eta0p496_seed63400010,seeded_ic_v1,qplite,/home/suhas/crazysim_ws/safe-landing-ftc/results/final/model_sensitivity/ofat/m2_routing_stability_eta0p496/trials/m2route_arm_length_minus10_cem_eta0p496_seed63400010.csv,4180,cem_tuned_boundary,balanced_3000_0_3000_12000,3000,0,3000,12000,0.7291895747184753,-0.00395979592576623,True,True,14.42673110961914,adaptive_brake,0.3898397386074066,0.014177284162891749,8.605132102966309,1.5613791891269115,0.3191856942363654,False,True,True,False,True,False
arm_length_minus10,arm_length,0.90,48642b53e45c6e13081a9c5132e64519e1c1c67e8eeb29cb9c2610889cb13399,pinv,2,2,0.496000,10,63400010,seeded_ic_v1,m2_routing_stability_eta0p496_v1,m2route_arm_length_minus10_pinv_eta0p496_seed63400010,seeded_ic_v1,pinv,/home/suhas/crazysim_ws/safe-landing-ftc/results/final/model_sensitivity/ofat/m2_routing_stability_eta0p496/trials/m2route_arm_length_minus10_pinv_eta0p496_seed63400010.csv,4179,pinv_bounded_wls_w1_1_1_0.2_lambda1e-06,bounded_fault_aware_wls,0,0,0,0,0.7291289567947388,-0.00408772611990571,True,True,15.047405242919922,adaptive_brake,0.34431859850883484,0.00787561262066971,0.12045250087976456,0.3087597646669483,0.021941217330692157,True,True,True,True,True,True
arm_length_minus10,arm_length,0.90,48642b53e45c6e13081a9c5132e64519e1c1c67e8eeb29cb9c2610889cb13399,pinv,1,2,0.496000,11,63400011,seeded_ic_v1,m2_routing_stability_eta0p496_v1,m2route_arm_length_minus10_pinv_eta0p496_seed63400011,seeded_ic_v1,pinv,/home/suhas/crazysim_ws/safe-landing-ftc/results/final/model_sensitivity/ofat/m2_routing_stability_eta0p496/trials/m2route_arm_length_minus10_pinv_eta0p496_seed63400011.csv,4224,pinv_bounded_wls_w1_1_1_0.2_lambda1e-06,bounded_fault_aware_wls,0,0,0,0,0.7029450535774231,-0.003640916896983981,True,True,15.345664739608765,adaptive_brake,0.32953986525535583,0.008504424594714349,0.10839749127626419,0.3017444233063416,0.020729489627979783,True,True,True,True,True,True
arm_length_minus10,arm_length,0.90,48642b53e45c6e13081a9c5132e64519e1c1c67e8eeb29cb9c2610889cb13399,cem,2,2,0.496000,11,63400011,seeded_ic_v1,m2_routing_stability_eta0p496_v1,m2route_arm_length_minus10_cem_eta0p496_seed63400011,seeded_ic_v1,qplite,/home/suhas/crazysim_ws/safe-landing-ftc/results/final/model_sensitivity/ofat/m2_routing_stability_eta0p496/trials/m2route_arm_length_minus10_cem_eta0p496_seed63400011.csv,4224,cem_tuned_boundary,balanced_3000_0_3000_12000,3000,0,3000,12000,0.7029603123664856,-0.003370179096236825,True,True,14.765563249588013,adaptive_brake,0.36861443519592285,0.01401787332022541,8.60710334777832,1.5508205500424226,0.33337918747571577,False,True,True,False,True,False
arm_length_minus10,arm_length,0.90,48642b53e45c6e13081a9c5132e64519e1c1c67e8eeb29cb9c2610889cb13399,cem,1,2,0.496000,12,63400012,seeded_ic_v1,m2_routing_stability_eta0p496_v1,m2route_arm_length_minus10_cem_eta0p496_seed63400012,seeded_ic_v1,qplite,/home/suhas/crazysim_ws/safe-landing-ftc/results/final/model_sensitivity/ofat/m2_routing_stability_eta0p496/trials/m2route_arm_length_minus10_cem_eta0p496_seed63400012.csv,4191,cem_tuned_boundary,balanced_3000_0_3000_12000,3000,0,3000,12000,0.7210538983345032,-0.003947519231587648,True,True,14.30602765083313,adaptive_brake,0.40185749530792236,0.016020438292181045,8.630881309509277,1.5600794413981223,0.32270501760771203,False,True,True,False,True,False
arm_length_minus10,arm_length,0.90,48642b53e45c6e13081a9c5132e64519e1c1c67e8eeb29cb9c2610889cb13399,pinv,2,2,0.496000,12,63400012,seeded_ic_v1,m2_routing_stability_eta0p496_v1,m2route_arm_length_minus10_pinv_eta0p496_seed63400012,seeded_ic_v1,pinv,/home/suhas/crazysim_ws/safe-landing-ftc/results/final/model_sensitivity/ofat/m2_routing_stability_eta0p496/trials/m2route_arm_length_minus10_pinv_eta0p496_seed63400012.csv,4191,pinv_bounded_wls_w1_1_1_0.2_lambda1e-06,bounded_fault_aware_wls,0,0,0,0,0.720928966999054,-0.0038650687783956528,True,True,15.185629606246948,adaptive_brake,0.33336615562438965,0.008042069964426534,0.11919549852609634,0.3014871981206407,0.01982979890369276,True,True,True,True,True,True
arm_length_minus10,arm_length,0.90,48642b53e45c6e13081a9c5132e64519e1c1c67e8eeb29cb9c2610889cb13399,pinv,1,2,0.496000,13,63400013,seeded_ic_v1,m2_routing_stability_eta0p496_v1,m2route_arm_length_minus10_pinv_eta0p496_seed63400013,seeded_ic_v1,pinv,/home/suhas/crazysim_ws/safe-landing-ftc/results/final/model_sensitivity/ofat/m2_routing_stability_eta0p496/trials/m2route_arm_length_minus10_pinv_eta0p496_seed63400013.csv,4194,pinv_bounded_wls_w1_1_1_0.2_lambda1e-06,bounded_fault_aware_wls,0,0,0,0,0.7150992751121521,-0.003763325046747923,True,True,15.165685176849365,adaptive_brake,0.3307192623615265,0.008660355359893995,0.10018293559551239,0.3004103606906249,0.01951286324150302,True,True,True,True,True,True
arm_length_minus10,arm_length,0.90,48642b53e45c6e13081a9c5132e64519e1c1c67e8eeb29cb9c2610889cb13399,cem,2,2,0.496000,13,63400013,seeded_ic_v1,m2_routing_stability_eta0p496_v1,m2route_arm_length_minus10_cem_eta0p496_seed63400013,seeded_ic_v1,qplite,/home/suhas/crazysim_ws/safe-landing-ftc/results/final/model_sensitivity/ofat/m2_routing_stability_eta0p496/trials/m2route_arm_length_minus10_cem_eta0p496_seed63400013.csv,4191,cem_tuned_boundary,balanced_3000_0_3000_12000,3000,0,3000,12000,0.7151418924331665,-0.0036757702473551035,True,True,14.26537823677063,adaptive_brake,0.3887319266796112,0.014381155759711021,8.63868522644043,1.5504566823149741,0.3048411968141021,False,True,True,False,True,False
arm_length_minus10,arm_length,0.90,48642b53e45c6e13081a9c5132e64519e1c1c67e8eeb29cb9c2610889cb13399,cem,1,2,0.496000,14,63400014,seeded_ic_v1,m2_routing_stability_eta0p496_v1,m2route_arm_length_minus10_cem_eta0p496_seed63400014,seeded_ic_v1,qplite,/home/suhas/crazysim_ws/safe-landing-ftc/results/final/model_sensitivity/ofat/m2_routing_stability_eta0p496/trials/m2route_arm_length_minus10_cem_eta0p496_seed63400014.csv,4185,cem_tuned_boundary,balanced_3000_0_3000_12000,3000,0,3000,12000,0.6940634250640869,-0.00383118842728436,True,True,14.486582279205322,adaptive_brake,0.3670443296432495,0.014232052310510028,8.588094711303711,1.5604170296591553,0.3330693598049419,False,True,True,False,True,False
arm_length_minus10,arm_length,0.90,48642b53e45c6e13081a9c5132e64519e1c1c67e8eeb29cb9c2610889cb13399,pinv,2,2,0.496000,14,63400014,seeded_ic_v1,m2_routing_stability_eta0p496_v1,m2route_arm_length_minus10_pinv_eta0p496_seed63400014,seeded_ic_v1,pinv,/home/suhas/crazysim_ws/safe-landing-ftc/results/final/model_sensitivity/ofat/m2_routing_stability_eta0p496/trials/m2route_arm_length_minus10_pinv_eta0p496_seed63400014.csv,4182,pinv_bounded_wls_w1_1_1_0.2_lambda1e-06,bounded_fault_aware_wls,0,0,0,0,0.6940041780471802,-0.003732159035280347,True,True,15.007977962493896,adaptive_brake,0.3281836211681366,0.008423580386998053,0.10887949168682098,0.30895048139101955,0.019252071334418246,True,True,True,True,True,True
arm_length_minus10,arm_length,0.90,48642b53e45c6e13081a9c5132e64519e1c1c67e8eeb29cb9c2610889cb13399,pinv,1,2,0.496000,15,63400015,seeded_ic_v1,m2_routing_stability_eta0p496_v1,m2route_arm_length_minus10_pinv_eta0p496_seed63400015,seeded_ic_v1,pinv,/home/suhas/crazysim_ws/safe-landing-ftc/results/final/model_sensitivity/ofat/m2_routing_stability_eta0p496/trials/m2route_arm_length_minus10_pinv_eta0p496_seed63400015.csv,4197,pinv_bounded_wls_w1_1_1_0.2_lambda1e-06,bounded_fault_aware_wls,0,0,0,0,0.7088296413421631,-0.0038281490560621023,True,True,15.226025581359863,adaptive_brake,0.32530513405799866,0.008696884706365862,0.11049557477235794,0.29957939952055807,0.017244306162694966,True,True,True,True,True,True
arm_length_minus10,arm_length,0.90,48642b53e45c6e13081a9c5132e64519e1c1c67e8eeb29cb9c2610889cb13399,cem,2,2,0.496000,15,63400015,seeded_ic_v1,m2_routing_stability_eta0p496_v1,m2route_arm_length_minus10_cem_eta0p496_seed63400015,seeded_ic_v1,qplite,/home/suhas/crazysim_ws/safe-landing-ftc/results/final/model_sensitivity/ofat/m2_routing_stability_eta0p496/trials/m2route_arm_length_minus10_cem_eta0p496_seed63400015.csv,4200,cem_tuned_boundary,balanced_3000_0_3000_12000,3000,0,3000,12000,0.708805501461029,-0.003812233218923211,True,True,14.426366090774536,adaptive_brake,0.38501763343811035,0.01509319144749146,8.614899635314941,1.5859170212998759,0.32216246157675477,False,True,True,False,True,False
arm_length_minus10,arm_length,0.90,48642b53e45c6e13081a9c5132e64519e1c1c67e8eeb29cb9c2610889cb13399,cem,1,2,0.496000,16,63400016,seeded_ic_v1,m2_routing_stability_eta0p496_v1,m2route_arm_length_minus10_cem_eta0p496_seed63400016,seeded_ic_v1,qplite,/home/suhas/crazysim_ws/safe-landing-ftc/results/final/model_sensitivity/ofat/m2_routing_stability_eta0p496/trials/m2route_arm_length_minus10_cem_eta0p496_seed63400016.csv,4191,cem_tuned_boundary,balanced_3000_0_3000_12000,3000,0,3000,12000,0.7314727306365967,-0.004025462083518505,True,True,14.48424220085144,adaptive_brake,0.3932231366634369,0.014908155594376757,8.608063697814941,1.5820899329477625,0.3240582314772918,False,True,True,False,True,False
arm_length_minus10,arm_length,0.90,48642b53e45c6e13081a9c5132e64519e1c1c67e8eeb29cb9c2610889cb13399,pinv,2,2,0.496000,16,63400016,seeded_ic_v1,m2_routing_stability_eta0p496_v1,m2route_arm_length_minus10_pinv_eta0p496_seed63400016,seeded_ic_v1,pinv,/home/suhas/crazysim_ws/safe-landing-ftc/results/final/model_sensitivity/ofat/m2_routing_stability_eta0p496/trials/m2route_arm_length_minus10_pinv_eta0p496_seed63400016.csv,4191,pinv_bounded_wls_w1_1_1_0.2_lambda1e-06,bounded_fault_aware_wls,0,0,0,0,0.731469452381134,-0.003818478435277939,True,True,15.18427038192749,adaptive_brake,0.33633658289909363,0.008253261288830917,0.1115218922495842,0.3036020636915781,0.021070125030138085,True,True,True,True,True,True
arm_length_minus10,arm_length,0.90,48642b53e45c6e13081a9c5132e64519e1c1c67e8eeb29cb9c2610889cb13399,pinv,1,2,0.496000,17,63400017,seeded_ic_v1,m2_routing_stability_eta0p496_v1,m2route_arm_length_minus10_pinv_eta0p496_seed63400017,seeded_ic_v1,pinv,/home/suhas/crazysim_ws/safe-landing-ftc/results/final/model_sensitivity/ofat/m2_routing_stability_eta0p496/trials/m2route_arm_length_minus10_pinv_eta0p496_seed63400017.csv,4206,pinv_bounded_wls_w1_1_1_0.2_lambda1e-06,bounded_fault_aware_wls,0,0,0,0,0.715793251991272,-0.003830953501164913,True,True,15.226873874664307,adaptive_brake,0.3359689712524414,0.00793152364207509,0.12078142166137695,0.3068463570495471,0.021238770919353438,True,True,True,True,True,True
arm_length_minus10,arm_length,0.90,48642b53e45c6e13081a9c5132e64519e1c1c67e8eeb29cb9c2610889cb13399,cem,2,2,0.496000,17,63400017,seeded_ic_v1,m2_routing_stability_eta0p496_v1,m2route_arm_length_minus10_cem_eta0p496_seed63400017,seeded_ic_v1,qplite,/home/suhas/crazysim_ws/safe-landing-ftc/results/final/model_sensitivity/ofat/m2_routing_stability_eta0p496/trials/m2route_arm_length_minus10_cem_eta0p496_seed63400017.csv,4206,cem_tuned_boundary,balanced_3000_0_3000_12000,3000,0,3000,12000,0.7155882716178894,-0.0037208038847893476,True,True,14.670469999313354,adaptive_brake,0.3806810677051544,0.013820271300125423,8.618617057800293,1.5753686987021673,0.3275883156641719,False,True,True,False,True,False
arm_length_minus10,arm_length,0.90,48642b53e45c6e13081a9c5132e64519e1c1c67e8eeb29cb9c2610889cb13399,cem,1,2,0.496000,18,63400018,seeded_ic_v1,m2_routing_stability_eta0p496_v1,m2route_arm_length_minus10_cem_eta0p496_seed63400018,seeded_ic_v1,qplite,/home/suhas/crazysim_ws/safe-landing-ftc/results/final/model_sensitivity/ofat/m2_routing_stability_eta0p496/trials/m2route_arm_length_minus10_cem_eta0p496_seed63400018.csv,4212,cem_tuned_boundary,balanced_3000_0_3000_12000,3000,0,3000,12000,0.7155043482780457,-0.0037172806914895773,True,True,14.683808088302612,adaptive_brake,0.3785179853439331,0.014282345449697323,8.636968612670898,1.5638803822761786,0.33143136668601497,False,True,True,False,True,False
arm_length_minus10,arm_length,0.90,48642b53e45c6e13081a9c5132e64519e1c1c67e8eeb29cb9c2610889cb13399,pinv,2,2,0.496000,18,63400018,seeded_ic_v1,m2_routing_stability_eta0p496_v1,m2route_arm_length_minus10_pinv_eta0p496_seed63400018,seeded_ic_v1,pinv,/home/suhas/crazysim_ws/safe-landing-ftc/results/final/model_sensitivity/ofat/m2_routing_stability_eta0p496/trials/m2route_arm_length_minus10_pinv_eta0p496_seed63400018.csv,4212,pinv_bounded_wls_w1_1_1_0.2_lambda1e-06,bounded_fault_aware_wls,0,0,0,0,0.7153913378715515,-0.0038006759714335203,True,True,15.34575080871582,adaptive_brake,0.32238876819610596,0.008097290633266743,0.11094126105308533,0.29706849314861,0.021348982371972542,True,True,True,True,True,True
arm_length_minus10,arm_length,0.90,48642b53e45c6e13081a9c5132e64519e1c1c67e8eeb29cb9c2610889cb13399,pinv,1,2,0.496000,19,63400019,seeded_ic_v1,m2_routing_stability_eta0p496_v1,m2route_arm_length_minus10_pinv_eta0p496_seed63400019,seeded_ic_v1,pinv,/home/suhas/crazysim_ws/safe-landing-ftc/results/final/model_sensitivity/ofat/m2_routing_stability_eta0p496/trials/m2route_arm_length_minus10_pinv_eta0p496_seed63400019.csv,4176,pinv_bounded_wls_w1_1_1_0.2_lambda1e-06,bounded_fault_aware_wls,0,0,0,0,0.7154793739318848,-0.0038401696365326643,True,True,15.003134727478027,adaptive_brake,0.339316725730896,0.008219172513695427,0.10943440347909927,0.3175416439433578,0.020324630251089885,True,True,True,True,True,True
arm_length_minus10,arm_length,0.90,48642b53e45c6e13081a9c5132e64519e1c1c67e8eeb29cb9c2610889cb13399,cem,2,2,0.496000,19,63400019,seeded_ic_v1,m2_routing_stability_eta0p496_v1,m2route_arm_length_minus10_cem_eta0p496_seed63400019,seeded_ic_v1,qplite,/home/suhas/crazysim_ws/safe-landing-ftc/results/final/model_sensitivity/ofat/m2_routing_stability_eta0p496/trials/m2route_arm_length_minus10_cem_eta0p496_seed63400019.csv,4176,cem_tuned_boundary,balanced_3000_0_3000_12000,3000,0,3000,12000,0.7156198024749756,-0.004031097516417503,True,True,14.326605081558228,adaptive_brake,0.3859141170978546,0.01465224549248374,8.645011901855469,1.577191713251579,0.3194905971212095,False,True,True,False,True,False
arm_length_minus10,arm_length,0.90,48642b53e45c6e13081a9c5132e64519e1c1c67e8eeb29cb9c2610889cb13399,cem,1,2,0.496000,20,63400020,seeded_ic_v1,m2_routing_stability_eta0p496_v1,m2route_arm_length_minus10_cem_eta0p496_seed63400020,seeded_ic_v1,qplite,/home/suhas/crazysim_ws/safe-landing-ftc/results/final/model_sensitivity/ofat/m2_routing_stability_eta0p496/trials/m2route_arm_length_minus10_cem_eta0p496_seed63400020.csv,4182,cem_tuned_boundary,balanced_3000_0_3000_12000,3000,0,3000,12000,0.7035459876060486,-0.0038282324094325304,True,True,14.54918909072876,adaptive_brake,0.3718107342720032,0.013780428641397592,8.6255464553833,1.564629161325447,0.33377876095650905,False,True,True,False,True,False
arm_length_minus10,arm_length,0.90,48642b53e45c6e13081a9c5132e64519e1c1c67e8eeb29cb9c2610889cb13399,pinv,2,2,0.496000,20,63400020,seeded_ic_v1,m2_routing_stability_eta0p496_v1,m2route_arm_length_minus10_pinv_eta0p496_seed63400020,seeded_ic_v1,pinv,/home/suhas/crazysim_ws/safe-landing-ftc/results/final/model_sensitivity/ofat/m2_routing_stability_eta0p496/trials/m2route_arm_length_minus10_pinv_eta0p496_seed63400020.csv,4185,pinv_bounded_wls_w1_1_1_0.2_lambda1e-06,bounded_fault_aware_wls,0,0,0,0,0.7037655711174011,-0.0037925327196717262,True,True,15.044899225234985,adaptive_brake,0.32520225644111633,0.008375240164692807,0.10285534709692001,0.303625637634052,0.02079129518432271,True,True,True,True,True,True
arm_length_minus10,arm_length,0.90,48642b53e45c6e13081a9c5132e64519e1c1c67e8eeb29cb9c2610889cb13399,pinv,1,2,0.496000,21,63400021,seeded_ic_v1,m2_routing_stability_eta0p496_v1,m2route_arm_length_minus10_pinv_eta0p496_seed63400021,seeded_ic_v1,pinv,/home/suhas/crazysim_ws/safe-landing-ftc/results/final/model_sensitivity/ofat/m2_routing_stability_eta0p496/trials/m2route_arm_length_minus10_pinv_eta0p496_seed63400021.csv,4215,pinv_bounded_wls_w1_1_1_0.2_lambda1e-06,bounded_fault_aware_wls,0,0,0,0,0.6962811946868896,-0.00377681409008801,True,True,15.224030494689941,adaptive_brake,0.33150726556777954,0.008037969078087005,0.12383195012807846,0.31046179872498253,0.021199230569007625,True,True,True,True,True,True
arm_length_minus10,arm_length,0.90,48642b53e45c6e13081a9c5132e64519e1c1c67e8eeb29cb9c2610889cb13399,cem,2,2,0.496000,21,63400021,seeded_ic_v1,m2_routing_stability_eta0p496_v1,m2route_arm_length_minus10_cem_eta0p496_seed63400021,seeded_ic_v1,qplite,/home/suhas/crazysim_ws/safe-landing-ftc/results/final/model_sensitivity/ofat/m2_routing_stability_eta0p496/trials/m2route_arm_length_minus10_cem_eta0p496_seed63400021.csv,4215,cem_tuned_boundary,balanced_3000_0_3000_12000,3000,0,3000,12000,0.6962337493896484,-0.0037356221582740545,True,True,14.669113159179688,adaptive_brake,0.3782743811607361,0.014815363918704024,8.588248252868652,1.553215010428697,0.33144032891544895,False,True,True,False,True,False
arm_length_minus10,arm_length,0.90,48642b53e45c6e13081a9c5132e64519e1c1c67e8eeb29cb9c2610889cb13399,cem,1,2,0.496000,22,63400022,seeded_ic_v1,m2_routing_stability_eta0p496_v1,m2route_arm_length_minus10_cem_eta0p496_seed63400022,seeded_ic_v1,qplite,/home/suhas/crazysim_ws/safe-landing-ftc/results/final/model_sensitivity/ofat/m2_routing_stability_eta0p496/trials/m2route_arm_length_minus10_cem_eta0p496_seed63400022.csv,4164,cem_tuned_boundary,balanced_3000_0_3000_12000,3000,0,3000,12000,0.7182286381721497,-0.00408588582649827,True,True,14.365469694137573,adaptive_brake,0.38323813676834106,0.01480032385332441,8.583319664001465,1.564410758894911,0.3376420176492834,False,True,True,False,True,False
arm_length_minus10,arm_length,0.90,48642b53e45c6e13081a9c5132e64519e1c1c67e8eeb29cb9c2610889cb13399,pinv,2,2,0.496000,22,63400022,seeded_ic_v1,m2_routing_stability_eta0p496_v1,m2route_arm_length_minus10_pinv_eta0p496_seed63400022,seeded_ic_v1,pinv,/home/suhas/crazysim_ws/safe-landing-ftc/results/final/model_sensitivity/ofat/m2_routing_stability_eta0p496/trials/m2route_arm_length_minus10_pinv_eta0p496_seed63400022.csv,4164,pinv_bounded_wls_w1_1_1_0.2_lambda1e-06,bounded_fault_aware_wls,0,0,0,0,0.718278706073761,-0.003915094770491123,True,True,14.944989442825317,adaptive_brake,0.33351582288742065,0.007667696225572061,0.11901401728391647,0.30574584894700185,0.022059229667277993,True,True,True,True,True,True
arm_length_minus10,arm_length,0.90,48642b53e45c6e13081a9c5132e64519e1c1c67e8eeb29cb9c2610889cb13399,pinv,1,2,0.496000,23,63400023,seeded_ic_v1,m2_routing_stability_eta0p496_v1,m2route_arm_length_minus10_pinv_eta0p496_seed63400023,seeded_ic_v1,pinv,/home/suhas/crazysim_ws/safe-landing-ftc/results/final/model_sensitivity/ofat/m2_routing_stability_eta0p496/trials/m2route_arm_length_minus10_pinv_eta0p496_seed63400023.csv,4209,pinv_bounded_wls_w1_1_1_0.2_lambda1e-06,bounded_fault_aware_wls,0,0,0,0,0.7027138471603394,-0.0037059306632727385,True,True,15.187351703643799,adaptive_brake,0.32404112815856934,0.00758011473166783,0.12997789680957794,0.3016243262372859,0.02184814129046954,True,True,True,True,True,True
arm_length_minus10,arm_length,0.90,48642b53e45c6e13081a9c5132e64519e1c1c67e8eeb29cb9c2610889cb13399,cem,2,2,0.496000,23,63400023,seeded_ic_v1,m2_routing_stability_eta0p496_v1,m2route_arm_length_minus10_cem_eta0p496_seed63400023,seeded_ic_v1,qplite,/home/suhas/crazysim_ws/safe-landing-ftc/results/final/model_sensitivity/ofat/m2_routing_stability_eta0p496/trials/m2route_arm_length_minus10_cem_eta0p496_seed63400023.csv,4209,cem_tuned_boundary,balanced_3000_0_3000_12000,3000,0,3000,12000,0.7026715874671936,-0.0035815509036183357,True,True,14.566330194473267,adaptive_brake,0.37690383195877075,0.014777095834699465,8.633527755737305,1.5794848312881982,0.326837301879558,False,True,True,False,True,False
arm_length_minus10,arm_length,0.90,48642b53e45c6e13081a9c5132e64519e1c1c67e8eeb29cb9c2610889cb13399,cem,1,2,0.496000,24,63400024,seeded_ic_v1,m2_routing_stability_eta0p496_v1,m2route_arm_length_minus10_cem_eta0p496_seed63400024,seeded_ic_v1,qplite,/home/suhas/crazysim_ws/safe-landing-ftc/results/final/model_sensitivity/ofat/m2_routing_stability_eta0p496/trials/m2route_arm_length_minus10_cem_eta0p496_seed63400024.csv,4221,cem_tuned_boundary,balanced_3000_0_3000_12000,3000,0,3000,12000,0.6976194381713867,-0.0035041130613535643,True,True,14.510523080825806,adaptive_brake,0.3899627923965454,0.015570094446972195,8.623786926269531,1.5528342593273663,0.32303766772531284,False,True,True,False,True,False
arm_length_minus10,arm_length,0.90,48642b53e45c6e13081a9c5132e64519e1c1c67e8eeb29cb9c2610889cb13399,pinv,2,2,0.496000,24,63400024,seeded_ic_v1,m2_routing_stability_eta0p496_v1,m2route_arm_length_minus10_pinv_eta0p496_seed63400024,seeded_ic_v1,pinv,/home/suhas/crazysim_ws/safe-landing-ftc/results/final/model_sensitivity/ofat/m2_routing_stability_eta0p496/trials/m2route_arm_length_minus10_pinv_eta0p496_seed63400024.csv,4224,pinv_bounded_wls_w1_1_1_0.2_lambda1e-06,bounded_fault_aware_wls,0,0,0,0,0.6977842450141907,-0.0036834918428212404,True,True,15.324020862579346,adaptive_brake,0.3258182108402252,0.008689657986220067,0.11550620198249817,0.3048147805027548,0.019758855236400086,True,True,True,True,True,True
arm_length_minus10,arm_length,0.90,48642b53e45c6e13081a9c5132e64519e1c1c67e8eeb29cb9c2610889cb13399,pinv,1,2,0.496000,25,63400025,seeded_ic_v1,m2_routing_stability_eta0p496_v1,m2route_arm_length_minus10_pinv_eta0p496_seed63400025,seeded_ic_v1,pinv,/home/suhas/crazysim_ws/safe-landing-ftc/results/final/model_sensitivity/ofat/m2_routing_stability_eta0p496/trials/m2route_arm_length_minus10_pinv_eta0p496_seed63400025.csv,4227,pinv_bounded_wls_w1_1_1_0.2_lambda1e-06,bounded_fault_aware_wls,0,0,0,0,0.7140355110168457,-0.0038864396046847105,True,True,15.304121255874634,adaptive_brake,0.33678945899009705,0.008014950941628091,0.12882716953754425,0.31321119761356325,0.023695782451807784,True,True,True,True,True,True
arm_length_minus10,arm_length,0.90,48642b53e45c6e13081a9c5132e64519e1c1c67e8eeb29cb9c2610889cb13399,cem,2,2,0.496000,25,63400025,seeded_ic_v1,m2_routing_stability_eta0p496_v1,m2route_arm_length_minus10_cem_eta0p496_seed63400025,seeded_ic_v1,qplite,/home/suhas/crazysim_ws/safe-landing-ftc/results/final/model_sensitivity/ofat/m2_routing_stability_eta0p496/trials/m2route_arm_length_minus10_cem_eta0p496_seed63400025.csv,4224,cem_tuned_boundary,balanced_3000_0_3000_12000,3000,0,3000,12000,0.7142673134803772,-0.003690795972943306,True,True,14.610367774963379,adaptive_brake,0.38190534710884094,0.014711306221449835,8.562241554260254,1.5531631058658835,0.3216584712801918,False,True,True,False,True,False
arm_length_minus10,arm_length,0.90,48642b53e45c6e13081a9c5132e64519e1c1c67e8eeb29cb9c2610889cb13399,cem,1,2,0.496000,26,63400026,seeded_ic_v1,m2_routing_stability_eta0p496_v1,m2route_arm_length_minus10_cem_eta0p496_seed63400026,seeded_ic_v1,qplite,/home/suhas/crazysim_ws/safe-landing-ftc/results/final/model_sensitivity/ofat/m2_routing_stability_eta0p496/trials/m2route_arm_length_minus10_cem_eta0p496_seed63400026.csv,4221,cem_tuned_boundary,balanced_3000_0_3000_12000,3000,0,3000,12000,0.7280030846595764,-0.0038631765637546778,True,True,14.764337539672852,adaptive_brake,0.38696151971817017,0.014610087147263548,8.632613182067871,1.5577658444962017,0.334268658850521,False,True,True,False,True,False
arm_length_minus10,arm_length,0.90,48642b53e45c6e13081a9c5132e64519e1c1c67e8eeb29cb9c2610889cb13399,pinv,2,2,0.496000,26,63400026,seeded_ic_v1,m2_routing_stability_eta0p496_v1,m2route_arm_length_minus10_pinv_eta0p496_seed63400026,seeded_ic_v1,pinv,/home/suhas/crazysim_ws/safe-landing-ftc/results/final/model_sensitivity/ofat/m2_routing_stability_eta0p496/trials/m2route_arm_length_minus10_pinv_eta0p496_seed63400026.csv,4221,pinv_bounded_wls_w1_1_1_0.2_lambda1e-06,bounded_fault_aware_wls,0,0,0,0,0.7279141545295715,-0.003963970113545656,True,True,15.305365085601807,adaptive_brake,0.33889561891555786,0.007374076279978152,0.1258353739976883,0.30151701491502886,0.022774737208229874,True,True,True,True,True,True
arm_length_minus10,arm_length,0.90,48642b53e45c6e13081a9c5132e64519e1c1c67e8eeb29cb9c2610889cb13399,pinv,1,2,0.496000,27,63400027,seeded_ic_v1,m2_routing_stability_eta0p496_v1,m2route_arm_length_minus10_pinv_eta0p496_seed63400027,seeded_ic_v1,pinv,/home/suhas/crazysim_ws/safe-landing-ftc/results/final/model_sensitivity/ofat/m2_routing_stability_eta0p496/trials/m2route_arm_length_minus10_pinv_eta0p496_seed63400027.csv,4200,pinv_bounded_wls_w1_1_1_0.2_lambda1e-06,bounded_fault_aware_wls,0,0,0,0,0.6977434754371643,-0.0036475099623203278,True,True,15.144227027893066,adaptive_brake,0.3293341398239136,0.008164721331481295,0.12246426194906235,0.30705589538691863,0.020692585600762387,True,True,True,True,True,True
arm_length_minus10,arm_length,0.90,48642b53e45c6e13081a9c5132e64519e1c1c67e8eeb29cb9c2610889cb13399,cem,2,2,0.496000,27,63400027,seeded_ic_v1,m2_routing_stability_eta0p496_v1,m2route_arm_length_minus10_cem_eta0p496_seed63400027,seeded_ic_v1,qplite,/home/suhas/crazysim_ws/safe-landing-ftc/results/final/model_sensitivity/ofat/m2_routing_stability_eta0p496/trials/m2route_arm_length_minus10_cem_eta0p496_seed63400027.csv,4200,cem_tuned_boundary,balanced_3000_0_3000_12000,3000,0,3000,12000,0.6976205706596375,-0.0039200084283947945,True,True,14.44438624382019,adaptive_brake,0.37564077973365784,0.01487588202574015,8.64638900756836,1.5565608008519407,0.3269126235172797,False,True,True,False,True,False
arm_length_minus10,arm_length,0.90,48642b53e45c6e13081a9c5132e64519e1c1c67e8eeb29cb9c2610889cb13399,cem,1,2,0.496000,28,63400028,seeded_ic_v1,m2_routing_stability_eta0p496_v1,m2route_arm_length_minus10_cem_eta0p496_seed63400028,seeded_ic_v1,qplite,/home/suhas/crazysim_ws/safe-landing-ftc/results/final/model_sensitivity/ofat/m2_routing_stability_eta0p496/trials/m2route_arm_length_minus10_cem_eta0p496_seed63400028.csv,4194,cem_tuned_boundary,balanced_3000_0_3000_12000,3000,0,3000,12000,0.69667649269104,-0.0038337961304932833,True,True,14.563920736312866,adaptive_brake,0.364775151014328,0.013899630556005387,8.603793144226074,1.5639107686752134,0.33376579791405353,False,True,True,False,True,False
arm_length_minus10,arm_length,0.90,48642b53e45c6e13081a9c5132e64519e1c1c67e8eeb29cb9c2610889cb13399,pinv,2,2,0.496000,28,63400028,seeded_ic_v1,m2_routing_stability_eta0p496_v1,m2route_arm_length_minus10_pinv_eta0p496_seed63400028,seeded_ic_v1,pinv,/home/suhas/crazysim_ws/safe-landing-ftc/results/final/model_sensitivity/ofat/m2_routing_stability_eta0p496/trials/m2route_arm_length_minus10_pinv_eta0p496_seed63400028.csv,4194,pinv_bounded_wls_w1_1_1_0.2_lambda1e-06,bounded_fault_aware_wls,0,0,0,0,0.6967926025390625,-0.0035268552601337433,True,True,15.045149087905884,adaptive_brake,0.3279588222503662,0.008504025365670674,0.1133723184466362,0.30895894204245444,0.02153473785353707,True,True,True,True,True,True
arm_length_minus10,arm_length,0.90,48642b53e45c6e13081a9c5132e64519e1c1c67e8eeb29cb9c2610889cb13399,pinv,1,2,0.496000,29,63400029,seeded_ic_v1,m2_routing_stability_eta0p496_v1,m2route_arm_length_minus10_pinv_eta0p496_seed63400029,seeded_ic_v1,pinv,/home/suhas/crazysim_ws/safe-landing-ftc/results/final/model_sensitivity/ofat/m2_routing_stability_eta0p496/trials/m2route_arm_length_minus10_pinv_eta0p496_seed63400029.csv,4194,pinv_bounded_wls_w1_1_1_0.2_lambda1e-06,bounded_fault_aware_wls,0,0,0,0,0.7223334312438965,-0.004092308692634106,True,True,15.183201789855957,adaptive_brake,0.33343374729156494,0.00809990134225838,0.11382484436035156,0.30896364960331213,0.020031118109680154,True,True,True,True,True,True
arm_length_minus10,arm_length,0.90,48642b53e45c6e13081a9c5132e64519e1c1c67e8eeb29cb9c2610889cb13399,cem,2,2,0.496000,29,63400029,seeded_ic_v1,m2_routing_stability_eta0p496_v1,m2route_arm_length_minus10_cem_eta0p496_seed63400029,seeded_ic_v1,qplite,/home/suhas/crazysim_ws/safe-landing-ftc/results/final/model_sensitivity/ofat/m2_routing_stability_eta0p496/trials/m2route_arm_length_minus10_cem_eta0p496_seed63400029.csv,4194,cem_tuned_boundary,balanced_3000_0_3000_12000,3000,0,3000,12000,0.7223878502845764,-0.004020411521196365,True,True,14.60906171798706,adaptive_brake,0.3803260624408722,0.01457892184812966,8.655633926391602,1.5608282622433154,0.33873529612476694,False,True,True,False,True,False
arm_length_minus10,arm_length,0.90,48642b53e45c6e13081a9c5132e64519e1c1c67e8eeb29cb9c2610889cb13399,cem,1,2,0.496000,30,63400030,seeded_ic_v1,m2_routing_stability_eta0p496_v1,m2route_arm_length_minus10_cem_eta0p496_seed63400030,seeded_ic_v1,qplite,/home/suhas/crazysim_ws/safe-landing-ftc/results/final/model_sensitivity/ofat/m2_routing_stability_eta0p496/trials/m2route_arm_length_minus10_cem_eta0p496_seed63400030.csv,4221,cem_tuned_boundary,balanced_3000_0_3000_12000,3000,0,3000,12000,0.7246924638748169,-0.003730494761839509,True,True,14.669137477874756,adaptive_brake,0.3869943618774414,0.014173781984160787,8.632355690002441,1.558718822468232,0.3161422442927207,False,True,True,False,True,False
arm_length_minus10,arm_length,0.90,48642b53e45c6e13081a9c5132e64519e1c1c67e8eeb29cb9c2610889cb13399,pinv,2,2,0.496000,30,63400030,seeded_ic_v1,m2_routing_stability_eta0p496_v1,m2route_arm_length_minus10_pinv_eta0p496_seed63400030,seeded_ic_v1,pinv,/home/suhas/crazysim_ws/safe-landing-ftc/results/final/model_sensitivity/ofat/m2_routing_stability_eta0p496/trials/m2route_arm_length_minus10_pinv_eta0p496_seed63400030.csv,4221,pinv_bounded_wls_w1_1_1_0.2_lambda1e-06,bounded_fault_aware_wls,0,0,0,0,0.7246163487434387,-0.00392577052116394,True,True,15.32559585571289,adaptive_brake,0.33617931604385376,0.008050104765116615,0.11494655907154083,0.31105864267775607,0.0210456753947232,True,True,True,True,True,True
arm_length_plus10,arm_length,1.10,c9ae3a49db8313ec0a0d1f7c3c40d7badb945c5ec6c07e36a1a8a35eb42ba5a8,pinv,1,2,0.496000,1,63400001,seeded_ic_v1,m2_routing_stability_eta0p496_v1,m2route_arm_length_plus10_pinv_eta0p496_seed63400001,seeded_ic_v1,pinv,/home/suhas/crazysim_ws/safe-landing-ftc/results/final/model_sensitivity/ofat/m2_routing_stability_eta0p496/trials/m2route_arm_length_plus10_pinv_eta0p496_seed63400001.csv,4173,pinv_bounded_wls_w1_1_1_0.2_lambda1e-06,bounded_fault_aware_wls,0,0,0,0,0.7140658497810364,-0.0040779937990009785,True,True,15.186254501342773,adaptive_brake,0.32357093691825867,0.007397568124625406,0.1178942397236824,0.2823461972339865,0.02272731117301436,True,True,True,True,True,True
arm_length_plus10,arm_length,1.10,c9ae3a49db8313ec0a0d1f7c3c40d7badb945c5ec6c07e36a1a8a35eb42ba5a8,cem,2,2,0.496000,1,63400001,seeded_ic_v1,m2_routing_stability_eta0p496_v1,m2route_arm_length_plus10_cem_eta0p496_seed63400001,seeded_ic_v1,qplite,/home/suhas/crazysim_ws/safe-landing-ftc/results/final/model_sensitivity/ofat/m2_routing_stability_eta0p496/trials/m2route_arm_length_plus10_cem_eta0p496_seed63400001.csv,4179,cem_tuned_boundary,balanced_3000_0_3000_12000,3000,0,3000,12000,0.7138797640800476,-0.003983402159065008,True,True,13.52473258972168,adaptive_brake,0.35594654083251953,0.019532962044093778,8.373137474060059,1.554140761410701,0.3239253360062093,False,True,True,False,True,False
arm_length_plus10,arm_length,1.10,c9ae3a49db8313ec0a0d1f7c3c40d7badb945c5ec6c07e36a1a8a35eb42ba5a8,cem,1,2,0.496000,2,63400002,seeded_ic_v1,m2_routing_stability_eta0p496_v1,m2route_arm_length_plus10_cem_eta0p496_seed63400002,seeded_ic_v1,qplite,/home/suhas/crazysim_ws/safe-landing-ftc/results/final/model_sensitivity/ofat/m2_routing_stability_eta0p496/trials/m2route_arm_length_plus10_cem_eta0p496_seed63400002.csv,4203,cem_tuned_boundary,balanced_3000_0_3000_12000,3000,0,3000,12000,0.7104588150978088,-0.0037633369211107492,True,True,13.607341289520264,adaptive_brake,0.3597765862941742,0.02010062455288141,8.454992294311523,1.550164716201993,0.31775184900823544,False,True,True,False,True,False
arm_length_plus10,arm_length,1.10,c9ae3a49db8313ec0a0d1f7c3c40d7badb945c5ec6c07e36a1a8a35eb42ba5a8,pinv,2,2,0.496000,2,63400002,seeded_ic_v1,m2_routing_stability_eta0p496_v1,m2route_arm_length_plus10_pinv_eta0p496_seed63400002,seeded_ic_v1,pinv,/home/suhas/crazysim_ws/safe-landing-ftc/results/final/model_sensitivity/ofat/m2_routing_stability_eta0p496/trials/m2route_arm_length_plus10_pinv_eta0p496_seed63400002.csv,4203,pinv_bounded_wls_w1_1_1_0.2_lambda1e-06,bounded_fault_aware_wls,0,0,0,0,0.7104194760322571,-0.0039795818738639355,True,True,15.283452033996582,adaptive_brake,0.3303471505641937,0.00843664520760683,0.08767090737819672,0.28869980107984416,0.02002047369104501,True,True,True,True,True,True
arm_length_plus10,arm_length,1.10,c9ae3a49db8313ec0a0d1f7c3c40d7badb945c5ec6c07e36a1a8a35eb42ba5a8,pinv,1,2,0.496000,3,63400003,seeded_ic_v1,m2_routing_stability_eta0p496_v1,m2route_arm_length_plus10_pinv_eta0p496_seed63400003,seeded_ic_v1,pinv,/home/suhas/crazysim_ws/safe-landing-ftc/results/final/model_sensitivity/ofat/m2_routing_stability_eta0p496/trials/m2route_arm_length_plus10_pinv_eta0p496_seed63400003.csv,4191,pinv_bounded_wls_w1_1_1_0.2_lambda1e-06,bounded_fault_aware_wls,0,0,0,0,0.7331851124763489,-0.003798132296651602,True,True,15.24628233909607,adaptive_brake,0.3320521116256714,0.0073719310440195545,0.10044173151254654,0.28874129764099393,0.022341459810817685,True,True,True,True,True,True
arm_length_plus10,arm_length,1.10,c9ae3a49db8313ec0a0d1f7c3c40d7badb945c5ec6c07e36a1a8a35eb42ba5a8,cem,2,2,0.496000,3,63400003,seeded_ic_v1,m2_routing_stability_eta0p496_v1,m2route_arm_length_plus10_cem_eta0p496_seed63400003,seeded_ic_v1,qplite,/home/suhas/crazysim_ws/safe-landing-ftc/results/final/model_sensitivity/ofat/m2_routing_stability_eta0p496/trials/m2route_arm_length_plus10_cem_eta0p496_seed63400003.csv,4191,cem_tuned_boundary,balanced_3000_0_3000_12000,3000,0,3000,12000,0.7331861257553101,-0.004105974920094013,True,True,13.744069337844849,adaptive_brake,0.3570752441883087,0.019092861081110357,8.38756275177002,1.5495792765992245,0.33441098502454414,False,True,True,False,True,False
arm_length_plus10,arm_length,1.10,c9ae3a49db8313ec0a0d1f7c3c40d7badb945c5ec6c07e36a1a8a35eb42ba5a8,cem,1,2,0.496000,4,63400004,seeded_ic_v1,m2_routing_stability_eta0p496_v1,m2route_arm_length_plus10_cem_eta0p496_seed63400004,seeded_ic_v1,qplite,/home/suhas/crazysim_ws/safe-landing-ftc/results/final/model_sensitivity/ofat/m2_routing_stability_eta0p496/trials/m2route_arm_length_plus10_cem_eta0p496_seed63400004.csv,4227,cem_tuned_boundary,balanced_3000_0_3000_12000,3000,0,3000,12000,0.7278579473495483,-0.003622220829129219,True,True,14.045162916183472,adaptive_brake,0.3444615602493286,0.0206313594631561,8.369009971618652,1.545514505259583,0.3567073922628407,True,True,True,False,True,False
arm_length_plus10,arm_length,1.10,c9ae3a49db8313ec0a0d1f7c3c40d7badb945c5ec6c07e36a1a8a35eb42ba5a8,pinv,2,2,0.496000,4,63400004,seeded_ic_v1,m2_routing_stability_eta0p496_v1,m2route_arm_length_plus10_pinv_eta0p496_seed63400004,seeded_ic_v1,pinv,/home/suhas/crazysim_ws/safe-landing-ftc/results/final/model_sensitivity/ofat/m2_routing_stability_eta0p496/trials/m2route_arm_length_plus10_pinv_eta0p496_seed63400004.csv,4224,pinv_bounded_wls_w1_1_1_0.2_lambda1e-06,bounded_fault_aware_wls,0,0,0,0,0.7277050614356995,-0.004077485296875238,True,True,15.496152400970459,adaptive_brake,0.3324776887893677,0.007273243280798803,0.10322277247905731,0.28340430009605466,0.021525165017780696,True,True,True,True,True,True
arm_length_plus10,arm_length,1.10,c9ae3a49db8313ec0a0d1f7c3c40d7badb945c5ec6c07e36a1a8a35eb42ba5a8,pinv,1,2,0.496000,5,63400005,seeded_ic_v1,m2_routing_stability_eta0p496_v1,m2route_arm_length_plus10_pinv_eta0p496_seed63400005,seeded_ic_v1,pinv,/home/suhas/crazysim_ws/safe-landing-ftc/results/final/model_sensitivity/ofat/m2_routing_stability_eta0p496/trials/m2route_arm_length_plus10_pinv_eta0p496_seed63400005.csv,4224,pinv_bounded_wls_w1_1_1_0.2_lambda1e-06,bounded_fault_aware_wls,0,0,0,0,0.7325647473335266,-0.004015828482806683,True,True,15.526544094085693,adaptive_brake,0.3299127519130707,0.007806656986993797,0.09278914332389832,0.2855316617374213,0.020099522342964058,True,True,True,True,True,True
arm_length_plus10,arm_length,1.10,c9ae3a49db8313ec0a0d1f7c3c40d7badb945c5ec6c07e36a1a8a35eb42ba5a8,cem,2,2,0.496000,5,63400005,seeded_ic_v1,m2_routing_stability_eta0p496_v1,m2route_arm_length_plus10_cem_eta0p496_seed63400005,seeded_ic_v1,qplite,/home/suhas/crazysim_ws/safe-landing-ftc/results/final/model_sensitivity/ofat/m2_routing_stability_eta0p496/trials/m2route_arm_length_plus10_cem_eta0p496_seed63400005.csv,4224,cem_tuned_boundary,balanced_3000_0_3000_12000,3000,0,3000,12000,0.7326331734657288,-0.003812597133219242,True,True,13.92417049407959,adaptive_brake,0.35292866826057434,0.0177417247881146,8.356164932250977,1.530649262203144,0.3244420745048882,False,True,True,False,True,False
arm_length_plus10,arm_length,1.10,c9ae3a49db8313ec0a0d1f7c3c40d7badb945c5ec6c07e36a1a8a35eb42ba5a8,cem,1,2,0.496000,6,63400006,seeded_ic_v1,m2_routing_stability_eta0p496_v1,m2route_arm_length_plus10_cem_eta0p496_seed63400006,seeded_ic_v1,qplite,/home/suhas/crazysim_ws/safe-landing-ftc/results/final/model_sensitivity/ofat/m2_routing_stability_eta0p496/trials/m2route_arm_length_plus10_cem_eta0p496_seed63400006.csv,4212,cem_tuned_boundary,balanced_3000_0_3000_12000,3000,0,3000,12000,0.7301048636436462,-0.00394036527723074,True,True,15.013427972793579,adaptive_brake,0.30636849999427795,0.028412315993589007,8.399056434631348,1.5464699304294383,0.5187462613422266,True,True,True,False,True,False
arm_length_plus10,arm_length,1.10,c9ae3a49db8313ec0a0d1f7c3c40d7badb945c5ec6c07e36a1a8a35eb42ba5a8,pinv,2,2,0.496000,6,63400006,seeded_ic_v1,m2_routing_stability_eta0p496_v1,m2route_arm_length_plus10_pinv_eta0p496_seed63400006,seeded_ic_v1,pinv,/home/suhas/crazysim_ws/safe-landing-ftc/results/final/model_sensitivity/ofat/m2_routing_stability_eta0p496/trials/m2route_arm_length_plus10_pinv_eta0p496_seed63400006.csv,4215,pinv_bounded_wls_w1_1_1_0.2_lambda1e-06,bounded_fault_aware_wls,0,0,0,0,0.7300860285758972,-0.0038398881442844868,True,True,15.365622520446777,adaptive_brake,0.3380798101425171,0.007450467233632187,0.09903572499752045,0.2919060090137184,0.020781645848888787,True,True,True,True,True,True
arm_length_plus10,arm_length,1.10,c9ae3a49db8313ec0a0d1f7c3c40d7badb945c5ec6c07e36a1a8a35eb42ba5a8,pinv,1,2,0.496000,7,63400007,seeded_ic_v1,m2_routing_stability_eta0p496_v1,m2route_arm_length_plus10_pinv_eta0p496_seed63400007,seeded_ic_v1,pinv,/home/suhas/crazysim_ws/safe-landing-ftc/results/final/model_sensitivity/ofat/m2_routing_stability_eta0p496/trials/m2route_arm_length_plus10_pinv_eta0p496_seed63400007.csv,4230,pinv_bounded_wls_w1_1_1_0.2_lambda1e-06,bounded_fault_aware_wls,0,0,0,0,0.7166680693626404,-0.0037212474271655083,True,True,15.465821981430054,adaptive_brake,0.3304857909679413,0.007948347463348342,0.09781406819820404,0.28979462384050775,0.01927593872538744,True,True,True,True,True,True
arm_length_plus10,arm_length,1.10,c9ae3a49db8313ec0a0d1f7c3c40d7badb945c5ec6c07e36a1a8a35eb42ba5a8,cem,2,2,0.496000,7,63400007,seeded_ic_v1,m2_routing_stability_eta0p496_v1,m2route_arm_length_plus10_cem_eta0p496_seed63400007,seeded_ic_v1,qplite,/home/suhas/crazysim_ws/safe-landing-ftc/results/final/model_sensitivity/ofat/m2_routing_stability_eta0p496/trials/m2route_arm_length_plus10_cem_eta0p496_seed63400007.csv,4230,cem_tuned_boundary,balanced_3000_0_3000_12000,3000,0,3000,12000,0.7166339159011841,-0.0036454687360674143,True,True,13.92619252204895,adaptive_brake,0.35945942997932434,0.019251202526546607,8.387653350830078,1.5371238068060296,0.3246108027439692,False,True,True,False,True,False
arm_length_plus10,arm_length,1.10,c9ae3a49db8313ec0a0d1f7c3c40d7badb945c5ec6c07e36a1a8a35eb42ba5a8,cem,1,2,0.496000,8,63400008,seeded_ic_v1,m2_routing_stability_eta0p496_v1,m2route_arm_length_plus10_cem_eta0p496_seed63400008,seeded_ic_v1,qplite,/home/suhas/crazysim_ws/safe-landing-ftc/results/final/model_sensitivity/ofat/m2_routing_stability_eta0p496/trials/m2route_arm_length_plus10_cem_eta0p496_seed63400008.csv,4206,cem_tuned_boundary,balanced_3000_0_3000_12000,3000,0,3000,12000,0.7207967638969421,-0.0038410001434385777,True,True,13.745237827301025,adaptive_brake,0.35664257407188416,0.01832133901057315,8.347274780273438,1.5221518189683294,0.32021945868720836,False,True,True,False,True,False
arm_length_plus10,arm_length,1.10,c9ae3a49db8313ec0a0d1f7c3c40d7badb945c5ec6c07e36a1a8a35eb42ba5a8,pinv,2,2,0.496000,8,63400008,seeded_ic_v1,m2_routing_stability_eta0p496_v1,m2route_arm_length_plus10_pinv_eta0p496_seed63400008,seeded_ic_v1,pinv,/home/suhas/crazysim_ws/safe-landing-ftc/results/final/model_sensitivity/ofat/m2_routing_stability_eta0p496/trials/m2route_arm_length_plus10_pinv_eta0p496_seed63400008.csv,4206,pinv_bounded_wls_w1_1_1_0.2_lambda1e-06,bounded_fault_aware_wls,0,0,0,0,0.7207791209220886,-0.0039032462518662214,True,True,15.311312437057495,adaptive_brake,0.33769190311431885,0.00803666063159445,0.09962224215269089,0.2993853273017,0.021159554166555582,True,True,True,True,True,True
arm_length_plus10,arm_length,1.10,c9ae3a49db8313ec0a0d1f7c3c40d7badb945c5ec6c07e36a1a8a35eb42ba5a8,pinv,1,2,0.496000,9,63400009,seeded_ic_v1,m2_routing_stability_eta0p496_v1,m2route_arm_length_plus10_pinv_eta0p496_seed63400009,seeded_ic_v1,pinv,/home/suhas/crazysim_ws/safe-landing-ftc/results/final/model_sensitivity/ofat/m2_routing_stability_eta0p496/trials/m2route_arm_length_plus10_pinv_eta0p496_seed63400009.csv,4161,pinv_bounded_wls_w1_1_1_0.2_lambda1e-06,bounded_fault_aware_wls,0,0,0,0,0.728177011013031,-0.003881711047142744,True,True,15.123778343200684,adaptive_brake,0.32560229301452637,0.0072093614059240115,0.11531982570886612,0.28021541967399183,0.022023874866221708,True,True,True,True,True,True
arm_length_plus10,arm_length,1.10,c9ae3a49db8313ec0a0d1f7c3c40d7badb945c5ec6c07e36a1a8a35eb42ba5a8,cem,2,2,0.496000,9,63400009,seeded_ic_v1,m2_routing_stability_eta0p496_v1,m2route_arm_length_plus10_cem_eta0p496_seed63400009,seeded_ic_v1,qplite,/home/suhas/crazysim_ws/safe-landing-ftc/results/final/model_sensitivity/ofat/m2_routing_stability_eta0p496/trials/m2route_arm_length_plus10_cem_eta0p496_seed63400009.csv,4161,cem_tuned_boundary,balanced_3000_0_3000_12000,3000,0,3000,12000,0.7281670570373535,-0.004412062931805849,True,True,13.36534595489502,adaptive_brake,0.36613044142723083,0.01982426575937883,8.404473304748535,1.559928695793433,0.31811907598130124,False,True,True,False,True,False
arm_length_plus10,arm_length,1.10,c9ae3a49db8313ec0a0d1f7c3c40d7badb945c5ec6c07e36a1a8a35eb42ba5a8,cem,1,2,0.496000,10,63400010,seeded_ic_v1,m2_routing_stability_eta0p496_v1,m2route_arm_length_plus10_cem_eta0p496_seed63400010,seeded_ic_v1,qplite,/home/suhas/crazysim_ws/safe-landing-ftc/results/final/model_sensitivity/ofat/m2_routing_stability_eta0p496/trials/m2route_arm_length_plus10_cem_eta0p496_seed63400010.csv,4179,cem_tuned_boundary,balanced_3000_0_3000_12000,3000,0,3000,12000,0.7292497158050537,-0.004046034999191761,True,True,13.493462800979614,adaptive_brake,0.360527902841568,0.017728491570337096,8.369131088256836,1.5520665939798162,0.3071228999319747,False,True,True,False,True,False
arm_length_plus10,arm_length,1.10,c9ae3a49db8313ec0a0d1f7c3c40d7badb945c5ec6c07e36a1a8a35eb42ba5a8,pinv,2,2,0.496000,10,63400010,seeded_ic_v1,m2_routing_stability_eta0p496_v1,m2route_arm_length_plus10_pinv_eta0p496_seed63400010,seeded_ic_v1,pinv,/home/suhas/crazysim_ws/safe-landing-ftc/results/final/model_sensitivity/ofat/m2_routing_stability_eta0p496/trials/m2route_arm_length_plus10_pinv_eta0p496_seed63400010.csv,4179,pinv_bounded_wls_w1_1_1_0.2_lambda1e-06,bounded_fault_aware_wls,0,0,0,0,0.7290832996368408,-0.004161408636718988,True,True,15.185995101928711,adaptive_brake,0.33296558260917664,0.007245136962406651,0.10450240969657898,0.28552040972526055,0.021365683221791738,True,True,True,True,True,True
arm_length_plus10,arm_length,1.10,c9ae3a49db8313ec0a0d1f7c3c40d7badb945c5ec6c07e36a1a8a35eb42ba5a8,pinv,1,2,0.496000,11,63400011,seeded_ic_v1,m2_routing_stability_eta0p496_v1,m2route_arm_length_plus10_pinv_eta0p496_seed63400011,seeded_ic_v1,pinv,/home/suhas/crazysim_ws/safe-landing-ftc/results/final/model_sensitivity/ofat/m2_routing_stability_eta0p496/trials/m2route_arm_length_plus10_pinv_eta0p496_seed63400011.csv,4224,pinv_bounded_wls_w1_1_1_0.2_lambda1e-06,bounded_fault_aware_wls,0,0,0,0,0.7030034065246582,-0.0037276623770594597,True,True,15.425851583480835,adaptive_brake,0.32765987515449524,0.007911678619035903,0.09269904345273972,0.28779151888115967,0.02091490444957489,True,True,True,True,True,True
arm_length_plus10,arm_length,1.10,c9ae3a49db8313ec0a0d1f7c3c40d7badb945c5ec6c07e36a1a8a35eb42ba5a8,cem,2,2,0.496000,11,63400011,seeded_ic_v1,m2_routing_stability_eta0p496_v1,m2route_arm_length_plus10_cem_eta0p496_seed63400011,seeded_ic_v1,qplite,/home/suhas/crazysim_ws/safe-landing-ftc/results/final/model_sensitivity/ofat/m2_routing_stability_eta0p496/trials/m2route_arm_length_plus10_cem_eta0p496_seed63400011.csv,4224,cem_tuned_boundary,balanced_3000_0_3000_12000,3000,0,3000,12000,0.7029784917831421,-0.0035682322923094034,True,True,13.70442509651184,adaptive_brake,0.3584597110748291,0.01840942124836949,8.374685287475586,1.5440388401687137,0.30618608679447634,False,True,True,False,True,False
arm_length_plus10,arm_length,1.10,c9ae3a49db8313ec0a0d1f7c3c40d7badb945c5ec6c07e36a1a8a35eb42ba5a8,cem,1,2,0.496000,12,63400012,seeded_ic_v1,m2_routing_stability_eta0p496_v1,m2route_arm_length_plus10_cem_eta0p496_seed63400012,seeded_ic_v1,qplite,/home/suhas/crazysim_ws/safe-landing-ftc/results/final/model_sensitivity/ofat/m2_routing_stability_eta0p496/trials/m2route_arm_length_plus10_cem_eta0p496_seed63400012.csv,4191,cem_tuned_boundary,balanced_3000_0_3000_12000,3000,0,3000,12000,0.7210172414779663,-0.003762719454243779,True,True,13.583348274230957,adaptive_brake,0.36478304862976074,0.018970400010980534,8.41703987121582,1.5685121705335867,0.31646656718919236,False,True,True,False,True,False
arm_length_plus10,arm_length,1.10,c9ae3a49db8313ec0a0d1f7c3c40d7badb945c5ec6c07e36a1a8a35eb42ba5a8,pinv,2,2,0.496000,12,63400012,seeded_ic_v1,m2_routing_stability_eta0p496_v1,m2route_arm_length_plus10_pinv_eta0p496_seed63400012,seeded_ic_v1,pinv,/home/suhas/crazysim_ws/safe-landing-ftc/results/final/model_sensitivity/ofat/m2_routing_stability_eta0p496/trials/m2route_arm_length_plus10_pinv_eta0p496_seed63400012.csv,4191,pinv_bounded_wls_w1_1_1_0.2_lambda1e-06,bounded_fault_aware_wls,0,0,0,0,0.7209933996200562,-0.0037841680459678173,True,True,15.24754023551941,adaptive_brake,0.3275684714317322,0.00741153652906045,0.10639356821775436,0.28871772794811495,0.02025841194144216,True,True,True,True,True,True
arm_length_plus10,arm_length,1.10,c9ae3a49db8313ec0a0d1f7c3c40d7badb945c5ec6c07e36a1a8a35eb42ba5a8,pinv,1,2,0.496000,13,63400013,seeded_ic_v1,m2_routing_stability_eta0p496_v1,m2route_arm_length_plus10_pinv_eta0p496_seed63400013,seeded_ic_v1,pinv,/home/suhas/crazysim_ws/safe-landing-ftc/results/final/model_sensitivity/ofat/m2_routing_stability_eta0p496/trials/m2route_arm_length_plus10_pinv_eta0p496_seed63400013.csv,4191,pinv_bounded_wls_w1_1_1_0.2_lambda1e-06,bounded_fault_aware_wls,0,0,0,0,0.7150630950927734,-0.0038852905854582787,True,True,15.284383058547974,adaptive_brake,0.3219124972820282,0.007805937629612928,0.09196323156356812,0.28447414160057605,0.0195722423465814,True,True,True,True,True,True
arm_length_plus10,arm_length,1.10,c9ae3a49db8313ec0a0d1f7c3c40d7badb945c5ec6c07e36a1a8a35eb42ba5a8,cem,2,2,0.496000,13,63400013,seeded_ic_v1,m2_routing_stability_eta0p496_v1,m2route_arm_length_plus10_cem_eta0p496_seed63400013,seeded_ic_v1,qplite,/home/suhas/crazysim_ws/safe-landing-ftc/results/final/model_sensitivity/ofat/m2_routing_stability_eta0p496/trials/m2route_arm_length_plus10_cem_eta0p496_seed63400013.csv,4194,cem_tuned_boundary,balanced_3000_0_3000_12000,3000,0,3000,12000,0.7150797247886658,-0.004041376058012247,True,True,13.606268644332886,adaptive_brake,0.35704734921455383,0.019053678438122258,8.42735767364502,1.5578253530396362,0.3186278854207083,False,True,True,False,True,False
arm_length_plus10,arm_length,1.10,c9ae3a49db8313ec0a0d1f7c3c40d7badb945c5ec6c07e36a1a8a35eb42ba5a8,cem,1,2,0.496000,14,63400014,seeded_ic_v1,m2_routing_stability_eta0p496_v1,m2route_arm_length_plus10_cem_eta0p496_seed63400014,seeded_ic_v1,qplite,/home/suhas/crazysim_ws/safe-landing-ftc/results/final/model_sensitivity/ofat/m2_routing_stability_eta0p496/trials/m2route_arm_length_plus10_cem_eta0p496_seed63400014.csv,4185,cem_tuned_boundary,balanced_3000_0_3000_12000,3000,0,3000,12000,0.6939699649810791,-0.003836218034848571,True,True,13.528919696807861,adaptive_brake,0.3504772186279297,0.019944417511438654,8.376391410827637,1.5594818998484559,0.32483588500547,False,True,True,False,True,False
arm_length_plus10,arm_length,1.10,c9ae3a49db8313ec0a0d1f7c3c40d7badb945c5ec6c07e36a1a8a35eb42ba5a8,pinv,2,2,0.496000,14,63400014,seeded_ic_v1,m2_routing_stability_eta0p496_v1,m2route_arm_length_plus10_pinv_eta0p496_seed63400014,seeded_ic_v1,pinv,/home/suhas/crazysim_ws/safe-landing-ftc/results/final/model_sensitivity/ofat/m2_routing_stability_eta0p496/trials/m2route_arm_length_plus10_pinv_eta0p496_seed63400014.csv,4185,pinv_bounded_wls_w1_1_1_0.2_lambda1e-06,bounded_fault_aware_wls,0,0,0,0,0.6940346360206604,-0.003879076335579157,True,True,15.124897003173828,adaptive_brake,0.3219824731349945,0.007591696788078431,0.10855811089277267,0.28659543331750537,0.020883684774818292,True,True,True,True,True,True
arm_length_plus10,arm_length,1.10,c9ae3a49db8313ec0a0d1f7c3c40d7badb945c5ec6c07e36a1a8a35eb42ba5a8,pinv,1,2,0.496000,15,63400015,seeded_ic_v1,m2_routing_stability_eta0p496_v1,m2route_arm_length_plus10_pinv_eta0p496_seed63400015,seeded_ic_v1,pinv,/home/suhas/crazysim_ws/safe-landing-ftc/results/final/model_sensitivity/ofat/m2_routing_stability_eta0p496/trials/m2route_arm_length_plus10_pinv_eta0p496_seed63400015.csv,4200,pinv_bounded_wls_w1_1_1_0.2_lambda1e-06,bounded_fault_aware_wls,0,0,0,0,0.7087576985359192,-0.0036019242834299803,True,True,15.204560995101929,adaptive_brake,0.3316885232925415,0.007676800742356239,0.09535723924636841,0.2951627892665562,0.02143547734408709,True,True,True,True,True,True
arm_length_plus10,arm_length,1.10,c9ae3a49db8313ec0a0d1f7c3c40d7badb945c5ec6c07e36a1a8a35eb42ba5a8,cem,2,2,0.496000,15,63400015,seeded_ic_v1,m2_routing_stability_eta0p496_v1,m2route_arm_length_plus10_cem_eta0p496_seed63400015,seeded_ic_v1,qplite,/home/suhas/crazysim_ws/safe-landing-ftc/results/final/model_sensitivity/ofat/m2_routing_stability_eta0p496/trials/m2route_arm_length_plus10_cem_eta0p496_seed63400015.csv,4200,cem_tuned_boundary,balanced_3000_0_3000_12000,3000,0,3000,12000,0.7087653875350952,-0.0038382604252547026,True,True,13.7032790184021,adaptive_brake,0.34733229875564575,0.019170272080801614,8.368019104003906,1.556631374608159,0.3274289090736857,True,True,True,False,True,False
arm_length_plus10,arm_length,1.10,c9ae3a49db8313ec0a0d1f7c3c40d7badb945c5ec6c07e36a1a8a35eb42ba5a8,cem,1,2,0.496000,16,63400016,seeded_ic_v1,m2_routing_stability_eta0p496_v1,m2route_arm_length_plus10_cem_eta0p496_seed63400016,seeded_ic_v1,qplite,/home/suhas/crazysim_ws/safe-landing-ftc/results/final/model_sensitivity/ofat/m2_routing_stability_eta0p496/trials/m2route_arm_length_plus10_cem_eta0p496_seed63400016.csv,4190,cem_tuned_boundary,balanced_3000_0_3000_12000,3000,0,3000,12000,0.7314435839653015,-0.003902800614014268,True,True,13.643911361694336,adaptive_brake,0.36302122473716736,0.017989993751364418,8.37482738494873,1.543113675009731,0.316424804394897,False,True,True,False,True,False
arm_length_plus10,arm_length,1.10,c9ae3a49db8313ec0a0d1f7c3c40d7badb945c5ec6c07e36a1a8a35eb42ba5a8,pinv,2,2,0.496000,16,63400016,seeded_ic_v1,m2_routing_stability_eta0p496_v1,m2route_arm_length_plus10_pinv_eta0p496_seed63400016,seeded_ic_v1,pinv,/home/suhas/crazysim_ws/safe-landing-ftc/results/final/model_sensitivity/ofat/m2_routing_stability_eta0p496/trials/m2route_arm_length_plus10_pinv_eta0p496_seed63400016.csv,4191,pinv_bounded_wls_w1_1_1_0.2_lambda1e-06,bounded_fault_aware_wls,0,0,0,0,0.7314139008522034,-0.003886139951646328,True,True,15.304903745651245,adaptive_brake,0.331503689289093,0.00807312506097557,0.08416002988815308,0.283377069507731,0.016786698545044613,True,True,True,True,True,True
arm_length_plus10,arm_length,1.10,c9ae3a49db8313ec0a0d1f7c3c40d7badb945c5ec6c07e36a1a8a35eb42ba5a8,pinv,1,2,0.496000,17,63400017,seeded_ic_v1,m2_routing_stability_eta0p496_v1,m2route_arm_length_plus10_pinv_eta0p496_seed63400017,seeded_ic_v1,pinv,/home/suhas/crazysim_ws/safe-landing-ftc/results/final/model_sensitivity/ofat/m2_routing_stability_eta0p496/trials/m2route_arm_length_plus10_pinv_eta0p496_seed63400017.csv,4206,pinv_bounded_wls_w1_1_1_0.2_lambda1e-06,bounded_fault_aware_wls,0,0,0,0,0.7156551480293274,-0.003798088990151882,True,True,15.38422679901123,adaptive_brake,0.3238261640071869,0.008000171729102614,0.0924394428730011,0.2836030139076591,0.01815231803942368,True,True,True,True,True,True
arm_length_plus10,arm_length,1.10,c9ae3a49db8313ec0a0d1f7c3c40d7badb945c5ec6c07e36a1a8a35eb42ba5a8,cem,2,2,0.496000,17,63400017,seeded_ic_v1,m2_routing_stability_eta0p496_v1,m2route_arm_length_plus10_cem_eta0p496_seed63400017,seeded_ic_v1,qplite,/home/suhas/crazysim_ws/safe-landing-ftc/results/final/model_sensitivity/ofat/m2_routing_stability_eta0p496/trials/m2route_arm_length_plus10_cem_eta0p496_seed63400017.csv,4206,cem_tuned_boundary,balanced_3000_0_3000_12000,3000,0,3000,12000,0.7157527208328247,-0.003857008647173643,True,True,13.724426031112671,adaptive_brake,0.35096487402915955,0.018854846808206954,8.358701705932617,1.5236794738174673,0.3206054594174276,False,True,True,False,True,False
arm_length_plus10,arm_length,1.10,c9ae3a49db8313ec0a0d1f7c3c40d7badb945c5ec6c07e36a1a8a35eb42ba5a8,cem,1,2,0.496000,18,63400018,seeded_ic_v1,m2_routing_stability_eta0p496_v1,m2route_arm_length_plus10_cem_eta0p496_seed63400018,seeded_ic_v1,qplite,/home/suhas/crazysim_ws/safe-landing-ftc/results/final/model_sensitivity/ofat/m2_routing_stability_eta0p496/trials/m2route_arm_length_plus10_cem_eta0p496_seed63400018.csv,4212,cem_tuned_boundary,balanced_3000_0_3000_12000,3000,0,3000,12000,0.7154301404953003,-0.0035110388416796923,True,True,13.706514120101929,adaptive_brake,0.36315977573394775,0.01881186255180277,8.376383781433105,1.5871612223335183,0.3143091795628288,False,True,True,False,True,False
arm_length_plus10,arm_length,1.10,c9ae3a49db8313ec0a0d1f7c3c40d7badb945c5ec6c07e36a1a8a35eb42ba5a8,pinv,2,2,0.496000,18,63400018,seeded_ic_v1,m2_routing_stability_eta0p496_v1,m2route_arm_length_plus10_pinv_eta0p496_seed63400018,seeded_ic_v1,pinv,/home/suhas/crazysim_ws/safe-landing-ftc/results/final/model_sensitivity/ofat/m2_routing_stability_eta0p496/trials/m2route_arm_length_plus10_pinv_eta0p496_seed63400018.csv,4212,pinv_bounded_wls_w1_1_1_0.2_lambda1e-06,bounded_fault_aware_wls,0,0,0,0,0.7154560685157776,-0.0039487071335315704,True,True,15.36505651473999,adaptive_brake,0.32892102003097534,0.007727046812524569,0.10250696539878845,0.288708785981358,0.019917691924217676,True,True,True,True,True,True
arm_length_plus10,arm_length,1.10,c9ae3a49db8313ec0a0d1f7c3c40d7badb945c5ec6c07e36a1a8a35eb42ba5a8,pinv,1,2,0.496000,19,63400019,seeded_ic_v1,m2_routing_stability_eta0p496_v1,m2route_arm_length_plus10_pinv_eta0p496_seed63400019,seeded_ic_v1,pinv,/home/suhas/crazysim_ws/safe-landing-ftc/results/final/model_sensitivity/ofat/m2_routing_stability_eta0p496/trials/m2route_arm_length_plus10_pinv_eta0p496_seed63400019.csv,4176,pinv_bounded_wls_w1_1_1_0.2_lambda1e-06,bounded_fault_aware_wls,0,0,0,0,0.715535044670105,-0.003928808961063623,True,True,15.164456605911255,adaptive_brake,0.32776811718940735,0.0071530869251318265,0.114777110517025,0.28658596780718515,0.022687620475985767,True,True,True,True,True,True
arm_length_plus10,arm_length,1.10,c9ae3a49db8313ec0a0d1f7c3c40d7badb945c5ec6c07e36a1a8a35eb42ba5a8,cem,2,2,0.496000,19,63400019,seeded_ic_v1,m2_routing_stability_eta0p496_v1,m2route_arm_length_plus10_cem_eta0p496_seed63400019,seeded_ic_v1,qplite,/home/suhas/crazysim_ws/safe-landing-ftc/results/final/model_sensitivity/ofat/m2_routing_stability_eta0p496/trials/m2route_arm_length_plus10_cem_eta0p496_seed63400019.csv,4176,cem_tuned_boundary,balanced_3000_0_3000_12000,3000,0,3000,12000,0.7155258059501648,-0.004036714788526297,True,True,13.516027450561523,adaptive_brake,0.35857605934143066,0.018961980140859855,8.355134963989258,1.5541507665156544,0.3203406605860957,False,True,True,False,True,False
arm_length_plus10,arm_length,1.10,c9ae3a49db8313ec0a0d1f7c3c40d7badb945c5ec6c07e36a1a8a35eb42ba5a8,cem,1,2,0.496000,20,63400020,seeded_ic_v1,m2_routing_stability_eta0p496_v1,m2route_arm_length_plus10_cem_eta0p496_seed63400020,seeded_ic_v1,qplite,/home/suhas/crazysim_ws/safe-landing-ftc/results/final/model_sensitivity/ofat/m2_routing_stability_eta0p496/trials/m2route_arm_length_plus10_cem_eta0p496_seed63400020.csv,4185,cem_tuned_boundary,balanced_3000_0_3000_12000,3000,0,3000,12000,0.7036710977554321,-0.00390796922147274,True,True,13.485398530960083,adaptive_brake,0.35391169786453247,0.018927006611115925,8.396478652954102,1.544069679875793,0.31316175592365564,False,True,True,False,True,False
arm_length_plus10,arm_length,1.10,c9ae3a49db8313ec0a0d1f7c3c40d7badb945c5ec6c07e36a1a8a35eb42ba5a8,pinv,2,2,0.496000,20,63400020,seeded_ic_v1,m2_routing_stability_eta0p496_v1,m2route_arm_length_plus10_pinv_eta0p496_seed63400020,seeded_ic_v1,pinv,/home/suhas/crazysim_ws/safe-landing-ftc/results/final/model_sensitivity/ofat/m2_routing_stability_eta0p496/trials/m2route_arm_length_plus10_pinv_eta0p496_seed63400020.csv,4185,pinv_bounded_wls_w1_1_1_0.2_lambda1e-06,bounded_fault_aware_wls,0,0,0,0,0.7038270831108093,-0.003996791783720255,True,True,15.063669681549072,adaptive_brake,0.3290976285934448,0.007442567588050372,0.10891756415367126,0.2962220839229435,0.022989244343735674,True,True,True,True,True,True
arm_length_plus10,arm_length,1.10,c9ae3a49db8313ec0a0d1f7c3c40d7badb945c5ec6c07e36a1a8a35eb42ba5a8,pinv,1,2,0.496000,21,63400021,seeded_ic_v1,m2_routing_stability_eta0p496_v1,m2route_arm_length_plus10_pinv_eta0p496_seed63400021,seeded_ic_v1,pinv,/home/suhas/crazysim_ws/safe-landing-ftc/results/final/model_sensitivity/ofat/m2_routing_stability_eta0p496/trials/m2route_arm_length_plus10_pinv_eta0p496_seed63400021.csv,4215,pinv_bounded_wls_w1_1_1_0.2_lambda1e-06,bounded_fault_aware_wls,0,0,0,0,0.6963019967079163,-0.003543251194059849,True,True,15.324001789093018,adaptive_brake,0.3237133324146271,0.007982705838550179,0.09495794773101807,0.28767761454420754,0.018579361190129054,True,True,True,True,True,True
arm_length_plus10,arm_length,1.10,c9ae3a49db8313ec0a0d1f7c3c40d7badb945c5ec6c07e36a1a8a35eb42ba5a8,cem,2,2,0.496000,21,63400021,seeded_ic_v1,m2_routing_stability_eta0p496_v1,m2route_arm_length_plus10_cem_eta0p496_seed63400021,seeded_ic_v1,qplite,/home/suhas/crazysim_ws/safe-landing-ftc/results/final/model_sensitivity/ofat/m2_routing_stability_eta0p496/trials/m2route_arm_length_plus10_cem_eta0p496_seed63400021.csv,4215,cem_tuned_boundary,balanced_3000_0_3000_12000,3000,0,3000,12000,0.6962972283363342,-0.003651888109743595,True,True,13.787895679473877,adaptive_brake,0.3506453037261963,0.01988963825745506,8.386919975280762,1.5584553728931798,0.3275858364418935,False,True,True,False,True,False
arm_length_plus10,arm_length,1.10,c9ae3a49db8313ec0a0d1f7c3c40d7badb945c5ec6c07e36a1a8a35eb42ba5a8,cem,1,2,0.496000,22,63400022,seeded_ic_v1,m2_routing_stability_eta0p496_v1,m2route_arm_length_plus10_cem_eta0p496_seed63400022,seeded_ic_v1,qplite,/home/suhas/crazysim_ws/safe-landing-ftc/results/final/model_sensitivity/ofat/m2_routing_stability_eta0p496/trials/m2route_arm_length_plus10_cem_eta0p496_seed63400022.csv,4164,cem_tuned_boundary,balanced_3000_0_3000_12000,3000,0,3000,12000,0.7181963324546814,-0.0038723358884453773,True,True,13.345999717712402,adaptive_brake,0.36797893047332764,0.018921068778270572,8.396656036376953,1.5829930602510591,0.30894024396793096,False,True,True,False,True,False
arm_length_plus10,arm_length,1.10,c9ae3a49db8313ec0a0d1f7c3c40d7badb945c5ec6c07e36a1a8a35eb42ba5a8,pinv,2,2,0.496000,22,63400022,seeded_ic_v1,m2_routing_stability_eta0p496_v1,m2route_arm_length_plus10_pinv_eta0p496_seed63400022,seeded_ic_v1,pinv,/home/suhas/crazysim_ws/safe-landing-ftc/results/final/model_sensitivity/ofat/m2_routing_stability_eta0p496/trials/m2route_arm_length_plus10_pinv_eta0p496_seed63400022.csv,4161,pinv_bounded_wls_w1_1_1_0.2_lambda1e-06,bounded_fault_aware_wls,0,0,0,0,0.7182024121284485,-0.003966119606047869,True,True,14.96445608139038,adaptive_brake,0.3354966342449188,0.00778081363887415,0.09731175005435944,0.2951499716920862,0.020162340606678743,True,True,True,True,True,True
arm_length_plus10,arm_length,1.10,c9ae3a49db8313ec0a0d1f7c3c40d7badb945c5ec6c07e36a1a8a35eb42ba5a8,pinv,1,2,0.496000,23,63400023,seeded_ic_v1,m2_routing_stability_eta0p496_v1,m2route_arm_length_plus10_pinv_eta0p496_seed63400023,seeded_ic_v1,pinv,/home/suhas/crazysim_ws/safe-landing-ftc/results/final/model_sensitivity/ofat/m2_routing_stability_eta0p496/trials/m2route_arm_length_plus10_pinv_eta0p496_seed63400023.csv,4209,pinv_bounded_wls_w1_1_1_0.2_lambda1e-06,bounded_fault_aware_wls,0,0,0,0,0.7027422189712524,-0.0037386715412139893,True,True,15.327666521072388,adaptive_brake,0.32379624247550964,0.007408612530919384,0.1103554219007492,0.2876421146050976,0.02301854438518429,True,True,True,True,True,True
arm_length_plus10,arm_length,1.10,c9ae3a49db8313ec0a0d1f7c3c40d7badb945c5ec6c07e36a1a8a35eb42ba5a8,cem,2,2,0.496000,23,63400023,seeded_ic_v1,m2_routing_stability_eta0p496_v1,m2route_arm_length_plus10_cem_eta0p496_seed63400023,seeded_ic_v1,qplite,/home/suhas/crazysim_ws/safe-landing-ftc/results/final/model_sensitivity/ofat/m2_routing_stability_eta0p496/trials/m2route_arm_length_plus10_cem_eta0p496_seed63400023.csv,4209,cem_tuned_boundary,balanced_3000_0_3000_12000,3000,0,3000,12000,0.7026962041854858,-0.0035619796253740788,True,True,13.774380683898926,adaptive_brake,0.3477182686328888,0.019462811712257628,8.340394973754883,1.562634984603964,0.3280672161682332,True,True,True,False,True,False
arm_length_plus10,arm_length,1.10,c9ae3a49db8313ec0a0d1f7c3c40d7badb945c5ec6c07e36a1a8a35eb42ba5a8,cem,1,2,0.496000,24,63400024,seeded_ic_v1,m2_routing_stability_eta0p496_v1,m2route_arm_length_plus10_cem_eta0p496_seed63400024,seeded_ic_v1,qplite,/home/suhas/crazysim_ws/safe-landing-ftc/results/final/model_sensitivity/ofat/m2_routing_stability_eta0p496/trials/m2route_arm_length_plus10_cem_eta0p496_seed63400024.csv,4224,cem_tuned_boundary,balanced_3000_0_3000_12000,3000,0,3000,12000,0.6978355050086975,-0.0036885906010866165,True,True,13.825271129608154,adaptive_brake,0.3412282168865204,0.01893165940545129,8.378091812133789,1.5516930452788658,0.32320287740147036,True,True,True,False,True,False
arm_length_plus10,arm_length,1.10,c9ae3a49db8313ec0a0d1f7c3c40d7badb945c5ec6c07e36a1a8a35eb42ba5a8,pinv,2,2,0.496000,24,63400024,seeded_ic_v1,m2_routing_stability_eta0p496_v1,m2route_arm_length_plus10_pinv_eta0p496_seed63400024,seeded_ic_v1,pinv,/home/suhas/crazysim_ws/safe-landing-ftc/results/final/model_sensitivity/ofat/m2_routing_stability_eta0p496/trials/m2route_arm_length_plus10_pinv_eta0p496_seed63400024.csv,4224,pinv_bounded_wls_w1_1_1_0.2_lambda1e-06,bounded_fault_aware_wls,0,0,0,0,0.6977746486663818,-0.003613437293097377,True,True,15.424504518508911,adaptive_brake,0.31830278038978577,0.00787586468937047,0.09350375086069107,0.28022511525048655,0.020752558593694896,True,True,True,True,True,True
arm_length_plus10,arm_length,1.10,c9ae3a49db8313ec0a0d1f7c3c40d7badb945c5ec6c07e36a1a8a35eb42ba5a8,pinv,1,2,0.496000,25,63400025,seeded_ic_v1,m2_routing_stability_eta0p496_v1,m2route_arm_length_plus10_pinv_eta0p496_seed63400025,seeded_ic_v1,pinv,/home/suhas/crazysim_ws/safe-landing-ftc/results/final/model_sensitivity/ofat/m2_routing_stability_eta0p496/trials/m2route_arm_length_plus10_pinv_eta0p496_seed63400025.csv,4227,pinv_bounded_wls_w1_1_1_0.2_lambda1e-06,bounded_fault_aware_wls,0,0,0,0,0.7140783071517944,-0.0037677474319934845,True,True,15.444310426712036,adaptive_brake,0.3261650800704956,0.007895623596748221,0.09365406632423401,0.2812382317739406,0.019885711500429865,True,True,True,True,True,True
arm_length_plus10,arm_length,1.10,c9ae3a49db8313ec0a0d1f7c3c40d7badb945c5ec6c07e36a1a8a35eb42ba5a8,cem,2,2,0.496000,25,63400025,seeded_ic_v1,m2_routing_stability_eta0p496_v1,m2route_arm_length_plus10_cem_eta0p496_seed63400025,seeded_ic_v1,qplite,/home/suhas/crazysim_ws/safe-landing-ftc/results/final/model_sensitivity/ofat/m2_routing_stability_eta0p496/trials/m2route_arm_length_plus10_cem_eta0p496_seed63400025.csv,4227,cem_tuned_boundary,balanced_3000_0_3000_12000,3000,0,3000,12000,0.7141879200935364,-0.003393127117305994,True,True,13.905148267745972,adaptive_brake,0.3536112606525421,0.019205229179691915,8.381120681762695,1.5335472181857561,0.3275736970417599,False,True,True,False,True,False
arm_length_plus10,arm_length,1.10,c9ae3a49db8313ec0a0d1f7c3c40d7badb945c5ec6c07e36a1a8a35eb42ba5a8,cem,1,2,0.496000,26,63400026,seeded_ic_v1,m2_routing_stability_eta0p496_v1,m2route_arm_length_plus10_cem_eta0p496_seed63400026,seeded_ic_v1,qplite,/home/suhas/crazysim_ws/safe-landing-ftc/results/final/model_sensitivity/ofat/m2_routing_stability_eta0p496/trials/m2route_arm_length_plus10_cem_eta0p496_seed63400026.csv,4221,cem_tuned_boundary,balanced_3000_0_3000_12000,3000,0,3000,12000,0.7280383110046387,-0.003930095117539167,True,True,13.766339302062988,adaptive_brake,0.36996889114379883,0.01874708169412379,8.414037704467773,1.5501776351038632,0.3133890568045487,False,True,True,False,True,False
arm_length_plus10,arm_length,1.10,c9ae3a49db8313ec0a0d1f7c3c40d7badb945c5ec6c07e36a1a8a35eb42ba5a8,pinv,2,2,0.496000,26,63400026,seeded_ic_v1,m2_routing_stability_eta0p496_v1,m2route_arm_length_plus10_pinv_eta0p496_seed63400026,seeded_ic_v1,pinv,/home/suhas/crazysim_ws/safe-landing-ftc/results/final/model_sensitivity/ofat/m2_routing_stability_eta0p496/trials/m2route_arm_length_plus10_pinv_eta0p496_seed63400026.csv,4221,pinv_bounded_wls_w1_1_1_0.2_lambda1e-06,bounded_fault_aware_wls,0,0,0,0,0.7279872298240662,-0.00374708347953856,True,True,15.485215425491333,adaptive_brake,0.3272356390953064,0.0073550641018338215,0.10740446299314499,0.2844509026769635,0.021816572486662564,True,True,True,True,True,True
arm_length_plus10,arm_length,1.10,c9ae3a49db8313ec0a0d1f7c3c40d7badb945c5ec6c07e36a1a8a35eb42ba5a8,pinv,1,2,0.496000,27,63400027,seeded_ic_v1,m2_routing_stability_eta0p496_v1,m2route_arm_length_plus10_pinv_eta0p496_seed63400027,seeded_ic_v1,pinv,/home/suhas/crazysim_ws/safe-landing-ftc/results/final/model_sensitivity/ofat/m2_routing_stability_eta0p496/trials/m2route_arm_length_plus10_pinv_eta0p496_seed63400027.csv,4200,pinv_bounded_wls_w1_1_1_0.2_lambda1e-06,bounded_fault_aware_wls,0,0,0,0,0.6976844668388367,-0.0035154842771589756,True,True,15.224296808242798,adaptive_brake,0.32558760046958923,0.0079840847279414,0.09045770019292831,0.28767559053639297,0.019787676617500107,True,True,True,True,True,True
arm_length_plus10,arm_length,1.10,c9ae3a49db8313ec0a0d1f7c3c40d7badb945c5ec6c07e36a1a8a35eb42ba5a8,cem,2,2,0.496000,27,63400027,seeded_ic_v1,m2_routing_stability_eta0p496_v1,m2route_arm_length_plus10_cem_eta0p496_seed63400027,seeded_ic_v1,qplite,/home/suhas/crazysim_ws/safe-landing-ftc/results/final/model_sensitivity/ofat/m2_routing_stability_eta0p496/trials/m2route_arm_length_plus10_cem_eta0p496_seed63400027.csv,4200,cem_tuned_boundary,balanced_3000_0_3000_12000,3000,0,3000,12000,0.6977384686470032,-0.0035326676443219185,True,True,13.686786413192749,adaptive_brake,0.33860406279563904,0.019204440490171313,8.39534854888916,1.5597260608612828,0.32607199948069865,True,True,True,False,True,False
arm_length_plus10,arm_length,1.10,c9ae3a49db8313ec0a0d1f7c3c40d7badb945c5ec6c07e36a1a8a35eb42ba5a8,cem,1,2,0.496000,28,63400028,seeded_ic_v1,m2_routing_stability_eta0p496_v1,m2route_arm_length_plus10_cem_eta0p496_seed63400028,seeded_ic_v1,qplite,/home/suhas/crazysim_ws/safe-landing-ftc/results/final/model_sensitivity/ofat/m2_routing_stability_eta0p496/trials/m2route_arm_length_plus10_cem_eta0p496_seed63400028.csv,4194,cem_tuned_boundary,balanced_3000_0_3000_12000,3000,0,3000,12000,0.6967763304710388,-0.0038199713453650475,True,True,13.583988666534424,adaptive_brake,0.35041069984436035,0.019329726061893933,8.40316390991211,1.583310384281141,0.31876581499695583,False,True,True,False,True,False
arm_length_plus10,arm_length,1.10,c9ae3a49db8313ec0a0d1f7c3c40d7badb945c5ec6c07e36a1a8a35eb42ba5a8,pinv,2,2,0.496000,28,63400028,seeded_ic_v1,m2_routing_stability_eta0p496_v1,m2route_arm_length_plus10_pinv_eta0p496_seed63400028,seeded_ic_v1,pinv,/home/suhas/crazysim_ws/safe-landing-ftc/results/final/model_sensitivity/ofat/m2_routing_stability_eta0p496/trials/m2route_arm_length_plus10_pinv_eta0p496_seed63400028.csv,4194,pinv_bounded_wls_w1_1_1_0.2_lambda1e-06,bounded_fault_aware_wls,0,0,0,0,0.6966842412948608,-0.0039021552074700594,True,True,15.224958419799805,adaptive_brake,0.3204224705696106,0.00751196714889224,0.10755256563425064,0.2816608404640912,0.0230644918168858,True,True,True,True,True,True
arm_length_plus10,arm_length,1.10,c9ae3a49db8313ec0a0d1f7c3c40d7badb945c5ec6c07e36a1a8a35eb42ba5a8,pinv,1,2,0.496000,29,63400029,seeded_ic_v1,m2_routing_stability_eta0p496_v1,m2route_arm_length_plus10_pinv_eta0p496_seed63400029,seeded_ic_v1,pinv,/home/suhas/crazysim_ws/safe-landing-ftc/results/final/model_sensitivity/ofat/m2_routing_stability_eta0p496/trials/m2route_arm_length_plus10_pinv_eta0p496_seed63400029.csv,4194,pinv_bounded_wls_w1_1_1_0.2_lambda1e-06,bounded_fault_aware_wls,0,0,0,0,0.7222805023193359,-0.004189360421150923,True,True,15.30725359916687,adaptive_brake,0.32670676708221436,0.007790019761794049,0.09920156002044678,0.28551472976876796,0.019478113199443595,True,True,True,True,True,True
arm_length_plus10,arm_length,1.10,c9ae3a49db8313ec0a0d1f7c3c40d7badb945c5ec6c07e36a1a8a35eb42ba5a8,cem,2,2,0.496000,29,63400029,seeded_ic_v1,m2_routing_stability_eta0p496_v1,m2route_arm_length_plus10_cem_eta0p496_seed63400029,seeded_ic_v1,qplite,/home/suhas/crazysim_ws/safe-landing-ftc/results/final/model_sensitivity/ofat/m2_routing_stability_eta0p496/trials/m2route_arm_length_plus10_cem_eta0p496_seed63400029.csv,4194,cem_tuned_boundary,balanced_3000_0_3000_12000,3000,0,3000,12000,0.7224506735801697,-0.003943527117371559,True,True,13.56428575515747,adaptive_brake,0.36259979009628296,0.018417039322549622,8.361413955688477,1.5333213447688623,0.3084156019752759,False,True,True,False,True,False
arm_length_plus10,arm_length,1.10,c9ae3a49db8313ec0a0d1f7c3c40d7badb945c5ec6c07e36a1a8a35eb42ba5a8,cem,1,2,0.496000,30,63400030,seeded_ic_v1,m2_routing_stability_eta0p496_v1,m2route_arm_length_plus10_cem_eta0p496_seed63400030,seeded_ic_v1,qplite,/home/suhas/crazysim_ws/safe-landing-ftc/results/final/model_sensitivity/ofat/m2_routing_stability_eta0p496/trials/m2route_arm_length_plus10_cem_eta0p496_seed63400030.csv,4221,cem_tuned_boundary,balanced_3000_0_3000_12000,3000,0,3000,12000,0.7246702313423157,-0.003968606237322092,True,True,13.804307699203491,adaptive_brake,0.35867956280708313,0.01887033990415933,8.379053115844727,1.537950926869579,0.31911872880425807,False,True,True,False,True,False
arm_length_plus10,arm_length,1.10,c9ae3a49db8313ec0a0d1f7c3c40d7badb945c5ec6c07e36a1a8a35eb42ba5a8,pinv,2,2,0.496000,30,63400030,seeded_ic_v1,m2_routing_stability_eta0p496_v1,m2route_arm_length_plus10_pinv_eta0p496_seed63400030,seeded_ic_v1,pinv,/home/suhas/crazysim_ws/safe-landing-ftc/results/final/model_sensitivity/ofat/m2_routing_stability_eta0p496/trials/m2route_arm_length_plus10_pinv_eta0p496_seed63400030.csv,4221,pinv_bounded_wls_w1_1_1_0.2_lambda1e-06,bounded_fault_aware_wls,0,0,0,0,0.7247777581214905,-0.003759437007829547,True,True,15.466456174850464,adaptive_brake,0.32817524671554565,0.007622213057611461,0.09891480207443237,0.2823051568405298,0.020140688969428465,True,True,True,True,True,True
