contact_found,protocol_id,trial_seed,motor,eta,controller,allocator_config,candidate,r1,r2,r3,r4,spawn_x_cmd,spawn_y_cmd,spawn_yaw_deg_cmd,fault_time_cmd,hover_z_cmd,fault_z,fault_vz,qp_predicted_vz,vertical_speed_mps,horizontal_speed_mps,max_tilt_deg,angular_rate_radps,horizontal_drift_m,safe_touchdown,file
True,seeded_ic_v1,19940001,1,0.492,cem,cem_tuned_boundary,opp_m3_12000,0,0,12000,0,-0.006604,0.008933,4.132707,10.198068,0.691382,0.7038660645484924,-0.0036194645799696,0.3716,0.4342173933982849,0.035537548635040606,0.1054654493927955,0.035288811657216,0.2792726249670229,False,qp_event_allocator_m1_eta0p492_seededfine_cem_m1_eta0p492_seed19940001.csv
True,seeded_ic_v1,19940002,1,0.492,cem,cem_tuned_boundary,opp_m3_12000,0,0,12000,0,0.000761,0.010708,1.943825,10.241897,0.702799,0.7155381441116333,-0.0038477939087897,0.3716,0.439834862947464,0.036747894927056886,0.0481269732117652,0.03266000484808399,0.2886568225029115,False,qp_event_allocator_m1_eta0p492_seededfine_cem_m1_eta0p492_seed19940002.csv
True,seeded_ic_v1,19940003,1,0.492,cem,cem_tuned_boundary,opp_m3_12000,0,0,12000,0,0.021483,-0.029823,2.383284,9.880858,0.691974,0.7058384418487549,-0.0037277298979461,0.3716,0.4467203617095947,0.03616028548829042,0.109533779323101,0.03478021458380272,0.32204442644085457,False,qp_event_allocator_m1_eta0p492_seededfine_cem_m1_eta0p492_seed19940003.csv
True,seeded_ic_v1,19940004,1,0.492,cem,cem_tuned_boundary,opp_m3_12000,0,0,12000,0,0.026571,-0.022641,-0.187864,10.171879,0.71213,0.7253960967063904,-0.0037980650085955,0.3716,0.4530593454837799,0.03891314451209233,0.0420967154204845,0.033050060060634774,0.33797339762038325,False,qp_event_allocator_m1_eta0p492_seededfine_cem_m1_eta0p492_seed19940004.csv
True,seeded_ic_v1,19940005,1,0.492,cem,cem_tuned_boundary,opp_m3_12000,0,0,12000,0,0.027842,0.021039,4.303864,9.806521,0.698213,0.7125064730644226,-0.0038780458271503,0.3716,0.4494031965732574,0.033806790023197704,0.1663319617509842,0.03536051809743668,0.3002241157569036,False,qp_event_allocator_m1_eta0p492_seededfine_cem_m1_eta0p492_seed19940005.csv
True,seeded_ic_v1,19940006,1,0.492,cem,cem_tuned_boundary,opp_m3_12000,0,0,12000,0,-0.019989,-0.004991,-1.204158,10.126951,0.719142,0.7327621579170227,-0.0037646824494004,0.3716,0.4575093686580658,0.034328722424250516,0.1187139675021171,0.033329146964066074,0.27222438153679496,False,qp_event_allocator_m1_eta0p492_seededfine_cem_m1_eta0p492_seed19940006.csv
True,seeded_ic_v1,19940007,1,0.492,cem,cem_tuned_boundary,opp_m3_12000,0,0,12000,0,0.021339,0.002684,3.335725,10.118062,0.711155,0.7245538830757141,-0.0039297030307352,0.3716,0.4581467509269714,0.033746814085886256,0.167164534330368,0.03634814137425801,0.29897351069973344,False,qp_event_allocator_m1_eta0p492_seededfine_cem_m1_eta0p492_seed19940007.csv
True,seeded_ic_v1,19940008,1,0.492,cem,cem_tuned_boundary,opp_m3_12000,0,0,12000,0,0.013645,0.018765,-3.862317,10.140919,0.698299,0.7114077806472778,-0.0035374565050005,0.3716,0.448393702507019,0.0351370163898966,0.1136466711759567,0.03557739598323576,0.29009073113190503,False,qp_event_allocator_m1_eta0p492_seededfine_cem_m1_eta0p492_seed19940008.csv
True,seeded_ic_v1,19940009,1,0.492,cem,cem_tuned_boundary,opp_m3_12000,0,0,12000,0,-0.019582,0.015403,2.35627,10.080021,0.706447,0.7199116945266724,-0.0038465363904833,0.3716,0.4513504207134247,0.03555836142734322,0.0929506868124008,0.03460386134431767,0.26327699747994765,False,qp_event_allocator_m1_eta0p492_seededfine_cem_m1_eta0p492_seed19940009.csv
True,seeded_ic_v1,19940010,1,0.492,cem,cem_tuned_boundary,opp_m3_12000,0,0,12000,0,0.018554,-0.004336,3.739662,10.171947,0.704233,0.717246413230896,-0.0038798635359853,0.3716,0.4497090876102447,0.03494884795055019,0.1202069893479347,0.03460852579610397,0.3083783479433144,False,qp_event_allocator_m1_eta0p492_seededfine_cem_m1_eta0p492_seed19940010.csv
True,seeded_ic_v1,19940011,1,0.492,cem,cem_tuned_boundary,opp_m3_12000,0,0,12000,0,0.026632,-0.020965,-3.886049,9.869159,0.685507,0.6990822553634644,-0.0038481252267956,0.3716,0.4390278458595276,0.035598962455933095,0.1392521411180496,0.03592560223119128,0.32665090387754653,False,qp_event_allocator_m1_eta0p492_seededfine_cem_m1_eta0p492_seed19940011.csv
True,seeded_ic_v1,19940012,1,0.492,cem,cem_tuned_boundary,opp_m3_12000,0,0,12000,0,0.010638,0.015518,4.365075,9.86169,0.683157,0.6968068480491638,-0.0036232112906873,0.3716,0.4348591566085815,0.03353827709050062,0.1781387776136398,0.03497904192294011,0.2866011668054415,False,qp_event_allocator_m1_eta0p492_seededfine_cem_m1_eta0p492_seed19940012.csv
True,seeded_ic_v1,19940013,1,0.492,cem,cem_tuned_boundary,opp_m3_12000,0,0,12000,0,0.017817,0.016234,1.148671,9.991744,0.690842,0.7043110728263855,-0.0037416038103401,0.3716,0.4332326650619507,0.03419481883558728,0.1425044685602188,0.03415418372206872,0.29371764807016354,False,qp_event_allocator_m1_eta0p492_seededfine_cem_m1_eta0p492_seed19940013.csv
True,seeded_ic_v1,19940014,1,0.492,cem,cem_tuned_boundary,opp_m3_12000,0,0,12000,0,-0.00615,-0.007097,-3.020227,10.112185,0.719516,0.7330684065818787,-0.0038202479481697,0.3716,0.4525456428527832,0.03626589017152693,0.0703826993703842,0.03433106449973274,0.2915553807267855,False,qp_event_allocator_m1_eta0p492_seededfine_cem_m1_eta0p492_seed19940014.csv
True,seeded_ic_v1,19940015,1,0.492,cem,cem_tuned_boundary,opp_m3_12000,0,0,12000,0,0.013592,-0.022363,4.744772,9.795649,0.719541,0.7345165610313416,-0.0043255533091723,0.3716,0.4597408771514892,0.03412806648974085,0.1308977752923965,0.03203102874034038,0.30824530918579,False,qp_event_allocator_m1_eta0p492_seededfine_cem_m1_eta0p492_seed19940015.csv
True,seeded_ic_v1,19940016,1,0.492,cem,cem_tuned_boundary,opp_m3_12000,0,0,12000,0,-0.014121,0.009053,-4.387185,9.792888,0.681232,0.6950955390930176,-0.0041824057698249,0.3716,0.4336988925933838,0.03628068884739421,0.0971180647611618,0.034104212120915085,0.2776462419019752,False,qp_event_allocator_m1_eta0p492_seededfine_cem_m1_eta0p492_seed19940016.csv
True,seeded_ic_v1,19940017,1,0.492,cem,cem_tuned_boundary,opp_m3_12000,0,0,12000,0,-0.006208,-0.021183,1.573578,9.955216,0.692501,0.7060093879699707,-0.0039799935184419,0.3716,0.4407517611980438,0.03466823715398352,0.1440432071685791,0.03493289404797183,0.296229166195507,False,qp_event_allocator_m1_eta0p492_seededfine_cem_m1_eta0p492_seed19940017.csv
True,seeded_ic_v1,19940018,1,0.492,cem,cem_tuned_boundary,opp_m3_12000,0,0,12000,0,0.010419,-0.018083,0.857071,10.013125,0.706142,0.7198237776756287,-0.0036515397951006,0.3716,0.451064795255661,0.03664826315488289,0.0803335681557655,0.032383618149233406,0.3127677122878169,False,qp_event_allocator_m1_eta0p492_seededfine_cem_m1_eta0p492_seed19940018.csv
True,seeded_ic_v1,19940019,1,0.492,cem,cem_tuned_boundary,opp_m3_12000,0,0,12000,0,0.016513,0.019112,-3.377913,10.248499,0.681408,0.693530261516571,-0.0036880294792354,0.3716,0.4286881387233734,0.03636805172122892,0.1012913435697555,0.03632505899327727,0.30438351321549795,False,qp_event_allocator_m1_eta0p492_seededfine_cem_m1_eta0p492_seed19940019.csv
True,seeded_ic_v1,19940020,1,0.492,cem,cem_tuned_boundary,opp_m3_12000,0,0,12000,0,0.004241,0.0212,3.859822,9.754048,0.684075,0.698154628276825,-0.0040641664527356,0.3716,0.4255172312259674,0.036230148507544795,0.0938996225595474,0.032137047055442555,0.28392454165241404,False,qp_event_allocator_m1_eta0p492_seededfine_cem_m1_eta0p492_seed19940020.csv
True,seeded_ic_v1,19940021,1,0.492,cem,cem_tuned_boundary,opp_m3_12000,0,0,12000,0,-0.016021,-0.027569,-1.364983,10.054476,0.715564,0.7292324304580688,-0.0039763264358043,0.3716,0.4507292807102203,0.03586245800808122,0.0952653363347053,0.03478151344401596,0.2908424071995858,False,qp_event_allocator_m1_eta0p492_seededfine_cem_m1_eta0p492_seed19940021.csv
True,seeded_ic_v1,19940022,1,0.492,cem,cem_tuned_boundary,opp_m3_12000,0,0,12000,0,-0.01861,-0.02683,-1.724389,10.234649,0.70897,0.7218676805496216,-0.0039010881446301,0.3716,0.4389455020427704,0.035657163353859406,0.0581163689494133,0.03257341768469014,0.29280927695899467,False,qp_event_allocator_m1_eta0p492_seededfine_cem_m1_eta0p492_seed19940022.csv
True,seeded_ic_v1,19940023,1,0.492,cem,cem_tuned_boundary,opp_m3_12000,0,0,12000,0,-0.020224,-0.001636,-0.93001,9.97325,0.708306,0.7221322059631348,-0.003913058899343,0.3716,0.4398095905780792,0.03713388231740018,0.0370987020432949,0.03276679678208809,0.2807666467000326,False,qp_event_allocator_m1_eta0p492_seededfine_cem_m1_eta0p492_seed19940023.csv
True,seeded_ic_v1,19940024,1,0.492,cem,cem_tuned_boundary,opp_m3_12000,0,0,12000,0,-0.026312,0.014917,-3.687095,10.095392,0.718304,0.7319731712341309,-0.0037392671220004,0.3716,0.4493827819824219,0.03649996667118715,0.067161925137043,0.031933008652599584,0.267271038478668,False,qp_event_allocator_m1_eta0p492_seededfine_cem_m1_eta0p492_seed19940024.csv
True,seeded_ic_v1,19940025,1,0.492,cem,cem_tuned_boundary,opp_m3_12000,0,0,12000,0,0.007627,0.028767,3.858736,10.113543,0.698497,0.7116498351097107,-0.0038362985942512,0.3716,0.4465372562408447,0.03601803193485861,0.1036760061979293,0.036102560341672564,0.28110214925298055,False,qp_event_allocator_m1_eta0p492_seededfine_cem_m1_eta0p492_seed19940025.csv
True,seeded_ic_v1,19940026,1,0.492,cem,cem_tuned_boundary,opp_m3_12000,0,0,12000,0,-0.019065,-0.028342,-0.111372,9.862683,0.710724,0.7250521779060364,-0.0039586871862411,0.3716,0.4429625868797302,0.03566276014910797,0.064609557390213,0.032764403541636816,0.2912372332896063,False,qp_event_allocator_m1_eta0p492_seededfine_cem_m1_eta0p492_seed19940026.csv
True,seeded_ic_v1,19940027,1,0.492,cem,cem_tuned_boundary,opp_m3_12000,0,0,12000,0,-0.019549,-0.021015,2.055865,10.115887,0.719539,0.7331622838973999,-0.0041755535639822,0.3716,0.4553402364253998,0.03425380944208912,0.121822640299797,0.03191314505624875,0.28079039447290843,False,qp_event_allocator_m1_eta0p492_seededfine_cem_m1_eta0p492_seed19940027.csv
True,seeded_ic_v1,19940028,1,0.492,cem,cem_tuned_boundary,opp_m3_12000,0,0,12000,0,0.010137,0.021859,-1.804975,10.017009,0.684576,0.6976550817489624,-0.0038323777262121,0.3716,0.4315929710865021,0.035673599296828194,0.1169585660099983,0.034738637791512476,0.29059941673417594,False,qp_event_allocator_m1_eta0p492_seededfine_cem_m1_eta0p492_seed19940028.csv
True,seeded_ic_v1,19940029,1,0.492,cem,cem_tuned_boundary,opp_m3_12000,0,0,12000,0,-0.003011,-0.003075,-0.24199,9.910105,0.71352,0.7278016805648804,-0.0041013718582689,0.3716,0.4422230422496795,0.03516031915359907,0.0805979818105697,0.03493495171008525,0.2908116904742014,False,qp_event_allocator_m1_eta0p492_seededfine_cem_m1_eta0p492_seed19940029.csv
True,seeded_ic_v1,19940030,1,0.492,cem,cem_tuned_boundary,opp_m3_12000,0,0,12000,0,-0.021574,0.027938,-2.325108,9.889858,0.69384,0.7075359225273132,-0.0039471262134611,0.3716,0.4377082884311676,0.03599923729375628,0.1021314114332199,0.03577035088608057,0.2606768754247647,False,qp_event_allocator_m1_eta0p492_seededfine_cem_m1_eta0p492_seed19940030.csv
True,seeded_ic_v1,19950001,1,0.493,cem,cem_tuned_boundary,opp_m3_12000,0,0,12000,0,-0.019307,0.023158,4.830953,9.953987,0.689158,0.70265793800354,-0.0036995816044509,0.3656,0.4245117306709289,0.03479806461902324,0.1302672177553177,0.034290876832194714,0.25787270310627064,False,qp_event_allocator_m1_eta0p493_seededfine_cem_m1_eta0p493_seed19950001.csv
True,seeded_ic_v1,19950002,1,0.493,cem,cem_tuned_boundary,opp_m3_12000,0,0,12000,0,0.018489,0.004422,3.932062,9.994068,0.71993,0.7339853048324585,-0.0041317059658467,0.3656,0.4278312921524048,0.03474937311587163,0.0958006754517555,0.028442513937133308,0.31010019724962734,False,qp_event_allocator_m1_eta0p493_seededfine_cem_m1_eta0p493_seed19950002.csv
True,seeded_ic_v1,19950003,1,0.493,cem,cem_tuned_boundary,opp_m3_12000,0,0,12000,0,-0.019361,-0.010267,-4.374343,9.845266,0.698729,0.7128276824951172,-0.0040202937088906,0.3656,0.4263851344585418,0.03544681720637443,0.1031147614121437,0.03232269899171174,0.2837071889160599,False,qp_event_allocator_m1_eta0p493_seededfine_cem_m1_eta0p493_seed19950003.csv
True,seeded_ic_v1,19950004,1,0.493,cem,cem_tuned_boundary,opp_m3_12000,0,0,12000,0,0.020321,0.026804,-0.955574,10.10677,0.711012,0.7244219183921814,-0.0036481982097029,0.3656,0.4246911108493805,0.03501411794931771,0.0786859691143035,0.03309516613173521,0.2968847648836338,False,qp_event_allocator_m1_eta0p493_seededfine_cem_m1_eta0p493_seed19950004.csv
True,seeded_ic_v1,19950005,1,0.493,cem,cem_tuned_boundary,opp_m3_12000,0,0,12000,0,-0.002497,-0.026657,-4.833018,10.085514,0.68268,0.695530891418457,-0.0035003984812647,0.3656,0.4051858782768249,0.03442453646475139,0.0938173457980156,0.03109463834171814,0.30188001052046826,False,qp_event_allocator_m1_eta0p493_seededfine_cem_m1_eta0p493_seed19950005.csv
True,seeded_ic_v1,19950006,1,0.493,cem,cem_tuned_boundary,opp_m3_12000,0,0,12000,0,-0.017064,-0.019912,0.760909,10.075571,0.712821,0.726512610912323,-0.0038424138911068,0.3656,0.428038626909256,0.03659539424849961,0.1224860027432441,0.030078467616921935,0.29640671765343174,False,qp_event_allocator_m1_eta0p493_seededfine_cem_m1_eta0p493_seed19950006.csv
True,seeded_ic_v1,19950007,1,0.493,cem,cem_tuned_boundary,opp_m3_12000,0,0,12000,0,0.02302,0.0081,-1.600872,9.814257,0.698089,0.7122645378112793,-0.0038086029235273,0.3656,0.4264756143093109,0.03396931130319523,0.1400540471076965,0.03260311941161911,0.29750990456768134,False,qp_event_allocator_m1_eta0p493_seededfine_cem_m1_eta0p493_seed19950007.csv
True,seeded_ic_v1,19950008,1,0.493,cem,cem_tuned_boundary,opp_m3_12000,0,0,12000,0,0.025982,-0.002204,2.629357,10.186132,0.715807,0.7290580868721008,-0.0039241961203515,0.3656,0.4295317232608795,0.03485124972291852,0.0771931707859039,0.029726682387385104,0.3157257035091735,False,qp_event_allocator_m1_eta0p493_seededfine_cem_m1_eta0p493_seed19950008.csv
True,seeded_ic_v1,19950009,1,0.493,cem,cem_tuned_boundary,opp_m3_12000,0,0,12000,0,-0.005489,0.005671,-3.042331,9.948854,0.713179,0.7272160649299622,-0.0038340715691447,0.3656,0.4237366914749145,0.03520819803943986,0.0823410749435424,0.02837605384744601,0.2871102759274602,False,qp_event_allocator_m1_eta0p493_seededfine_cem_m1_eta0p493_seed19950009.csv
True,seeded_ic_v1,19950010,1,0.493,cem,cem_tuned_boundary,opp_m3_12000,0,0,12000,0,0.016982,-0.018236,2.609407,9.921231,0.695633,0.7094781398773193,-0.003725427435711,0.3656,0.4187942743301391,0.03467436522652736,0.0960784330964088,0.03071895615630076,0.3167516914039533,False,qp_event_allocator_m1_eta0p493_seededfine_cem_m1_eta0p493_seed19950010.csv
True,seeded_ic_v1,19950011,1,0.493,cem,cem_tuned_boundary,opp_m3_12000,0,0,12000,0,-0.006705,-0.001914,2.549835,10.191365,0.70535,0.7182939648628235,-0.0038783783093094,0.3656,0.4267975091934204,0.03801089647739304,0.1033439487218856,0.031295542202632864,0.29780564141513266,False,qp_event_allocator_m1_eta0p493_seededfine_cem_m1_eta0p493_seed19950011.csv
True,seeded_ic_v1,19950012,1,0.493,cem,cem_tuned_boundary,opp_m3_12000,0,0,12000,0,-0.004978,0.022191,3.596451,10.045149,0.68429,0.6973646879196167,-0.0035913914907723,0.3656,0.4178780317306518,0.03416082945743022,0.132542222738266,0.03205286752066209,0.26881051621080115,False,qp_event_allocator_m1_eta0p493_seededfine_cem_m1_eta0p493_seed19950012.csv
True,seeded_ic_v1,19950013,1,0.493,cem,cem_tuned_boundary,opp_m3_12000,0,0,12000,0,-0.012868,0.024362,1.711347,10.20473,0.692634,0.7053168416023254,-0.0038531126920133,0.3656,0.4181424081325531,0.03433399969169845,0.1021748855710029,0.029903449571263778,0.26565921725073643,False,qp_event_allocator_m1_eta0p493_seededfine_cem_m1_eta0p493_seed19950013.csv
True,seeded_ic_v1,19950014,1,0.493,cem,cem_tuned_boundary,opp_m3_12000,0,0,12000,0,-0.009455,0.010734,-3.76128,9.829999,0.714828,0.7294328212738037,-0.004251392558217,0.3656,0.4284794628620147,0.03657081790555769,0.1170521527528762,0.030917827473356096,0.28670691306318363,False,qp_event_allocator_m1_eta0p493_seededfine_cem_m1_eta0p493_seed19950014.csv
True,seeded_ic_v1,19950015,1,0.493,cem,cem_tuned_boundary,opp_m3_12000,0,0,12000,0,-0.028486,0.02982,1.186725,10.016446,0.694904,0.7078622579574585,-0.0036557582207024,0.3656,0.413976103067398,0.03673749911153452,0.0936975479125976,0.02989516851591937,0.25772941529659593,False,qp_event_allocator_m1_eta0p493_seededfine_cem_m1_eta0p493_seed19950015.csv
True,seeded_ic_v1,19950016,1,0.493,cem,cem_tuned_boundary,opp_m3_12000,0,0,12000,0,-0.029274,0.014179,-3.363762,10.11629,0.716147,0.7296593189239502,-0.003958033863455,0.3656,0.4383847117424011,0.03543518258028385,0.132780909538269,0.03191920246556356,0.2588519906510013,False,qp_event_allocator_m1_eta0p493_seededfine_cem_m1_eta0p493_seed19950016.csv
True,seeded_ic_v1,19950017,1,0.493,cem,cem_tuned_boundary,opp_m3_12000,0,0,12000,0,0.014134,-0.01372,4.378901,9.831936,0.712267,0.7267314791679382,-0.0040254220366477,0.3656,0.427811712026596,0.03457233731440445,0.0716730058193206,0.030309716676280667,0.313295460024999,False,qp_event_allocator_m1_eta0p493_seededfine_cem_m1_eta0p493_seed19950017.csv
True,seeded_ic_v1,19950018,1,0.493,cem,cem_tuned_boundary,opp_m3_12000,0,0,12000,0,-0.02774,-0.0077,-1.790402,10.020144,0.698707,0.7121581435203552,-0.0037138857878744,0.3656,0.412863940000534,0.03510809518466388,0.0777120068669319,0.03094554950147316,0.2767207592046367,False,qp_event_allocator_m1_eta0p493_seededfine_cem_m1_eta0p493_seed19950018.csv
True,seeded_ic_v1,19950019,1,0.493,cem,cem_tuned_boundary,opp_m3_12000,0,0,12000,0,-0.020002,-0.014443,3.242643,9.902607,0.698807,0.7126968502998352,-0.0040808008052408,0.3656,0.4170865714550018,0.037217155877370386,0.1037557050585746,0.030452591001029032,0.29468062256834626,False,qp_event_allocator_m1_eta0p493_seededfine_cem_m1_eta0p493_seed19950019.csv
True,seeded_ic_v1,19950020,1,0.493,cem,cem_tuned_boundary,opp_m3_12000,0,0,12000,0,-0.014157,0.017892,3.53212,9.801179,0.694518,0.7087791562080383,-0.004108774010092,0.3656,0.4139473140239715,0.035138728738406684,0.0755551680922508,0.0325677672288868,0.27139004078541384,False,qp_event_allocator_m1_eta0p493_seededfine_cem_m1_eta0p493_seed19950020.csv
True,seeded_ic_v1,19950021,1,0.493,cem,cem_tuned_boundary,opp_m3_12000,0,0,12000,0,0.017573,0.019624,-4.880216,10.09241,0.704997,0.718357264995575,-0.0038923393003642,0.3656,0.4236375391483307,0.0337007881603507,0.0987283438444137,0.03145507292871341,0.2947704149461123,False,qp_event_allocator_m1_eta0p493_seededfine_cem_m1_eta0p493_seed19950021.csv
True,seeded_ic_v1,19950022,1,0.493,cem,cem_tuned_boundary,opp_m3_12000,0,0,12000,0,0.013799,-0.029513,4.141367,9.901917,0.719194,0.7335634231567383,-0.0040045324712991,0.3656,0.431827574968338,0.03527392335078927,0.0756523832678794,0.030601866697200733,0.3178650825526816,False,qp_event_allocator_m1_eta0p493_seededfine_cem_m1_eta0p493_seed19950022.csv
True,seeded_ic_v1,19950023,1,0.493,cem,cem_tuned_boundary,opp_m3_12000,0,0,12000,0,-0.025108,-0.024395,-4.060368,9.864715,0.691728,0.705649197101593,-0.0037411772646009,0.3656,0.4173969328403473,0.03548176966527487,0.0901678353548049,0.03157432766742547,0.28515414904213315,False,qp_event_allocator_m1_eta0p493_seededfine_cem_m1_eta0p493_seed19950023.csv
True,seeded_ic_v1,19950024,1,0.493,cem,cem_tuned_boundary,opp_m3_12000,0,0,12000,0,0.02842,-0.023548,3.570319,10.003494,0.715077,0.729020357131958,-0.004040571860969,0.3656,0.4226887226104736,0.03780463048132086,0.138562873005867,0.031036846655122317,0.3452024458189033,False,qp_event_allocator_m1_eta0p493_seededfine_cem_m1_eta0p493_seed19950024.csv
True,seeded_ic_v1,19950025,1,0.493,cem,cem_tuned_boundary,opp_m3_12000,0,0,12000,0,0.017127,0.007552,2.779959,10.11714,0.694436,0.7074801921844482,-0.0036792017053812,0.3656,0.4183442592620849,0.03690105436212317,0.0687414109706878,0.03231481401386186,0.30492422748063,False,qp_event_allocator_m1_eta0p493_seededfine_cem_m1_eta0p493_seed19950025.csv
True,seeded_ic_v1,19950026,1,0.493,cem,cem_tuned_boundary,opp_m3_12000,0,0,12000,0,-0.002664,-0.017812,-3.702563,10.228581,0.709667,0.7226489782333374,-0.0039450488984584,0.3656,0.4386256635189056,0.0359988146809479,0.1312422752380371,0.03244965436865173,0.29912993248994113,False,qp_event_allocator_m1_eta0p493_seededfine_cem_m1_eta0p493_seed19950026.csv
True,seeded_ic_v1,19950027,1,0.493,cem,cem_tuned_boundary,opp_m3_12000,0,0,12000,0,0.015992,-0.014734,1.68603,9.783942,0.700441,0.7148999571800232,-0.0040189535357058,0.3656,0.4171265959739685,0.03505638847963556,0.0739569887518882,0.030792459794641402,0.31154256837052413,False,qp_event_allocator_m1_eta0p493_seededfine_cem_m1_eta0p493_seed19950027.csv
True,seeded_ic_v1,19950028,1,0.493,cem,cem_tuned_boundary,opp_m3_12000,0,0,12000,0,-0.015152,-0.014544,4.593469,10.06354,0.681804,0.694695234298706,-0.0038500202354043,0.3656,0.4190065264701843,0.034487808857509704,0.1215975582599639,0.03269977905527439,0.2822397254184467,False,qp_event_allocator_m1_eta0p493_seededfine_cem_m1_eta0p493_seed19950028.csv
True,seeded_ic_v1,19950029,1,0.493,cem,cem_tuned_boundary,opp_m3_12000,0,0,12000,0,0.004226,-0.007958,4.18962,10.060019,0.708323,0.7219037413597107,-0.0036547945346683,0.3656,0.4314526617527008,0.035296177579823756,0.0841584727168083,0.030280047199723024,0.30324093037152294,False,qp_event_allocator_m1_eta0p493_seededfine_cem_m1_eta0p493_seed19950029.csv
True,seeded_ic_v1,19950030,1,0.493,cem,cem_tuned_boundary,opp_m3_12000,0,0,12000,0,-0.002123,-0.001854,-2.668654,9.938327,0.719707,0.7339915633201599,-0.0039698481559753,0.3656,0.4276561737060547,0.035129152291870094,0.0865095481276512,0.029508042052973454,0.29506201301382695,False,qp_event_allocator_m1_eta0p493_seededfine_cem_m1_eta0p493_seed19950030.csv
True,seeded_ic_v1,19960001,1,0.494,cem,cem_tuned_boundary,opp_m3_12000,0,0,12000,0,-0.011475,-0.021647,-4.959257,10.139795,0.686221,0.6988604068756104,-0.0035152365453541,0.3596,0.3967230916023254,0.030783946525140615,0.0807190388441085,0.029629533635234753,0.2875620573009243,False,qp_event_allocator_m1_eta0p494_seededfine_cem_m1_eta0p494_seed19960001.csv
True,seeded_ic_v1,19960002,1,0.494,cem,cem_tuned_boundary,opp_m3_12000,0,0,12000,0,0.007283,-0.007901,-4.527085,9.850004,0.685511,0.699279248714447,-0.0037253166083246,0.3596,0.386214017868042,0.034006725570323644,0.1699022948741912,0.028665843851834547,0.31314679263934897,False,qp_event_allocator_m1_eta0p494_seededfine_cem_m1_eta0p494_seed19960002.csv
True,seeded_ic_v1,19960003,1,0.494,cem,cem_tuned_boundary,opp_m3_12000,0,0,12000,0,-0.015215,-0.001616,1.176323,9.863329,0.710921,0.7253718972206116,-0.0041144234128296,0.3596,0.3937720954418182,0.03311590766998607,0.1813729852437973,0.027385493248881544,0.29112115188707177,False,qp_event_allocator_m1_eta0p494_seededfine_cem_m1_eta0p494_seed19960003.csv
True,seeded_ic_v1,19960004,1,0.494,cem,cem_tuned_boundary,opp_m3_12000,0,0,12000,0,-0.006848,-0.00548,-0.004327,10.240197,0.714387,0.7274675369262695,-0.0036829221062362,0.3596,0.4023108780384063,0.03141661476293439,0.1351627707481384,0.02807864947111369,0.29046113397434553,False,qp_event_allocator_m1_eta0p494_seededfine_cem_m1_eta0p494_seed19960004.csv
True,seeded_ic_v1,19960005,1,0.494,cem,cem_tuned_boundary,opp_m3_12000,0,0,12000,0,-0.02989,-0.021149,-2.228552,10.174437,0.689866,0.702594518661499,-0.0039127082563936,0.3596,0.395605057477951,0.032072143917706894,0.0941795259714126,0.027886343701987254,0.2780652053146972,False,qp_event_allocator_m1_eta0p494_seededfine_cem_m1_eta0p494_seed19960005.csv
True,seeded_ic_v1,19960006,1,0.494,cem,cem_tuned_boundary,opp_m3_12000,0,0,12000,0,0.014374,0.008286,-2.09795,10.153044,0.694579,0.7074853181838989,-0.0034946976229548,0.3596,0.3480227291584015,0.03136191254895879,0.3354148268699646,0.024559037948428262,0.3408740811676861,True,qp_event_allocator_m1_eta0p494_seededfine_cem_m1_eta0p494_seed19960006.csv
True,seeded_ic_v1,19960007,1,0.494,cem,cem_tuned_boundary,opp_m3_12000,0,0,12000,0,-0.005201,-0.0085,-4.339876,10.093607,0.717153,0.7310393452644348,-0.0039516994729638,0.3596,0.3929969370365143,0.03012290393493005,0.1395325064659118,0.02866915742536452,0.29511559712246277,False,qp_event_allocator_m1_eta0p494_seededfine_cem_m1_eta0p494_seed19960007.csv
True,seeded_ic_v1,19960008,1,0.494,cem,cem_tuned_boundary,opp_m3_12000,0,0,12000,0,-0.016913,0.021163,2.694327,9.875799,0.68689,0.7004851698875427,-0.0036912164650857,0.3596,0.3939057886600494,0.034073494009106794,0.1171093359589576,0.03097890680766305,0.2664417037742541,False,qp_event_allocator_m1_eta0p494_seededfine_cem_m1_eta0p494_seed19960008.csv
True,seeded_ic_v1,19960009,1,0.494,cem,cem_tuned_boundary,opp_m3_12000,0,0,12000,0,0.022838,0.009392,-4.430747,10.174059,0.701253,0.7142452597618103,-0.0035579334944486,0.3596,0.3949557542800903,0.034621018945687705,0.1994032859802246,0.03007352790270014,0.3189889687383228,False,qp_event_allocator_m1_eta0p494_seededfine_cem_m1_eta0p494_seed19960009.csv
True,seeded_ic_v1,19960010,1,0.494,cem,cem_tuned_boundary,opp_m3_12000,0,0,12000,0,-0.017942,0.019644,1.917746,10.217154,0.694663,0.7072712779045105,-0.0037758280523121,0.3596,0.4050974249839782,0.035131768540401245,0.1344911009073257,0.03036635128773992,0.2700795647842368,False,qp_event_allocator_m1_eta0p494_seededfine_cem_m1_eta0p494_seed19960010.csv
True,seeded_ic_v1,19960011,1,0.494,cem,cem_tuned_boundary,opp_m3_12000,0,0,12000,0,0.01441,-0.000423,-4.742429,9.794424,0.695884,0.7100422382354736,-0.0042416951619088,0.3596,0.3990205526351928,0.032750225835649904,0.0981382355093956,0.028676961189635492,0.30289882429929205,False,qp_event_allocator_m1_eta0p494_seededfine_cem_m1_eta0p494_seed19960011.csv
True,seeded_ic_v1,19960012,1,0.494,cem,cem_tuned_boundary,opp_m3_12000,0,0,12000,0,0.021651,-0.001452,0.663025,9.936283,0.689066,0.7025778293609619,-0.0038132895715534,0.3596,0.3984654247760772,0.03549739942984154,0.1646442115306854,0.029075596957663905,0.3157553371225451,False,qp_event_allocator_m1_eta0p494_seededfine_cem_m1_eta0p494_seed19960012.csv
True,seeded_ic_v1,19960013,1,0.494,cem,cem_tuned_boundary,opp_m3_12000,0,0,12000,0,0.018392,0.005025,-0.124971,10.032156,0.689055,0.7021910548210144,-0.0035300466697663,0.3596,0.401471197605133,0.033436530258441066,0.1110438331961631,0.03053619324202616,0.29890645324990933,False,qp_event_allocator_m1_eta0p494_seededfine_cem_m1_eta0p494_seed19960013.csv
True,seeded_ic_v1,19960014,1,0.494,cem,cem_tuned_boundary,opp_m3_12000,0,0,12000,0,0.016042,-0.022373,-0.165047,10.225876,0.695989,0.7086104154586792,-0.003810407128185,0.3596,0.3834838271141052,0.03151824784369443,0.141645923256874,0.02728372890468042,0.3257978386596811,False,qp_event_allocator_m1_eta0p494_seededfine_cem_m1_eta0p494_seed19960014.csv
True,seeded_ic_v1,19960015,1,0.494,cem,cem_tuned_boundary,opp_m3_12000,0,0,12000,0,-0.025467,0.001055,2.166198,10.196472,0.697877,0.7106438279151917,-0.0035803883802145,0.3596,0.3971284329891205,0.034615274175127976,0.171282559633255,0.029625520446929978,0.27997744798545887,False,qp_event_allocator_m1_eta0p494_seededfine_cem_m1_eta0p494_seed19960015.csv
True,seeded_ic_v1,19960016,1,0.494,cem,cem_tuned_boundary,opp_m3_12000,0,0,12000,0,0.006534,0.010341,1.486136,9.856313,0.697876,0.7120048403739929,-0.0038193843793123,0.3596,0.3924060761928558,0.033078059012260214,0.1466766148805618,0.028531287827584805,0.2952484125040958,False,qp_event_allocator_m1_eta0p494_seededfine_cem_m1_eta0p494_seed19960016.csv
True,seeded_ic_v1,19960017,1,0.494,cem,cem_tuned_boundary,opp_m3_12000,0,0,12000,0,-0.023333,-0.010337,2.897676,10.034474,0.710497,0.7242827415466309,-0.0039359857328236,0.3596,0.400968462228775,0.032877600198743945,0.1679871678352356,0.027985439055539876,0.28950850612502543,False,qp_event_allocator_m1_eta0p494_seededfine_cem_m1_eta0p494_seed19960017.csv
True,seeded_ic_v1,19960018,1,0.494,cem,cem_tuned_boundary,opp_m3_12000,0,0,12000,0,0.00629,0.011427,0.101713,10.17374,0.694063,0.7069209218025208,-0.0037877866998314,0.3596,0.3955134749412536,0.03347739551697582,0.1213813722133636,0.029588410629172314,0.2931497039854039,False,qp_event_allocator_m1_eta0p494_seededfine_cem_m1_eta0p494_seed19960018.csv
True,seeded_ic_v1,19960019,1,0.494,cem,cem_tuned_boundary,opp_m3_12000,0,0,12000,0,-0.00265,-0.019506,4.328379,9.814003,0.685993,0.6999624371528625,-0.0037423789035528,0.3596,0.4020606279373169,0.03390524341614342,0.1119441539049148,0.028753623907578955,0.2996204983170334,False,qp_event_allocator_m1_eta0p494_seededfine_cem_m1_eta0p494_seed19960019.csv
True,seeded_ic_v1,19960020,1,0.494,cem,cem_tuned_boundary,opp_m3_12000,0,0,12000,0,-0.002245,-0.00853,-4.269839,9.865103,0.710136,0.7243800163269043,-0.0039833658374845,0.3596,0.3985914885997772,0.03422456928298479,0.2141098976135254,0.027066774591300413,0.3085460340754918,False,qp_event_allocator_m1_eta0p494_seededfine_cem_m1_eta0p494_seed19960020.csv
True,seeded_ic_v1,19960021,1,0.494,cem,cem_tuned_boundary,opp_m3_12000,0,0,12000,0,-0.02924,-0.020153,0.250669,10.237446,0.694948,0.7075994610786438,-0.0037436424754559,0.3596,0.3949984610080719,0.03372889428698955,0.1386125087738037,0.029116880575630635,0.28532176930839515,False,qp_event_allocator_m1_eta0p494_seededfine_cem_m1_eta0p494_seed19960021.csv
True,seeded_ic_v1,19960022,1,0.494,cem,cem_tuned_boundary,opp_m3_12000,0,0,12000,0,0.003171,0.015668,2.042479,10.215149,0.697091,0.7098337411880493,-0.0037924603093415,0.3596,0.3921919167041778,0.0343458831711035,0.1986079961061477,0.027069519901777216,0.29849599116413694,False,qp_event_allocator_m1_eta0p494_seededfine_cem_m1_eta0p494_seed19960022.csv
True,seeded_ic_v1,19960023,1,0.494,cem,cem_tuned_boundary,opp_m3_12000,0,0,12000,0,0.014672,-0.028561,-2.55644,10.105002,0.709839,0.7232091426849365,-0.003779251826927,0.3596,0.3954071700572967,0.030283135720668642,0.1088138297200203,0.027304779153056402,0.31889009316071704,False,qp_event_allocator_m1_eta0p494_seededfine_cem_m1_eta0p494_seed19960023.csv
True,seeded_ic_v1,19960024,1,0.494,cem,cem_tuned_boundary,opp_m3_12000,0,0,12000,0,0.010551,-0.001132,-4.969031,10.179372,0.709108,0.7220091819763184,-0.0035330294631421,0.3596,0.3933089673519134,0.034505597969025616,0.2153122574090957,0.028144134933905347,0.31926114125423255,False,qp_event_allocator_m1_eta0p494_seededfine_cem_m1_eta0p494_seed19960024.csv
True,seeded_ic_v1,19960025,1,0.494,cem,cem_tuned_boundary,opp_m3_12000,0,0,12000,0,-0.017914,0.026638,1.320154,9.859351,0.696807,0.0126561550423502,-0.0002345340326428,0.379840630697459,0.0002345340326428,9.813523356470141e-10,0.0,0.0,0.03210131002221153,True,qp_event_allocator_m1_eta0p494_seededfine_cem_m1_eta0p494_seed19960025.csv
True,seeded_ic_v1,19960026,1,0.494,cem,cem_tuned_boundary,opp_m3_12000,0,0,12000,0,0.006237,0.013563,1.04662,10.206524,0.715827,0.7289365530014038,-0.0040382272563874,0.3596,0.4059585332870483,0.03191256800016416,0.1613855212926864,0.02871919666772804,0.29456792171605034,False,qp_event_allocator_m1_eta0p494_seededfine_cem_m1_eta0p494_seed19960026.csv
True,seeded_ic_v1,19960027,1,0.494,cem,cem_tuned_boundary,opp_m3_12000,0,0,12000,0,0.010457,-0.001969,0.269442,10.240256,0.709783,0.7227120399475098,-0.0040068672969937,0.3596,0.3977705240249634,0.031269577678361735,0.1253387778997421,0.028979691108050234,0.30379657710627206,False,qp_event_allocator_m1_eta0p494_seededfine_cem_m1_eta0p494_seed19960027.csv
True,seeded_ic_v1,19960028,1,0.494,cem,cem_tuned_boundary,opp_m3_12000,0,0,12000,0,0.023498,0.029602,-4.77851,10.094288,0.700269,0.7143321633338928,-0.0039663552306592,0.3596,0.3871505260467529,0.02991665327568103,0.0975299626588821,0.025610052672480097,0.29665768416598115,False,qp_event_allocator_m1_eta0p494_seededfine_cem_m1_eta0p494_seed19960028.csv
True,seeded_ic_v1,19960029,1,0.494,cem,cem_tuned_boundary,opp_m3_12000,0,0,12000,0,0.023684,0.008245,-1.928837,10.140315,0.710984,0.72429358959198,-0.0036646989174187,0.3596,0.4036137163639068,0.03073030756010907,0.1124016195535659,0.028070025007670772,0.3080614289573845,False,qp_event_allocator_m1_eta0p494_seededfine_cem_m1_eta0p494_seed19960029.csv
True,seeded_ic_v1,19960030,1,0.494,cem,cem_tuned_boundary,opp_m3_12000,0,0,12000,0,-0.029937,-0.007691,-3.596164,9.981666,0.700014,0.7137938737869263,-0.0036469609476625,0.3596,0.3981146514415741,0.033216181583175915,0.1532454639673233,0.028424755044080898,0.2786406104059053,False,qp_event_allocator_m1_eta0p494_seededfine_cem_m1_eta0p494_seed19960030.csv
True,seeded_ic_v1,19970001,1,0.495,cem,cem_tuned_boundary,opp_m3_12000,0,0,12000,0,0.029161,-0.021354,-3.068186,10.171377,0.695991,0.7087569832801819,-0.0038685267791152,0.3536,0.3734866976737976,0.02748357609080553,0.145621657371521,0.025708922488794146,0.33325835241066654,False,qp_event_allocator_m1_eta0p495_seededfine_cem_m1_eta0p495_seed19970001.csv
True,seeded_ic_v1,19970002,1,0.495,cem,cem_tuned_boundary,opp_m3_12000,0,0,12000,0,0.016992,0.005341,-2.616247,9.757813,0.715804,0.7307061553001404,-0.0043407953344285,0.3536,0.3693799674510956,0.023355196411035953,0.1741328537464141,0.02381798826998603,0.3130661453932493,False,qp_event_allocator_m1_eta0p495_seededfine_cem_m1_eta0p495_seed19970002.csv
True,seeded_ic_v1,19970003,1,0.495,cem,cem_tuned_boundary,opp_m3_12000,0,0,12000,0,0.00408,0.002568,-1.545156,9.944055,0.710979,0.7251400351524353,-0.0038804344367235,0.3536,0.3374591767787933,0.03512446627482263,0.4702080190181732,0.02279069238235757,0.3747965019352253,True,qp_event_allocator_m1_eta0p495_seededfine_cem_m1_eta0p495_seed19970003.csv
True,seeded_ic_v1,19970004,1,0.495,cem,cem_tuned_boundary,opp_m3_12000,0,0,12000,0,-0.008829,0.010729,-3.824489,10.184911,0.697229,0.71002197265625,-0.0039210096001625,0.3536,0.3728792369365692,0.026354547614912457,0.12366583943367,0.02640602139096049,0.27775253838253655,False,qp_event_allocator_m1_eta0p495_seededfine_cem_m1_eta0p495_seed19970004.csv
True,seeded_ic_v1,19970005,1,0.495,cem,cem_tuned_boundary,opp_m3_12000,0,0,12000,0,-0.014106,-0.021833,2.521453,10.213856,0.681001,0.6933998465538025,-0.003620131406933,0.3536,0.3619511425495147,0.027021464242440608,0.1119875535368919,0.026596158126669867,0.2899223713095361,False,qp_event_allocator_m1_eta0p495_seededfine_cem_m1_eta0p495_seed19970005.csv
True,seeded_ic_v1,19970006,1,0.495,cem,cem_tuned_boundary,opp_m3_12000,0,0,12000,0,-0.02072,-0.01199,-0.511158,9.890211,0.705091,0.7191630601882935,-0.0038258337881416,0.3536,0.3747558295726776,0.02604222148936886,0.1316374987363815,0.026124914408640044,0.2906912386051598,False,qp_event_allocator_m1_eta0p495_seededfine_cem_m1_eta0p495_seed19970006.csv
True,seeded_ic_v1,19970007,1,0.495,cem,cem_tuned_boundary,opp_m3_12000,0,0,12000,0,-0.01303,0.023944,0.454544,9.815553,0.712578,0.7272130846977234,-0.0039355433546006,0.3536,0.3668631613254547,0.024631945818535762,0.1858223229646682,0.023555913447933972,0.28392966783188817,False,qp_event_allocator_m1_eta0p495_seededfine_cem_m1_eta0p495_seed19970007.csv
True,seeded_ic_v1,19970008,1,0.495,cem,cem_tuned_boundary,opp_m3_12000,0,0,12000,0,0.008643,0.002253,-2.870416,10.173341,0.708015,0.7211356163024902,-0.003913371823728,0.3536,0.3670973479747772,0.024044158594695414,0.1561118364334106,0.02517295383193851,0.3049449975275137,False,qp_event_allocator_m1_eta0p495_seededfine_cem_m1_eta0p495_seed19970008.csv
True,seeded_ic_v1,19970009,1,0.495,cem,cem_tuned_boundary,opp_m3_12000,0,0,12000,0,0.023059,0.026146,3.62606,10.028354,0.708495,0.722140371799469,-0.004010209813714,0.3536,0.3637081682682037,0.02502501764113236,0.1771469712257385,0.024773825916743396,0.31186973723599654,False,qp_event_allocator_m1_eta0p495_seededfine_cem_m1_eta0p495_seed19970009.csv
True,seeded_ic_v1,19970010,1,0.495,cem,cem_tuned_boundary,opp_m3_12000,0,0,12000,0,0.022582,0.006029,4.181418,9.827051,0.71501,0.7297636866569519,-0.0039793802425265,0.3536,0.3684531450271606,0.02510243740564235,0.1837585866451263,0.02516563375867384,0.3164992982211363,False,qp_event_allocator_m1_eta0p495_seededfine_cem_m1_eta0p495_seed19970010.csv
True,seeded_ic_v1,19970011,1,0.495,cem,cem_tuned_boundary,opp_m3_12000,0,0,12000,0,0.022021,0.001202,-1.874031,10.042405,0.685686,0.6987290978431702,-0.0037537128664553,0.3536,0.3730905055999756,0.030328786268037193,0.1607655733823776,0.027798566040196312,0.3105221677355221,False,qp_event_allocator_m1_eta0p495_seededfine_cem_m1_eta0p495_seed19970011.csv
True,seeded_ic_v1,19970012,1,0.495,cem,cem_tuned_boundary,opp_m3_12000,0,0,12000,0,0.011797,0.014105,0.508269,10.247201,0.704778,0.7175461649894714,-0.0036033149808645,0.3536,0.3582231104373932,0.024867169360364014,0.1591081768274307,0.025073379667876518,0.3007197039054722,False,qp_event_allocator_m1_eta0p495_seededfine_cem_m1_eta0p495_seed19970012.csv
True,seeded_ic_v1,19970013,1,0.495,cem,cem_tuned_boundary,opp_m3_12000,0,0,12000,0,0.023178,-0.012585,0.865709,10.004043,0.703389,0.7172039151191711,-0.0040480722673237,0.3536,0.3678887486457824,0.02487888011424822,0.1497067660093307,0.02594714076229411,0.3252084253337498,False,qp_event_allocator_m1_eta0p495_seededfine_cem_m1_eta0p495_seed19970013.csv
True,seeded_ic_v1,19970014,1,0.495,cem,cem_tuned_boundary,opp_m3_12000,0,0,12000,0,-0.010657,0.008301,-1.383727,9.801874,0.690336,0.7044099569320679,-0.0039778184145689,0.3536,0.3647376000881195,0.027269050899011937,0.1481795907020568,0.026142419185016457,0.28429367481929413,False,qp_event_allocator_m1_eta0p495_seededfine_cem_m1_eta0p495_seed19970014.csv
True,seeded_ic_v1,19970015,1,0.495,cem,cem_tuned_boundary,opp_m3_12000,0,0,12000,0,-0.014658,-0.008668,0.52787,9.836942,0.682971,0.6966195702552795,-0.0039097075350582,0.3536,0.3550532162189483,0.027247669502035745,0.1498726457357406,0.02551415742184811,0.2950590951076359,False,qp_event_allocator_m1_eta0p495_seededfine_cem_m1_eta0p495_seed19970015.csv
True,seeded_ic_v1,19970016,1,0.495,cem,cem_tuned_boundary,opp_m3_12000,0,0,12000,0,-0.017028,0.015686,3.68504,10.033826,0.716964,0.7307521104812622,-0.0038533548358827,0.3536,0.3703697323799133,0.024133506611387082,0.1644238233566284,0.025453334934711132,0.2783632302173204,False,qp_event_allocator_m1_eta0p495_seededfine_cem_m1_eta0p495_seed19970016.csv
True,seeded_ic_v1,19970017,1,0.495,cem,cem_tuned_boundary,opp_m3_12000,0,0,12000,0,-0.020886,-0.007315,0.73548,9.879707,0.701202,0.7151768803596497,-0.0038138621021062,0.3536,0.3635964691638946,0.025096376918320777,0.1640335768461227,0.025714594657649074,0.2898970493706578,False,qp_event_allocator_m1_eta0p495_seededfine_cem_m1_eta0p495_seed19970017.csv
True,seeded_ic_v1,19970018,1,0.495,cem,cem_tuned_boundary,opp_m3_12000,0,0,12000,0,-0.029661,0.02847,-4.770947,9.957446,0.716881,0.7311028242111206,-0.0037289310712367,0.3536,0.3740372657775879,0.024309443474127355,0.1534562557935714,0.024944071239861025,0.26298446383342833,False,qp_event_allocator_m1_eta0p495_seededfine_cem_m1_eta0p495_seed19970018.csv
True,seeded_ic_v1,19970019,1,0.495,cem,cem_tuned_boundary,opp_m3_12000,0,0,12000,0,-0.020452,0.014832,-0.762158,10.148609,0.697994,0.7109520435333252,-0.0035141657572239,0.3536,0.3561058044433594,0.024970828316902213,0.1966112405061721,0.024192755320109446,0.2764878042821819,False,qp_event_allocator_m1_eta0p495_seededfine_cem_m1_eta0p495_seed19970019.csv
True,seeded_ic_v1,19970020,1,0.495,cem,cem_tuned_boundary,opp_m3_12000,0,0,12000,0,-0.00104,0.002516,-4.987923,10.105684,0.711932,0.7252947092056274,-0.0038455503527075,0.3536,0.3651500344276428,0.024820095159518548,0.1759349852800369,0.02511348817244902,0.2969058156967719,False,qp_event_allocator_m1_eta0p495_seededfine_cem_m1_eta0p495_seed19970020.csv
True,seeded_ic_v1,19970021,1,0.495,cem,cem_tuned_boundary,opp_m3_12000,0,0,12000,0,-0.004432,0.023738,-4.274416,10.059661,0.697666,0.7110539674758911,-0.0036938209086656,0.3536,0.3645351827144623,0.026372199266324507,0.1374003440141677,0.02567528248681539,0.28333743267388356,False,qp_event_allocator_m1_eta0p495_seededfine_cem_m1_eta0p495_seed19970021.csv
True,seeded_ic_v1,19970022,1,0.495,cem,cem_tuned_boundary,opp_m3_12000,0,0,12000,0,-0.00879,0.026388,3.192667,10.24232,0.694854,0.7074172496795654,-0.0038113927002996,0.3536,0.371693879365921,0.02880814473647281,0.157067209482193,0.02730488101248951,0.27548784047756664,False,qp_event_allocator_m1_eta0p495_seededfine_cem_m1_eta0p495_seed19970022.csv
True,seeded_ic_v1,19970023,1,0.495,cem,cem_tuned_boundary,opp_m3_12000,0,0,12000,0,-0.022278,0.011672,-0.96945,9.952983,0.715004,0.7291486859321594,-0.0039529991336166,0.3536,0.3614982068538666,0.02466017558323657,0.2275420278310775,0.022923969718180306,0.2906131998138371,False,qp_event_allocator_m1_eta0p495_seededfine_cem_m1_eta0p495_seed19970023.csv
True,seeded_ic_v1,19970024,1,0.495,cem,cem_tuned_boundary,opp_m3_12000,0,0,12000,0,0.014956,0.026662,4.493564,9.98794,0.694465,0.708249568939209,-0.0038317081052809,0.3536,0.3677962124347687,0.025983618568065723,0.124931663274765,0.025958320595151168,0.29673510013886223,False,qp_event_allocator_m1_eta0p495_seededfine_cem_m1_eta0p495_seed19970024.csv
True,seeded_ic_v1,19970025,1,0.495,cem,cem_tuned_boundary,opp_m3_12000,0,0,12000,0,-0.018068,-0.001035,-3.155778,9.852006,0.681649,0.6953322291374207,-0.003792647505179,0.3536,0.3699328005313873,0.029350028127402655,0.1532781273126602,0.028364851918361626,0.2732888928215283,False,qp_event_allocator_m1_eta0p495_seededfine_cem_m1_eta0p495_seed19970025.csv
True,seeded_ic_v1,19970026,1,0.495,cem,cem_tuned_boundary,opp_m3_12000,0,0,12000,0,0.01207,0.008115,-0.948024,10.115587,0.685504,0.6983462572097778,-0.0035912478342652,0.3536,0.3687367141246795,0.030099836388341756,0.1701842993497848,0.02777899027333374,0.3022602248508695,False,qp_event_allocator_m1_eta0p495_seededfine_cem_m1_eta0p495_seed19970026.csv
True,seeded_ic_v1,19970027,1,0.495,cem,cem_tuned_boundary,opp_m3_12000,0,0,12000,0,0.012089,0.025349,0.523387,10.019329,0.71017,0.723855197429657,-0.0038277599960565,0.3536,0.366004467010498,0.01825857208992646,0.0955870151519775,0.025000304733789495,0.27469024464204783,False,qp_event_allocator_m1_eta0p495_seededfine_cem_m1_eta0p495_seed19970027.csv
True,seeded_ic_v1,19970028,1,0.495,cem,cem_tuned_boundary,opp_m3_12000,0,0,12000,0,-0.026417,-0.001081,-0.475233,10.179099,0.705851,0.7189314365386963,-0.0038461966905742,0.3536,0.3643879294395447,0.02575006870960982,0.2069380134344101,0.02610681709250014,0.28458393341183846,False,qp_event_allocator_m1_eta0p495_seededfine_cem_m1_eta0p495_seed19970028.csv
True,seeded_ic_v1,19970029,1,0.495,cem,cem_tuned_boundary,opp_m3_12000,0,0,12000,0,-0.020142,-0.005884,-0.916679,9.916242,0.700762,0.7146557569503784,-0.0038904154207557,0.3536,0.3634245097637176,0.02657163134875173,0.1602636873722076,0.025456464452981917,0.29048118698656344,False,qp_event_allocator_m1_eta0p495_seededfine_cem_m1_eta0p495_seed19970029.csv
True,seeded_ic_v1,19970030,1,0.495,cem,cem_tuned_boundary,opp_m3_12000,0,0,12000,0,0.00639,-0.019092,-4.401222,9.877325,0.710221,0.724503755569458,-0.0042263935320079,0.3536,0.3673104047775268,0.024483651013846964,0.1588140428066253,0.02411146548360268,0.3162509066129586,False,qp_event_allocator_m1_eta0p495_seededfine_cem_m1_eta0p495_seed19970030.csv
True,seeded_ic_v1,19980001,1,0.496,cem,cem_tuned_boundary,opp_m3_12000,0,0,12000,0,-0.018178,-0.01085,1.868346,9.903928,0.703227,0.7172656655311584,-0.0039069289341568,0.3476,0.3410252630710602,0.019264895516557416,0.1605308055877685,0.02427810355079933,0.29139777197172506,True,qp_event_allocator_m1_eta0p496_seededfine_cem_m1_eta0p496_seed19980001.csv
True,seeded_ic_v1,19980002,1,0.496,cem,cem_tuned_boundary,opp_m3_12000,0,0,12000,0,-0.016584,-0.010649,0.253865,9.880286,0.709441,0.7238104939460754,-0.0039140344597399,0.3476,0.3439726531505584,0.019635706054760362,0.1627111732959747,0.02259372126508992,0.2919769469701158,True,qp_event_allocator_m1_eta0p496_seededfine_cem_m1_eta0p496_seed19980002.csv
True,seeded_ic_v1,19980003,1,0.496,cem,cem_tuned_boundary,opp_m3_12000,0,0,12000,0,-0.006988,-0.012611,2.499071,9.806168,0.702039,0.7163734436035156,-0.0040655024349689,0.3476,0.3449339270591736,0.01802858187983702,0.1328583359718322,0.02340783762539935,0.29329647262102215,True,qp_event_allocator_m1_eta0p496_seededfine_cem_m1_eta0p496_seed19980003.csv
True,seeded_ic_v1,19980004,1,0.496,cem,cem_tuned_boundary,opp_m3_12000,0,0,12000,0,0.02214,-0.005163,-0.444748,10.022747,0.691484,0.7047346830368042,-0.0036032195203006,0.3476,0.3188942670822143,0.019171300009297204,0.1905327439308166,0.024440751672209625,0.3291390137721929,True,qp_event_allocator_m1_eta0p496_seededfine_cem_m1_eta0p496_seed19980004.csv
True,seeded_ic_v1,19980005,1,0.496,cem,cem_tuned_boundary,opp_m3_12000,0,0,12000,0,-0.021107,0.003933,2.352347,10.152721,0.690816,0.7036468982696533,-0.0038632699288427,0.3476,0.330125629901886,0.021103712959443143,0.2033058851957321,0.02396075998327038,0.2891327657032779,True,qp_event_allocator_m1_eta0p496_seededfine_cem_m1_eta0p496_seed19980005.csv
True,seeded_ic_v1,19980006,1,0.496,cem,cem_tuned_boundary,opp_m3_12000,0,0,12000,0,-0.003107,-0.002404,1.459302,10.101466,0.685335,0.6980879902839661,-0.0037812874652445,0.3476,0.3319820761680603,0.01936130859092169,0.154462844133377,0.02382003413870376,0.29383996453251865,True,qp_event_allocator_m1_eta0p496_seededfine_cem_m1_eta0p496_seed19980006.csv
True,seeded_ic_v1,19980007,1,0.496,cem,cem_tuned_boundary,opp_m3_12000,0,0,12000,0,-0.000255,-0.02461,2.034645,10.12383,0.693565,0.7064777612686157,-0.0037878444418311,0.3476,0.3355199992656708,0.01932721396403013,0.1665450483560562,0.024413214800020646,0.3103378899803641,True,qp_event_allocator_m1_eta0p496_seededfine_cem_m1_eta0p496_seed19980007.csv
True,seeded_ic_v1,19980008,1,0.496,cem,cem_tuned_boundary,opp_m3_12000,0,0,12000,0,-0.022811,0.001966,0.968923,9.780579,0.68806,0.7021409869194031,-0.0040578646585345,0.3476,0.3285582661628723,0.02090668786191986,0.2080294787883758,0.022623349587262077,0.2878450587294976,True,qp_event_allocator_m1_eta0p496_seededfine_cem_m1_eta0p496_seed19980008.csv
True,seeded_ic_v1,19980009,1,0.496,cem,cem_tuned_boundary,opp_m3_12000,0,0,12000,0,-0.001806,0.02071,2.479646,9.945924,0.693722,0.7074506878852844,-0.0037611329462379,0.3476,0.3275552093982696,0.02055845771465661,0.1893526315689087,0.02250164828183762,0.2924833935351305,True,qp_event_allocator_m1_eta0p496_seededfine_cem_m1_eta0p496_seed19980009.csv
True,seeded_ic_v1,19980010,1,0.496,cem,cem_tuned_boundary,opp_m3_12000,0,0,12000,0,0.013329,-0.003224,1.151653,9.980203,0.718142,0.7322004437446594,-0.004041907377541,0.3476,0.333672285079956,0.01928530954235986,0.1730325371026992,0.022253147895905,0.3212224896385665,True,qp_event_allocator_m1_eta0p496_seededfine_cem_m1_eta0p496_seed19980010.csv
True,seeded_ic_v1,19980011,1,0.496,cem,cem_tuned_boundary,opp_m3_12000,0,0,12000,0,0.014796,0.029018,-0.308441,9.908362,0.713709,0.727928876876831,-0.003767255693674,0.3476,0.331708014011383,0.020708927283171863,0.2086001485586166,0.022864878884022603,0.3120252508403321,True,qp_event_allocator_m1_eta0p496_seededfine_cem_m1_eta0p496_seed19980011.csv
True,seeded_ic_v1,19980012,1,0.496,cem,cem_tuned_boundary,opp_m3_12000,0,0,12000,0,-0.001766,0.028722,-2.316606,9.891793,0.702155,0.716194748878479,-0.0039547313936054,0.3476,0.327679693698883,0.019465409824567622,0.1861365139484405,0.02190004308726694,0.2939502255051504,True,qp_event_allocator_m1_eta0p496_seededfine_cem_m1_eta0p496_seed19980012.csv
True,seeded_ic_v1,19980013,1,0.496,cem,cem_tuned_boundary,opp_m3_12000,0,0,12000,0,-0.021289,-0.022606,4.457848,10.180972,0.713227,0.7265029549598694,-0.0036634225398302,0.3476,0.3361386954784393,0.02179809495553567,0.2107921689748764,0.02171132726007224,0.3186650633468729,True,qp_event_allocator_m1_eta0p496_seededfine_cem_m1_eta0p496_seed19980013.csv
True,seeded_ic_v1,19980014,1,0.496,cem,cem_tuned_boundary,opp_m3_12000,0,0,12000,0,0.025623,-0.021336,2.316867,10.145617,0.687239,0.7000215649604797,-0.0036657087039202,0.3476,0.316166341304779,0.024263035613435437,0.2190496325492859,0.02357125445826682,0.3426263153309738,True,qp_event_allocator_m1_eta0p496_seededfine_cem_m1_eta0p496_seed19980014.csv
True,seeded_ic_v1,19980015,1,0.496,cem,cem_tuned_boundary,opp_m3_12000,0,0,12000,0,0.025167,-0.020223,-4.755155,9.899879,0.699175,0.7129826545715332,-0.0039324858225882,0.3476,0.3233824968338012,0.019194541893022724,0.1718278676271438,0.021299637376968293,0.34380445861729764,True,qp_event_allocator_m1_eta0p496_seededfine_cem_m1_eta0p496_seed19980015.csv
True,seeded_ic_v1,19980016,1,0.496,cem,cem_tuned_boundary,opp_m3_12000,0,0,12000,0,-0.003367,0.020322,-0.496836,10.033897,0.69702,0.7103818655014038,-0.0035937181673943,0.3476,0.3423652052879333,0.019618614455261283,0.1320623010396957,0.024777427543747874,0.27772981775649913,True,qp_event_allocator_m1_eta0p496_seededfine_cem_m1_eta0p496_seed19980016.csv
True,seeded_ic_v1,19980017,1,0.496,cem,cem_tuned_boundary,opp_m3_12000,0,0,12000,0,0.011215,0.015833,-4.893051,10.000668,0.709462,0.7232802510261536,-0.003814407158643,0.3476,0.3398310542106628,0.0193629673027606,0.1478830873966217,0.02365186285030274,0.30039792169589974,True,qp_event_allocator_m1_eta0p496_seededfine_cem_m1_eta0p496_seed19980017.csv
True,seeded_ic_v1,19980018,1,0.496,cem,cem_tuned_boundary,opp_m3_12000,0,0,12000,0,0.001534,-0.002441,1.111051,9.998808,0.703173,0.7167202234268188,-0.0040024383924901,0.3476,0.3473283350467682,0.02637528575918782,0.1450971961021423,0.026006321197320017,0.298990472536963,True,qp_event_allocator_m1_eta0p496_seededfine_cem_m1_eta0p496_seed19980018.csv
True,seeded_ic_v1,19980019,1,0.496,cem,cem_tuned_boundary,opp_m3_12000,0,0,12000,0,0.007397,0.015499,0.213187,10.057369,0.701258,0.7147082090377808,-0.0035858647897839,0.3476,0.3387675881385803,0.019606452325603183,0.1538595408201217,0.022370300877610303,0.29953060714560087,True,qp_event_allocator_m1_eta0p496_seededfine_cem_m1_eta0p496_seed19980019.csv
True,seeded_ic_v1,19980020,1,0.496,cem,cem_tuned_boundary,opp_m3_12000,0,0,12000,0,-0.017431,-0.024454,-2.351529,10.232681,0.704866,0.7177340388298035,-0.0038250598590821,0.3476,0.3346583545207977,0.019253247319993637,0.1573661118745803,0.022859078070321347,0.3050056330416907,True,qp_event_allocator_m1_eta0p496_seededfine_cem_m1_eta0p496_seed19980020.csv
True,seeded_ic_v1,19980021,1,0.496,cem,cem_tuned_boundary,opp_m3_12000,0,0,12000,0,-0.009605,0.004118,-1.197948,9.801165,0.686935,0.7008668184280396,-0.0038340904284268,0.3476,0.3284714818000793,0.0202329633609076,0.1820215880870819,0.023302627864577555,0.29319470616376286,True,qp_event_allocator_m1_eta0p496_seededfine_cem_m1_eta0p496_seed19980021.csv
True,seeded_ic_v1,19980022,1,0.496,cem,cem_tuned_boundary,opp_m3_12000,0,0,12000,0,-0.01973,0.00721,-1.875684,9.945507,0.719954,0.734144389629364,-0.0039351168088614,0.3476,0.3454422950744629,0.018072332774927827,0.1232675015926361,0.02260147951246717,0.2782093896931451,True,qp_event_allocator_m1_eta0p496_seededfine_cem_m1_eta0p496_seed19980022.csv
True,seeded_ic_v1,19980023,1,0.496,cem,cem_tuned_boundary,opp_m3_12000,0,0,12000,0,0.008006,-0.022927,-3.290951,9.892353,0.690981,0.7047486305236816,-0.0038971374742686,0.3476,0.3269722759723663,0.019391603197646837,0.1739179790019989,0.022774475547085043,0.31720276576648976,True,qp_event_allocator_m1_eta0p496_seededfine_cem_m1_eta0p496_seed19980023.csv
True,seeded_ic_v1,19980024,1,0.496,cem,cem_tuned_boundary,opp_m3_12000,0,0,12000,0,-0.026874,0.006676,4.082404,9.833253,0.719453,0.7341845035552979,-0.0041783028282225,0.3476,0.3381931185722351,0.01835275703248469,0.1315837949514389,0.021034724243241296,0.2732574113312939,True,qp_event_allocator_m1_eta0p496_seededfine_cem_m1_eta0p496_seed19980024.csv
True,seeded_ic_v1,19980025,1,0.496,cem,cem_tuned_boundary,opp_m3_12000,0,0,12000,0,-0.019897,-0.016568,-3.220133,9.766479,0.711848,0.7265676856040955,-0.0041461992077529,0.3476,0.3442291021347046,0.01887101777748231,0.1480741053819656,0.024046310964876715,0.29059027644194846,True,qp_event_allocator_m1_eta0p496_seededfine_cem_m1_eta0p496_seed19980025.csv
True,seeded_ic_v1,19980026,1,0.496,cem,cem_tuned_boundary,opp_m3_12000,0,0,12000,0,0.004709,0.010131,0.565356,9.927502,0.692773,0.7063789367675781,-0.0038371665868908,0.3476,0.3325529396533966,0.01899662186774681,0.1660855412483215,0.024494490974680747,0.2970954696460324,True,qp_event_allocator_m1_eta0p496_seededfine_cem_m1_eta0p496_seed19980026.csv
True,seeded_ic_v1,19980027,1,0.496,cem,cem_tuned_boundary,opp_m3_12000,0,0,12000,0,0.026417,-0.020982,4.342064,10.177423,0.705251,0.7183328866958618,-0.0037855373229831,0.3476,0.3377043008804321,0.018707347458840413,0.1493435949087143,0.02353310804699313,0.33364186741765367,True,qp_event_allocator_m1_eta0p496_seededfine_cem_m1_eta0p496_seed19980027.csv
True,seeded_ic_v1,19980028,1,0.496,cem,cem_tuned_boundary,opp_m3_12000,0,0,12000,0,0.001149,-0.001317,-1.346236,9.84786,0.706519,0.720763087272644,-0.003793868003413,0.3476,0.334130197763443,0.021558185699831877,0.2019036710262298,0.023155424413808356,0.3214436445080231,True,qp_event_allocator_m1_eta0p496_seededfine_cem_m1_eta0p496_seed19980028.csv
True,seeded_ic_v1,19980029,1,0.496,cem,cem_tuned_boundary,opp_m3_12000,0,0,12000,0,0.009803,-0.007021,-1.758496,10.235332,0.716816,0.7299219965934753,-0.0038761785253882,0.3476,0.3438464105129242,0.01871323973719282,0.1493127197027206,0.023189127023491907,0.3127683242037697,True,qp_event_allocator_m1_eta0p496_seededfine_cem_m1_eta0p496_seed19980029.csv
True,seeded_ic_v1,19980030,1,0.496,cem,cem_tuned_boundary,opp_m3_12000,0,0,12000,0,-0.021902,0.022914,-1.60514,10.19106,0.712524,0.7256957292556763,-0.0037037809379398,0.3476,0.3298317492008209,0.019065636828761192,0.1692914217710495,0.021882626092148354,0.27766447108229575,True,qp_event_allocator_m1_eta0p496_seededfine_cem_m1_eta0p496_seed19980030.csv
True,seeded_ic_v1,19990001,1,0.497,cem,cem_tuned_boundary,opp_m3_12000,0,0,12000,0,-0.025574,-0.006576,4.96568,9.906841,0.687608,0.701221227645874,-0.0038926077540963,0.3416,0.3061264753341675,0.017945505280534055,0.0681481063365936,0.020014497932974606,0.28161448964880476,True,qp_event_allocator_m1_eta0p497_seededfine_cem_m1_eta0p497_seed19990001.csv
True,seeded_ic_v1,19990002,1,0.497,cem,cem_tuned_boundary,opp_m3_12000,0,0,12000,0,0.005149,-0.010261,-0.026331,9.913199,0.687219,0.7007434368133545,-0.0035787699744105,0.3416,0.2248230725526809,0.007131138589880061,0.1819144785404205,0.016293120362075954,0.32432291313229883,True,qp_event_allocator_m1_eta0p497_seededfine_cem_m1_eta0p497_seed19990002.csv
True,seeded_ic_v1,19990003,1,0.497,cem,cem_tuned_boundary,opp_m3_12000,0,0,12000,0,-0.010285,-0.012367,-3.963831,9.90019,0.68985,0.703542947769165,-0.0038399104960262,0.3416,0.3020179867744446,0.018030322517112184,0.0654435530304908,0.02267756462033956,0.29964576130400095,True,qp_event_allocator_m1_eta0p497_seededfine_cem_m1_eta0p497_seed19990003.csv
True,seeded_ic_v1,19990004,1,0.497,cem,cem_tuned_boundary,opp_m3_12000,0,0,12000,0,0.011726,-0.01027,-2.567194,10.154816,0.692804,0.7056787610054016,-0.0036323845852166,0.3416,0.3052033185958862,0.019389196767319043,0.0927340760827064,0.020573668906066444,0.32150407771176537,True,qp_event_allocator_m1_eta0p497_seededfine_cem_m1_eta0p497_seed19990004.csv
True,seeded_ic_v1,19990005,1,0.497,cem,cem_tuned_boundary,opp_m3_12000,0,0,12000,0,0.025907,0.015481,-1.011966,10.085361,0.717698,0.7313470244407654,-0.0037931592669337,0.3416,0.3049060404300689,0.01910435920191925,0.059568453580141,0.019960773397154494,0.3267302316439938,True,qp_event_allocator_m1_eta0p497_seededfine_cem_m1_eta0p497_seed19990005.csv
True,seeded_ic_v1,19990006,1,0.497,cem,cem_tuned_boundary,opp_m3_12000,0,0,12000,0,0.008887,-0.021677,-1.599972,9.780827,0.713846,0.7286511659622192,-0.0043824599124491,0.3416,0.293738842010498,0.018889746312392475,0.0823471546173095,0.018876533899622905,0.33889005754923845,True,qp_event_allocator_m1_eta0p497_seededfine_cem_m1_eta0p497_seed19990006.csv
True,seeded_ic_v1,19990007,1,0.497,cem,cem_tuned_boundary,opp_m3_12000,0,0,12000,0,0.029791,-0.017291,-4.719994,10.209647,0.695354,0.7080603241920471,-0.0034526514355093,0.3416,0.3058997988700866,0.020641412140546708,0.1199500858783721,0.019593797633816117,0.35266387465419535,True,qp_event_allocator_m1_eta0p497_seededfine_cem_m1_eta0p497_seed19990007.csv
True,seeded_ic_v1,19990008,1,0.497,cem,cem_tuned_boundary,opp_m3_12000,0,0,12000,0,0.026088,-0.006249,4.790758,10.100979,0.699217,0.7123380303382874,-0.0036927482578903,0.3416,0.2981399893760681,0.019479261257292442,0.0707831755280494,0.01996642579282661,0.3381415403273518,True,qp_event_allocator_m1_eta0p497_seededfine_cem_m1_eta0p497_seed19990008.csv
True,seeded_ic_v1,19990009,1,0.497,cem,cem_tuned_boundary,opp_m3_12000,0,0,12000,0,-0.017994,-0.001014,0.60067,9.975114,0.687321,0.7007325291633606,-0.0038208013866096,0.3416,0.2931213080883026,0.018948719452282062,0.0812638998031616,0.020342213478593527,0.2929108989261072,True,qp_event_allocator_m1_eta0p497_seededfine_cem_m1_eta0p497_seed19990009.csv
True,seeded_ic_v1,19990010,1,0.497,cem,cem_tuned_boundary,opp_m3_12000,0,0,12000,0,0.004569,0.016435,3.270469,9.780858,0.690516,0.7046312689781189,-0.0040812757797539,0.3416,0.2883212268352508,0.020957463754040208,0.1113167777657508,0.020302396808096073,0.32019324230137175,True,qp_event_allocator_m1_eta0p497_seededfine_cem_m1_eta0p497_seed19990010.csv
True,seeded_ic_v1,19990011,1,0.497,cem,cem_tuned_boundary,opp_m3_12000,0,0,12000,0,0.007313,0.029684,0.207075,10.031634,0.694363,0.7076144218444824,-0.0035957421641796,0.3416,0.2851498126983642,0.016575148411979893,0.0781541392207145,0.018722348047252875,0.2875851448946917,True,qp_event_allocator_m1_eta0p497_seededfine_cem_m1_eta0p497_seed19990011.csv
True,seeded_ic_v1,19990012,1,0.497,cem,cem_tuned_boundary,opp_m3_12000,0,0,12000,0,-0.00299,0.01765,-2.690245,9.911689,0.703514,0.7175094485282898,-0.0038618617691099,0.3416,0.318061888217926,0.017740720181063294,0.07218798995018,0.022064108793994827,0.2833512422742354,True,qp_event_allocator_m1_eta0p497_seededfine_cem_m1_eta0p497_seed19990012.csv
True,seeded_ic_v1,19990013,1,0.497,cem,cem_tuned_boundary,opp_m3_12000,0,0,12000,0,0.028293,-0.025016,4.670629,10.093667,0.695607,0.7087347507476807,-0.0035023819655179,0.3416,0.3040415346622467,0.017789794779108525,0.064846396446228,0.019705440742487784,0.33715268386693104,True,qp_event_allocator_m1_eta0p497_seededfine_cem_m1_eta0p497_seed19990013.csv
True,seeded_ic_v1,19990014,1,0.497,cem,cem_tuned_boundary,opp_m3_12000,0,0,12000,0,0.015355,-0.017719,-0.526627,9.858272,0.697409,0.7114514112472534,-0.0038472330197691,0.3416,0.3025150895118713,0.01917604873740198,0.0677053928375244,0.021357732231407172,0.3299635993673815,True,qp_event_allocator_m1_eta0p497_seededfine_cem_m1_eta0p497_seed19990014.csv
True,seeded_ic_v1,19990015,1,0.497,cem,cem_tuned_boundary,opp_m3_12000,0,0,12000,0,0.004643,0.012308,-3.647849,10.239002,0.686907,0.6993184089660645,-0.0036642414052039,0.3416,0.2956343293190002,0.019990646399776393,0.090079516172409,0.021358517997530902,0.312264052109255,True,qp_event_allocator_m1_eta0p497_seededfine_cem_m1_eta0p497_seed19990015.csv
True,seeded_ic_v1,19990016,1,0.497,cem,cem_tuned_boundary,opp_m3_12000,0,0,12000,0,0.0152,-0.006729,4.870827,10.138191,0.695479,0.7084237933158875,-0.0035436975304037,0.3416,0.307811439037323,0.01877572271508626,0.0719759613275528,0.02128150399487638,0.320252167489026,True,qp_event_allocator_m1_eta0p497_seededfine_cem_m1_eta0p497_seed19990016.csv
True,seeded_ic_v1,19990017,1,0.497,cem,cem_tuned_boundary,opp_m3_12000,0,0,12000,0,0.029883,0.015997,1.792762,10.130806,0.685041,0.6977204084396362,-0.0034731938503682,0.3416,0.2938023805618286,0.019285946691014123,0.0785495787858963,0.020149341345567603,0.3279063696359557,True,qp_event_allocator_m1_eta0p497_seededfine_cem_m1_eta0p497_seed19990017.csv
True,seeded_ic_v1,19990018,1,0.497,cem,cem_tuned_boundary,opp_m3_12000,0,0,12000,0,0.016772,0.02414,4.510022,10.014572,0.692617,0.7059752941131592,-0.0038686373736709,0.3416,0.2992444932460785,0.018266020650266845,0.0633647367358207,0.019407368920397527,0.30719226242436665,True,qp_event_allocator_m1_eta0p497_seededfine_cem_m1_eta0p497_seed19990018.csv
True,seeded_ic_v1,19990019,1,0.497,cem,cem_tuned_boundary,opp_m3_12000,0,0,12000,0,0.013085,-0.025136,2.392629,10.039389,0.688648,0.7017364501953125,-0.0037549999542534,0.3416,0.2897925972938537,0.018287870597585038,0.0762453377246856,0.021202885350928215,0.333239754091638,True,qp_event_allocator_m1_eta0p497_seededfine_cem_m1_eta0p497_seed19990019.csv
True,seeded_ic_v1,19990020,1,0.497,cem,cem_tuned_boundary,opp_m3_12000,0,0,12000,0,-0.023403,0.00096,-3.735644,10.147032,0.717513,0.7308796644210815,-0.0038003006484359,0.3416,0.3129676878452301,0.018696241592892644,0.0511281937360763,0.02365861952232381,0.2823523040830053,True,qp_event_allocator_m1_eta0p497_seededfine_cem_m1_eta0p497_seed19990020.csv
True,seeded_ic_v1,19990021,1,0.497,cem,cem_tuned_boundary,opp_m3_12000,0,0,12000,0,0.011332,-0.002788,-2.701857,10.038582,0.690912,0.7040577530860901,-0.0037080948241055,0.3416,0.2990281879901886,0.01932024722026176,0.0871325209736824,0.020155775344393712,0.3227411496733103,True,qp_event_allocator_m1_eta0p497_seededfine_cem_m1_eta0p497_seed19990021.csv
True,seeded_ic_v1,19990022,1,0.497,cem,cem_tuned_boundary,opp_m3_12000,0,0,12000,0,-0.024744,0.02701,-1.158172,9.983896,0.715109,0.7291443943977356,-0.0039547532796859,0.3416,0.3137338757514953,0.018093938436755455,0.049357172101736,0.02065613536826089,0.2652945224674297,True,qp_event_allocator_m1_eta0p497_seededfine_cem_m1_eta0p497_seed19990022.csv
True,seeded_ic_v1,19990023,1,0.497,cem,cem_tuned_boundary,opp_m3_12000,0,0,12000,0,-0.006801,-0.010323,4.793732,10.161612,0.707252,0.7203788757324219,-0.0039289407432079,0.3416,0.3025458753108978,0.018556733739093945,0.0567042082548141,0.021399512362558566,0.3079147212746292,True,qp_event_allocator_m1_eta0p497_seededfine_cem_m1_eta0p497_seed19990023.csv
True,seeded_ic_v1,19990024,1,0.497,cem,cem_tuned_boundary,opp_m3_12000,0,0,12000,0,-0.022697,-0.021325,-3.608894,9.772536,0.687822,0.7019188404083252,-0.0039986548945307,0.3416,0.3066832721233368,0.01829389561978416,0.0919399112462997,0.02193086726519314,0.29595820790758975,True,qp_event_allocator_m1_eta0p497_seededfine_cem_m1_eta0p497_seed19990024.csv
True,seeded_ic_v1,19990025,1,0.497,cem,cem_tuned_boundary,opp_m3_12000,0,0,12000,0,0.016114,-0.014245,-2.697048,9.804675,0.68331,0.6972827911376953,-0.0040020979940891,0.3416,0.3045413196086883,0.02133986749664035,0.1252572834491729,0.020490447758589315,0.3260694675495063,True,qp_event_allocator_m1_eta0p497_seededfine_cem_m1_eta0p497_seed19990025.csv
True,seeded_ic_v1,19990026,1,0.497,cem,cem_tuned_boundary,opp_m3_12000,0,0,12000,0,0.000706,0.008847,-1.800436,10.076213,0.705773,0.7192152142524719,-0.0037964624352753,0.3416,0.2965887188911438,0.019453846504133447,0.0778769254684448,0.019145169630007303,0.31106720954767764,True,qp_event_allocator_m1_eta0p497_seededfine_cem_m1_eta0p497_seed19990026.csv
True,seeded_ic_v1,19990027,1,0.497,cem,cem_tuned_boundary,opp_m3_12000,0,0,12000,0,0.022131,0.028575,0.231135,9.848959,0.692127,0.7060340046882629,-0.00387705094181,0.3416,0.2942667007446289,0.019261216688633107,0.0864675045013427,0.023379151551127665,0.314612673892255,True,qp_event_allocator_m1_eta0p497_seededfine_cem_m1_eta0p497_seed19990027.csv
True,seeded_ic_v1,19990028,1,0.497,cem,cem_tuned_boundary,opp_m3_12000,0,0,12000,0,0.018761,0.019884,-0.393163,9.958145,0.707751,0.7216739058494568,-0.0037877298891544,0.3416,0.31065434217453,0.016738980260444337,0.0921475440263748,0.021467042694618816,0.29672502621365177,True,qp_event_allocator_m1_eta0p497_seededfine_cem_m1_eta0p497_seed19990028.csv
True,seeded_ic_v1,19990029,1,0.497,cem,cem_tuned_boundary,opp_m3_12000,0,0,12000,0,-0.012104,0.005407,4.060001,10.156352,0.718294,0.7318145632743835,-0.0037420622538775,0.3416,0.3133557736873626,0.019264649093194388,0.0530105791985988,0.0203530955341762,0.2968342389877472,True,qp_event_allocator_m1_eta0p497_seededfine_cem_m1_eta0p497_seed19990029.csv
True,seeded_ic_v1,19990030,1,0.497,cem,cem_tuned_boundary,opp_m3_12000,0,0,12000,0,-0.012013,-0.005663,-4.221931,10.159535,0.682519,0.6951858401298523,-0.0038002920337021,0.3416,0.2976777851581573,0.01819531277959708,0.0971514210104942,0.021961826663571923,0.2971716751016852,True,qp_event_allocator_m1_eta0p497_seededfine_cem_m1_eta0p497_seed19990030.csv
True,seeded_ic_v1,20000001,1,0.498,cem,cem_tuned_boundary,opp_m3_12000,0,0,12000,0,-0.025724,-0.008844,3.074845,10.140234,0.706528,0.7198441624641418,-0.003670307341963,0.3356,0.215296521782875,0.007457105932449794,0.1196168735623359,0.01526739272643039,0.2857177446487897,True,qp_event_allocator_m1_eta0p498_seededfine_cem_m1_eta0p498_seed20000001.csv
True,seeded_ic_v1,20000002,1,0.498,cem,cem_tuned_boundary,opp_m3_12000,0,0,12000,0,0.021811,0.015472,-0.150665,10.18272,0.709204,0.7223288416862488,-0.004020560067147,0.3356,0.2803840339183807,0.014825596790202695,0.0451058223843574,0.018634688816794382,0.3088396281395879,True,qp_event_allocator_m1_eta0p498_seededfine_cem_m1_eta0p498_seed20000002.csv
True,seeded_ic_v1,20000003,1,0.498,cem,cem_tuned_boundary,opp_m3_12000,0,0,12000,0,0.012989,-0.005106,-2.491339,10.167791,0.708897,0.7220730781555176,-0.0038284368347376,0.3356,0.2644273638725281,0.012698554365552717,0.0387921892106533,0.017532191047840658,0.30894480117591167,True,qp_event_allocator_m1_eta0p498_seededfine_cem_m1_eta0p498_seed20000003.csv
True,seeded_ic_v1,20000004,1,0.498,cem,cem_tuned_boundary,opp_m3_12000,0,0,12000,0,0.009788,-0.016558,4.08685,9.778124,0.702893,0.7174009084701538,-0.0042086471803486,0.3356,0.2851797044277191,0.016556600642306164,0.0567087978124618,0.01776900738590551,0.31852583507845705,True,qp_event_allocator_m1_eta0p498_seededfine_cem_m1_eta0p498_seed20000004.csv
True,seeded_ic_v1,20000005,1,0.498,cem,cem_tuned_boundary,opp_m3_12000,0,0,12000,0,0.007913,-0.029632,-4.693102,10.036699,0.69995,0.7133853435516357,-0.0037667832802981,0.3356,0.2687748074531555,0.013588101920148471,0.0450306348502635,0.017331960629144626,0.3218332009623171,True,qp_event_allocator_m1_eta0p498_seededfine_cem_m1_eta0p498_seed20000005.csv
True,seeded_ic_v1,20000006,1,0.498,cem,cem_tuned_boundary,opp_m3_12000,0,0,12000,0,0.028179,0.027915,-4.465618,9.793012,0.701938,0.7162526845932007,-0.0040973494760692,0.3356,0.2776074707508087,0.01718373301755256,0.1045727804303169,0.0184758345287286,0.3283187164855401,True,qp_event_allocator_m1_eta0p498_seededfine_cem_m1_eta0p498_seed20000006.csv
True,seeded_ic_v1,20000007,1,0.498,cem,cem_tuned_boundary,opp_m3_12000,0,0,12000,0,-0.026416,-0.027241,-2.078191,10.077202,0.693398,0.70655757188797,-0.0036342898383736,0.3356,0.2646991312503814,0.014671657092202441,0.0414062924683094,0.017369780334301473,0.29761544480699625,True,qp_event_allocator_m1_eta0p498_seededfine_cem_m1_eta0p498_seed20000007.csv
True,seeded_ic_v1,20000008,1,0.498,cem,cem_tuned_boundary,opp_m3_12000,0,0,12000,0,0.009853,-0.011173,-1.881879,10.195375,0.680641,0.6929686069488525,-0.003662270726636,0.3356,0.2699021697044372,0.017314494864459035,0.0119500756263732,0.018866350897128924,0.31538171667314063,True,qp_event_allocator_m1_eta0p498_seededfine_cem_m1_eta0p498_seed20000008.csv
True,seeded_ic_v1,20000009,1,0.498,cem,cem_tuned_boundary,opp_m3_12000,0,0,12000,0,-0.021099,-0.02337,1.177673,9.991741,0.689819,0.012637204490602,0.0,0.3558417677305638,0.0,0.0,0.0,0.0,0.03148529136178958,True,qp_event_allocator_m1_eta0p498_seededfine_cem_m1_eta0p498_seed20000009.csv
True,seeded_ic_v1,20000010,1,0.498,cem,cem_tuned_boundary,opp_m3_12000,0,0,12000,0,-0.028752,-0.011983,-1.967215,9.833721,0.715093,0.7296987175941467,-0.0038758269511163,0.3356,0.2739695608615875,0.016539252736307363,0.091180495917797,0.018725623691687995,0.29740777162008414,True,qp_event_allocator_m1_eta0p498_seededfine_cem_m1_eta0p498_seed20000010.csv
True,seeded_ic_v1,20000011,1,0.498,cem,cem_tuned_boundary,opp_m3_12000,0,0,12000,0,-0.008711,-0.017066,-0.456696,10.151952,0.69059,0.7035448551177979,-0.0036966977640986,0.3356,0.2807117700576782,0.01616734900119315,0.053104143589735,0.018254892645222412,0.2921102298750945,True,qp_event_allocator_m1_eta0p498_seededfine_cem_m1_eta0p498_seed20000011.csv
True,seeded_ic_v1,20000012,1,0.498,cem,cem_tuned_boundary,opp_m3_12000,0,0,12000,0,-0.026479,-0.007171,-3.85473,9.946306,0.696473,0.7101060748100281,-0.0039458149112761,0.3356,0.26481893658638,0.014317366775187506,0.0283942390233278,0.017679887863588015,0.28302908207952615,True,qp_event_allocator_m1_eta0p498_seededfine_cem_m1_eta0p498_seed20000012.csv
True,seeded_ic_v1,20000013,1,0.498,cem,cem_tuned_boundary,opp_m3_12000,0,0,12000,0,-0.023528,0.026425,4.018839,9.791932,0.701529,0.7159147262573242,-0.0039395219646394,0.3356,0.2733317911624908,0.016051470627447204,0.0648903548717498,0.018758419099048667,0.2725254672672423,True,qp_event_allocator_m1_eta0p498_seededfine_cem_m1_eta0p498_seed20000013.csv
True,seeded_ic_v1,20000014,1,0.498,cem,cem_tuned_boundary,opp_m3_12000,0,0,12000,0,-0.025611,-0.001355,-0.479306,9.934053,0.696544,0.7102339267730713,-0.0039148111827671,0.3356,0.2705115377902984,0.015265333059953144,0.0513724237680435,0.017414191456370402,0.2855625589576783,True,qp_event_allocator_m1_eta0p498_seededfine_cem_m1_eta0p498_seed20000014.csv
True,seeded_ic_v1,20000015,1,0.498,cem,cem_tuned_boundary,opp_m3_12000,0,0,12000,0,0.021508,0.00362,0.343668,9.769739,0.687527,0.7016763091087341,-0.004010968375951,0.3356,0.2734210789203644,0.017212596806363067,0.066875159740448,0.019898717387764622,0.3251669584105936,True,qp_event_allocator_m1_eta0p498_seededfine_cem_m1_eta0p498_seed20000015.csv
True,seeded_ic_v1,20000016,1,0.498,cem,cem_tuned_boundary,opp_m3_12000,0,0,12000,0,-0.017216,0.024878,0.137352,10.00673,0.708344,0.7221746444702148,-0.0039696330204606,0.3356,0.2743129730224609,0.011812804802574349,0.1297185122966766,0.01763270222966699,0.23654336169869636,True,qp_event_allocator_m1_eta0p498_seededfine_cem_m1_eta0p498_seed20000016.csv
True,seeded_ic_v1,20000017,1,0.498,cem,cem_tuned_boundary,opp_m3_12000,0,0,12000,0,-0.022707,0.012932,4.600847,10.076206,0.69054,0.7035712599754333,-0.0036471800412982,0.3356,0.2800550162792206,0.018038094260045566,0.0685609281063079,0.019757753123380524,0.28490893973263176,True,qp_event_allocator_m1_eta0p498_seededfine_cem_m1_eta0p498_seed20000017.csv
True,seeded_ic_v1,20000018,1,0.498,cem,cem_tuned_boundary,opp_m3_12000,0,0,12000,0,0.005538,0.015332,0.322551,10.172296,0.685281,0.697814404964447,-0.0038142690900713,0.3356,0.2666100263595581,0.02469190871547777,0.2945672273635864,0.018411185047607886,0.3630647270468418,True,qp_event_allocator_m1_eta0p498_seededfine_cem_m1_eta0p498_seed20000018.csv
True,seeded_ic_v1,20000019,1,0.498,cem,cem_tuned_boundary,opp_m3_12000,0,0,12000,0,-0.02992,0.0039,1.79279,10.230176,0.699498,0.7121546864509583,-0.0035734723787754,0.3356,0.274514228105545,0.01579283371732234,0.0366199053823947,0.018664936818629078,0.27556810879239746,True,qp_event_allocator_m1_eta0p498_seededfine_cem_m1_eta0p498_seed20000019.csv
True,seeded_ic_v1,20000020,1,0.498,cem,cem_tuned_boundary,opp_m3_12000,0,0,12000,0,0.020818,0.015063,1.685729,9.803969,0.683046,0.6969165205955505,-0.0039052942302078,0.3356,0.2700240612030029,0.016700940714462563,0.0521492213010787,0.018877791709304436,0.3167945562623434,True,qp_event_allocator_m1_eta0p498_seededfine_cem_m1_eta0p498_seed20000020.csv
True,seeded_ic_v1,20000021,1,0.498,cem,cem_tuned_boundary,opp_m3_12000,0,0,12000,0,-0.014699,-0.016871,3.724454,9.882333,0.684295,0.6979675889015198,-0.0040696184150874,0.3356,0.2544195652008056,0.015681680725989283,0.0997990667819976,0.01717687628703629,0.3149094718572124,True,qp_event_allocator_m1_eta0p498_seededfine_cem_m1_eta0p498_seed20000021.csv
True,seeded_ic_v1,20000022,1,0.498,cem,cem_tuned_boundary,opp_m3_12000,0,0,12000,0,0.020125,-0.014396,-1.680292,10.125481,0.690728,0.7035415768623352,-0.003726685186848,0.3356,0.2671646773815155,0.01512244895885891,0.0388677082955837,0.017471747399166876,0.3265738157106464,True,qp_event_allocator_m1_eta0p498_seededfine_cem_m1_eta0p498_seed20000022.csv
True,seeded_ic_v1,20000023,1,0.498,cem,cem_tuned_boundary,opp_m3_12000,0,0,12000,0,-0.026077,-0.026273,-1.818066,10.084576,0.70724,0.720657467842102,-0.0041155698709189,0.3356,0.2659304141998291,0.01399788855097658,0.0732045173645019,0.017341251709003504,0.3002959808057841,True,qp_event_allocator_m1_eta0p498_seededfine_cem_m1_eta0p498_seed20000023.csv
True,seeded_ic_v1,20000024,1,0.498,cem,cem_tuned_boundary,opp_m3_12000,0,0,12000,0,0.026857,-0.018276,-4.116595,10.112409,0.684494,0.6972469091415405,-0.0036292625591158,0.3356,0.2742753028869629,0.017706364604716918,0.0172314569354057,0.020778948689742244,0.33438616448933717,True,qp_event_allocator_m1_eta0p498_seededfine_cem_m1_eta0p498_seed20000024.csv
True,seeded_ic_v1,20000025,1,0.498,cem,cem_tuned_boundary,opp_m3_12000,0,0,12000,0,0.002055,0.023178,-4.640984,9.888104,0.684503,0.6981749534606934,-0.003805979155004,0.3356,0.2443968504667282,0.014973902685122843,0.2041586190462112,0.017471097564647334,0.33283232963763243,True,qp_event_allocator_m1_eta0p498_seededfine_cem_m1_eta0p498_seed20000025.csv
True,seeded_ic_v1,20000026,1,0.498,cem,cem_tuned_boundary,opp_m3_12000,0,0,12000,0,0.02722,-0.00293,-1.322156,10.224594,0.686562,0.0126623539254069,-0.000365449610399,0.3558402587644756,0.000365449610399,1.575571926620672e-09,0.0,0.0,0.027377236373409178,True,qp_event_allocator_m1_eta0p498_seededfine_cem_m1_eta0p498_seed20000026.csv
True,seeded_ic_v1,20000027,1,0.498,cem,cem_tuned_boundary,opp_m3_12000,0,0,12000,0,-0.01077,-0.025449,1.830672,10.148121,0.71717,0.7307358384132385,-0.0040097110904753,0.3356,0.2862215638160705,0.015417611730544543,0.0317890271544456,0.018885630886736053,0.3045783188599367,True,qp_event_allocator_m1_eta0p498_seededfine_cem_m1_eta0p498_seed20000027.csv
True,seeded_ic_v1,20000028,1,0.498,cem,cem_tuned_boundary,opp_m3_12000,0,0,12000,0,-0.000381,0.015278,3.657225,9.785814,0.705716,0.7202736735343933,-0.0042206053622066,0.3356,0.2672488987445831,0.013724192825190693,0.0818240866065025,0.01737716543378935,0.2967842656800403,True,qp_event_allocator_m1_eta0p498_seededfine_cem_m1_eta0p498_seed20000028.csv
True,seeded_ic_v1,20000029,1,0.498,cem,cem_tuned_boundary,opp_m3_12000,0,0,12000,0,0.005309,-0.004522,-2.621441,9.769262,0.683843,0.6979628205299377,-0.0038079335354268,0.3356,0.2753258347511291,0.01720712928397525,0.0439646877348423,0.018815688338820788,0.31196103379480394,True,qp_event_allocator_m1_eta0p498_seededfine_cem_m1_eta0p498_seed20000029.csv
True,seeded_ic_v1,20000030,1,0.498,cem,cem_tuned_boundary,opp_m3_12000,0,0,12000,0,-0.009922,-0.002939,4.947045,9.85791,0.711883,0.7262493371963501,-0.0039990744553506,0.3356,0.2842008769512176,0.015967080696014383,0.0437386520206928,0.018664950712274045,0.29484139618451777,True,qp_event_allocator_m1_eta0p498_seededfine_cem_m1_eta0p498_seed20000030.csv
True,seeded_ic_v1,39940001,3,0.492,cem,cem_tuned_boundary,opp_m1_13000,13000,0,0,0,0.006069,-0.020836,-4.986872,10.212401,0.692165,0.7047265768051147,-0.003857722505927,0.36965,0.4348532259464264,0.038458485640608955,0.1934220641851425,0.03622625516113603,0.28568309072223885,False,qp_event_allocator_m3_eta0p492_seededfine_cem_m3_eta0p492_seed39940001.csv
True,seeded_ic_v1,39940002,3,0.492,cem,cem_tuned_boundary,opp_m1_13000,13000,0,0,0,0.029115,0.009463,-2.339255,10.176127,0.706943,0.719951331615448,-0.0037577161565423,0.36965,0.4393592774868011,0.03875552328166831,0.1621853411197662,0.03285071524444994,0.2832222407943247,False,qp_event_allocator_m3_eta0p492_seededfine_cem_m3_eta0p492_seed39940002.csv
True,seeded_ic_v1,39940003,3,0.492,cem,cem_tuned_boundary,opp_m1_13000,13000,0,0,0,0.029971,0.012424,-0.391575,10.102473,0.705128,0.7184231281280518,-0.0039724060334265,0.36965,0.4443488717079162,0.039514538383939674,0.141667291522026,0.03296627356696341,0.2864757731823986,False,qp_event_allocator_m3_eta0p492_seededfine_cem_m3_eta0p492_seed39940003.csv
True,seeded_ic_v1,39940004,3,0.492,cem,cem_tuned_boundary,opp_m1_13000,13000,0,0,0,-0.017706,-0.020069,-0.696865,10.181886,0.686059,0.6986426711082458,-0.0035257113631814,0.36965,0.4270645976066589,0.039637407418007246,0.1684934496879577,0.03438882521745531,0.3143916027332025,False,qp_event_allocator_m3_eta0p492_seededfine_cem_m3_eta0p492_seed39940004.csv
True,seeded_ic_v1,39940005,3,0.492,cem,cem_tuned_boundary,opp_m1_13000,13000,0,0,0,-0.013852,0.002515,1.360871,9.98384,0.699343,0.7129888534545898,-0.0038297846913337,0.36965,0.425506442785263,0.04142121515669378,0.093843474984169,0.03179708451102254,0.3244107356308441,False,qp_event_allocator_m3_eta0p492_seededfine_cem_m3_eta0p492_seed39940005.csv
True,seeded_ic_v1,39940006,3,0.492,cem,cem_tuned_boundary,opp_m1_13000,13000,0,0,0,0.018183,-0.012607,4.315455,10.074383,0.696691,0.709943413734436,-0.0037591960281133,0.36965,0.4455756843090057,0.03841353742750402,0.19302599132061,0.034541113551970315,0.28414002091106744,False,qp_event_allocator_m3_eta0p492_seededfine_cem_m3_eta0p492_seed39940006.csv
True,seeded_ic_v1,39940007,3,0.492,cem,cem_tuned_boundary,opp_m1_13000,13000,0,0,0,-0.017648,0.009531,-4.11286,9.762873,0.712163,0.7270031571388245,-0.0043676923960447,0.36965,0.4387003183364868,0.04114337024168375,0.0873671025037765,0.03210805042370492,0.332950876441774,False,qp_event_allocator_m3_eta0p492_seededfine_cem_m3_eta0p492_seed39940007.csv
True,seeded_ic_v1,39940008,3,0.492,cem,cem_tuned_boundary,opp_m1_13000,13000,0,0,0,0.028706,-0.00342,1.451319,10.003708,0.682709,0.6959133744239807,-0.0037823631428182,0.36965,0.4244889318943023,0.04044228952270987,0.1517832428216934,0.03467794428268348,0.2829717847756161,False,qp_event_allocator_m3_eta0p492_seededfine_cem_m3_eta0p492_seed39940008.csv
True,seeded_ic_v1,39940009,3,0.492,cem,cem_tuned_boundary,opp_m1_13000,13000,0,0,0,-0.02257,-0.025121,3.217099,9.853529,0.718075,0.732560932636261,-0.0042005879804492,0.36965,0.4464759528636932,0.03957869958291303,0.1247824430465698,0.03250689709824782,0.31339325301102866,False,qp_event_allocator_m3_eta0p492_seededfine_cem_m3_eta0p492_seed39940009.csv
True,seeded_ic_v1,39940010,3,0.492,cem,cem_tuned_boundary,opp_m1_13000,13000,0,0,0,-0.003762,0.010658,-2.121115,10.055014,0.685576,0.6985706090927124,-0.0037992503494024,0.36965,0.4292449653148651,0.04054395845010878,0.1363108903169632,0.0328892323113772,0.3196608152957083,False,qp_event_allocator_m3_eta0p492_seededfine_cem_m3_eta0p492_seed39940010.csv
True,seeded_ic_v1,39940011,3,0.492,cem,cem_tuned_boundary,opp_m1_13000,13000,0,0,0,0.025329,-0.012431,2.935865,10.179139,0.687898,0.700555682182312,-0.0036091601941734,0.36965,0.4297768175601959,0.03934384134510366,0.1745956391096115,0.03508572654008352,0.28046177902018415,False,qp_event_allocator_m3_eta0p492_seededfine_cem_m3_eta0p492_seed39940011.csv
True,seeded_ic_v1,39940012,3,0.492,cem,cem_tuned_boundary,opp_m1_13000,13000,0,0,0,-0.00627,0.023877,-0.54508,9.80064,0.686589,0.7006078362464905,-0.0038804938085377,0.36965,0.4369966387748718,0.03794563362515627,0.2164191752672195,0.03607137730749004,0.321827985437016,False,qp_event_allocator_m3_eta0p492_seededfine_cem_m3_eta0p492_seed39940012.csv
True,seeded_ic_v1,39940013,3,0.492,cem,cem_tuned_boundary,opp_m1_13000,13000,0,0,0,-0.023427,-0.010345,2.117499,9.83621,0.696971,0.7111190557479858,-0.0038298575673252,0.36965,0.4399355351924896,0.04065492465074995,0.1350576430559158,0.033542339504177364,0.3213542549705582,False,qp_event_allocator_m3_eta0p492_seededfine_cem_m3_eta0p492_seed39940013.csv
True,seeded_ic_v1,39940014,3,0.492,cem,cem_tuned_boundary,opp_m1_13000,13000,0,0,0,0.029103,0.009429,-1.162525,9.948752,0.690448,0.7039667367935181,-0.0036104656755924,0.36965,0.4285667836666107,0.04130016760845529,0.10835562646389,0.03219292998952609,0.2990774164766591,False,qp_event_allocator_m3_eta0p492_seededfine_cem_m3_eta0p492_seed39940014.csv
True,seeded_ic_v1,39940015,3,0.492,cem,cem_tuned_boundary,opp_m1_13000,13000,0,0,0,0.006633,0.018701,-3.355208,10.212523,0.703564,0.7164748907089233,-0.0035251772496849,0.36965,0.4389867782592773,0.041512251305923925,0.0970840230584144,0.0337518930603875,0.3164381725811597,False,qp_event_allocator_m3_eta0p492_seededfine_cem_m3_eta0p492_seed39940015.csv
True,seeded_ic_v1,39940016,3,0.492,cem,cem_tuned_boundary,opp_m1_13000,13000,0,0,0,0.016833,0.000439,1.362577,10.058104,0.711539,0.7252534627914429,-0.0037923750933259,0.36965,0.4393086433410644,0.0413675934350252,0.0884636640548706,0.031631021586045034,0.3006638299089305,False,qp_event_allocator_m3_eta0p492_seededfine_cem_m3_eta0p492_seed39940016.csv
True,seeded_ic_v1,39940017,3,0.492,cem,cem_tuned_boundary,opp_m1_13000,13000,0,0,0,-0.029698,0.005577,-3.650445,10.224549,0.681338,0.6936978101730347,-0.0035743694752454,0.36965,0.4189547896385193,0.039974497913054526,0.1507440656423568,0.03342194049295353,0.3372712095584173,False,qp_event_allocator_m3_eta0p492_seededfine_cem_m3_eta0p492_seed39940017.csv
True,seeded_ic_v1,39940018,3,0.492,cem,cem_tuned_boundary,opp_m1_13000,13000,0,0,0,0.017674,0.024194,-4.09884,9.886479,0.707733,0.7218669652938843,-0.0039987885393202,0.36965,0.4435203373432159,0.040232314094334115,0.1170605421066284,0.03146982207196499,0.3057040124226948,False,qp_event_allocator_m3_eta0p492_seededfine_cem_m3_eta0p492_seed39940018.csv
True,seeded_ic_v1,39940019,3,0.492,cem,cem_tuned_boundary,opp_m1_13000,13000,0,0,0,-0.003665,-0.011826,-3.443431,9.791654,0.715465,0.730172872543335,-0.0044142031110823,0.36965,0.4506150186061859,0.04181832449774581,0.0610655099153518,0.031936270538403214,0.31118790436339705,False,qp_event_allocator_m3_eta0p492_seededfine_cem_m3_eta0p492_seed39940019.csv
True,seeded_ic_v1,39940020,3,0.492,cem,cem_tuned_boundary,opp_m1_13000,13000,0,0,0,-0.013912,-0.02676,3.918079,10.179001,0.689912,0.7025244832038879,-0.0036652206908911,0.36965,0.4317529499530792,0.039669834366422504,0.1580134183168411,0.03481213710743135,0.30913134160796635,False,qp_event_allocator_m3_eta0p492_seededfine_cem_m3_eta0p492_seed39940020.csv
True,seeded_ic_v1,39940021,3,0.492,cem,cem_tuned_boundary,opp_m1_13000,13000,0,0,0,-0.017544,-0.009949,-3.400393,9.786649,0.697186,0.7114858627319336,-0.0039022131823003,0.36965,0.4316110014915466,0.040151538466440644,0.1406368017196655,0.0329640611808886,0.3187197181710807,False,qp_event_allocator_m3_eta0p492_seededfine_cem_m3_eta0p492_seed39940021.csv
True,seeded_ic_v1,39940022,3,0.492,cem,cem_tuned_boundary,opp_m1_13000,13000,0,0,0,0.027069,0.026965,-0.462496,9.884849,0.712547,0.7268728017807007,-0.003896694863215,0.36965,0.4373020827770233,0.04018364601020084,0.1190056502819061,0.03266388835884025,0.30192071113417573,False,qp_event_allocator_m3_eta0p492_seededfine_cem_m3_eta0p492_seed39940022.csv
True,seeded_ic_v1,39940023,3,0.492,cem,cem_tuned_boundary,opp_m1_13000,13000,0,0,0,-0.028885,0.01734,1.849981,9.774866,0.693881,0.7081421613693237,-0.0039691198617219,0.36965,0.435009241104126,0.039683163699426954,0.1564484387636184,0.03373784640763008,0.3396077925367847,False,qp_event_allocator_m3_eta0p492_seededfine_cem_m3_eta0p492_seed39940023.csv
True,seeded_ic_v1,39940024,3,0.492,cem,cem_tuned_boundary,opp_m1_13000,13000,0,0,0,-0.008249,-0.027378,-1.846514,10.116036,0.692254,0.7052586078643799,-0.0034588871058076,0.36965,0.4289365708827972,0.03938353949735394,0.1667410433292389,0.03411846124219738,0.30186334349227023,False,qp_event_allocator_m3_eta0p492_seededfine_cem_m3_eta0p492_seed39940024.csv
True,seeded_ic_v1,39940025,3,0.492,cem,cem_tuned_boundary,opp_m1_13000,13000,0,0,0,0.014035,0.026203,-0.471398,10.09151,0.716773,0.7304379343986511,-0.0037743356078863,0.36965,0.4449509978294372,0.040941264289149876,0.0839968621730804,0.032914891009842635,0.3144674152975169,False,qp_event_allocator_m3_eta0p492_seededfine_cem_m3_eta0p492_seed39940025.csv
True,seeded_ic_v1,39940026,3,0.492,cem,cem_tuned_boundary,opp_m1_13000,13000,0,0,0,-0.022979,-0.001661,1.22873,10.065018,0.691224,0.70439213514328,-0.0037622605450451,0.36965,0.4339704811573028,0.038421745540919316,0.2076376080513,0.03473913210000509,0.3216706256725513,False,qp_event_allocator_m3_eta0p492_seededfine_cem_m3_eta0p492_seed39940026.csv
True,seeded_ic_v1,39940027,3,0.492,cem,cem_tuned_boundary,opp_m1_13000,13000,0,0,0,-0.022728,0.014435,-1.414908,9.770629,0.715967,0.7308923602104187,-0.0042707757093012,0.36965,0.4420602917671203,0.040250254090153,0.1252747625112533,0.033242971533148265,0.3363737507905976,False,qp_event_allocator_m3_eta0p492_seededfine_cem_m3_eta0p492_seed39940027.csv
True,seeded_ic_v1,39940028,3,0.492,cem,cem_tuned_boundary,opp_m1_13000,13000,0,0,0,-0.01396,0.003622,4.885809,10.185378,0.711468,0.7246642708778381,-0.0038542803376913,0.36965,0.4408868849277496,0.04100266223389481,0.0874245911836624,0.03177568984424673,0.3211471288502689,False,qp_event_allocator_m3_eta0p492_seededfine_cem_m3_eta0p492_seed39940028.csv
True,seeded_ic_v1,39940029,3,0.492,cem,cem_tuned_boundary,opp_m1_13000,13000,0,0,0,0.016703,0.012357,4.459604,10.177757,0.683772,0.696271538734436,-0.0037292952183634,0.36965,0.4252796769142151,0.0383391140261099,0.2011223584413528,0.03448831825833871,0.2925705938362674,False,qp_event_allocator_m3_eta0p492_seededfine_cem_m3_eta0p492_seed39940029.csv
True,seeded_ic_v1,39940030,3,0.492,cem,cem_tuned_boundary,opp_m1_13000,13000,0,0,0,-0.003627,0.015507,-1.491366,9.86851,0.712611,0.7269129753112793,-0.0042002494446933,0.36965,0.4436899125576019,0.04002484196250384,0.126860573887825,0.03264259486666871,0.31697219254586795,False,qp_event_allocator_m3_eta0p492_seededfine_cem_m3_eta0p492_seed39940030.csv
True,seeded_ic_v1,39950001,3,0.493,cem,cem_tuned_boundary,opp_m1_13000,13000,0,0,0,-0.005598,0.011055,-2.139192,9.912123,0.687013,0.7005085945129395,-0.0039607714861631,0.36365,0.4137175381183624,0.04051551187339526,0.0715988799929618,0.031167782904801912,0.3199721574965101,False,qp_event_allocator_m3_eta0p493_seededfine_cem_m3_eta0p493_seed39950001.csv
True,seeded_ic_v1,39950002,3,0.493,cem,cem_tuned_boundary,opp_m1_13000,13000,0,0,0,-0.010837,-0.023566,0.021946,9.820585,0.715198,0.7298679947853088,-0.0039809239096939,0.36365,0.4139317572116852,0.04074584853279804,0.0454121455550193,0.028859369636925224,0.3133941705998459,False,qp_event_allocator_m3_eta0p493_seededfine_cem_m3_eta0p493_seed39950002.csv
True,seeded_ic_v1,39950003,3,0.493,cem,cem_tuned_boundary,opp_m1_13000,13000,0,0,0,0.028587,-0.019029,1.088471,9.813254,0.687367,0.7013226747512817,-0.0036280620843172,0.36365,0.4103806018829345,0.040571934806288526,0.055533792823553,0.030127196925494516,0.27366156365356525,False,qp_event_allocator_m3_eta0p493_seededfine_cem_m3_eta0p493_seed39950003.csv
True,seeded_ic_v1,39950004,3,0.493,cem,cem_tuned_boundary,opp_m1_13000,13000,0,0,0,0.021579,-0.026364,1.72984,9.946475,0.700528,0.7142550349235535,-0.0036722251679748,0.36365,0.412614643573761,0.04133340848739519,0.0570763684809207,0.02867236691278989,0.28188189861541374,False,qp_event_allocator_m3_eta0p493_seededfine_cem_m3_eta0p493_seed39950004.csv
True,seeded_ic_v1,39950005,3,0.493,cem,cem_tuned_boundary,opp_m1_13000,13000,0,0,0,-0.017443,0.022673,3.158301,9.854234,0.719419,0.7339569330215454,-0.0040989401750266,0.36365,0.4238787889480591,0.04040504877589358,0.0632035508751869,0.029027112336799936,0.3388322292422319,False,qp_event_allocator_m3_eta0p493_seededfine_cem_m3_eta0p493_seed39950005.csv
True,seeded_ic_v1,39950006,3,0.493,cem,cem_tuned_boundary,opp_m1_13000,13000,0,0,0,0.008821,-0.004809,0.76191,10.122974,0.708438,0.721805989742279,-0.0035853970330208,0.36365,0.4152934551239013,0.04210899544419875,0.0393084548413753,0.03068978727870343,0.30620237016197405,False,qp_event_allocator_m3_eta0p493_seededfine_cem_m3_eta0p493_seed39950006.csv
True,seeded_ic_v1,39950007,3,0.493,cem,cem_tuned_boundary,opp_m1_13000,13000,0,0,0,0.025777,-0.000344,2.620886,9.955547,0.687072,0.7004791498184204,-0.0039311540313065,0.36365,0.4122089743614197,0.040856185210521444,0.0684788078069686,0.032576328562384314,0.28534419971693115,False,qp_event_allocator_m3_eta0p493_seededfine_cem_m3_eta0p493_seed39950007.csv
True,seeded_ic_v1,39950008,3,0.493,cem,cem_tuned_boundary,opp_m1_13000,13000,0,0,0,0.007245,-0.010289,-3.572979,10.002244,0.685577,0.698779284954071,-0.0036654048599302,0.36365,0.3958680033683777,0.04123202284429665,0.028326541185379,0.02940792626720573,0.30680290770827745,False,qp_event_allocator_m3_eta0p493_seededfine_cem_m3_eta0p493_seed39950008.csv
True,seeded_ic_v1,39950009,3,0.493,cem,cem_tuned_boundary,opp_m1_13000,13000,0,0,0,-0.007182,-0.00721,-2.886231,10.030221,0.699623,0.7131092548370361,-0.0037763658910989,0.36365,0.4089575111865997,0.0408700850886529,0.0438955537974834,0.03013557349199175,0.31649500659819335,False,qp_event_allocator_m3_eta0p493_seededfine_cem_m3_eta0p493_seed39950009.csv
True,seeded_ic_v1,39950010,3,0.493,cem,cem_tuned_boundary,opp_m1_13000,13000,0,0,0,-0.029274,0.006708,1.675211,10.007676,0.699024,0.7125537395477295,-0.0037787510082125,0.36365,0.4187728762626648,0.040732403447583325,0.0762791037559509,0.031105066557667514,0.3381793163801886,False,qp_event_allocator_m3_eta0p493_seededfine_cem_m3_eta0p493_seed39950010.csv
True,seeded_ic_v1,39950011,3,0.493,cem,cem_tuned_boundary,opp_m1_13000,13000,0,0,0,-0.014263,0.005963,-1.976071,9.873174,0.704147,0.7181867361068726,-0.0039143692702054,0.36365,0.4068281650543213,0.0431372424447049,0.0819505602121353,0.029251203467454735,0.34035877499770556,False,qp_event_allocator_m3_eta0p493_seededfine_cem_m3_eta0p493_seed39950011.csv
True,seeded_ic_v1,39950012,3,0.493,cem,cem_tuned_boundary,opp_m1_13000,13000,0,0,0,0.005239,-0.017555,0.991897,10.044918,0.713884,0.7277431488037109,-0.0040780054405331,0.36365,0.4206072986125946,0.040614500707038925,0.0683298557996749,0.02913427689266804,0.2993461040077108,False,qp_event_allocator_m3_eta0p493_seededfine_cem_m3_eta0p493_seed39950012.csv
True,seeded_ic_v1,39950013,3,0.493,cem,cem_tuned_boundary,opp_m1_13000,13000,0,0,0,-0.009031,0.022686,-1.662799,10.11331,0.709718,0.723008930683136,-0.0037846318446099,0.36365,0.4157719016075134,0.04138134042727757,0.0681774988770484,0.03023196480830164,0.3370608859171237,False,qp_event_allocator_m3_eta0p493_seededfine_cem_m3_eta0p493_seed39950013.csv
True,seeded_ic_v1,39950014,3,0.493,cem,cem_tuned_boundary,opp_m1_13000,13000,0,0,0,-0.010135,0.02319,-1.303142,10.232691,0.702032,0.7148697376251221,-0.0033978568390011,0.36365,0.4194962382316589,0.03947151410908645,0.0994183495640754,0.031111464470507534,0.3262309390254915,False,qp_event_allocator_m3_eta0p493_seededfine_cem_m3_eta0p493_seed39950014.csv
True,seeded_ic_v1,39950015,3,0.493,cem,cem_tuned_boundary,opp_m1_13000,13000,0,0,0,0.005235,0.026443,-2.6168,10.228464,0.688325,0.7007983922958374,-0.0036371094174683,0.36365,0.4097746312618255,0.04126252154428522,0.0590859353542327,0.030235513804081546,0.3221794643608624,False,qp_event_allocator_m3_eta0p493_seededfine_cem_m3_eta0p493_seed39950015.csv
True,seeded_ic_v1,39950016,3,0.493,cem,cem_tuned_boundary,opp_m1_13000,13000,0,0,0,-0.028745,-0.025459,3.197746,9.796794,0.70111,0.7154490351676941,-0.0039483024738729,0.36365,0.4129007160663605,0.04125241835862148,0.0346209555864334,0.02920060526480803,0.32995816877041473,False,qp_event_allocator_m3_eta0p493_seededfine_cem_m3_eta0p493_seed39950016.csv
True,seeded_ic_v1,39950017,3,0.493,cem,cem_tuned_boundary,opp_m1_13000,13000,0,0,0,-0.001106,-0.010294,3.088549,9.890913,0.706326,0.7204453349113464,-0.0042663109488785,0.36365,0.4169973731040954,0.04262455808749559,0.0615874789655208,0.02989813078352103,0.31537156401549776,False,qp_event_allocator_m3_eta0p493_seededfine_cem_m3_eta0p493_seed39950017.csv
True,seeded_ic_v1,39950018,3,0.493,cem,cem_tuned_boundary,opp_m1_13000,13000,0,0,0,-0.026066,0.027896,-3.667746,10.156189,0.682897,0.6955187916755676,-0.0036523267626762,0.36365,0.4002017080783844,0.041944345713551316,0.0181214492768049,0.029627687736895468,0.35678715147993056,False,qp_event_allocator_m3_eta0p493_seededfine_cem_m3_eta0p493_seed39950018.csv
True,seeded_ic_v1,39950019,3,0.493,cem,cem_tuned_boundary,opp_m1_13000,13000,0,0,0,0.027189,0.013571,2.072459,10.180246,0.697157,0.7100359797477722,-0.0035602173302322,0.36365,0.4168198406696319,0.04012511571019811,0.0897875651717186,0.029509764243118436,0.29578278704691274,False,qp_event_allocator_m3_eta0p493_seededfine_cem_m3_eta0p493_seed39950019.csv
True,seeded_ic_v1,39950020,3,0.493,cem,cem_tuned_boundary,opp_m1_13000,13000,0,0,0,-0.014187,-0.025168,0.224543,9.788802,0.685996,0.7000161409378052,-0.0037237466312944,0.36365,0.4038890302181244,0.042080225837798114,0.011401742696762,0.031116256216114926,0.3147781343687125,False,qp_event_allocator_m3_eta0p493_seededfine_cem_m3_eta0p493_seed39950020.csv
True,seeded_ic_v1,39950021,3,0.493,cem,cem_tuned_boundary,opp_m1_13000,13000,0,0,0,-0.010422,-0.025219,-1.046274,9.82433,0.707478,0.7219263315200806,-0.0039685969240963,0.36365,0.4274798035621643,0.03920548842564833,0.1279907673597335,0.031779923520607496,0.2996789928405574,False,qp_event_allocator_m3_eta0p493_seededfine_cem_m3_eta0p493_seed39950021.csv
True,seeded_ic_v1,39950022,3,0.493,cem,cem_tuned_boundary,opp_m1_13000,13000,0,0,0,-0.012526,-0.006617,3.632728,10.173994,0.683524,0.6961312294006348,-0.0033690361306071,0.36365,0.4065712690353393,0.041482795434496275,0.0342510417103767,0.03051886193772788,0.3214534520359324,False,qp_event_allocator_m3_eta0p493_seededfine_cem_m3_eta0p493_seed39950022.csv
True,seeded_ic_v1,39950023,3,0.493,cem,cem_tuned_boundary,opp_m1_13000,13000,0,0,0,-0.020693,-0.005232,-4.393787,10.180617,0.686619,0.6992722153663635,-0.0034999286290258,0.36365,0.397748053073883,0.04054084847429235,0.0292906574904918,0.028965028980308328,0.32969907296663015,False,qp_event_allocator_m3_eta0p493_seededfine_cem_m3_eta0p493_seed39950023.csv
True,seeded_ic_v1,39950024,3,0.493,cem,cem_tuned_boundary,opp_m1_13000,13000,0,0,0,0.014441,-0.00254,-3.494207,10.009505,0.708057,0.7217702865600586,-0.0037537603639066,0.36365,0.4225727021694183,0.040162447057642124,0.0872295647859573,0.02867300854415826,0.293280492022539,False,qp_event_allocator_m3_eta0p493_seededfine_cem_m3_eta0p493_seed39950024.csv
True,seeded_ic_v1,39950025,3,0.493,cem,cem_tuned_boundary,opp_m1_13000,13000,0,0,0,0.029123,-0.011544,-3.465275,10.136206,0.699716,0.7127996683120728,-0.0038308359216898,0.36365,0.4154955744743347,0.04126189668255992,0.074762187898159,0.031979487879897635,0.2801132826948813,False,qp_event_allocator_m3_eta0p493_seededfine_cem_m3_eta0p493_seed39950025.csv
True,seeded_ic_v1,39950026,3,0.493,cem,cem_tuned_boundary,opp_m1_13000,13000,0,0,0,0.028021,0.014285,-0.634696,9.932342,0.689539,0.7031186819076538,-0.0036803588736802,0.36365,0.3952939808368683,0.04305583022476994,0.0965285003185272,0.029048494360038382,0.3114679067622191,False,qp_event_allocator_m3_eta0p493_seededfine_cem_m3_eta0p493_seed39950026.csv
True,seeded_ic_v1,39950027,3,0.493,cem,cem_tuned_boundary,opp_m1_13000,13000,0,0,0,-0.002155,0.004861,-1.523421,9.913266,0.69799,0.7118121385574341,-0.003714800113812,0.36365,0.4094043672084808,0.04074105641331619,0.0331714451313018,0.028409090803978722,0.3172206228188549,False,qp_event_allocator_m3_eta0p493_seededfine_cem_m3_eta0p493_seed39950027.csv
True,seeded_ic_v1,39950028,3,0.493,cem,cem_tuned_boundary,opp_m1_13000,13000,0,0,0,-0.013231,0.025646,0.847038,10.04306,0.685737,0.698905885219574,-0.0037198627833276,0.36365,0.4001495242118835,0.04109837768919847,0.0224789101630449,0.028745473315700456,0.34021124329313945,False,qp_event_allocator_m3_eta0p493_seededfine_cem_m3_eta0p493_seed39950028.csv
True,seeded_ic_v1,39950029,3,0.493,cem,cem_tuned_boundary,opp_m1_13000,13000,0,0,0,0.028253,0.007079,-3.699347,9.905076,0.698097,0.7119952440261841,-0.0039550480432808,0.36365,0.3905511498451233,0.04058167921572777,0.0817907825112342,0.029313649122202495,0.299831167153091,False,qp_event_allocator_m3_eta0p493_seededfine_cem_m3_eta0p493_seed39950029.csv
True,seeded_ic_v1,39950030,3,0.493,cem,cem_tuned_boundary,opp_m1_13000,13000,0,0,0,0.022994,-0.006294,-1.562865,10.132485,0.694173,0.7071564197540283,-0.00341636268422,0.36365,0.4073093831539154,0.041157568629282215,0.0363360345363616,0.02752345630459464,0.29644574360548814,False,qp_event_allocator_m3_eta0p493_seededfine_cem_m3_eta0p493_seed39950030.csv
True,seeded_ic_v1,39960001,3,0.494,cem,cem_tuned_boundary,opp_m1_13000,13000,0,0,0,-0.014844,0.024665,4.154203,9.803453,0.712364,0.7270936965942383,-0.0040034493431448,0.3576499999999999,0.2709910571575165,0.024599353585112227,0.4192735254764557,0.017177059066972755,0.42411249865679584,True,qp_event_allocator_m3_eta0p494_seededfine_cem_m3_eta0p494_seed39960001.csv
True,seeded_ic_v1,39960002,3,0.494,cem,cem_tuned_boundary,opp_m1_13000,13000,0,0,0,0.020711,0.01113,-3.550131,9.901385,0.697742,0.7116587162017822,-0.0038250628858804,0.3576499999999999,0.3883022964000702,0.038016837242052466,0.1130823418498039,0.026834460199878438,0.30514840964961615,False,qp_event_allocator_m3_eta0p494_seededfine_cem_m3_eta0p494_seed39960002.csv
True,seeded_ic_v1,39960003,3,0.494,cem,cem_tuned_boundary,opp_m1_13000,13000,0,0,0,-0.003323,-0.022096,2.510534,9.900864,0.710971,0.7253792881965637,-0.0039976141415536,0.3576499999999999,0.3922334909439087,0.03675054611893073,0.126924067735672,0.026555783491820674,0.3060466030150322,False,qp_event_allocator_m3_eta0p494_seededfine_cem_m3_eta0p494_seed39960003.csv
True,seeded_ic_v1,39960004,3,0.494,cem,cem_tuned_boundary,opp_m1_13000,13000,0,0,0,-0.022394,-0.023632,-1.258726,10.242663,0.695214,0.7078291773796082,-0.0036302867811173,0.3576499999999999,0.3882415890693664,0.03868250546698063,0.1095142364501953,0.026629049867809333,0.32745273965594063,False,qp_event_allocator_m3_eta0p494_seededfine_cem_m3_eta0p494_seed39960004.csv
True,seeded_ic_v1,39960005,3,0.494,cem,cem_tuned_boundary,opp_m1_13000,13000,0,0,0,0.004378,0.013286,4.994473,10.014956,0.715156,0.7289507389068604,-0.0037631031591445,0.3576499999999999,0.3975418210029602,0.03725486837580197,0.1179276928305625,0.02561468334426628,0.3167100533141324,False,qp_event_allocator_m3_eta0p494_seededfine_cem_m3_eta0p494_seed39960005.csv
True,seeded_ic_v1,39960006,3,0.494,cem,cem_tuned_boundary,opp_m1_13000,13000,0,0,0,0.015834,0.017572,-2.942564,9.920146,0.692682,0.706353485584259,-0.0037946254014968,0.3576499999999999,0.3697092533111572,0.03931287168469595,0.1750499308109283,0.025448130085034916,0.32296760327546936,False,qp_event_allocator_m3_eta0p494_seededfine_cem_m3_eta0p494_seed39960006.csv
True,seeded_ic_v1,39960007,3,0.494,cem,cem_tuned_boundary,opp_m1_13000,13000,0,0,0,-0.006356,0.01691,0.56474,9.885012,0.68981,0.7036313414573669,-0.0039033044595271,0.3576499999999999,0.3861807286739349,0.0400061403233614,0.120584487915039,0.028635771337841613,0.33208014835868405,False,qp_event_allocator_m3_eta0p494_seededfine_cem_m3_eta0p494_seed39960007.csv
True,seeded_ic_v1,39960008,3,0.494,cem,cem_tuned_boundary,opp_m1_13000,13000,0,0,0,0.015298,-0.017614,1.506656,10.19741,0.698298,0.711134135723114,-0.0036113371606916,0.3576499999999999,0.3856043219566345,0.040880528666153056,0.160732552409172,0.027890516639887578,0.29932032606738107,False,qp_event_allocator_m3_eta0p494_seededfine_cem_m3_eta0p494_seed39960008.csv
True,seeded_ic_v1,39960009,3,0.494,cem,cem_tuned_boundary,opp_m1_13000,13000,0,0,0,0.017968,-0.014792,4.366566,9.834671,0.688216,0.7021117210388184,-0.0038246407639235,0.3576499999999999,0.3902250528335571,0.03814841939498559,0.0699268952012062,0.027852495820062932,0.28548978038040584,False,qp_event_allocator_m3_eta0p494_seededfine_cem_m3_eta0p494_seed39960009.csv
True,seeded_ic_v1,39960010,3,0.494,cem,cem_tuned_boundary,opp_m1_13000,13000,0,0,0,-0.005999,0.010387,-2.166683,9.818724,0.710741,0.7252858281135559,-0.0040795621462166,0.3576499999999999,0.4014483690261841,0.03767330278936022,0.0882917493581771,0.027411381106208808,0.32248699975716105,False,qp_event_allocator_m3_eta0p494_seededfine_cem_m3_eta0p494_seed39960010.csv
True,seeded_ic_v1,39960011,3,0.494,cem,cem_tuned_boundary,opp_m1_13000,13000,0,0,0,-0.019845,-0.014569,2.146033,9.875332,0.692924,0.706771194934845,-0.0039620855823159,0.3576499999999999,0.366357147693634,0.04054883494982297,0.2197569161653518,0.025931465078231873,0.34907447600769764,False,qp_event_allocator_m3_eta0p494_seededfine_cem_m3_eta0p494_seed39960011.csv
True,seeded_ic_v1,39960012,3,0.494,cem,cem_tuned_boundary,opp_m1_13000,13000,0,0,0,-0.023195,-0.017113,1.754379,9.910721,0.713911,0.728245735168457,-0.0041578449308872,0.3576499999999999,0.3948482573032379,0.036588657937106514,0.1224221885204315,0.025016944153775877,0.3271915282428007,False,qp_event_allocator_m3_eta0p494_seededfine_cem_m3_eta0p494_seed39960012.csv
True,seeded_ic_v1,39960013,3,0.494,cem,cem_tuned_boundary,opp_m1_13000,13000,0,0,0,0.019256,0.004656,-1.50541,9.992794,0.713002,0.7268866300582886,-0.0038866458926349,0.3576499999999999,0.3876362144947052,0.038551870912658964,0.1760484129190445,0.026649015678450336,0.3103498070765929,False,qp_event_allocator_m3_eta0p494_seededfine_cem_m3_eta0p494_seed39960013.csv
True,seeded_ic_v1,39960014,3,0.494,cem,cem_tuned_boundary,opp_m1_13000,13000,0,0,0,0.002922,0.024469,-2.147053,9.917123,0.687061,0.7005934715270996,-0.0036325140390545,0.3576499999999999,0.3711007535457611,0.039909270153345645,0.1357356011867523,0.02663034942505198,0.33263773601493035,False,qp_event_allocator_m3_eta0p494_seededfine_cem_m3_eta0p494_seed39960014.csv
True,seeded_ic_v1,39960015,3,0.494,cem,cem_tuned_boundary,opp_m1_13000,13000,0,0,0,0.012057,0.007016,-1.770973,9.993562,0.70856,0.7223349213600159,-0.0036974190734326,0.3576499999999999,0.3921193182468414,0.03716830414919711,0.1170871779322624,0.028762160802272337,0.30823891793518443,False,qp_event_allocator_m3_eta0p494_seededfine_cem_m3_eta0p494_seed39960015.csv
True,seeded_ic_v1,39960016,3,0.494,cem,cem_tuned_boundary,opp_m1_13000,13000,0,0,0,-0.028971,-0.016567,1.343957,9.989808,0.714835,0.7288504838943481,-0.003835568903014,0.3576499999999999,0.3959877490997314,0.03752903633374757,0.151489719748497,0.02795420953218344,0.33950205798733984,False,qp_event_allocator_m3_eta0p494_seededfine_cem_m3_eta0p494_seed39960016.csv
True,seeded_ic_v1,39960017,3,0.494,cem,cem_tuned_boundary,opp_m1_13000,13000,0,0,0,-0.019084,-0.029545,3.100915,10.153756,0.682458,0.6950907111167908,-0.003562870202586,0.3576499999999999,0.3766842782497406,0.040803703511701185,0.1377593427896499,0.027891687334547943,0.32133351657657744,False,qp_event_allocator_m3_eta0p494_seededfine_cem_m3_eta0p494_seed39960017.csv
True,seeded_ic_v1,39960018,3,0.494,cem,cem_tuned_boundary,opp_m1_13000,13000,0,0,0,-0.024244,-0.009585,2.090348,10.085397,0.700321,0.713586688041687,-0.0040231840685009,0.3576499999999999,0.3897814452648163,0.03856372397094244,0.1279363334178924,0.02683656798470274,0.3331041391849494,False,qp_event_allocator_m3_eta0p494_seededfine_cem_m3_eta0p494_seed39960018.csv
True,seeded_ic_v1,39960019,3,0.494,cem,cem_tuned_boundary,opp_m1_13000,13000,0,0,0,-0.007471,0.029011,-0.040298,9.979772,0.696533,0.7100034356117249,-0.0038787794765084,0.3576499999999999,0.3880198895931244,0.03935666752976951,0.1297871619462967,0.029216593239520923,0.3357888906097231,False,qp_event_allocator_m3_eta0p494_seededfine_cem_m3_eta0p494_seed39960019.csv
True,seeded_ic_v1,39960020,3,0.494,cem,cem_tuned_boundary,opp_m1_13000,13000,0,0,0,-0.022386,0.015427,2.558192,9.82974,0.703192,0.717562198638916,-0.0039061724673956,0.3576499999999999,0.3577994704246521,0.042480405430409596,0.3278396129608154,0.02414132756206002,0.3891518036480635,False,qp_event_allocator_m3_eta0p494_seededfine_cem_m3_eta0p494_seed39960020.csv
True,seeded_ic_v1,39960021,3,0.494,cem,cem_tuned_boundary,opp_m1_13000,13000,0,0,0,0.008658,-0.010506,-0.085022,9.947612,0.710226,0.7241703271865845,-0.0039769909344613,0.3576499999999999,0.4038558602333069,0.03462391073326195,0.1388632208108902,0.02830806927835248,0.2651570171539926,False,qp_event_allocator_m3_eta0p494_seededfine_cem_m3_eta0p494_seed39960021.csv
True,seeded_ic_v1,39960022,3,0.494,cem,cem_tuned_boundary,opp_m1_13000,13000,0,0,0,-0.014781,0.008101,-3.374026,9.846864,0.695673,0.7098040580749512,-0.003786314278841,0.3576499999999999,0.3864116966724396,0.038924419010612915,0.0924293994903564,0.027705670526329426,0.331480806854639,False,qp_event_allocator_m3_eta0p494_seededfine_cem_m3_eta0p494_seed39960022.csv
True,seeded_ic_v1,39960023,3,0.494,cem,cem_tuned_boundary,opp_m1_13000,13000,0,0,0,-0.027881,-0.025139,4.234098,10.161456,0.697779,0.7107247114181519,-0.003588295308873,0.3576499999999999,0.4017950296401977,0.03906461660139578,0.08298259973526,0.028357601317877713,0.317120629959736,False,qp_event_allocator_m3_eta0p494_seededfine_cem_m3_eta0p494_seed39960023.csv
True,seeded_ic_v1,39960024,3,0.494,cem,cem_tuned_boundary,opp_m1_13000,13000,0,0,0,-0.022881,-0.017811,0.171122,9.906589,0.707342,0.7215771675109863,-0.0039866040460765,0.3576499999999999,0.3958135545253753,0.03769150479602731,0.1143885850906372,0.028533195615529854,0.3224031102403963,False,qp_event_allocator_m3_eta0p494_seededfine_cem_m3_eta0p494_seed39960024.csv
True,seeded_ic_v1,39960025,3,0.494,cem,cem_tuned_boundary,opp_m1_13000,13000,0,0,0,-0.021549,0.002498,-3.442759,10.091409,0.716741,0.7303974032402039,-0.0038848875556141,0.3576499999999999,0.3871018588542938,0.038605388781599186,0.1941797137260437,0.02527722040686876,0.3504809486394385,False,qp_event_allocator_m3_eta0p494_seededfine_cem_m3_eta0p494_seed39960025.csv
True,seeded_ic_v1,39960026,3,0.494,cem,cem_tuned_boundary,opp_m1_13000,13000,0,0,0,-0.000988,0.025811,4.262361,10.027931,0.692488,0.7059631943702698,-0.003838058328256,0.3576499999999999,0.3773227632045746,0.03928036860774534,0.1603276580572128,0.028338614578261655,0.3376946098919477,False,qp_event_allocator_m3_eta0p494_seededfine_cem_m3_eta0p494_seed39960026.csv
True,seeded_ic_v1,39960027,3,0.494,cem,cem_tuned_boundary,opp_m1_13000,13000,0,0,0,-0.016798,-0.005173,0.250582,10.224046,0.68037,0.6927219033241272,-0.0033477849792689,0.3576499999999999,0.3874176740646362,0.03881300482280065,0.0955078527331352,0.029925058962786872,0.31624150840265686,False,qp_event_allocator_m3_eta0p494_seededfine_cem_m3_eta0p494_seed39960027.csv
True,seeded_ic_v1,39960028,3,0.494,cem,cem_tuned_boundary,opp_m1_13000,13000,0,0,0,-0.014564,0.008781,-2.253918,10.060003,0.682803,0.695702314376831,-0.0036421895492821,0.3576499999999999,0.3795120120048523,0.038495499752109266,0.0985953882336616,0.026994887027475156,0.33113291261178773,False,qp_event_allocator_m3_eta0p494_seededfine_cem_m3_eta0p494_seed39960028.csv
True,seeded_ic_v1,39960029,3,0.494,cem,cem_tuned_boundary,opp_m1_13000,13000,0,0,0,0.007031,-0.010936,-4.174457,10.138472,0.711319,0.7247748970985413,-0.00384016870521,0.3576499999999999,0.3960896134376526,0.03817693302680461,0.1319520026445388,0.026989474567834147,0.3049155199352943,False,qp_event_allocator_m3_eta0p494_seededfine_cem_m3_eta0p494_seed39960029.csv
True,seeded_ic_v1,39960030,3,0.494,cem,cem_tuned_boundary,opp_m1_13000,13000,0,0,0,-0.012184,-0.020899,1.616321,9.767258,0.695568,0.7098601460456848,-0.0039285141974687,0.3576499999999999,0.3776893019676208,0.037274426759366514,0.1108296960592269,0.026310006016983075,0.31480613409794805,False,qp_event_allocator_m3_eta0p494_seededfine_cem_m3_eta0p494_seed39960030.csv
True,seeded_ic_v1,39970001,3,0.495,cem,cem_tuned_boundary,opp_m1_13000,13000,0,0,0,0.007406,0.01153,3.435862,10.227902,0.709976,0.722930908203125,-0.0035679726861417,0.3516499999999999,0.3430469036102295,0.032334575869263006,0.2569104731082916,0.023544382235922534,0.33854025093346285,True,qp_event_allocator_m3_eta0p495_seededfine_cem_m3_eta0p495_seed39970001.csv
True,seeded_ic_v1,39970002,3,0.495,cem,cem_tuned_boundary,opp_m1_13000,13000,0,0,0,-0.001575,0.003498,0.361313,9.850043,0.705659,0.7199333906173706,-0.0040077585726976,0.3516499999999999,0.283377468585968,0.016949912787605537,0.2031843066215515,0.020211976264894273,0.32644223958236446,True,qp_event_allocator_m3_eta0p495_seededfine_cem_m3_eta0p495_seed39970002.csv
True,seeded_ic_v1,39970003,3,0.495,cem,cem_tuned_boundary,opp_m1_13000,13000,0,0,0,-0.016535,0.018446,4.053025,9.995607,0.689756,0.7030879855155945,-0.0039451643824577,0.3516499999999999,0.3530555069446563,0.033462433675655164,0.1356199979782104,0.024932168356517317,0.33918278977279065,False,qp_event_allocator_m3_eta0p495_seededfine_cem_m3_eta0p495_seed39970003.csv
True,seeded_ic_v1,39970004,3,0.495,cem,cem_tuned_boundary,opp_m1_13000,13000,0,0,0,-0.018477,-0.025544,1.224286,10.02477,0.701364,0.7149940729141235,-0.0039205299690365,0.3516499999999999,0.3572548031806946,0.03029905061320116,0.1268745958805084,0.02467653940953363,0.32205934646485157,False,qp_event_allocator_m3_eta0p495_seededfine_cem_m3_eta0p495_seed39970004.csv
True,seeded_ic_v1,39970005,3,0.495,cem,cem_tuned_boundary,opp_m1_13000,13000,0,0,0,-0.027552,0.016688,-2.329423,9.776039,0.699913,0.7141644358634949,-0.0041357027366757,0.3516499999999999,0.3723308444023132,0.03408428415704587,0.1559983789920807,0.025405766792797033,0.3456373808332029,False,qp_event_allocator_m3_eta0p495_seededfine_cem_m3_eta0p495_seed39970005.csv
True,seeded_ic_v1,39970006,3,0.495,cem,cem_tuned_boundary,opp_m1_13000,13000,0,0,0,-0.012625,-0.015006,-1.759741,10.244037,0.708777,0.7218285799026489,-0.0036797011271119,0.3516499999999999,0.3610275685787201,0.031332962551329474,0.1342410892248153,0.025313873870179242,0.32493002367842855,False,qp_event_allocator_m3_eta0p495_seededfine_cem_m3_eta0p495_seed39970006.csv
True,seeded_ic_v1,39970007,3,0.495,cem,cem_tuned_boundary,opp_m1_13000,13000,0,0,0,0.011688,0.025276,2.878055,10.187249,0.683438,0.6959559321403503,-0.0035840279888361,0.3516499999999999,0.343197226524353,0.03329698339482248,0.1395892649888992,0.024673742854816362,0.3247763485093688,True,qp_event_allocator_m3_eta0p495_seededfine_cem_m3_eta0p495_seed39970007.csv
True,seeded_ic_v1,39970008,3,0.495,cem,cem_tuned_boundary,opp_m1_13000,13000,0,0,0,0.011169,-0.01404,-1.228018,9.950452,0.688079,0.7015287280082703,-0.0039582340978085,0.3516499999999999,0.3669036030769348,0.03363994762396402,0.138953223824501,0.025884053877395462,0.29347063955020225,False,qp_event_allocator_m3_eta0p495_seededfine_cem_m3_eta0p495_seed39970008.csv
True,seeded_ic_v1,39970009,3,0.495,cem,cem_tuned_boundary,opp_m1_13000,13000,0,0,0,-0.00255,-0.010863,3.546226,9.827022,0.706526,0.7209019064903259,-0.0038459484931081,0.3516499999999999,0.367386132478714,0.03153110708516416,0.1354653686285019,0.0253381282218652,0.31419593304486093,False,qp_event_allocator_m3_eta0p495_seededfine_cem_m3_eta0p495_seed39970009.csv
True,seeded_ic_v1,39970010,3,0.495,cem,cem_tuned_boundary,opp_m1_13000,13000,0,0,0,-0.01361,-0.019552,3.155431,9.886754,0.693838,0.7076837420463562,-0.003796404460445,0.3516499999999999,0.3585007786750793,0.03449423110749471,0.1703600138425827,0.02637942248358155,0.3236033006497502,False,qp_event_allocator_m3_eta0p495_seededfine_cem_m3_eta0p495_seed39970010.csv
True,seeded_ic_v1,39970011,3,0.495,cem,cem_tuned_boundary,opp_m1_13000,13000,0,0,0,-0.021442,8.7e-05,3.453981,9.921962,0.684706,0.6982489824295044,-0.0037824816536158,0.3516499999999999,0.3542313873767853,0.03429987634521808,0.1675330996513366,0.02495323959750375,0.3390132471004922,False,qp_event_allocator_m3_eta0p495_seededfine_cem_m3_eta0p495_seed39970011.csv
True,seeded_ic_v1,39970012,3,0.495,cem,cem_tuned_boundary,opp_m1_13000,13000,0,0,0,0.01928,-0.02508,-4.918198,10.239351,0.681777,0.6940413117408752,-0.0036857600789517,0.3516499999999999,0.3411233425140381,0.03392630013780003,0.1678611636161804,0.024309403983221917,0.29916434688959676,True,qp_event_allocator_m3_eta0p495_seededfine_cem_m3_eta0p495_seed39970012.csv
True,seeded_ic_v1,39970013,3,0.495,cem,cem_tuned_boundary,opp_m1_13000,13000,0,0,0,-0.025317,0.022748,-3.990666,9.878673,0.696418,0.7103573083877563,-0.0038209094200283,0.3516499999999999,0.354298859834671,0.032079147607701516,0.1519180834293365,0.025095544038083728,0.3556323015007513,False,qp_event_allocator_m3_eta0p495_seededfine_cem_m3_eta0p495_seed39970013.csv
True,seeded_ic_v1,39970014,3,0.495,cem,cem_tuned_boundary,opp_m1_13000,13000,0,0,0,-0.013286,-7.2e-05,-0.685841,10.046219,0.688862,0.7019621729850769,-0.0037232434842735,0.3516499999999999,0.3616777956485748,0.034986684934288644,0.1729377210140228,0.025785217670133906,0.3325573405378141,False,qp_event_allocator_m3_eta0p495_seededfine_cem_m3_eta0p495_seed39970014.csv
True,seeded_ic_v1,39970015,3,0.495,cem,cem_tuned_boundary,opp_m1_13000,13000,0,0,0,-0.011547,-0.026784,-2.268185,9.986814,0.703564,0.7172641754150391,-0.0039356565102934,0.3516499999999999,0.3550459444522857,0.031479115160019534,0.1534999012947082,0.024522020135259243,0.31917121503382917,False,qp_event_allocator_m3_eta0p495_seededfine_cem_m3_eta0p495_seed39970015.csv
True,seeded_ic_v1,39970016,3,0.495,cem,cem_tuned_boundary,opp_m1_13000,13000,0,0,0,-0.014604,0.020738,0.167111,9.785679,0.712509,0.7271519303321838,-0.0042847450822591,0.3516499999999999,0.3628542125225067,0.03169160697451743,0.1832707375288009,0.022167439360978994,0.3552057580020892,False,qp_event_allocator_m3_eta0p495_seededfine_cem_m3_eta0p495_seed39970016.csv
True,seeded_ic_v1,39970017,3,0.495,cem,cem_tuned_boundary,opp_m1_13000,13000,0,0,0,-0.023437,0.019041,-1.532504,9.775339,0.709043,0.7236949801445007,-0.0042897351086139,0.3516499999999999,0.3631714880466461,0.029616093050052274,0.1205381751060485,0.02376720739260634,0.3460645644061082,False,qp_event_allocator_m3_eta0p495_seededfine_cem_m3_eta0p495_seed39970017.csv
True,seeded_ic_v1,39970018,3,0.495,cem,cem_tuned_boundary,opp_m1_13000,13000,0,0,0,-0.010827,0.011445,-4.89053,9.998381,0.691081,0.7044677734375,-0.0035305116325616,0.3516499999999999,0.3539311289787292,0.0313237623702055,0.1409372240304947,0.023802961705546327,0.33508690323788065,False,qp_event_allocator_m3_eta0p495_seededfine_cem_m3_eta0p495_seed39970018.csv
True,seeded_ic_v1,39970019,3,0.495,cem,cem_tuned_boundary,opp_m1_13000,13000,0,0,0,0.017197,-0.023858,-2.437658,9.851837,0.71605,0.7305965423583984,-0.004294098354876,0.3516499999999999,0.3637574315071106,0.02975668899973696,0.1511338651180267,0.02395001872903208,0.293331824005499,False,qp_event_allocator_m3_eta0p495_seededfine_cem_m3_eta0p495_seed39970019.csv
True,seeded_ic_v1,39970020,3,0.495,cem,cem_tuned_boundary,opp_m1_13000,13000,0,0,0,-0.018343,-0.001696,0.277716,10.22365,0.712673,0.7256745100021362,-0.0039213583804667,0.3516499999999999,0.3679854273796081,0.0317655520146108,0.1415597051382064,0.02587748973202488,0.3367073684005815,False,qp_event_allocator_m3_eta0p495_seededfine_cem_m3_eta0p495_seed39970020.csv
True,seeded_ic_v1,39970021,3,0.495,cem,cem_tuned_boundary,opp_m1_13000,13000,0,0,0,0.008199,0.006039,2.559211,9.799888,0.706679,0.7212268710136414,-0.0040440978482365,0.3516499999999999,0.3607094585895538,0.028892893243552365,0.1585630476474762,0.023502900886483085,0.3154106516183321,False,qp_event_allocator_m3_eta0p495_seededfine_cem_m3_eta0p495_seed39970021.csv
True,seeded_ic_v1,39970022,3,0.495,cem,cem_tuned_boundary,opp_m1_13000,13000,0,0,0,-0.00918,0.013576,-3.074152,9.759628,0.707712,0.7224899530410767,-0.0042127040214836,0.3516499999999999,0.3604854643344879,0.03190790838452523,0.1542634963989257,0.022827573566535055,0.3380820494716938,False,qp_event_allocator_m3_eta0p495_seededfine_cem_m3_eta0p495_seed39970022.csv
True,seeded_ic_v1,39970023,3,0.495,cem,cem_tuned_boundary,opp_m1_13000,13000,0,0,0,0.004123,-0.005938,1.153833,10.246943,0.697707,0.7103176712989807,-0.0034334762021899,0.3516499999999999,0.3622485101222992,0.03345705533864541,0.1511573791503906,0.02358673252309925,0.31263405675409867,False,qp_event_allocator_m3_eta0p495_seededfine_cem_m3_eta0p495_seed39970023.csv
True,seeded_ic_v1,39970024,3,0.495,cem,cem_tuned_boundary,opp_m1_13000,13000,0,0,0,0.029583,-0.022781,4.576808,9.917958,0.71371,0.7279731631278992,-0.0039235805161297,0.3516499999999999,0.3622066974639892,0.03009726512788267,0.1394650638103485,0.02423247504036091,0.28095832367799595,False,qp_event_allocator_m3_eta0p495_seededfine_cem_m3_eta0p495_seed39970024.csv
True,seeded_ic_v1,39970025,3,0.495,cem,cem_tuned_boundary,opp_m1_13000,13000,0,0,0,0.022455,0.003365,-1.554349,9.860624,0.703518,0.7177567481994629,-0.0037745758891105,0.3516499999999999,0.3608278632164001,0.032661418492517164,0.1464264541864395,0.024925701820757897,0.3053513987020442,False,qp_event_allocator_m3_eta0p495_seededfine_cem_m3_eta0p495_seed39970025.csv
True,seeded_ic_v1,39970026,3,0.495,cem,cem_tuned_boundary,opp_m1_13000,13000,0,0,0,0.020261,0.022952,-0.650939,10.194758,0.716123,0.7293754816055298,-0.0039640530012547,0.3516499999999999,0.3589511513710022,0.030288877719767564,0.18084417283535,0.02249201191226742,0.32276304262343175,False,qp_event_allocator_m3_eta0p495_seededfine_cem_m3_eta0p495_seed39970026.csv
True,seeded_ic_v1,39970027,3,0.495,cem,cem_tuned_boundary,opp_m1_13000,13000,0,0,0,-0.015244,0.027421,-0.121642,10.027177,0.688902,0.7020257711410522,-0.0039614387787878,0.3516499999999999,0.3531757593154907,0.033141508194797525,0.132536768913269,0.024156342382229294,0.3419236364454806,False,qp_event_allocator_m3_eta0p495_seededfine_cem_m3_eta0p495_seed39970027.csv
True,seeded_ic_v1,39970028,3,0.495,cem,cem_tuned_boundary,opp_m1_13000,13000,0,0,0,-0.010531,-0.029034,-0.235022,10.17059,0.698113,0.7109925150871277,-0.0039041645359247,0.3516499999999999,0.3557757437229156,0.03251995435909899,0.1380231231451034,0.025291750578260327,0.3119274639130249,False,qp_event_allocator_m3_eta0p495_seededfine_cem_m3_eta0p495_seed39970028.csv
True,seeded_ic_v1,39970029,3,0.495,cem,cem_tuned_boundary,opp_m1_13000,13000,0,0,0,0.027946,0.007115,1.598453,9.937834,0.706753,0.7207038998603821,-0.0037060889881104,0.3516499999999999,0.3600330650806427,0.03027235112523637,0.1342933923006057,0.02349428869353864,0.2968430553299183,False,qp_event_allocator_m3_eta0p495_seededfine_cem_m3_eta0p495_seed39970029.csv
True,seeded_ic_v1,39970030,3,0.495,cem,cem_tuned_boundary,opp_m1_13000,13000,0,0,0,-0.019017,0.021114,-0.90911,9.951353,0.713364,0.7274171113967896,-0.0038885499816387,0.3516499999999999,0.3554522693157196,0.03025807588062632,0.1962662935256958,0.024687467869094117,0.3523185163384809,False,qp_event_allocator_m3_eta0p495_seededfine_cem_m3_eta0p495_seed39970030.csv
True,seeded_ic_v1,39980001,3,0.496,cem,cem_tuned_boundary,opp_m1_13000,13000,0,0,0,-0.007628,0.023589,-4.130601,10.219612,0.704962,0.71788090467453,-0.0035637710243463,0.3456499999999999,0.3237311542034149,0.02377722802109729,0.1813647150993347,0.021358514948934093,0.35113162292988387,True,qp_event_allocator_m3_eta0p496_seededfine_cem_m3_eta0p496_seed39980001.csv
True,seeded_ic_v1,39980002,3,0.496,cem,cem_tuned_boundary,opp_m1_13000,13000,0,0,0,-0.004537,-0.014688,-3.64652,10.088094,0.703578,0.7168552279472351,-0.0037774206139147,0.3456499999999999,0.3358542621135711,0.024130280635729286,0.1567396074533462,0.022490309542834538,0.3157516653651165,True,qp_event_allocator_m3_eta0p496_seededfine_cem_m3_eta0p496_seed39980002.csv
True,seeded_ic_v1,39980003,3,0.496,cem,cem_tuned_boundary,opp_m1_13000,13000,0,0,0,0.029176,0.023435,-4.519646,9.799664,0.716907,0.7316924333572388,-0.0041846213862299,0.3456499999999999,0.3307964503765106,0.024186600386779306,0.1842275559902191,0.021646274266161822,0.3201892407389706,True,qp_event_allocator_m3_eta0p496_seededfine_cem_m3_eta0p496_seed39980003.csv
True,seeded_ic_v1,39980004,3,0.496,cem,cem_tuned_boundary,opp_m1_13000,13000,0,0,0,-0.025062,0.028724,4.863712,9.995131,0.709291,0.7231033444404602,-0.0037419428117573,0.3456499999999999,0.3356532752513885,0.02172711745979069,0.122462086379528,0.02238102488687443,0.33867074007844533,True,qp_event_allocator_m3_eta0p496_seededfine_cem_m3_eta0p496_seed39980004.csv
True,seeded_ic_v1,39980005,3,0.496,cem,cem_tuned_boundary,opp_m1_13000,13000,0,0,0,0.027286,0.023137,1.965088,10.186573,0.688069,0.7006061673164368,-0.0035551020409911,0.3456499999999999,0.313537985086441,0.025318393905849154,0.2111773341894149,0.022192728396299002,0.3237264070132641,True,qp_event_allocator_m3_eta0p496_seededfine_cem_m3_eta0p496_seed39980005.csv
True,seeded_ic_v1,39980006,3,0.496,cem,cem_tuned_boundary,opp_m1_13000,13000,0,0,0,-0.018035,-0.005984,3.409466,9.794453,0.71767,0.7325270771980286,-0.0039458661340177,0.3456499999999999,0.3215225338935852,0.022057132144397328,0.1596481800079345,0.02065666473050485,0.34141591402088817,True,qp_event_allocator_m3_eta0p496_seededfine_cem_m3_eta0p496_seed39980006.csv
True,seeded_ic_v1,39980007,3,0.496,cem,cem_tuned_boundary,opp_m1_13000,13000,0,0,0,0.02722,-0.017875,4.005179,9.772616,0.700152,0.714485228061676,-0.0040352498181164,0.3456499999999999,0.314909964799881,0.024426822075509214,0.2082916796207428,0.020348562073429645,0.30229391449997345,True,qp_event_allocator_m3_eta0p496_seededfine_cem_m3_eta0p496_seed39980007.csv
True,seeded_ic_v1,39980008,3,0.496,cem,cem_tuned_boundary,opp_m1_13000,13000,0,0,0,-0.01633,-0.018489,3.608009,10.016764,0.685868,0.6990169882774353,-0.0037091413978487,0.3456499999999999,0.2973965406417846,0.023549154027314535,0.202739417552948,0.020678502781745187,0.34387165191821983,True,qp_event_allocator_m3_eta0p496_seededfine_cem_m3_eta0p496_seed39980008.csv
True,seeded_ic_v1,39980009,3,0.496,cem,cem_tuned_boundary,opp_m1_13000,13000,0,0,0,0.026523,-0.008774,-1.893775,9.810791,0.702783,0.7170188426971436,-0.003799632191658,0.3456499999999999,0.3307034075260162,0.02280658580858769,0.1698211282491684,0.022454519703207308,0.29227099565990183,True,qp_event_allocator_m3_eta0p496_seededfine_cem_m3_eta0p496_seed39980009.csv
True,seeded_ic_v1,39980010,3,0.496,cem,cem_tuned_boundary,opp_m1_13000,13000,0,0,0,0.02337,0.021746,-2.348036,9.808768,0.698549,0.7127801179885864,-0.004037357866764,0.3456499999999999,0.3245078027248382,0.023710909334718033,0.2010315507650375,0.022371709340201364,0.3201282401485921,True,qp_event_allocator_m3_eta0p496_seededfine_cem_m3_eta0p496_seed39980010.csv
True,seeded_ic_v1,39980011,3,0.496,cem,cem_tuned_boundary,opp_m1_13000,13000,0,0,0,-0.022512,0.017166,-4.43141,9.951087,0.705749,0.0126920845359563,-0.0005263276398181,0.3658884749278425,0.0005263276398181,1.2285973224841833e-08,0.0,0.0,0.028310093641516636,True,qp_event_allocator_m3_eta0p496_seededfine_cem_m3_eta0p496_seed39980011.csv
True,seeded_ic_v1,39980012,3,0.496,cem,cem_tuned_boundary,opp_m1_13000,13000,0,0,0,0.008749,0.02845,4.798139,10.192205,0.718254,0.731486976146698,-0.0038960629608482,0.3456499999999999,0.3392336666584015,0.0225783470835794,0.1617709547281265,0.023739900768129617,0.32575924254071925,True,qp_event_allocator_m3_eta0p496_seededfine_cem_m3_eta0p496_seed39980012.csv
True,seeded_ic_v1,39980013,3,0.496,cem,cem_tuned_boundary,opp_m1_13000,13000,0,0,0,-0.002192,0.022852,0.254833,10.028928,0.704947,0.7185046076774597,-0.0039143725298345,0.3456499999999999,0.3319008946418762,0.024528814742161512,0.1865337640047073,0.022599837530065517,0.3354858942529131,True,qp_event_allocator_m3_eta0p496_seededfine_cem_m3_eta0p496_seed39980013.csv
True,seeded_ic_v1,39980014,3,0.496,cem,cem_tuned_boundary,opp_m1_13000,13000,0,0,0,0.014226,-0.009016,3.027151,10.208686,0.714704,0.7277944684028625,-0.003923310432583,0.3456499999999999,0.33612060546875,0.021654782000241516,0.1409378200769424,0.021010254659673593,0.298900483098693,True,qp_event_allocator_m3_eta0p496_seededfine_cem_m3_eta0p496_seed39980014.csv
True,seeded_ic_v1,39980015,3,0.496,cem,cem_tuned_boundary,opp_m1_13000,13000,0,0,0,-0.01623,0.022031,3.604743,9.896061,0.684968,0.6986000537872314,-0.0038804514333605,0.3456499999999999,0.3236244320869446,0.024981759213890592,0.1717527210712433,0.022403990037045424,0.3447788721034067,True,qp_event_allocator_m3_eta0p496_seededfine_cem_m3_eta0p496_seed39980015.csv
True,seeded_ic_v1,39980016,3,0.496,cem,cem_tuned_boundary,opp_m1_13000,13000,0,0,0,-0.001,-0.008129,0.642875,10.181119,0.704675,0.7176658511161804,-0.0040072659030556,0.3456499999999999,0.3377812504768371,0.02415608809051501,0.1417474895715713,0.024010071469703232,0.3107158129564457,True,qp_event_allocator_m3_eta0p496_seededfine_cem_m3_eta0p496_seed39980016.csv
True,seeded_ic_v1,39980017,3,0.496,cem,cem_tuned_boundary,opp_m1_13000,13000,0,0,0,-0.014812,0.005523,-2.457849,10.107736,0.700166,0.7133939266204834,-0.0036431811749935,0.3456499999999999,0.3282740712165832,0.0239550187479864,0.1807079315185547,0.022784568423292288,0.33955107286500646,True,qp_event_allocator_m3_eta0p496_seededfine_cem_m3_eta0p496_seed39980017.csv
True,seeded_ic_v1,39980018,3,0.496,cem,cem_tuned_boundary,opp_m1_13000,13000,0,0,0,0.007307,-0.004,-2.008541,9.86677,0.70846,0.7227502465248108,-0.0039917267858982,0.3456499999999999,0.3369344770908355,0.02388093605149678,0.162667229771614,0.022574424992005786,0.3123969894518769,True,qp_event_allocator_m3_eta0p496_seededfine_cem_m3_eta0p496_seed39980018.csv
True,seeded_ic_v1,39980019,3,0.496,cem,cem_tuned_boundary,opp_m1_13000,13000,0,0,0,-0.024513,0.004447,-2.068314,10.072644,0.718543,0.7323623299598694,-0.0038618023972958,0.3456499999999999,0.3333892226219177,0.023307599291672063,0.1801135092973709,0.022529815769163474,0.34841199667080447,True,qp_event_allocator_m3_eta0p496_seededfine_cem_m3_eta0p496_seed39980019.csv
True,seeded_ic_v1,39980020,3,0.496,cem,cem_tuned_boundary,opp_m1_13000,13000,0,0,0,0.013707,0.009168,1.253282,10.084381,0.691922,0.7050572633743286,-0.00370734767057,0.3456499999999999,0.3275487422943115,0.024903044713606645,0.1600286811590194,0.023397363878398185,0.30970104130886855,True,qp_event_allocator_m3_eta0p496_seededfine_cem_m3_eta0p496_seed39980020.csv
True,seeded_ic_v1,39980021,3,0.496,cem,cem_tuned_boundary,opp_m1_13000,13000,0,0,0,0.000227,0.015007,-0.33975,10.023863,0.68821,0.7005934119224548,-0.0036235502921044,0.3456499999999999,0.309518963098526,0.021131589600498293,0.1237701773643493,0.019998824161841035,0.33123355655129405,True,qp_event_allocator_m3_eta0p496_seededfine_cem_m3_eta0p496_seed39980021.csv
True,seeded_ic_v1,39980022,3,0.496,cem,cem_tuned_boundary,opp_m1_13000,13000,0,0,0,-0.011924,-0.014496,0.244227,10.219818,0.716662,0.012683305889368,-0.0005219430313445,0.3658890016466378,0.0005219430313445,4.368370932867413e-09,0.0,0.0,0.018770074360407833,True,qp_event_allocator_m3_eta0p496_seededfine_cem_m3_eta0p496_seed39980022.csv
True,seeded_ic_v1,39980023,3,0.496,cem,cem_tuned_boundary,opp_m1_13000,13000,0,0,0,0.005215,0.023889,3.78337,9.759571,0.697993,0.7124279737472534,-0.0039531118236482,0.3456499999999999,0.3316918313503265,0.025067176758263067,0.184151753783226,0.02237481630234143,0.33030112622415003,True,qp_event_allocator_m3_eta0p496_seededfine_cem_m3_eta0p496_seed39980023.csv
True,seeded_ic_v1,39980024,3,0.496,cem,cem_tuned_boundary,opp_m1_13000,13000,0,0,0,-0.000239,-0.003771,-4.923354,9.7559,0.682618,0.6967172622680664,-0.0039937389083206,0.3456499999999999,0.3299053907394409,0.027806421602753817,0.1810511946678161,0.025335295020869567,0.32102544261841176,True,qp_event_allocator_m3_eta0p496_seededfine_cem_m3_eta0p496_seed39980024.csv
True,seeded_ic_v1,39980025,3,0.496,cem,cem_tuned_boundary,opp_m1_13000,13000,0,0,0,0.010583,0.006379,-1.170862,9.968081,0.680226,0.6934249401092529,-0.0039695943705737,0.3456499999999999,0.3235717117786407,0.02730256364804513,0.1901171505451202,0.023257173622158095,0.3203940562909341,True,qp_event_allocator_m3_eta0p496_seededfine_cem_m3_eta0p496_seed39980025.csv
True,seeded_ic_v1,39980026,3,0.496,cem,cem_tuned_boundary,opp_m1_13000,13000,0,0,0,0.014805,-0.026097,-3.669699,10.037832,0.682432,0.6954355835914612,-0.0035167236346751,0.3456499999999999,0.3096784353256225,0.025602408381744553,0.2261970937252044,0.020937958256110514,0.30802458023871876,True,qp_event_allocator_m3_eta0p496_seededfine_cem_m3_eta0p496_seed39980026.csv
True,seeded_ic_v1,39980027,3,0.496,cem,cem_tuned_boundary,opp_m1_13000,13000,0,0,0,-0.007746,-0.003135,-3.898806,9.767015,0.700233,0.7145665884017944,-0.0040389019995927,0.3456499999999999,0.3204468786716461,0.031100509000268364,0.280963122844696,0.020417030278955296,0.3614857637398011,True,qp_event_allocator_m3_eta0p496_seededfine_cem_m3_eta0p496_seed39980027.csv
True,seeded_ic_v1,39980028,3,0.496,cem,cem_tuned_boundary,opp_m1_13000,13000,0,0,0,0.021681,0.028554,2.312054,9.775554,0.690601,0.7048879861831665,-0.0038914131000638,0.3456499999999999,0.3273184895515442,0.026014857253938085,0.1716199815273285,0.021989062748683372,0.3193390134325413,True,qp_event_allocator_m3_eta0p496_seededfine_cem_m3_eta0p496_seed39980028.csv
True,seeded_ic_v1,39980029,3,0.496,cem,cem_tuned_boundary,opp_m1_13000,13000,0,0,0,-0.003532,-0.009711,4.635475,10.163461,0.681373,0.6939356327056885,-0.0035066530108451,0.3456499999999999,0.3294655978679657,0.0251013093825297,0.1378731578588485,0.0244379994007373,0.3109011912406669,True,qp_event_allocator_m3_eta0p496_seededfine_cem_m3_eta0p496_seed39980029.csv
True,seeded_ic_v1,39980030,3,0.496,cem,cem_tuned_boundary,opp_m1_13000,13000,0,0,0,-0.020766,0.0256,0.728497,9.954899,0.693393,0.7069447636604309,-0.0035701354499906,0.3456499999999999,0.3356794118881225,0.024578812946019834,0.1403296440839767,0.022418112934324094,0.3435515815182789,True,qp_event_allocator_m3_eta0p496_seededfine_cem_m3_eta0p496_seed39980030.csv
True,seeded_ic_v1,39990001,3,0.497,cem,cem_tuned_boundary,opp_m1_13000,13000,0,0,0,-0.006611,0.021657,-1.936545,10.132051,0.716771,0.7304240465164185,-0.0039153941906988,0.3396499999999999,0.3100724220275879,0.02164476127102161,0.0649143233895301,0.020463055577605558,0.3430867667529818,True,qp_event_allocator_m3_eta0p497_seededfine_cem_m3_eta0p497_seed39990001.csv
True,seeded_ic_v1,39990002,3,0.497,cem,cem_tuned_boundary,opp_m1_13000,13000,0,0,0,-0.004668,-0.024479,-4.286537,9.990906,0.70034,0.7138707041740417,-0.0037761132698506,0.3396499999999999,0.2957494258880615,0.021671104617402334,0.0731980502605438,0.020351653933208813,0.31897933808353196,True,qp_event_allocator_m3_eta0p497_seededfine_cem_m3_eta0p497_seed39990002.csv
True,seeded_ic_v1,39990003,3,0.497,cem,cem_tuned_boundary,opp_m1_13000,13000,0,0,0,0.008175,0.001023,3.972422,10.027108,0.69894,0.7123008966445923,-0.0038211040664464,0.3396499999999999,0.2895594239234924,0.022006863090314324,0.0877933204174041,0.020145213159529364,0.3256376864716893,True,qp_event_allocator_m3_eta0p497_seededfine_cem_m3_eta0p497_seed39990003.csv
True,seeded_ic_v1,39990004,3,0.497,cem,cem_tuned_boundary,opp_m1_13000,13000,0,0,0,0.022988,-0.023693,4.383039,9.77117,0.714865,0.729712724685669,-0.0040485141798853,0.3396499999999999,0.3033190071582794,0.022148866667310887,0.0800632685422897,0.018354827442399642,0.30341785091088547,True,qp_event_allocator_m3_eta0p497_seededfine_cem_m3_eta0p497_seed39990004.csv
True,seeded_ic_v1,39990005,3,0.497,cem,cem_tuned_boundary,opp_m1_13000,13000,0,0,0,0.019617,0.023439,-0.164469,9.812607,0.690306,0.7042824029922485,-0.0039478810504078,0.3396499999999999,0.2948238551616668,0.022726409668733523,0.1155902743339538,0.019595136753187397,0.33276664306495546,True,qp_event_allocator_m3_eta0p497_seededfine_cem_m3_eta0p497_seed39990005.csv
True,seeded_ic_v1,39990006,3,0.497,cem,cem_tuned_boundary,opp_m1_13000,13000,0,0,0,0.00289,-0.018617,-4.639909,9.87634,0.681851,0.6954845786094666,-0.0036599999293684,0.3396499999999999,0.2837353348731994,0.021989841174606506,0.11257154494524,0.020266045104451905,0.3220940035777538,True,qp_event_allocator_m3_eta0p497_seededfine_cem_m3_eta0p497_seed39990006.csv
True,seeded_ic_v1,39990007,3,0.497,cem,cem_tuned_boundary,opp_m1_13000,13000,0,0,0,0.023735,0.028658,0.667199,9.905634,0.699313,0.7132627367973328,-0.0038140672259032,0.3396499999999999,0.3029685020446777,0.021890078159899372,0.0814749374985694,0.019465096351749554,0.3261617233844909,True,qp_event_allocator_m3_eta0p497_seededfine_cem_m3_eta0p497_seed39990007.csv
True,seeded_ic_v1,39990008,3,0.497,cem,cem_tuned_boundary,opp_m1_13000,13000,0,0,0,-0.021477,-0.028647,0.884289,9.856251,0.709891,0.7242390513420105,-0.0040524862706661,0.3396499999999999,0.3004738390445709,0.021813333599670116,0.0810582637786865,0.020455504588047485,0.3373242210151755,True,qp_event_allocator_m3_eta0p497_seededfine_cem_m3_eta0p497_seed39990008.csv
True,seeded_ic_v1,39990009,3,0.497,cem,cem_tuned_boundary,opp_m1_13000,13000,0,0,0,-0.013798,-0.020187,1.695116,10.167123,0.693857,0.7066475749015808,-0.0035372045822441,0.3396499999999999,0.2854966223239898,0.0247470006769886,0.1386605948209762,0.019895012574439493,0.35570965023673085,True,qp_event_allocator_m3_eta0p497_seededfine_cem_m3_eta0p497_seed39990009.csv
True,seeded_ic_v1,39990010,3,0.497,cem,cem_tuned_boundary,opp_m1_13000,13000,0,0,0,-0.010889,-0.011849,-1.437241,9.878838,0.691391,0.7052467465400696,-0.0039196326397359,0.3396499999999999,0.2836380898952484,0.021143649264903593,0.0807868391275405,0.02009090857383205,0.33850600837405675,True,qp_event_allocator_m3_eta0p497_seededfine_cem_m3_eta0p497_seed39990010.csv
True,seeded_ic_v1,39990011,3,0.497,cem,cem_tuned_boundary,opp_m1_13000,13000,0,0,0,-0.017783,-0.005843,-4.485672,10.152149,0.709866,0.7231706380844116,-0.0038932946044951,0.3396499999999999,0.2931380271911621,0.020445475842448976,0.044860515743494,0.017691937527259914,0.33074789064387017,True,qp_event_allocator_m3_eta0p497_seededfine_cem_m3_eta0p497_seed39990011.csv
True,seeded_ic_v1,39990012,3,0.497,cem,cem_tuned_boundary,opp_m1_13000,13000,0,0,0,0.00699,0.001871,2.895156,9.808823,0.709896,0.7245267033576965,-0.0040065795183181,0.3396499999999999,0.3034523725509643,0.021328219692936582,0.0706921517848968,0.019376649128133843,0.3167851075426935,True,qp_event_allocator_m3_eta0p497_seededfine_cem_m3_eta0p497_seed39990012.csv
True,seeded_ic_v1,39990013,3,0.497,cem,cem_tuned_boundary,opp_m1_13000,13000,0,0,0,0.000195,0.01456,-2.118898,9.76613,0.697876,0.7121464610099792,-0.0039869914762675,0.3396499999999999,0.2940302789211273,0.0211379504328289,0.0592181049287319,0.020497179919742318,0.3326288742009541,True,qp_event_allocator_m3_eta0p497_seededfine_cem_m3_eta0p497_seed39990013.csv
True,seeded_ic_v1,39990014,3,0.497,cem,cem_tuned_boundary,opp_m1_13000,13000,0,0,0,0.019645,0.025296,-0.843848,9.815179,0.706833,0.7213057279586792,-0.0040392577648162,0.3396499999999999,0.3050921261310577,0.021387022013998013,0.0887788608670234,0.01959631958504959,0.32733453476611657,True,qp_event_allocator_m3_eta0p497_seededfine_cem_m3_eta0p497_seed39990014.csv
True,seeded_ic_v1,39990015,3,0.497,cem,cem_tuned_boundary,opp_m1_13000,13000,0,0,0,0.013335,0.018725,-0.028605,9.822007,0.715973,0.7305328249931335,-0.0043435655534267,0.3396499999999999,0.2940555810928345,0.022864691332858584,0.092589221894741,0.019443969220104447,0.3459386822520757,True,qp_event_allocator_m3_eta0p497_seededfine_cem_m3_eta0p497_seed39990015.csv
True,seeded_ic_v1,39990016,3,0.497,cem,cem_tuned_boundary,opp_m1_13000,13000,0,0,0,-0.003676,0.007207,-1.47183,9.91916,0.680574,0.6939818859100342,-0.0037759747356176,0.3396499999999999,0.2876340746879577,0.021840939452494088,0.10483019053936,0.01919217372178815,0.33847542670257424,True,qp_event_allocator_m3_eta0p497_seededfine_cem_m3_eta0p497_seed39990016.csv
True,seeded_ic_v1,39990017,3,0.497,cem,cem_tuned_boundary,opp_m1_13000,13000,0,0,0,0.01978,-0.014475,1.146962,9.867972,0.684171,0.6978140473365784,-0.0036341536324471,0.3396499999999999,0.2818262279033661,0.02414922109103861,0.1451094150543213,0.01914413058990834,0.32469644606956044,True,qp_event_allocator_m3_eta0p497_seededfine_cem_m3_eta0p497_seed39990017.csv
True,seeded_ic_v1,39990018,3,0.497,cem,cem_tuned_boundary,opp_m1_13000,13000,0,0,0,-0.013391,0.005034,-2.669339,9.780814,0.697998,0.7118677496910095,-0.0038031267467886,0.3396499999999999,0.3014039993286133,0.019100513845900648,0.1113559305667877,0.020614126892828172,0.3232345539628698,True,qp_event_allocator_m3_eta0p497_seededfine_cem_m3_eta0p497_seed39990018.csv
True,seeded_ic_v1,39990019,3,0.497,cem,cem_tuned_boundary,opp_m1_13000,13000,0,0,0,0.015801,-0.00902,3.60728,9.874319,0.694284,0.7082910537719727,-0.0039019465912133,0.3396499999999999,0.2741290032863617,0.026488716310989025,0.1971577554941177,0.01855843931397765,0.3569448883688297,True,qp_event_allocator_m3_eta0p497_seededfine_cem_m3_eta0p497_seed39990019.csv
True,seeded_ic_v1,39990020,3,0.497,cem,cem_tuned_boundary,opp_m1_13000,13000,0,0,0,-0.015349,-0.027037,-4.016924,9.916597,0.69466,0.7084972858428955,-0.0041466313414275,0.3396499999999999,0.2919622957706451,0.022225877931573563,0.0983329638838768,0.01932186635062755,0.32986835427406586,True,qp_event_allocator_m3_eta0p497_seededfine_cem_m3_eta0p497_seed39990020.csv
True,seeded_ic_v1,39990021,3,0.497,cem,cem_tuned_boundary,opp_m1_13000,13000,0,0,0,-0.004821,-0.0149,-2.654269,9.78566,0.703772,0.718326985836029,-0.0039249937981367,0.3396499999999999,0.2983778417110443,0.02042281014987262,0.058279599994421,0.019598442644821173,0.32025259017112745,True,qp_event_allocator_m3_eta0p497_seededfine_cem_m3_eta0p497_seed39990021.csv
True,seeded_ic_v1,39990022,3,0.497,cem,cem_tuned_boundary,opp_m1_13000,13000,0,0,0,0.02304,-0.006359,-2.150249,9.817107,0.712451,0.7271915078163147,-0.0041180816479027,0.3396499999999999,0.3155445158481598,0.023780129236685342,0.0773051232099533,0.021075286127303073,0.3102569597953087,True,qp_event_allocator_m3_eta0p497_seededfine_cem_m3_eta0p497_seed39990022.csv
True,seeded_ic_v1,39990023,3,0.497,cem,cem_tuned_boundary,opp_m1_13000,13000,0,0,0,0.023145,-0.0105,1.301903,9.788364,0.687813,0.7019248008728027,-0.0039595272392034,0.3396499999999999,0.2924573421478271,0.01996891628954474,0.0868199244141578,0.02094847399412176,0.29499973358670806,True,qp_event_allocator_m3_eta0p497_seededfine_cem_m3_eta0p497_seed39990023.csv
True,seeded_ic_v1,39990024,3,0.497,cem,cem_tuned_boundary,opp_m1_13000,13000,0,0,0,0.017516,-0.029671,-0.543306,9.91549,0.716827,0.7311733365058899,-0.0040241214446723,0.3396499999999999,0.2993189394474029,0.01981690135012055,0.0616212897002697,0.019351113399103465,0.2926284873862264,True,qp_event_allocator_m3_eta0p497_seededfine_cem_m3_eta0p497_seed39990024.csv
True,seeded_ic_v1,39990025,3,0.497,cem,cem_tuned_boundary,opp_m1_13000,13000,0,0,0,-0.023963,0.023587,3.377952,9.970625,0.709951,0.7238293290138245,-0.0041421027854084,0.3396499999999999,0.3098157048225403,0.020982381536773093,0.0766113623976707,0.020119047683302815,0.3544692336068891,True,qp_event_allocator_m3_eta0p497_seededfine_cem_m3_eta0p497_seed39990025.csv
True,seeded_ic_v1,39990026,3,0.497,cem,cem_tuned_boundary,opp_m1_13000,13000,0,0,0,0.000883,-0.000342,2.543625,10.009759,0.683468,0.6965785622596741,-0.0035754742566496,0.3396499999999999,0.2904441356658935,0.021388919494283953,0.0995739325881004,0.01961368660068475,0.32573482830341993,True,qp_event_allocator_m3_eta0p497_seededfine_cem_m3_eta0p497_seed39990026.csv
True,seeded_ic_v1,39990027,3,0.497,cem,cem_tuned_boundary,opp_m1_13000,13000,0,0,0,-0.010889,0.009627,2.231043,10.073769,0.714596,0.7281206846237183,-0.0040641892701387,0.3396499999999999,0.3035081624984741,0.022255978221267608,0.0892595127224922,0.019322142553302068,0.3454707809931789,True,qp_event_allocator_m3_eta0p497_seededfine_cem_m3_eta0p497_seed39990027.csv
True,seeded_ic_v1,39990028,3,0.497,cem,cem_tuned_boundary,opp_m1_13000,13000,0,0,0,-0.022112,0.00758,2.245149,10.150632,0.717044,0.7303601503372192,-0.0041063111275434,0.3396499999999999,0.3038803935050964,0.020854168704967143,0.0661089420318603,0.01848252237068098,0.3484068063027336,True,qp_event_allocator_m3_eta0p497_seededfine_cem_m3_eta0p497_seed39990028.csv
True,seeded_ic_v1,39990029,3,0.497,cem,cem_tuned_boundary,opp_m1_13000,13000,0,0,0,0.01303,-0.015657,-1.033269,9.774936,0.704821,0.7194660902023315,-0.0042159087024629,0.3396499999999999,0.3029380142688751,0.021221207238565885,0.0855125561356544,0.021010453011243834,0.30707049179053275,True,qp_event_allocator_m3_eta0p497_seededfine_cem_m3_eta0p497_seed39990029.csv
True,seeded_ic_v1,39990030,3,0.497,cem,cem_tuned_boundary,opp_m1_13000,13000,0,0,0,-0.024202,0.018995,2.570155,10.015471,0.718332,0.7322969436645508,-0.0039904438890516,0.3396499999999999,0.3081180453300476,0.02071214421090645,0.0528284013271331,0.020323928175552425,0.34925239842532774,True,qp_event_allocator_m3_eta0p497_seededfine_cem_m3_eta0p497_seed39990030.csv
True,seeded_ic_v1,40000001,3,0.498,cem,cem_tuned_boundary,opp_m1_12000,12000,0,0,0,0.019341,-0.008423,-2.975313,10.207324,0.694124,0.7068896889686584,-0.0037857715506106,0.3356,0.2761367857456207,0.01621295571388293,0.066323198378086,0.02099400542304743,0.2703866201625076,True,qp_event_allocator_m3_eta0p498_seededfine_cem_m3_eta0p498_seed40000001.csv
True,seeded_ic_v1,40000002,3,0.498,cem,cem_tuned_boundary,opp_m1_12000,12000,0,0,0,0.026268,0.004519,4.713341,10.197626,0.694824,0.7075533866882324,-0.0035535900387912,0.3356,0.2789172828197479,0.01610116474535965,0.0708726793527603,0.02127964168217329,0.27324882454883886,True,qp_event_allocator_m3_eta0p498_seededfine_cem_m3_eta0p498_seed40000002.csv
True,seeded_ic_v1,40000003,3,0.498,cem,cem_tuned_boundary,opp_m1_12000,12000,0,0,0,0.028689,-0.029253,1.675187,9.853695,0.69428,0.708162248134613,-0.0041699637658894,0.3356,0.2683734595775604,0.01817733970988464,0.0671040341258049,0.01903748699734565,0.2703123211429164,True,qp_event_allocator_m3_eta0p498_seededfine_cem_m3_eta0p498_seed40000003.csv
True,seeded_ic_v1,40000004,3,0.498,cem,cem_tuned_boundary,opp_m1_12000,12000,0,0,0,-0.005842,-0.002062,1.68383,9.940142,0.706031,0.7200157642364502,-0.0039491821080446,0.3356,0.279013454914093,0.017376396821868926,0.0547931008040905,0.020462986453160387,0.30387806343298185,True,qp_event_allocator_m3_eta0p498_seededfine_cem_m3_eta0p498_seed40000004.csv
True,seeded_ic_v1,40000005,3,0.498,cem,cem_tuned_boundary,opp_m1_12000,12000,0,0,0,0.027607,-0.014519,-1.909884,10.123086,0.681947,0.6946754455566406,-0.0034878298174589,0.3356,0.2667359411716461,0.0159859344613259,0.0747951492667198,0.020573843216384148,0.26278666187570726,True,qp_event_allocator_m3_eta0p498_seededfine_cem_m3_eta0p498_seed40000005.csv
True,seeded_ic_v1,40000006,3,0.498,cem,cem_tuned_boundary,opp_m1_12000,12000,0,0,0,-0.025491,0.023006,3.664332,9.822058,0.700022,0.7143948078155518,-0.0039782198145985,0.3356,0.2815821468830108,0.017096298100212428,0.0325431935489177,0.020155768375669753,0.332420377713421,True,qp_event_allocator_m3_eta0p498_seededfine_cem_m3_eta0p498_seed40000006.csv
True,seeded_ic_v1,40000007,3,0.498,cem,cem_tuned_boundary,opp_m1_12000,12000,0,0,0,0.004843,-0.001064,-1.254029,9.916618,0.706854,0.7208807468414307,-0.0037470762617886,0.3356,0.2726868987083435,0.01740645584021477,0.0313949584960937,0.020956050930612084,0.3014005183864063,True,qp_event_allocator_m3_eta0p498_seededfine_cem_m3_eta0p498_seed40000007.csv
True,seeded_ic_v1,40000008,3,0.498,cem,cem_tuned_boundary,opp_m1_12000,12000,0,0,0,-0.012481,0.022499,1.739756,9.78561,0.699741,0.7142215967178345,-0.0039510708302259,0.3356,0.2858651578426361,0.015852750116916364,0.097182422876358,0.0204145958974482,0.30751861000652597,True,qp_event_allocator_m3_eta0p498_seededfine_cem_m3_eta0p498_seed40000008.csv
True,seeded_ic_v1,40000009,3,0.498,cem,cem_tuned_boundary,opp_m1_12000,12000,0,0,0,0.027185,-0.011813,-3.55059,9.783127,0.712799,0.7275445461273193,-0.0043154302984476,0.3356,0.2839362323284149,0.01801715790838412,0.0402468480169773,0.02035022944066459,0.273144357208817,True,qp_event_allocator_m3_eta0p498_seededfine_cem_m3_eta0p498_seed40000009.csv
True,seeded_ic_v1,40000010,3,0.498,cem,cem_tuned_boundary,opp_m1_12000,12000,0,0,0,-0.02187,-0.021506,-1.480421,10.168134,0.69741,0.7102941870689392,-0.0036739013157784,0.3356,0.2737215161323547,0.018288801187783452,0.0612944699823856,0.020090798585378104,0.3169110329232398,True,qp_event_allocator_m3_eta0p498_seededfine_cem_m3_eta0p498_seed40000010.csv
True,seeded_ic_v1,40000011,3,0.498,cem,cem_tuned_boundary,opp_m1_12000,12000,0,0,0,0.027232,0.009874,-4.793773,10.114386,0.713539,0.727104902267456,-0.0038937204517424,0.3356,0.2660460174083709,0.015931599138449194,0.0321844331920146,0.01653967256127625,0.2889593082946474,True,qp_event_allocator_m3_eta0p498_seededfine_cem_m3_eta0p498_seed40000011.csv
True,seeded_ic_v1,40000012,3,0.498,cem,cem_tuned_boundary,opp_m1_12000,12000,0,0,0,-0.00823,-0.028774,2.770585,10.146636,0.692043,0.7050832509994507,-0.0037114364095032,0.3356,0.2695534229278564,0.016991345829795466,0.0348383300006389,0.02017812541481706,0.290347702501375,True,qp_event_allocator_m3_eta0p498_seededfine_cem_m3_eta0p498_seed40000012.csv
True,seeded_ic_v1,40000013,3,0.498,cem,cem_tuned_boundary,opp_m1_12000,12000,0,0,0,-0.013281,0.000213,-1.825662,10.125804,0.71699,0.7304006218910217,-0.0037256598006933,0.3356,0.2652715146541595,0.017873566987714837,0.0801779478788375,0.01863500675911232,0.33009982170558383,True,qp_event_allocator_m3_eta0p498_seededfine_cem_m3_eta0p498_seed40000013.csv
True,seeded_ic_v1,40000014,3,0.498,cem,cem_tuned_boundary,opp_m1_12000,12000,0,0,0,-0.006495,0.007673,0.897892,9.848635,0.713022,0.7275683879852295,-0.004183046054095,0.3356,0.267571210861206,0.017819356817087746,0.0659766122698783,0.018876416132864605,0.3278998574862469,True,qp_event_allocator_m3_eta0p498_seededfine_cem_m3_eta0p498_seed40000014.csv
True,seeded_ic_v1,40000015,3,0.498,cem,cem_tuned_boundary,opp_m1_12000,12000,0,0,0,-0.019857,0.015017,-3.390024,9.824128,0.707985,0.7224889993667603,-0.0039540212601423,0.3356,0.2745344042778015,0.0179790800915608,0.0527898631989955,0.02111076902671146,0.3291126649717907,True,qp_event_allocator_m3_eta0p498_seededfine_cem_m3_eta0p498_seed40000015.csv
True,seeded_ic_v1,40000016,3,0.498,cem,cem_tuned_boundary,opp_m1_12000,12000,0,0,0,-0.017336,0.028196,2.995357,10.110335,0.699893,0.7130464315414429,-0.0038013802841305,0.3356,0.2682993412017822,0.017154751767433057,0.0418037474155426,0.021171106953572962,0.3327768993928535,True,qp_event_allocator_m3_eta0p498_seededfine_cem_m3_eta0p498_seed40000016.csv
True,seeded_ic_v1,40000017,3,0.498,cem,cem_tuned_boundary,opp_m1_12000,12000,0,0,0,-0.005812,0.028437,-1.200985,10.191646,0.68959,0.7021580934524536,-0.0036437208764255,0.3356,0.2672114074230194,0.01622414396389409,0.0572906509041786,0.019900782256384048,0.31801372531986105,True,qp_event_allocator_m3_eta0p498_seededfine_cem_m3_eta0p498_seed40000017.csv
True,seeded_ic_v1,40000018,3,0.498,cem,cem_tuned_boundary,opp_m1_12000,12000,0,0,0,-0.008367,-0.017547,-0.62741,9.862151,0.703204,0.7173352837562561,-0.004247014876455,0.3356,0.2657546997070312,0.020547130895960216,0.1160119622945785,0.020939798818701307,0.32743940811241623,True,qp_event_allocator_m3_eta0p498_seededfine_cem_m3_eta0p498_seed40000018.csv
True,seeded_ic_v1,40000019,3,0.498,cem,cem_tuned_boundary,opp_m1_12000,12000,0,0,0,-0.023944,0.016762,1.41768,10.08643,0.701031,0.7142373323440552,-0.0040429094806313,0.3356,0.2870431840419769,0.017771373643051862,0.0283535011112689,0.020285699108230144,0.328746095203364,True,qp_event_allocator_m3_eta0p498_seededfine_cem_m3_eta0p498_seed40000019.csv
True,seeded_ic_v1,40000020,3,0.498,cem,cem_tuned_boundary,opp_m1_12000,12000,0,0,0,0.015018,0.009692,0.13058,9.918006,0.7164,0.7307584881782532,-0.004018135368824,0.3356,0.1435201168060302,0.007853591019027452,0.4468341469764709,0.0023825422786511456,0.4936589010725517,True,qp_event_allocator_m3_eta0p498_seededfine_cem_m3_eta0p498_seed40000020.csv
True,seeded_ic_v1,40000021,3,0.498,cem,cem_tuned_boundary,opp_m1_12000,12000,0,0,0,-0.017891,-0.016612,3.961188,9.922216,0.702611,0.7163480520248413,-0.0037419667933136,0.3356,0.272181749343872,0.017675850402459392,0.0560446418821811,0.020351847385413954,0.31289055036286073,True,qp_event_allocator_m3_eta0p498_seededfine_cem_m3_eta0p498_seed40000021.csv
True,seeded_ic_v1,40000022,3,0.498,cem,cem_tuned_boundary,opp_m1_12000,12000,0,0,0,-0.016212,0.022537,3.45869,10.167966,0.698101,0.710979163646698,-0.0038137347437441,0.3356,0.2718855142593384,0.016097704792634483,0.0439283810555934,0.018727056602537942,0.3216947289961329,True,qp_event_allocator_m3_eta0p498_seededfine_cem_m3_eta0p498_seed40000022.csv
True,seeded_ic_v1,40000023,3,0.498,cem,cem_tuned_boundary,opp_m1_13000,13000,0,0,0,-0.016321,-0.023188,-0.015621,10.212464,0.680218,0.0,0.0,0.3546499999999999,0.0,0.0,0.0,0.0,0.0,True,qp_event_allocator_m3_eta0p498_seededfine_cem_m3_eta0p498_seed40000023.csv
True,seeded_ic_v1,40000024,3,0.498,cem,cem_tuned_boundary,opp_m1_12000,12000,0,0,0,-0.023582,0.000976,3.746604,10.01685,0.719349,0.7332872748374939,-0.0041789570823311,0.3356,0.2739470601081848,0.017731695085274137,0.0493115521967411,0.018910701029307645,0.331776649406838,True,qp_event_allocator_m3_eta0p498_seededfine_cem_m3_eta0p498_seed40000024.csv
True,seeded_ic_v1,40000025,3,0.498,cem,cem_tuned_boundary,opp_m1_12000,12000,0,0,0,0.000156,0.014568,-1.858429,10.21817,0.680544,0.6928864121437073,-0.003717514919117,0.3356,0.2611032128334045,0.019360837734765036,0.0903749614953994,0.019085681754768956,0.3261376243767784,True,qp_event_allocator_m3_eta0p498_seededfine_cem_m3_eta0p498_seed40000025.csv
True,seeded_ic_v1,40000026,3,0.498,cem,cem_tuned_boundary,opp_m1_12000,12000,0,0,0,0.025444,-0.015456,-1.558032,10.173025,0.689169,0.7017933130264282,-0.0035952671896666,0.3356,0.2759560644626617,0.018357751300840882,0.0915769711136818,0.022599920731997816,0.27711685794283847,True,qp_event_allocator_m3_eta0p498_seededfine_cem_m3_eta0p498_seed40000026.csv
True,seeded_ic_v1,40000027,3,0.498,cem,cem_tuned_boundary,opp_m1_12000,12000,0,0,0,-0.010225,0.021793,-2.18144,9.848078,0.696691,0.710792601108551,-0.0040135229937732,0.3356,0.2819282412528991,0.016932293411111417,0.0542883574962616,0.020326691524128554,0.3197732056289534,True,qp_event_allocator_m3_eta0p498_seededfine_cem_m3_eta0p498_seed40000027.csv
True,seeded_ic_v1,40000028,3,0.498,cem,cem_tuned_boundary,opp_m1_12000,12000,0,0,0,-0.011487,0.025651,-1.681886,9.928275,0.682923,0.6964709758758545,-0.0039206598885357,0.3356,0.2727881968021393,0.017721859345717256,0.0786942392587661,0.021353730256015294,0.3299957694484685,True,qp_event_allocator_m3_eta0p498_seededfine_cem_m3_eta0p498_seed40000028.csv
True,seeded_ic_v1,40000029,3,0.498,cem,cem_tuned_boundary,opp_m1_12000,12000,0,0,0,-0.00256,-0.023343,-0.469737,9.90989,0.709091,0.7232096195220947,-0.0039273239672183,0.3356,0.2705534994602203,0.016987325477340633,0.0380251370370388,0.0189057781428826,0.29679623098755087,True,qp_event_allocator_m3_eta0p498_seededfine_cem_m3_eta0p498_seed40000029.csv
True,seeded_ic_v1,40000030,3,0.498,cem,cem_tuned_boundary,opp_m1_12000,12000,0,0,0,0.009627,6.9e-05,1.263785,9.998252,0.680689,0.6938070058822632,-0.0035105634015053,0.3356,0.2724092304706573,0.01644576943288637,0.0669504180550575,0.021570016584640948,0.28557217370448207,True,qp_event_allocator_m3_eta0p498_seededfine_cem_m3_eta0p498_seed40000030.csv
True,seeded_ic_v1,49940001,4,0.492,cem,cem_tuned_boundary,opp_m2_12000,0,12000,0,0,0.019847,-0.004275,3.767174,9.977294,0.705879,0.7196106314659119,-0.0037151356227695,0.3716,0.4512191116809845,0.03285477224072833,0.122277058660984,0.026838229931639094,0.3124590281529336,False,qp_event_allocator_m4_eta0p492_seededfine_cem_m4_eta0p492_seed49940001.csv
True,seeded_ic_v1,49940002,4,0.492,cem,cem_tuned_boundary,opp_m2_12000,0,12000,0,0,-0.011284,-0.017002,-0.984736,9.787884,0.706604,0.7211781740188599,-0.0042061158455908,0.3716,0.454513281583786,0.03261407917306999,0.1037255376577377,0.02592230333717006,0.27677500749830825,False,qp_event_allocator_m4_eta0p492_seededfine_cem_m4_eta0p492_seed49940002.csv
True,seeded_ic_v1,49940003,4,0.492,cem,cem_tuned_boundary,opp_m2_12000,0,12000,0,0,-0.006077,0.006828,4.664753,9.808825,0.695148,0.7092864513397217,-0.0039828936569392,0.3716,0.4490576386451721,0.03421119189949242,0.1383219808340072,0.02742496505911028,0.3031557838495804,False,qp_event_allocator_m4_eta0p492_seededfine_cem_m4_eta0p492_seed49940003.csv
True,seeded_ic_v1,49940004,4,0.492,cem,cem_tuned_boundary,opp_m2_12000,0,12000,0,0,0.006272,-0.005419,-2.040451,10.109267,0.700585,0.7138049006462097,-0.0035450542345643,0.3716,0.4439081847667694,0.034880646510859155,0.1503151059150695,0.02890021646806417,0.3046031426837345,False,qp_event_allocator_m4_eta0p492_seededfine_cem_m4_eta0p492_seed49940004.csv
True,seeded_ic_v1,49940005,4,0.492,cem,cem_tuned_boundary,opp_m2_12000,0,12000,0,0,0.013377,0.004703,2.747586,9.819142,0.709792,0.7243779301643372,-0.0039395210333168,0.3716,0.4523635506629944,0.03372452974171304,0.1725823283195495,0.026969181027026834,0.3212190393173025,False,qp_event_allocator_m4_eta0p492_seededfine_cem_m4_eta0p492_seed49940005.csv
True,seeded_ic_v1,49940006,4,0.492,cem,cem_tuned_boundary,opp_m2_12000,0,12000,0,0,0.000305,0.026527,2.353615,9.982651,0.69914,0.712721586227417,-0.0036834969650954,0.3716,0.4471247494220733,0.035509843085721665,0.1575633585453033,0.02843933606614408,0.32528802557197617,False,qp_event_allocator_m4_eta0p492_seededfine_cem_m4_eta0p492_seed49940006.csv
True,seeded_ic_v1,49940007,4,0.492,cem,cem_tuned_boundary,opp_m2_12000,0,12000,0,0,-0.021154,0.011898,-0.188268,9.864325,0.707832,0.7221254110336304,-0.0038268326316028,0.3716,0.4501045644283294,0.03372932668957727,0.15169258415699,0.027621378160772484,0.29900325285384144,False,qp_event_allocator_m4_eta0p492_seededfine_cem_m4_eta0p492_seed49940007.csv
True,seeded_ic_v1,49940008,4,0.492,cem,cem_tuned_boundary,opp_m2_12000,0,12000,0,0,-0.011919,0.007454,0.397657,9.963586,0.684462,0.6978148221969604,-0.0036527679767459,0.3716,0.4437566697597503,0.035666186054642834,0.1337075233459472,0.028774488179275484,0.2990462829585861,False,qp_event_allocator_m4_eta0p492_seededfine_cem_m4_eta0p492_seed49940008.csv
True,seeded_ic_v1,49940009,4,0.492,cem,cem_tuned_boundary,opp_m2_12000,0,12000,0,0,-0.00858,0.018955,-2.443656,10.048576,0.708725,0.7222351431846619,-0.0040923207998275,0.3716,0.4339303374290466,0.033336054008218305,0.1787358373403549,0.024435422359260592,0.3229744243208165,False,qp_event_allocator_m4_eta0p492_seededfine_cem_m4_eta0p492_seed49940009.csv
True,seeded_ic_v1,49940010,4,0.492,cem,cem_tuned_boundary,opp_m2_12000,0,12000,0,0,-0.007219,-0.01957,4.628752,9.893036,0.688529,0.7022848129272461,-0.0039565796032547,0.3716,0.4356250464916229,0.03518880575790291,0.1678975373506546,0.025325034370563243,0.2899836726843132,False,qp_event_allocator_m4_eta0p492_seededfine_cem_m4_eta0p492_seed49940010.csv
True,seeded_ic_v1,49940011,4,0.492,cem,cem_tuned_boundary,opp_m2_12000,0,12000,0,0,-0.009987,-0.02866,2.213579,10.247823,0.70704,0.719798743724823,-0.0038588810712099,0.3716,0.4419447183609009,0.03443487772610473,0.1814802438020706,0.028204133620718032,0.28326141632279606,False,qp_event_allocator_m4_eta0p492_seededfine_cem_m4_eta0p492_seed49940011.csv
True,seeded_ic_v1,49940012,4,0.492,cem,cem_tuned_boundary,opp_m2_12000,0,12000,0,0,-0.008783,0.028527,-4.705928,9.842555,0.691969,0.7058687210083008,-0.0039036336820572,0.3716,0.4437009990215301,0.03346877894277202,0.1367160379886627,0.026285913644734375,0.3239273061321886,False,qp_event_allocator_m4_eta0p492_seededfine_cem_m4_eta0p492_seed49940012.csv
True,seeded_ic_v1,49940013,4,0.492,cem,cem_tuned_boundary,opp_m2_12000,0,12000,0,0,0.002381,-0.005964,-4.481617,10.154302,0.71948,0.7329339385032654,-0.0037177402991801,0.3716,0.4517342448234558,0.031743593423799316,0.1335398554801941,0.025135040759962906,0.2996687222138011,False,qp_event_allocator_m4_eta0p492_seededfine_cem_m4_eta0p492_seed49940013.csv
True,seeded_ic_v1,49940014,4,0.492,cem,cem_tuned_boundary,opp_m2_12000,0,12000,0,0,-0.019571,0.005598,-2.930317,9.763486,0.689029,0.7031670808792114,-0.0039814612828195,0.3716,0.4415784180164337,0.033769552929252745,0.1424809843301773,0.025825865338845178,0.29442000900306764,False,qp_event_allocator_m4_eta0p492_seededfine_cem_m4_eta0p492_seed49940014.csv
True,seeded_ic_v1,49940015,4,0.492,cem,cem_tuned_boundary,opp_m2_12000,0,12000,0,0,-0.024189,-0.010161,-0.118066,10.005697,0.717429,0.7313161492347717,-0.003878979710862,0.3716,0.4494499862194061,0.03301056993985011,0.1538954526185989,0.02620217570581022,0.2842009783991541,False,qp_event_allocator_m4_eta0p492_seededfine_cem_m4_eta0p492_seed49940015.csv
True,seeded_ic_v1,49940016,4,0.492,cem,cem_tuned_boundary,opp_m2_12000,0,12000,0,0,-0.007615,-0.014176,-4.289973,9.979378,0.699142,0.7128667235374451,-0.0037858893629163,0.3716,0.4489973485469818,0.03507537001393155,0.166511133313179,0.027963441827968408,0.29298436249828874,False,qp_event_allocator_m4_eta0p492_seededfine_cem_m4_eta0p492_seed49940016.csv
True,seeded_ic_v1,49940017,4,0.492,cem,cem_tuned_boundary,opp_m2_12000,0,12000,0,0,0.008444,-0.021281,2.4949,9.87284,0.714226,0.7286178469657898,-0.0040228068828582,0.3716,0.4562295973300934,0.03423538196280612,0.1531667113304138,0.027297450711716097,0.29605792320925184,False,qp_event_allocator_m4_eta0p492_seededfine_cem_m4_eta0p492_seed49940017.csv
True,seeded_ic_v1,49940018,4,0.492,cem,cem_tuned_boundary,opp_m2_12000,0,12000,0,0,0.018754,-0.010272,2.788678,10.224406,0.684414,0.6968094110488892,-0.003504313994199,0.3716,0.4352158010005951,0.03691082330022614,0.0527314469218254,0.028669849238429652,0.3059515134832834,False,qp_event_allocator_m4_eta0p492_seededfine_cem_m4_eta0p492_seed49940018.csv
True,seeded_ic_v1,49940019,4,0.492,cem,cem_tuned_boundary,opp_m2_12000,0,12000,0,0,0.010276,-0.015021,1.81948,10.030979,0.690578,0.7037593126296997,-0.0038554607890546,0.3716,0.4423942863941192,0.03436561819244571,0.1167328804731369,0.027666215136342737,0.29612412000810834,False,qp_event_allocator_m4_eta0p492_seededfine_cem_m4_eta0p492_seed49940019.csv
True,seeded_ic_v1,49940020,4,0.492,cem,cem_tuned_boundary,opp_m2_12000,0,12000,0,0,-0.023252,-0.015198,2.044018,9.947339,0.698449,0.712150514125824,-0.0037462450563907,0.3716,0.4574407935142517,0.03325305911178227,0.0602169260382652,0.02707211586127782,0.2594386760138866,False,qp_event_allocator_m4_eta0p492_seededfine_cem_m4_eta0p492_seed49940020.csv
True,seeded_ic_v1,49940021,4,0.492,cem,cem_tuned_boundary,opp_m2_12000,0,12000,0,0,-0.011159,-0.012052,3.546809,9.757324,0.714706,0.729568600654602,-0.0042269402183592,0.3716,0.4564132988452911,0.032120911975839855,0.1219644546508789,0.02622384525868546,0.2825116476156038,False,qp_event_allocator_m4_eta0p492_seededfine_cem_m4_eta0p492_seed49940021.csv
True,seeded_ic_v1,49940022,4,0.492,cem,cem_tuned_boundary,opp_m2_12000,0,12000,0,0,0.01765,-0.029064,3.935061,9.785776,0.713849,0.7286286950111389,-0.0041467826813459,0.3716,0.4429387748241424,0.03143331861638964,0.1623079776763916,0.027059968680087074,0.30433367271196893,False,qp_event_allocator_m4_eta0p492_seededfine_cem_m4_eta0p492_seed49940022.csv
True,seeded_ic_v1,49940023,4,0.492,cem,cem_tuned_boundary,opp_m2_12000,0,12000,0,0,-0.007861,0.002213,-2.410716,9.870146,0.69049,0.7043150067329407,-0.004030913580209,0.3716,0.4477934241294861,0.03409585505332887,0.1290492117404937,0.02844450753188621,0.29850783439597034,False,qp_event_allocator_m4_eta0p492_seededfine_cem_m4_eta0p492_seed49940023.csv
True,seeded_ic_v1,49940024,4,0.492,cem,cem_tuned_boundary,opp_m2_12000,0,12000,0,0,-0.026817,-0.01028,0.335633,9.767369,0.700595,0.7149956822395325,-0.0042496104724705,0.3716,0.4476169943809509,0.03275092696795706,0.1129045039415359,0.02695702937245026,0.27356561959383074,False,qp_event_allocator_m4_eta0p492_seededfine_cem_m4_eta0p492_seed49940024.csv
True,seeded_ic_v1,49940025,4,0.492,cem,cem_tuned_boundary,opp_m2_12000,0,12000,0,0,-0.016638,0.019473,3.603343,9.782044,0.689215,0.7032741904258728,-0.0040042302571237,0.3716,0.4575271606445312,0.03468043799130607,0.1246028468012809,0.026540643800945556,0.3016551136546831,False,qp_event_allocator_m4_eta0p492_seededfine_cem_m4_eta0p492_seed49940025.csv
True,seeded_ic_v1,49940026,4,0.492,cem,cem_tuned_boundary,opp_m2_12000,0,12000,0,0,-0.002301,-0.005029,0.588923,10.134061,0.702322,0.715467631816864,-0.0037717330269515,0.3716,0.4401788711547851,0.0321464768983101,0.1059203371405601,0.023602908689646245,0.2886821546154227,False,qp_event_allocator_m4_eta0p492_seededfine_cem_m4_eta0p492_seed49940026.csv
True,seeded_ic_v1,49940027,4,0.492,cem,cem_tuned_boundary,opp_m2_12000,0,12000,0,0,0.021366,-0.029231,1.817241,10.055955,0.695066,0.708388090133667,-0.0035451678559184,0.3716,0.4497813880443573,0.0337706446888212,0.0967767760157585,0.028586132005160303,0.2883611056425841,False,qp_event_allocator_m4_eta0p492_seededfine_cem_m4_eta0p492_seed49940027.csv
True,seeded_ic_v1,49940028,4,0.492,cem,cem_tuned_boundary,opp_m2_12000,0,12000,0,0,0.011577,0.000702,-4.030326,10.093494,0.706012,0.0,0.0,0.3926,0.0,0.0,0.0,0.0,0.0,True,qp_event_allocator_m4_eta0p492_seededfine_cem_m4_eta0p492_seed49940028.csv
True,seeded_ic_v1,49940029,4,0.492,cem,cem_tuned_boundary,opp_m2_12000,0,12000,0,0,0.013862,-0.029363,3.928119,9.769014,0.681647,0.6955752968788147,-0.0038756011053919,0.3716,0.4361661970615387,0.03443413049122182,0.1146633177995681,0.027235067240309514,0.29150045023914317,False,qp_event_allocator_m4_eta0p492_seededfine_cem_m4_eta0p492_seed49940029.csv
True,seeded_ic_v1,49940030,4,0.492,cem,cem_tuned_boundary,opp_m2_12000,0,12000,0,0,-0.015696,0.024914,-0.646881,9.777345,0.711829,0.7265061140060425,-0.0043930942192673,0.3716,0.4643973112106323,0.0329779392637758,0.0887120366096496,0.030510186333036603,0.2986101985466216,False,qp_event_allocator_m4_eta0p492_seededfine_cem_m4_eta0p492_seed49940030.csv
True,seeded_ic_v1,49950001,4,0.493,cem,cem_tuned_boundary,opp_m2_12000,0,12000,0,0,-0.010989,-0.003882,-1.343895,10.04053,0.690477,0.7036297917366028,-0.0037969276309013,0.3656,0.411941647529602,0.029516380248990278,0.1631767600774765,0.02416066485385729,0.30331073536727443,False,qp_event_allocator_m4_eta0p493_seededfine_cem_m4_eta0p493_seed49950001.csv
True,seeded_ic_v1,49950002,4,0.493,cem,cem_tuned_boundary,opp_m2_12000,0,12000,0,0,0.017646,-0.022978,2.172318,9.79216,0.694391,0.7086007595062256,-0.0039204289205372,0.3656,0.422947496175766,0.031099824145985076,0.1689037829637527,0.024680712717522417,0.3032134587955315,False,qp_event_allocator_m4_eta0p493_seededfine_cem_m4_eta0p493_seed49950002.csv
True,seeded_ic_v1,49950003,4,0.493,cem,cem_tuned_boundary,opp_m2_12000,0,12000,0,0,-0.012946,-0.009735,3.631934,9.837959,0.680665,0.6943289041519165,-0.0037464585620909,0.3656,0.42122682929039,0.030821470925438816,0.1382617950439453,0.02676167529751788,0.28628698926236057,False,qp_event_allocator_m4_eta0p493_seededfine_cem_m4_eta0p493_seed49950003.csv
True,seeded_ic_v1,49950004,4,0.493,cem,cem_tuned_boundary,opp_m2_12000,0,12000,0,0,-0.011602,-0.00264,3.330398,10.008574,0.703178,0.7167827486991882,-0.0037747542373836,0.3656,0.4175416529178619,0.028139311837938517,0.1717616915702819,0.026150668367677266,0.3021034608826419,False,qp_event_allocator_m4_eta0p493_seededfine_cem_m4_eta0p493_seed49950004.csv
True,seeded_ic_v1,49950005,4,0.493,cem,cem_tuned_boundary,opp_m2_12000,0,12000,0,0,-0.00331,-0.00388,-1.284467,10.243091,0.711389,0.7243689298629761,-0.0037960587069392,0.3656,0.4304571747779846,0.028089563571627157,0.1227688863873481,0.024160287740073914,0.29950074259059345,False,qp_event_allocator_m4_eta0p493_seededfine_cem_m4_eta0p493_seed49950005.csv
True,seeded_ic_v1,49950006,4,0.493,cem,cem_tuned_boundary,opp_m2_12000,0,12000,0,0,0.01913,0.011385,-4.919258,9.884414,0.681899,0.6954598426818848,-0.0036205116193741,0.3656,0.4172327518463135,0.02947765248595387,0.1254585981369018,0.026724648652536084,0.32008871251683474,False,qp_event_allocator_m4_eta0p493_seededfine_cem_m4_eta0p493_seed49950006.csv
True,seeded_ic_v1,49950007,4,0.493,cem,cem_tuned_boundary,opp_m2_12000,0,12000,0,0,-0.018888,-0.007072,-4.456055,9.787749,0.688614,0.7026234865188599,-0.0040716798976063,0.3656,0.4140001237392425,0.029809946974022755,0.1341366469860077,0.024549938843647704,0.2831346795653007,False,qp_event_allocator_m4_eta0p493_seededfine_cem_m4_eta0p493_seed49950007.csv
True,seeded_ic_v1,49950008,4,0.493,cem,cem_tuned_boundary,opp_m2_12000,0,12000,0,0,-0.021952,0.018722,1.313917,10.018102,0.692831,0.7061473727226257,-0.0036743010859936,0.3656,0.4139605462551117,0.02951645642739718,0.1904651820659637,0.02495677428596108,0.3152324587174886,False,qp_event_allocator_m4_eta0p493_seededfine_cem_m4_eta0p493_seed49950008.csv
True,seeded_ic_v1,49950009,4,0.493,cem,cem_tuned_boundary,opp_m2_12000,0,12000,0,0,0.004011,0.004532,3.898688,10.110811,0.68549,0.6983065605163574,-0.0034779685083776,0.3656,0.424306184053421,0.031071823991369922,0.1118241101503372,0.026921020338531127,0.30236768699876304,False,qp_event_allocator_m4_eta0p493_seededfine_cem_m4_eta0p493_seed49950009.csv
True,seeded_ic_v1,49950010,4,0.493,cem,cem_tuned_boundary,opp_m2_12000,0,12000,0,0,-0.016293,-0.023043,4.014987,10.244253,0.711388,0.7243651747703552,-0.0036592518445104,0.3656,0.4345972537994385,0.0292781569055948,0.1365728825330734,0.0226014398006404,0.2755046910830618,False,qp_event_allocator_m4_eta0p493_seededfine_cem_m4_eta0p493_seed49950010.csv
True,seeded_ic_v1,49950011,4,0.493,cem,cem_tuned_boundary,opp_m2_12000,0,12000,0,0,-0.011622,0.028235,-4.16867,9.892995,0.694686,0.7085695266723633,-0.0038534405175596,0.3656,0.4206188917160034,0.028716820588974352,0.1203572377562522,0.02449300749978096,0.31707800803421277,False,qp_event_allocator_m4_eta0p493_seededfine_cem_m4_eta0p493_seed49950011.csv
True,seeded_ic_v1,49950012,4,0.493,cem,cem_tuned_boundary,opp_m2_12000,0,12000,0,0,-0.012789,0.020673,0.700505,9.83311,0.695166,0.7092235088348389,-0.0039293896406888,0.3656,0.4148975014686584,0.02892121786863516,0.1629532128572464,0.02411028198109977,0.321310041242135,False,qp_event_allocator_m4_eta0p493_seededfine_cem_m4_eta0p493_seed49950012.csv
True,seeded_ic_v1,49950013,4,0.493,cem,cem_tuned_boundary,opp_m2_12000,0,12000,0,0,-0.003008,-0.008259,4.988594,9.923069,0.715623,0.7299233675003052,-0.0041586314328014,0.3656,0.4313773214817047,0.028211072226602296,0.1354568898677826,0.02541125040126908,0.3013667785196022,False,qp_event_allocator_m4_eta0p493_seededfine_cem_m4_eta0p493_seed49950013.csv
True,seeded_ic_v1,49950014,4,0.493,cem,cem_tuned_boundary,opp_m2_12000,0,12000,0,0,0.010845,-0.002586,-3.614172,9.947469,0.694489,0.708232045173645,-0.0037541417405009,0.3656,0.4405950307846069,0.032166863233911304,0.111369788646698,0.02816041711015602,0.2588448297054102,False,qp_event_allocator_m4_eta0p493_seededfine_cem_m4_eta0p493_seed49950014.csv
True,seeded_ic_v1,49950015,4,0.493,cem,cem_tuned_boundary,opp_m2_12000,0,12000,0,0,0.024759,0.009163,0.48303,9.867267,0.697061,0.7111207842826843,-0.0038212162908166,0.3656,0.425504207611084,0.02911991174809683,0.1240667551755905,0.025582037003291504,0.32253891031829807,False,qp_event_allocator_m4_eta0p493_seededfine_cem_m4_eta0p493_seed49950015.csv
True,seeded_ic_v1,49950016,4,0.493,cem,cem_tuned_boundary,opp_m2_12000,0,12000,0,0,-0.029286,-0.021804,3.445078,9.77171,0.704406,0.7190014719963074,-0.0041479473002254,0.3656,0.4165686964988708,0.028874163070234257,0.1749846637248993,0.024447326643497535,0.27874702710136723,False,qp_event_allocator_m4_eta0p493_seededfine_cem_m4_eta0p493_seed49950016.csv
True,seeded_ic_v1,49950017,4,0.493,cem,cem_tuned_boundary,opp_m2_12000,0,12000,0,0,0.025462,-0.025346,1.60981,9.826411,0.683694,0.697611391544342,-0.0040107178501784,0.3656,0.4106086492538452,0.0301017826149251,0.134092703461647,0.0256782076479487,0.30302212562149217,False,qp_event_allocator_m4_eta0p493_seededfine_cem_m4_eta0p493_seed49950017.csv
True,seeded_ic_v1,49950018,4,0.493,cem,cem_tuned_boundary,opp_m2_12000,0,12000,0,0,0.016365,-0.010005,-0.552023,9.86195,0.708861,0.7231192588806152,-0.0038999351672828,0.3656,0.4163582324981689,0.026740565568910184,0.1976914256811142,0.025027169888697104,0.32067686623589686,False,qp_event_allocator_m4_eta0p493_seededfine_cem_m4_eta0p493_seed49950018.csv
True,seeded_ic_v1,49950019,4,0.493,cem,cem_tuned_boundary,opp_m2_12000,0,12000,0,0,-0.000538,-0.006206,-1.473836,9.78982,0.718957,0.7339504361152649,-0.0042682853527367,0.3656,0.42147096991539,0.026688942786102617,0.1996405720710754,0.025024597919707712,0.30784197665263147,False,qp_event_allocator_m4_eta0p493_seededfine_cem_m4_eta0p493_seed49950019.csv
True,seeded_ic_v1,49950020,4,0.493,cem,cem_tuned_boundary,opp_m2_12000,0,12000,0,0,-0.01704,0.014001,2.52957,9.847581,0.681056,0.6948271989822388,-0.0037289874162524,0.3656,0.425323337316513,0.030140609005689156,0.1232374086976051,0.025526461297991226,0.3010021796676498,False,qp_event_allocator_m4_eta0p493_seededfine_cem_m4_eta0p493_seed49950020.csv
True,seeded_ic_v1,49950021,4,0.493,cem,cem_tuned_boundary,opp_m2_12000,0,12000,0,0,0.002185,-0.018768,-0.185219,10.231349,0.717829,0.730988621711731,-0.0040375837124884,0.3656,0.4186471700668335,0.027158112581812697,0.1951839029788971,0.024145124790445647,0.29859170303671645,False,qp_event_allocator_m4_eta0p493_seededfine_cem_m4_eta0p493_seed49950021.csv
True,seeded_ic_v1,49950022,4,0.493,cem,cem_tuned_boundary,opp_m2_12000,0,12000,0,0,-0.023934,0.015991,-0.213537,10.104443,0.680262,0.692955732345581,-0.0037925902288407,0.3656,0.4244405329227447,0.030858674557171846,0.1226414740085601,0.026202104929272236,0.2912098258294084,False,qp_event_allocator_m4_eta0p493_seededfine_cem_m4_eta0p493_seed49950022.csv
True,seeded_ic_v1,49950023,4,0.493,cem,cem_tuned_boundary,opp_m2_12000,0,12000,0,0,0.019952,0.015327,-1.567822,9.954142,0.701827,0.7155287861824036,-0.0038407044485211,0.3656,0.433271199464798,0.0211049008038857,0.0903967842459678,0.02246985318587983,0.305678032256652,False,qp_event_allocator_m4_eta0p493_seededfine_cem_m4_eta0p493_seed49950023.csv
True,seeded_ic_v1,49950024,4,0.493,cem,cem_tuned_boundary,opp_m2_12000,0,12000,0,0,0.00058,-0.008473,-2.891833,9.846085,0.712153,0.7266780138015747,-0.0038568433374166,0.3656,0.4247346222400665,0.027522152580070302,0.1632599383592605,0.025162133790076698,0.30197579001187114,False,qp_event_allocator_m4_eta0p493_seededfine_cem_m4_eta0p493_seed49950024.csv
True,seeded_ic_v1,49950025,4,0.493,cem,cem_tuned_boundary,opp_m2_12000,0,12000,0,0,0.001114,-0.017159,0.803636,9.799824,0.681614,0.6954699754714966,-0.0038029463030397,0.3656,0.4120792746543884,0.02819121110804091,0.0950750783085823,0.025448841866398626,0.28788602464443,False,qp_event_allocator_m4_eta0p493_seededfine_cem_m4_eta0p493_seed49950025.csv
True,seeded_ic_v1,49950026,4,0.493,cem,cem_tuned_boundary,opp_m2_12000,0,12000,0,0,0.001516,0.003629,0.926409,9.904367,0.690955,0.7048066854476929,-0.0040161474607884,0.3656,0.4182679653167724,0.02934941082431459,0.113481804728508,0.025503969880348604,0.2985799909199893,False,qp_event_allocator_m4_eta0p493_seededfine_cem_m4_eta0p493_seed49950026.csv
True,seeded_ic_v1,49950027,4,0.493,cem,cem_tuned_boundary,opp_m2_12000,0,12000,0,0,-0.024282,0.023707,2.808123,9.86129,0.682927,0.6965347528457642,-0.0037943695206195,0.3656,0.4262199699878692,0.030240176736746338,0.1178523451089859,0.02485556493839448,0.3008436277688342,False,qp_event_allocator_m4_eta0p493_seededfine_cem_m4_eta0p493_seed49950027.csv
True,seeded_ic_v1,49950028,4,0.493,cem,cem_tuned_boundary,opp_m2_12000,0,12000,0,0,0.003005,0.017542,-2.124178,10.024985,0.718497,0.7323841452598572,-0.0041551124304533,0.3656,0.4198473393917084,0.02761962504873223,0.2100762575864792,0.022670632376083848,0.3319000887308027,False,qp_event_allocator_m4_eta0p493_seededfine_cem_m4_eta0p493_seed49950028.csv
True,seeded_ic_v1,49950029,4,0.493,cem,cem_tuned_boundary,opp_m2_12000,0,12000,0,0,0.029584,0.024259,4.622418,10.236538,0.692911,0.705423891544342,-0.0036212340928614,0.3656,0.4169332385063171,0.02994510734361885,0.1476085931062698,0.024579669208302613,0.3449474141358453,False,qp_event_allocator_m4_eta0p493_seededfine_cem_m4_eta0p493_seed49950029.csv
True,seeded_ic_v1,49950030,4,0.493,cem,cem_tuned_boundary,opp_m2_12000,0,12000,0,0,0.011379,-0.02951,2.098497,9.805659,0.685216,0.6993001103401184,-0.0039577386341989,0.3656,0.4097128212451935,0.028157007364939556,0.1396367698907852,0.025282387762579035,0.29345219013418095,False,qp_event_allocator_m4_eta0p493_seededfine_cem_m4_eta0p493_seed49950030.csv
True,seeded_ic_v1,49960001,4,0.494,cem,cem_tuned_boundary,opp_m2_12000,0,12000,0,0,-0.025422,0.004187,-2.819681,10.026995,0.685735,0.6989330649375916,-0.0036671003326773,0.3596,0.3839976191520691,0.026134096219326716,0.1992598921060562,0.02226394040795814,0.3079137828971259,False,qp_event_allocator_m4_eta0p494_seededfine_cem_m4_eta0p494_seed49960001.csv
True,seeded_ic_v1,49960002,4,0.494,cem,cem_tuned_boundary,opp_m2_12000,0,12000,0,0,-0.009803,0.021733,-2.853014,9.771055,0.719018,0.733932375907898,-0.003980987239629,0.3596,0.4054674208164215,0.02212064047499953,0.1531708240509033,0.02450070954689262,0.3150259800867266,False,qp_event_allocator_m4_eta0p494_seededfine_cem_m4_eta0p494_seed49960002.csv
True,seeded_ic_v1,49960003,4,0.494,cem,cem_tuned_boundary,opp_m2_12000,0,12000,0,0,0.014989,-0.004417,-3.053549,9.920659,0.707677,0.7218989729881287,-0.0041615371592342,0.3596,0.4080417454242706,0.02195999125623824,0.1188046634197235,0.024014316225624426,0.30361062462322264,False,qp_event_allocator_m4_eta0p494_seededfine_cem_m4_eta0p494_seed49960003.csv
True,seeded_ic_v1,49960004,4,0.494,cem,cem_tuned_boundary,opp_m2_12000,0,12000,0,0,-0.023209,0.009213,-4.481394,10.154843,0.689551,0.7023248672485352,-0.0035728586371988,0.3596,0.3761300146579742,0.02221274611250556,0.1803390830755233,0.02233643334642813,0.30208507339898455,False,qp_event_allocator_m4_eta0p494_seededfine_cem_m4_eta0p494_seed49960004.csv
True,seeded_ic_v1,49960005,4,0.494,cem,cem_tuned_boundary,opp_m2_12000,0,12000,0,0,0.001197,0.012663,-3.795498,9.937724,0.70674,0.7207001447677612,-0.0041457242332398,0.3596,0.3929925262928009,0.02265245607583766,0.185662031173706,0.02302506873495681,0.3235012618415789,False,qp_event_allocator_m4_eta0p494_seededfine_cem_m4_eta0p494_seed49960005.csv
True,seeded_ic_v1,49960006,4,0.494,cem,cem_tuned_boundary,opp_m2_12000,0,12000,0,0,-0.011578,-0.024123,1.77615,9.880072,0.694712,0.7087396383285522,-0.0039239441975951,0.3596,0.3874860107898712,0.02444389488459802,0.202544093132019,0.02402065151652663,0.2918857449022752,False,qp_event_allocator_m4_eta0p494_seededfine_cem_m4_eta0p494_seed49960006.csv
True,seeded_ic_v1,49960007,4,0.494,cem,cem_tuned_boundary,opp_m2_12000,0,12000,0,0,0.017462,0.02295,0.532985,9.767016,0.708381,0.7231091260910034,-0.0039743934758007,0.3596,0.3923962116241455,0.02378449042958109,0.186022937297821,0.022191237456757433,0.35250562418258297,False,qp_event_allocator_m4_eta0p494_seededfine_cem_m4_eta0p494_seed49960007.csv
True,seeded_ic_v1,49960008,4,0.494,cem,cem_tuned_boundary,opp_m2_12000,0,12000,0,0,-0.0205,-0.010484,1.915523,10.032753,0.706344,0.7197754979133606,-0.0037777654360979,0.3596,0.393472284078598,0.025717967336226624,0.185838371515274,0.02205420310851782,0.2943643443425773,False,qp_event_allocator_m4_eta0p494_seededfine_cem_m4_eta0p494_seed49960008.csv
True,seeded_ic_v1,49960009,4,0.494,cem,cem_tuned_boundary,opp_m2_12000,0,12000,0,0,0.018546,-0.020409,4.383052,9.812566,0.7149,0.7295556664466858,-0.0041932049207389,0.3596,0.4001047313213348,0.022791968645437068,0.1707773655653,0.023969684657920712,0.30996524580781387,False,qp_event_allocator_m4_eta0p494_seededfine_cem_m4_eta0p494_seed49960009.csv
True,seeded_ic_v1,49960010,4,0.494,cem,cem_tuned_boundary,opp_m2_12000,0,12000,0,0,-0.021447,-0.018048,-1.238915,10.153256,0.68296,0.6955401301383972,-0.0035207599867135,0.3596,0.4032451212406158,0.02163501204997404,0.0481822937726974,0.023740059998158706,0.26177002630428414,False,qp_event_allocator_m4_eta0p494_seededfine_cem_m4_eta0p494_seed49960010.csv
True,seeded_ic_v1,49960011,4,0.494,cem,cem_tuned_boundary,opp_m2_12000,0,12000,0,0,0.004908,-0.013403,4.811932,10.191698,0.701964,0.7149162292480469,-0.0034530481789261,0.3596,0.3993691504001617,0.022048139845625397,0.1405417621135711,0.02390134716643043,0.2941934019938128,False,qp_event_allocator_m4_eta0p494_seededfine_cem_m4_eta0p494_seed49960011.csv
True,seeded_ic_v1,49960012,4,0.494,cem,cem_tuned_boundary,opp_m2_12000,0,12000,0,0,0.0159,0.02483,1.270101,9.851111,0.689468,0.7033672332763672,-0.0041058207862079,0.3596,0.3849871456623077,0.024237335011372936,0.2007621675729751,0.022909246673591694,0.34192064556698176,False,qp_event_allocator_m4_eta0p494_seededfine_cem_m4_eta0p494_seed49960012.csv
True,seeded_ic_v1,49960013,4,0.494,cem,cem_tuned_boundary,opp_m2_12000,0,12000,0,0,-0.012552,-0.001249,3.635146,10.164903,0.686515,0.6991514563560486,-0.003935104701668,0.3596,0.3890954554080963,0.02409814282635215,0.1895618140697479,0.022946455706011983,0.30216748240531627,False,qp_event_allocator_m4_eta0p494_seededfine_cem_m4_eta0p494_seed49960013.csv
True,seeded_ic_v1,49960014,4,0.494,cem,cem_tuned_boundary,opp_m2_12000,0,12000,0,0,0.013278,-0.007007,2.582023,10.248066,0.716305,0.7293720245361328,-0.0038112506736069,0.3596,0.3379214704036712,0.024569731133035,0.3000538647174835,0.019320257640083854,0.36823290546804255,True,qp_event_allocator_m4_eta0p494_seededfine_cem_m4_eta0p494_seed49960014.csv
True,seeded_ic_v1,49960015,4,0.494,cem,cem_tuned_boundary,opp_m2_12000,0,12000,0,0,-0.014313,-0.000993,-1.559612,9.905058,0.690024,0.7036361694335938,-0.0040935976430773,0.3596,0.4058175384998321,0.024161900677501524,0.0402860343456268,0.02581095476119699,0.2582525847416627,False,qp_event_allocator_m4_eta0p494_seededfine_cem_m4_eta0p494_seed49960015.csv
True,seeded_ic_v1,49960016,4,0.494,cem,cem_tuned_boundary,opp_m2_12000,0,12000,0,0,-0.022518,0.008646,1.203584,9.84049,0.714925,0.7295446991920471,-0.0041951974853873,0.3596,0.3967501819133758,0.021525657000899655,0.1619670689105987,0.02296317479246799,0.3029212679038199,False,qp_event_allocator_m4_eta0p494_seededfine_cem_m4_eta0p494_seed49960016.csv
True,seeded_ic_v1,49960017,4,0.494,cem,cem_tuned_boundary,opp_m2_12000,0,12000,0,0,0.015577,-0.010104,2.917498,9.843041,0.715758,0.7304009199142456,-0.0042852023616433,0.3596,0.3989686965942383,0.021280016476385413,0.1560970097780227,0.022963071061458663,0.30950367295262343,False,qp_event_allocator_m4_eta0p494_seededfine_cem_m4_eta0p494_seed49960017.csv
True,seeded_ic_v1,49960018,4,0.494,cem,cem_tuned_boundary,opp_m2_12000,0,12000,0,0,0.009678,0.010912,-3.411241,10.187048,0.698639,0.7114803791046143,-0.0039090062491595,0.3596,0.3867297172546386,0.02272133478586492,0.1869930177927017,0.02266842058910708,0.32998229666996076,False,qp_event_allocator_m4_eta0p494_seededfine_cem_m4_eta0p494_seed49960018.csv
True,seeded_ic_v1,49960019,4,0.494,cem,cem_tuned_boundary,opp_m2_12000,0,12000,0,0,-0.019775,0.024717,1.505842,10.112179,0.710672,0.7240305542945862,-0.0038449212443083,0.3596,0.4158462285995483,0.024197483146675657,0.1035277396440506,0.022504505845901777,0.3124244288027811,False,qp_event_allocator_m4_eta0p494_seededfine_cem_m4_eta0p494_seed49960019.csv
True,seeded_ic_v1,49960020,4,0.494,cem,cem_tuned_boundary,opp_m2_12000,0,12000,0,0,0.007045,-0.00882,-2.928774,9.767871,0.719393,0.7345378994941711,-0.0043087331578135,0.3596,0.4007666707038879,0.023536396649072824,0.174120619893074,0.0232053868441805,0.3164295047610568,False,qp_event_allocator_m4_eta0p494_seededfine_cem_m4_eta0p494_seed49960020.csv
True,seeded_ic_v1,49960021,4,0.494,cem,cem_tuned_boundary,opp_m2_12000,0,12000,0,0,-0.013136,-0.025408,-2.331249,9.898357,0.68256,0.6960957050323486,-0.0036636777222156,0.3596,0.3937661349773407,0.025331710184717467,0.1535072922706604,0.02529759295731797,0.2779541342394787,False,qp_event_allocator_m4_eta0p494_seededfine_cem_m4_eta0p494_seed49960021.csv
True,seeded_ic_v1,49960022,4,0.494,cem,cem_tuned_boundary,opp_m2_12000,0,12000,0,0,-0.009029,-0.000593,-3.089424,9.919019,0.699334,0.713161826133728,-0.003878210671246,0.3596,0.3910571932792663,0.023108326582434294,0.1787829250097274,0.023960590411415777,0.3031688888934482,False,qp_event_allocator_m4_eta0p494_seededfine_cem_m4_eta0p494_seed49960022.csv
True,seeded_ic_v1,49960023,4,0.494,cem,cem_tuned_boundary,opp_m2_12000,0,12000,0,0,0.029591,-0.027506,-0.758088,9.945682,0.695244,0.7089305520057678,-0.0039796158671379,0.3596,0.3801781237125397,0.023615314837804213,0.2144474536180496,0.022971024696103494,0.3247185444497391,False,qp_event_allocator_m4_eta0p494_seededfine_cem_m4_eta0p494_seed49960023.csv
True,seeded_ic_v1,49960024,4,0.494,cem,cem_tuned_boundary,opp_m2_12000,0,12000,0,0,0.010465,-0.018082,1.195353,9.851734,0.718017,0.7325013279914856,-0.0042840791866183,0.3596,0.399732768535614,0.022803650242295373,0.1826486438512802,0.02297123189217937,0.31092620022102213,False,qp_event_allocator_m4_eta0p494_seededfine_cem_m4_eta0p494_seed49960024.csv
True,seeded_ic_v1,49960025,4,0.494,cem,cem_tuned_boundary,opp_m2_12000,0,12000,0,0,-0.026584,0.024622,-1.899388,10.088521,0.689939,0.7031165957450867,-0.0036955212708562,0.3596,0.4014853239059448,0.024859531400029146,0.1506503820419311,0.023939718478609602,0.31330133440295693,False,qp_event_allocator_m4_eta0p494_seededfine_cem_m4_eta0p494_seed49960025.csv
True,seeded_ic_v1,49960026,4,0.494,cem,cem_tuned_boundary,opp_m2_12000,0,12000,0,0,0.014826,0.026516,-2.793857,9.898348,0.701503,0.7154535055160522,-0.0037687802687287,0.3596,0.3932114243507385,0.02405285124692827,0.171886146068573,0.024615634610602753,0.340167852466836,False,qp_event_allocator_m4_eta0p494_seededfine_cem_m4_eta0p494_seed49960026.csv
True,seeded_ic_v1,49960027,4,0.494,cem,cem_tuned_boundary,opp_m2_12000,0,12000,0,0,-0.021551,0.023324,-3.344829,9.803624,0.717469,0.7321982383728027,-0.0041614100337028,0.3596,0.3993637263774872,0.023670661813114315,0.1702960282564163,0.02364012669276906,0.31701659755557443,False,qp_event_allocator_m4_eta0p494_seededfine_cem_m4_eta0p494_seed49960027.csv
True,seeded_ic_v1,49960028,4,0.494,cem,cem_tuned_boundary,opp_m2_12000,0,12000,0,0,-0.020029,0.002678,2.739369,10.018297,0.70581,0.7196004390716553,-0.0037742571439594,0.3596,0.3880762755870819,0.02216602269692954,0.1686997711658477,0.02264044386779243,0.30100026732657015,False,qp_event_allocator_m4_eta0p494_seededfine_cem_m4_eta0p494_seed49960028.csv
True,seeded_ic_v1,49960029,4,0.494,cem,cem_tuned_boundary,opp_m2_12000,0,12000,0,0,-0.01646,-0.010424,2.464002,9.941945,0.688812,0.7023056149482727,-0.0037280460819602,0.3596,0.385872483253479,0.023492082301091833,0.178642064332962,0.022951671804401115,0.2900934539861491,False,qp_event_allocator_m4_eta0p494_seededfine_cem_m4_eta0p494_seed49960029.csv
True,seeded_ic_v1,49960030,4,0.494,cem,cem_tuned_boundary,opp_m2_12000,0,12000,0,0,-0.029083,0.00597,-2.724734,9.985995,0.693235,0.7067612409591675,-0.0039515173994004,0.3596,0.3752864599227905,0.025146301047452385,0.2369200140237808,0.021551349066986292,0.32089255578150583,False,qp_event_allocator_m4_eta0p494_seededfine_cem_m4_eta0p494_seed49960030.csv
True,seeded_ic_v1,49970001,4,0.495,cem,cem_tuned_boundary,opp_m2_12000,0,12000,0,0,0.016751,0.005201,-1.081262,10.105666,0.699426,0.7124885320663452,-0.0038702124729752,0.3536,0.3655973076820373,0.021623383753646006,0.1226040795445442,0.022344531854571657,0.32851843271712233,False,qp_event_allocator_m4_eta0p495_seededfine_cem_m4_eta0p495_seed49970001.csv
True,seeded_ic_v1,49970002,4,0.495,cem,cem_tuned_boundary,opp_m2_12000,0,12000,0,0,-0.029392,-0.009366,-0.652634,10.03003,0.696107,0.7095308899879456,-0.0035660963039845,0.3536,0.3727287352085113,0.019485899864488756,0.0877291411161422,0.023483528421532583,0.27546103382957055,False,qp_event_allocator_m4_eta0p495_seededfine_cem_m4_eta0p495_seed49970002.csv
True,seeded_ic_v1,49970003,4,0.495,cem,cem_tuned_boundary,opp_m2_12000,0,12000,0,0,0.012454,-0.009416,-0.838233,10.078021,0.688053,0.7008076310157776,-0.003686434123665,0.3536,0.3720012605190277,0.019712742574850447,0.101295880973339,0.022933582143782046,0.3059075206300611,False,qp_event_allocator_m4_eta0p495_seededfine_cem_m4_eta0p495_seed49970003.csv
True,seeded_ic_v1,49970004,4,0.495,cem,cem_tuned_boundary,opp_m2_12000,0,12000,0,0,0.002623,-0.01844,-4.23839,9.908195,0.696771,0.7105385065078735,-0.0037744492292404,0.3536,0.362141489982605,0.019684752760613877,0.0934751331806182,0.021008171169435482,0.29126347229977806,False,qp_event_allocator_m4_eta0p495_seededfine_cem_m4_eta0p495_seed49970004.csv
True,seeded_ic_v1,49970005,4,0.495,cem,cem_tuned_boundary,opp_m2_12000,0,12000,0,0,0.026491,0.028033,-2.683826,10.141112,0.683917,0.6965303421020508,-0.0034445743076503,0.3536,0.3607340157032013,0.020852643592233953,0.1241434589028358,0.019803547870842975,0.35076356081945587,False,qp_event_allocator_m4_eta0p495_seededfine_cem_m4_eta0p495_seed49970005.csv
True,seeded_ic_v1,49970006,4,0.495,cem,cem_tuned_boundary,opp_m2_12000,0,12000,0,0,0.012815,-0.028982,-1.382402,10.089315,0.680407,0.693248450756073,-0.0038350240793079,0.3536,0.3689444959163666,0.021228296179941635,0.1418930888175964,0.022881986539514072,0.2972477893546548,False,qp_event_allocator_m4_eta0p495_seededfine_cem_m4_eta0p495_seed49970006.csv
True,seeded_ic_v1,49970007,4,0.495,cem,cem_tuned_boundary,opp_m2_12000,0,12000,0,0,0.017207,-0.017615,4.143066,10.218536,0.680439,0.6920822858810425,-0.0032504918053746,0.3536,0.3812872767448425,0.022230174331039836,0.0534792989492416,0.02448843283572161,0.2854556792647372,False,qp_event_allocator_m4_eta0p495_seededfine_cem_m4_eta0p495_seed49970007.csv
True,seeded_ic_v1,49970008,4,0.495,cem,cem_tuned_boundary,opp_m2_12000,0,12000,0,0,0.020695,0.024343,-4.77141,10.149069,0.699065,0.7120069861412048,-0.0036925696767866,0.3536,0.3668591976165771,0.020612966339316967,0.0961706489324569,0.02021243201226604,0.3417316969665846,False,qp_event_allocator_m4_eta0p495_seededfine_cem_m4_eta0p495_seed49970008.csv
True,seeded_ic_v1,49970009,4,0.495,cem,cem_tuned_boundary,opp_m2_12000,0,12000,0,0,0.001871,-0.008866,-2.404646,10.162338,0.682711,0.6952020525932312,-0.0035622471477836,0.3536,0.366514503955841,0.02112051137682304,0.1127554103732109,0.02349773641263608,0.3037823711900829,False,qp_event_allocator_m4_eta0p495_seededfine_cem_m4_eta0p495_seed49970009.csv
True,seeded_ic_v1,49970010,4,0.495,cem,cem_tuned_boundary,opp_m2_12000,0,12000,0,0,-0.02615,0.006234,0.769936,10.062909,0.701175,0.7145372629165649,-0.0037094710860401,0.3536,0.3605592548847198,0.020773121766457885,0.1101821437478065,0.02122999071719534,0.30074946680871656,False,qp_event_allocator_m4_eta0p495_seededfine_cem_m4_eta0p495_seed49970010.csv
True,seeded_ic_v1,49970011,4,0.495,cem,cem_tuned_boundary,opp_m2_12000,0,12000,0,0,-0.010373,0.022041,-2.268131,9.934959,0.684274,0.6975976228713989,-0.0039376514032483,0.3536,0.3630548417568207,0.02189667725762612,0.131469264626503,0.02227134745809652,0.3283426870742141,False,qp_event_allocator_m4_eta0p495_seededfine_cem_m4_eta0p495_seed49970011.csv
True,seeded_ic_v1,49970012,4,0.495,cem,cem_tuned_boundary,opp_m2_12000,0,12000,0,0,-0.005528,0.004682,3.610682,9.995032,0.690814,0.7041064500808716,-0.004034309182316,0.3536,0.3607886135578155,0.02178116622972673,0.1122350916266441,0.021238457544264202,0.315128996664849,False,qp_event_allocator_m4_eta0p495_seededfine_cem_m4_eta0p495_seed49970012.csv
True,seeded_ic_v1,49970013,4,0.495,cem,cem_tuned_boundary,opp_m2_12000,0,12000,0,0,0.008943,-0.01806,-1.973642,10.165187,0.707797,0.7209894061088562,-0.0035936567001044,0.3536,0.3635800778865814,0.021010843511108365,0.1054409965872764,0.0212303099560417,0.3124417393490237,False,qp_event_allocator_m4_eta0p495_seededfine_cem_m4_eta0p495_seed49970013.csv
True,seeded_ic_v1,49970014,4,0.495,cem,cem_tuned_boundary,opp_m2_12000,0,12000,0,0,-0.016683,0.027504,-4.979344,9.920837,0.709983,0.724014163017273,-0.0039840661920607,0.3536,0.3674299120903015,0.02181359695421889,0.1060763597488403,0.019652750449619366,0.3236457357262536,False,qp_event_allocator_m4_eta0p495_seededfine_cem_m4_eta0p495_seed49970014.csv
True,seeded_ic_v1,49970015,4,0.495,cem,cem_tuned_boundary,opp_m2_12000,0,12000,0,0,0.000564,-0.01823,-3.893666,9.832077,0.682433,0.6963552236557007,-0.0038977181538939,0.3536,0.3717994093894958,0.021610641342719422,0.1035694181919097,0.02129408062882685,0.30006506186011667,False,qp_event_allocator_m4_eta0p495_seededfine_cem_m4_eta0p495_seed49970015.csv
True,seeded_ic_v1,49970016,4,0.495,cem,cem_tuned_boundary,opp_m2_12000,0,12000,0,0,0.004709,-0.011613,-4.901351,9.863809,0.691644,0.7050871253013611,-0.0040561431087553,0.3536,0.3617402613162994,0.02143809954080655,0.1229337304830551,0.02122523955297769,0.30709578603945786,False,qp_event_allocator_m4_eta0p495_seededfine_cem_m4_eta0p495_seed49970016.csv
True,seeded_ic_v1,49970017,4,0.495,cem,cem_tuned_boundary,opp_m2_12000,0,12000,0,0,-0.019828,-0.027437,3.757716,10.029416,0.70911,0.7227092385292053,-0.0038498248904943,0.3536,0.3790235221385956,0.022161157897318096,0.1040957123041153,0.02109435934592271,0.2834853043145855,False,qp_event_allocator_m4_eta0p495_seededfine_cem_m4_eta0p495_seed49970017.csv
True,seeded_ic_v1,49970018,4,0.495,cem,cem_tuned_boundary,opp_m2_12000,0,12000,0,0,-0.011641,-0.009745,4.485957,10.010542,0.695221,0.7086328268051147,-0.0038947379216551,0.3536,0.3503142893314361,0.02119231312420306,0.1381371468305587,0.02121507106793269,0.3079820666341208,False,qp_event_allocator_m4_eta0p495_seededfine_cem_m4_eta0p495_seed49970018.csv
True,seeded_ic_v1,49970019,4,0.495,cem,cem_tuned_boundary,opp_m2_12000,0,12000,0,0,-0.017205,0.020691,2.675853,10.14907,0.680579,0.6930333971977234,-0.0034836381673812,0.3536,0.3519192337989807,0.023425115969431858,0.2053642272949218,0.023967402824609466,0.32636043975395224,False,qp_event_allocator_m4_eta0p495_seededfine_cem_m4_eta0p495_seed49970019.csv
True,seeded_ic_v1,49970020,4,0.495,cem,cem_tuned_boundary,opp_m2_12000,0,12000,0,0,0.015424,0.011402,-3.167621,9.932843,0.694594,0.708290159702301,-0.0038407316897064,0.3536,0.3625791668891907,0.022833868196954675,0.149487629532814,0.021225241380060492,0.3471713555399486,False,qp_event_allocator_m4_eta0p495_seededfine_cem_m4_eta0p495_seed49970020.csv
True,seeded_ic_v1,49970021,4,0.495,cem,cem_tuned_boundary,opp_m2_12000,0,12000,0,0,0.003917,0.000523,-4.765201,9.894815,0.701481,0.7155224680900574,-0.0041146567091345,0.3536,0.3716511130332947,0.020539842023502296,0.1068390980362892,0.024569798838684456,0.3097246894993626,False,qp_event_allocator_m4_eta0p495_seededfine_cem_m4_eta0p495_seed49970021.csv
True,seeded_ic_v1,49970022,4,0.495,cem,cem_tuned_boundary,opp_m2_12000,0,12000,0,0,0.02143,-0.000725,2.483493,9.96466,0.695852,0.7093821167945862,-0.0037201191298663,0.3536,0.3646907806396484,0.019911144427044964,0.145191490650177,0.023962967036955666,0.32072595265007925,False,qp_event_allocator_m4_eta0p495_seededfine_cem_m4_eta0p495_seed49970022.csv
True,seeded_ic_v1,49970023,4,0.495,cem,cem_tuned_boundary,opp_m2_12000,0,12000,0,0,0.015256,-0.003965,-1.683672,10.04675,0.682599,0.6956481337547302,-0.0034973178990185,0.3536,0.3702528476715088,0.020388494918524215,0.1160947233438491,0.022872215397718446,0.31102574832672586,False,qp_event_allocator_m4_eta0p495_seededfine_cem_m4_eta0p495_seed49970023.csv
True,seeded_ic_v1,49970024,4,0.495,cem,cem_tuned_boundary,opp_m2_12000,0,12000,0,0,0.019145,-0.0154,-4.805439,10.169814,0.702174,0.7150471210479736,-0.0035245046019554,0.3536,0.3544657230377197,0.02390051480710992,0.1574031561613083,0.021124701080122335,0.3389910147289312,False,qp_event_allocator_m4_eta0p495_seededfine_cem_m4_eta0p495_seed49970024.csv
True,seeded_ic_v1,49970025,4,0.495,cem,cem_tuned_boundary,opp_m2_12000,0,12000,0,0,0.019819,-0.018307,3.260368,10.241343,0.713543,0.7267945408821106,-0.0038427850231528,0.3536,0.3691551089286804,0.02309635806280362,0.1194445714354515,0.020968892303417554,0.3245560142259231,False,qp_event_allocator_m4_eta0p495_seededfine_cem_m4_eta0p495_seed49970025.csv
True,seeded_ic_v1,49970026,4,0.495,cem,cem_tuned_boundary,opp_m2_12000,0,12000,0,0,0.006966,-0.013315,4.64958,9.904581,0.698928,0.7128787636756897,-0.003726094495505,0.3536,0.3657490611076355,0.021567715414979136,0.1312692463397979,0.022258552711933444,0.3153937347858698,False,qp_event_allocator_m4_eta0p495_seededfine_cem_m4_eta0p495_seed49970026.csv
True,seeded_ic_v1,49970027,4,0.495,cem,cem_tuned_boundary,opp_m2_12000,0,12000,0,0,-0.008473,0.02417,1.142752,9.810666,0.717061,0.7318307757377625,-0.0039594797417521,0.3536,0.3824214935302734,0.021245885486721447,0.0834670439362526,0.021344973594691532,0.3285587527357097,False,qp_event_allocator_m4_eta0p495_seededfine_cem_m4_eta0p495_seed49970027.csv
True,seeded_ic_v1,49970028,4,0.495,cem,cem_tuned_boundary,opp_m2_12000,0,12000,0,0,-0.013237,0.014702,-2.924039,10.235222,0.702882,0.7158093452453613,-0.0035450723953545,0.3536,0.3681852519512176,0.022204021998317693,0.1062995567917823,0.02068477338667945,0.3254758638192786,False,qp_event_allocator_m4_eta0p495_seededfine_cem_m4_eta0p495_seed49970028.csv
True,seeded_ic_v1,49970029,4,0.495,cem,cem_tuned_boundary,opp_m2_12000,0,12000,0,0,-0.021743,-0.010817,-1.313561,9.804525,0.694791,0.7089704275131226,-0.0040317405946552,0.3536,0.3651651740074157,0.021051330250964274,0.1166025474667549,0.022278762265220266,0.29130649426971705,False,qp_event_allocator_m4_eta0p495_seededfine_cem_m4_eta0p495_seed49970029.csv
True,seeded_ic_v1,49970030,4,0.495,cem,cem_tuned_boundary,opp_m2_12000,0,12000,0,0,0.015712,-0.010497,1.806925,10.125389,0.685094,0.697869062423706,-0.0036248401738703,0.3536,0.3690985739231109,0.02043882373884353,0.1023695915937423,0.02175870528913393,0.30849958295426866,False,qp_event_allocator_m4_eta0p495_seededfine_cem_m4_eta0p495_seed49970030.csv
True,seeded_ic_v1,49980001,4,0.496,cem,cem_tuned_boundary,opp_m2_12000,0,12000,0,0,0.015434,-0.001613,3.274662,10.038169,0.70097,0.7143981456756592,-0.0040402975864708,0.3476,0.3236320316791534,0.018560897876731625,0.1722041666507721,0.01721010066090922,0.35512196306731336,True,qp_event_allocator_m4_eta0p496_seededfine_cem_m4_eta0p496_seed49980001.csv
True,seeded_ic_v1,49980002,4,0.496,cem,cem_tuned_boundary,opp_m2_12000,0,12000,0,0,0.01026,0.00999,0.006174,10.081355,0.702747,0.7160800099372864,-0.0036768701393157,0.3476,0.3401793837547302,0.019109542149787728,0.0321320332586765,0.020523107686460495,0.3232190852905514,True,qp_event_allocator_m4_eta0p496_seededfine_cem_m4_eta0p496_seed49980002.csv
True,seeded_ic_v1,49980003,4,0.496,cem,cem_tuned_boundary,opp_m2_12000,0,12000,0,0,-0.014921,0.011291,4.220329,10.115989,0.713623,0.7271583080291748,-0.003711043857038,0.3476,0.3460808992385864,0.019324320944282478,0.0381917096674442,0.019642610992210978,0.3108713432811635,True,qp_event_allocator_m4_eta0p496_seededfine_cem_m4_eta0p496_seed49980003.csv
True,seeded_ic_v1,49980004,4,0.496,cem,cem_tuned_boundary,opp_m2_12000,0,12000,0,0,-0.029858,-0.005988,-2.063248,10.145659,0.687949,0.7005930542945862,-0.0037651385646313,0.3476,0.3378413617610931,0.02097618341810985,0.0598472692072391,0.019642786399055673,0.2943753006974922,True,qp_event_allocator_m4_eta0p496_seededfine_cem_m4_eta0p496_seed49980004.csv
True,seeded_ic_v1,49980005,4,0.496,cem,cem_tuned_boundary,opp_m2_12000,0,12000,0,0,0.01557,0.022186,4.917902,9.998087,0.703995,0.7176576256752014,-0.0038228027988225,0.3476,0.3330937922000885,0.01944572738778161,0.0608895681798458,0.01945136462132071,0.3458781170187266,True,qp_event_allocator_m4_eta0p496_seededfine_cem_m4_eta0p496_seed49980005.csv
True,seeded_ic_v1,49980006,4,0.496,cem,cem_tuned_boundary,opp_m2_12000,0,12000,0,0,-0.024527,0.024857,0.14292,10.213642,0.694915,0.7074701189994812,-0.0037280777469277,0.3476,0.335145503282547,0.020709841938068546,0.0947141572833061,0.019781119434858514,0.3258603360535927,True,qp_event_allocator_m4_eta0p496_seededfine_cem_m4_eta0p496_seed49980006.csv
True,seeded_ic_v1,49980007,4,0.496,cem,cem_tuned_boundary,opp_m2_12000,0,12000,0,0,0.002337,0.019302,-2.922884,10.100459,0.714087,0.7276603579521179,-0.0037917483132332,0.3476,0.3364667594432831,0.019164437591512845,0.0604048557579517,0.018515145600645464,0.332820537625262,True,qp_event_allocator_m4_eta0p496_seededfine_cem_m4_eta0p496_seed49980007.csv
True,seeded_ic_v1,49980008,4,0.496,cem,cem_tuned_boundary,opp_m2_12000,0,12000,0,0,0.011624,-0.003183,2.041299,9.795456,0.714264,0.7289911508560181,-0.004236249718815,0.3476,0.3425879180431366,0.019350915604702083,0.0922534391283989,0.01838426405702495,0.3317207518434796,True,qp_event_allocator_m4_eta0p496_seededfine_cem_m4_eta0p496_seed49980008.csv
True,seeded_ic_v1,49980009,4,0.496,cem,cem_tuned_boundary,opp_m2_12000,0,12000,0,0,-0.012513,0.018439,-0.341994,10.045269,0.699336,0.712683916091919,-0.0037374421954154,0.3476,0.3476317226886749,0.020230722119395955,0.0262048970907926,0.020262682353630854,0.3167938284815526,True,qp_event_allocator_m4_eta0p496_seededfine_cem_m4_eta0p496_seed49980009.csv
True,seeded_ic_v1,49980010,4,0.496,cem,cem_tuned_boundary,opp_m2_12000,0,12000,0,0,-0.016486,-0.011421,3.232362,9.873719,0.693102,0.7069758176803589,-0.0041654114611446,0.3476,0.3449893295764923,0.020446309845098674,0.0350984707474708,0.019687259099321636,0.2948608294048445,True,qp_event_allocator_m4_eta0p496_seededfine_cem_m4_eta0p496_seed49980010.csv
True,seeded_ic_v1,49980011,4,0.496,cem,cem_tuned_boundary,opp_m2_12000,0,12000,0,0,-0.011199,-0.013173,-1.572131,9.817898,0.692336,0.7063892483711243,-0.0037463377229869,0.3476,0.3314676284790039,0.02008651777083592,0.0975059643387794,0.018353066562376872,0.3094550878673822,True,qp_event_allocator_m4_eta0p496_seededfine_cem_m4_eta0p496_seed49980011.csv
True,seeded_ic_v1,49980012,4,0.496,cem,cem_tuned_boundary,opp_m2_12000,0,12000,0,0,-0.015109,0.011341,-2.428949,9.965951,0.699245,0.7129183411598206,-0.0037047271616756,0.3476,0.3356642127037048,0.019440592926044293,0.0576637424528598,0.019763277855417077,0.31481086810849723,True,qp_event_allocator_m4_eta0p496_seededfine_cem_m4_eta0p496_seed49980012.csv
True,seeded_ic_v1,49980013,4,0.496,cem,cem_tuned_boundary,opp_m2_12000,0,12000,0,0,-0.002684,-0.027187,0.773337,10.236176,0.684303,0.69670170545578,-0.0034409917425364,0.3476,0.340339332818985,0.020800080501926544,0.038901437073946,0.018841852999839065,0.2960162465064596,True,qp_event_allocator_m4_eta0p496_seededfine_cem_m4_eta0p496_seed49980013.csv
True,seeded_ic_v1,49980014,4,0.496,cem,cem_tuned_boundary,opp_m2_12000,0,12000,0,0,-0.029719,0.023396,-3.947503,10.192957,0.683694,0.6962834000587463,-0.0036267885006964,0.3476,0.3392707109451294,0.021047090763137193,0.05948918312788,0.01962823764352889,0.3145252984771235,True,qp_event_allocator_m4_eta0p496_seededfine_cem_m4_eta0p496_seed49980014.csv
True,seeded_ic_v1,49980015,4,0.496,cem,cem_tuned_boundary,opp_m2_12000,0,12000,0,0,-0.019381,0.003862,3.733431,10.230797,0.709968,0.7229042053222656,-0.0037171361036598,0.3476,0.3371241688728332,0.020543823253738946,0.123770497739315,0.018353824508935364,0.3202839294630952,True,qp_event_allocator_m4_eta0p496_seededfine_cem_m4_eta0p496_seed49980015.csv
True,seeded_ic_v1,49980016,4,0.496,cem,cem_tuned_boundary,opp_m2_12000,0,12000,0,0,-0.013124,-0.027343,-3.16032,10.183028,0.713148,0.7264124751091003,-0.0037581787910312,0.3476,0.3420900404453277,0.018909587018132324,0.0599805042147636,0.01955423104739334,0.28652428822387277,True,qp_event_allocator_m4_eta0p496_seededfine_cem_m4_eta0p496_seed49980016.csv
True,seeded_ic_v1,49980017,4,0.496,cem,cem_tuned_boundary,opp_m2_12000,0,12000,0,0,-0.004372,0.022002,-3.496345,10.081413,0.713876,0.7274965643882751,-0.00400424702093,0.3476,0.3398401141166687,0.01873549911031913,0.1069611832499504,0.019493323196958224,0.3427577231354396,True,qp_event_allocator_m4_eta0p496_seededfine_cem_m4_eta0p496_seed49980017.csv
True,seeded_ic_v1,49980018,4,0.496,cem,cem_tuned_boundary,opp_m2_12000,0,12000,0,0,-0.024581,-0.028567,4.287569,9.994548,0.682274,0.6953610777854919,-0.0036730065476149,0.3476,0.3347802758216858,0.020532523702976434,0.047238141298294,0.020711114267284225,0.2799234384919491,True,qp_event_allocator_m4_eta0p496_seededfine_cem_m4_eta0p496_seed49980018.csv
True,seeded_ic_v1,49980019,4,0.496,cem,cem_tuned_boundary,opp_m2_12000,0,12000,0,0,0.023179,0.018058,-4.126107,10.120921,0.700002,0.7131235599517822,-0.003852924099192,0.3476,0.3515090644359588,0.020723573691720277,0.0220513809472322,0.02088150291611165,0.3378338520753258,False,qp_event_allocator_m4_eta0p496_seededfine_cem_m4_eta0p496_seed49980019.csv
True,seeded_ic_v1,49980020,4,0.496,cem,cem_tuned_boundary,opp_m2_12000,0,12000,0,0,-0.02844,0.021529,-3.895448,9.847467,0.704032,0.718132495880127,-0.0038179541006684,0.3476,0.346155434846878,0.020481043152254,0.1024860367178917,0.019560816185355528,0.3253347329264274,True,qp_event_allocator_m4_eta0p496_seededfine_cem_m4_eta0p496_seed49980020.csv
True,seeded_ic_v1,49980021,4,0.496,cem,cem_tuned_boundary,opp_m2_12000,0,12000,0,0,-0.021556,0.028673,2.217224,10.128839,0.709292,0.7225445508956909,-0.0036417671944946,0.3476,0.3413896262645721,0.01898775798412658,0.0505600087344646,0.019757719988236108,0.32303723535373924,True,qp_event_allocator_m4_eta0p496_seededfine_cem_m4_eta0p496_seed49980021.csv
True,seeded_ic_v1,49980022,4,0.496,cem,cem_tuned_boundary,opp_m2_12000,0,12000,0,0,-0.018491,-0.011954,1.217238,9.855661,0.681335,0.6949962973594666,-0.003722769441083,0.3476,0.3287862539291382,0.019894404371057422,0.0610626302659511,0.02048515690836686,0.2940099213367247,True,qp_event_allocator_m4_eta0p496_seededfine_cem_m4_eta0p496_seed49980022.csv
True,seeded_ic_v1,49980023,4,0.496,cem,cem_tuned_boundary,opp_m2_12000,0,12000,0,0,0.027827,-0.001272,-4.831667,9.787474,0.694848,0.7089902758598328,-0.0039301943033933,0.3476,0.3371914029121399,0.020054845733018484,0.0607894361019134,0.018554450105087633,0.3382359786016118,True,qp_event_allocator_m4_eta0p496_seededfine_cem_m4_eta0p496_seed49980023.csv
True,seeded_ic_v1,49980024,4,0.496,cem,cem_tuned_boundary,opp_m2_12000,0,12000,0,0,0.010143,0.022055,4.616497,10.097368,0.719925,0.7336280941963196,-0.0037599147763103,0.3476,0.3485549390316009,0.01977327075847188,0.0666907653212547,0.01962490237150034,0.3400436311034461,True,qp_event_allocator_m4_eta0p496_seededfine_cem_m4_eta0p496_seed49980024.csv
True,seeded_ic_v1,49980025,4,0.496,cem,cem_tuned_boundary,opp_m2_12000,0,12000,0,0,0.009589,0.027019,-0.37748,10.246252,0.684516,0.6968188285827637,-0.0034253667108714,0.3476,0.3441666066646576,0.020183289460508586,0.0138741992413997,0.020839191807987628,0.33447555469187656,True,qp_event_allocator_m4_eta0p496_seededfine_cem_m4_eta0p496_seed49980025.csv
True,seeded_ic_v1,49980026,4,0.496,cem,cem_tuned_boundary,opp_m2_12000,0,12000,0,0,0.028782,0.0108,-1.287677,10.113655,0.683401,0.6961351633071899,-0.0036740426439791,0.3476,0.3258682787418365,0.02045673900501175,0.1218893527984619,0.01838404648464556,0.3605519010598305,True,qp_event_allocator_m4_eta0p496_seededfine_cem_m4_eta0p496_seed49980026.csv
True,seeded_ic_v1,49980027,4,0.496,cem,cem_tuned_boundary,opp_m2_12000,0,12000,0,0,0.007194,0.027121,0.351746,10.221443,0.696381,0.7090924382209778,-0.0035479462239891,0.3476,0.3265357613563537,0.02036321668433291,0.1437505632638931,0.018419810548511387,0.3660256550500671,True,qp_event_allocator_m4_eta0p496_seededfine_cem_m4_eta0p496_seed49980027.csv
True,seeded_ic_v1,49980028,4,0.496,cem,cem_tuned_boundary,opp_m2_12000,0,12000,0,0,0.006437,-0.00708,3.831663,9.844627,0.702062,0.716278076171875,-0.0040642162784934,0.3476,0.3453749418258667,0.019581360927596363,0.0342605970799922,0.01964306271874557,0.3131943097843992,True,qp_event_allocator_m4_eta0p496_seededfine_cem_m4_eta0p496_seed49980028.csv
True,seeded_ic_v1,49980029,4,0.496,cem,cem_tuned_boundary,opp_m2_12000,0,12000,0,0,0.005864,0.020838,-4.108725,10.072552,0.708853,0.7222476601600647,-0.0038039176724851,0.3476,0.3435623347759247,0.020346497388592982,0.0883358865976333,0.01955200956822849,0.3411646297466191,True,qp_event_allocator_m4_eta0p496_seededfine_cem_m4_eta0p496_seed49980029.csv
True,seeded_ic_v1,49980030,4,0.496,cem,cem_tuned_boundary,opp_m2_12000,0,12000,0,0,0.01336,-0.017109,-4.620523,10.177181,0.698566,0.7114620208740234,-0.0039473758079111,0.3476,0.3437380194664001,0.021156375299853567,0.0510447546839714,0.020021182181936863,0.318440936327805,True,qp_event_allocator_m4_eta0p496_seededfine_cem_m4_eta0p496_seed49980030.csv
True,seeded_ic_v1,49990001,4,0.497,cem,cem_tuned_boundary,opp_m2_12000,0,12000,0,0,0.02936,-0.009081,-0.480535,10.111113,0.71867,0.7322973012924194,-0.0036593582481145,0.3416,0.3235068619251251,0.014634506333265521,0.0855589658021926,0.01619696522346453,0.33637567067413526,True,qp_event_allocator_m4_eta0p497_seededfine_cem_m4_eta0p497_seed49990001.csv
True,seeded_ic_v1,49990002,4,0.497,cem,cem_tuned_boundary,opp_m2_12000,0,12000,0,0,0.009141,0.010435,-1.633704,9.891825,0.711111,0.7254043817520142,-0.0038435112219303,0.3416,0.3343768417835235,0.017317114533814543,0.035002414137125,0.017703948156583577,0.31350905399313395,True,qp_event_allocator_m4_eta0p497_seededfine_cem_m4_eta0p497_seed49990002.csv
True,seeded_ic_v1,49990003,4,0.497,cem,cem_tuned_boundary,opp_m2_12000,0,12000,0,0,0.010872,-0.022372,2.543701,9.933621,0.688508,0.702052891254425,-0.0039305789396166,0.3416,0.2923668026924133,0.015052375611516832,0.1734227389097213,0.015065133550278739,0.3342041820739468,True,qp_event_allocator_m4_eta0p497_seededfine_cem_m4_eta0p497_seed49990003.csv
True,seeded_ic_v1,49990004,4,0.497,cem,cem_tuned_boundary,opp_m2_12000,0,12000,0,0,0.004705,-0.016102,0.913812,10.095875,0.710833,0.7242748737335205,-0.0040535409934818,0.3416,0.3244938254356384,0.015347531067221023,0.058693028986454,0.017376446399011754,0.3023639206129774,True,qp_event_allocator_m4_eta0p497_seededfine_cem_m4_eta0p497_seed49990004.csv
True,seeded_ic_v1,49990005,4,0.497,cem,cem_tuned_boundary,opp_m2_12000,0,12000,0,0,0.012364,-0.013385,3.910367,9.940639,0.705816,0.7196623086929321,-0.0040343683212995,0.3416,0.303834319114685,0.01372332521686313,0.1246729344129562,0.01723833158733186,0.32423580266902785,True,qp_event_allocator_m4_eta0p497_seededfine_cem_m4_eta0p497_seed49990005.csv
True,seeded_ic_v1,49990006,4,0.497,cem,cem_tuned_boundary,opp_m2_12000,0,12000,0,0,0.007477,-0.00634,-4.864759,10.057357,0.685014,0.6979296207427979,-0.0039152726531028,0.3416,0.3057735860347748,0.015021483520650374,0.091775968670845,0.01625259319975417,0.3188873341791016,True,qp_event_allocator_m4_eta0p497_seededfine_cem_m4_eta0p497_seed49990006.csv
True,seeded_ic_v1,49990007,4,0.497,cem,cem_tuned_boundary,opp_m2_12000,0,12000,0,0,-0.003616,0.019142,-1.391041,9.788193,0.699968,0.7142632603645325,-0.003853099187836,0.3416,0.3190048336982727,0.016256836188769695,0.0920465141534805,0.017262038109528068,0.3306969627242935,True,qp_event_allocator_m4_eta0p497_seededfine_cem_m4_eta0p497_seed49990007.csv
True,seeded_ic_v1,49990008,4,0.497,cem,cem_tuned_boundary,opp_m2_12000,0,12000,0,0,0.013626,-0.013184,1.321717,10.087862,0.710765,0.7241784930229187,-0.0040771919302642,0.3416,0.3223423957824707,0.014973864041063828,0.0438257791101932,0.017175150396156677,0.31102896567666505,True,qp_event_allocator_m4_eta0p497_seededfine_cem_m4_eta0p497_seed49990008.csv
True,seeded_ic_v1,49990009,4,0.497,cem,cem_tuned_boundary,opp_m2_12000,0,12000,0,0,0.006904,-0.026316,2.980369,10.225556,0.705705,0.71871018409729,-0.0039034090004861,0.3416,0.3144319653511047,0.015443507352543538,0.0792775154113769,0.0173085014200577,0.3060013586697154,True,qp_event_allocator_m4_eta0p497_seededfine_cem_m4_eta0p497_seed49990009.csv
True,seeded_ic_v1,49990010,4,0.497,cem,cem_tuned_boundary,opp_m2_12000,0,12000,0,0,0.01522,0.014441,4.290157,9.985975,0.715698,0.7298920154571533,-0.0037845580372959,0.3416,0.313313364982605,0.013715016116626214,0.112703189253807,0.017345075926743673,0.34457757103774805,True,qp_event_allocator_m4_eta0p497_seededfine_cem_m4_eta0p497_seed49990010.csv
True,seeded_ic_v1,49990011,4,0.497,cem,cem_tuned_boundary,opp_m2_12000,0,12000,0,0,-0.024619,-0.016989,-4.610398,9.98005,0.699453,0.7130953073501587,-0.0038590403273701,0.3416,0.2952939867973327,0.012835486843430832,0.1383101940155029,0.01632971415522089,0.29830152531241627,True,qp_event_allocator_m4_eta0p497_seededfine_cem_m4_eta0p497_seed49990011.csv
True,seeded_ic_v1,49990012,4,0.497,cem,cem_tuned_boundary,opp_m2_12000,0,12000,0,0,-0.014604,-0.008713,-4.787506,10.159725,0.706472,0.7196282744407654,-0.0039091384969651,0.3416,0.3234951794147491,0.015947028942087507,0.0509417690336704,0.01838931170200952,0.2879881974226657,True,qp_event_allocator_m4_eta0p497_seededfine_cem_m4_eta0p497_seed49990012.csv
True,seeded_ic_v1,49990013,4,0.497,cem,cem_tuned_boundary,opp_m2_12000,0,12000,0,0,-0.026573,0.006083,-1.287992,9.867614,0.686524,0.7002658247947693,-0.0038664229214191,0.3416,0.3005328476428985,0.014641133917684334,0.0961448922753334,0.01730848947923258,0.30178228686210534,True,qp_event_allocator_m4_eta0p497_seededfine_cem_m4_eta0p497_seed49990013.csv
True,seeded_ic_v1,49990014,4,0.497,cem,cem_tuned_boundary,opp_m2_12000,0,12000,0,0,-0.014182,-0.02424,0.772179,9.953732,0.680984,0.0126771833747625,-0.0004842146881856,0.3618393689975142,0.0004842146881856,4.8489826886688246e-09,0.0,0.0,0.02808391908042032,True,qp_event_allocator_m4_eta0p497_seededfine_cem_m4_eta0p497_seed49990014.csv
True,seeded_ic_v1,49990015,4,0.497,cem,cem_tuned_boundary,opp_m2_12000,0,12000,0,0,0.009186,-0.01649,4.436393,9.87081,0.715329,0.7295713424682617,-0.0038608026225119,0.3416,0.3096010982990265,0.01372052229593657,0.1243284121155738,0.017169640508899013,0.32041602704272554,True,qp_event_allocator_m4_eta0p497_seededfine_cem_m4_eta0p497_seed49990015.csv
True,seeded_ic_v1,49990016,4,0.497,cem,cem_tuned_boundary,opp_m2_12000,0,12000,0,0,-0.012014,-0.025661,-2.530106,10.055387,0.717343,0.7311526536941528,-0.0040929755195975,0.3416,0.3122077286243438,0.014454042975495044,0.0956310331821441,0.016320645624522453,0.2926793515463675,True,qp_event_allocator_m4_eta0p497_seededfine_cem_m4_eta0p497_seed49990016.csv
True,seeded_ic_v1,49990017,4,0.497,cem,cem_tuned_boundary,opp_m2_12000,0,12000,0,0,0.029414,0.015031,-1.846012,9.828107,0.694356,0.7083844542503357,-0.0040377811528742,0.3416,0.3010364770889282,0.014715232256094446,0.1269354671239853,0.017347165726005444,0.3620088098721369,True,qp_event_allocator_m4_eta0p497_seededfine_cem_m4_eta0p497_seed49990017.csv
True,seeded_ic_v1,49990018,4,0.497,cem,cem_tuned_boundary,opp_m2_12000,0,12000,0,0,-0.005677,0.023954,-3.820263,10.248675,0.701758,0.7143533229827881,-0.0037317634560167,0.3416,0.326963722705841,0.016053482726160605,0.055819883942604,0.018267923957932163,0.31954077326634867,True,qp_event_allocator_m4_eta0p497_seededfine_cem_m4_eta0p497_seed49990018.csv
True,seeded_ic_v1,49990019,4,0.497,cem,cem_tuned_boundary,opp_m2_12000,0,12000,0,0,-0.018073,0.029631,3.163523,9.918483,0.713644,0.7278447151184082,-0.0040770852938294,0.3416,0.3128359317779541,0.014177138141520454,0.1173803433775901,0.017169230006718068,0.33661684796976743,True,qp_event_allocator_m4_eta0p497_seededfine_cem_m4_eta0p497_seed49990019.csv
True,seeded_ic_v1,49990020,4,0.497,cem,cem_tuned_boundary,opp_m2_12000,0,12000,0,0,-0.022075,0.000636,-0.869847,10.248132,0.687814,0.7001129984855652,-0.0033990829251706,0.3416,0.2982077002525329,0.01460821296559152,0.1288931369781494,0.016165363016377637,0.3119443202366453,True,qp_event_allocator_m4_eta0p497_seededfine_cem_m4_eta0p497_seed49990020.csv
True,seeded_ic_v1,49990021,4,0.497,cem,cem_tuned_boundary,opp_m2_12000,0,12000,0,0,0.00995,0.011615,-1.166695,9.986425,0.689054,0.7023852467536926,-0.0036842650733888,0.3416,0.3020756542682647,0.01491981467359555,0.1235444173216819,0.017208388686710353,0.3410244202141287,True,qp_event_allocator_m4_eta0p497_seededfine_cem_m4_eta0p497_seed49990021.csv
True,seeded_ic_v1,49990022,4,0.497,cem,cem_tuned_boundary,opp_m2_12000,0,12000,0,0,-0.026164,0.014519,-3.704552,9.943459,0.718417,0.7325931787490845,-0.0040578301995992,0.3416,0.3126221001148224,0.014020731068969616,0.1076638922095298,0.015252261459363552,0.3112071101053254,True,qp_event_allocator_m4_eta0p497_seededfine_cem_m4_eta0p497_seed49990022.csv
True,seeded_ic_v1,49990023,4,0.497,cem,cem_tuned_boundary,opp_m2_12000,0,12000,0,0,-0.00993,-0.021573,2.497239,10.089254,0.707372,0.7207478880882263,-0.0038906231056898,0.3416,0.3084073960781097,0.013616508686130485,0.1110037192702293,0.01611512249966083,0.2977380389977625,True,qp_event_allocator_m4_eta0p497_seededfine_cem_m4_eta0p497_seed49990023.csv
True,seeded_ic_v1,49990024,4,0.497,cem,cem_tuned_boundary,opp_m2_12000,0,12000,0,0,-0.017585,-0.013797,3.093409,10.146905,0.708717,0.7219424843788147,-0.0037341052666306,0.3416,0.3266404569149017,0.015103426958714356,0.0354659780859947,0.018389685328946605,0.28341897406678523,True,qp_event_allocator_m4_eta0p497_seededfine_cem_m4_eta0p497_seed49990024.csv
True,seeded_ic_v1,49990025,4,0.497,cem,cem_tuned_boundary,opp_m2_12000,0,12000,0,0,-0.016318,0.010548,4.224171,10.043517,0.69761,0.7110103368759155,-0.0036803223192691,0.3416,0.3107938170433044,0.014622267319118082,0.0824906826019287,0.017158894705653027,0.30766746325160965,True,qp_event_allocator_m4_eta0p497_seededfine_cem_m4_eta0p497_seed49990025.csv
True,seeded_ic_v1,49990026,4,0.497,cem,cem_tuned_boundary,opp_m2_12000,0,12000,0,0,0.0232,-0.005002,4.122958,9.777574,0.684625,0.6985886693000793,-0.0040035950951278,0.3416,0.2944179773330688,0.013900225004901432,0.1322822421789169,0.01732818534866705,0.3390347774490694,True,qp_event_allocator_m4_eta0p497_seededfine_cem_m4_eta0p497_seed49990026.csv
True,seeded_ic_v1,49990027,4,0.497,cem,cem_tuned_boundary,opp_m2_12000,0,12000,0,0,-0.010977,-0.022818,-0.091893,10.200802,0.717367,0.7307204604148865,-0.0037936922162771,0.3416,0.3185482621192932,0.015320403812170903,0.0822295695543289,0.0161914585308829,0.29491473146577085,True,qp_event_allocator_m4_eta0p497_seededfine_cem_m4_eta0p497_seed49990027.csv
True,seeded_ic_v1,49990028,4,0.497,cem,cem_tuned_boundary,opp_m2_12000,0,12000,0,0,0.021893,0.013822,-3.370411,9.755827,0.710066,0.7246949672698975,-0.004133335314691,0.3416,0.3177494406700134,0.014296663823236803,0.0930806025862693,0.016293823265980948,0.34754169293936754,True,qp_event_allocator_m4_eta0p497_seededfine_cem_m4_eta0p497_seed49990028.csv
True,seeded_ic_v1,49990029,4,0.497,cem,cem_tuned_boundary,opp_m2_12000,0,12000,0,0,-0.015586,0.010927,2.389531,9.997336,0.711963,0.7258903384208679,-0.0037815964315086,0.3416,0.3132218420505523,0.014664408778412909,0.1210963949561119,0.01734129210884546,0.3255460778030582,True,qp_event_allocator_m4_eta0p497_seededfine_cem_m4_eta0p497_seed49990029.csv
True,seeded_ic_v1,49990030,4,0.497,cem,cem_tuned_boundary,opp_m2_12000,0,12000,0,0,-0.027871,-0.00694,-2.257583,9.802773,0.69743,0.7117008566856384,-0.0041782818734645,0.3416,0.2986723780632019,0.013640030578876215,0.1300701797008514,0.016120498076424173,0.3044326240888074,True,qp_event_allocator_m4_eta0p497_seededfine_cem_m4_eta0p497_seed49990030.csv
True,seeded_ic_v1,50000001,4,0.498,cem,cem_tuned_boundary,opp_m2_12000,0,12000,0,0,-0.003431,-0.012388,-4.674354,9.852731,0.711851,0.7262160181999207,-0.004012044519186,0.3356,0.276674211025238,0.012136407409361281,0.0838416293263435,0.014004101939560035,0.32050515053104145,True,qp_event_allocator_m4_eta0p498_seededfine_cem_m4_eta0p498_seed50000001.csv
True,seeded_ic_v1,50000002,4,0.498,cem,cem_tuned_boundary,opp_m2_12000,0,12000,0,0,-0.000427,-0.024323,1.684539,9.951973,0.704549,0.7183762192726135,-0.0038658224511891,0.3356,0.2839254736900329,0.013400614101064242,0.0765851438045501,0.015165818694877292,0.3145483900463697,True,qp_event_allocator_m4_eta0p498_seededfine_cem_m4_eta0p498_seed50000002.csv
True,seeded_ic_v1,50000003,4,0.498,cem,cem_tuned_boundary,opp_m2_12000,0,12000,0,0,0.015447,0.026165,2.727236,10.059338,0.719766,0.7336111664772034,-0.0039094761013984,0.3356,0.2767244577407837,0.012136181210050287,0.0933002680540084,0.012959501192705721,0.3635346609652136,True,qp_event_allocator_m4_eta0p498_seededfine_cem_m4_eta0p498_seed50000003.csv
True,seeded_ic_v1,50000004,4,0.498,cem,cem_tuned_boundary,opp_m2_12000,0,12000,0,0,-0.008585,0.021267,-1.440074,10.027038,0.69413,0.7074360847473145,-0.0036394100170582,0.3356,0.2813528776168823,0.013134642946814573,0.0631047561764717,0.015300138002916167,0.3344596970500929,True,qp_event_allocator_m4_eta0p498_seededfine_cem_m4_eta0p498_seed50000004.csv
True,seeded_ic_v1,50000005,4,0.498,cem,cem_tuned_boundary,opp_m2_12000,0,12000,0,0,-0.020258,-0.006255,-0.111998,10.173517,0.702738,0.7157773971557617,-0.0035791904665529,0.3356,0.2871914207935333,0.01308306454213047,0.0563070029020309,0.01615572450718396,0.300097815253398,True,qp_event_allocator_m4_eta0p498_seededfine_cem_m4_eta0p498_seed50000005.csv
True,seeded_ic_v1,50000006,4,0.498,cem,cem_tuned_boundary,opp_m2_12000,0,12000,0,0,-0.007534,0.010095,1.438526,10.17614,0.702464,0.7154149413108826,-0.0038192837964743,0.3356,0.2751094400882721,0.012318103916689587,0.062908761203289,0.014491336292958422,0.32391938986348756,True,qp_event_allocator_m4_eta0p498_seededfine_cem_m4_eta0p498_seed50000006.csv
True,seeded_ic_v1,50000007,4,0.498,cem,cem_tuned_boundary,opp_m2_12000,0,12000,0,0,0.024905,-0.014242,0.964291,9.915836,0.705095,0.7190998196601868,-0.0039410819299519,0.3356,0.2796891033649444,0.012082305635870537,0.0572568140923976,0.014012452334093562,0.3320013191702851,True,qp_event_allocator_m4_eta0p498_seededfine_cem_m4_eta0p498_seed50000007.csv
True,seeded_ic_v1,50000008,4,0.498,cem,cem_tuned_boundary,opp_m2_12000,0,12000,0,0,0.011726,-0.007272,0.822764,9.81328,0.699889,0.7140782475471497,-0.0042336452752351,0.3356,0.2721072733402252,0.01227046434610925,0.0808347389101982,0.01506510692060503,0.33689697374301597,True,qp_event_allocator_m4_eta0p498_seededfine_cem_m4_eta0p498_seed50000008.csv
True,seeded_ic_v1,50000009,4,0.498,cem,cem_tuned_boundary,opp_m2_12000,0,12000,0,0,-0.011827,-0.029867,2.378568,9.835616,0.710679,0.7251827120780945,-0.0041206860914826,0.3356,0.2765860855579376,0.012219554353861293,0.063802346587181,0.01522900586081698,0.2985936645898545,True,qp_event_allocator_m4_eta0p498_seededfine_cem_m4_eta0p498_seed50000009.csv
True,seeded_ic_v1,50000010,4,0.498,cem,cem_tuned_boundary,opp_m2_12000,0,12000,0,0,-0.011564,-0.023115,2.355934,10.033156,0.686734,0.6999295353889465,-0.0037153367884457,0.3356,0.2668476700782776,0.012635667725788939,0.1119824275374412,0.015072383878917439,0.3220014097910977,True,qp_event_allocator_m4_eta0p498_seededfine_cem_m4_eta0p498_seed50000010.csv
True,seeded_ic_v1,50000011,4,0.498,cem,cem_tuned_boundary,opp_m2_12000,0,12000,0,0,0.021705,-0.00445,0.740927,9.903383,0.682818,0.696300745010376,-0.0038429184351116,0.3356,0.2650285959243774,0.012592374463985229,0.086592212319374,0.012927955847749941,0.3476087997077123,True,qp_event_allocator_m4_eta0p498_seededfine_cem_m4_eta0p498_seed50000011.csv
True,seeded_ic_v1,50000012,4,0.498,cem,cem_tuned_boundary,opp_m2_12000,0,12000,0,0,0.004913,0.023012,2.731961,9.951315,0.69479,0.7084665894508362,-0.0034449421800673,0.3356,0.2866681814193725,0.014129650240564324,0.0796827301383018,0.015102871229299694,0.34026505911024385,True,qp_event_allocator_m4_eta0p498_seededfine_cem_m4_eta0p498_seed50000012.csv
True,seeded_ic_v1,50000013,4,0.498,cem,cem_tuned_boundary,opp_m2_12000,0,12000,0,0,-0.012741,0.020451,1.77043,10.098576,0.716191,0.7297763228416443,-0.0039521311409771,0.3356,0.2892667055130005,0.012811189697551302,0.0405062735080719,0.014172434015859948,0.32499109610900734,True,qp_event_allocator_m4_eta0p498_seededfine_cem_m4_eta0p498_seed50000013.csv
True,seeded_ic_v1,50000014,4,0.498,cem,cem_tuned_boundary,opp_m2_12000,0,12000,0,0,0.025269,0.017381,4.612173,10.072382,0.700712,0.7139914631843567,-0.0037656796630471,0.3356,0.2687622606754303,0.011706095025994949,0.083484336733818,0.014017658955770115,0.3626292176150606,True,qp_event_allocator_m4_eta0p498_seededfine_cem_m4_eta0p498_seed50000014.csv
True,seeded_ic_v1,50000015,4,0.498,cem,cem_tuned_boundary,opp_m2_12000,0,12000,0,0,0.022062,0.004019,-0.989153,10.187284,0.707903,0.7209997773170471,-0.0035137762315571,0.3356,0.2781698703765869,0.012191870421458091,0.041255097836256,0.014251259301906391,0.32997069281508484,True,qp_event_allocator_m4_eta0p498_seededfine_cem_m4_eta0p498_seed50000015.csv
True,seeded_ic_v1,50000016,4,0.498,cem,cem_tuned_boundary,opp_m2_12000,0,12000,0,0,0.028491,-0.006885,0.670084,9.943355,0.698859,0.7127183079719543,-0.0037433647084981,0.3356,0.2744677662849426,0.014652636973646167,0.167315736413002,0.013843226177587927,0.37191661827734845,True,qp_event_allocator_m4_eta0p498_seededfine_cem_m4_eta0p498_seed50000016.csv
True,seeded_ic_v1,50000017,4,0.498,cem,cem_tuned_boundary,opp_m2_12000,0,12000,0,0,0.01323,-0.012437,2.002682,10.019679,0.685171,0.697914183139801,-0.0035935319028794,0.3356,0.2703088223934173,0.01282229491864299,0.0883006677031517,0.015100465539562553,0.33034326090097765,True,qp_event_allocator_m4_eta0p498_seededfine_cem_m4_eta0p498_seed50000017.csv
True,seeded_ic_v1,50000018,4,0.498,cem,cem_tuned_boundary,opp_m2_12000,0,12000,0,0,0.015485,0.002145,0.940893,10.041024,0.682068,0.6950638294219971,-0.0035485585685819,0.3356,0.2758381962776184,0.012118403553999953,0.0575968623161315,0.015673935710833625,0.32681629189323114,True,qp_event_allocator_m4_eta0p498_seededfine_cem_m4_eta0p498_seed50000018.csv
True,seeded_ic_v1,50000019,4,0.498,cem,cem_tuned_boundary,opp_m2_12000,0,12000,0,0,0.018196,-0.028696,0.830579,9.794088,0.699578,0.713898241519928,-0.0042150914669036,0.3356,0.2773413360118866,0.012833896687691328,0.0818793103098869,0.013182955628431334,0.32947391918944197,True,qp_event_allocator_m4_eta0p498_seededfine_cem_m4_eta0p498_seed50000019.csv
True,seeded_ic_v1,50000020,4,0.498,cem,cem_tuned_boundary,opp_m2_12000,0,12000,0,0,0.01746,-0.008658,-0.765942,9.918782,0.716907,0.7312353849411011,-0.004065204411745,0.3356,0.2799667716026306,0.012202609850734576,0.0948342010378837,0.014022730083668734,0.34269582364523377,True,qp_event_allocator_m4_eta0p498_seededfine_cem_m4_eta0p498_seed50000020.csv
True,seeded_ic_v1,50000021,4,0.498,cem,cem_tuned_boundary,opp_m2_12000,0,12000,0,0,0.025566,-0.027874,3.63442,10.018387,0.711655,0.7254979014396667,-0.0038944298867136,0.3356,0.2895209193229675,0.013387584507390655,0.0554360970854759,0.015102728848429517,0.324543092102715,True,qp_event_allocator_m4_eta0p498_seededfine_cem_m4_eta0p498_seed50000021.csv
True,seeded_ic_v1,50000022,4,0.498,cem,cem_tuned_boundary,opp_m2_12000,0,12000,0,0,0.015911,-0.027606,3.401441,10.027151,0.693382,0.7066130042076111,-0.0036899626720696,0.3356,0.2700557708740234,0.012452402188095983,0.0773818790912628,0.01507770158638857,0.32403659827325904,True,qp_event_allocator_m4_eta0p498_seededfine_cem_m4_eta0p498_seed50000022.csv
True,seeded_ic_v1,50000023,4,0.498,cem,cem_tuned_boundary,opp_m2_12000,0,12000,0,0,-0.025724,0.017838,1.805672,10.173019,0.684048,0.6966074109077454,-0.0034944305662065,0.3356,0.2788879573345184,0.012949914034907927,0.0616397000849247,0.017342405778407028,0.31068537622870906,True,qp_event_allocator_m4_eta0p498_seededfine_cem_m4_eta0p498_seed50000023.csv
True,seeded_ic_v1,50000024,4,0.498,cem,cem_tuned_boundary,opp_m2_12000,0,12000,0,0,-0.018614,-0.004078,-1.599107,9.984645,0.692797,0.7062310576438904,-0.0036351676099002,0.3356,0.2754925489425659,0.012412225383463878,0.0551803633570671,0.014092962262337333,0.30425265102996435,True,qp_event_allocator_m4_eta0p498_seededfine_cem_m4_eta0p498_seed50000024.csv
True,seeded_ic_v1,50000025,4,0.498,cem,cem_tuned_boundary,opp_m2_12000,0,12000,0,0,0.021915,0.013673,-1.731797,10.159745,0.698459,0.7114090323448181,-0.0038361737970262,0.3356,0.272907555103302,0.012234695302826705,0.0594487451016902,0.014051796784892491,0.35061053408981185,True,qp_event_allocator_m4_eta0p498_seededfine_cem_m4_eta0p498_seed50000025.csv
True,seeded_ic_v1,50000026,4,0.498,cem,cem_tuned_boundary,opp_m2_12000,0,12000,0,0,-0.0255,-0.02485,1.298953,9.986298,0.712151,0.7261022925376892,-0.0038498947396874,0.3356,0.2829548716545105,0.012259408313515834,0.046071283519268,0.014038247327152071,0.282724108866862,True,qp_event_allocator_m4_eta0p498_seededfine_cem_m4_eta0p498_seed50000026.csv
True,seeded_ic_v1,50000027,4,0.498,cem,cem_tuned_boundary,opp_m2_12000,0,12000,0,0,-0.004681,0.005485,3.165194,9.753492,0.711165,0.7259566783905029,-0.0042344606481492,0.3356,0.2850092947483063,0.013112354973664635,0.0651451870799064,0.014050940205261394,0.3281759607208965,True,qp_event_allocator_m4_eta0p498_seededfine_cem_m4_eta0p498_seed50000027.csv
True,seeded_ic_v1,50000028,4,0.498,cem,cem_tuned_boundary,opp_m2_12000,0,12000,0,0,-0.025016,0.023421,1.195079,10.137974,0.705039,0.7182124853134155,-0.0039264587685465,0.3356,0.271901786327362,0.011783017759525713,0.0669688731431961,0.015089270123830276,0.3258895574852197,True,qp_event_allocator_m4_eta0p498_seededfine_cem_m4_eta0p498_seed50000028.csv
True,seeded_ic_v1,50000029,4,0.498,cem,cem_tuned_boundary,opp_m2_12000,0,12000,0,0,0.016671,-0.002515,-1.750185,10.246845,0.692019,0.7044364213943481,-0.0037348186597228,0.3356,0.2843634188175201,0.013116922866673611,0.058322574943304,0.015251830225504791,0.33092041100855385,True,qp_event_allocator_m4_eta0p498_seededfine_cem_m4_eta0p498_seed50000029.csv
True,seeded_ic_v1,50000030,4,0.498,cem,cem_tuned_boundary,opp_m2_12000,0,12000,0,0,-0.026164,-0.025821,0.717688,10.23691,0.688268,0.7007122039794922,-0.0035896860063076,0.3356,0.2654731869697571,0.012330296658117504,0.0837087407708168,0.0140185007436733,0.29179773062900394,True,qp_event_allocator_m4_eta0p498_seededfine_cem_m4_eta0p498_seed50000030.csv
True,seeded_ic_v1,14940001,1,0.492,qplite,qplite_builtin,opp_m3_12000,0,0,12000,0,-0.026019,-0.020359,0.38379,10.183383,0.714025,0.727317750453949,-0.0037887946236878,0.3716,0.4449443519115448,0.03595451625767991,0.0640916749835014,0.032163816768743934,0.2827774682186931,False,qp_event_allocator_m1_eta0p492_seededfine_qplite_m1_eta0p492_seed14940001.csv
True,seeded_ic_v1,14940002,1,0.492,qplite,qplite_builtin,opp_m3_12000,0,0,12000,0,0.020004,0.020286,-3.027958,10.097177,0.711182,0.724727988243103,-0.0037257648073136,0.3716,0.4508264660835266,0.03482514620470625,0.1087736561894416,0.035705314163756004,0.29552177169136257,False,qp_event_allocator_m1_eta0p492_seededfine_qplite_m1_eta0p492_seed14940002.csv
True,seeded_ic_v1,14940003,1,0.492,qplite,qplite_builtin,opp_m3_12000,0,0,12000,0,0.008126,0.026126,1.753024,10.114673,0.694141,0.7071415185928345,-0.0037574172019958,0.3716,0.4374803900718689,0.03673782168514326,0.0700226128101348,0.03278094536716887,0.28809664297732207,False,qp_event_allocator_m1_eta0p492_seededfine_qplite_m1_eta0p492_seed14940003.csv
True,seeded_ic_v1,14940004,1,0.492,qplite,qplite_builtin,opp_m3_12000,0,0,12000,0,0.001825,0.014838,0.960242,9.977419,0.70922,0.7230712175369263,-0.0038537292275577,0.3716,0.4372746646404266,0.03694708825185394,0.0206923708319664,0.031121755481136455,0.29296810417205565,False,qp_event_allocator_m1_eta0p492_seededfine_qplite_m1_eta0p492_seed14940004.csv
True,seeded_ic_v1,14940005,1,0.492,qplite,qplite_builtin,opp_m3_12000,0,0,12000,0,-0.017834,-0.029824,1.43667,9.906307,0.696203,0.7098668217658997,-0.0041207713074982,0.3716,0.4397676289081573,0.036711112169188195,0.0536586567759513,0.03188422905411695,0.2997955590011844,False,qp_event_allocator_m1_eta0p492_seededfine_qplite_m1_eta0p492_seed14940005.csv
True,seeded_ic_v1,14940006,1,0.492,qplite,qplite_builtin,opp_m3_12000,0,0,12000,0,-0.002091,-0.023078,0.96329,9.965981,0.694644,0.7080769538879395,-0.0036645417567342,0.3716,0.4301989674568176,0.037857260949056414,0.0075897732749581,0.03311647348106052,0.31512466634701514,False,qp_event_allocator_m1_eta0p492_seededfine_qplite_m1_eta0p492_seed14940006.csv
True,seeded_ic_v1,14940007,1,0.492,qplite,qplite_builtin,opp_m3_12000,0,0,12000,0,0.022654,0.003424,4.986195,10.240559,0.690982,0.7034831643104553,-0.0037742799613624,0.3716,0.4426862597465515,0.035391183431405814,0.1408810913562774,0.037499137708331506,0.3103259775308309,False,qp_event_allocator_m1_eta0p492_seededfine_qplite_m1_eta0p492_seed14940007.csv
True,seeded_ic_v1,14940008,1,0.492,qplite,qplite_builtin,opp_m3_12000,0,0,12000,0,-0.021275,0.000524,-2.4603,9.892911,0.687347,0.7009225487709045,-0.0041680838912725,0.3716,0.4404497742652893,0.03551362202131309,0.1185171976685524,0.0344408094501675,0.27545082274091326,False,qp_event_allocator_m1_eta0p492_seededfine_qplite_m1_eta0p492_seed14940008.csv
True,seeded_ic_v1,14940009,1,0.492,qplite,qplite_builtin,opp_m3_12000,0,0,12000,0,-0.006651,-0.010048,0.805753,9.992191,0.702826,0.7166064977645874,-0.0037762832362204,0.3716,0.4423003494739532,0.03460648011383644,0.1316694170236587,0.03477808341088425,0.28279987558364494,False,qp_event_allocator_m1_eta0p492_seededfine_qplite_m1_eta0p492_seed14940009.csv
True,seeded_ic_v1,14940010,1,0.492,qplite,qplite_builtin,opp_m3_12000,0,0,12000,0,-0.016824,0.003932,3.135944,10.226736,0.708609,0.7215081453323364,-0.003767522983253,0.3716,0.4471253752708435,0.03459585241338276,0.170482650399208,0.03805829922072923,0.27446329734017366,False,qp_event_allocator_m1_eta0p492_seededfine_qplite_m1_eta0p492_seed14940010.csv
True,seeded_ic_v1,14940011,1,0.492,qplite,qplite_builtin,opp_m3_12000,0,0,12000,0,-0.020256,-0.000304,-3.922418,9.92384,0.688533,0.7020564079284668,-0.0037270088214427,0.3716,0.4366954565048218,0.03585023335095004,0.1090723648667335,0.03458607764898787,0.2748450535246013,False,qp_event_allocator_m1_eta0p492_seededfine_qplite_m1_eta0p492_seed14940011.csv
True,seeded_ic_v1,14940012,1,0.492,qplite,qplite_builtin,opp_m3_12000,0,0,12000,0,0.007591,-0.019797,2.187969,9.759625,0.709228,0.7239571213722229,-0.0041096908971667,0.3716,0.4612619578838348,0.034332075887263835,0.144865944981575,0.03490220424179616,0.3016021093007043,False,qp_event_allocator_m1_eta0p492_seededfine_qplite_m1_eta0p492_seed14940012.csv
True,seeded_ic_v1,14940013,1,0.492,qplite,qplite_builtin,opp_m3_12000,0,0,12000,0,-0.02428,0.014116,-3.994696,10.143084,0.70227,0.7153830528259277,-0.0039743767119944,0.3716,0.433132141828537,0.03755770306567584,0.0033053972292691,0.03267461991621907,0.27139358672446445,False,qp_event_allocator_m1_eta0p492_seededfine_qplite_m1_eta0p492_seed14940013.csv
True,seeded_ic_v1,14940014,1,0.492,qplite,qplite_builtin,opp_m3_12000,0,0,12000,0,0.010069,-0.01211,-4.320989,9.888666,0.700437,0.7143679261207581,-0.0038943674881011,0.3716,0.4428415596485138,0.03536694673846892,0.1129645630717277,0.03395958284086697,0.30560743183430467,False,qp_event_allocator_m1_eta0p492_seededfine_qplite_m1_eta0p492_seed14940014.csv
True,seeded_ic_v1,14940015,1,0.492,qplite,qplite_builtin,opp_m3_12000,0,0,12000,0,-0.002409,-0.028697,-2.616132,9.969343,0.710441,0.7242752313613892,-0.0039991466328501,0.3716,0.4512165486812591,0.03446775542520742,0.1293780207633972,0.034792912518882134,0.29723513401657714,False,qp_event_allocator_m1_eta0p492_seededfine_qplite_m1_eta0p492_seed14940015.csv
True,seeded_ic_v1,14940016,1,0.492,qplite,qplite_builtin,opp_m3_12000,0,0,12000,0,0.01106,-0.01886,3.156746,9.966378,0.684111,0.6973629593849182,-0.0036460610572248,0.3716,0.4373215734958648,0.03669678979378768,0.0952871069312095,0.03376486845162667,0.31658735296704327,False,qp_event_allocator_m1_eta0p492_seededfine_qplite_m1_eta0p492_seed14940016.csv
True,seeded_ic_v1,14940017,1,0.492,qplite,qplite_builtin,opp_m3_12000,0,0,12000,0,-0.018269,0.029725,-0.940021,9.753196,0.692426,0.7067604064941406,-0.0040160459466278,0.3716,0.4361656904220581,0.03633134528325816,0.0846391320228576,0.03529783483575343,0.2633401067010112,False,qp_event_allocator_m1_eta0p492_seededfine_qplite_m1_eta0p492_seed14940017.csv
True,seeded_ic_v1,14940018,1,0.492,qplite,qplite_builtin,opp_m3_12000,0,0,12000,0,0.002367,-0.029291,4.070656,9.764046,0.681289,0.6952886581420898,-0.0036780019290745,0.3716,0.4307526648044586,0.03598021701766876,0.1285645812749862,0.03859736509799324,0.31450099675911786,False,qp_event_allocator_m1_eta0p492_seededfine_qplite_m1_eta0p492_seed14940018.csv
True,seeded_ic_v1,14940019,1,0.492,qplite,qplite_builtin,opp_m3_12000,0,0,12000,0,-0.007667,-0.006462,-3.968088,10.096472,0.712736,0.7262944579124451,-0.0037772723007947,0.3716,0.4448153078556061,0.03541598361473109,0.0957247763872146,0.03505824567808474,0.284507077641744,False,qp_event_allocator_m1_eta0p492_seededfine_qplite_m1_eta0p492_seed14940019.csv
True,seeded_ic_v1,14940020,1,0.492,qplite,qplite_builtin,opp_m3_12000,0,0,12000,0,-0.023552,0.006492,3.708858,10.152344,0.709697,0.7229295372962952,-0.0037315962836146,0.3716,0.4476068019866943,0.03632097988224917,0.0670145750045776,0.033914402694310904,0.27111259928643977,False,qp_event_allocator_m1_eta0p492_seededfine_qplite_m1_eta0p492_seed14940020.csv
True,seeded_ic_v1,14940021,1,0.492,qplite,qplite_builtin,opp_m3_12000,0,0,12000,0,0.010474,0.024979,-4.487015,9.847689,0.718821,0.7334077954292297,-0.0044176755473017,0.3716,0.4527279734611511,0.03674055869010945,0.0800568014383316,0.03418450991010882,0.2936968347001914,False,qp_event_allocator_m1_eta0p492_seededfine_qplite_m1_eta0p492_seed14940021.csv
True,seeded_ic_v1,14940022,1,0.492,qplite,qplite_builtin,opp_m3_12000,0,0,12000,0,0.023767,-0.007064,-4.501793,9.896895,0.697293,0.7112348675727844,-0.0037535335868597,0.3716,0.4488629996776581,0.03356026704919497,0.1748989969491958,0.03368599214727002,0.30764014645339743,False,qp_event_allocator_m1_eta0p492_seededfine_qplite_m1_eta0p492_seed14940022.csv
True,seeded_ic_v1,14940023,1,0.492,qplite,qplite_builtin,opp_m3_12000,0,0,12000,0,0.002251,0.026434,-4.367374,9.790808,0.694721,0.7088721394538879,-0.0038935081101953,0.3716,0.4422603547573089,0.03438797569350647,0.1329355090856552,0.03312219430109009,0.27170827849395196,False,qp_event_allocator_m1_eta0p492_seededfine_qplite_m1_eta0p492_seed14940023.csv
True,seeded_ic_v1,14940024,1,0.492,qplite,qplite_builtin,opp_m3_12000,0,0,12000,0,0.026098,-0.027973,4.35404,9.876945,0.682146,0.6955935955047607,-0.0039341025985777,0.3716,0.4337734878063202,0.03426440645820545,0.1502387672662735,0.03427468574883826,0.3259949558817098,False,qp_event_allocator_m1_eta0p492_seededfine_qplite_m1_eta0p492_seed14940024.csv
True,seeded_ic_v1,14940025,1,0.492,qplite,qplite_builtin,opp_m3_12000,0,0,12000,0,-0.008554,-0.006734,0.253129,10.096444,0.700007,0.7132888436317444,-0.0038817457389086,0.3716,0.4420146942138672,0.035239329790852224,0.1120444983243942,0.03409102570749392,0.28453034399600413,False,qp_event_allocator_m1_eta0p492_seededfine_qplite_m1_eta0p492_seed14940025.csv
True,seeded_ic_v1,14940026,1,0.492,qplite,qplite_builtin,opp_m3_12000,0,0,12000,0,0.028983,-0.020284,2.090414,9.750993,0.70927,0.724061906337738,-0.0043824319727718,0.3716,0.4628027379512787,0.0353215738767498,0.126854121685028,0.03548080735017658,0.3235383181325906,False,qp_event_allocator_m1_eta0p492_seededfine_qplite_m1_eta0p492_seed14940026.csv
True,seeded_ic_v1,14940027,1,0.492,qplite,qplite_builtin,opp_m3_12000,0,0,12000,0,-0.016144,0.023747,0.608552,10.161747,0.68073,0.693264901638031,-0.0036446952726691,0.3716,0.4391519427299499,0.033909911217053626,0.184763491153717,0.03759388329372983,0.2606959711250284,False,qp_event_allocator_m1_eta0p492_seededfine_qplite_m1_eta0p492_seed14940027.csv
True,seeded_ic_v1,14940028,1,0.492,qplite,qplite_builtin,opp_m3_12000,0,0,12000,0,-0.009581,0.007813,-2.282948,9.895191,0.695215,0.7090650200843811,-0.0037292041815817,0.3716,0.4444298148155212,0.03577041200512877,0.1242565065622329,0.035227373016952175,0.27784698499295635,False,qp_event_allocator_m1_eta0p492_seededfine_qplite_m1_eta0p492_seed14940028.csv
True,seeded_ic_v1,14940029,1,0.492,qplite,qplite_builtin,opp_m3_12000,0,0,12000,0,-0.026368,-0.022053,-0.606193,9.879005,0.696202,0.7101210951805115,-0.0036975317634642,0.3716,0.4301966428756714,0.036555326532423285,0.0296911317855119,0.03265931440992661,0.2920213623505962,False,qp_event_allocator_m1_eta0p492_seededfine_qplite_m1_eta0p492_seed14940029.csv
True,seeded_ic_v1,14940030,1,0.492,qplite,qplite_builtin,opp_m3_12000,0,0,12000,0,0.008013,-0.010185,3.51558,9.966573,0.686173,0.6995355486869812,-0.0037623010575771,0.3716,0.4381378591060638,0.03440520908287368,0.1485166996717453,0.035203442643661105,0.3007580549350445,False,qp_event_allocator_m1_eta0p492_seededfine_qplite_m1_eta0p492_seed14940030.csv
True,seeded_ic_v1,14950001,1,0.493,qplite,qplite_builtin,opp_m3_11000,0,0,11000,0,-0.006571,0.021819,-3.538336,10.228689,0.703523,0.716343343257904,-0.0037662989925593,0.3678,0.4390377104282379,0.02700005510932626,0.1313930600881576,0.03407573672643728,0.24836593655769656,False,qp_event_allocator_m1_eta0p493_seededfine_qplite_m1_eta0p493_seed14950001.csv
True,seeded_ic_v1,14950002,1,0.493,qplite,qplite_builtin,opp_m3_11000,0,0,11000,0,0.026997,0.003857,0.444406,10.231392,0.68272,0.6950581669807434,-0.0034206435084342,0.3678,0.42428719997406,0.026153273390454437,0.1643723100423813,0.0324584406761078,0.2865911229373044,False,qp_event_allocator_m1_eta0p493_seededfine_qplite_m1_eta0p493_seed14950002.csv
True,seeded_ic_v1,14950003,1,0.493,qplite,qplite_builtin,opp_m3_11000,0,0,11000,0,0.003558,0.002856,-0.508325,9.82948,0.686335,0.7002001404762268,-0.0039546834304928,0.3678,0.4188994169235229,0.028256128391235178,0.1060181111097335,0.03416713755822467,0.2744411501843285,False,qp_event_allocator_m1_eta0p493_seededfine_qplite_m1_eta0p493_seed14950003.csv
True,seeded_ic_v1,14950004,1,0.493,qplite,qplite_builtin,opp_m3_11000,0,0,11000,0,0.025759,-0.003712,4.783593,9.891222,0.701614,0.7157381772994995,-0.004050965886563,0.3678,0.4413986504077911,0.028804817016877645,0.1170101687312126,0.03565868163864208,0.29032312188309956,False,qp_event_allocator_m1_eta0p493_seededfine_qplite_m1_eta0p493_seed14950004.csv
True,seeded_ic_v1,14950005,1,0.493,qplite,qplite_builtin,opp_m3_11000,0,0,11000,0,0.00957,-0.020653,1.206415,10.210472,0.702649,0.7154163122177124,-0.0038253972306847,0.3678,0.4274680018424988,0.03023873998167168,0.0578455850481987,0.03464437731997372,0.2924644218342209,False,qp_event_allocator_m1_eta0p493_seededfine_qplite_m1_eta0p493_seed14950005.csv
True,seeded_ic_v1,14950006,1,0.493,qplite,qplite_builtin,opp_m3_11000,0,0,11000,0,-0.021749,-0.00412,-3.468066,9.948625,0.699053,0.7127635478973389,-0.0036277447361499,0.3678,0.4399013221263885,0.02864103123540481,0.1107919886708259,0.03614017441961062,0.2557860833752499,False,qp_event_allocator_m1_eta0p493_seededfine_qplite_m1_eta0p493_seed14950006.csv
True,seeded_ic_v1,14950007,1,0.493,qplite,qplite_builtin,opp_m3_11000,0,0,11000,0,0.009208,-0.02843,-2.522556,9.824442,0.693239,0.707274854183197,-0.0038392504211515,0.3678,0.437007337808609,0.029629141198717072,0.0880053639411926,0.03530446063646206,0.29661804665848945,False,qp_event_allocator_m1_eta0p493_seededfine_qplite_m1_eta0p493_seed14950007.csv
True,seeded_ic_v1,14950008,1,0.493,qplite,qplite_builtin,opp_m3_11000,0,0,11000,0,-0.007102,-0.028173,1.041462,9.858679,0.711169,0.725578784942627,-0.0038535115309059,0.3678,0.4328677058219909,0.030324716287911394,0.0534183792769908,0.03195865721129962,0.2883346411654082,False,qp_event_allocator_m1_eta0p493_seededfine_qplite_m1_eta0p493_seed14950008.csv
True,seeded_ic_v1,14950009,1,0.493,qplite,qplite_builtin,opp_m3_11000,0,0,11000,0,-0.005098,0.019837,-1.380663,10.169956,0.702391,0.7153703570365906,-0.0037833692040294,0.3678,0.4206599593162536,0.030919491880571325,0.0167498812079429,0.03133174384860689,0.26840793318139533,False,qp_event_allocator_m1_eta0p493_seededfine_qplite_m1_eta0p493_seed14950009.csv
True,seeded_ic_v1,14950010,1,0.493,qplite,qplite_builtin,opp_m3_11000,0,0,11000,0,0.012442,0.021676,1.824126,10.209717,0.702031,0.71487957239151,-0.0036974609829485,0.3678,0.4324257373809814,0.027223672293587263,0.1230701729655265,0.03298812600717834,0.26299209764343573,False,qp_event_allocator_m1_eta0p493_seededfine_qplite_m1_eta0p493_seed14950010.csv
True,seeded_ic_v1,14950011,1,0.493,qplite,qplite_builtin,opp_m3_11000,0,0,11000,0,0.00778,-0.02861,1.858833,10.049803,0.710687,0.7243436574935913,-0.0038763361517339,0.3678,0.4329800307750702,0.030130633817731907,0.0606985874474048,0.031330363155557366,0.29796321314184476,False,qp_event_allocator_m1_eta0p493_seededfine_qplite_m1_eta0p493_seed14950011.csv
True,seeded_ic_v1,14950012,1,0.493,qplite,qplite_builtin,opp_m3_11000,0,0,11000,0,-0.014664,0.002741,-4.193651,9.819964,0.713862,0.728489100933075,-0.0043112924322485,0.3678,0.4416223764419555,0.029451966968472788,0.0896272659301757,0.03144132489677997,0.25671635053869957,False,qp_event_allocator_m1_eta0p493_seededfine_qplite_m1_eta0p493_seed14950012.csv
True,seeded_ic_v1,14950013,1,0.493,qplite,qplite_builtin,opp_m3_11000,0,0,11000,0,0.018858,0.000119,1.855022,10.243949,0.691506,0.7040278315544128,-0.0036921899300068,0.3678,0.4272288680076599,0.029584440918622806,0.0686959475278854,0.03433659218099956,0.2910250551741856,False,qp_event_allocator_m1_eta0p493_seededfine_qplite_m1_eta0p493_seed14950013.csv
True,seeded_ic_v1,14950014,1,0.493,qplite,qplite_builtin,opp_m3_11000,0,0,11000,0,0.004277,-0.022569,-1.288729,9.832834,0.718153,0.7327908873558044,-0.0040898472070693,0.3678,0.4422348141670227,0.030144737144096056,0.0750598981976509,0.03135290371990104,0.2922046859469314,False,qp_event_allocator_m1_eta0p493_seededfine_qplite_m1_eta0p493_seed14950014.csv
True,seeded_ic_v1,14950015,1,0.493,qplite,qplite_builtin,opp_m3_11000,0,0,11000,0,-0.024715,0.022446,2.447283,9.872594,0.685471,0.6991112232208252,-0.0040335659869015,0.3678,0.4215155243873596,0.030592633940893614,0.0318051762878894,0.03325237910083252,0.24298831346089245,False,qp_event_allocator_m1_eta0p493_seededfine_qplite_m1_eta0p493_seed14950015.csv
True,seeded_ic_v1,14950016,1,0.493,qplite,qplite_builtin,opp_m3_11000,0,0,11000,0,0.015203,0.028837,-1.780429,10.111598,0.689231,0.7021079659461975,-0.0038451778236776,0.3678,0.4463697075843811,0.025101171733204777,0.2716521918773651,0.038197701060518556,0.25532584991654483,False,qp_event_allocator_m1_eta0p493_seededfine_qplite_m1_eta0p493_seed14950016.csv
True,seeded_ic_v1,14950017,1,0.493,qplite,qplite_builtin,opp_m3_11000,0,0,11000,0,-0.019486,0.01796,4.337907,9.899304,0.689864,0.7035558223724365,-0.0038905276451259,0.3678,0.4271448850631714,0.02998593754470312,0.0639067962765693,0.03419270750497265,0.251048283640064,False,qp_event_allocator_m1_eta0p493_seededfine_qplite_m1_eta0p493_seed14950017.csv
True,seeded_ic_v1,14950018,1,0.493,qplite,qplite_builtin,opp_m3_11000,0,0,11000,0,-0.016416,-0.023656,3.661244,10.142537,0.699205,0.7123100757598877,-0.0037553876172751,0.3678,0.4314112663269043,0.029985039949168183,0.0615611486136913,0.03470545536247794,0.273469697946158,False,qp_event_allocator_m1_eta0p493_seededfine_qplite_m1_eta0p493_seed14950018.csv
True,seeded_ic_v1,14950019,1,0.493,qplite,qplite_builtin,opp_m3_11000,0,0,11000,0,0.014633,-0.020609,-0.008381,9.938285,0.698437,0.7121515870094299,-0.0038414197042584,0.3678,0.4411307573318481,0.029018063318997037,0.1069829016923904,0.038233848389071054,0.29388185983265613,False,qp_event_allocator_m1_eta0p493_seededfine_qplite_m1_eta0p493_seed14950019.csv
True,seeded_ic_v1,14950020,1,0.493,qplite,qplite_builtin,opp_m3_11000,0,0,11000,0,0.011214,-0.024579,3.663292,10.219793,0.690983,0.7035884261131287,-0.0036935992538928,0.3678,0.4293211996555328,0.029859693683275956,0.0629360973834991,0.03289543037243446,0.2976564323766975,False,qp_event_allocator_m1_eta0p493_seededfine_qplite_m1_eta0p493_seed14950020.csv
True,seeded_ic_v1,14950021,1,0.493,qplite,qplite_builtin,opp_m3_11000,0,0,11000,0,0.019225,0.005878,2.690431,9.88923,0.683727,0.6973399519920349,-0.0036893372889608,0.3678,0.4262160658836365,0.02866462888436356,0.1195633634924888,0.035917654071183705,0.28454687619736585,False,qp_event_allocator_m1_eta0p493_seededfine_qplite_m1_eta0p493_seed14950021.csv
True,seeded_ic_v1,14950022,1,0.493,qplite,qplite_builtin,opp_m3_11000,0,0,11000,0,-0.01124,-0.023315,3.020222,10.007474,0.702044,0.7155966758728027,-0.0037101451307535,0.3678,0.4306536018848419,0.030198114251577497,0.0538555271923542,0.034368059009145656,0.27638224076654583,False,qp_event_allocator_m1_eta0p493_seededfine_qplite_m1_eta0p493_seed14950022.csv
True,seeded_ic_v1,14950023,1,0.493,qplite,qplite_builtin,opp_m3_11000,0,0,11000,0,-0.016884,-0.005649,-4.815536,10.00143,0.717042,0.7311049103736877,-0.0039575858972966,0.3678,0.4315384924411773,0.033289387184100995,0.1017498597502708,0.031977218890699564,0.27954608824446214,False,qp_event_allocator_m1_eta0p493_seededfine_qplite_m1_eta0p493_seed14950023.csv
True,seeded_ic_v1,14950024,1,0.493,qplite,qplite_builtin,opp_m3_11000,0,0,11000,0,-0.025851,-0.022197,3.129095,10.114447,0.702699,0.7159230709075928,-0.0038404872175306,0.3678,0.4225777089595794,0.02992841852959497,0.0503187514841556,0.032825643661800026,0.26744141808052374,False,qp_event_allocator_m1_eta0p493_seededfine_qplite_m1_eta0p493_seed14950024.csv
True,seeded_ic_v1,14950025,1,0.493,qplite,qplite_builtin,opp_m3_11000,0,0,11000,0,-0.028533,0.016585,3.466011,10.153108,0.687623,0.7003362774848938,-0.0038962473627179,0.3678,0.4279752671718597,0.029044110540535625,0.1018035784363746,0.03642775724267542,0.24115493548640818,False,qp_event_allocator_m1_eta0p493_seededfine_qplite_m1_eta0p493_seed14950025.csv
True,seeded_ic_v1,14950026,1,0.493,qplite,qplite_builtin,opp_m3_11000,0,0,11000,0,0.027927,0.010598,-4.220695,9.816577,0.707842,0.7223579287528992,-0.0041293855756521,0.3678,0.4469971656799316,0.02772432225739555,0.1448616534471511,0.03351758305670604,0.28215950139241097,False,qp_event_allocator_m1_eta0p493_seededfine_qplite_m1_eta0p493_seed14950026.csv
True,seeded_ic_v1,14950027,1,0.493,qplite,qplite_builtin,opp_m3_11000,0,0,11000,0,-0.015844,-0.025599,3.933262,10.141644,0.702497,0.7156819701194763,-0.0038311639800667,0.3678,0.4277003407478332,0.0293568095243281,0.0630971044301986,0.03133209898241358,0.2758043517619925,False,qp_event_allocator_m1_eta0p493_seededfine_qplite_m1_eta0p493_seed14950027.csv
True,seeded_ic_v1,14950028,1,0.493,qplite,qplite_builtin,opp_m3_11000,0,0,11000,0,-0.001019,-0.000707,4.497332,9.833258,0.713863,0.7284409999847412,-0.0040840953588485,0.3678,0.4366978108882904,0.02965878101467845,0.0604517497122287,0.03227270045569851,0.2737512086521359,False,qp_event_allocator_m1_eta0p493_seededfine_qplite_m1_eta0p493_seed14950028.csv
True,seeded_ic_v1,14950029,1,0.493,qplite,qplite_builtin,opp_m3_11000,0,0,11000,0,-0.028232,-0.025734,-4.695112,9.813689,0.711193,0.7257664799690247,-0.0039068022742867,0.3678,0.4385973811149597,0.027669743715785528,0.0936812683939933,0.03218262046742057,0.26192676143891774,False,qp_event_allocator_m1_eta0p493_seededfine_qplite_m1_eta0p493_seed14950029.csv
True,seeded_ic_v1,14950030,1,0.493,qplite,qplite_builtin,opp_m3_11000,0,0,11000,0,-0.022351,0.000199,-3.745444,10.178339,0.706602,0.7196956872940063,-0.003763236105442,0.3678,0.4324148595333099,0.028850761656426655,0.0866476073861122,0.032013366082171014,0.2522736085896227,False,qp_event_allocator_m1_eta0p493_seededfine_qplite_m1_eta0p493_seed14950030.csv
True,seeded_ic_v1,14960001,1,0.494,qplite,qplite_builtin,opp_m3_11000,0,0,11000,0,-0.022297,0.008574,1.685389,10.077691,0.712295,0.7258947491645813,-0.0036690691486001,0.3618,0.3970839381217956,0.029598562677694083,0.1687585860490799,0.029813107674169483,0.26317212368881276,False,qp_event_allocator_m1_eta0p494_seededfine_qplite_m1_eta0p494_seed14960001.csv
True,seeded_ic_v1,14960002,1,0.494,qplite,qplite_builtin,opp_m3_11000,0,0,11000,0,-0.001827,-0.00978,-3.590492,10.02774,0.717656,0.7314948439598083,-0.0038512160535901,0.3618,0.3976507782936096,0.026572893803989618,0.0833669528365135,0.029321142812930443,0.2784981637929081,False,qp_event_allocator_m1_eta0p494_seededfine_qplite_m1_eta0p494_seed14960002.csv
True,seeded_ic_v1,14960003,1,0.494,qplite,qplite_builtin,opp_m3_11000,0,0,11000,0,0.005685,0.024886,1.829937,9.861888,0.707073,0.7214385271072388,-0.0038651938084512,0.3618,0.4072262644767761,0.02744328941087223,0.0696942210197448,0.03048141521463144,0.2634768687719125,False,qp_event_allocator_m1_eta0p494_seededfine_qplite_m1_eta0p494_seed14960003.csv
True,seeded_ic_v1,14960004,1,0.494,qplite,qplite_builtin,opp_m3_11000,0,0,11000,0,-0.019261,0.019483,-3.225715,10.176692,0.687802,0.7005106210708618,-0.0036058307159692,0.3618,0.4050217568874359,0.03004721466922887,0.0763330534100532,0.03228423901337851,0.24954907271151747,False,qp_event_allocator_m1_eta0p494_seededfine_qplite_m1_eta0p494_seed14960004.csv
True,seeded_ic_v1,14960005,1,0.494,qplite,qplite_builtin,opp_m3_11000,0,0,11000,0,-0.022551,0.005247,3.568919,10.236713,0.703411,0.716153085231781,-0.0039075636304914,0.3618,0.4107063114643097,0.028350045307917054,0.0967558845877647,0.031402218793033065,0.24913251726001284,False,qp_event_allocator_m1_eta0p494_seededfine_qplite_m1_eta0p494_seed14960005.csv
True,seeded_ic_v1,14960006,1,0.494,qplite,qplite_builtin,opp_m3_11000,0,0,11000,0,-0.004101,0.023992,-4.646074,9.926656,0.690074,0.7037243247032166,-0.0037148799747228,0.3618,0.4038470387458801,0.03135617202102141,0.1118069887161254,0.03131846863004331,0.2677610835347617,False,qp_event_allocator_m1_eta0p494_seededfine_qplite_m1_eta0p494_seed14960006.csv
True,seeded_ic_v1,14960007,1,0.494,qplite,qplite_builtin,opp_m3_11000,0,0,11000,0,-0.020384,-0.016335,3.045494,9.978387,0.688819,0.702258825302124,-0.0037191021256148,0.3618,0.4010453224182129,0.03016100865565302,0.0833409503102302,0.03241061945311838,0.27143552859905284,False,qp_event_allocator_m1_eta0p494_seededfine_qplite_m1_eta0p494_seed14960007.csv
True,seeded_ic_v1,14960008,1,0.494,qplite,qplite_builtin,opp_m3_11000,0,0,11000,0,0.004879,-0.020433,4.929948,10.001542,0.719238,0.733298122882843,-0.003995107486844,0.3618,0.4031849801540375,0.02787534216328296,0.137472003698349,0.029427890123169216,0.29818258373893247,False,qp_event_allocator_m1_eta0p494_seededfine_qplite_m1_eta0p494_seed14960008.csv
True,seeded_ic_v1,14960009,1,0.494,qplite,qplite_builtin,opp_m3_11000,0,0,11000,0,0.01009,-0.011133,2.038275,10.240854,0.701427,0.714195966720581,-0.0036921396385878,0.3618,0.4061633348464966,0.02874687917360464,0.0833411291241645,0.031877028166037276,0.2916656882284742,False,qp_event_allocator_m1_eta0p494_seededfine_qplite_m1_eta0p494_seed14960009.csv
True,seeded_ic_v1,14960010,1,0.494,qplite,qplite_builtin,opp_m3_11000,0,0,11000,0,0.019503,-0.011161,4.166423,9.975167,0.695152,0.7086131572723389,-0.003796451492235,0.3618,0.4026220142841339,0.023849656163835227,0.1590068787336349,0.03168397177940314,0.2581974031111707,False,qp_event_allocator_m1_eta0p494_seededfine_qplite_m1_eta0p494_seed14960010.csv
True,seeded_ic_v1,14960011,1,0.494,qplite,qplite_builtin,opp_m3_11000,0,0,11000,0,0.004963,-0.006444,-1.099581,10.202712,0.713241,0.7264999747276306,-0.0037191812880337,0.3618,0.4041924774646759,0.027897393992004048,0.0774169191718101,0.029385161453932416,0.2789772241338067,False,qp_event_allocator_m1_eta0p494_seededfine_qplite_m1_eta0p494_seed14960011.csv
True,seeded_ic_v1,14960012,1,0.494,qplite,qplite_builtin,opp_m3_11000,0,0,11000,0,0.018571,0.011905,-1.558829,10.179868,0.714518,0.7277585864067078,-0.003808859270066,0.3618,0.4206723868846893,0.02927104747029255,0.099982850253582,0.03183512849130967,0.28469847063014303,False,qp_event_allocator_m1_eta0p494_seededfine_qplite_m1_eta0p494_seed14960012.csv
True,seeded_ic_v1,14960013,1,0.494,qplite,qplite_builtin,opp_m3_11000,0,0,11000,0,0.012861,0.024757,-1.870989,9.750557,0.714686,0.7297051548957825,-0.0042876903899014,0.3618,0.4172024726867676,0.028398685729547846,0.0849133804440498,0.03087438885917692,0.27167037673684985,False,qp_event_allocator_m1_eta0p494_seededfine_qplite_m1_eta0p494_seed14960013.csv
True,seeded_ic_v1,14960014,1,0.494,qplite,qplite_builtin,opp_m3_11000,0,0,11000,0,-0.021892,-0.018608,2.652605,10.08005,0.691852,0.7049753069877625,-0.0035138712264597,0.3618,0.3976140916347503,0.0272634015827838,0.0825899541378021,0.03143337610821403,0.2597786301269406,False,qp_event_allocator_m1_eta0p494_seededfine_qplite_m1_eta0p494_seed14960014.csv
True,seeded_ic_v1,14960015,1,0.494,qplite,qplite_builtin,opp_m3_11000,0,0,11000,0,0.029186,0.001859,-1.001981,9.753698,0.703313,0.7178600430488586,-0.0039158491417765,0.3618,0.4389088451862335,0.027681534618896754,0.234845370054245,0.03101866388928888,0.28051199996779524,False,qp_event_allocator_m1_eta0p494_seededfine_qplite_m1_eta0p494_seed14960015.csv
True,seeded_ic_v1,14960016,1,0.494,qplite,qplite_builtin,opp_m3_11000,0,0,11000,0,-0.006505,0.009443,-0.025373,9.829126,0.711275,0.7257311940193176,-0.0040668379515409,0.3618,0.4041663110256195,0.028046891018554697,0.1067418754100799,0.02788651108122206,0.26740846893951936,False,qp_event_allocator_m1_eta0p494_seededfine_qplite_m1_eta0p494_seed14960016.csv
True,seeded_ic_v1,14960017,1,0.494,qplite,qplite_builtin,opp_m3_11000,0,0,11000,0,0.013375,0.003576,3.751188,9.86691,0.712532,0.7269087433815002,-0.0042204335331916,0.3618,0.4032976925373077,0.027956978058980713,0.1180053874850273,0.02993855603050331,0.28670018528534735,False,qp_event_allocator_m1_eta0p494_seededfine_qplite_m1_eta0p494_seed14960017.csv
True,seeded_ic_v1,14960018,1,0.494,qplite,qplite_builtin,opp_m3_11000,0,0,11000,0,-0.028029,0.001459,-1.637686,10.118332,0.703051,0.7161989808082581,-0.0036521852016448,0.3618,0.4017218351364136,0.028306321072135945,0.0700213015079498,0.029650541709699597,0.250241770550451,False,qp_event_allocator_m1_eta0p494_seededfine_qplite_m1_eta0p494_seed14960018.csv
True,seeded_ic_v1,14960019,1,0.494,qplite,qplite_builtin,opp_m3_11000,0,0,11000,0,0.013018,-0.002401,-1.038826,9.758793,0.710058,0.7247886061668396,-0.0041131069883704,0.3618,0.4095694720745086,0.028713617359646164,0.115269161760807,0.03006297059118047,0.29119990446168786,False,qp_event_allocator_m1_eta0p494_seededfine_qplite_m1_eta0p494_seed14960019.csv
True,seeded_ic_v1,14960020,1,0.494,qplite,qplite_builtin,opp_m3_11000,0,0,11000,0,0.021199,-0.009826,-4.998511,10.236869,0.70541,0.7183435559272766,-0.0036758338101208,0.3618,0.4077730774879455,0.028685165857406766,0.0702213421463966,0.029732436018315225,0.2997197072120405,False,qp_event_allocator_m1_eta0p494_seededfine_qplite_m1_eta0p494_seed14960020.csv
True,seeded_ic_v1,14960021,1,0.494,qplite,qplite_builtin,opp_m3_11000,0,0,11000,0,-0.007062,0.003653,-3.419951,9.931342,0.691063,0.704584538936615,-0.0039273537695407,0.3618,0.3987137377262115,0.02671483755407084,0.0657215639948844,0.030499611069109145,0.25567215420114786,False,qp_event_allocator_m1_eta0p494_seededfine_qplite_m1_eta0p494_seed14960021.csv
True,seeded_ic_v1,14960022,1,0.494,qplite,qplite_builtin,opp_m3_11000,0,0,11000,0,-0.011394,-0.00587,0.139127,10.22208,0.711807,0.7249377965927124,-0.0038875117897987,0.3618,0.3779351115226745,0.027339267007587858,0.1485323309898376,0.029169891893650567,0.284124519330563,False,qp_event_allocator_m1_eta0p494_seededfine_qplite_m1_eta0p494_seed14960022.csv
True,seeded_ic_v1,14960023,1,0.494,qplite,qplite_builtin,opp_m3_11000,0,0,11000,0,-0.02843,-0.003692,1.352108,9.883086,0.695049,0.7088773846626282,-0.0038745747879147,0.3618,0.398568332195282,0.030138160144495118,0.1245245337486267,0.02940868882919173,0.2612223235300178,False,qp_event_allocator_m1_eta0p494_seededfine_qplite_m1_eta0p494_seed14960023.csv
True,seeded_ic_v1,14960024,1,0.494,qplite,qplite_builtin,opp_m3_11000,0,0,11000,0,-0.003318,-0.013306,0.696669,9.98369,0.681737,0.6949272751808167,-0.0039604664780199,0.3618,0.4061484038829803,0.0290018247886997,0.1030021086335182,0.03196101228941443,0.27521167486499454,False,qp_event_allocator_m1_eta0p494_seededfine_qplite_m1_eta0p494_seed14960024.csv
True,seeded_ic_v1,14960025,1,0.494,qplite,qplite_builtin,opp_m3_11000,0,0,11000,0,0.021845,0.018064,-3.736706,10.016078,0.692005,0.7049012184143066,-0.0035881861113011,0.3618,0.3989051282405853,0.028027809311190727,0.0716027989983558,0.029864045017972247,0.2780413650087135,False,qp_event_allocator_m1_eta0p494_seededfine_qplite_m1_eta0p494_seed14960025.csv
True,seeded_ic_v1,14960026,1,0.494,qplite,qplite_builtin,opp_m3_11000,0,0,11000,0,0.011533,-0.027765,-1.110871,10.188438,0.701525,0.714525043964386,-0.003642905736342,0.3618,0.4130070507526397,0.027975050446481756,0.1018326953053474,0.03169841113359852,0.2979250027008133,False,qp_event_allocator_m1_eta0p494_seededfine_qplite_m1_eta0p494_seed14960026.csv
True,seeded_ic_v1,14960027,1,0.494,qplite,qplite_builtin,opp_m3_11000,0,0,11000,0,-0.000227,0.016409,3.903349,10.207197,0.693561,0.7062526345252991,-0.0037975111044943,0.3618,0.4048071205615997,0.027195401962895913,0.0887904912233352,0.0316495921672973,0.2618140188601418,False,qp_event_allocator_m1_eta0p494_seededfine_qplite_m1_eta0p494_seed14960027.csv
True,seeded_ic_v1,14960028,1,0.494,qplite,qplite_builtin,opp_m3_11000,0,0,11000,0,-0.014255,-0.020892,-1.879124,9.966442,0.708397,0.7222477793693542,-0.0039038250688463,0.3618,0.4067984223365783,0.029656888802762064,0.0964352339506149,0.030662210635328365,0.2810589807431541,False,qp_event_allocator_m1_eta0p494_seededfine_qplite_m1_eta0p494_seed14960028.csv
True,seeded_ic_v1,14960029,1,0.494,qplite,qplite_builtin,opp_m3_11000,0,0,11000,0,-0.025352,-0.002312,1.07843,9.96796,0.686128,0.6995601654052734,-0.0037853261455893,0.3618,0.40654256939888,0.028413898032801737,0.1079918816685676,0.03236449431503512,0.2490555004231089,False,qp_event_allocator_m1_eta0p494_seededfine_qplite_m1_eta0p494_seed14960029.csv
True,seeded_ic_v1,14960030,1,0.494,qplite,qplite_builtin,opp_m3_11000,0,0,11000,0,0.028055,0.013117,3.790181,10.247894,0.686867,0.6992345452308655,-0.003618675051257,0.3618,0.4015302062034607,0.028188198263982996,0.103450246155262,0.029261093789985308,0.2855270907026927,False,qp_event_allocator_m1_eta0p494_seededfine_qplite_m1_eta0p494_seed14960030.csv
True,seeded_ic_v1,14970001,1,0.495,qplite,qplite_builtin,opp_m3_11000,0,0,11000,0,0.014397,-0.010503,0.53365,9.886821,0.686789,0.7005261182785034,-0.0038843273650854,0.3558,0.3787102699279785,0.025829684770690035,0.1240909248590469,0.029338477541957318,0.2926726903784281,False,qp_event_allocator_m1_eta0p495_seededfine_qplite_m1_eta0p495_seed14970001.csv
True,seeded_ic_v1,14970002,1,0.495,qplite,qplite_builtin,opp_m3_11000,0,0,11000,0,0.011362,-0.011543,-0.889131,10.209762,0.685923,0.6983759999275208,-0.0037493165582418,0.3558,0.3840735554695129,0.026581980827991392,0.0957972630858421,0.029822706683705947,0.2894446384533678,False,qp_event_allocator_m1_eta0p495_seededfine_qplite_m1_eta0p495_seed14970002.csv
True,seeded_ic_v1,14970003,1,0.495,qplite,qplite_builtin,opp_m3_11000,0,0,11000,0,0.017288,-0.007769,1.571851,9.964029,0.685352,0.6991495490074158,-0.0037803282029926,0.3558,0.3805983662605285,0.026488273270631447,0.108277752995491,0.029433842858449487,0.2898370370566871,False,qp_event_allocator_m1_eta0p495_seededfine_qplite_m1_eta0p495_seed14970003.csv
True,seeded_ic_v1,14970004,1,0.495,qplite,qplite_builtin,opp_m3_11000,0,0,11000,0,-5.2e-05,0.021073,4.469932,9.7539,0.712524,0.7274503707885742,-0.0041089421138167,0.3558,0.3832073807716369,0.024802085005262882,0.1598918735980987,0.027195284550847215,0.26975930626375627,False,qp_event_allocator_m1_eta0p495_seededfine_qplite_m1_eta0p495_seed14970004.csv
True,seeded_ic_v1,14970005,1,0.495,qplite,qplite_builtin,opp_m3_11000,0,0,11000,0,0.004774,0.019687,4.897772,10.087093,0.694925,0.7082737684249878,-0.0037063304334878,0.3558,0.3775671422481537,0.02516779541763312,0.1063921600580215,0.029404219426663734,0.2669593813945736,False,qp_event_allocator_m1_eta0p495_seededfine_qplite_m1_eta0p495_seed14970005.csv
True,seeded_ic_v1,14970006,1,0.495,qplite,qplite_builtin,opp_m3_11000,0,0,11000,0,0.029726,-0.027259,-1.073533,9.800022,0.713052,0.7276639938354492,-0.0041785119101405,0.3558,0.3986405432224273,0.025614017789674707,0.1334052681922912,0.029166598178727066,0.30779545115303325,False,qp_event_allocator_m1_eta0p495_seededfine_qplite_m1_eta0p495_seed14970006.csv
True,seeded_ic_v1,14970007,1,0.495,qplite,qplite_builtin,opp_m3_11000,0,0,11000,0,0.018014,0.004098,4.641265,9.909489,0.693101,0.7067937850952148,-0.0040494259446859,0.3558,0.3739288449287414,0.025070174821889998,0.1399028748273849,0.028852471512429038,0.28705237912026316,False,qp_event_allocator_m1_eta0p495_seededfine_qplite_m1_eta0p495_seed14970007.csv
True,seeded_ic_v1,14970008,1,0.495,qplite,qplite_builtin,opp_m3_11000,0,0,11000,0,0.002892,-0.022755,-3.634238,10.170062,0.708777,0.7218555212020874,-0.0035165247973054,0.3558,0.3851088881492615,0.025910817629324075,0.1715816110372543,0.03003484750081342,0.2963329851264583,False,qp_event_allocator_m1_eta0p495_seededfine_qplite_m1_eta0p495_seed14970008.csv
True,seeded_ic_v1,14970009,1,0.495,qplite,qplite_builtin,opp_m3_11000,0,0,11000,0,-0.018166,-0.00186,-3.329897,9.834872,0.716771,0.7314239144325256,-0.0042776800692081,0.3558,0.3967979252338409,0.026092975110977794,0.0815414935350418,0.030061336028979993,0.25389271421520454,False,qp_event_allocator_m1_eta0p495_seededfine_qplite_m1_eta0p495_seed14970009.csv
True,seeded_ic_v1,14970010,1,0.495,qplite,qplite_builtin,opp_m3_11000,0,0,11000,0,-0.021133,-0.020147,-3.527955,9.774626,0.684867,0.6988977789878845,-0.0039231926202774,0.3558,0.3792886734008789,0.025904405985837375,0.10223388671875,0.03044495474279847,0.2644978850056757,False,qp_event_allocator_m1_eta0p495_seededfine_qplite_m1_eta0p495_seed14970010.csv
True,seeded_ic_v1,14970011,1,0.495,qplite,qplite_builtin,opp_m3_11000,0,0,11000,0,0.027812,-0.027256,-0.223495,9.909969,0.693448,0.7071710228919983,-0.003628194797784,0.3558,0.355931669473648,0.02178387973287663,0.1197850406169891,0.025598877426855883,0.3119606274518147,False,qp_event_allocator_m1_eta0p495_seededfine_qplite_m1_eta0p495_seed14970011.csv
True,seeded_ic_v1,14970012,1,0.495,qplite,qplite_builtin,opp_m3_11000,0,0,11000,0,-0.01784,-0.000782,-2.130634,10.047137,0.680358,0.6932856440544128,-0.0038290540687739,0.3558,0.370724618434906,0.024490253816193505,0.0908295363187789,0.029553369375657126,0.2547542691046921,False,qp_event_allocator_m1_eta0p495_seededfine_qplite_m1_eta0p495_seed14970012.csv
True,seeded_ic_v1,14970013,1,0.495,qplite,qplite_builtin,opp_m3_11000,0,0,11000,0,-0.019313,0.004864,-1.574334,9.940359,0.682226,0.6955586671829224,-0.0036997627466917,0.3558,0.3761881291866302,0.023911795194613627,0.0638506039977073,0.029337309282487123,0.2429706532697871,False,qp_event_allocator_m1_eta0p495_seededfine_qplite_m1_eta0p495_seed14970013.csv
True,seeded_ic_v1,14970014,1,0.495,qplite,qplite_builtin,opp_m3_11000,0,0,11000,0,-0.000654,0.0261,2.091204,9.867234,0.716837,0.7314183115959167,-0.0041789258830249,0.3558,0.3899732232093811,0.02643670475128036,0.2138440012931823,0.02819338098302854,0.27409575103467704,False,qp_event_allocator_m1_eta0p495_seededfine_qplite_m1_eta0p495_seed14970014.csv
True,seeded_ic_v1,14970015,1,0.495,qplite,qplite_builtin,opp_m3_11000,0,0,11000,0,0.012412,-0.027416,2.274139,10.029107,0.69119,0.7044230103492737,-0.0037512560375034,0.3558,0.3899722695350647,0.026703104310270138,0.1028656363487243,0.031451307567145,0.2917588597527868,False,qp_event_allocator_m1_eta0p495_seededfine_qplite_m1_eta0p495_seed14970015.csv
True,seeded_ic_v1,14970016,1,0.495,qplite,qplite_builtin,opp_m3_11000,0,0,11000,0,0.028065,-0.002396,-4.527123,10.175513,0.711968,0.7251355051994324,-0.0039856950752437,0.3558,0.3951537609100342,0.02370293164438903,0.1050518825650215,0.027951236335970988,0.2890405534010092,False,qp_event_allocator_m1_eta0p495_seededfine_qplite_m1_eta0p495_seed14970016.csv
True,seeded_ic_v1,14970017,1,0.495,qplite,qplite_builtin,opp_m3_11000,0,0,11000,0,0.021922,-0.025521,-2.637423,9.869122,0.701444,0.715447187423706,-0.0039130435325205,0.3558,0.3756602704524994,0.02421479748269917,0.134324699640274,0.026696207458077013,0.3101094523053081,False,qp_event_allocator_m1_eta0p495_seededfine_qplite_m1_eta0p495_seed14970017.csv
True,seeded_ic_v1,14970018,1,0.495,qplite,qplite_builtin,opp_m3_11000,0,0,11000,0,-0.019679,0.017854,2.150469,9.820402,0.69027,0.7042322158813477,-0.0039610597304999,0.3558,0.3776506781578064,0.024669617274829487,0.112232320010662,0.029079880497930817,0.24454495166933324,False,qp_event_allocator_m1_eta0p495_seededfine_qplite_m1_eta0p495_seed14970018.csv
True,seeded_ic_v1,14970019,1,0.495,qplite,qplite_builtin,opp_m3_11000,0,0,11000,0,-0.000858,0.01169,4.134631,10.241577,0.705701,0.718720018863678,-0.0038731987588107,0.3558,0.3784537315368652,0.023834640389918577,0.1093907877802848,0.027864637175147842,0.26544906384321454,False,qp_event_allocator_m1_eta0p495_seededfine_qplite_m1_eta0p495_seed14970019.csv
True,seeded_ic_v1,14970020,1,0.495,qplite,qplite_builtin,opp_m3_11000,0,0,11000,0,0.017083,0.018609,-2.027911,9.760965,0.71058,0.7253596186637878,-0.0043720980174839,0.3558,0.3762392997741699,0.02379606525041446,0.1507306843996048,0.02870325956634755,0.2863494516117019,False,qp_event_allocator_m1_eta0p495_seededfine_qplite_m1_eta0p495_seed14970020.csv
True,seeded_ic_v1,14970021,1,0.495,qplite,qplite_builtin,opp_m3_11000,0,0,11000,0,0.013053,-0.012133,4.230134,9.929698,0.693384,0.7069414854049683,-0.0040261438116431,0.3558,0.3715687692165375,0.02589268493611296,0.1593655794858932,0.029151153003854107,0.29805996989644673,False,qp_event_allocator_m1_eta0p495_seededfine_qplite_m1_eta0p495_seed14970021.csv
True,seeded_ic_v1,14970022,1,0.495,qplite,qplite_builtin,opp_m3_12000,0,0,12000,0,0.01165,0.01674,3.957428,9.893249,0.682952,0.0126910749822855,-0.000534146267455,0.3738385355010629,0.000534146267455,9.327303753424757e-09,0.0,0.0,0.020394850386572152,True,qp_event_allocator_m1_eta0p495_seededfine_qplite_m1_eta0p495_seed14970022.csv
True,seeded_ic_v1,14970023,1,0.495,qplite,qplite_builtin,opp_m3_11000,0,0,11000,0,0.02119,-0.020493,1.611054,10.197946,0.68064,0.6930401921272278,-0.0034641923848539,0.3558,0.3928985297679901,0.026986745215737882,0.1399026364088058,0.030057980854094325,0.28956664751767486,False,qp_event_allocator_m1_eta0p495_seededfine_qplite_m1_eta0p495_seed14970023.csv
True,seeded_ic_v1,14970024,1,0.495,qplite,qplite_builtin,opp_m3_11000,0,0,11000,0,-0.021771,0.014398,-1.170797,10.163938,0.688697,0.7014297842979431,-0.0033812364563345,0.3558,0.3777427673339844,0.02540190912016698,0.0870308205485344,0.029655166198302906,0.24241089006998884,False,qp_event_allocator_m1_eta0p495_seededfine_qplite_m1_eta0p495_seed14970024.csv
True,seeded_ic_v1,14970025,1,0.495,qplite,qplite_builtin,opp_m3_11000,0,0,11000,0,0.015944,-0.008199,1.581068,9.871168,0.709018,0.7232412099838257,-0.0038127184379845,0.3558,0.3822584450244903,0.02424913938535953,0.1470254063606262,0.029595648147789335,0.2940322051571626,False,qp_event_allocator_m1_eta0p495_seededfine_qplite_m1_eta0p495_seed14970025.csv
True,seeded_ic_v1,14970026,1,0.495,qplite,qplite_builtin,opp_m3_11000,0,0,11000,0,-0.02948,0.009681,0.192819,10.060854,0.705961,0.7194434404373169,-0.0039563183672726,0.3558,0.3934138119220733,0.026041060230388265,0.1259849667549133,0.02905564929429918,0.2401990055691893,False,qp_event_allocator_m1_eta0p495_seededfine_qplite_m1_eta0p495_seed14970026.csv
True,seeded_ic_v1,14970027,1,0.495,qplite,qplite_builtin,opp_m3_11000,0,0,11000,0,-0.029416,-0.027616,4.814335,10.058231,0.712732,0.7264260053634644,-0.0037991867866367,0.3558,0.3776609003543854,0.02475088787110063,0.1732591688632965,0.02771828302943535,0.27499984783729,False,qp_event_allocator_m1_eta0p495_seededfine_qplite_m1_eta0p495_seed14970027.csv
True,seeded_ic_v1,14970028,1,0.495,qplite,qplite_builtin,opp_m3_11000,0,0,11000,0,0.004626,0.019356,-1.65207,9.775732,0.71993,0.7349094748497009,-0.0043109715916216,0.3558,0.3931654095649719,0.02447888215172845,0.1575381457805633,0.02814395096128783,0.271699069416972,False,qp_event_allocator_m1_eta0p495_seededfine_qplite_m1_eta0p495_seed14970028.csv
True,seeded_ic_v1,14970029,1,0.495,qplite,qplite_builtin,opp_m3_11000,0,0,11000,0,0.006356,0.00839,2.560048,10.156445,0.706956,0.7201451659202576,-0.003729247720912,0.3558,0.3965703248977661,0.02413746880304398,0.1008871048688888,0.02933574107906299,0.2615906312211276,False,qp_event_allocator_m1_eta0p495_seededfine_qplite_m1_eta0p495_seed14970029.csv
True,seeded_ic_v1,14970030,1,0.495,qplite,qplite_builtin,opp_m3_11000,0,0,11000,0,0.011096,-0.011412,3.511626,9.798948,0.685591,0.6996030211448669,-0.0037151523865759,0.3558,0.3711559474468231,0.02745409447505663,0.1773813813924789,0.03112780266188659,0.29991613808798884,False,qp_event_allocator_m1_eta0p495_seededfine_qplite_m1_eta0p495_seed14970030.csv
True,seeded_ic_v1,14980001,1,0.496,qplite,qplite_builtin,opp_m3_10000,0,0,10000,0,-0.001878,-0.004522,-4.676176,9.850472,0.68294,0.6965820789337158,-0.0038470174185931,0.352,0.3916913866996765,0.02322585350691783,0.1834226995706558,0.03203665512441481,0.2413199087006293,False,qp_event_allocator_m1_eta0p496_seededfine_qplite_m1_eta0p496_seed14980001.csv
True,seeded_ic_v1,14980002,1,0.496,qplite,qplite_builtin,opp_m3_10000,0,0,10000,0,0.015701,0.022098,-4.255619,9.819901,0.710728,0.7251743078231812,-0.0042597721330821,0.352,0.3638624250888824,0.01728824720475731,0.1603632122278213,0.028255830646038104,0.26236556757981,False,qp_event_allocator_m1_eta0p496_seededfine_qplite_m1_eta0p496_seed14980002.csv
True,seeded_ic_v1,14980003,1,0.496,qplite,qplite_builtin,opp_m3_10000,0,0,10000,0,0.002151,-0.018444,2.108663,10.192829,0.709333,0.7223876714706421,-0.0039203441701829,0.352,0.3769897818565368,0.01665278661695642,0.1196663901209831,0.029613117709441205,0.26007384252769783,False,qp_event_allocator_m1_eta0p496_seededfine_qplite_m1_eta0p496_seed14980003.csv
True,seeded_ic_v1,14980004,1,0.496,qplite,qplite_builtin,opp_m3_10000,0,0,10000,0,0.010442,-0.001982,2.297569,10.000152,0.690035,0.703349769115448,-0.0039914990775287,0.352,0.3597642779350281,0.018625197401586194,0.1438021510839462,0.02967034486281691,0.26553662078886614,False,qp_event_allocator_m1_eta0p496_seededfine_qplite_m1_eta0p496_seed14980004.csv
True,seeded_ic_v1,14980005,1,0.496,qplite,qplite_builtin,opp_m3_11000,0,0,11000,0,-0.021121,-0.003831,2.661241,10.012195,0.718747,0.0,0.0,0.3708,0.0,0.0,0.0,0.0,0.0,True,qp_event_allocator_m1_eta0p496_seededfine_qplite_m1_eta0p496_seed14980005.csv
True,seeded_ic_v1,14980006,1,0.496,qplite,qplite_builtin,opp_m3_10000,0,0,10000,0,0.018122,0.012879,-3.590869,10.174286,0.687313,0.6998535990715027,-0.0039174309931695,0.352,0.3662118315696716,0.01910106615917501,0.1274565607309341,0.02987867987325345,0.25767691790984876,False,qp_event_allocator_m1_eta0p496_seededfine_qplite_m1_eta0p496_seed14980006.csv
True,seeded_ic_v1,14980007,1,0.496,qplite,qplite_builtin,opp_m3_10000,0,0,10000,0,0.005791,-0.007229,-2.349285,9.788519,0.701271,0.7156130075454712,-0.0042060310952365,0.352,0.3706728518009186,0.018202585157530343,0.1318449825048446,0.03111761372429431,0.260949367215259,False,qp_event_allocator_m1_eta0p496_seededfine_qplite_m1_eta0p496_seed14980007.csv
True,seeded_ic_v1,14980008,1,0.496,qplite,qplite_builtin,opp_m3_10000,0,0,10000,0,0.010436,-0.015,0.115548,9.87079,0.702453,0.7166978120803833,-0.0038366178050637,0.352,0.3296506702899933,0.01429488111699978,0.197062000632286,0.025490892457377727,0.2824307944380439,True,qp_event_allocator_m1_eta0p496_seededfine_qplite_m1_eta0p496_seed14980008.csv
True,seeded_ic_v1,14980009,1,0.496,qplite,qplite_builtin,opp_m3_10000,0,0,10000,0,0.01422,-0.029752,1.345786,10.116591,0.715527,0.7290927767753601,-0.0036733858287334,0.352,0.3590387105941772,0.014677630658858331,0.0882501974701881,0.028587543322089775,0.27788385113101194,False,qp_event_allocator_m1_eta0p496_seededfine_qplite_m1_eta0p496_seed14980009.csv
True,seeded_ic_v1,14980010,1,0.496,qplite,qplite_builtin,opp_m3_11000,0,0,11000,0,-0.010157,0.003214,0.181005,9.998083,0.688149,0.0126768387854099,-0.0004909329582005,0.3700393896728754,0.0004909329582005,2.2006919568275397e-09,0.0,0.0,0.010653375516227675,True,qp_event_allocator_m1_eta0p496_seededfine_qplite_m1_eta0p496_seed14980010.csv
True,seeded_ic_v1,14980011,1,0.496,qplite,qplite_builtin,opp_m3_10000,0,0,10000,0,0.009342,-0.023006,3.795106,9.982374,0.709043,0.7228397130966187,-0.0038076878990978,0.352,0.3720746636390686,0.018597424316187522,0.168691024184227,0.030408753774147784,0.2766294566846782,False,qp_event_allocator_m1_eta0p496_seededfine_qplite_m1_eta0p496_seed14980011.csv
True,seeded_ic_v1,14980012,1,0.496,qplite,qplite_builtin,opp_m3_10000,0,0,10000,0,0.013423,0.0246,-1.414326,9.998972,0.715201,0.729261577129364,-0.0038395475130528,0.352,0.3669350147247314,0.014112589111435538,0.0714610144495964,0.02876570863153679,0.2445813353478397,False,qp_event_allocator_m1_eta0p496_seededfine_qplite_m1_eta0p496_seed14980012.csv
True,seeded_ic_v1,14980013,1,0.496,qplite,qplite_builtin,opp_m3_10000,0,0,10000,0,-0.001586,-0.011665,-0.831668,9.765614,0.714578,0.7295496463775635,-0.0039603295736014,0.352,0.3751890659332275,0.017379542946947234,0.1180726066231727,0.029813940528429443,0.25130257555950225,False,qp_event_allocator_m1_eta0p496_seededfine_qplite_m1_eta0p496_seed14980013.csv
True,seeded_ic_v1,14980014,1,0.496,qplite,qplite_builtin,opp_m3_10000,0,0,10000,0,0.008188,-0.002021,-3.279712,9.884272,0.688978,0.7026395797729492,-0.0039138584397733,0.352,0.36786088347435,0.019068303658302335,0.129252016544342,0.029875214361902068,0.258761785857698,False,qp_event_allocator_m1_eta0p496_seededfine_qplite_m1_eta0p496_seed14980014.csv
True,seeded_ic_v1,14980015,1,0.496,qplite,qplite_builtin,opp_m3_10000,0,0,10000,0,0.005577,0.000179,-3.576053,9.840791,0.694899,0.7089332342147827,-0.0039208903908729,0.352,0.3455585837364197,0.007440565957024931,0.0926194712519645,0.02880539472439168,0.21092202300245136,True,qp_event_allocator_m1_eta0p496_seededfine_qplite_m1_eta0p496_seed14980015.csv
True,seeded_ic_v1,14980016,1,0.496,qplite,qplite_builtin,opp_m3_10000,0,0,10000,0,0.012817,0.000149,-1.235824,10.07064,0.698136,0.7113291621208191,-0.0036569540388882,0.352,0.3576984107494354,0.01755666142550747,0.1214486733078956,0.02959192834256721,0.26084483681399306,False,qp_event_allocator_m1_eta0p496_seededfine_qplite_m1_eta0p496_seed14980016.csv
True,seeded_ic_v1,14980017,1,0.496,qplite,qplite_builtin,opp_m3_10000,0,0,10000,0,0.025372,-0.006941,-0.81757,9.863811,0.708594,0.7229441404342651,-0.0042858682572841,0.352,0.3670694530010223,0.018913152556784326,0.1720564216375351,0.029374514308944187,0.28324560599820814,False,qp_event_allocator_m1_eta0p496_seededfine_qplite_m1_eta0p496_seed14980017.csv
True,seeded_ic_v1,14980018,1,0.496,qplite,qplite_builtin,opp_m3_10000,0,0,10000,0,0.018285,-0.007876,3.099553,10.130746,0.68227,0.6950127482414246,-0.003775242017582,0.352,0.3666917979717254,0.020942611570665813,0.1537219882011413,0.031117180594100857,0.27790235272348096,False,qp_event_allocator_m1_eta0p496_seededfine_qplite_m1_eta0p496_seed14980018.csv
True,seeded_ic_v1,14980019,1,0.496,qplite,qplite_builtin,opp_m3_10000,0,0,10000,0,0.00643,0.02425,-0.792274,10.06731,0.692545,0.7057395577430725,-0.0035947221331298,0.352,0.3616654276847839,0.02147237771914881,0.1847694516181945,0.031282687579833726,0.2548990360815865,False,qp_event_allocator_m1_eta0p496_seededfine_qplite_m1_eta0p496_seed14980019.csv
True,seeded_ic_v1,14980020,1,0.496,qplite,qplite_builtin,opp_m3_10000,0,0,10000,0,-0.027362,0.006044,-0.996854,10.177052,0.704025,0.7170576453208923,-0.0039426805451512,0.352,0.3709272742271423,0.017516284018546983,0.136309877038002,0.03052312569291414,0.22245813493520528,False,qp_event_allocator_m1_eta0p496_seededfine_qplite_m1_eta0p496_seed14980020.csv
True,seeded_ic_v1,14980021,1,0.496,qplite,qplite_builtin,opp_m3_10000,0,0,10000,0,0.011516,0.01466,3.819193,10.230454,0.716592,0.7296019196510315,-0.0039846119470894,0.352,0.3774292767047882,0.01837251293575781,0.1631581336259842,0.029261708131840463,0.25769609909378405,False,qp_event_allocator_m1_eta0p496_seededfine_qplite_m1_eta0p496_seed14980021.csv
True,seeded_ic_v1,14980022,1,0.496,qplite,qplite_builtin,opp_m3_10000,0,0,10000,0,0.022292,-0.018918,3.015637,10.112005,0.70123,0.7143792510032654,-0.003914376720786,0.352,0.3665686845779419,0.016684423980272044,0.1207087039947509,0.029594723663523975,0.27805482862200803,False,qp_event_allocator_m1_eta0p496_seededfine_qplite_m1_eta0p496_seed14980022.csv
True,seeded_ic_v1,14980023,1,0.496,qplite,qplite_builtin,opp_m3_10000,0,0,10000,0,-0.013026,0.002161,3.564162,9.882095,0.706721,0.7208976745605469,-0.0041793114505708,0.352,0.36874520778656,0.016958332640383898,0.1327167302370071,0.02868033464942614,0.24408764970302743,False,qp_event_allocator_m1_eta0p496_seededfine_qplite_m1_eta0p496_seed14980023.csv
True,seeded_ic_v1,14980024,1,0.496,qplite,qplite_builtin,opp_m3_10000,0,0,10000,0,0.028855,-0.029811,-0.738339,10.073088,0.681285,0.6940528750419617,-0.0034714117646217,0.352,0.3458089530467987,0.02057432810183101,0.1900623738765716,0.02907791287639367,0.3061274287992645,True,qp_event_allocator_m1_eta0p496_seededfine_qplite_m1_eta0p496_seed14980024.csv
True,seeded_ic_v1,14980025,1,0.496,qplite,qplite_builtin,opp_m3_10000,0,0,10000,0,-0.008354,-0.025119,-1.712205,10.222703,0.696496,0.7092301845550537,-0.0034935951698571,0.352,0.3692790865898132,0.016777653856466485,0.0966082960367202,0.02961009268482555,0.25393398823141383,False,qp_event_allocator_m1_eta0p496_seededfine_qplite_m1_eta0p496_seed14980025.csv
True,seeded_ic_v1,14980026,1,0.496,qplite,qplite_builtin,opp_m3_11000,0,0,11000,0,-0.025354,0.005726,2.456886,10.19038,0.689553,0.0126881534233689,-0.0005409577279351,0.3700387107945979,0.0005409577279351,8.415879629225575e-09,0.0,0.0,0.025992540867594033,True,qp_event_allocator_m1_eta0p496_seededfine_qplite_m1_eta0p496_seed14980026.csv
True,seeded_ic_v1,14980027,1,0.496,qplite,qplite_builtin,opp_m3_10000,0,0,10000,0,0.014642,-0.013478,0.354283,9.909293,0.685469,0.6990594267845154,-0.0037792231887578,0.352,0.3745617568492889,0.02033507250821629,0.1348263472318649,0.03027101487452959,0.2709716718315201,False,qp_event_allocator_m1_eta0p496_seededfine_qplite_m1_eta0p496_seed14980027.csv
True,seeded_ic_v1,14980028,1,0.496,qplite,qplite_builtin,opp_m3_10000,0,0,10000,0,0.001682,-0.013798,-2.310337,9.826849,0.692772,0.7068030834197998,-0.0040378752164542,0.352,0.3692132532596588,0.01994880846148352,0.1590247303247451,0.02942495896969261,0.26372115535073926,False,qp_event_allocator_m1_eta0p496_seededfine_qplite_m1_eta0p496_seed14980028.csv
True,seeded_ic_v1,14980029,1,0.496,qplite,qplite_builtin,opp_m3_10000,0,0,10000,0,-0.017947,0.028843,3.720264,10.182178,0.697749,0.7103874087333679,-0.0036469902843236,0.352,0.3715303540229797,0.019577765355960224,0.1440652310848236,0.029191912461814212,0.22660807801895794,False,qp_event_allocator_m1_eta0p496_seededfine_qplite_m1_eta0p496_seed14980029.csv
True,seeded_ic_v1,14980030,1,0.496,qplite,qplite_builtin,opp_m3_10000,0,0,10000,0,-0.012977,0.025325,2.519074,9.912045,0.695849,0.7095158696174622,-0.0038625772576779,0.352,0.3594792187213897,0.019737360607021897,0.1925773918628692,0.028601192472923653,0.23959375458889617,False,qp_event_allocator_m1_eta0p496_seededfine_qplite_m1_eta0p496_seed14980030.csv
True,seeded_ic_v1,14990001,1,0.497,qplite,qplite_builtin,opp_m3_10000,0,0,10000,0,0.01811,0.004949,-3.090034,10.229352,0.708855,0.721829891204834,-0.0037437628488987,0.346,0.3256345689296722,0.011887398284107434,0.2042442709207534,0.02832539835200127,0.2830236029550404,True,qp_event_allocator_m1_eta0p497_seededfine_qplite_m1_eta0p497_seed14990001.csv
True,seeded_ic_v1,14990002,1,0.497,qplite,qplite_builtin,opp_m3_10000,0,0,10000,0,-0.025912,-0.02504,4.77486,10.187268,0.695907,0.7087158560752869,-0.0035654450766742,0.346,0.3363480269908905,0.013265504955177065,0.0926227569580078,0.02668200212949501,0.2486749740251931,True,qp_event_allocator_m1_eta0p497_seededfine_qplite_m1_eta0p497_seed14990002.csv
True,seeded_ic_v1,14990003,1,0.497,qplite,qplite_builtin,opp_m3_10000,0,0,10000,0,-0.010573,0.007311,-0.225189,10.042324,0.700196,0.7136222124099731,-0.0036034611985087,0.346,0.3319565951824188,0.010090371987338824,0.114633597433567,0.026395089281865233,0.23817343371625707,True,qp_event_allocator_m1_eta0p497_seededfine_qplite_m1_eta0p497_seed14990003.csv
True,seeded_ic_v1,14990004,1,0.497,qplite,qplite_builtin,opp_m3_10000,0,0,10000,0,-0.010406,-0.008833,4.879674,10.22953,0.706713,0.7195141911506653,-0.0038610866758972,0.346,0.3210731148719787,0.010604656650718037,0.1577473431825637,0.026329199081878286,0.2530444962734266,True,qp_event_allocator_m1_eta0p497_seededfine_qplite_m1_eta0p497_seed14990004.csv
True,seeded_ic_v1,14990005,1,0.497,qplite,qplite_builtin,opp_m3_10000,0,0,10000,0,0.022367,0.029799,2.930013,9.916972,0.680139,0.693545401096344,-0.0038587525486946,0.346,0.327806293964386,0.015254829350587532,0.1465785056352615,0.026660689573012028,0.2672482190384442,True,qp_event_allocator_m1_eta0p497_seededfine_qplite_m1_eta0p497_seed14990005.csv
True,seeded_ic_v1,14990006,1,0.497,qplite,qplite_builtin,opp_m3_10000,0,0,10000,0,0.02633,0.00088,3.035052,9.993004,0.694224,0.7076866626739502,-0.0037790818605571,0.346,0.3334678709506988,0.011713601867922172,0.1033430993556976,0.026299367997891634,0.27455020755939136,True,qp_event_allocator_m1_eta0p497_seededfine_qplite_m1_eta0p497_seed14990006.csv
True,seeded_ic_v1,14990007,1,0.497,qplite,qplite_builtin,opp_m3_10000,0,0,10000,0,-0.029174,-0.025251,2.284758,10.120326,0.71029,0.7236437201499939,-0.004064820241183,0.346,0.3317383229732513,0.010862624574447553,0.1588579416275024,0.02530706672564559,0.24927402018098999,True,qp_event_allocator_m1_eta0p497_seededfine_qplite_m1_eta0p497_seed14990007.csv
True,seeded_ic_v1,14990008,1,0.497,qplite,qplite_builtin,opp_m3_10000,0,0,10000,0,0.02424,-0.024064,-2.347163,9.975818,0.699214,0.7128148078918457,-0.00388786313124,0.346,0.3408271074295044,0.013752424070535394,0.1131577640771865,0.02698887422696371,0.2855470834520659,True,qp_event_allocator_m1_eta0p497_seededfine_qplite_m1_eta0p497_seed14990008.csv
True,seeded_ic_v1,14990009,1,0.497,qplite,qplite_builtin,opp_m3_10000,0,0,10000,0,0.019257,-0.020498,-0.330383,9.970722,0.6983,0.7118649482727051,-0.0037745721638202,0.346,0.3500028252601623,0.011809232645546524,0.0466567687690258,0.027058517005166982,0.2624699855138852,False,qp_event_allocator_m1_eta0p497_seededfine_qplite_m1_eta0p497_seed14990009.csv
True,seeded_ic_v1,14990010,1,0.497,qplite,qplite_builtin,opp_m3_10000,0,0,10000,0,-0.000866,0.016534,4.470175,9.829511,0.70785,0.7222967147827148,-0.0042608473449945,0.346,0.3587934076786041,0.016516754539974178,0.1949092000722885,0.026843671701148326,0.2482145596335867,False,qp_event_allocator_m1_eta0p497_seededfine_qplite_m1_eta0p497_seed14990010.csv
True,seeded_ic_v1,14990011,1,0.497,qplite,qplite_builtin,opp_m3_10000,0,0,10000,0,0.011814,-0.004604,-2.705129,10.039448,0.682374,0.6954529285430908,-0.0037831466179341,0.346,0.3374650180339813,0.015573044917782511,0.1445637345314026,0.02831920206996229,0.26514073549934797,True,qp_event_allocator_m1_eta0p497_seededfine_qplite_m1_eta0p497_seed14990011.csv
True,seeded_ic_v1,14990012,1,0.497,qplite,qplite_builtin,opp_m3_10000,0,0,10000,0,0.00419,0.022055,2.182524,9.766058,0.717443,0.7323498129844666,-0.0040631867013871,0.346,0.3356527984142303,0.009062780596064478,0.1291927695274353,0.025271174764642638,0.24457231480989317,True,qp_event_allocator_m1_eta0p497_seededfine_qplite_m1_eta0p497_seed14990012.csv
True,seeded_ic_v1,14990013,1,0.497,qplite,qplite_builtin,opp_m3_10000,0,0,10000,0,0.005677,0.017399,4.202056,9.865899,0.710792,0.7254379391670227,-0.0038794537540525,0.346,0.3386092185974121,0.011123150908215884,0.1228088289499282,0.02585854799206501,0.2500544606992235,True,qp_event_allocator_m1_eta0p497_seededfine_qplite_m1_eta0p497_seed14990013.csv
True,seeded_ic_v1,14990014,1,0.497,qplite,qplite_builtin,opp_m3_10000,0,0,10000,0,-0.005678,-0.008974,0.426623,10.230885,0.696836,0.7094860672950745,-0.0035463420208543,0.346,0.3661227524280548,0.01576989221605783,0.1414964497089386,0.027492754507336035,0.25356633013155583,False,qp_event_allocator_m1_eta0p497_seededfine_qplite_m1_eta0p497_seed14990014.csv
True,seeded_ic_v1,14990015,1,0.497,qplite,qplite_builtin,opp_m3_10000,0,0,10000,0,-0.024672,0.001274,2.819714,10.103206,0.715027,0.7285569906234741,-0.0038834833540022,0.346,0.3441269993782043,0.010598437302757047,0.1025937348604202,0.028195602695645965,0.22603143309687793,True,qp_event_allocator_m1_eta0p497_seededfine_qplite_m1_eta0p497_seed14990015.csv
True,seeded_ic_v1,14990016,1,0.497,qplite,qplite_builtin,opp_m3_10000,0,0,10000,0,0.006708,0.010244,0.773302,10.10716,0.703682,0.71684730052948,-0.0036968071945011,0.346,0.3347830772399902,0.011447760594760034,0.1207176819443702,0.02570297485321072,0.25150358135526923,True,qp_event_allocator_m1_eta0p497_seededfine_qplite_m1_eta0p497_seed14990016.csv
True,seeded_ic_v1,14990017,1,0.497,qplite,qplite_builtin,opp_m3_10000,0,0,10000,0,0.017902,0.000246,1.919124,9.991631,0.696444,0.7100977301597595,-0.0040321578271687,0.346,0.329490453004837,0.013196086178690924,0.1669023483991623,0.026892313396934642,0.2757912428870613,True,qp_event_allocator_m1_eta0p497_seededfine_qplite_m1_eta0p497_seed14990017.csv
True,seeded_ic_v1,14990018,1,0.497,qplite,qplite_builtin,opp_m3_10000,0,0,10000,0,0.02875,-0.002565,2.518427,10.17206,0.686267,0.6989498138427734,-0.0036349662113934,0.346,0.3311168849468231,0.0161163498209358,0.1710894256830215,0.02847787377846301,0.28849314711781715,True,qp_event_allocator_m1_eta0p497_seededfine_qplite_m1_eta0p497_seed14990018.csv
True,seeded_ic_v1,14990019,1,0.497,qplite,qplite_builtin,opp_m3_10000,0,0,10000,0,-0.010872,-0.017028,1.093588,9.791472,0.688098,0.7022845149040222,-0.0041066766716539,0.346,0.318671703338623,0.012712337280970067,0.1491760462522506,0.025864722943347986,0.25077857888206323,True,qp_event_allocator_m1_eta0p497_seededfine_qplite_m1_eta0p497_seed14990019.csv
True,seeded_ic_v1,14990020,1,0.497,qplite,qplite_builtin,opp_m3_10000,0,0,10000,0,0.01485,0.023069,-3.924516,9.989629,0.708327,0.7221056818962097,-0.0039994735270738,0.346,0.3414282500743866,0.014167824707121997,0.1396460682153701,0.027356243184772484,0.26004443594641935,True,qp_event_allocator_m1_eta0p497_seededfine_qplite_m1_eta0p497_seed14990020.csv
True,seeded_ic_v1,14990021,1,0.497,qplite,qplite_builtin,opp_m3_10000,0,0,10000,0,0.028502,-0.02831,-1.770566,9.830742,0.706563,0.7210092544555664,-0.0040244152769446,0.346,0.3294738829135895,0.011530155099498621,0.1410264819860458,0.028008607616581346,0.2916902290644963,True,qp_event_allocator_m1_eta0p497_seededfine_qplite_m1_eta0p497_seed14990021.csv
True,seeded_ic_v1,14990022,1,0.497,qplite,qplite_builtin,opp_m3_10000,0,0,10000,0,-0.026556,-0.014696,-0.628074,9.886592,0.714399,0.728959858417511,-0.0042126132175326,0.346,0.3292039632797241,0.013375460588099018,0.1767916977405548,0.02754729196248663,0.25232136409066847,True,qp_event_allocator_m1_eta0p497_seededfine_qplite_m1_eta0p497_seed14990022.csv
True,seeded_ic_v1,14990023,1,0.497,qplite,qplite_builtin,opp_m3_10000,0,0,10000,0,-0.02975,0.013783,-4.312934,9.972488,0.701936,0.7158416509628296,-0.0037796082906425,0.346,0.3375517427921295,0.010882443985703597,0.0811812579631805,0.02759166941430323,0.21070038411527375,True,qp_event_allocator_m1_eta0p497_seededfine_qplite_m1_eta0p497_seed14990023.csv
True,seeded_ic_v1,14990024,1,0.497,qplite,qplite_builtin,opp_m3_10000,0,0,10000,0,-0.011467,0.020208,-1.577394,9.900956,0.692654,0.7064642906188965,-0.0036949021741747,0.346,0.3274393081665039,0.009185548849857596,0.1132435053586959,0.02628066993973727,0.22236748871017234,True,qp_event_allocator_m1_eta0p497_seededfine_qplite_m1_eta0p497_seed14990024.csv
True,seeded_ic_v1,14990025,1,0.497,qplite,qplite_builtin,opp_m3_10000,0,0,10000,0,0.027918,-0.026862,-3.745451,9.934349,0.701488,0.7154800295829773,-0.0038654054515063,0.346,0.3427432477474212,0.013098517290724936,0.1171779707074165,0.029013637789418675,0.293411232988026,True,qp_event_allocator_m1_eta0p497_seededfine_qplite_m1_eta0p497_seed14990025.csv
True,seeded_ic_v1,14990026,1,0.497,qplite,qplite_builtin,opp_m3_10000,0,0,10000,0,-0.015441,-0.005694,-3.178075,10.007016,0.682685,0.6957375407218933,-0.0035748875234276,0.346,0.3239894807338714,0.014068118303800264,0.1456209421157837,0.026673284122603336,0.25115973138637093,True,qp_event_allocator_m1_eta0p497_seededfine_qplite_m1_eta0p497_seed14990026.csv
True,seeded_ic_v1,14990027,1,0.497,qplite,qplite_builtin,opp_m3_10000,0,0,10000,0,-0.002544,-0.000769,-1.970493,9.815761,0.686865,0.7007604837417603,-0.0039769657887518,0.346,0.3219345808029175,0.010885562003229394,0.1223978102207183,0.024313897413024716,0.24825425134843937,True,qp_event_allocator_m1_eta0p497_seededfine_qplite_m1_eta0p497_seed14990027.csv
True,seeded_ic_v1,14990028,1,0.497,qplite,qplite_builtin,opp_m3_10000,0,0,10000,0,0.016862,-0.015686,3.577269,10.152519,0.690591,0.703436017036438,-0.0035261765588074,0.346,0.3133999705314636,0.010619331732351458,0.1791342198848724,0.02526114031500458,0.28452770235187475,True,qp_event_allocator_m1_eta0p497_seededfine_qplite_m1_eta0p497_seed14990028.csv
True,seeded_ic_v1,14990029,1,0.497,qplite,qplite_builtin,opp_m3_10000,0,0,10000,0,-0.002234,-0.01091,-4.025636,10.001128,0.681831,0.6949803233146667,-0.0036071904469281,0.346,0.3251094222068786,0.01472887675025125,0.1583346575498581,0.02872861541926287,0.2666719985831848,True,qp_event_allocator_m1_eta0p497_seededfine_qplite_m1_eta0p497_seed14990029.csv
True,seeded_ic_v1,14990030,1,0.497,qplite,qplite_builtin,opp_m3_10000,0,0,10000,0,-0.013256,0.008653,4.084173,10.105149,0.703682,0.7171903848648071,-0.003844924038276,0.346,0.3420192897319793,0.013784414949362684,0.0986395329236984,0.02706481585860427,0.234882540920139,True,qp_event_allocator_m1_eta0p497_seededfine_qplite_m1_eta0p497_seed14990030.csv
True,seeded_ic_v1,15000001,1,0.498,qplite,qplite_builtin,opp_m3_10000,0,0,10000,0,-0.027297,-0.006367,4.083379,10.16998,0.691134,0.7038492560386658,-0.0034610107541084,0.3399999999999999,0.2876459062099457,0.009859511843670662,0.1250241696834564,0.023998472566644783,0.23844115234000732,True,qp_event_allocator_m1_eta0p498_seededfine_qplite_m1_eta0p498_seed15000001.csv
True,seeded_ic_v1,15000002,1,0.498,qplite,qplite_builtin,opp_m3_10000,0,0,10000,0,-0.000535,0.001755,3.696323,9.895869,0.694344,0.7081851959228516,-0.003781949635595,0.3399999999999999,0.2855459451675415,0.010477411469206123,0.1165909394621849,0.02511240984675738,0.25995736944004294,True,qp_event_allocator_m1_eta0p498_seededfine_qplite_m1_eta0p498_seed15000002.csv
True,seeded_ic_v1,15000003,1,0.498,qplite,qplite_builtin,opp_m3_10000,0,0,10000,0,-0.029936,-0.004226,2.576226,10.15083,0.703017,0.7159817218780518,-0.0039723301306366,0.3399999999999999,0.2718788087368011,0.010962840533686279,0.1030167043209075,0.02234534143919456,0.2467224774317347,True,qp_event_allocator_m1_eta0p498_seededfine_qplite_m1_eta0p498_seed15000003.csv
True,seeded_ic_v1,15000004,1,0.498,qplite,qplite_builtin,opp_m3_10000,0,0,10000,0,-0.005634,0.015692,-1.622806,9.982179,0.690413,0.7038189172744751,-0.0037236327771097,0.3399999999999999,0.2919148504734039,0.008774855969526709,0.1058522313833236,0.02413458586331907,0.23798982197950838,True,qp_event_allocator_m1_eta0p498_seededfine_qplite_m1_eta0p498_seed15000004.csv
True,seeded_ic_v1,15000005,1,0.498,qplite,qplite_builtin,opp_m3_10000,0,0,10000,0,0.028666,-0.008384,-0.428208,9.843934,0.719983,0.7347647547721863,-0.0039550904184579,0.3399999999999999,0.30252605676651,0.01206682721934982,0.1093229278922081,0.02360471976776914,0.29726477720709693,True,qp_event_allocator_m1_eta0p498_seededfine_qplite_m1_eta0p498_seed15000005.csv
True,seeded_ic_v1,15000006,1,0.498,qplite,qplite_builtin,opp_m3_10000,0,0,10000,0,-0.029896,-0.000861,-1.068836,9.826154,0.719757,0.7344018220901489,-0.0040013208054006,0.3399999999999999,0.2944713532924652,0.01155004978095544,0.104116640985012,0.023580630912044508,0.24147130393448085,True,qp_event_allocator_m1_eta0p498_seededfine_qplite_m1_eta0p498_seed15000006.csv
True,seeded_ic_v1,15000007,1,0.498,qplite,qplite_builtin,opp_m3_10000,0,0,10000,0,0.018558,0.011154,2.269796,10.041812,0.710303,0.7240095138549805,-0.003871111664921,0.3399999999999999,0.2993971109390259,0.010241948764112411,0.1128988042473793,0.023790832761894774,0.26773001029273413,True,qp_event_allocator_m1_eta0p498_seededfine_qplite_m1_eta0p498_seed15000007.csv
True,seeded_ic_v1,15000008,1,0.498,qplite,qplite_builtin,opp_m3_10000,0,0,10000,0,-0.007999,-0.007406,-1.357033,10.185414,0.696804,0.7097131013870239,-0.0035325246863067,0.3399999999999999,0.2963566184043884,0.009942517155539773,0.0916181430220604,0.023650200829282316,0.2482000926009967,True,qp_event_allocator_m1_eta0p498_seededfine_qplite_m1_eta0p498_seed15000008.csv
True,seeded_ic_v1,15000009,1,0.498,qplite,qplite_builtin,opp_m3_10000,0,0,10000,0,-0.012656,-0.012372,-3.259586,9.998068,0.707536,0.72138911485672,-0.0036430491600185,0.3399999999999999,0.305272102355957,0.009497165247747984,0.0816515609622001,0.023859178802376372,0.2438085688206517,True,qp_event_allocator_m1_eta0p498_seededfine_qplite_m1_eta0p498_seed15000009.csv
True,seeded_ic_v1,15000010,1,0.498,qplite,qplite_builtin,opp_m3_10000,0,0,10000,0,0.000802,-0.021906,-1.003688,10.127787,0.685624,0.698373556137085,-0.0035111324395984,0.3399999999999999,0.2807931005954742,0.010038738974519353,0.1337104141712188,0.02379650950916308,0.27434898440619987,True,qp_event_allocator_m1_eta0p498_seededfine_qplite_m1_eta0p498_seed15000010.csv
True,seeded_ic_v1,15000011,1,0.498,qplite,qplite_builtin,opp_m3_10000,0,0,10000,0,0.014897,-0.006672,3.70859,10.006488,0.699166,0.7127106785774231,-0.0038554864004254,0.3399999999999999,0.301304280757904,0.009472684791118574,0.1020084545016288,0.02396304899203816,0.26506755300687046,True,qp_event_allocator_m1_eta0p498_seededfine_qplite_m1_eta0p498_seed15000011.csv
True,seeded_ic_v1,15000012,1,0.498,qplite,qplite_builtin,opp_m3_10000,0,0,10000,0,0.015402,0.025524,-1.543329,9.893198,0.68025,0.69374680519104,-0.0039238505996763,0.3399999999999999,0.2893191874027252,0.00918684394414949,0.1243150010704994,0.02597114582611662,0.25205676533249083,True,qp_event_allocator_m1_eta0p498_seededfine_qplite_m1_eta0p498_seed15000012.csv
True,seeded_ic_v1,15000013,1,0.498,qplite,qplite_builtin,opp_m3_10000,0,0,10000,0,0.001065,0.003773,-4.664778,10.082978,0.682836,0.695746123790741,-0.0035712851677089,0.3399999999999999,0.2851227223873138,0.012771884768456278,0.1558035761117935,0.021664291013142704,0.27432734252107255,True,qp_event_allocator_m1_eta0p498_seededfine_qplite_m1_eta0p498_seed15000013.csv
True,seeded_ic_v1,15000014,1,0.498,qplite,qplite_builtin,opp_m3_10000,0,0,10000,0,0.010392,0.015368,3.656444,9.960433,0.686704,0.7001468539237976,-0.0036181511823087,0.3399999999999999,0.2743543982505798,0.010071061184001393,0.1059274300932884,0.022572248316079582,0.261017511917378,True,qp_event_allocator_m1_eta0p498_seededfine_qplite_m1_eta0p498_seed15000014.csv
True,seeded_ic_v1,15000015,1,0.498,qplite,qplite_builtin,opp_m3_10000,0,0,10000,0,-0.0234,0.026713,4.949404,9.920602,0.694482,0.7082810997962952,-0.0038191145285964,0.3399999999999999,0.292624294757843,0.009610999292519575,0.0960763245820999,0.023813540443528507,0.22007679837600008,True,qp_event_allocator_m1_eta0p498_seededfine_qplite_m1_eta0p498_seed15000015.csv
True,seeded_ic_v1,15000016,1,0.498,qplite,qplite_builtin,opp_m3_10000,0,0,10000,0,0.009592,-0.009592,4.828479,9.791014,0.707461,0.7220075130462646,-0.0039669331163167,0.3399999999999999,0.284968614578247,0.01155563817123483,0.1117495447397232,0.022270819285605956,0.28051029881784534,True,qp_event_allocator_m1_eta0p498_seededfine_qplite_m1_eta0p498_seed15000016.csv
True,seeded_ic_v1,15000017,1,0.498,qplite,qplite_builtin,opp_m3_10000,0,0,10000,0,0.006305,0.00254,4.813275,10.163119,0.715592,0.7289903163909912,-0.0037207850255072,0.3399999999999999,0.2906712889671325,0.01084962041830192,0.0691037252545356,0.023614337986648772,0.2644406634394499,True,qp_event_allocator_m1_eta0p498_seededfine_qplite_m1_eta0p498_seed15000017.csv
True,seeded_ic_v1,15000018,1,0.498,qplite,qplite_builtin,opp_m3_10000,0,0,10000,0,-0.002488,0.014937,-1.848518,10.111844,0.707198,0.7204717993736267,-0.0037395586259663,0.3399999999999999,0.2750730514526367,0.011640482566771975,0.1053142249584198,0.02321686964735785,0.2587601772588149,True,qp_event_allocator_m1_eta0p498_seededfine_qplite_m1_eta0p498_seed15000018.csv
True,seeded_ic_v1,15000019,1,0.498,qplite,qplite_builtin,opp_m3_10000,0,0,10000,0,0.007849,-0.01577,-4.172694,10.113921,0.70299,0.7162286043167114,-0.0038572056218981,0.3399999999999999,0.2986338138580322,0.011027071238825042,0.0567243583500385,0.0246144164769455,0.2713134159317083,True,qp_event_allocator_m1_eta0p498_seededfine_qplite_m1_eta0p498_seed15000019.csv
True,seeded_ic_v1,15000020,1,0.498,qplite,qplite_builtin,opp_m3_10000,0,0,10000,0,-0.000738,-0.025978,2.148692,10.201198,0.687438,0.7000510096549988,-0.0035660751163959,0.3399999999999999,0.3003689646720886,0.009233457524756261,0.086897037923336,0.02468223033681111,0.2611914107633337,True,qp_event_allocator_m1_eta0p498_seededfine_qplite_m1_eta0p498_seed15000020.csv
True,seeded_ic_v1,15000021,1,0.498,qplite,qplite_builtin,opp_m3_10000,0,0,10000,0,-0.017128,0.023734,4.254066,10.191666,0.711892,0.7251020669937134,-0.0037838630378246,0.3399999999999999,0.3003523349761963,0.010045426532891569,0.085517294704914,0.022598637133872664,0.22184137741537716,True,qp_event_allocator_m1_eta0p498_seededfine_qplite_m1_eta0p498_seed15000021.csv
True,seeded_ic_v1,15000022,1,0.498,qplite,qplite_builtin,opp_m3_10000,0,0,10000,0,-0.001853,-0.01553,3.890165,9.832813,0.687087,0.7009900212287903,-0.0036722801160067,0.3399999999999999,0.2918099164962768,0.009847178552286335,0.1140814274549484,0.02495628927472904,0.2651253018168422,True,qp_event_allocator_m1_eta0p498_seededfine_qplite_m1_eta0p498_seed15000022.csv
True,seeded_ic_v1,15000023,1,0.498,qplite,qplite_builtin,opp_m3_10000,0,0,10000,0,-0.02139,-0.013664,1.130973,9.826804,0.684302,0.6982585191726685,-0.0038140926044434,0.3399999999999999,0.2659522891044616,0.012546749257962744,0.1532154232263565,0.022329935574179255,0.2704109076303977,True,qp_event_allocator_m1_eta0p498_seededfine_qplite_m1_eta0p498_seed15000023.csv
True,seeded_ic_v1,15000024,1,0.498,qplite,qplite_builtin,opp_m3_10000,0,0,10000,0,0.026623,-0.006019,-2.186388,9.828928,0.690305,0.7041566967964172,-0.0037905436474829,0.3399999999999999,0.298137754201889,0.009236235289900033,0.0917073711752891,0.024127198314881356,0.2712969169867646,True,qp_event_allocator_m1_eta0p498_seededfine_qplite_m1_eta0p498_seed15000024.csv
True,seeded_ic_v1,15000025,1,0.498,qplite,qplite_builtin,opp_m3_10000,0,0,10000,0,0.017403,-0.001975,1.657403,10.124567,0.69677,0.7098575234413147,-0.0036830401513725,0.3399999999999999,0.3081088066101074,0.010201772535223688,0.1054635122418403,0.025265292472959243,0.26414361082751053,True,qp_event_allocator_m1_eta0p498_seededfine_qplite_m1_eta0p498_seed15000025.csv
True,seeded_ic_v1,15000026,1,0.498,qplite,qplite_builtin,opp_m3_10000,0,0,10000,0,-0.026791,0.015697,1.292319,9.89101,0.71163,0.7258913516998291,-0.003899680217728,0.3399999999999999,0.2860743105411529,0.010574648854890989,0.0908367708325386,0.023581580823300828,0.22691905848972604,True,qp_event_allocator_m1_eta0p498_seededfine_qplite_m1_eta0p498_seed15000026.csv
True,seeded_ic_v1,15000027,1,0.498,qplite,qplite_builtin,opp_m3_10000,0,0,10000,0,0.02886,-0.022321,-0.804523,10.009165,0.682991,0.6965277194976807,-0.0037869454827159,0.3399999999999999,0.2737703621387481,0.01921226824401008,0.2097045481204986,0.02285794987065503,0.3444383624309081,True,qp_event_allocator_m1_eta0p498_seededfine_qplite_m1_eta0p498_seed15000027.csv
True,seeded_ic_v1,15000028,1,0.498,qplite,qplite_builtin,opp_m3_10000,0,0,10000,0,0.020229,0.025686,3.567907,10.155914,0.713957,0.7273368835449219,-0.0037318516988307,0.3399999999999999,0.3011464774608612,0.011071130217489178,0.132279947400093,0.02457230985597562,0.26869465847210144,True,qp_event_allocator_m1_eta0p498_seededfine_qplite_m1_eta0p498_seed15000028.csv
True,seeded_ic_v1,15000029,1,0.498,qplite,qplite_builtin,opp_m3_10000,0,0,10000,0,-0.010751,-0.02846,-3.41957,9.900878,0.693571,0.707278847694397,-0.0040276325307786,0.3399999999999999,0.3014013767242431,0.009331304670549774,0.0995010212063789,0.024510067232719354,0.2562546406004919,True,qp_event_allocator_m1_eta0p498_seededfine_qplite_m1_eta0p498_seed15000029.csv
True,seeded_ic_v1,15000030,1,0.498,qplite,qplite_builtin,opp_m3_10000,0,0,10000,0,-0.002171,-0.024684,1.75021,10.233712,0.704261,0.717120349407196,-0.0037299927789717,0.3399999999999999,0.3005224168300628,0.009056100436884902,0.0877755805850029,0.025118570245426557,0.26060077654629976,True,qp_event_allocator_m1_eta0p498_seededfine_qplite_m1_eta0p498_seed15000030.csv
True,seeded_ic_v1,34940001,3,0.492,qplite,qplite_builtin,opp_m1_13000,13000,0,0,0,-0.018121,-0.015926,3.565581,9.867818,0.686908,0.7005903720855713,-0.0036606264766305,0.36965,0.4273930788040161,0.03910465398945373,0.1797659993171692,0.03347742772149934,0.3126088902245539,False,qp_event_allocator_m3_eta0p492_seededfine_qplite_m3_eta0p492_seed34940001.csv
True,seeded_ic_v1,34940002,3,0.492,qplite,qplite_builtin,opp_m1_13000,13000,0,0,0,-0.000813,-0.00771,4.488344,10.095259,0.71505,0.7286396026611328,-0.0039271987043321,0.36965,0.4350276887416839,0.04139210826724662,0.0604003146290779,0.03060555600859234,0.314369296559603,False,qp_event_allocator_m3_eta0p492_seededfine_qplite_m3_eta0p492_seed34940002.csv
True,seeded_ic_v1,34940003,3,0.492,qplite,qplite_builtin,opp_m1_13000,13000,0,0,0,0.020234,0.020125,3.152864,10.170543,0.717413,0.7307518124580383,-0.0037552686408162,0.36965,0.4450679719448089,0.040988779974331174,0.087343119084835,0.031796947475822325,0.30676474465817205,False,qp_event_allocator_m3_eta0p492_seededfine_qplite_m3_eta0p492_seed34940003.csv
True,seeded_ic_v1,34940004,3,0.492,qplite,qplite_builtin,opp_m1_13000,13000,0,0,0,-0.008943,-0.018202,-4.057969,10.010539,0.700612,0.7140423655509949,-0.0039868359453976,0.36965,0.4322806000709533,0.039743968294452016,0.1339075714349746,0.03170390255944598,0.3100218152368699,False,qp_event_allocator_m3_eta0p492_seededfine_qplite_m3_eta0p492_seed34940004.csv
True,seeded_ic_v1,34940005,3,0.492,qplite,qplite_builtin,opp_m1_13000,13000,0,0,0,0.001968,-0.027218,3.040591,9.844397,0.705617,0.7199289798736572,-0.0041043702512979,0.36965,0.4414853453636169,0.03930118944659472,0.1463080197572708,0.03360359046270558,0.2872640624781478,False,qp_event_allocator_m3_eta0p492_seededfine_qplite_m3_eta0p492_seed34940005.csv
True,seeded_ic_v1,34940006,3,0.492,qplite,qplite_builtin,opp_m1_13000,13000,0,0,0,-0.027496,0.012647,1.867516,10.121408,0.715041,0.728525698184967,-0.0037478520534932,0.36965,0.4380597770214081,0.03943687838441737,0.1034990847110748,0.031045487411568474,0.3353773994369154,False,qp_event_allocator_m3_eta0p492_seededfine_qplite_m3_eta0p492_seed34940006.csv
True,seeded_ic_v1,34940007,3,0.492,qplite,qplite_builtin,opp_m1_13000,13000,0,0,0,0.005275,-0.001817,4.96883,9.821054,0.692967,0.7071153521537781,-0.0039478698745369,0.36965,0.4279908537864685,0.041937011725389294,0.0708261430263519,0.03236133092289582,0.30862940168822195,False,qp_event_allocator_m3_eta0p492_seededfine_qplite_m3_eta0p492_seed34940007.csv
True,seeded_ic_v1,34940008,3,0.492,qplite,qplite_builtin,opp_m1_13000,13000,0,0,0,0.027814,0.022357,-1.513256,10.157099,0.708394,0.7215439677238464,-0.003923409152776,0.36965,0.438909649848938,0.04071159886796896,0.1195945292711258,0.031852111869411906,0.2986353133476701,False,qp_event_allocator_m3_eta0p492_seededfine_qplite_m3_eta0p492_seed34940008.csv
True,seeded_ic_v1,34940009,3,0.492,qplite,qplite_builtin,opp_m1_13000,13000,0,0,0,-0.027055,0.011368,-3.027794,9.778482,0.691441,0.7055995464324951,-0.0039226925000548,0.36965,0.4349072873592376,0.03857364413892063,0.2001711577177047,0.03397944061893266,0.3349259920354823,False,qp_event_allocator_m3_eta0p492_seededfine_qplite_m3_eta0p492_seed34940009.csv
True,seeded_ic_v1,34940010,3,0.492,qplite,qplite_builtin,opp_m1_13000,13000,0,0,0,0.015704,-0.024978,0.279218,10.034148,0.69347,0.7067092061042786,-0.0037947499658912,0.36965,0.4301654100418091,0.03825842298152311,0.1851384341716766,0.03442965809063659,0.27546104379566316,False,qp_event_allocator_m3_eta0p492_seededfine_qplite_m3_eta0p492_seed34940010.csv
True,seeded_ic_v1,34940011,3,0.492,qplite,qplite_builtin,opp_m1_13000,13000,0,0,0,-0.020477,0.019403,4.780801,10.123701,0.699413,0.7125075459480286,-0.0037355492822825,0.36965,0.4342134892940521,0.0407523175748096,0.1173157095909118,0.03307638900234811,0.3415813788657799,False,qp_event_allocator_m3_eta0p492_seededfine_qplite_m3_eta0p492_seed34940011.csv
True,seeded_ic_v1,34940012,3,0.492,qplite,qplite_builtin,opp_m1_13000,13000,0,0,0,0.011112,-0.002096,-3.528116,10.232441,0.691025,0.7035363912582397,-0.0037919750902801,0.36965,0.4324232339859009,0.04046424715824765,0.1390211284160614,0.032941391464102646,0.2945239060175263,False,qp_event_allocator_m3_eta0p492_seededfine_qplite_m3_eta0p492_seed34940012.csv
True,seeded_ic_v1,34940013,3,0.492,qplite,qplite_builtin,opp_m1_13000,13000,0,0,0,-0.007871,0.004978,4.301082,9.810381,0.710537,0.7250522971153259,-0.0041017518378794,0.36965,0.4453818202018738,0.04041848092218446,0.1114075183868408,0.03366212919057979,0.31765105034406854,False,qp_event_allocator_m3_eta0p492_seededfine_qplite_m3_eta0p492_seed34940013.csv
True,seeded_ic_v1,34940014,3,0.492,qplite,qplite_builtin,opp_m1_13000,13000,0,0,0,-0.008389,-0.029193,-1.488057,9.85605,0.69277,0.7067215442657471,-0.0037538269534707,0.36965,0.427528828382492,0.0411404237121458,0.1072918847203254,0.03290508735370779,0.30544789113404847,False,qp_event_allocator_m3_eta0p492_seededfine_qplite_m3_eta0p492_seed34940014.csv
True,seeded_ic_v1,34940015,3,0.492,qplite,qplite_builtin,opp_m1_13000,13000,0,0,0,0.029766,-0.009968,-1.10806,10.133845,0.683661,0.6963422298431396,-0.0034066839143633,0.36965,0.4230000674724579,0.03951675686084824,0.1744836419820785,0.03463474433259971,0.27912908297738226,False,qp_event_allocator_m3_eta0p492_seededfine_qplite_m3_eta0p492_seed34940015.csv
True,seeded_ic_v1,34940016,3,0.492,qplite,qplite_builtin,opp_m1_13000,13000,0,0,0,0.025013,0.019077,1.881099,10.009517,0.683849,0.6969394683837891,-0.0035820568446069,0.36965,0.4313662350177765,0.03928377372100131,0.178000196814537,0.034735038208593985,0.29833351617332876,False,qp_event_allocator_m3_eta0p492_seededfine_qplite_m3_eta0p492_seed34940016.csv
True,seeded_ic_v1,34940017,3,0.492,qplite,qplite_builtin,opp_m1_13000,13000,0,0,0,-0.021525,0.016138,3.081143,10.11309,0.707165,0.7204865217208862,-0.0039559295400977,0.36965,0.4355157613754272,0.04075451386865248,0.0980326756834983,0.03198461809179687,0.335680248027917,False,qp_event_allocator_m3_eta0p492_seededfine_qplite_m3_eta0p492_seed34940017.csv
True,seeded_ic_v1,34940018,3,0.492,qplite,qplite_builtin,opp_m1_13000,13000,0,0,0,-0.015488,0.009151,2.798353,10.084795,0.696437,0.7096076607704163,-0.00405994663015,0.36965,0.4344867169857025,0.037269712222873244,0.2339019775390625,0.035423346948879025,0.3161470958757432,False,qp_event_allocator_m3_eta0p492_seededfine_qplite_m3_eta0p492_seed34940018.csv
True,seeded_ic_v1,34940019,3,0.492,qplite,qplite_builtin,opp_m1_13000,13000,0,0,0,0.019823,-0.013735,-1.303684,10.220629,0.681336,0.6936438083648682,-0.0036637252196669,0.36965,0.4332780241966247,0.03810632993554586,0.22517791390419,0.03803029562606867,0.2826217575592548,False,qp_event_allocator_m3_eta0p492_seededfine_qplite_m3_eta0p492_seed34940019.csv
True,seeded_ic_v1,34940020,3,0.492,qplite,qplite_builtin,opp_m1_13000,13000,0,0,0,-0.026591,-0.014884,-2.035037,9.860187,0.69787,0.7119367122650146,-0.0041233208030462,0.36965,0.4364042580127716,0.03987608699695309,0.1466700136661529,0.032932464294378655,0.32206302657635216,False,qp_event_allocator_m3_eta0p492_seededfine_qplite_m3_eta0p492_seed34940020.csv
True,seeded_ic_v1,34940021,3,0.492,qplite,qplite_builtin,opp_m1_13000,13000,0,0,0,0.012824,-0.029326,-4.230358,10.047028,0.684117,0.6971144080162048,-0.0034659160301089,0.36965,0.423068106174469,0.03956595564159818,0.1798516511917114,0.03682336354956171,0.2835232219086781,False,qp_event_allocator_m3_eta0p492_seededfine_qplite_m3_eta0p492_seed34940021.csv
True,seeded_ic_v1,34940022,3,0.492,qplite,qplite_builtin,opp_m1_13000,13000,0,0,0,-0.009417,0.01571,-2.357899,10.214984,0.695798,0.7084056735038757,-0.003716146107763,0.36965,0.4283381402492523,0.04038760382743493,0.1337856501340866,0.033425305152305976,0.3281422493956325,False,qp_event_allocator_m3_eta0p492_seededfine_qplite_m3_eta0p492_seed34940022.csv
True,seeded_ic_v1,34940023,3,0.492,qplite,qplite_builtin,opp_m1_13000,13000,0,0,0,0.009964,0.015844,-3.957899,10.215983,0.711176,0.724257230758667,-0.0040499195456504,0.36965,0.450516402721405,0.03998072273868182,0.1416719406843185,0.03577848517083004,0.30637873103050295,False,qp_event_allocator_m3_eta0p492_seededfine_qplite_m3_eta0p492_seed34940023.csv
True,seeded_ic_v1,34940024,3,0.492,qplite,qplite_builtin,opp_m1_13000,13000,0,0,0,-0.008055,0.011762,-3.866071,9.98638,0.680128,0.6932435631752014,-0.0036835721693933,0.36965,0.4316395223140716,0.038396261114457875,0.2033543139696121,0.03624611816508101,0.3178440898049857,False,qp_event_allocator_m3_eta0p492_seededfine_qplite_m3_eta0p492_seed34940024.csv
True,seeded_ic_v1,34940025,3,0.492,qplite,qplite_builtin,opp_m1_13000,13000,0,0,0,0.012569,-0.022159,-3.736789,10.053322,0.684492,0.6974732279777527,-0.0036455665249377,0.36965,0.4273993074893951,0.040898205145392996,0.1409871876239776,0.033447173040443166,0.28678105330433545,False,qp_event_allocator_m3_eta0p492_seededfine_qplite_m3_eta0p492_seed34940025.csv
True,seeded_ic_v1,34940026,3,0.492,qplite,qplite_builtin,opp_m1_13000,13000,0,0,0,0.01938,0.019911,-3.301873,9.998537,0.690973,0.7043501734733582,-0.0036491483915597,0.36965,0.4323122203350067,0.03941610641780376,0.1754534393548965,0.035229447136540394,0.30486047690768436,False,qp_event_allocator_m3_eta0p492_seededfine_qplite_m3_eta0p492_seed34940026.csv
True,seeded_ic_v1,34940027,3,0.492,qplite,qplite_builtin,opp_m1_13000,13000,0,0,0,-0.009554,0.011825,4.627184,9.799951,0.713413,0.7281960248947144,-0.0042483760043978,0.36965,0.4518853724002838,0.03901247959341997,0.1765004694461822,0.034892030822679485,0.3148159331114831,False,qp_event_allocator_m3_eta0p492_seededfine_qplite_m3_eta0p492_seed34940027.csv
True,seeded_ic_v1,34940028,3,0.492,qplite,qplite_builtin,opp_m1_13000,13000,0,0,0,0.013298,-0.007875,-0.863122,9.958947,0.691707,0.7052786350250244,-0.0038025041576474,0.36965,0.4401005804538727,0.03815052093162882,0.2218961864709854,0.035545550184685346,0.2884183830690063,False,qp_event_allocator_m3_eta0p492_seededfine_qplite_m3_eta0p492_seed34940028.csv
True,seeded_ic_v1,34940029,3,0.492,qplite,qplite_builtin,opp_m1_13000,13000,0,0,0,-0.027374,0.018547,-2.563096,10.092234,0.693927,0.706983745098114,-0.003961713053286,0.36965,0.4405426383018493,0.03959031832749176,0.1773464381694793,0.035164237089160014,0.3427173773718257,False,qp_event_allocator_m3_eta0p492_seededfine_qplite_m3_eta0p492_seed34940029.csv
True,seeded_ic_v1,34940030,3,0.492,qplite,qplite_builtin,opp_m1_13000,13000,0,0,0,0.00852,-0.011928,4.234771,10.204729,0.680762,0.6931020021438599,-0.0034547748509794,0.36965,0.4143212735652923,0.042498672933891445,0.0875080972909927,0.033813947277424816,0.30861653308219844,False,qp_event_allocator_m3_eta0p492_seededfine_qplite_m3_eta0p492_seed34940030.csv
True,seeded_ic_v1,34950001,3,0.493,qplite,qplite_builtin,opp_m1_13000,13000,0,0,0,0.025187,0.005137,0.160816,10.156836,0.709323,0.7225831747055054,-0.0035966185387223,0.36365,0.4064125716686249,0.04109684531837507,0.0793568789958953,0.02794552115809339,0.2986563095445387,False,qp_event_allocator_m3_eta0p493_seededfine_qplite_m3_eta0p493_seed34950001.csv
True,seeded_ic_v1,34950002,3,0.493,qplite,qplite_builtin,opp_m1_13000,13000,0,0,0,0.004414,0.029844,-2.45002,10.224136,0.686709,0.699189305305481,-0.0033587054349482,0.36365,0.3956326246261596,0.0405238397346871,0.0296792723238468,0.026827947875147723,0.32908393817182463,False,qp_event_allocator_m3_eta0p493_seededfine_qplite_m3_eta0p493_seed34950002.csv
True,seeded_ic_v1,34950003,3,0.493,qplite,qplite_builtin,opp_m1_13000,13000,0,0,0,0.003317,-0.028135,2.491366,9.985207,0.709061,0.7229013442993164,-0.003801260376349,0.36365,0.4238025844097137,0.041222021222525815,0.0606135986745357,0.030678512101513292,0.2931661685496828,False,qp_event_allocator_m3_eta0p493_seededfine_qplite_m3_eta0p493_seed34950003.csv
True,seeded_ic_v1,34950004,3,0.493,qplite,qplite_builtin,opp_m1_13000,13000,0,0,0,-0.000612,0.010752,-1.883145,10.208007,0.719305,0.7325446605682373,-0.00382243655622,0.36365,0.4104906618595123,0.04289659606334061,0.1344558447599411,0.02724857730531506,0.33285236749697267,False,qp_event_allocator_m3_eta0p493_seededfine_qplite_m3_eta0p493_seed34950004.csv
True,seeded_ic_v1,34950005,3,0.493,qplite,qplite_builtin,opp_m1_13000,13000,0,0,0,0.023801,-0.022064,-0.291339,9.973149,0.682979,0.6961394548416138,-0.0039241188205778,0.36365,0.4020425975322723,0.04057700586737256,0.047008141875267,0.03045049317269205,0.28463915953347907,False,qp_event_allocator_m3_eta0p493_seededfine_qplite_m3_eta0p493_seed34950005.csv
True,seeded_ic_v1,34950006,3,0.493,qplite,qplite_builtin,opp_m1_13000,13000,0,0,0,0.013598,0.02533,-2.563701,9.823915,0.714099,0.7287049293518066,-0.0039287945255637,0.36365,0.4222957193851471,0.03955096799690337,0.0772194936871528,0.028097508680001253,0.30927329323549074,False,qp_event_allocator_m3_eta0p493_seededfine_qplite_m3_eta0p493_seed34950006.csv
True,seeded_ic_v1,34950007,3,0.493,qplite,qplite_builtin,opp_m1_13000,13000,0,0,0,0.023088,-0.004952,-1.517931,10.129497,0.707108,0.7204430103302002,-0.0038329800590872,0.36365,0.3854984045028686,0.041017023037843686,0.1544009000062942,0.026250934259569186,0.30714582176878535,False,qp_event_allocator_m3_eta0p493_seededfine_qplite_m3_eta0p493_seed34950007.csv
True,seeded_ic_v1,34950008,3,0.493,qplite,qplite_builtin,opp_m1_13000,13000,0,0,0,0.016457,-0.020905,-0.469594,9.965606,0.70294,0.7167966365814209,-0.0037221007514744,0.36365,0.4228805899620056,0.038685966895844366,0.1273055374622345,0.030283281209489112,0.2785681571922213,False,qp_event_allocator_m3_eta0p493_seededfine_qplite_m3_eta0p493_seed34950008.csv
True,seeded_ic_v1,34950009,3,0.493,qplite,qplite_builtin,opp_m1_13000,13000,0,0,0,0.027145,-0.014153,-1.114749,9.871954,0.705899,0.7200711369514465,-0.003878763411194,0.36365,0.4161015748977661,0.04102063088573721,0.0698369517922401,0.030505366421053677,0.2865731732886727,False,qp_event_allocator_m3_eta0p493_seededfine_qplite_m3_eta0p493_seed34950009.csv
True,seeded_ic_v1,34950010,3,0.493,qplite,qplite_builtin,opp_m1_13000,13000,0,0,0,0.022903,-0.000653,-4.136557,10.142808,0.691469,0.7043450474739075,-0.0036964928731322,0.36365,0.4092398583889007,0.040758120522300434,0.0571101456880569,0.031741033694329394,0.29511929017603616,False,qp_event_allocator_m3_eta0p493_seededfine_qplite_m3_eta0p493_seed34950010.csv
True,seeded_ic_v1,34950011,3,0.493,qplite,qplite_builtin,opp_m1_13000,13000,0,0,0,-0.01014,-0.025218,-1.529087,9.931173,0.712413,0.7265644073486328,-0.0042693256400525,0.36365,0.411003053188324,0.041837828148250496,0.0833963528275489,0.029832417624137266,0.31985963426024855,False,qp_event_allocator_m3_eta0p493_seededfine_qplite_m3_eta0p493_seed34950011.csv
True,seeded_ic_v1,34950012,3,0.493,qplite,qplite_builtin,opp_m1_13000,13000,0,0,0,0.005352,-0.018435,-4.993434,10.006514,0.700463,0.7139040231704712,-0.0037836306728422,0.36365,0.4146147072315216,0.0415357720378217,0.0367913022637367,0.02987271731400887,0.3004673003927599,False,qp_event_allocator_m3_eta0p493_seededfine_qplite_m3_eta0p493_seed34950012.csv
True,seeded_ic_v1,34950013,3,0.493,qplite,qplite_builtin,opp_m1_13000,13000,0,0,0,0.00233,-0.018545,-1.889297,10.220123,0.689972,0.7025965452194214,-0.0035886534024029,0.36365,0.4023029804229736,0.042152042400639356,0.0236773118376731,0.030678560407534725,0.3059893130978642,False,qp_event_allocator_m3_eta0p493_seededfine_qplite_m3_eta0p493_seed34950013.csv
True,seeded_ic_v1,34950014,3,0.493,qplite,qplite_builtin,opp_m1_13000,13000,0,0,0,0.012369,-0.020537,-0.778038,10.109987,0.706403,0.7198299169540405,-0.0037435214035212,0.36365,0.4173395335674286,0.03983340424664781,0.0797796994447708,0.03128094940406153,0.29137811489846077,False,qp_event_allocator_m3_eta0p493_seededfine_qplite_m3_eta0p493_seed34950014.csv
True,seeded_ic_v1,34950015,3,0.493,qplite,qplite_builtin,opp_m1_13000,13000,0,0,0,0.02153,0.015687,3.896354,10.061107,0.68375,0.6966364979743958,-0.0039109489880502,0.36365,0.403228610754013,0.04142051519399988,0.0414437018334865,0.03195536345546934,0.30420095461820773,False,qp_event_allocator_m3_eta0p493_seededfine_qplite_m3_eta0p493_seed34950015.csv
True,seeded_ic_v1,34950016,3,0.493,qplite,qplite_builtin,opp_m1_13000,13000,0,0,0,-0.029823,0.006398,2.68844,10.23113,0.709091,0.7221336960792542,-0.0038376613520085,0.36365,0.4087377190589905,0.04130251249162741,0.0549774579703807,0.029674870212666998,0.3453091928814503,False,qp_event_allocator_m3_eta0p493_seededfine_qplite_m3_eta0p493_seed34950016.csv
True,seeded_ic_v1,34950017,3,0.493,qplite,qplite_builtin,opp_m1_13000,13000,0,0,0,0.028389,-0.018922,-0.312652,9.968813,0.70294,0.7163689732551575,-0.003729720134288,0.36365,0.4160048067569732,0.03991463810591961,0.055420197546482,0.030847534759521254,0.2746687717726136,False,qp_event_allocator_m3_eta0p493_seededfine_qplite_m3_eta0p493_seed34950017.csv
True,seeded_ic_v1,34950018,3,0.493,qplite,qplite_builtin,opp_m1_13000,13000,0,0,0,0.006581,0.002177,-4.805047,10.135856,0.717923,0.7315636873245239,-0.0038738581351935,0.36365,0.4239296317100525,0.03955088902346734,0.0856170207262039,0.030131447550090253,0.30314465858708156,False,qp_event_allocator_m3_eta0p493_seededfine_qplite_m3_eta0p493_seed34950018.csv
True,seeded_ic_v1,34950019,3,0.493,qplite,qplite_builtin,opp_m1_13000,13000,0,0,0,-0.010648,0.008425,3.679972,10.104862,0.717538,0.7310424447059631,-0.003967079333961,0.36365,0.4124239385128021,0.0436800588697154,0.1389265060424804,0.02936490479593719,0.3429638284151566,False,qp_event_allocator_m3_eta0p493_seededfine_qplite_m3_eta0p493_seed34950019.csv
True,seeded_ic_v1,34950020,3,0.493,qplite,qplite_builtin,opp_m1_13000,13000,0,0,0,0.024368,0.009341,2.86614,10.004537,0.694932,0.7084116339683533,-0.0036768780555576,0.36365,0.4073351621627807,0.04111792335825904,0.0502988286316394,0.030658366305224557,0.29795924166351395,False,qp_event_allocator_m3_eta0p493_seededfine_qplite_m3_eta0p493_seed34950020.csv
True,seeded_ic_v1,34950021,3,0.493,qplite,qplite_builtin,opp_m1_13000,13000,0,0,0,-0.004727,0.023038,2.157909,9.894934,0.692444,0.7062211036682129,-0.0041897338815033,0.36365,0.4246701896190643,0.03895995826403404,0.1414563059806823,0.030361027920197566,0.3215827983107897,False,qp_event_allocator_m3_eta0p493_seededfine_qplite_m3_eta0p493_seed34950021.csv
True,seeded_ic_v1,34950022,3,0.493,qplite,qplite_builtin,opp_m1_13000,13000,0,0,0,-0.011556,0.00475,0.920499,10.127491,0.686289,0.6991217136383057,-0.0035189653281122,0.36365,0.4111163020133972,0.0412215461961879,0.0586390011012554,0.03145001055857588,0.3226176511532027,False,qp_event_allocator_m3_eta0p493_seededfine_qplite_m3_eta0p493_seed34950022.csv
True,seeded_ic_v1,34950023,3,0.493,qplite,qplite_builtin,opp_m1_13000,13000,0,0,0,0.004302,-0.006616,-2.629528,10.172072,0.695829,0.7086644172668457,-0.0034180581569671,0.36365,0.4075563848018646,0.041937207551540005,0.0399081669747829,0.03185519031699064,0.30493894157291795,False,qp_event_allocator_m3_eta0p493_seededfine_qplite_m3_eta0p493_seed34950023.csv
True,seeded_ic_v1,34950024,3,0.493,qplite,qplite_builtin,opp_m1_13000,13000,0,0,0,0.024488,-0.002475,1.784618,9.927292,0.695125,0.7087690830230713,-0.0038919982034713,0.36365,0.4049775600433349,0.041231925883805504,0.0436296425759792,0.03028150927109725,0.2899556794726657,False,qp_event_allocator_m3_eta0p493_seededfine_qplite_m3_eta0p493_seed34950024.csv
True,seeded_ic_v1,34950025,3,0.493,qplite,qplite_builtin,opp_m1_13000,13000,0,0,0,0.011395,0.01089,-3.114845,9.973958,0.711954,0.7259780168533325,-0.0037644042167812,0.36365,0.4244046509265899,0.040328307546498104,0.0818418934941291,0.03031464033966796,0.30577686355339073,False,qp_event_allocator_m3_eta0p493_seededfine_qplite_m3_eta0p493_seed34950025.csv
True,seeded_ic_v1,34950026,3,0.493,qplite,qplite_builtin,opp_m1_13000,13000,0,0,0,-0.029438,-0.01887,-0.24148,10.226666,0.717523,0.7306954264640808,-0.003954732324928,0.36365,0.4258583784103393,0.04249440247283884,0.0926684811711311,0.0292073418101331,0.3371423838827138,False,qp_event_allocator_m3_eta0p493_seededfine_qplite_m3_eta0p493_seed34950026.csv
True,seeded_ic_v1,34950027,3,0.493,qplite,qplite_builtin,opp_m1_13000,13000,0,0,0,0.025744,0.026288,-2.011767,10.243056,0.714602,0.7276510000228882,-0.0040109399706125,0.36365,0.4290429055690765,0.04055518745746185,0.1149004250764846,0.03180486423316086,0.3038214963976664,False,qp_event_allocator_m3_eta0p493_seededfine_qplite_m3_eta0p493_seed34950027.csv
True,seeded_ic_v1,34950028,3,0.493,qplite,qplite_builtin,opp_m1_13000,13000,0,0,0,-0.022601,-0.002808,0.613026,10.096228,0.701301,0.7145450711250305,-0.0038030550349503,0.36365,0.4191319048404693,0.03910718662780839,0.163999319076538,0.03568514667939926,0.32414780336443044,False,qp_event_allocator_m3_eta0p493_seededfine_qplite_m3_eta0p493_seed34950028.csv
True,seeded_ic_v1,34950029,3,0.493,qplite,qplite_builtin,opp_m1_13000,13000,0,0,0,0.023779,0.001893,4.155186,9.93774,0.681945,0.6953335404396057,-0.0037373276427388,0.36365,0.4059498906135559,0.04200498978818433,0.0358595103025436,0.030400825981780257,0.29601566273946955,False,qp_event_allocator_m3_eta0p493_seededfine_qplite_m3_eta0p493_seed34950029.csv
True,seeded_ic_v1,34950030,3,0.493,qplite,qplite_builtin,opp_m1_13000,13000,0,0,0,0.028737,-0.028893,-2.790604,9.865932,0.69597,0.7099732160568237,-0.0038527166470885,0.36365,0.4146143794059753,0.039104032760079725,0.1080908849835395,0.03168923979027836,0.2649643489171774,False,qp_event_allocator_m3_eta0p493_seededfine_qplite_m3_eta0p493_seed34950030.csv
True,seeded_ic_v1,34960001,3,0.494,qplite,qplite_builtin,opp_m1_12000,12000,0,0,0,0.029764,0.025283,3.208774,10.108617,0.713657,0.7271685004234314,-0.0040419856086373,0.3596,0.4116610288619995,0.03330960002959376,0.0965325012803077,0.029646469939653648,0.2754563170310828,False,qp_event_allocator_m3_eta0p494_seededfine_qplite_m3_eta0p494_seed34960001.csv
True,seeded_ic_v1,34960002,3,0.494,qplite,qplite_builtin,opp_m1_12000,12000,0,0,0,-0.019407,-0.016716,2.759584,10.224817,0.709369,0.7222193479537964,-0.0038761491887271,0.3596,0.2975397408008575,0.027826441288578606,0.4771406650543213,0.022075398992424715,0.357583890125138,True,qp_event_allocator_m3_eta0p494_seededfine_qplite_m3_eta0p494_seed34960002.csv
True,seeded_ic_v1,34960003,3,0.494,qplite,qplite_builtin,opp_m1_12000,12000,0,0,0,-0.009127,-0.0119,-2.035331,9.814207,0.69558,0.7097511887550354,-0.0040244674310088,0.3596,0.3950137197971344,0.03444749333211375,0.0486306585371494,0.031015132946109105,0.2969691764084771,False,qp_event_allocator_m3_eta0p494_seededfine_qplite_m3_eta0p494_seed34960003.csv
True,seeded_ic_v1,34960004,3,0.494,qplite,qplite_builtin,opp_m1_12000,12000,0,0,0,0.006811,0.018087,3.728743,9.945853,0.705204,0.7190913558006287,-0.0038309602532535,0.3596,0.2985071837902069,0.0346926749219279,0.5033556222915649,0.02163542012622937,0.3972734970487409,True,qp_event_allocator_m3_eta0p494_seededfine_qplite_m3_eta0p494_seed34960004.csv
True,seeded_ic_v1,34960005,3,0.494,qplite,qplite_builtin,opp_m1_12000,12000,0,0,0,-0.019905,0.017112,-4.770111,9.956591,0.711921,0.7259833216667175,-0.0039038863033056,0.3596,0.4205400049686432,0.03305672226287183,0.1212057024240493,0.030796865810658457,0.3165817899015616,False,qp_event_allocator_m3_eta0p494_seededfine_qplite_m3_eta0p494_seed34960005.csv
True,seeded_ic_v1,34960006,3,0.494,qplite,qplite_builtin,opp_m1_12000,12000,0,0,0,0.024738,-0.027176,-2.885236,10.189225,0.706146,0.7192792892456055,-0.0037964365910738,0.3596,0.4006801843643188,0.03262978061452283,0.085252359509468,0.028945871478900584,0.2507486417220211,False,qp_event_allocator_m3_eta0p494_seededfine_qplite_m3_eta0p494_seed34960006.csv
True,seeded_ic_v1,34960007,3,0.494,qplite,qplite_builtin,opp_m1_12000,12000,0,0,0,-0.011403,0.008845,1.774219,9.784882,0.682741,0.6967464089393616,-0.0041006146930158,0.3596,0.3867605626583099,0.03505084813743114,0.0430407971143722,0.02954055748226678,0.31489981920653304,False,qp_event_allocator_m3_eta0p494_seededfine_qplite_m3_eta0p494_seed34960007.csv
True,seeded_ic_v1,34960008,3,0.494,qplite,qplite_builtin,opp_m1_12000,12000,0,0,0,-0.014013,-0.021154,-3.396833,9.758523,0.6891,0.7033727765083313,-0.0040288013406097,0.3596,0.3881755471229553,0.03318554143391424,0.0067391199991106,0.031026746441323784,0.2934637965447283,False,qp_event_allocator_m3_eta0p494_seededfine_qplite_m3_eta0p494_seed34960008.csv
True,seeded_ic_v1,34960009,3,0.494,qplite,qplite_builtin,opp_m1_12000,12000,0,0,0,-0.013763,-0.019354,3.319549,10.136264,0.715812,0.7292302846908569,-0.0039385920390486,0.3596,0.4049819707870483,0.03299449686859744,0.0658955350518226,0.028739459613684865,0.2962942543438726,False,qp_event_allocator_m3_eta0p494_seededfine_qplite_m3_eta0p494_seed34960009.csv
True,seeded_ic_v1,34960010,3,0.494,qplite,qplite_builtin,opp_m1_12000,12000,0,0,0,0.010993,0.000126,4.540683,9.838015,0.71825,0.732959508895874,-0.0041817827150225,0.3596,0.4058406352996826,0.03521991356526367,0.099227599799633,0.029409491113213677,0.29170576166790757,False,qp_event_allocator_m3_eta0p494_seededfine_qplite_m3_eta0p494_seed34960010.csv
True,seeded_ic_v1,34960011,3,0.494,qplite,qplite_builtin,opp_m1_12000,12000,0,0,0,0.022397,0.017774,3.640584,10.249899,0.697034,0.7096293568611145,-0.003479084232822,0.3596,0.4091060161590576,0.03430577113251867,0.0934905856847763,0.029806284663824865,0.28106333341421674,False,qp_event_allocator_m3_eta0p494_seededfine_qplite_m3_eta0p494_seed34960011.csv
True,seeded_ic_v1,34960012,3,0.494,qplite,qplite_builtin,opp_m1_12000,12000,0,0,0,0.016232,0.002493,0.076532,10.167316,0.713178,0.7265682816505432,-0.0036431192420423,0.3596,0.3994240760803222,0.034490927279543976,0.0821055844426155,0.02911554335436656,0.2838151878890985,False,qp_event_allocator_m3_eta0p494_seededfine_qplite_m3_eta0p494_seed34960012.csv
True,seeded_ic_v1,34960013,3,0.494,qplite,qplite_builtin,opp_m1_12000,12000,0,0,0,0.012978,0.018176,0.558218,9.796471,0.696772,0.7110953330993652,-0.0040631587617099,0.3596,0.4023936092853546,0.03453850463840413,0.0730001702904701,0.030609774796798783,0.2934661144733101,False,qp_event_allocator_m3_eta0p494_seededfine_qplite_m3_eta0p494_seed34960013.csv
True,seeded_ic_v1,34960014,3,0.494,qplite,qplite_builtin,opp_m1_12000,12000,0,0,0,0.01276,0.007688,-2.358075,10.002736,0.684778,0.6979383826255798,-0.003474265569821,0.3596,0.397068053483963,0.03498611748216422,0.0509383901953697,0.030468899606403976,0.2900802629099133,False,qp_event_allocator_m3_eta0p494_seededfine_qplite_m3_eta0p494_seed34960014.csv
True,seeded_ic_v1,34960015,3,0.494,qplite,qplite_builtin,opp_m1_12000,12000,0,0,0,-0.005951,-0.019931,-3.997847,9.882947,0.704817,0.7188911437988281,-0.0038857287727296,0.3596,0.4131113588809967,0.032355698063747836,0.1190050616860389,0.029695762364560254,0.2779284475788752,False,qp_event_allocator_m3_eta0p494_seededfine_qplite_m3_eta0p494_seed34960015.csv
True,seeded_ic_v1,34960016,3,0.494,qplite,qplite_builtin,opp_m1_12000,12000,0,0,0,-0.008178,0.01449,2.238808,10.232669,0.69142,0.7039185762405396,-0.0038263730239123,0.3596,0.3850673139095306,0.03440154350751495,0.0494038015604019,0.030865505707641235,0.30893618598077055,False,qp_event_allocator_m3_eta0p494_seededfine_qplite_m3_eta0p494_seed34960016.csv
True,seeded_ic_v1,34960017,3,0.494,qplite,qplite_builtin,opp_m1_12000,12000,0,0,0,-0.011722,0.026772,0.198459,10.020594,0.690131,0.703499436378479,-0.0038092541508376,0.3596,0.4020537137985229,0.03434996297193609,0.0719006955623626,0.029617427504236217,0.3173802947643189,False,qp_event_allocator_m3_eta0p494_seededfine_qplite_m3_eta0p494_seed34960017.csv
True,seeded_ic_v1,34960018,3,0.494,qplite,qplite_builtin,opp_m1_12000,12000,0,0,0,0.028501,-0.015281,0.718637,10.146583,0.702739,0.7159777879714966,-0.0038049672730267,0.3596,0.4009785950183868,0.03435430290422344,0.0585253536701202,0.029916479794092635,0.2595481774184359,False,qp_event_allocator_m3_eta0p494_seededfine_qplite_m3_eta0p494_seed34960018.csv
True,seeded_ic_v1,34960019,3,0.494,qplite,qplite_builtin,opp_m1_12000,12000,0,0,0,0.008686,-0.019947,-2.544084,9.968496,0.696131,0.7097910642623901,-0.0037886362988501,0.3596,0.397949069738388,0.03545507232554132,0.0590581968426704,0.029676633212256255,0.28109429709834055,False,qp_event_allocator_m3_eta0p494_seededfine_qplite_m3_eta0p494_seed34960019.csv
True,seeded_ic_v1,34960020,3,0.494,qplite,qplite_builtin,opp_m1_12000,12000,0,0,0,-0.008199,0.006127,-3.035867,9.812747,0.686316,0.7002096772193909,-0.0041975672356784,0.3596,0.3957485556602478,0.03347947971187693,0.0843643024563789,0.029082677150254085,0.29912449171265887,False,qp_event_allocator_m3_eta0p494_seededfine_qplite_m3_eta0p494_seed34960020.csv
True,seeded_ic_v1,34960021,3,0.494,qplite,qplite_builtin,opp_m1_12000,12000,0,0,0,-0.010075,-0.018814,0.146281,10.159745,0.719456,0.732998788356781,-0.0036699455231428,0.3596,0.4145669043064117,0.03337476209951311,0.0675841644406318,0.02955769185089119,0.2909812004812202,False,qp_event_allocator_m3_eta0p494_seededfine_qplite_m3_eta0p494_seed34960021.csv
True,seeded_ic_v1,34960022,3,0.494,qplite,qplite_builtin,opp_m1_12000,12000,0,0,0,-0.00317,-0.02902,4.414119,10.1621,0.704034,0.7171111106872559,-0.0038710115477442,0.3596,0.4021845161914825,0.03428808637429781,0.0547531470656394,0.02896143875123081,0.2837140816612206,False,qp_event_allocator_m3_eta0p494_seededfine_qplite_m3_eta0p494_seed34960022.csv
True,seeded_ic_v1,34960023,3,0.494,qplite,qplite_builtin,opp_m1_12000,12000,0,0,0,-0.007062,-0.014952,-2.733189,10.094509,0.698451,0.711604654788971,-0.0037974372971802,0.3596,0.3479146063327789,0.03186578609037585,0.2008281946182251,0.0248860625466067,0.3082122754443326,True,qp_event_allocator_m3_eta0p494_seededfine_qplite_m3_eta0p494_seed34960023.csv
True,seeded_ic_v1,34960024,3,0.494,qplite,qplite_builtin,opp_m1_12000,12000,0,0,0,0.013394,-0.022029,0.573755,9.782241,0.697714,0.7120214700698853,-0.004081405699253,0.3596,0.3969000875949859,0.03539539303824832,0.0722518786787986,0.02942138934106626,0.2763139129647147,False,qp_event_allocator_m3_eta0p494_seededfine_qplite_m3_eta0p494_seed34960024.csv
True,seeded_ic_v1,34960025,3,0.494,qplite,qplite_builtin,opp_m1_12000,12000,0,0,0,-0.007955,-0.017296,3.652252,9.999522,0.69367,0.7070728540420532,-0.00377839920111,0.3596,0.3968387544155121,0.03402682274505358,0.0559369884431362,0.029078607592677934,0.2910208041813479,False,qp_event_allocator_m3_eta0p494_seededfine_qplite_m3_eta0p494_seed34960025.csv
True,seeded_ic_v1,34960026,3,0.494,qplite,qplite_builtin,opp_m1_12000,12000,0,0,0,0.025458,0.028028,-4.769726,9.840596,0.682668,0.6964309215545654,-0.0039823991246521,0.3596,0.3948557674884796,0.033957326361587256,0.0762733593583107,0.03133037108726771,0.2828432769380149,False,qp_event_allocator_m3_eta0p494_seededfine_qplite_m3_eta0p494_seed34960026.csv
True,seeded_ic_v1,34960027,3,0.494,qplite,qplite_builtin,opp_m1_12000,12000,0,0,0,0.016685,0.022646,3.312097,9.998688,0.685377,0.6985344290733337,-0.0037144145462661,0.3596,0.4016373455524444,0.03256127972748345,0.1044005826115608,0.03111229338926237,0.28334681864148076,False,qp_event_allocator_m3_eta0p494_seededfine_qplite_m3_eta0p494_seed34960027.csv
True,seeded_ic_v1,34960028,3,0.494,qplite,qplite_builtin,opp_m1_12000,12000,0,0,0,0.006838,-0.026727,3.488216,9.794667,0.697202,0.7114446759223938,-0.0042428611777722,0.3596,0.3910021781921386,0.034943375147927364,0.0599458739161491,0.029369906572387867,0.2786225424109436,False,qp_event_allocator_m3_eta0p494_seededfine_qplite_m3_eta0p494_seed34960028.csv
True,seeded_ic_v1,34960029,3,0.494,qplite,qplite_builtin,opp_m1_12000,12000,0,0,0,-0.0033,-0.027206,4.761939,10.122003,0.714526,0.728072464466095,-0.0038249571807682,0.3596,0.4127604067325592,0.03342599247863619,0.0929829999804496,0.029062468664809764,0.27791928618716033,False,qp_event_allocator_m3_eta0p494_seededfine_qplite_m3_eta0p494_seed34960029.csv
True,seeded_ic_v1,34960030,3,0.494,qplite,qplite_builtin,opp_m1_12000,12000,0,0,0,-0.015108,-0.017849,-1.214226,9.888611,0.694596,0.7084335088729858,-0.003971027676016,0.3596,0.3919591009616852,0.034754138724356315,0.0602764226496219,0.029394077202979402,0.305707618388056,False,qp_event_allocator_m3_eta0p494_seededfine_qplite_m3_eta0p494_seed34960030.csv
True,seeded_ic_v1,34970001,3,0.495,qplite,qplite_builtin,opp_m1_12000,12000,0,0,0,-0.016883,0.025147,0.504113,10.173654,0.715989,0.7292497754096985,-0.0040214285254478,0.3536,0.3917093575000763,0.03036897827047787,0.0968894362449646,0.02672866920835637,0.3185209701546025,False,qp_event_allocator_m3_eta0p495_seededfine_qplite_m3_eta0p495_seed34970001.csv
True,seeded_ic_v1,34970002,3,0.495,qplite,qplite_builtin,opp_m1_12000,12000,0,0,0,0.011844,0.007901,4.556033,9.825075,0.692573,0.7066177129745483,-0.0040449118241667,0.3536,0.3814476430416107,0.032841095177432576,0.1069521084427833,0.029698920666235386,0.28723647560108934,False,qp_event_allocator_m3_eta0p495_seededfine_qplite_m3_eta0p495_seed34970002.csv
True,seeded_ic_v1,34970003,3,0.495,qplite,qplite_builtin,opp_m1_12000,12000,0,0,0,0.023133,-0.017222,4.094704,9.894303,0.7006,0.714651882648468,-0.0040352186188101,0.3536,0.3753223121166229,0.029167368295623657,0.067038781940937,0.027444291224488156,0.25795577538337006,False,qp_event_allocator_m3_eta0p495_seededfine_qplite_m3_eta0p495_seed34970003.csv
True,seeded_ic_v1,34970004,3,0.495,qplite,qplite_builtin,opp_m1_12000,12000,0,0,0,0.007567,0.024592,-0.907054,9.788369,0.695115,0.7093348503112793,-0.004163775127381,0.3536,0.3651274442672729,0.03155866428016933,0.1428650468587875,0.027965308065184727,0.30443786824684155,False,qp_event_allocator_m3_eta0p495_seededfine_qplite_m3_eta0p495_seed34970004.csv
True,seeded_ic_v1,34970005,3,0.495,qplite,qplite_builtin,opp_m1_12000,12000,0,0,0,0.001538,0.016237,1.861995,10.045912,0.687207,0.7002905607223511,-0.0036927741020917,0.3536,0.3641313016414642,0.032795303826256283,0.1424978673458099,0.027913426439937227,0.306197375293508,False,qp_event_allocator_m3_eta0p495_seededfine_qplite_m3_eta0p495_seed34970005.csv
True,seeded_ic_v1,34970006,3,0.495,qplite,qplite_builtin,opp_m1_12000,12000,0,0,0,0.00762,0.011736,1.588446,9.990484,0.684523,0.6976912021636963,-0.0037084347568452,0.3536,0.3698010146617889,0.03116649431159529,0.0663604587316513,0.02856393833988392,0.28764885498285225,False,qp_event_allocator_m3_eta0p495_seededfine_qplite_m3_eta0p495_seed34970006.csv
True,seeded_ic_v1,34970007,3,0.495,qplite,qplite_builtin,opp_m1_12000,12000,0,0,0,-0.021586,0.024091,-2.709535,9.852888,0.718819,0.7334281802177429,-0.0041374121792614,0.3536,0.3876088857650757,0.03079214739569884,0.1492422521114349,0.028240264380366777,0.32591384719849165,False,qp_event_allocator_m3_eta0p495_seededfine_qplite_m3_eta0p495_seed34970007.csv
True,seeded_ic_v1,34970008,3,0.495,qplite,qplite_builtin,opp_m1_12000,12000,0,0,0,-0.022597,-0.008163,1.951832,9.835277,0.684507,0.6982672810554504,-0.0040650507435202,0.3536,0.368409514427185,0.03291961602331183,0.1274517476558685,0.027585369277874992,0.3140549029621357,False,qp_event_allocator_m3_eta0p495_seededfine_qplite_m3_eta0p495_seed34970008.csv
True,seeded_ic_v1,34970009,3,0.495,qplite,qplite_builtin,opp_m1_12000,12000,0,0,0,-0.029401,-0.000822,4.240879,10.024874,0.705579,0.7192109227180481,-0.004075133241713,0.3536,0.3040958940982818,0.02692856270354647,0.3998399972915649,0.022598083762402115,0.36265510704202736,True,qp_event_allocator_m3_eta0p495_seededfine_qplite_m3_eta0p495_seed34970009.csv
True,seeded_ic_v1,34970010,3,0.495,qplite,qplite_builtin,opp_m1_12000,12000,0,0,0,-0.002027,0.020756,2.884797,9.92728,0.718839,0.7332310080528259,-0.0042964615859091,0.3536,0.3743447959423065,0.03208177394167191,0.2105078697204589,0.02648331318244179,0.32427012517485443,False,qp_event_allocator_m3_eta0p495_seededfine_qplite_m3_eta0p495_seed34970010.csv
True,seeded_ic_v1,34970011,3,0.495,qplite,qplite_builtin,opp_m1_12000,12000,0,0,0,0.021315,-0.018695,4.799564,10.051549,0.699267,0.7126238346099854,-0.0038965737912803,0.3536,0.3711198568344116,0.03275593971350237,0.1869481801986694,0.026080583868716634,0.2794675647108533,False,qp_event_allocator_m3_eta0p495_seededfine_qplite_m3_eta0p495_seed34970011.csv
True,seeded_ic_v1,34970012,3,0.495,qplite,qplite_builtin,opp_m1_12000,12000,0,0,0,-0.019676,-0.003858,-3.418959,9.914117,0.718211,0.7325085997581482,-0.0038317271973937,0.3536,0.3750270307064056,0.026793687520660338,0.0814444124698638,0.02620196882668929,0.3052418938806978,False,qp_event_allocator_m3_eta0p495_seededfine_qplite_m3_eta0p495_seed34970012.csv
True,seeded_ic_v1,34970013,3,0.495,qplite,qplite_builtin,opp_m1_12000,12000,0,0,0,0.005522,0.022684,-4.685585,9.849734,0.711753,0.7261347770690918,-0.0043552499264478,0.3536,0.38318932056427,0.032801242226285325,0.1869051456451416,0.028265710389509594,0.31186762670594126,False,qp_event_allocator_m3_eta0p495_seededfine_qplite_m3_eta0p495_seed34970013.csv
True,seeded_ic_v1,34970014,3,0.495,qplite,qplite_builtin,opp_m1_12000,12000,0,0,0,-0.018249,0.0156,0.208371,9.808663,0.696421,0.7105634808540344,-0.0041193915531039,0.3536,0.390394002199173,0.032162805427661756,0.0948366671800613,0.029392022258079065,0.30852073589127205,False,qp_event_allocator_m3_eta0p495_seededfine_qplite_m3_eta0p495_seed34970014.csv
True,seeded_ic_v1,34970015,3,0.495,qplite,qplite_builtin,opp_m1_12000,12000,0,0,0,-0.021906,0.02386,2.207234,10.162053,0.687176,0.6998435854911804,-0.0038703631144016,0.3536,0.3694402277469635,0.032234985632609806,0.1021878123283386,0.02932207488772808,0.32369009140675326,False,qp_event_allocator_m3_eta0p495_seededfine_qplite_m3_eta0p495_seed34970015.csv
True,seeded_ic_v1,34970016,3,0.495,qplite,qplite_builtin,opp_m1_12000,12000,0,0,0,-0.029878,0.025218,2.116076,9.975872,0.718863,0.7332982420921326,-0.0040665916167199,0.3536,0.3917189836502075,0.031060432438486316,0.127379834651947,0.02960389563850052,0.32939557180157375,False,qp_event_allocator_m3_eta0p495_seededfine_qplite_m3_eta0p495_seed34970016.csv
True,seeded_ic_v1,34970017,3,0.495,qplite,qplite_builtin,opp_m1_12000,12000,0,0,0,0.023438,0.015662,-2.238581,10.075261,0.700604,0.713925302028656,-0.0038101056125015,0.3536,0.3661648631095886,0.03176200187814842,0.1535816192626953,0.027029035332980948,0.2919511097172181,False,qp_event_allocator_m3_eta0p495_seededfine_qplite_m3_eta0p495_seed34970017.csv
True,seeded_ic_v1,34970018,3,0.495,qplite,qplite_builtin,opp_m1_12000,12000,0,0,0,-0.005866,0.003038,-3.458363,9.990765,0.697658,0.7111356258392334,-0.0038508248981088,0.3536,0.3795057237148285,0.03197558359708017,0.132227137684822,0.027714497689556836,0.3047845798530309,False,qp_event_allocator_m3_eta0p495_seededfine_qplite_m3_eta0p495_seed34970018.csv
True,seeded_ic_v1,34970019,3,0.495,qplite,qplite_builtin,opp_m1_12000,12000,0,0,0,0.025896,-0.020389,3.17346,9.951266,0.70103,0.7147881388664246,-0.0039608920924365,0.3536,0.3729464709758758,0.03170999644289914,0.1270222812891006,0.026049769293123002,0.2643345472293884,False,qp_event_allocator_m3_eta0p495_seededfine_qplite_m3_eta0p495_seed34970019.csv
True,seeded_ic_v1,34970020,3,0.495,qplite,qplite_builtin,opp_m1_12000,12000,0,0,0,-0.025451,-0.028759,-3.1576,10.000225,0.680322,0.6933006644248962,-0.003604416269809,0.3536,0.3673664033412933,0.03442293159626019,0.0547082237899303,0.030290524666050717,0.3040999026796379,False,qp_event_allocator_m3_eta0p495_seededfine_qplite_m3_eta0p495_seed34970020.csv
True,seeded_ic_v1,34970021,3,0.495,qplite,qplite_builtin,opp_m1_12000,12000,0,0,0,0.000619,0.023294,4.756856,10.108473,0.708715,0.7221667170524597,-0.0039488282054662,0.3536,0.3729659020900726,0.02892603820091601,0.0943728387355804,0.025060023283671577,0.2980372125564379,False,qp_event_allocator_m3_eta0p495_seededfine_qplite_m3_eta0p495_seed34970021.csv
True,seeded_ic_v1,34970022,3,0.495,qplite,qplite_builtin,opp_m1_12000,12000,0,0,0,0.007366,0.013395,-0.583889,9.981655,0.710076,0.7239065766334534,-0.0038132015615701,0.3536,0.3735829293727875,0.03011188605139804,0.1220920160412788,0.026711852368865082,0.2958295737705811,False,qp_event_allocator_m3_eta0p495_seededfine_qplite_m3_eta0p495_seed34970022.csv
True,seeded_ic_v1,34970023,3,0.495,qplite,qplite_builtin,opp_m1_12000,12000,0,0,0,0.016643,-0.023547,1.995735,9.924669,0.709863,0.7238621115684509,-0.0038074683398008,0.3536,0.3760086596012115,0.03007945614887775,0.1054446250200271,0.028494910864235348,0.2635215601850779,False,qp_event_allocator_m3_eta0p495_seededfine_qplite_m3_eta0p495_seed34970023.csv
True,seeded_ic_v1,34970024,3,0.495,qplite,qplite_builtin,opp_m1_12000,12000,0,0,0,0.009615,0.027677,2.837755,9.759794,0.714105,0.7290453314781189,-0.0042035086080431,0.3536,0.3801074922084808,0.02636677360471322,0.0400604605674743,0.02631008222510559,0.2841195359173659,False,qp_event_allocator_m3_eta0p495_seededfine_qplite_m3_eta0p495_seed34970024.csv
True,seeded_ic_v1,34970025,3,0.495,qplite,qplite_builtin,opp_m1_12000,12000,0,0,0,-0.029521,0.015303,-1.62181,10.058828,0.684989,0.6979150176048279,-0.0036320041399449,0.3536,0.3614943921566009,0.032472696891073495,0.1448218673467636,0.024234303683923188,0.33517568477983367,False,qp_event_allocator_m3_eta0p495_seededfine_qplite_m3_eta0p495_seed34970025.csv
True,seeded_ic_v1,34970026,3,0.495,qplite,qplite_builtin,opp_m1_12000,12000,0,0,0,-0.025447,-0.02384,2.458931,10.049956,0.684832,0.6977932453155518,-0.0037537324242293,0.3536,0.3814183175563812,0.032123388698391445,0.080921970307827,0.03028138854484422,0.30274078764896867,False,qp_event_allocator_m3_eta0p495_seededfine_qplite_m3_eta0p495_seed34970026.csv
True,seeded_ic_v1,34970027,3,0.495,qplite,qplite_builtin,opp_m1_12000,12000,0,0,0,-0.026054,0.029276,3.220235,9.815155,0.717354,0.7321256995201111,-0.0039588548243045,0.3536,0.3785473704338074,0.030700808862236407,0.1570475548505783,0.02671076107413694,0.3381815877527065,False,qp_event_allocator_m3_eta0p495_seededfine_qplite_m3_eta0p495_seed34970027.csv
True,seeded_ic_v1,34970028,3,0.495,qplite,qplite_builtin,opp_m1_12000,12000,0,0,0,0.023667,0.005881,1.736048,10.030345,0.682359,0.6953518390655518,-0.0037453726399689,0.3536,0.353276640176773,0.03328712865392723,0.1696611046791076,0.027136165284685942,0.28941212232031654,False,qp_event_allocator_m3_eta0p495_seededfine_qplite_m3_eta0p495_seed34970028.csv
True,seeded_ic_v1,34970029,3,0.495,qplite,qplite_builtin,opp_m1_12000,12000,0,0,0,0.012359,0.02365,-1.476584,9.768984,0.68893,0.7030064463615417,-0.003974768333137,0.3536,0.3866247832775116,0.032725688992090184,0.1286338567733764,0.029099605493664908,0.29029249034265037,False,qp_event_allocator_m3_eta0p495_seededfine_qplite_m3_eta0p495_seed34970029.csv
True,seeded_ic_v1,34970030,3,0.495,qplite,qplite_builtin,opp_m1_12000,12000,0,0,0,0.011403,-0.020812,3.010229,10.224652,0.683535,0.6958601474761963,-0.0035989054013043,0.3536,0.3629780411720276,0.035545965878708306,0.2190107405185699,0.02615705010733301,0.2913554000357542,False,qp_event_allocator_m3_eta0p495_seededfine_qplite_m3_eta0p495_seed34970030.csv
True,seeded_ic_v1,34980001,3,0.496,qplite,qplite_builtin,opp_m1_12000,12000,0,0,0,0.006179,0.027041,-1.227164,10.179589,0.689617,0.70224529504776,-0.0036872387863695,0.3476,0.3229856491088867,0.024979994584057395,0.2103695422410965,0.022964845911448276,0.32011333274465936,True,qp_event_allocator_m3_eta0p496_seededfine_qplite_m3_eta0p496_seed34980001.csv
True,seeded_ic_v1,34980002,3,0.496,qplite,qplite_builtin,opp_m1_12000,12000,0,0,0,0.008415,0.021143,-2.01417,10.024372,0.708576,0.722061038017273,-0.0037487267982214,0.3476,0.3452227413654327,0.024498219876071158,0.1457410901784896,0.025065112140594085,0.30408369450515266,True,qp_event_allocator_m3_eta0p496_seededfine_qplite_m3_eta0p496_seed34980002.csv
True,seeded_ic_v1,34980003,3,0.496,qplite,qplite_builtin,opp_m1_12000,12000,0,0,0,0.016214,0.020094,-2.434176,9.899504,0.716229,0.7307254076004028,-0.0039104912430047,0.3476,0.3557643294334411,0.023836723018874434,0.1179118156433105,0.02641351304812859,0.29446245660126896,False,qp_event_allocator_m3_eta0p496_seededfine_qplite_m3_eta0p496_seed34980003.csv
True,seeded_ic_v1,34980004,3,0.496,qplite,qplite_builtin,opp_m1_12000,12000,0,0,0,0.023237,0.018804,-1.301655,9.770435,0.69846,0.7128085494041443,-0.003865594509989,0.3476,0.3531759083271026,0.027525964831750963,0.1450885236263275,0.02714683822883875,0.2861030057097667,False,qp_event_allocator_m3_eta0p496_seededfine_qplite_m3_eta0p496_seed34980004.csv
True,seeded_ic_v1,34980005,3,0.496,qplite,qplite_builtin,opp_m1_12000,12000,0,0,0,-0.005218,0.020295,2.535611,9.751495,0.707084,0.7217194437980652,-0.0040579880587756,0.3476,0.3481338322162628,0.023532936433244927,0.1268162876367569,0.024993736947805444,0.3119522064772194,True,qp_event_allocator_m3_eta0p496_seededfine_qplite_m3_eta0p496_seed34980005.csv
True,seeded_ic_v1,34980006,3,0.496,qplite,qplite_builtin,opp_m1_12000,12000,0,0,0,-0.00995,-0.012517,-4.493487,10.079493,0.691538,0.7045347094535828,-0.0039737434126436,0.3476,0.3282420337200165,0.024499009101298465,0.1686530709266662,0.023143457316073666,0.30475357455727115,True,qp_event_allocator_m3_eta0p496_seededfine_qplite_m3_eta0p496_seed34980006.csv
True,seeded_ic_v1,34980007,3,0.496,qplite,qplite_builtin,opp_m1_12000,12000,0,0,0,-0.010154,-0.011905,0.984891,10.144666,0.692563,0.7054265737533569,-0.0035593819338828,0.3476,0.3378934860229492,0.023714187973310086,0.1074251756072044,0.023818860109142134,0.29544907304495593,True,qp_event_allocator_m3_eta0p496_seededfine_qplite_m3_eta0p496_seed34980007.csv
True,seeded_ic_v1,34980008,3,0.496,qplite,qplite_builtin,opp_m1_12000,12000,0,0,0,-0.027269,0.008128,-1.775692,9.872029,0.711337,0.7255736589431763,-0.0040554120205342,0.3476,0.3430355489253998,0.025024414617837536,0.1539455652236938,0.02539877495742558,0.32695524245028773,True,qp_event_allocator_m3_eta0p496_seededfine_qplite_m3_eta0p496_seed34980008.csv
True,seeded_ic_v1,34980009,3,0.496,qplite,qplite_builtin,opp_m1_12000,12000,0,0,0,0.007422,0.022929,-3.130266,9.985636,0.710678,0.7245329022407532,-0.0039088455960154,0.3476,0.3338349461555481,0.023207947521006186,0.2008456587791443,0.022191636271257913,0.31399398722758903,True,qp_event_allocator_m3_eta0p496_seededfine_qplite_m3_eta0p496_seed34980009.csv
True,seeded_ic_v1,34980010,3,0.496,qplite,qplite_builtin,opp_m1_12000,12000,0,0,0,-0.022465,0.026765,1.044901,10.241236,0.706678,0.71961909532547,-0.0034579182974994,0.3476,0.3318572640419006,0.021686820170172674,0.1836781650781631,0.022672771281537576,0.3321813727369281,True,qp_event_allocator_m3_eta0p496_seededfine_qplite_m3_eta0p496_seed34980010.csv
True,seeded_ic_v1,34980011,3,0.496,qplite,qplite_builtin,opp_m1_12000,12000,0,0,0,-0.002815,-0.012287,-0.221179,9.831603,0.719106,0.7338653206825256,-0.0039932108484208,0.3476,0.3476828932762146,0.022533130193923633,0.1638129204511642,0.02393357092055369,0.29650251916917053,True,qp_event_allocator_m3_eta0p496_seededfine_qplite_m3_eta0p496_seed34980011.csv
True,seeded_ic_v1,34980012,3,0.496,qplite,qplite_builtin,opp_m1_13000,13000,0,0,0,0.008677,-0.011927,-1.496397,9.775296,0.682756,0.0126590775325894,-0.0002330732240807,0.3658904553480446,0.0002330732240807,5.732623389103916e-10,0.0,0.0,0.014749358977814327,True,qp_event_allocator_m3_eta0p496_seededfine_qplite_m3_eta0p496_seed34980012.csv
True,seeded_ic_v1,34980013,3,0.496,qplite,qplite_builtin,opp_m1_12000,12000,0,0,0,0.028562,-0.013893,-2.242125,9.812033,0.700725,0.7152335047721863,-0.0040533901192247,0.3476,0.3492119312286377,0.02539510533027482,0.1387533843517303,0.025167432685190325,0.2687600100071588,True,qp_event_allocator_m3_eta0p496_seededfine_qplite_m3_eta0p496_seed34980013.csv
True,seeded_ic_v1,34980014,3,0.496,qplite,qplite_builtin,opp_m1_12000,12000,0,0,0,-0.009804,-0.001338,3.63982,10.096488,0.687522,0.7004994750022888,-0.0036659312900155,0.3476,0.3225686848163605,0.027042587642505937,0.2080253213644027,0.025727802162416737,0.319318584730235,True,qp_event_allocator_m3_eta0p496_seededfine_qplite_m3_eta0p496_seed34980014.csv
True,seeded_ic_v1,34980015,3,0.496,qplite,qplite_builtin,opp_m1_12000,12000,0,0,0,0.017621,0.012219,-1.188948,9.866486,0.703393,0.7177865505218506,-0.0040793498046696,0.3476,0.3419913053512573,0.023833828859774673,0.1170575395226478,0.025598078112188772,0.28551398033667086,True,qp_event_allocator_m3_eta0p496_seededfine_qplite_m3_eta0p496_seed34980015.csv
True,seeded_ic_v1,34980016,3,0.496,qplite,qplite_builtin,opp_m1_12000,12000,0,0,0,-0.008067,0.019929,0.382759,9.84041,0.71162,0.7259944677352905,-0.0042973184026777,0.3476,0.3417852222919464,0.02280200035878776,0.1443596333265304,0.02444286207860453,0.31254539035439016,True,qp_event_allocator_m3_eta0p496_seededfine_qplite_m3_eta0p496_seed34980016.csv
True,seeded_ic_v1,34980017,3,0.496,qplite,qplite_builtin,opp_m1_12000,12000,0,0,0,-0.006139,0.001124,-0.82863,9.815394,0.705211,0.7196649312973022,-0.0039410642348229,0.3476,0.340008944272995,0.02477091520281511,0.1846628338098526,0.023352883127544927,0.3116537008786089,True,qp_event_allocator_m3_eta0p496_seededfine_qplite_m3_eta0p496_seed34980017.csv
True,seeded_ic_v1,34980018,3,0.496,qplite,qplite_builtin,opp_m1_12000,12000,0,0,0,0.006801,0.007287,2.791197,9.815717,0.689522,0.7034520506858826,-0.0038842752110213,0.3476,0.3184449672698974,0.027299418587399128,0.2659672796726227,0.025216416959217093,0.3223576387811703,True,qp_event_allocator_m3_eta0p496_seededfine_qplite_m3_eta0p496_seed34980018.csv
True,seeded_ic_v1,34980019,3,0.496,qplite,qplite_builtin,opp_m1_12000,12000,0,0,0,0.003542,-0.002583,3.317621,9.758149,0.694096,0.7083756327629089,-0.0039293938316404,0.3476,0.3328252136707306,0.024370981842318434,0.1927119344472885,0.024392649922510248,0.30822568144240087,True,qp_event_allocator_m3_eta0p496_seededfine_qplite_m3_eta0p496_seed34980019.csv
True,seeded_ic_v1,34980020,3,0.496,qplite,qplite_builtin,opp_m1_12000,12000,0,0,0,0.014362,-0.017306,4.81293,9.86969,0.680138,0.6936038136482239,-0.003784904256463,0.3476,0.3136215806007385,0.023530979338599958,0.2068300694227218,0.024240691100024334,0.28322198366828877,True,qp_event_allocator_m3_eta0p496_seededfine_qplite_m3_eta0p496_seed34980020.csv
True,seeded_ic_v1,34980021,3,0.496,qplite,qplite_builtin,opp_m1_12000,12000,0,0,0,-0.016801,0.011036,0.18507,9.763411,0.698186,0.7075945734977722,-0.0026400259230285,0.3476,0.3426145613193512,0.02439069404906961,0.0998948886990547,0.024439051306871476,0.3148035522563534,True,qp_event_allocator_m3_eta0p496_seededfine_qplite_m3_eta0p496_seed34980021.csv
True,seeded_ic_v1,34980022,3,0.496,qplite,qplite_builtin,opp_m1_12000,12000,0,0,0,0.009053,-0.013443,-0.265604,10.195025,0.695047,0.7077208757400513,-0.0034471862018108,0.3476,0.3119535446166992,0.02406624046717494,0.2714530825614929,0.021960987027318853,0.3036500189318033,True,qp_event_allocator_m3_eta0p496_seededfine_qplite_m3_eta0p496_seed34980022.csv
True,seeded_ic_v1,34980023,3,0.496,qplite,qplite_builtin,opp_m1_12000,12000,0,0,0,0.011606,-0.001811,-0.547137,9.770455,0.697177,0.7115189433097839,-0.0041960179805755,0.3476,0.2955203950405121,0.014890315087225676,0.193180501461029,0.02246931568215374,0.28299391169949334,True,qp_event_allocator_m3_eta0p496_seededfine_qplite_m3_eta0p496_seed34980023.csv
True,seeded_ic_v1,34980024,3,0.496,qplite,qplite_builtin,opp_m1_12000,12000,0,0,0,0.017794,-0.013094,3.032743,9.88786,0.680566,0.6940033435821533,-0.0035816265735775,0.3476,0.3359645903110504,0.02744382665253289,0.1627441942691803,0.025356384367810035,0.2811107261169393,True,qp_event_allocator_m3_eta0p496_seededfine_qplite_m3_eta0p496_seed34980024.csv
True,seeded_ic_v1,34980025,3,0.496,qplite,qplite_builtin,opp_m1_12000,12000,0,0,0,0.007875,-0.019999,4.332744,9.918635,0.690243,0.7038792967796326,-0.0037241771351546,0.3476,0.3353317379951477,0.026633231045593606,0.1535992622375488,0.02534926039254314,0.28498025657380954,True,qp_event_allocator_m3_eta0p496_seededfine_qplite_m3_eta0p496_seed34980025.csv
True,seeded_ic_v1,34980026,3,0.496,qplite,qplite_builtin,opp_m1_12000,12000,0,0,0,-0.012085,-0.028764,-3.8518,9.870748,0.717285,0.7318099737167358,-0.0040774159133434,0.3476,0.3023716509342193,0.03591836785104438,0.3040298521518707,0.024530592249722434,0.3430061654192926,True,qp_event_allocator_m3_eta0p496_seededfine_qplite_m3_eta0p496_seed34980026.csv
True,seeded_ic_v1,34980027,3,0.496,qplite,qplite_builtin,opp_m1_12000,12000,0,0,0,-0.015857,0.015778,-1.770002,9.83663,0.695938,0.7101727724075317,-0.0039247400127351,0.3476,0.3492773473262787,0.025641846797966186,0.1325666904449463,0.026665422020377937,0.31376215778493166,True,qp_event_allocator_m3_eta0p496_seededfine_qplite_m3_eta0p496_seed34980027.csv
True,seeded_ic_v1,34980028,3,0.496,qplite,qplite_builtin,opp_m1_12000,12000,0,0,0,-0.01314,0.010637,4.751709,9.867333,0.691791,0.705644965171814,-0.0037232416216284,0.3476,0.3450571000576019,0.02702894439232395,0.1516476273536682,0.025648398722346047,0.31059450811395384,True,qp_event_allocator_m3_eta0p496_seededfine_qplite_m3_eta0p496_seed34980028.csv
True,seeded_ic_v1,34980029,3,0.496,qplite,qplite_builtin,opp_m1_12000,12000,0,0,0,0.003029,-0.012314,1.148747,10.184764,0.708818,0.7220093011856079,-0.0036444051656872,0.3476,0.3406944274902344,0.022182270915745168,0.1593407392501831,0.024547520054597403,0.2905847664351428,True,qp_event_allocator_m3_eta0p496_seededfine_qplite_m3_eta0p496_seed34980029.csv
True,seeded_ic_v1,34980030,3,0.496,qplite,qplite_builtin,opp_m1_12000,12000,0,0,0,0.003947,0.003545,3.591472,10.025392,0.681195,0.6941536068916321,-0.003796552773565,0.3476,0.3379532694816589,0.02663431766787866,0.1264545917510986,0.024703451385853385,0.29172325530306736,True,qp_event_allocator_m3_eta0p496_seededfine_qplite_m3_eta0p496_seed34980030.csv
True,seeded_ic_v1,34990001,3,0.497,qplite,qplite_builtin,opp_m1_12000,12000,0,0,0,-0.013757,-0.017477,1.353389,9.787785,0.687022,0.7010309100151062,-0.0040519875474274,0.3416,0.3031507432460785,0.018591824594016045,0.1483049690723419,0.021948704332619334,0.3031767981467611,True,qp_event_allocator_m3_eta0p497_seededfine_qplite_m3_eta0p497_seed34990001.csv
True,seeded_ic_v1,34990002,3,0.497,qplite,qplite_builtin,opp_m1_12000,12000,0,0,0,0.020071,-0.019437,1.231737,9.772134,0.714354,0.7291083335876465,-0.0041421968489885,0.3416,0.3119867146015167,0.01677035755797131,0.0990198329091072,0.021475514537182695,0.2675455819535424,True,qp_event_allocator_m3_eta0p497_seededfine_qplite_m3_eta0p497_seed34990002.csv
True,seeded_ic_v1,34990003,3,0.497,qplite,qplite_builtin,opp_m1_12000,12000,0,0,0,0.029624,-0.013937,2.094831,9.793385,0.704407,0.7189075946807861,-0.003944972064346,0.3416,0.299012154340744,0.018343687110493636,0.1620994210243225,0.021859047796214448,0.27151566010059297,True,qp_event_allocator_m3_eta0p497_seededfine_qplite_m3_eta0p497_seed34990003.csv
True,seeded_ic_v1,34990004,3,0.497,qplite,qplite_builtin,opp_m1_12000,12000,0,0,0,-0.022146,0.013609,2.528942,9.993223,0.711211,0.7251371741294861,-0.0038619877304881,0.3416,0.311271458864212,0.01758576502297041,0.130673661828041,0.022069719884361343,0.3181116432852592,True,qp_event_allocator_m3_eta0p497_seededfine_qplite_m3_eta0p497_seed34990004.csv
True,seeded_ic_v1,34990005,3,0.497,qplite,qplite_builtin,opp_m1_12000,12000,0,0,0,-0.028774,0.027562,-2.780221,9.911836,0.684236,0.6976990103721619,-0.0036445152945816,0.3416,0.3046963214874267,0.01957960322119362,0.1545804738998413,0.023696442701482807,0.3404353138806308,True,qp_event_allocator_m3_eta0p497_seededfine_qplite_m3_eta0p497_seed34990005.csv
True,seeded_ic_v1,34990006,3,0.497,qplite,qplite_builtin,opp_m1_12000,12000,0,0,0,-0.005217,-0.021296,-2.082966,10.221651,0.705969,0.7188979387283325,-0.0037393632810562,0.3416,0.3085627257823944,0.016068915436107913,0.099333569407463,0.02367240491567457,0.2834737842393917,True,qp_event_allocator_m3_eta0p497_seededfine_qplite_m3_eta0p497_seed34990006.csv
True,seeded_ic_v1,34990007,3,0.497,qplite,qplite_builtin,opp_m1_12000,12000,0,0,0,0.023571,-0.019237,2.617467,9.838215,0.682406,0.6960957050323486,-0.0038505331613123,0.3416,0.2819125056266784,0.017027059861128218,0.1308890730142593,0.02112208703697428,0.26779817705297615,True,qp_event_allocator_m3_eta0p497_seededfine_qplite_m3_eta0p497_seed34990007.csv
True,seeded_ic_v1,34990008,3,0.497,qplite,qplite_builtin,opp_m1_12000,12000,0,0,0,-0.00989,0.009236,4.627467,9.862492,0.704113,0.7183051705360413,-0.0038930180016905,0.3416,0.3027812838554382,0.017352259771481023,0.1289202570915222,0.02046211412697857,0.3162671845537949,True,qp_event_allocator_m3_eta0p497_seededfine_qplite_m3_eta0p497_seed34990008.csv
True,seeded_ic_v1,34990009,3,0.497,qplite,qplite_builtin,opp_m1_12000,12000,0,0,0,0.023738,0.026202,4.641129,9.771412,0.692671,0.706872820854187,-0.0040982505306601,0.3416,0.3081218898296356,0.019018377831028638,0.153728500008583,0.023175019495153243,0.29519357545435876,True,qp_event_allocator_m3_eta0p497_seededfine_qplite_m3_eta0p497_seed34990009.csv
True,seeded_ic_v1,34990010,3,0.497,qplite,qplite_builtin,opp_m1_12000,12000,0,0,0,-0.013601,-0.024544,4.529263,9.993945,0.696219,0.709673285484314,-0.0040948581881821,0.3416,0.3038330972194671,0.018916080854314028,0.1550097614526748,0.02265245722893256,0.304453574321223,True,qp_event_allocator_m3_eta0p497_seededfine_qplite_m3_eta0p497_seed34990010.csv
True,seeded_ic_v1,34990011,3,0.497,qplite,qplite_builtin,opp_m1_12000,12000,0,0,0,-0.017236,-0.009664,2.760019,9.838813,0.707927,0.7222574353218079,-0.0040664942935109,0.3416,0.3068208992481231,0.017558616485203824,0.1206809803843498,0.02046284644468262,0.31070967522940957,True,qp_event_allocator_m3_eta0p497_seededfine_qplite_m3_eta0p497_seed34990011.csv
True,seeded_ic_v1,34990012,3,0.497,qplite,qplite_builtin,opp_m1_12000,12000,0,0,0,-0.012028,0.00096,4.433453,9.945142,0.70413,0.7181408405303955,-0.0038720031734555,0.3416,0.3183096051216125,0.017849635908025612,0.128084659576416,0.023979864204293037,0.3065934057830592,True,qp_event_allocator_m3_eta0p497_seededfine_qplite_m3_eta0p497_seed34990012.csv
True,seeded_ic_v1,34990013,3,0.497,qplite,qplite_builtin,opp_m1_12000,12000,0,0,0,-0.007553,0.020325,-0.754516,9.889651,0.696928,0.7107730507850647,-0.0038459217175841,0.3416,0.3070588707923889,0.01877627717846873,0.1523784101009369,0.021302930023962437,0.32116123138852004,True,qp_event_allocator_m3_eta0p497_seededfine_qplite_m3_eta0p497_seed34990013.csv
True,seeded_ic_v1,34990014,3,0.497,qplite,qplite_builtin,opp_m1_12000,12000,0,0,0,0.013137,-0.012836,-1.160625,9.769807,0.707604,0.722194254398346,-0.0040869493968784,0.3416,0.3145587146282196,0.01770101365724767,0.1181115880608558,0.020651288539626538,0.2762255532760102,True,qp_event_allocator_m3_eta0p497_seededfine_qplite_m3_eta0p497_seed34990014.csv
True,seeded_ic_v1,34990015,3,0.497,qplite,qplite_builtin,opp_m1_12000,12000,0,0,0,-0.027948,-0.012214,-2.299637,9.768047,0.700169,0.7145700454711914,-0.0041934070177376,0.3416,0.2964018285274505,0.017615031763846673,0.1390533447265625,0.02246693326004217,0.32086198037439345,True,qp_event_allocator_m3_eta0p497_seededfine_qplite_m3_eta0p497_seed34990015.csv
True,seeded_ic_v1,34990016,3,0.497,qplite,qplite_builtin,opp_m1_12000,12000,0,0,0,0.015054,-0.004178,0.669198,10.171346,0.705809,0.7188977599143982,-0.00390345021151,0.3416,0.3006602823734283,0.017278175077626898,0.1209873929619789,0.0213329488427009,0.2852379918115592,True,qp_event_allocator_m3_eta0p497_seededfine_qplite_m3_eta0p497_seed34990016.csv
True,seeded_ic_v1,34990017,3,0.497,qplite,qplite_builtin,opp_m1_12000,12000,0,0,0,0.021896,0.022352,4.45871,9.799024,0.703811,0.7181656956672668,-0.004168955143541,0.3416,0.3099792003631592,0.01697060980924164,0.1193176805973053,0.021884639374437145,0.2881412017515552,True,qp_event_allocator_m3_eta0p497_seededfine_qplite_m3_eta0p497_seed34990017.csv
True,seeded_ic_v1,34990018,3,0.497,qplite,qplite_builtin,opp_m1_12000,12000,0,0,0,0.008085,-0.018375,-4.264509,10.228664,0.698075,0.7107632756233215,-0.0035214121453464,0.3416,0.3067412078380584,0.019320540157550643,0.1633288711309433,0.02146330837441231,0.2871195573280313,True,qp_event_allocator_m3_eta0p497_seededfine_qplite_m3_eta0p497_seed34990018.csv
True,seeded_ic_v1,34990019,3,0.497,qplite,qplite_builtin,opp_m1_12000,12000,0,0,0,0.02548,0.005896,-2.102024,9.863172,0.70879,0.7230688333511353,-0.0041942172683775,0.3416,0.2992924153804779,0.02012374843350317,0.1797915697097778,0.021674088553168033,0.3063870044312691,True,qp_event_allocator_m3_eta0p497_seededfine_qplite_m3_eta0p497_seed34990019.csv
True,seeded_ic_v1,34990020,3,0.497,qplite,qplite_builtin,opp_m1_12000,12000,0,0,0,0.005742,0.000561,-0.341894,10.122028,0.689842,0.7027212381362915,-0.0035547318402677,0.3416,0.2979914247989654,0.022750585641172594,0.1988558620214462,0.024033404712507367,0.30336574908728886,True,qp_event_allocator_m3_eta0p497_seededfine_qplite_m3_eta0p497_seed34990020.csv
True,seeded_ic_v1,34990021,3,0.497,qplite,qplite_builtin,opp_m1_12000,12000,0,0,0,-0.010341,-0.026551,1.162133,10.178665,0.716196,0.7295219898223877,-0.0040143653750419,0.3416,0.3094196021556854,0.01807339633524914,0.1247684210538864,0.020726261039441106,0.29778363601768665,True,qp_event_allocator_m3_eta0p497_seededfine_qplite_m3_eta0p497_seed34990021.csv
True,seeded_ic_v1,34990022,3,0.497,qplite,qplite_builtin,opp_m1_12000,12000,0,0,0,-0.02418,-0.006053,3.379001,10.209931,0.693403,0.7060447335243225,-0.0037330619525164,0.3416,0.3059300482273102,0.018510523932845215,0.1451288908720016,0.022253351125996277,0.318823575070962,True,qp_event_allocator_m3_eta0p497_seededfine_qplite_m3_eta0p497_seed34990022.csv
True,seeded_ic_v1,34990023,3,0.497,qplite,qplite_builtin,opp_m1_12000,12000,0,0,0,0.004233,0.025915,-0.791809,9.968691,0.706186,0.720004141330719,-0.0041610733605921,0.3416,0.3066036999225616,0.017900741841924316,0.1420974731445312,0.021358481326627096,0.31190153581709645,True,qp_event_allocator_m3_eta0p497_seededfine_qplite_m3_eta0p497_seed34990023.csv
True,seeded_ic_v1,34990024,3,0.497,qplite,qplite_builtin,opp_m1_12000,12000,0,0,0,-0.007561,0.026445,2.987521,10.186375,0.688341,0.701075553894043,-0.0038164246361702,0.3416,0.3021013438701629,0.019398310026389504,0.1643887609243393,0.021987427021937584,0.3215757343691145,True,qp_event_allocator_m3_eta0p497_seededfine_qplite_m3_eta0p497_seed34990024.csv
True,seeded_ic_v1,34990025,3,0.497,qplite,qplite_builtin,opp_m1_12000,12000,0,0,0,-0.016161,0.029468,-2.491855,10.180859,0.693207,0.7059326171875,-0.0034597327467054,0.3416,0.2996680736541748,0.018586682043898833,0.1591611951589584,0.022586452848995332,0.33444434025709996,True,qp_event_allocator_m3_eta0p497_seededfine_qplite_m3_eta0p497_seed34990025.csv
True,seeded_ic_v1,34990026,3,0.497,qplite,qplite_builtin,opp_m1_12000,12000,0,0,0,-0.025309,-0.008333,-1.08423,9.962769,0.708285,0.7221373319625854,-0.0040131164714694,0.3416,0.3127017915248871,0.01687706197649878,0.1069595515727996,0.021596856393868345,0.30839878139657817,True,qp_event_allocator_m3_eta0p497_seededfine_qplite_m3_eta0p497_seed34990026.csv
True,seeded_ic_v1,34990027,3,0.497,qplite,qplite_builtin,opp_m1_12000,12000,0,0,0,0.015047,-0.005005,-3.612252,10.051344,0.696439,0.7097867727279663,-0.0037917515728622,0.3416,0.3037579357624054,0.018789326780784144,0.1453889161348343,0.02366160724212997,0.28480215663176683,True,qp_event_allocator_m3_eta0p497_seededfine_qplite_m3_eta0p497_seed34990027.csv
True,seeded_ic_v1,34990028,3,0.497,qplite,qplite_builtin,opp_m1_12000,12000,0,0,0,-0.02045,0.020089,1.520869,9.816926,0.703098,0.7175164818763733,-0.0041364119388163,0.3416,0.3118585646152496,0.020023065826584256,0.1587341129779815,0.02122807078397484,0.33784582165180294,True,qp_event_allocator_m3_eta0p497_seededfine_qplite_m3_eta0p497_seed34990028.csv
True,seeded_ic_v1,34990029,3,0.497,qplite,qplite_builtin,opp_m1_12000,12000,0,0,0,0.020369,0.000706,-1.293084,9.841826,0.699953,0.7141788005828857,-0.0038195769302546,0.3416,0.2946917116641998,0.0192517956275338,0.1587995886802673,0.02024088684719707,0.2949391597942319,True,qp_event_allocator_m3_eta0p497_seededfine_qplite_m3_eta0p497_seed34990029.csv
True,seeded_ic_v1,34990030,3,0.497,qplite,qplite_builtin,opp_m1_12000,12000,0,0,0,-0.009349,0.025001,4.221003,9.868389,0.70015,0.7141876816749573,-0.0040920353494584,0.3416,0.3130471706390381,0.017645045861901045,0.1230229213833808,0.0216656247118229,0.3191718250505769,True,qp_event_allocator_m3_eta0p497_seededfine_qplite_m3_eta0p497_seed34990030.csv
True,seeded_ic_v1,35000001,3,0.498,qplite,qplite_builtin,opp_m1_12000,12000,0,0,0,0.020117,0.021145,4.26021,10.050922,0.690893,0.7041337490081787,-0.0039333486929535,0.3356,0.2827348411083221,0.026066417507659388,0.2029632776975631,0.020011155820076117,0.3405329080197286,True,qp_event_allocator_m3_eta0p498_seededfine_qplite_m3_eta0p498_seed35000001.csv
True,seeded_ic_v1,35000002,3,0.498,qplite,qplite_builtin,opp_m1_12000,12000,0,0,0,-0.005826,-0.005386,1.532526,10.150557,0.694862,0.707806408405304,-0.0037652207538485,0.3356,0.2776743471622467,0.01752806754027838,0.0392473936080932,0.019792541118404013,0.30371607487005076,True,qp_event_allocator_m3_eta0p498_seededfine_qplite_m3_eta0p498_seed35000002.csv
True,seeded_ic_v1,35000003,3,0.498,qplite,qplite_builtin,opp_m1_12000,12000,0,0,0,0.02588,0.000803,-3.209542,9.767844,0.690754,0.7051472067832947,-0.0039715063758194,0.3356,0.2666075229644775,0.01714308989501287,0.0429828017950058,0.02015613578574663,0.28433846656160006,True,qp_event_allocator_m3_eta0p498_seededfine_qplite_m3_eta0p498_seed35000003.csv
True,seeded_ic_v1,35000004,3,0.498,qplite,qplite_builtin,opp_m1_12000,12000,0,0,0,0.019175,-0.00316,0.531194,10.181971,0.691958,0.7047550678253174,-0.0038099274970591,0.3356,0.2667246162891388,0.018177781400879365,0.0622874684631824,0.019361038059403455,0.2926431779376065,True,qp_event_allocator_m3_eta0p498_seededfine_qplite_m3_eta0p498_seed35000004.csv
True,seeded_ic_v1,35000005,3,0.498,qplite,qplite_builtin,opp_m1_12000,12000,0,0,0,0.01546,-0.014985,-3.082373,10.097558,0.699432,0.7126470804214478,-0.0038048457354307,0.3356,0.261330634355545,0.01569757810327053,0.0232176259160041,0.018875395080464385,0.273694374655515,True,qp_event_allocator_m3_eta0p498_seededfine_qplite_m3_eta0p498_seed35000005.csv
True,seeded_ic_v1,35000006,3,0.498,qplite,qplite_builtin,opp_m1_12000,12000,0,0,0,0.0293,-0.025162,3.170771,10.087455,0.717627,0.7312688827514648,-0.0039593195542693,0.3356,0.2952500581741333,0.0166742783965251,0.0673373639583587,0.020155387849948452,0.25243430542916484,True,qp_event_allocator_m3_eta0p498_seededfine_qplite_m3_eta0p498_seed35000006.csv
True,seeded_ic_v1,35000007,3,0.498,qplite,qplite_builtin,opp_m1_12000,12000,0,0,0,-0.011872,-0.020504,-1.639573,10.178918,0.715868,0.7292318344116211,-0.0037553173024207,0.3356,0.29135262966156,0.01774385776653179,0.0209952853620052,0.02005521412912633,0.2991021670921571,True,qp_event_allocator_m3_eta0p498_seededfine_qplite_m3_eta0p498_seed35000007.csv
True,seeded_ic_v1,35000008,3,0.498,qplite,qplite_builtin,opp_m1_12000,12000,0,0,0,0.029653,0.021503,1.7829,10.006054,0.694299,0.7077358961105347,-0.0037076855078339,0.3356,0.2794847190380096,0.016155864041921056,0.0930822789669036,0.020052542050158606,0.2796771803856005,True,qp_event_allocator_m3_eta0p498_seededfine_qplite_m3_eta0p498_seed35000008.csv
True,seeded_ic_v1,35000009,3,0.498,qplite,qplite_builtin,opp_m1_12000,12000,0,0,0,0.020104,-0.022249,-4.857161,9.782688,0.715014,0.7295730710029602,-0.0042620184831321,0.3356,0.2888372242450714,0.018219066094817743,0.0203272327780723,0.021123449157195832,0.2740226651848379,True,qp_event_allocator_m3_eta0p498_seededfine_qplite_m3_eta0p498_seed35000009.csv
True,seeded_ic_v1,35000010,3,0.498,qplite,qplite_builtin,opp_m1_12000,12000,0,0,0,-0.002418,0.021374,2.660265,9.949592,0.681549,0.6945716142654419,-0.003579803276807,0.3356,0.2793123126029968,0.017592768325474267,0.0581533834338188,0.021570012833549975,0.3125709105318656,True,qp_event_allocator_m3_eta0p498_seededfine_qplite_m3_eta0p498_seed35000010.csv
True,seeded_ic_v1,35000011,3,0.498,qplite,qplite_builtin,opp_m1_12000,12000,0,0,0,0.01386,-0.025718,-1.826834,10.067315,0.699118,0.7124477028846741,-0.0038056783378124,0.3356,0.2902122437953949,0.017916283145479623,0.0290707014501094,0.020325422551038783,0.267689589284534,True,qp_event_allocator_m3_eta0p498_seededfine_qplite_m3_eta0p498_seed35000011.csv
True,seeded_ic_v1,35000012,3,0.498,qplite,qplite_builtin,opp_m1_12000,12000,0,0,0,0.029078,0.016599,2.323357,10.245455,0.703344,0.7161927223205566,-0.0036526543553918,0.3356,0.2466102987527847,0.015632702476954967,0.1138861551880836,0.017354233484708846,0.3010244506411062,True,qp_event_allocator_m3_eta0p498_seededfine_qplite_m3_eta0p498_seed35000012.csv
True,seeded_ic_v1,35000013,3,0.498,qplite,qplite_builtin,opp_m1_12000,12000,0,0,0,-0.010026,0.002719,2.407905,9.946552,0.685809,0.6992943286895752,-0.0035836065653711,0.3356,0.2834611237049103,0.01812044485836401,0.0566031411290168,0.02155301863888662,0.308797344950566,True,qp_event_allocator_m3_eta0p498_seededfine_qplite_m3_eta0p498_seed35000013.csv
True,seeded_ic_v1,35000014,3,0.498,qplite,qplite_builtin,opp_m1_12000,12000,0,0,0,0.007953,0.022434,0.176033,9.761041,0.715682,0.7306548953056335,-0.0042268089018762,0.3356,0.2837039828300476,0.016195140993161234,0.0659975558519363,0.019900787738589006,0.2984660159336087,True,qp_event_allocator_m3_eta0p498_seededfine_qplite_m3_eta0p498_seed35000014.csv
True,seeded_ic_v1,35000015,3,0.498,qplite,qplite_builtin,opp_m1_12000,12000,0,0,0,0.010787,0.021954,-1.557161,9.839908,0.702945,0.7170942425727844,-0.0039776368066668,0.3356,0.2655837833881378,0.01957210242850706,0.0893075615167617,0.018905244301198283,0.3303431899334242,True,qp_event_allocator_m3_eta0p498_seededfine_qplite_m3_eta0p498_seed35000015.csv
True,seeded_ic_v1,35000016,3,0.498,qplite,qplite_builtin,opp_m1_12000,12000,0,0,0,0.004608,0.007541,-1.420813,9.958443,0.697399,0.7110130190849304,-0.0036819945089519,0.3356,0.2944067716598511,0.016789746490818797,0.0782652646303176,0.02122524357198889,0.28847954837120254,True,qp_event_allocator_m3_eta0p498_seededfine_qplite_m3_eta0p498_seed35000016.csv
True,seeded_ic_v1,35000017,3,0.498,qplite,qplite_builtin,opp_m1_12000,12000,0,0,0,0.022798,-0.012468,4.709788,10.019346,0.691545,0.7045210599899292,-0.0035403261426836,0.3356,0.2672052979469299,0.015802312021191804,0.0733248814940452,0.0203542282348953,0.26990914516172454,True,qp_event_allocator_m3_eta0p498_seededfine_qplite_m3_eta0p498_seed35000017.csv
True,seeded_ic_v1,35000018,3,0.498,qplite,qplite_builtin,opp_m1_12000,12000,0,0,0,-0.028052,-0.012173,4.77865,9.851612,0.718247,0.0126926843076944,-0.0005211144452914,0.3558384389415383,0.0005211144452914,9.605213554515713e-09,0.0,0.0,0.030579345840486383,True,qp_event_allocator_m3_eta0p498_seededfine_qplite_m3_eta0p498_seed35000018.csv
True,seeded_ic_v1,35000019,3,0.498,qplite,qplite_builtin,opp_m1_12000,12000,0,0,0,-0.027002,-0.024386,2.35339,10.059166,0.691316,0.7044950723648071,-0.0036347392015159,0.3356,0.263341337442398,0.0182729035457298,0.0632822588086128,0.019147404883301643,0.3260436031590172,True,qp_event_allocator_m3_eta0p498_seededfine_qplite_m3_eta0p498_seed35000019.csv
True,seeded_ic_v1,35000020,3,0.498,qplite,qplite_builtin,opp_m1_12000,12000,0,0,0,0.025385,-0.005731,3.55399,9.967376,0.683694,0.697091281414032,-0.0036535388790071,0.3356,0.2791087925434112,0.017721303879368978,0.0849417969584465,0.021591437004731255,0.2793685297275889,True,qp_event_allocator_m3_eta0p498_seededfine_qplite_m3_eta0p498_seed35000020.csv
True,seeded_ic_v1,35000021,3,0.498,qplite,qplite_builtin,opp_m1_12000,12000,0,0,0,-0.014508,0.022213,0.869807,10.185982,0.682595,0.6950739026069641,-0.0034834593534469,0.3356,0.2645985186100006,0.016215080951020037,0.0663179010152816,0.020152068836304503,0.31643175537561824,True,qp_event_allocator_m3_eta0p498_seededfine_qplite_m3_eta0p498_seed35000021.csv
True,seeded_ic_v1,35000022,3,0.498,qplite,qplite_builtin,opp_m1_12000,12000,0,0,0,0.027491,-0.003425,1.952256,9.998896,0.701162,0.714708685874939,-0.0039948825724422,0.3356,0.2688798904418945,0.019166138147318525,0.0754500553011894,0.01889094165698691,0.2940724029737986,True,qp_event_allocator_m3_eta0p498_seededfine_qplite_m3_eta0p498_seed35000022.csv
True,seeded_ic_v1,35000023,3,0.498,qplite,qplite_builtin,opp_m1_12000,12000,0,0,0,0.027729,0.017069,-1.566452,9.835506,0.681414,0.6953896284103394,-0.0039444393478333,0.3356,0.2630698978900909,0.019030387400381356,0.0770894214510917,0.019145122917489096,0.3068505831377026,True,qp_event_allocator_m3_eta0p498_seededfine_qplite_m3_eta0p498_seed35000023.csv
True,seeded_ic_v1,35000024,3,0.498,qplite,qplite_builtin,opp_m1_12000,12000,0,0,0,0.018129,0.011285,2.156008,10.08989,0.696907,0.710080623626709,-0.0037841454613953,0.3356,0.2803638279438019,0.01616606091913098,0.0791564136743545,0.021193776927842932,0.2785297315399512,True,qp_event_allocator_m3_eta0p498_seededfine_qplite_m3_eta0p498_seed35000024.csv
True,seeded_ic_v1,35000025,3,0.498,qplite,qplite_builtin,opp_m1_12000,12000,0,0,0,0.00079,0.026197,4.415126,9.847997,0.688332,0.7021836042404175,-0.0036430652253329,0.3356,0.2836994230747223,0.018191023101336388,0.0333347059786319,0.021569486959203556,0.3125126523934351,True,qp_event_allocator_m3_eta0p498_seededfine_qplite_m3_eta0p498_seed35000025.csv
True,seeded_ic_v1,35000026,3,0.498,qplite,qplite_builtin,opp_m1_12000,12000,0,0,0,0.003818,0.017471,-4.223415,10.232463,0.713962,0.7269570827484131,-0.0036262483336031,0.3356,0.2750349342823028,0.018259365086150472,0.0455754809081554,0.018917997162416274,0.31886802885613524,True,qp_event_allocator_m3_eta0p498_seededfine_qplite_m3_eta0p498_seed35000026.csv
True,seeded_ic_v1,35000027,3,0.498,qplite,qplite_builtin,opp_m1_12000,12000,0,0,0,0.028392,-0.02426,-1.205542,10.085459,0.696119,0.7093375325202942,-0.0037416974082589,0.3356,0.2810854315757751,0.016654162860472436,0.0614442341029644,0.020329696575801096,0.2537448476801913,True,qp_event_allocator_m3_eta0p498_seededfine_qplite_m3_eta0p498_seed35000027.csv
True,seeded_ic_v1,35000028,3,0.498,qplite,qplite_builtin,opp_m1_12000,12000,0,0,0,-0.007705,0.015779,-0.83809,10.121833,0.716778,0.7299787998199463,-0.0038185329176485,0.3356,0.2582170963287353,0.015144928702430008,0.0375915803015232,0.016260744004025395,0.31767638208950216,True,qp_event_allocator_m3_eta0p498_seededfine_qplite_m3_eta0p498_seed35000028.csv
True,seeded_ic_v1,35000029,3,0.498,qplite,qplite_builtin,opp_m1_12000,12000,0,0,0,0.025607,0.010309,-4.432123,10.059606,0.718837,0.7327179312705994,-0.0037627818528562,0.3356,0.277642548084259,0.0176266813591516,0.0390543416142463,0.018614353804000252,0.29650530087126387,True,qp_event_allocator_m3_eta0p498_seededfine_qplite_m3_eta0p498_seed35000029.csv
True,seeded_ic_v1,35000030,3,0.498,qplite,qplite_builtin,opp_m1_12000,12000,0,0,0,0.018838,-0.029008,4.747692,10.137913,0.68717,0.7000924944877625,-0.0032570257317274,0.3356,0.2318736165761947,0.013012874336125224,0.1027620360255241,0.01717720887552096,0.2758229751657552,True,qp_event_allocator_m3_eta0p498_seededfine_qplite_m3_eta0p498_seed35000030.csv
True,seeded_ic_v1,44940001,4,0.492,qplite,qplite_builtin,opp_m2_12000,0,12000,0,0,0.025965,-0.02097,2.086957,9.759358,0.701322,0.7159141302108765,-0.0039675971493124,0.3716,0.4574562609195709,0.034415644222765364,0.1128219664096832,0.027714107201876746,0.3019517008735351,False,qp_event_allocator_m4_eta0p492_seededfine_qplite_m4_eta0p492_seed44940001.csv
True,seeded_ic_v1,44940002,4,0.492,qplite,qplite_builtin,opp_m2_12000,0,12000,0,0,0.023091,-0.027087,-2.140497,10.206158,0.697999,0.7106977701187134,-0.0035259376745671,0.3716,0.4451438188552856,0.033744120542735415,0.1205082759261131,0.027961756016901134,0.29303808970231643,False,qp_event_allocator_m4_eta0p492_seededfine_qplite_m4_eta0p492_seed44940002.csv
True,seeded_ic_v1,44940003,4,0.492,qplite,qplite_builtin,opp_m2_12000,0,12000,0,0,-0.016052,0.004642,-0.994324,9.850655,0.683415,0.6971266865730286,-0.0039842459373176,0.3716,0.4431326389312744,0.035884895289191504,0.1710964739322662,0.028931396576147125,0.29876848897945996,False,qp_event_allocator_m4_eta0p492_seededfine_qplite_m4_eta0p492_seed44940003.csv
True,seeded_ic_v1,44940004,4,0.492,qplite,qplite_builtin,opp_m2_12000,0,12000,0,0,0.006582,-0.015489,-3.203016,9.962387,0.700626,0.7143832445144653,-0.00390629703179,0.3716,0.4437885880470276,0.033619821729353,0.1487316489219665,0.02628436004635136,0.30077697179611657,False,qp_event_allocator_m4_eta0p492_seededfine_qplite_m4_eta0p492_seed44940004.csv
True,seeded_ic_v1,44940005,4,0.492,qplite,qplite_builtin,opp_m2_12000,0,12000,0,0,0.005788,0.015176,-2.997734,10.181142,0.680697,0.6932091116905212,-0.003640133421868,0.3716,0.4328656196594238,0.03552170289368846,0.1256851553916931,0.029982857635729943,0.3128331299333954,False,qp_event_allocator_m4_eta0p492_seededfine_qplite_m4_eta0p492_seed44940005.csv
True,seeded_ic_v1,44940006,4,0.492,qplite,qplite_builtin,opp_m2_12000,0,12000,0,0,0.022953,0.020199,0.464676,10.135503,0.703824,0.7169711589813232,-0.0036523197777569,0.3716,0.4581472873687744,0.03375340696050068,0.1138322055339813,0.02939699117564848,0.3252821695646436,False,qp_event_allocator_m4_eta0p492_seededfine_qplite_m4_eta0p492_seed44940006.csv
True,seeded_ic_v1,44940007,4,0.492,qplite,qplite_builtin,opp_m2_12000,0,12000,0,0,0.029248,0.001965,-3.472428,10.188154,0.710492,0.7235316634178162,-0.0037798327393829,0.3716,0.4504331350326538,0.034030718009190705,0.1579712480306625,0.027177073702116906,0.3270768580644053,False,qp_event_allocator_m4_eta0p492_seededfine_qplite_m4_eta0p492_seed44940007.csv
True,seeded_ic_v1,44940008,4,0.492,qplite,qplite_builtin,opp_m2_12000,0,12000,0,0,0.003928,0.017471,-3.694377,10.210396,0.70044,0.7132560014724731,-0.00349837471731,0.3716,0.4487334787845611,0.034972915700412895,0.1607696264982223,0.02651437447234505,0.3235067696957239,False,qp_event_allocator_m4_eta0p492_seededfine_qplite_m4_eta0p492_seed44940008.csv
True,seeded_ic_v1,44940009,4,0.492,qplite,qplite_builtin,opp_m2_12000,0,12000,0,0,-0.019184,-0.018304,2.788939,10.019143,0.688434,0.7015834450721741,-0.0038987018633633,0.3716,0.4500133991241455,0.033926170369739814,0.0996893718838691,0.02790033810304834,0.26881536201647904,False,qp_event_allocator_m4_eta0p492_seededfine_qplite_m4_eta0p492_seed44940009.csv
True,seeded_ic_v1,44940010,4,0.492,qplite,qplite_builtin,opp_m2_12000,0,12000,0,0,-0.000607,-0.011562,-0.852203,9.789351,0.701916,0.7162935733795166,-0.0040680738165974,0.3716,0.4492537379264831,0.03354283818114115,0.1224360987544059,0.027954851402008582,0.2918362954866597,False,qp_event_allocator_m4_eta0p492_seededfine_qplite_m4_eta0p492_seed44940010.csv
True,seeded_ic_v1,44940011,4,0.492,qplite,qplite_builtin,opp_m2_12000,0,12000,0,0,-0.015728,-0.018055,2.241154,10.042492,0.681286,0.6943113803863525,-0.0037133886944502,0.3716,0.4440794587135315,0.033255228426164504,0.1002910584211349,0.02879125731797101,0.2533092069420812,False,qp_event_allocator_m4_eta0p492_seededfine_qplite_m4_eta0p492_seed44940011.csv
True,seeded_ic_v1,44940012,4,0.492,qplite,qplite_builtin,opp_m2_12000,0,12000,0,0,-0.018011,0.003731,-4.919256,10.063891,0.681397,0.6943070888519287,-0.003782044397667,0.3716,0.4421799480915069,0.03454401434148444,0.127535879611969,0.02769363382347191,0.2920564233404538,False,qp_event_allocator_m4_eta0p492_seededfine_qplite_m4_eta0p492_seed44940012.csv
True,seeded_ic_v1,44940013,4,0.492,qplite,qplite_builtin,opp_m2_12000,0,12000,0,0,0.016571,-0.002599,2.967862,10.00496,0.719514,0.7335451245307922,-0.004106662236154,0.3716,0.4605862200260162,0.03256766052776339,0.1238530725240707,0.029170407475752377,0.3032104540769256,False,qp_event_allocator_m4_eta0p492_seededfine_qplite_m4_eta0p492_seed44940013.csv
True,seeded_ic_v1,44940014,4,0.492,qplite,qplite_builtin,opp_m2_12000,0,12000,0,0,0.021802,-0.003852,2.693425,10.080414,0.702445,0.7157635688781738,-0.0037384210154414,0.3716,0.4421923756599426,0.034813147553003555,0.1818798780441284,0.027178507078593525,0.3224312642533863,False,qp_event_allocator_m4_eta0p492_seededfine_qplite_m4_eta0p492_seed44940014.csv
True,seeded_ic_v1,44940015,4,0.492,qplite,qplite_builtin,opp_m2_12000,0,12000,0,0,0.023928,0.024459,-2.263628,10.064532,0.716924,0.7307260036468506,-0.0038780134636908,0.3716,0.449243426322937,0.03368632667864381,0.1630225330591201,0.026717678760984586,0.34520612448280497,False,qp_event_allocator_m4_eta0p492_seededfine_qplite_m4_eta0p492_seed44940015.csv
True,seeded_ic_v1,44940016,4,0.492,qplite,qplite_builtin,opp_m2_12000,0,12000,0,0,0.001542,0.020041,-4.826521,10.034553,0.696693,0.7100178003311157,-0.0038338310550898,0.3716,0.4466742873191833,0.03363186826505612,0.123687706887722,0.028869176034321885,0.3147546507544482,False,qp_event_allocator_m4_eta0p492_seededfine_qplite_m4_eta0p492_seed44940016.csv
True,seeded_ic_v1,44940017,4,0.492,qplite,qplite_builtin,opp_m2_12000,0,12000,0,0,-0.006898,-0.020764,-2.796575,9.941953,0.697534,0.7112745642662048,-0.0037270837929099,0.3716,0.4610174894332886,0.03513597221792639,0.126351311802864,0.026959312357456522,0.2808322560593968,False,qp_event_allocator_m4_eta0p492_seededfine_qplite_m4_eta0p492_seed44940017.csv
True,seeded_ic_v1,44940018,4,0.492,qplite,qplite_builtin,opp_m2_12000,0,12000,0,0,-0.002762,0.005448,-0.754497,9.791311,0.698636,0.7129345536231995,-0.0041885934770107,0.3716,0.4578329622745514,0.03521791737889461,0.1243707537651062,0.028653232688211933,0.3015994070032766,False,qp_event_allocator_m4_eta0p492_seededfine_qplite_m4_eta0p492_seed44940018.csv
True,seeded_ic_v1,44940019,4,0.492,qplite,qplite_builtin,opp_m2_12000,0,12000,0,0,-0.017148,0.027283,-0.400677,10.117546,0.694325,0.7073689699172974,-0.0036453979555517,0.3716,0.4431536197662353,0.03392365945605476,0.1209080293774604,0.028361063761804643,0.3081297527144334,False,qp_event_allocator_m4_eta0p492_seededfine_qplite_m4_eta0p492_seed44940019.csv
True,seeded_ic_v1,44940020,4,0.492,qplite,qplite_builtin,opp_m2_12000,0,12000,0,0,0.012765,-0.024872,-0.123046,9.989785,0.701085,0.7147666215896606,-0.0037561478093266,0.3716,0.4439108371734619,0.03366167540644107,0.1483742445707321,0.025744169487120366,0.2992398131424209,False,qp_event_allocator_m4_eta0p492_seededfine_qplite_m4_eta0p492_seed44940020.csv
True,seeded_ic_v1,44940021,4,0.492,qplite,qplite_builtin,opp_m2_12000,0,12000,0,0,-0.026539,0.028262,4.973834,10.231124,0.700007,0.7126526236534119,-0.0037671185564249,0.3716,0.4380609691143036,0.034576027047636904,0.1768024861812591,0.02815347111108555,0.3137865435017149,False,qp_event_allocator_m4_eta0p492_seededfine_qplite_m4_eta0p492_seed44940021.csv
True,seeded_ic_v1,44940022,4,0.492,qplite,qplite_builtin,opp_m2_12000,0,12000,0,0,0.015911,-0.027023,-2.231436,10.050737,0.707113,0.7206656336784363,-0.0036874855868518,0.3716,0.4497901797294616,0.03284420804474643,0.1194525361061096,0.0275080485284897,0.28988039974583824,False,qp_event_allocator_m4_eta0p492_seededfine_qplite_m4_eta0p492_seed44940022.csv
True,seeded_ic_v1,44940023,4,0.492,qplite,qplite_builtin,opp_m2_12000,0,12000,0,0,-0.001268,0.021386,4.931051,10.20533,0.716569,0.7298776507377625,-0.0038253967650234,0.3716,0.4533281326293945,0.03150525370525304,0.1389308720827102,0.026282698523269952,0.3175784614013802,False,qp_event_allocator_m4_eta0p492_seededfine_qplite_m4_eta0p492_seed44940023.csv
True,seeded_ic_v1,44940024,4,0.492,qplite,qplite_builtin,opp_m2_12000,0,12000,0,0,-0.024747,0.005477,-2.932487,9.942071,0.691279,0.7048842310905457,-0.0038253045640885,0.3716,0.4418274164199829,0.034677971975256024,0.1668184846639633,0.027816641389454732,0.29333861043829734,False,qp_event_allocator_m4_eta0p492_seededfine_qplite_m4_eta0p492_seed44940024.csv
True,seeded_ic_v1,44940025,4,0.492,qplite,qplite_builtin,opp_m2_12000,0,12000,0,0,0.017511,-0.028754,-0.413227,9.946426,0.698372,0.7120288014411926,-0.0039386693388223,0.3716,0.4421104192733764,0.03399329644740974,0.1620257496833801,0.027508155052869097,0.29817514323974914,False,qp_event_allocator_m4_eta0p492_seededfine_qplite_m4_eta0p492_seed44940025.csv
True,seeded_ic_v1,44940026,4,0.492,qplite,qplite_builtin,opp_m2_12000,0,12000,0,0,-0.016205,-0.017739,4.390212,9.998192,0.684702,0.6978260278701782,-0.0037563252262771,0.3716,0.4422779679298401,0.035708063248720806,0.1466723084449768,0.028830217576135464,0.2797135895211804,False,qp_event_allocator_m4_eta0p492_seededfine_qplite_m4_eta0p492_seed44940026.csv
True,seeded_ic_v1,44940027,4,0.492,qplite,qplite_builtin,opp_m2_12000,0,12000,0,0,0.025249,0.007667,0.467712,10.145624,0.685711,0.6985870599746704,-0.0034033369738608,0.3716,0.4786849915981293,0.032133907948886396,0.2209021896123886,0.02708722786926393,0.305477055230388,False,qp_event_allocator_m4_eta0p492_seededfine_qplite_m4_eta0p492_seed44940027.csv
True,seeded_ic_v1,44940028,4,0.492,qplite,qplite_builtin,opp_m2_12000,0,12000,0,0,0.024424,0.003939,2.704236,9.989111,0.70028,0.7140209078788757,-0.003967105410993,0.3716,0.4418050944805145,0.03281408502352268,0.1401900351047516,0.027114694060218582,0.3258562910178728,False,qp_event_allocator_m4_eta0p492_seededfine_qplite_m4_eta0p492_seed44940028.csv
True,seeded_ic_v1,44940029,4,0.492,qplite,qplite_builtin,opp_m2_12000,0,12000,0,0,0.004921,0.002719,4.840824,10.173793,0.708303,0.7214889526367188,-0.0035753110423684,0.3716,0.4500785768032074,0.03360175738775711,0.1222659349441528,0.027054735345965475,0.3052872326148176,False,qp_event_allocator_m4_eta0p492_seededfine_qplite_m4_eta0p492_seed44940029.csv
True,seeded_ic_v1,44940030,4,0.492,qplite,qplite_builtin,opp_m2_12000,0,12000,0,0,0.029972,-0.011046,-0.700017,9.825225,0.717832,0.7325635552406311,-0.004209088627249,0.3716,0.4549788236618042,0.03303283700173844,0.1763292402029037,0.02692042641393552,0.32308943848431254,False,qp_event_allocator_m4_eta0p492_seededfine_qplite_m4_eta0p492_seed44940030.csv
True,seeded_ic_v1,44950001,4,0.493,qplite,qplite_builtin,opp_m2_11000,0,11000,0,0,-0.022206,-0.006729,3.850143,10.048798,0.715323,0.7290520071983337,-0.0037567105609923,0.3678,0.4421706795692444,0.026527038036517733,0.1296069622039795,0.02681562005393866,0.26066673873748136,False,qp_event_allocator_m4_eta0p493_seededfine_qplite_m4_eta0p493_seed44950001.csv
True,seeded_ic_v1,44950002,4,0.493,qplite,qplite_builtin,opp_m2_11000,0,11000,0,0,-0.013507,0.000514,3.135113,10.179787,0.699491,0.712529718875885,-0.003818733152002,0.3678,0.4262000918388366,0.02632182211891963,0.1372242271900177,0.024800643438184743,0.2777982167071597,False,qp_event_allocator_m4_eta0p493_seededfine_qplite_m4_eta0p493_seed44950002.csv
True,seeded_ic_v1,44950003,4,0.493,qplite,qplite_builtin,opp_m2_11000,0,11000,0,0,0.02129,0.024061,4.157094,9.798079,0.691925,0.7058449983596802,-0.0039075845852494,0.3678,0.4343504607677459,0.0279022845669862,0.1494320333003997,0.027047723646215882,0.3146068264868902,False,qp_event_allocator_m4_eta0p493_seededfine_qplite_m4_eta0p493_seed44950003.csv
True,seeded_ic_v1,44950004,4,0.493,qplite,qplite_builtin,opp_m2_11000,0,11000,0,0,0.000593,0.023946,1.137644,10.12683,0.706941,0.7203335165977478,-0.0039060823619365,0.3678,0.4484288394451141,0.0263524205432181,0.1278932243585586,0.028633526979702697,0.2954613813700186,False,qp_event_allocator_m4_eta0p493_seededfine_qplite_m4_eta0p493_seed44950004.csv
True,seeded_ic_v1,44950005,4,0.493,qplite,qplite_builtin,opp_m2_11000,0,11000,0,0,-0.004134,0.018938,3.651407,9.821334,0.716813,0.7314677834510803,-0.0040936139412224,0.3678,0.4449271857738495,0.026062140138992804,0.1476514339447021,0.027655727585355543,0.2945367014935714,False,qp_event_allocator_m4_eta0p493_seededfine_qplite_m4_eta0p493_seed44950005.csv
True,seeded_ic_v1,44950006,4,0.493,qplite,qplite_builtin,opp_m2_11000,0,11000,0,0,-0.019269,-0.010927,-0.709884,9.755591,0.706237,0.7209842205047607,-0.0040670200251042,0.3678,0.4490504562854767,0.026181844684631486,0.093960054218769,0.02886962425897914,0.24838068392436827,False,qp_event_allocator_m4_eta0p493_seededfine_qplite_m4_eta0p493_seed44950006.csv
True,seeded_ic_v1,44950007,4,0.493,qplite,qplite_builtin,opp_m2_11000,0,11000,0,0,-0.021733,0.023173,1.367886,10.065956,0.701272,0.7146428823471069,-0.0036652646958827,0.3678,0.433010846376419,0.026039655424275162,0.1256991326808929,0.028490008107110984,0.286514176420405,False,qp_event_allocator_m4_eta0p493_seededfine_qplite_m4_eta0p493_seed44950007.csv
True,seeded_ic_v1,44950008,4,0.493,qplite,qplite_builtin,opp_m2_11000,0,11000,0,0,-0.000528,-0.025437,1.44554,9.799648,0.707254,0.7217428684234619,-0.0043251016177237,0.3678,0.4334356784820556,0.026088127064035325,0.1269736737012863,0.027154308236839463,0.26198159773595314,False,qp_event_allocator_m4_eta0p493_seededfine_qplite_m4_eta0p493_seed44950008.csv
True,seeded_ic_v1,44950009,4,0.493,qplite,qplite_builtin,opp_m2_11000,0,11000,0,0,-0.019841,-0.023042,-0.964559,10.154067,0.719627,0.7330697774887085,-0.0038161382544785,0.3678,0.4350688755512237,0.025288472696928594,0.1514007300138473,0.025456334577803406,0.2585427329781555,False,qp_event_allocator_m4_eta0p493_seededfine_qplite_m4_eta0p493_seed44950009.csv
True,seeded_ic_v1,44950010,4,0.493,qplite,qplite_builtin,opp_m2_11000,0,11000,0,0,-0.015,-0.02906,0.53419,9.885909,0.714347,0.7286699414253235,-0.0039571896195411,0.3678,0.4329861104488373,0.025963046709123354,0.1590677350759506,0.02668177907468678,0.259718853534846,False,qp_event_allocator_m4_eta0p493_seededfine_qplite_m4_eta0p493_seed44950010.csv
True,seeded_ic_v1,44950011,4,0.493,qplite,qplite_builtin,opp_m2_11000,0,11000,0,0,0.017236,0.012898,-3.403913,9.949389,0.689662,0.7031030654907227,-0.0037785726599395,0.3678,0.4385359585285187,0.028847352789034775,0.1470403671264648,0.02778864109077485,0.3027932436480978,False,qp_event_allocator_m4_eta0p493_seededfine_qplite_m4_eta0p493_seed44950011.csv
True,seeded_ic_v1,44950012,4,0.493,qplite,qplite_builtin,opp_m2_11000,0,11000,0,0,0.006471,-0.004173,3.64323,10.18624,0.696325,0.7090895175933838,-0.0035399668850004,0.3678,0.4413715302944183,0.02700900917612935,0.115235224366188,0.027259355760677374,0.2774733595713153,False,qp_event_allocator_m4_eta0p493_seededfine_qplite_m4_eta0p493_seed44950012.csv
True,seeded_ic_v1,44950013,4,0.493,qplite,qplite_builtin,opp_m2_11000,0,11000,0,0,0.027135,0.023362,1.861553,9.932025,0.711711,0.7258580327033997,-0.0037346968892961,0.3678,0.4333897829055786,0.026662479600075915,0.1385026723146438,0.0271694360409733,0.32081723914493543,False,qp_event_allocator_m4_eta0p493_seededfine_qplite_m4_eta0p493_seed44950013.csv
True,seeded_ic_v1,44950014,4,0.493,qplite,qplite_builtin,opp_m2_11000,0,11000,0,0,-0.028247,-0.026733,0.785712,10.205815,0.706924,0.7199636101722717,-0.0038039709907025,0.3678,0.4360560178756714,0.0272572109985043,0.1458481699228286,0.025904268859873406,0.2459908130195036,False,qp_event_allocator_m4_eta0p493_seededfine_qplite_m4_eta0p493_seed44950014.csv
True,seeded_ic_v1,44950015,4,0.493,qplite,qplite_builtin,opp_m2_11000,0,11000,0,0,0.007078,0.001249,2.548126,9.803369,0.703662,0.7179904580116272,-0.0040181805379688,0.3678,0.4319614171981811,0.026104759910944728,0.152144581079483,0.02686600874858921,0.29305813086013205,False,qp_event_allocator_m4_eta0p493_seededfine_qplite_m4_eta0p493_seed44950015.csv
True,seeded_ic_v1,44950016,4,0.493,qplite,qplite_builtin,opp_m2_11000,0,11000,0,0,-0.008605,-0.003525,3.504331,10.184705,0.688639,0.7012712955474854,-0.0037382992450147,0.3678,0.4137519896030426,0.027257434510926735,0.1730628609657287,0.025809416668103796,0.2857658856188753,False,qp_event_allocator_m4_eta0p493_seededfine_qplite_m4_eta0p493_seed44950016.csv
True,seeded_ic_v1,44950017,4,0.493,qplite,qplite_builtin,opp_m2_11000,0,11000,0,0,-0.001593,0.017563,-3.207161,10.173454,0.705564,0.7186889052391052,-0.0037199184298515,0.3678,0.4354617595672607,0.02697275750639384,0.1560415029525756,0.026721433319628243,0.29834823836477337,False,qp_event_allocator_m4_eta0p493_seededfine_qplite_m4_eta0p493_seed44950017.csv
True,seeded_ic_v1,44950018,4,0.493,qplite,qplite_builtin,opp_m2_11000,0,11000,0,0,-0.01231,0.000668,3.24491,9.959512,0.691683,0.7051875591278076,-0.0038954801857471,0.3678,0.4292262494564056,0.02688364193693609,0.1352104991674423,0.027470321906783102,0.27068715886496386,False,qp_event_allocator_m4_eta0p493_seededfine_qplite_m4_eta0p493_seed44950018.csv
True,seeded_ic_v1,44950019,4,0.493,qplite,qplite_builtin,opp_m2_11000,0,11000,0,0,-0.003736,-0.01204,1.028444,9.960845,0.699183,0.7129051685333252,-0.003599630203098,0.3678,0.4349125623703003,0.026511399648959266,0.1223110184073448,0.028200717006422918,0.26915546165896986,False,qp_event_allocator_m4_eta0p493_seededfine_qplite_m4_eta0p493_seed44950019.csv
True,seeded_ic_v1,44950020,4,0.493,qplite,qplite_builtin,opp_m2_11000,0,11000,0,0,0.008161,0.011616,-1.69218,10.101059,0.702321,0.7156233787536621,-0.0036045834422111,0.3678,0.4293675422668457,0.026210952919033987,0.1622849404811859,0.026823064581232563,0.3023732074225485,False,qp_event_allocator_m4_eta0p493_seededfine_qplite_m4_eta0p493_seed44950020.csv
True,seeded_ic_v1,44950021,4,0.493,qplite,qplite_builtin,opp_m2_11000,0,11000,0,0,-0.005478,0.008264,-4.936152,9.975082,0.688696,0.7020651698112488,-0.0037089451216161,0.3678,0.4345077276229858,0.02747302048525066,0.1193315088748931,0.02844472055492298,0.28127923915774306,False,qp_event_allocator_m4_eta0p493_seededfine_qplite_m4_eta0p493_seed44950021.csv
True,seeded_ic_v1,44950022,4,0.493,qplite,qplite_builtin,opp_m2_11000,0,11000,0,0,0.016444,-0.02955,0.893793,9.922752,0.701403,0.7153589129447937,-0.00374047877267,0.3678,0.4255649745464325,0.025724783751298996,0.1357473731040954,0.027554953975757815,0.2770809978180111,False,qp_event_allocator_m4_eta0p493_seededfine_qplite_m4_eta0p493_seed44950022.csv
True,seeded_ic_v1,44950023,4,0.493,qplite,qplite_builtin,opp_m2_11000,0,11000,0,0,0.025216,0.010088,1.482493,9.878159,0.699551,0.7135881185531616,-0.0040088254027068,0.3678,0.4465275108814239,0.027882521445009203,0.114687904715538,0.028614284999919613,0.30325463016742965,False,qp_event_allocator_m4_eta0p493_seededfine_qplite_m4_eta0p493_seed44950023.csv
True,seeded_ic_v1,44950024,4,0.493,qplite,qplite_builtin,opp_m2_11000,0,11000,0,0,-0.021018,-0.013145,-0.623905,10.21271,0.698931,0.7117223143577576,-0.0038359588943421,0.3678,0.4398622214794159,0.027663887164423105,0.1258091926574707,0.02688577512418958,0.2596407769021998,False,qp_event_allocator_m4_eta0p493_seededfine_qplite_m4_eta0p493_seed44950024.csv
True,seeded_ic_v1,44950025,4,0.493,qplite,qplite_builtin,opp_m2_11000,0,11000,0,0,-0.027887,-0.022448,-1.189752,10.135847,0.698685,0.7117426991462708,-0.0036347068380564,0.3678,0.4149156212806701,0.026520203805065715,0.2005266398191452,0.026305530160691162,0.2633054063297062,False,qp_event_allocator_m4_eta0p493_seededfine_qplite_m4_eta0p493_seed44950025.csv
True,seeded_ic_v1,44950026,4,0.493,qplite,qplite_builtin,opp_m2_11000,0,11000,0,0,0.010333,0.015939,-3.453544,10.097812,0.700662,0.7138622403144836,-0.0037490525282919,0.3678,0.418980598449707,0.027012672798892044,0.1730340123176574,0.02731719963407658,0.3148357192402699,False,qp_event_allocator_m4_eta0p493_seededfine_qplite_m4_eta0p493_seed44950026.csv
True,seeded_ic_v1,44950027,4,0.493,qplite,qplite_builtin,opp_m2_11000,0,11000,0,0,0.025522,0.027991,-2.930016,10.241639,0.693082,0.7056095004081726,-0.0035855567548424,0.3678,0.431323230266571,0.026835711948850944,0.139553815126419,0.028316910078923112,0.31818006356371986,False,qp_event_allocator_m4_eta0p493_seededfine_qplite_m4_eta0p493_seed44950027.csv
True,seeded_ic_v1,44950028,4,0.493,qplite,qplite_builtin,opp_m2_11000,0,11000,0,0,-0.000651,0.025909,0.508849,10.214169,0.682677,0.6951057314872742,-0.0034830800723284,0.3678,0.440832257270813,0.02789958398185103,0.0807546749711036,0.027698882652020883,0.2913202498914128,False,qp_event_allocator_m4_eta0p493_seededfine_qplite_m4_eta0p493_seed44950028.csv
True,seeded_ic_v1,44950029,4,0.493,qplite,qplite_builtin,opp_m2_11000,0,11000,0,0,-0.019073,-0.028257,-2.206,9.956381,0.704623,0.7184734344482422,-0.0037697935476899,0.3678,0.4307866096496582,0.02601302621355272,0.147164762020111,0.028737905345902894,0.2560235444719849,False,qp_event_allocator_m4_eta0p493_seededfine_qplite_m4_eta0p493_seed44950029.csv
True,seeded_ic_v1,44950030,4,0.493,qplite,qplite_builtin,opp_m2_11000,0,11000,0,0,-0.028647,-0.011118,-1.773825,10.02963,0.693015,0.7063438892364502,-0.0039100018329918,0.3678,0.4191726446151733,0.027147122028736464,0.1391996145248413,0.028132161496375215,0.2562432201004209,False,qp_event_allocator_m4_eta0p493_seededfine_qplite_m4_eta0p493_seed44950030.csv
True,seeded_ic_v1,44960001,4,0.494,qplite,qplite_builtin,opp_m2_11000,0,11000,0,0,0.010268,-0.012988,-4.293221,9.762397,0.699578,0.7140818238258362,-0.0039406032301485,0.3618,0.4058752059936523,0.02224802644824685,0.1610679924488067,0.024809783569640583,0.2889644540286753,False,qp_event_allocator_m4_eta0p494_seededfine_qplite_m4_eta0p494_seed44960001.csv
True,seeded_ic_v1,44960002,4,0.494,qplite,qplite_builtin,opp_m2_11000,0,11000,0,0,0.021919,0.02593,-3.022301,9.915425,0.693292,0.7070218920707703,-0.0038658019620925,0.3618,0.3986710011959076,0.022295786161953282,0.1568255573511123,0.02693665539117927,0.3208613918843863,False,qp_event_allocator_m4_eta0p494_seededfine_qplite_m4_eta0p494_seed44960002.csv
True,seeded_ic_v1,44960003,4,0.494,qplite,qplite_builtin,opp_m2_11000,0,11000,0,0,-0.005375,-0.012527,1.715692,9.804358,0.684896,0.6988925933837891,-0.0037732075434178,0.3618,0.400069385766983,0.02199858110768758,0.0994293391704559,0.02572021297557461,0.2664747268107896,False,qp_event_allocator_m4_eta0p494_seededfine_qplite_m4_eta0p494_seed44960003.csv
True,seeded_ic_v1,44960004,4,0.494,qplite,qplite_builtin,opp_m2_11000,0,11000,0,0,0.027469,-0.016978,2.164274,9.866159,0.702591,0.716654360294342,-0.004157131537795,0.3618,0.4224658012390136,0.02228294853702294,0.1004119962453842,0.026166501395691318,0.28762269544927965,False,qp_event_allocator_m4_eta0p494_seededfine_qplite_m4_eta0p494_seed44960004.csv
True,seeded_ic_v1,44960005,4,0.494,qplite,qplite_builtin,opp_m2_11000,0,11000,0,0,0.019493,-0.026095,0.367803,10.085268,0.715399,0.7289209365844727,-0.0040277247317135,0.3618,0.4173721671104431,0.01967351223809489,0.1017099544405937,0.026308442780331252,0.2769355340843952,False,qp_event_allocator_m4_eta0p494_seededfine_qplite_m4_eta0p494_seed44960005.csv
True,seeded_ic_v1,44960006,4,0.494,qplite,qplite_builtin,opp_m2_11000,0,11000,0,0,0.022661,-0.028479,1.115479,10.030453,0.702356,0.7158087491989136,-0.0037189316935837,0.3618,0.4042342901229858,0.022378529205152344,0.1553045958280563,0.02495338469638192,0.2864250912974985,False,qp_event_allocator_m4_eta0p494_seededfine_qplite_m4_eta0p494_seed44960006.csv
True,seeded_ic_v1,44960007,4,0.494,qplite,qplite_builtin,opp_m2_11000,0,11000,0,0,0.007615,0.02325,4.041471,9.840292,0.68202,0.6957024931907654,-0.0038476381450891,0.3618,0.4017307758331299,0.022233883184974098,0.1146947368979454,0.02768042180133118,0.3038432029694763,False,qp_event_allocator_m4_eta0p494_seededfine_qplite_m4_eta0p494_seed44960007.csv
True,seeded_ic_v1,44960008,4,0.494,qplite,qplite_builtin,opp_m2_11000,0,11000,0,0,0.002476,-0.001541,-0.985566,10.186112,0.698063,0.7108755707740784,-0.0036765509285032,0.3618,0.4039569795131683,0.02161299883268449,0.1478422731161117,0.025974954211083194,0.2880780316418797,False,qp_event_allocator_m4_eta0p494_seededfine_qplite_m4_eta0p494_seed44960008.csv
True,seeded_ic_v1,44960009,4,0.494,qplite,qplite_builtin,opp_m2_11000,0,11000,0,0,-0.001663,0.018791,1.852594,9.756271,0.700757,0.7151904106140137,-0.00426701689139,0.3618,0.4099331498146057,0.02244745301524447,0.1278786659240722,0.024174043094124607,0.2978363324188331,False,qp_event_allocator_m4_eta0p494_seededfine_qplite_m4_eta0p494_seed44960009.csv
True,seeded_ic_v1,44960010,4,0.494,qplite,qplite_builtin,opp_m2_11000,0,11000,0,0,0.022693,0.004254,-3.467655,9.876751,0.712707,0.7271522879600525,-0.004097431898117,0.3618,0.4042834639549255,0.01930669596281096,0.1492383480072021,0.024820431875935536,0.30212987800646296,False,qp_event_allocator_m4_eta0p494_seededfine_qplite_m4_eta0p494_seed44960010.csv
True,seeded_ic_v1,44960011,4,0.494,qplite,qplite_builtin,opp_m2_11000,0,11000,0,0,0.001918,0.005476,-3.984851,10.187764,0.691154,0.7038038969039917,-0.0037208690773695,0.3618,0.3965926170349121,0.021273845185097034,0.1537927985191345,0.02504048174048863,0.29238089395535977,False,qp_event_allocator_m4_eta0p494_seededfine_qplite_m4_eta0p494_seed44960011.csv
True,seeded_ic_v1,44960012,4,0.494,qplite,qplite_builtin,opp_m2_11000,0,11000,0,0,-0.013182,-0.003803,0.573664,9.910396,0.703454,0.7173435091972351,-0.0042461561970412,0.3618,0.4104350209236145,0.02272014985981415,0.1276359409093856,0.02442216027883327,0.27252192631846867,False,qp_event_allocator_m4_eta0p494_seededfine_qplite_m4_eta0p494_seed44960012.csv
True,seeded_ic_v1,44960013,4,0.494,qplite,qplite_builtin,opp_m2_11000,0,11000,0,0,0.017374,-0.023987,-1.428278,9.84335,0.715651,0.730121374130249,-0.0040707262232899,0.3618,0.3989115953445434,0.019306227260662754,0.1794142425060272,0.02376755661911437,0.28241137453083986,False,qp_event_allocator_m4_eta0p494_seededfine_qplite_m4_eta0p494_seed44960013.csv
True,seeded_ic_v1,44960014,4,0.494,qplite,qplite_builtin,opp_m2_11000,0,11000,0,0,-0.0088,-0.004261,-1.04964,10.118218,0.685822,0.6986315846443176,-0.003458404680714,0.3618,0.4062817096710205,0.022545749256732542,0.109990656375885,0.028462789864610257,0.26971444484000623,False,qp_event_allocator_m4_eta0p494_seededfine_qplite_m4_eta0p494_seed44960014.csv
True,seeded_ic_v1,44960015,4,0.494,qplite,qplite_builtin,opp_m2_11000,0,11000,0,0,0.021841,0.022551,-3.45183,10.063455,0.6806,0.693474292755127,-0.003916366957128,0.3618,0.4098342061042785,0.02420958540969551,0.1295337229967117,0.02691055485822754,0.31090807280265476,False,qp_event_allocator_m4_eta0p494_seededfine_qplite_m4_eta0p494_seed44960015.csv
True,seeded_ic_v1,44960016,4,0.494,qplite,qplite_builtin,opp_m2_11000,0,11000,0,0,-0.01323,0.005566,-0.73815,9.759216,0.685008,0.6990129947662354,-0.0039968653582036,0.3618,0.4117794632911682,0.02393361300760726,0.1301735937595367,0.026073365333508777,0.2728393474443174,False,qp_event_allocator_m4_eta0p494_seededfine_qplite_m4_eta0p494_seed44960016.csv
True,seeded_ic_v1,44960017,4,0.494,qplite,qplite_builtin,opp_m2_11000,0,11000,0,0,-0.008198,0.021077,3.105656,9.941093,0.681867,0.6952410936355591,-0.0035875330213457,0.3618,0.403678148984909,0.022896255081747235,0.119185023009777,0.02682884195700528,0.2899795925246426,False,qp_event_allocator_m4_eta0p494_seededfine_qplite_m4_eta0p494_seed44960017.csv
True,seeded_ic_v1,44960018,4,0.494,qplite,qplite_builtin,opp_m2_11000,0,11000,0,0,0.020239,-0.020077,-4.173965,9.820339,0.710515,0.7249939441680908,-0.0039556506089866,0.3618,0.4211490154266357,0.022664512289338086,0.1252193450927734,0.027694886076097294,0.27979640389800353,False,qp_event_allocator_m4_eta0p494_seededfine_qplite_m4_eta0p494_seed44960018.csv
True,seeded_ic_v1,44960019,4,0.494,qplite,qplite_builtin,opp_m2_11000,0,11000,0,0,-0.006198,0.002389,-3.383628,10.189316,0.704539,0.7174659371376038,-0.0039696623571217,0.3618,0.4015473425388336,0.021981561038960335,0.1703806221485138,0.0252316513884671,0.2861336847085847,False,qp_event_allocator_m4_eta0p494_seededfine_qplite_m4_eta0p494_seed44960019.csv
True,seeded_ic_v1,44960020,4,0.494,qplite,qplite_builtin,opp_m2_11000,0,11000,0,0,0.006081,-0.029919,-0.533454,10.002452,0.719941,0.7340776324272156,-0.0038550568278878,0.3618,0.4170867800712585,0.020272284028640994,0.1383681744337082,0.025954903712044522,0.2678767544631814,False,qp_event_allocator_m4_eta0p494_seededfine_qplite_m4_eta0p494_seed44960020.csv
True,seeded_ic_v1,44960021,4,0.494,qplite,qplite_builtin,opp_m2_11000,0,11000,0,0,0.021064,-0.023967,-3.98804,10.207979,0.713629,0.726722240447998,-0.0038601334672421,0.3618,0.4116553962230682,0.02139046461918455,0.1518293917179107,0.02714694515243599,0.2881044378457839,False,qp_event_allocator_m4_eta0p494_seededfine_qplite_m4_eta0p494_seed44960021.csv
True,seeded_ic_v1,44960022,4,0.494,qplite,qplite_builtin,opp_m2_11000,0,11000,0,0,0.015754,0.018237,-4.364866,9.854334,0.692167,0.7061139941215515,-0.003705533221364,0.3618,0.3905166685581207,0.022810786743829196,0.2084204405546188,0.02572257896399436,0.32534754009705735,False,qp_event_allocator_m4_eta0p494_seededfine_qplite_m4_eta0p494_seed44960022.csv
True,seeded_ic_v1,44960023,4,0.494,qplite,qplite_builtin,opp_m2_11000,0,11000,0,0,0.006988,-0.008565,-0.386938,9.832807,0.683987,0.6976945400238037,-0.0041038929484784,0.3618,0.3933981359004974,0.02245417433125979,0.1342825293540954,0.02710602636169013,0.2839586171644562,False,qp_event_allocator_m4_eta0p494_seededfine_qplite_m4_eta0p494_seed44960023.csv
True,seeded_ic_v1,44960024,4,0.494,qplite,qplite_builtin,opp_m2_11000,0,11000,0,0,-0.011551,0.023736,-3.015841,10.174311,0.687384,0.6999949216842651,-0.0038694601971656,0.3618,0.4053720533847809,0.02384547765313204,0.1223748847842216,0.027260210575631025,0.28909522027815215,False,qp_event_allocator_m4_eta0p494_seededfine_qplite_m4_eta0p494_seed44960024.csv
True,seeded_ic_v1,44960025,4,0.494,qplite,qplite_builtin,opp_m2_11000,0,11000,0,0,-0.001137,0.009917,0.056127,9.83792,0.695264,0.7092851996421814,-0.0039602746255695,0.3618,0.3907918930053711,0.020351630961806047,0.1921215802431106,0.024593567459799334,0.2987608158823548,False,qp_event_allocator_m4_eta0p494_seededfine_qplite_m4_eta0p494_seed44960025.csv
True,seeded_ic_v1,44960026,4,0.494,qplite,qplite_builtin,opp_m2_11000,0,11000,0,0,-0.016367,0.021906,-4.4835,10.155494,0.709581,0.7228317856788635,-0.0036399415694177,0.3618,0.4100033044815063,0.021840759873497238,0.1534109711647033,0.025259015150777015,0.298063432456652,False,qp_event_allocator_m4_eta0p494_seededfine_qplite_m4_eta0p494_seed44960026.csv
True,seeded_ic_v1,44960027,4,0.494,qplite,qplite_builtin,opp_m2_11000,0,11000,0,0,0.026832,0.018308,2.1021,10.093104,0.706978,0.720343291759491,-0.0038338769227266,0.3618,0.4036891758441925,0.019511998949879827,0.1462822407484054,0.025134950430170853,0.31130026690828316,False,qp_event_allocator_m4_eta0p494_seededfine_qplite_m4_eta0p494_seed44960027.csv
True,seeded_ic_v1,44960028,4,0.494,qplite,qplite_builtin,opp_m2_11000,0,11000,0,0,0.002364,-0.024627,3.20365,10.090385,0.689082,0.7021400332450867,-0.0035789306275546,0.3618,0.4166059792041778,0.02328578592007794,0.1117982119321823,0.025528050186878197,0.25822986495258027,False,qp_event_allocator_m4_eta0p494_seededfine_qplite_m4_eta0p494_seed44960028.csv
True,seeded_ic_v1,44960029,4,0.494,qplite,qplite_builtin,opp_m2_11000,0,11000,0,0,-0.00829,0.007063,0.595573,10.196645,0.686368,0.6988707184791565,-0.0036337743513286,0.3618,0.4045462012290954,0.02260780652563914,0.1096121445298194,0.02711670501098584,0.2814113887326366,False,qp_event_allocator_m4_eta0p494_seededfine_qplite_m4_eta0p494_seed44960029.csv
True,seeded_ic_v1,44960030,4,0.494,qplite,qplite_builtin,opp_m2_11000,0,11000,0,0,0.015859,0.01145,-4.891171,9.985002,0.707419,0.7215123176574707,-0.0037152839358896,0.3618,0.3865559995174408,0.020841564857179477,0.2029810845851898,0.02296513671253431,0.3172053023229465,False,qp_event_allocator_m4_eta0p494_seededfine_qplite_m4_eta0p494_seed44960030.csv
True,seeded_ic_v1,44970001,4,0.495,qplite,qplite_builtin,opp_m2_11000,0,11000,0,0,0.022838,-0.022598,1.514642,9.809215,0.705814,0.7203081250190735,-0.0039472747594118,0.3558,0.3819952309131622,0.01631993996350377,0.1165443658828735,0.02455009197600206,0.28468641797530336,False,qp_event_allocator_m4_eta0p495_seededfine_qplite_m4_eta0p495_seed44970001.csv
True,seeded_ic_v1,44970002,4,0.495,qplite,qplite_builtin,opp_m2_11000,0,11000,0,0,-0.029969,-0.021424,-0.196358,10.042816,0.699827,0.7132285237312317,-0.0036622390616685,0.3558,0.3776834607124328,0.017182742395227133,0.1443703025579452,0.022588976971727657,0.2516714527951971,False,qp_event_allocator_m4_eta0p495_seededfine_qplite_m4_eta0p495_seed44970002.csv
True,seeded_ic_v1,44970003,4,0.495,qplite,qplite_builtin,opp_m2_11000,0,11000,0,0,0.027297,0.019834,3.196786,10.184147,0.708706,0.7217618823051453,-0.0035353205166757,0.3558,0.3787641227245331,0.016077630657440323,0.129531592130661,0.023990504606544474,0.31187818857773,False,qp_event_allocator_m4_eta0p495_seededfine_qplite_m4_eta0p495_seed44970003.csv
True,seeded_ic_v1,44970004,4,0.495,qplite,qplite_builtin,opp_m2_11000,0,11000,0,0,0.012435,0.024617,-4.033065,10.157468,0.697605,0.7106133103370667,-0.0038260789588093,0.3558,0.3700059056282043,0.018835366239770085,0.1900739669799804,0.02386832049538597,0.3230912527562283,False,qp_event_allocator_m4_eta0p495_seededfine_qplite_m4_eta0p495_seed44970004.csv
True,seeded_ic_v1,44970005,4,0.495,qplite,qplite_builtin,opp_m2_11000,0,11000,0,0,-0.027376,0.016815,-4.766512,10.032153,0.692072,0.7052901387214661,-0.0039420500397682,0.3558,0.3607557415962219,0.018195457404601476,0.1954957991838455,0.023871721530552534,0.292577027647086,False,qp_event_allocator_m4_eta0p495_seededfine_qplite_m4_eta0p495_seed44970005.csv
True,seeded_ic_v1,44970006,4,0.495,qplite,qplite_builtin,opp_m2_11000,0,11000,0,0,-0.003845,0.027966,-1.801331,9.836129,0.685929,0.6996244788169861,-0.0041247303597629,0.3558,0.3589127361774444,0.01927209051929346,0.1845608949661255,0.022132982557345537,0.31664670695682884,False,qp_event_allocator_m4_eta0p495_seededfine_qplite_m4_eta0p495_seed44970006.csv
True,seeded_ic_v1,44970007,4,0.495,qplite,qplite_builtin,opp_m2_11000,0,11000,0,0,0.023652,0.006079,-0.579776,9.943619,0.712946,0.7270579934120178,-0.0041279960423707,0.3558,0.3771992921829223,0.01762649882880989,0.1382021456956863,0.02338761082933982,0.3138867288803086,False,qp_event_allocator_m4_eta0p495_seededfine_qplite_m4_eta0p495_seed44970007.csv
True,seeded_ic_v1,44970008,4,0.495,qplite,qplite_builtin,opp_m2_11000,0,11000,0,0,-0.024808,-0.008921,-0.631177,9.929861,0.702194,0.7160815596580505,-0.003769637318328,0.3558,0.3637970387935638,0.0172003359712258,0.1773767918348312,0.023436208632076624,0.26710236986068087,False,qp_event_allocator_m4_eta0p495_seededfine_qplite_m4_eta0p495_seed44970008.csv
True,seeded_ic_v1,44970009,4,0.495,qplite,qplite_builtin,opp_m2_11000,0,11000,0,0,0.025134,0.001758,2.451619,10.184336,0.699953,0.7128841280937195,-0.0039525958709418,0.3558,0.3870305716991424,0.0187879037423162,0.1257891952991485,0.024088544272254767,0.298877253182984,False,qp_event_allocator_m4_eta0p495_seededfine_qplite_m4_eta0p495_seed44970009.csv
True,seeded_ic_v1,44970010,4,0.495,qplite,qplite_builtin,opp_m2_11000,0,11000,0,0,0.022943,0.021593,-3.934481,10.03801,0.691695,0.7049824595451355,-0.0038238079287111,0.3558,0.3833758234977722,0.019673046505961793,0.1055643483996391,0.02486904488012684,0.30555280752716485,False,qp_event_allocator_m4_eta0p495_seededfine_qplite_m4_eta0p495_seed44970010.csv
True,seeded_ic_v1,44970011,4,0.495,qplite,qplite_builtin,opp_m2_11000,0,11000,0,0,-0.009403,-0.003057,1.203423,9.834777,0.709253,0.72364342212677,-0.0039866445586085,0.3558,0.3745271265506744,0.0159072303919673,0.1347657591104507,0.02572412293418956,0.2699160482004035,False,qp_event_allocator_m4_eta0p495_seededfine_qplite_m4_eta0p495_seed44970011.csv
True,seeded_ic_v1,44970012,4,0.495,qplite,qplite_builtin,opp_m2_11000,0,11000,0,0,0.025453,-0.00747,0.974061,10.118648,0.71968,0.7333294153213501,-0.003910569474101,0.3558,0.3981252014636993,0.02469392871865497,0.2088148742914199,0.023642955961706964,0.33007590070286746,False,qp_event_allocator_m4_eta0p495_seededfine_qplite_m4_eta0p495_seed44970012.csv
True,seeded_ic_v1,44970013,4,0.495,qplite,qplite_builtin,opp_m2_11000,0,11000,0,0,-0.001316,-0.012536,4.035913,9.830667,0.709359,0.7237723469734192,-0.0043122633360326,0.3558,0.3530430197715759,0.036375999639034,0.4764672517776489,0.020934219794132958,0.38906873371251444,False,qp_event_allocator_m4_eta0p495_seededfine_qplite_m4_eta0p495_seed44970013.csv
True,seeded_ic_v1,44970014,4,0.495,qplite,qplite_builtin,opp_m2_11000,0,11000,0,0,0.013472,-0.008508,1.952584,9.821685,0.695131,0.7093063592910767,-0.0040721972472965,0.3558,0.3747089505195617,0.01631904570891913,0.1325040310621261,0.023964586521086878,0.28463450984937255,False,qp_event_allocator_m4_eta0p495_seededfine_qplite_m4_eta0p495_seed44970014.csv
True,seeded_ic_v1,44970015,4,0.495,qplite,qplite_builtin,opp_m2_11000,0,11000,0,0,0.013437,0.018183,-1.597994,9.858551,0.693067,0.7069811224937439,-0.003985343966633,0.3558,0.3668821454048157,0.018708201905268434,0.1825835555791854,0.02462868473898043,0.31773912696742124,False,qp_event_allocator_m4_eta0p495_seededfine_qplite_m4_eta0p495_seed44970015.csv
True,seeded_ic_v1,44970016,4,0.495,qplite,qplite_builtin,opp_m2_11000,0,11000,0,0,0.000642,0.001117,4.139672,9.78901,0.715528,0.730189323425293,-0.0040452140383422,0.3558,0.3859105110168457,0.017543140738406238,0.1282137632369995,0.02264736682216307,0.2878817120546404,False,qp_event_allocator_m4_eta0p495_seededfine_qplite_m4_eta0p495_seed44970016.csv
True,seeded_ic_v1,44970017,4,0.495,qplite,qplite_builtin,opp_m2_11000,0,11000,0,0,0.016825,0.020029,3.049178,10.00013,0.713663,0.7276406288146973,-0.0039273323491215,0.3558,0.3818848133087158,0.01776409014186822,0.1378537565469741,0.0242389540849709,0.3169918777216924,False,qp_event_allocator_m4_eta0p495_seededfine_qplite_m4_eta0p495_seed44970017.csv
True,seeded_ic_v1,44970018,4,0.495,qplite,qplite_builtin,opp_m2_11000,0,11000,0,0,-0.020179,-0.004964,0.483336,9.782286,0.708512,0.7230833768844604,-0.0041446597315371,0.3558,0.379019170999527,0.01854854411166569,0.159206286072731,0.025579733913759242,0.27248092197712925,False,qp_event_allocator_m4_eta0p495_seededfine_qplite_m4_eta0p495_seed44970018.csv
True,seeded_ic_v1,44970019,4,0.495,qplite,qplite_builtin,opp_m2_11000,0,11000,0,0,0.013338,-0.008861,-2.904805,10.201956,0.699821,0.7126665711402893,-0.004003734793514,0.3558,0.3745884597301483,0.016504159730755422,0.1272004544734954,0.024663308273199278,0.2841286260028913,False,qp_event_allocator_m4_eta0p495_seededfine_qplite_m4_eta0p495_seed44970019.csv
True,seeded_ic_v1,44970020,4,0.495,qplite,qplite_builtin,opp_m2_11000,0,11000,0,0,0.0079,-0.018617,1.742222,9.938745,0.684961,0.6983737945556641,-0.0039994763210415,0.3558,0.3739005923271179,0.01757775150089951,0.126767098903656,0.02594099227934513,0.27264921028795086,False,qp_event_allocator_m4_eta0p495_seededfine_qplite_m4_eta0p495_seed44970020.csv
True,seeded_ic_v1,44970021,4,0.495,qplite,qplite_builtin,opp_m2_11000,0,11000,0,0,-0.020046,-0.007992,3.025682,9.968681,0.694825,0.7083775401115417,-0.0039761015214025,0.3558,0.3721888065338135,0.019848649078983323,0.1782540678977966,0.023403902105985704,0.2785035901392692,False,qp_event_allocator_m4_eta0p495_seededfine_qplite_m4_eta0p495_seed44970021.csv
True,seeded_ic_v1,44970022,4,0.495,qplite,qplite_builtin,opp_m2_11000,0,11000,0,0,-0.016998,0.020627,3.481633,10.134491,0.719281,0.7328830361366272,-0.0037558116018772,0.3558,0.3968510031700134,0.017525561066589458,0.1022267416119575,0.023697287927509258,0.2829319767653311,False,qp_event_allocator_m4_eta0p495_seededfine_qplite_m4_eta0p495_seed44970022.csv
True,seeded_ic_v1,44970023,4,0.495,qplite,qplite_builtin,opp_m2_11000,0,11000,0,0,-0.005381,0.022837,-2.9441,9.752728,0.688715,0.7028780579566956,-0.0040911808609962,0.3558,0.3534654676914215,0.015971294409136624,0.1432594656944275,0.023094462775044847,0.30246319732298255,False,qp_event_allocator_m4_eta0p495_seededfine_qplite_m4_eta0p495_seed44970023.csv
True,seeded_ic_v1,44970024,4,0.495,qplite,qplite_builtin,opp_m2_11000,0,11000,0,0,0.012151,0.005788,2.833792,9.831846,0.715701,0.7303195595741272,-0.0039628897793591,0.3558,0.3777284026145935,0.01652569087772724,0.1251572668552398,0.02338007242715538,0.2975504526184181,False,qp_event_allocator_m4_eta0p495_seededfine_qplite_m4_eta0p495_seed44970024.csv
True,seeded_ic_v1,44970025,4,0.495,qplite,qplite_builtin,opp_m2_11000,0,11000,0,0,-0.029942,0.020682,4.353196,10.194509,0.716576,0.7297759056091309,-0.0038988003507256,0.3558,0.393385648727417,0.0176074156579103,0.1234438866376876,0.024650475454944722,0.27910013179560766,False,qp_event_allocator_m4_eta0p495_seededfine_qplite_m4_eta0p495_seed44970025.csv
True,seeded_ic_v1,44970026,4,0.495,qplite,qplite_builtin,opp_m2_11000,0,11000,0,0,0.007,0.028314,3.511851,10.138672,0.700031,0.7130593061447144,-0.0035286953207105,0.3558,0.379079669713974,0.016687547760888852,0.1203176081180572,0.02301359431620482,0.3062127804749313,False,qp_event_allocator_m4_eta0p495_seededfine_qplite_m4_eta0p495_seed44970026.csv
True,seeded_ic_v1,44970027,4,0.495,qplite,qplite_builtin,opp_m2_11000,0,11000,0,0,0.013361,0.024194,-4.81354,9.878284,0.705575,0.7196927070617676,-0.0039812340401113,0.3558,0.3806734383106231,0.017342362657981742,0.1259655058383941,0.022433739275986162,0.31127740751780353,False,qp_event_allocator_m4_eta0p495_seededfine_qplite_m4_eta0p495_seed44970027.csv
True,seeded_ic_v1,44970028,4,0.495,qplite,qplite_builtin,opp_m2_11000,0,11000,0,0,-0.025326,0.028222,-2.989444,10.187583,0.705049,0.7180219292640686,-0.0037247114814817,0.3558,0.3740837275981903,0.017335706658363332,0.1450587213039398,0.02259764385467208,0.29450297775402423,False,qp_event_allocator_m4_eta0p495_seededfine_qplite_m4_eta0p495_seed44970028.csv
True,seeded_ic_v1,44970029,4,0.495,qplite,qplite_builtin,opp_m2_11000,0,11000,0,0,-0.026546,0.012139,1.221756,10.144928,0.697639,0.7106359004974365,-0.0037250039167702,0.3558,0.3835791647434234,0.017449188568863905,0.1261384785175323,0.02538318695183445,0.27376648027249756,False,qp_event_allocator_m4_eta0p495_seededfine_qplite_m4_eta0p495_seed44970029.csv
True,seeded_ic_v1,44970030,4,0.495,qplite,qplite_builtin,opp_m2_11000,0,11000,0,0,-0.018628,0.018256,-3.80137,10.208097,0.707704,0.7207594513893127,-0.0037064461503177,0.3558,0.3970708549022674,0.017717187242995633,0.0785159096121788,0.02380218197711728,0.27844354724924875,False,qp_event_allocator_m4_eta0p495_seededfine_qplite_m4_eta0p495_seed44970030.csv
True,seeded_ic_v1,44980001,4,0.496,qplite,qplite_builtin,opp_m2_10000,0,10000,0,0,-0.027142,-0.011136,-4.866648,9.788482,0.719754,0.734607458114624,-0.0039664986543357,0.352,0.3688457012176513,0.01242883344276973,0.1125770285725593,0.023877310835182883,0.23252752644298705,False,qp_event_allocator_m4_eta0p496_seededfine_qplite_m4_eta0p496_seed44980001.csv
True,seeded_ic_v1,44980002,4,0.496,qplite,qplite_builtin,opp_m2_10000,0,10000,0,0,-0.026271,-0.024378,1.641177,10.128666,0.68435,0.6970874071121216,-0.0036975010298192,0.352,0.3556917905807495,0.011056029308383786,0.1004065200686454,0.024050485529199653,0.21345934460086366,False,qp_event_allocator_m4_eta0p496_seededfine_qplite_m4_eta0p496_seed44980002.csv
True,seeded_ic_v1,44980003,4,0.496,qplite,qplite_builtin,opp_m2_10000,0,10000,0,0,-0.022081,0.025508,-4.516889,9.963346,0.700457,0.7142606377601624,-0.0039021442644298,0.352,0.385642796754837,0.013302712323481899,0.025956816971302,0.024800057115870702,0.2549451833948239,False,qp_event_allocator_m4_eta0p496_seededfine_qplite_m4_eta0p496_seed44980003.csv
True,seeded_ic_v1,44980004,4,0.496,qplite,qplite_builtin,opp_m2_10000,0,10000,0,0,-0.010715,0.010497,2.259121,10.078918,0.69193,0.7051069140434265,-0.0036051142960786,0.352,0.3572379052639007,0.012554456809416529,0.119384154677391,0.023595181499190213,0.26350520152661777,False,qp_event_allocator_m4_eta0p496_seededfine_qplite_m4_eta0p496_seed44980004.csv
True,seeded_ic_v1,44980005,4,0.496,qplite,qplite_builtin,opp_m2_10000,0,10000,0,0,-0.004555,0.02817,-4.783394,9.876958,0.711505,0.7257894277572632,-0.0040076966397464,0.352,0.364715039730072,0.011464429234194108,0.0889104232192039,0.024826415722050906,0.26998945029982085,False,qp_event_allocator_m4_eta0p496_seededfine_qplite_m4_eta0p496_seed44980005.csv
True,seeded_ic_v1,44980006,4,0.496,qplite,qplite_builtin,opp_m2_10000,0,10000,0,0,0.01697,-0.024047,-1.972415,10.120496,0.715948,0.7294845581054688,-0.0037726291920989,0.352,0.3802426159381866,0.01292204778946426,0.0467661470174789,0.024868842154104624,0.24976995917894174,False,qp_event_allocator_m4_eta0p496_seededfine_qplite_m4_eta0p496_seed44980006.csv
True,seeded_ic_v1,44980007,4,0.496,qplite,qplite_builtin,opp_m2_10000,0,10000,0,0,0.026631,0.004641,-0.246046,10.102571,0.709151,0.7225317358970642,-0.0040780524723231,0.352,0.3707501590251922,0.011928267186391435,0.1063485890626907,0.026142852003224453,0.27637259086777394,False,qp_event_allocator_m4_eta0p496_seededfine_qplite_m4_eta0p496_seed44980007.csv
True,seeded_ic_v1,44980008,4,0.496,qplite,qplite_builtin,opp_m2_10000,0,10000,0,0,-0.027703,-0.026526,3.496844,9.943097,0.697004,0.7107928991317749,-0.004064000211656,0.352,0.3684134483337402,0.012110138032182666,0.1028782352805137,0.025776405716077453,0.21359719298768956,False,qp_event_allocator_m4_eta0p496_seededfine_qplite_m4_eta0p496_seed44980008.csv
True,seeded_ic_v1,44980009,4,0.496,qplite,qplite_builtin,opp_m2_10000,0,10000,0,0,0.028848,0.02621,4.141746,10.234863,0.699282,0.7120442390441895,-0.003762433771044,0.352,0.364509105682373,0.012846494630856629,0.1052695959806442,0.024608233261190483,0.3009354694150167,False,qp_event_allocator_m4_eta0p496_seededfine_qplite_m4_eta0p496_seed44980009.csv
True,seeded_ic_v1,44980010,4,0.496,qplite,qplite_builtin,opp_m2_10000,0,10000,0,0,-0.006706,0.027246,-3.890225,9.815707,0.709514,0.724005401134491,-0.0042478055693209,0.352,0.3589378893375397,0.012984463808171543,0.1094711199402809,0.023617217571127253,0.27896905945757106,False,qp_event_allocator_m4_eta0p496_seededfine_qplite_m4_eta0p496_seed44980010.csv
True,seeded_ic_v1,44980011,4,0.496,qplite,qplite_builtin,opp_m2_10000,0,10000,0,0,-0.0133,0.027704,2.476823,10.180954,0.713854,0.7271104454994202,-0.0036602495238184,0.352,0.3735524415969848,0.012772070877464252,0.0798269584774971,0.02464664148789101,0.26916115310480143,False,qp_event_allocator_m4_eta0p496_seededfine_qplite_m4_eta0p496_seed44980011.csv
True,seeded_ic_v1,44980012,4,0.496,qplite,qplite_builtin,opp_m2_10000,0,10000,0,0,-0.016828,-0.006933,-3.184123,9.817115,0.718681,0.7334354519844055,-0.0040291459299623,0.352,0.3670591115951538,0.012824377317215842,0.0918063297867775,0.02257692530057247,0.24226369583770305,False,qp_event_allocator_m4_eta0p496_seededfine_qplite_m4_eta0p496_seed44980012.csv
True,seeded_ic_v1,44980013,4,0.496,qplite,qplite_builtin,opp_m2_10000,0,10000,0,0,-0.021312,-0.002377,-1.666644,10.223587,0.68954,0.7020814418792725,-0.0035775115247815,0.352,0.3584761917591095,0.012730231247952436,0.1194827780127525,0.024906284844742884,0.24372025594885732,False,qp_event_allocator_m4_eta0p496_seededfine_qplite_m4_eta0p496_seed44980013.csv
True,seeded_ic_v1,44980014,4,0.496,qplite,qplite_builtin,opp_m2_10000,0,10000,0,0,0.029972,-0.000556,3.473167,9.778536,0.718034,0.732896625995636,-0.0040625412948429,0.352,0.360552042722702,0.012057893938764372,0.1000471636652946,0.024456597783951102,0.2818731393203971,False,qp_event_allocator_m4_eta0p496_seededfine_qplite_m4_eta0p496_seed44980014.csv
True,seeded_ic_v1,44980015,4,0.496,qplite,qplite_builtin,opp_m2_10000,0,10000,0,0,-0.004356,0.008848,-1.082244,9.888684,0.715413,0.7297760248184204,-0.0039136572740972,0.352,0.3726095557212829,0.012334852637040476,0.0762416273355484,0.024662733782981845,0.26027141118674324,False,qp_event_allocator_m4_eta0p496_seededfine_qplite_m4_eta0p496_seed44980015.csv
True,seeded_ic_v1,44980016,4,0.496,qplite,qplite_builtin,opp_m2_10000,0,10000,0,0,-0.008156,0.028359,4.406343,10.117453,0.698485,0.7116228342056274,-0.0036270159762352,0.352,0.3288471102714538,0.020013373318968013,0.2004521042108535,0.02177411595632031,0.33085770901219985,True,qp_event_allocator_m4_eta0p496_seededfine_qplite_m4_eta0p496_seed44980016.csv
True,seeded_ic_v1,44980017,4,0.496,qplite,qplite_builtin,opp_m2_10000,0,10000,0,0,-0.011846,0.009506,0.654145,9.938511,0.70332,0.7172396779060364,-0.0038974543567746,0.352,0.3737716674804687,0.01427470691353422,0.0819272324442863,0.02457851534676736,0.2619793197544019,False,qp_event_allocator_m4_eta0p496_seededfine_qplite_m4_eta0p496_seed44980017.csv
True,seeded_ic_v1,44980018,4,0.496,qplite,qplite_builtin,opp_m2_10000,0,10000,0,0,0.022504,0.023031,-4.165784,9.994856,0.695833,0.7094652056694031,-0.0037826334591954,0.352,0.3571317195892334,0.012990503739328618,0.1149442195892334,0.0247751019628407,0.2991959004768402,False,qp_event_allocator_m4_eta0p496_seededfine_qplite_m4_eta0p496_seed44980018.csv
True,seeded_ic_v1,44980019,4,0.496,qplite,qplite_builtin,opp_m2_10000,0,10000,0,0,-0.000355,-0.019778,-1.545491,10.222443,0.713092,0.7261355519294739,-0.0037941494956612,0.352,0.3629785478115082,0.013607883054988001,0.0826245844364166,0.024272817932849577,0.25686909856614215,False,qp_event_allocator_m4_eta0p496_seededfine_qplite_m4_eta0p496_seed44980019.csv
True,seeded_ic_v1,44980020,4,0.496,qplite,qplite_builtin,opp_m2_10000,0,10000,0,0,0.005029,-0.003902,-3.646786,9.909883,0.704277,0.7182670831680298,-0.0039453078061342,0.352,0.35777348279953,0.012498681283136373,0.1192484721541404,0.024858115796568218,0.2664126457353789,False,qp_event_allocator_m4_eta0p496_seededfine_qplite_m4_eta0p496_seed44980020.csv
True,seeded_ic_v1,44980021,4,0.496,qplite,qplite_builtin,opp_m2_10000,0,10000,0,0,-0.016136,-0.026368,4.36311,9.847854,0.68032,0.6939489245414734,-0.0036915866658091,0.352,0.3452467918395996,0.012703205453032254,0.1416918635368347,0.02543819920539331,0.23202847977327196,True,qp_event_allocator_m4_eta0p496_seededfine_qplite_m4_eta0p496_seed44980021.csv
True,seeded_ic_v1,44980022,4,0.496,qplite,qplite_builtin,opp_m2_10000,0,10000,0,0,-0.026743,-0.018853,4.163274,10.239164,0.684404,0.6966730952262878,-0.0036996949929744,0.352,0.3502519130706787,0.01205307941171162,0.1283013820648193,0.02396253649383251,0.23057005256229776,False,qp_event_allocator_m4_eta0p496_seededfine_qplite_m4_eta0p496_seed44980022.csv
True,seeded_ic_v1,44980023,4,0.496,qplite,qplite_builtin,opp_m2_10000,0,10000,0,0,-0.004724,0.002542,4.687705,9.840374,0.701448,0.7157225608825684,-0.0041621504351496,0.352,0.3611603081226349,0.012223521781651455,0.1056239083409309,0.025834376025706172,0.2520176451461127,False,qp_event_allocator_m4_eta0p496_seededfine_qplite_m4_eta0p496_seed44980023.csv
True,seeded_ic_v1,44980024,4,0.496,qplite,qplite_builtin,opp_m2_10000,0,10000,0,0,0.007208,0.029344,-4.862595,10.013944,0.691214,0.7044474482536316,-0.0036801279056817,0.352,0.3666402101516723,0.012623573242730873,0.0883484110236167,0.02487562093700676,0.28170011578953896,False,qp_event_allocator_m4_eta0p496_seededfine_qplite_m4_eta0p496_seed44980024.csv
True,seeded_ic_v1,44980025,4,0.496,qplite,qplite_builtin,opp_m2_10000,0,10000,0,0,0.015522,-0.019564,3.911398,9.929278,0.681598,0.6949986219406128,-0.0036973531823605,0.352,0.3460095524787903,0.01331799477836668,0.1349608600139618,0.02450070994491585,0.2666586103032772,True,qp_event_allocator_m4_eta0p496_seededfine_qplite_m4_eta0p496_seed44980025.csv
True,seeded_ic_v1,44980026,4,0.496,qplite,qplite_builtin,opp_m2_10000,0,10000,0,0,0.003342,-0.015035,-1.108432,10.083127,0.688718,0.701703667640686,-0.0038620687555521,0.352,0.3478580713272095,0.01368906168515741,0.1439432799816131,0.024402860241264156,0.26402135506206725,True,qp_event_allocator_m4_eta0p496_seededfine_qplite_m4_eta0p496_seed44980026.csv
True,seeded_ic_v1,44980027,4,0.496,qplite,qplite_builtin,opp_m2_10000,0,10000,0,0,-0.028547,0.028034,2.830018,9.962868,0.71969,0.7338865995407104,-0.0041284877806901,0.352,0.358132541179657,0.01287250309666326,0.1070084422826767,0.02342870218839816,0.27141885648520625,False,qp_event_allocator_m4_eta0p496_seededfine_qplite_m4_eta0p496_seed44980027.csv
True,seeded_ic_v1,44980028,4,0.496,qplite,qplite_builtin,opp_m2_10000,0,10000,0,0,0.005802,0.0107,-3.654627,9.823352,0.707218,0.7217794060707092,-0.0039479797706007,0.352,0.3571207821369171,0.012625849088576354,0.1028541624546051,0.0243851238885458,0.2725556605852597,False,qp_event_allocator_m4_eta0p496_seededfine_qplite_m4_eta0p496_seed44980028.csv
True,seeded_ic_v1,44980029,4,0.496,qplite,qplite_builtin,opp_m2_10000,0,10000,0,0,-0.00493,-0.011894,3.825567,10.079998,0.712787,0.7263486981391907,-0.0039180354215204,0.352,0.3509350121021271,0.01385512785285395,0.0933900624513626,0.025220235805666905,0.26193961317021947,False,qp_event_allocator_m4_eta0p496_seededfine_qplite_m4_eta0p496_seed44980029.csv
True,seeded_ic_v1,44980030,4,0.496,qplite,qplite_builtin,opp_m2_10000,0,10000,0,0,0.010848,0.024866,-3.757247,9.856747,0.698992,0.7129794359207153,-0.0038280575536191,0.352,0.3477805554866791,0.01363907568380385,0.1240738928318023,0.02361748337411666,0.2973641873298372,True,qp_event_allocator_m4_eta0p496_seededfine_qplite_m4_eta0p496_seed44980030.csv
True,seeded_ic_v1,44990001,4,0.497,qplite,qplite_builtin,opp_m2_10000,0,10000,0,0,0.006301,0.007216,-2.703953,10.161653,0.713202,0.7264692187309265,-0.0036125483456999,0.346,0.3187799453735351,0.014500358998971806,0.0768027678132057,0.020755468512227957,0.2884744854488842,True,qp_event_allocator_m4_eta0p497_seededfine_qplite_m4_eta0p497_seed44990001.csv
True,seeded_ic_v1,44990002,4,0.497,qplite,qplite_builtin,opp_m2_10000,0,10000,0,0,-0.000442,0.010795,0.419257,9.900965,0.690911,0.7046902775764465,-0.0039034765213727,0.346,0.3159877359867096,0.013331832289334608,0.0334372669458389,0.02175693152538149,0.27333678771512565,True,qp_event_allocator_m4_eta0p497_seededfine_qplite_m4_eta0p497_seed44990002.csv
True,seeded_ic_v1,44990003,4,0.497,qplite,qplite_builtin,opp_m2_10000,0,10000,0,0,-0.001802,0.00536,-4.57259,9.945201,0.692794,0.7062950730323792,-0.0038313958793878,0.346,0.3213873207569122,0.014882955346036245,0.054658867418766,0.02387425361820383,0.2763444174770492,True,qp_event_allocator_m4_eta0p497_seededfine_qplite_m4_eta0p497_seed44990003.csv
True,seeded_ic_v1,44990004,4,0.497,qplite,qplite_builtin,opp_m2_10000,0,10000,0,0,-0.017437,-0.014591,-4.508374,9.94215,0.698334,0.7120896577835083,-0.0037529421970248,0.346,0.33185014128685,0.014657603371326893,0.040568821132183,0.021960989827946125,0.24799327523021855,True,qp_event_allocator_m4_eta0p497_seededfine_qplite_m4_eta0p497_seed44990004.csv
True,seeded_ic_v1,44990005,4,0.497,qplite,qplite_builtin,opp_m2_10000,0,10000,0,0,0.000263,0.007907,2.765086,9.760929,0.703082,0.7176500558853149,-0.0042996159754693,0.346,0.3192138373851776,0.013426275487752845,0.0388720072805881,0.021746284821693836,0.2752036876919874,True,qp_event_allocator_m4_eta0p497_seededfine_qplite_m4_eta0p497_seed44990005.csv
True,seeded_ic_v1,44990006,4,0.497,qplite,qplite_builtin,opp_m2_10000,0,10000,0,0,-0.029216,0.011804,-1.983365,10.00682,0.705436,0.7191473245620728,-0.0038045246619731,0.346,0.3169460296630859,0.013797156709659258,0.0682868659496307,0.02112338059667595,0.260955397420868,True,qp_event_allocator_m4_eta0p497_seededfine_qplite_m4_eta0p497_seed44990006.csv
True,seeded_ic_v1,44990007,4,0.497,qplite,qplite_builtin,opp_m2_10000,0,10000,0,0,-0.00031,0.011372,3.507984,10.217773,0.708505,0.7215330004692078,-0.0037585196550935,0.346,0.3192167282104492,0.013097950244541301,0.0364816337823867,0.021973293127989898,0.2764952974575757,True,qp_event_allocator_m4_eta0p497_seededfine_qplite_m4_eta0p497_seed44990007.csv
True,seeded_ic_v1,44990008,4,0.497,qplite,qplite_builtin,opp_m2_10000,0,10000,0,0,0.017732,0.026987,-4.161206,10.053197,0.693447,0.7065567970275879,-0.0038901572115719,0.346,0.3201007843017578,0.01307628858236389,0.0223285760730505,0.020924249791931058,0.29448894553810967,True,qp_event_allocator_m4_eta0p497_seededfine_qplite_m4_eta0p497_seed44990008.csv
True,seeded_ic_v1,44990009,4,0.497,qplite,qplite_builtin,opp_m2_10000,0,10000,0,0,0.00893,0.002832,-3.568139,9.797306,0.70663,0.7210883498191833,-0.0040696542710065,0.346,0.330172061920166,0.01379160139429488,0.0209819450974464,0.021831424762057083,0.27301116399250186,True,qp_event_allocator_m4_eta0p497_seededfine_qplite_m4_eta0p497_seed44990009.csv
True,seeded_ic_v1,44990010,4,0.497,qplite,qplite_builtin,opp_m2_10000,0,10000,0,0,0.028809,-0.020761,1.426675,10.213839,0.682403,0.6947880387306213,-0.0037140036001801,0.346,0.3190945088863373,0.01411000749330882,0.0451881326735019,0.022004477024727628,0.2766485600400647,True,qp_event_allocator_m4_eta0p497_seededfine_qplite_m4_eta0p497_seed44990010.csv
True,seeded_ic_v1,44990011,4,0.497,qplite,qplite_builtin,opp_m2_10000,0,10000,0,0,-0.017218,0.025185,-3.469284,9.809561,0.686228,0.7001164555549622,-0.0037073453422635,0.346,0.3282602727413177,0.014132934853431402,0.0453442260622978,0.02353619876827908,0.27061372828254443,True,qp_event_allocator_m4_eta0p497_seededfine_qplite_m4_eta0p497_seed44990011.csv
True,seeded_ic_v1,44990012,4,0.497,qplite,qplite_builtin,opp_m2_10000,0,10000,0,0,0.019305,-0.004866,2.859181,10.170518,0.687424,0.700028657913208,-0.0037214572075754,0.346,0.3156884312629699,0.014381642776762639,0.0701480954885482,0.021171622079160634,0.28238288558155683,True,qp_event_allocator_m4_eta0p497_seededfine_qplite_m4_eta0p497_seed44990012.csv
True,seeded_ic_v1,44990013,4,0.497,qplite,qplite_builtin,opp_m2_10000,0,10000,0,0,-0.01037,0.012066,-0.518467,10.029827,0.717211,0.7311272025108337,-0.0037523398641496,0.346,0.333310067653656,0.014189835220681159,0.0508212372660636,0.020878834646411427,0.2751903484828208,True,qp_event_allocator_m4_eta0p497_seededfine_qplite_m4_eta0p497_seed44990013.csv
True,seeded_ic_v1,44990014,4,0.497,qplite,qplite_builtin,opp_m2_10000,0,10000,0,0,0.011033,0.024553,-0.295177,10.176979,0.702168,0.7151427268981934,-0.0036019519902765,0.346,0.3290860056877136,0.013855777604944181,0.0167161040008068,0.021755687837676712,0.29169316286815383,True,qp_event_allocator_m4_eta0p497_seededfine_qplite_m4_eta0p497_seed44990014.csv
True,seeded_ic_v1,44990015,4,0.497,qplite,qplite_builtin,opp_m2_10000,0,10000,0,0,-0.028072,-0.005922,1.788351,10.188761,0.708221,0.721332848072052,-0.0039771967567503,0.346,0.3336158692836761,0.014521207467287588,0.0352053046226501,0.02112723827663802,0.24755037059797988,True,qp_event_allocator_m4_eta0p497_seededfine_qplite_m4_eta0p497_seed44990015.csv
True,seeded_ic_v1,44990016,4,0.497,qplite,qplite_builtin,opp_m2_10000,0,10000,0,0,-0.007031,0.014128,-3.711686,10.205431,0.695649,0.70841383934021,-0.0037364827003329,0.346,0.3112581372261047,0.012914042079297552,0.0532516501843929,0.022806890865728825,0.27133365468372905,True,qp_event_allocator_m4_eta0p497_seededfine_qplite_m4_eta0p497_seed44990016.csv
True,seeded_ic_v1,44990017,4,0.497,qplite,qplite_builtin,opp_m2_10000,0,10000,0,0,0.003757,0.023684,4.428729,9.759385,0.681324,0.695237934589386,-0.0041380552574992,0.346,0.3312788009643554,0.012918097923337275,0.0523489192128181,0.024291309001381312,0.27153716071415357,True,qp_event_allocator_m4_eta0p497_seededfine_qplite_m4_eta0p497_seed44990017.csv
True,seeded_ic_v1,44990018,4,0.497,qplite,qplite_builtin,opp_m2_10000,0,10000,0,0,0.001992,-0.018728,-0.036557,9.844278,0.704267,0.7186013460159302,-0.003945664037019,0.346,0.3181551098823547,0.014123130727301985,0.0620544217526912,0.021755663806144427,0.26497944403760804,True,qp_event_allocator_m4_eta0p497_seededfine_qplite_m4_eta0p497_seed44990018.csv
True,seeded_ic_v1,44990019,4,0.497,qplite,qplite_builtin,opp_m2_10000,0,10000,0,0,-0.006189,-0.007773,4.684712,10.203714,0.697095,0.7098060846328735,-0.0035391002893447,0.346,0.334282785654068,0.01308522363893935,0.0546957589685916,0.023280992725303765,0.24089957679115898,True,qp_event_allocator_m4_eta0p497_seededfine_qplite_m4_eta0p497_seed44990019.csv
True,seeded_ic_v1,44990020,4,0.497,qplite,qplite_builtin,opp_m2_10000,0,10000,0,0,0.026645,-0.000982,0.940514,10.027659,0.710381,0.7241250276565552,-0.0035908154677599,0.346,0.3107596635818481,0.014093052000372615,0.0949278771877288,0.019480511632718328,0.3013764360165749,True,qp_event_allocator_m4_eta0p497_seededfine_qplite_m4_eta0p497_seed44990020.csv
True,seeded_ic_v1,44990021,4,0.497,qplite,qplite_builtin,opp_m2_10000,0,10000,0,0,0.007789,-0.01377,1.647684,9.984053,0.702574,0.7162867188453674,-0.0039752186276018,0.346,0.3130572438240051,0.012992809087780626,0.0338478572666645,0.021753277121347583,0.2640448534789733,True,qp_event_allocator_m4_eta0p497_seededfine_qplite_m4_eta0p497_seed44990021.csv
True,seeded_ic_v1,44990022,4,0.497,qplite,qplite_builtin,opp_m2_10000,0,10000,0,0,-0.001918,-0.000227,4.65604,9.871601,0.700663,0.7141544818878174,-0.0038167124148458,0.346,0.3264446556568146,0.013542701551499208,0.0229379907250404,0.02180980722069043,0.2609997529378717,True,qp_event_allocator_m4_eta0p497_seededfine_qplite_m4_eta0p497_seed44990022.csv
True,seeded_ic_v1,44990023,4,0.497,qplite,qplite_builtin,opp_m2_10000,0,10000,0,0,-0.02078,-0.026871,2.181565,9.848582,0.705009,0.7192469835281372,-0.00392951304093,0.346,0.3270011842250824,0.013691049918964611,0.0236730128526687,0.020753934563860675,0.2316779352936797,True,qp_event_allocator_m4_eta0p497_seededfine_qplite_m4_eta0p497_seed44990023.csv
True,seeded_ic_v1,44990024,4,0.497,qplite,qplite_builtin,opp_m2_10000,0,10000,0,0,0.010966,0.021107,4.075406,9.855184,0.692726,0.7065064907073975,-0.003956158645451,0.346,0.3315009772777557,0.01408113437982974,0.0333570353686809,0.02219278683278412,0.28559335714937406,True,qp_event_allocator_m4_eta0p497_seededfine_qplite_m4_eta0p497_seed44990024.csv
True,seeded_ic_v1,44990025,4,0.497,qplite,qplite_builtin,opp_m2_10000,0,10000,0,0,-0.019227,-0.011382,-4.557486,9.906757,0.717909,0.7321619987487793,-0.0041441190987825,0.346,0.3272702991962433,0.013961109985230076,0.044433981180191,0.021839292477373123,0.24882543066049884,True,qp_event_allocator_m4_eta0p497_seededfine_qplite_m4_eta0p497_seed44990025.csv
True,seeded_ic_v1,44990026,4,0.497,qplite,qplite_builtin,opp_m2_10000,0,10000,0,0,0.026065,0.003597,1.509873,9.980284,0.687373,0.7007314562797546,-0.0036529959179461,0.346,0.2958962917327881,0.014586838251886421,0.1199724003672599,0.020600532321049102,0.3103300917114832,True,qp_event_allocator_m4_eta0p497_seededfine_qplite_m4_eta0p497_seed44990026.csv
True,seeded_ic_v1,44990027,4,0.497,qplite,qplite_builtin,opp_m2_10000,0,10000,0,0,0.022717,0.009381,2.387012,9.788904,0.697883,0.7131820917129517,-0.0044636074453592,0.346,0.3383397758007049,0.013517840763113858,0.0324582234025001,0.023094835632055888,0.27936964047639296,True,qp_event_allocator_m4_eta0p497_seededfine_qplite_m4_eta0p497_seed44990027.csv
True,seeded_ic_v1,44990028,4,0.497,qplite,qplite_builtin,opp_m2_10000,0,10000,0,0,-0.014262,-0.007663,-0.59635,9.778674,0.68962,0.7037444710731506,-0.0041383909992873,0.346,0.3216657340526581,0.013757473379964613,0.0338885001838207,0.021959892704440726,0.25039823533528377,True,qp_event_allocator_m4_eta0p497_seededfine_qplite_m4_eta0p497_seed44990028.csv
True,seeded_ic_v1,44990029,4,0.497,qplite,qplite_builtin,opp_m2_10000,0,10000,0,0,-0.010056,-0.001069,2.380167,10.149564,0.682003,0.6946335434913635,-0.0033202660270035,0.346,0.3167978525161743,0.015847209930707054,0.0836831480264663,0.024036479980628748,0.2749902597993228,True,qp_event_allocator_m4_eta0p497_seededfine_qplite_m4_eta0p497_seed44990029.csv
True,seeded_ic_v1,44990030,4,0.497,qplite,qplite_builtin,opp_m2_10000,0,10000,0,0,0.002757,0.000516,1.680039,9.778142,0.684582,0.698498010635376,-0.0037009278312325,0.346,0.3170105218887329,0.013757288176816899,0.0535045079886913,0.023177387640180583,0.27002979248562087,True,qp_event_allocator_m4_eta0p497_seededfine_qplite_m4_eta0p497_seed44990030.csv
True,seeded_ic_v1,45000001,4,0.498,qplite,qplite_builtin,opp_m2_10000,0,10000,0,0,-0.017294,-0.004284,4.961022,10.05399,0.697034,0.7102744579315186,-0.0038566291332244,0.3399999999999999,0.2714928090572357,0.010286770923792165,0.1231217831373214,0.019480455647389382,0.2669681101290944,True,qp_event_allocator_m4_eta0p498_seededfine_qplite_m4_eta0p498_seed45000001.csv
True,seeded_ic_v1,45000002,4,0.498,qplite,qplite_builtin,opp_m2_10000,0,10000,0,0,-0.027473,0.027962,2.296365,9.862889,0.68255,0.6961120963096619,-0.0040459637530148,0.3399999999999999,0.3143579065799713,0.01371081720060386,0.0796090364456176,0.02205907625147386,0.23725078642331568,True,qp_event_allocator_m4_eta0p498_seededfine_qplite_m4_eta0p498_seed45000002.csv
True,seeded_ic_v1,45000003,4,0.498,qplite,qplite_builtin,opp_m2_10000,0,10000,0,0,0.00798,0.012872,-3.238208,9.992639,0.691442,0.7048944234848022,-0.003710918361321,0.3399999999999999,0.2827449142932892,0.011116397097530702,0.0718880668282508,0.018548984417437468,0.28248214860382187,True,qp_event_allocator_m4_eta0p498_seededfine_qplite_m4_eta0p498_seed45000003.csv
True,seeded_ic_v1,45000004,4,0.498,qplite,qplite_builtin,opp_m2_10000,0,10000,0,0,0.006618,-0.009893,3.240305,9.850612,0.690265,0.7041269540786743,-0.0038510588929057,0.3399999999999999,0.251565009355545,0.009537742969472674,0.1682192236185073,0.02029510040303547,0.27739734245143943,True,qp_event_allocator_m4_eta0p498_seededfine_qplite_m4_eta0p498_seed45000004.csv
True,seeded_ic_v1,45000005,4,0.498,qplite,qplite_builtin,opp_m2_10000,0,10000,0,0,0.003098,0.013598,-4.121054,10.179726,0.688423,0.7012734413146973,-0.0037290316540747,0.3399999999999999,0.3009835183620453,0.012194939544733326,0.0533751919865608,0.020511112877421564,0.26896321222299174,True,qp_event_allocator_m4_eta0p498_seededfine_qplite_m4_eta0p498_seed45000005.csv
True,seeded_ic_v1,45000006,4,0.498,qplite,qplite_builtin,opp_m2_10000,0,10000,0,0,0.0261,0.013399,-3.37539,10.249542,0.695165,0.7074980139732361,-0.0035364574287086,0.3399999999999999,0.2801789045333862,0.010899127003887028,0.1154833287000656,0.019535114763530856,0.30951962431336816,True,qp_event_allocator_m4_eta0p498_seededfine_qplite_m4_eta0p498_seed45000006.csv
True,seeded_ic_v1,45000007,4,0.498,qplite,qplite_builtin,opp_m2_10000,0,10000,0,0,0.024853,0.007063,-4.382322,9.916779,0.687181,0.7009349465370178,-0.0039670467376708,0.3399999999999999,0.2842887639999389,0.011091976250644304,0.0403423942625522,0.018476575273460378,0.2816794324906314,True,qp_event_allocator_m4_eta0p498_seededfine_qplite_m4_eta0p498_seed45000007.csv
True,seeded_ic_v1,45000008,4,0.498,qplite,qplite_builtin,opp_m2_10000,0,10000,0,0,0.023292,0.023664,0.416895,10.104025,0.690776,0.7037994861602783,-0.0037418073043227,0.3399999999999999,0.2892080843448639,0.011064376885153496,0.044719360768795,0.020601230448317943,0.2937533579352136,True,qp_event_allocator_m4_eta0p498_seededfine_qplite_m4_eta0p498_seed45000008.csv
True,seeded_ic_v1,45000009,4,0.498,qplite,qplite_builtin,opp_m2_10000,0,10000,0,0,0.006792,-0.011426,4.972978,10.163507,0.684086,0.6966730952262878,-0.0036071885842829,0.3399999999999999,0.2901171445846557,0.011906527908071503,0.064451016485691,0.019666939707856334,0.26629192601499,True,qp_event_allocator_m4_eta0p498_seededfine_qplite_m4_eta0p498_seed45000009.csv
True,seeded_ic_v1,45000010,4,0.498,qplite,qplite_builtin,opp_m2_10000,0,10000,0,0,-0.002172,-0.007703,4.489189,10.199137,0.683572,0.6960160136222839,-0.0037296833470463,0.3399999999999999,0.2776136100292206,0.010617148816976747,0.0803958848118782,0.020616899153865418,0.2642225247070798,True,qp_event_allocator_m4_eta0p498_seededfine_qplite_m4_eta0p498_seed45000010.csv
True,seeded_ic_v1,45000011,4,0.498,qplite,qplite_builtin,opp_m2_10000,0,10000,0,0,-0.011263,0.02877,2.580126,9.801653,0.702569,0.7170360088348389,-0.0040521258488297,0.3399999999999999,0.3005015552043915,0.010990361638668851,0.0185784418135881,0.020573416166222998,0.2667440806274687,True,qp_event_allocator_m4_eta0p498_seededfine_qplite_m4_eta0p498_seed45000011.csv
True,seeded_ic_v1,45000012,4,0.498,qplite,qplite_builtin,opp_m2_10000,0,10000,0,0,0.005543,0.029748,-3.199773,10.116799,0.714416,0.7278422117233276,-0.0040031457319855,0.3399999999999999,0.2876533269882202,0.010047328123477743,0.0974047109484672,0.019561645550703305,0.3013845396605693,True,qp_event_allocator_m4_eta0p498_seededfine_qplite_m4_eta0p498_seed45000012.csv
True,seeded_ic_v1,45000013,4,0.498,qplite,qplite_builtin,opp_m2_11000,0,11000,0,0,-0.01562,0.003387,0.25191,10.066988,0.708672,0.0126623539254069,-0.0003654495812952,0.3580402587644756,0.0003654495812952,8.168249131109834e-10,0.0,0.0,0.01598299405081425,True,qp_event_allocator_m4_eta0p498_seededfine_qplite_m4_eta0p498_seed45000013.csv
True,seeded_ic_v1,45000014,4,0.498,qplite,qplite_builtin,opp_m2_10000,0,10000,0,0,0.022429,0.007219,-3.041661,10.066366,0.714131,0.7278496623039246,-0.0037675462663173,0.3399999999999999,0.2864433526992798,0.010127277292233354,0.085521213710308,0.019682394812426004,0.288576811144118,True,qp_event_allocator_m4_eta0p498_seededfine_qplite_m4_eta0p498_seed45000014.csv
True,seeded_ic_v1,45000015,4,0.498,qplite,qplite_builtin,opp_m2_10000,0,10000,0,0,0.000844,0.000578,2.441755,10.034615,0.685094,0.6981707215309143,-0.0035018969792872,0.3399999999999999,0.2899230718612671,0.011665450519127428,0.0326491594314575,0.019680074687919224,0.25800710224117474,True,qp_event_allocator_m4_eta0p498_seededfine_qplite_m4_eta0p498_seed45000015.csv
True,seeded_ic_v1,45000016,4,0.498,qplite,qplite_builtin,opp_m2_10000,0,10000,0,0,-0.001694,0.009501,-4.382312,9.838021,0.688839,0.7026057243347168,-0.0041076010093092,0.3399999999999999,0.3161168694496155,0.013852760612133764,0.0793399140238761,0.022995915965450257,0.24475115448983364,True,qp_event_allocator_m4_eta0p498_seededfine_qplite_m4_eta0p498_seed45000016.csv
True,seeded_ic_v1,45000017,4,0.498,qplite,qplite_builtin,opp_m2_10000,0,10000,0,0,0.015425,0.012956,2.611318,9.842584,0.708702,0.7230865955352783,-0.004216362722218,0.3399999999999999,0.3132334053516388,0.011331259133099346,0.0778613165020942,0.018459985339077195,0.26180374589757965,True,qp_event_allocator_m4_eta0p498_seededfine_qplite_m4_eta0p498_seed45000017.csv
True,seeded_ic_v1,45000018,4,0.498,qplite,qplite_builtin,opp_m2_10000,0,10000,0,0,-0.012384,0.021076,-4.677051,9.844797,0.698564,0.7126759886741638,-0.0039191409014165,0.3399999999999999,0.2978877127170563,0.012181941484336099,0.0769918337464332,0.019555503765696265,0.2727821416541957,True,qp_event_allocator_m4_eta0p498_seededfine_qplite_m4_eta0p498_seed45000018.csv
True,seeded_ic_v1,45000019,4,0.498,qplite,qplite_builtin,opp_m2_10000,0,10000,0,0,-0.025477,0.028198,-2.887876,9.822862,0.716807,0.7314468026161194,-0.0044193873181939,0.3399999999999999,0.2978973388671875,0.010498381860128499,0.0678923726081848,0.019631387926218196,0.26641629767607367,True,qp_event_allocator_m4_eta0p498_seededfine_qplite_m4_eta0p498_seed45000019.csv
True,seeded_ic_v1,45000020,4,0.498,qplite,qplite_builtin,opp_m2_10000,0,10000,0,0,0.025159,-0.00274,-3.544664,9.881502,0.711518,0.7258853316307068,-0.0039101704023778,0.3399999999999999,0.2994133532047272,0.01231997991433603,0.074733205139637,0.021512054290567233,0.2817904948411365,True,qp_event_allocator_m4_eta0p498_seededfine_qplite_m4_eta0p498_seed45000020.csv
True,seeded_ic_v1,45000021,4,0.498,qplite,qplite_builtin,opp_m2_10000,0,10000,0,0,-0.019727,0.018132,2.799737,10.089644,0.702018,0.7153367400169373,-0.0038517469074577,0.3399999999999999,0.2878620028495788,0.011133710664810868,0.0719875171780586,0.019522895848180215,0.26523055578533805,True,qp_event_allocator_m4_eta0p498_seededfine_qplite_m4_eta0p498_seed45000021.csv
True,seeded_ic_v1,45000022,4,0.498,qplite,qplite_builtin,opp_m2_10000,0,10000,0,0,-0.027511,-0.014265,4.100578,9.846183,0.70869,0.7229922413825989,-0.0040319506078958,0.3399999999999999,0.2763446271419525,0.008290177419588006,0.0759738907217979,0.019434408826498193,0.2340562186267251,True,qp_event_allocator_m4_eta0p498_seededfine_qplite_m4_eta0p498_seed45000022.csv
True,seeded_ic_v1,45000023,4,0.498,qplite,qplite_builtin,opp_m2_10000,0,10000,0,0,0.024294,0.005735,3.887862,10.078999,0.694946,0.70823073387146,-0.0036530734505504,0.3399999999999999,0.3069932758808136,0.013271896841466081,0.0382409691810607,0.02083530623982032,0.2704639469081898,True,qp_event_allocator_m4_eta0p498_seededfine_qplite_m4_eta0p498_seed45000023.csv
True,seeded_ic_v1,45000024,4,0.498,qplite,qplite_builtin,opp_m2_10000,0,10000,0,0,-0.028106,-0.012842,-4.519991,10.238848,0.692854,0.705382227897644,-0.0038337921723723,0.3399999999999999,0.2886943221092224,0.010720231898352665,0.0654729008674621,0.02259838524293362,0.23348698576626598,True,qp_event_allocator_m4_eta0p498_seededfine_qplite_m4_eta0p498_seed45000024.csv
True,seeded_ic_v1,45000025,4,0.498,qplite,qplite_builtin,opp_m2_10000,0,10000,0,0,-0.013536,-0.019764,2.907754,9.920019,0.696353,0.7101593017578125,-0.0037858679424971,0.3399999999999999,0.2931728661060333,0.011840268662151326,0.0810121819376945,0.02060122953384477,0.24383942347596615,True,qp_event_allocator_m4_eta0p498_seededfine_qplite_m4_eta0p498_seed45000025.csv
True,seeded_ic_v1,45000026,4,0.498,qplite,qplite_builtin,opp_m2_10000,0,10000,0,0,-0.016135,-0.002212,-3.54221,10.067549,0.713762,0.7275486588478088,-0.003721333341673,0.3399999999999999,0.2753398716449737,0.009699280932293223,0.1383222192525863,0.017207008915967367,0.27916914651480385,True,qp_event_allocator_m4_eta0p498_seededfine_qplite_m4_eta0p498_seed45000026.csv
True,seeded_ic_v1,45000027,4,0.498,qplite,qplite_builtin,opp_m2_10000,0,10000,0,0,-0.000131,0.005451,0.342175,9.824146,0.708807,0.7233169078826904,-0.0039831530302762,0.3399999999999999,0.3048787415027618,0.01171413087700699,0.0304332245141267,0.019700027001871352,0.258793649494444,True,qp_event_allocator_m4_eta0p498_seededfine_qplite_m4_eta0p498_seed45000027.csv
True,seeded_ic_v1,45000028,4,0.498,qplite,qplite_builtin,opp_m2_10000,0,10000,0,0,0.028719,-0.012636,-2.660886,10.168552,0.693024,0.7057823538780212,-0.0034020559396594,0.3399999999999999,0.2782091498374939,0.009139327772025831,0.0641924366354942,0.020490990312336258,0.27677654291441617,True,qp_event_allocator_m4_eta0p498_seededfine_qplite_m4_eta0p498_seed45000028.csv
True,seeded_ic_v1,45000029,4,0.498,qplite,qplite_builtin,opp_m2_10000,0,10000,0,0,0.016219,0.014246,-1.582345,9.928821,0.687738,0.7014031410217285,-0.0039128204807639,0.3399999999999999,0.3344066143035888,0.015823742535159377,0.147237628698349,0.02205400010852672,0.2647675414492727,True,qp_event_allocator_m4_eta0p498_seededfine_qplite_m4_eta0p498_seed45000029.csv
True,seeded_ic_v1,45000030,4,0.498,qplite,qplite_builtin,opp_m2_10000,0,10000,0,0,-0.003143,0.029244,-0.265065,9.835752,0.683924,0.6976894736289978,-0.0038446926046162,0.3399999999999999,0.2857270240783691,0.011726686086192605,0.0915525630116462,0.020358741034326,0.28839855706171724,True,qp_event_allocator_m4_eta0p498_seededfine_qplite_m4_eta0p498_seed45000030.csv
