motor,eta,residual,rep,trial_seed,candidate,r1,r2,r3,r4,contact_found,safe_touchdown,contact_t,contact_phase,contact_z,fault_to_contact_s,vertical_speed_mps,horizontal_speed_mps,max_tilt_deg,angular_rate_radps,horizontal_drift_m,file
1,0.496,8000,1,10870001,dose_r8000,0,0,8000,0,True,False,12.346091270446776,adaptive_brake,0.0258953813463449,2.4608860015869123,0.407641053199768,0.013576706778928267,0.1719694137573242,0.036956478240151136,0.2251877134123585,qp_event_allocator_m1_eta0p496_seededdose_m1_eta0p496_r8000_seed10870001.csv
1,0.496,8000,2,10870002,dose_r8000,0,0,8000,0,True,False,12.625720977783203,adaptive_brake,0.0280530713498592,2.500093936920168,0.3986234366893768,0.012316688360924494,0.1221405640244484,0.03585335879693368,0.19753065195196157,qp_event_allocator_m1_eta0p496_seededdose_m1_eta0p496_r8000_seed10870002.csv
1,0.496,8000,3,10870003,dose_r8000,0,0,8000,0,True,False,12.623893737792969,adaptive_brake,0.0216171909123659,2.3789217472076416,0.4004634916782379,0.014293332680807416,0.0931495130062103,0.040387408045182344,0.22028490077036192,qp_event_allocator_m1_eta0p496_seededdose_m1_eta0p496_r8000_seed10870003.csv
1,0.496,8000,4,10870004,dose_r8000,0,0,8000,0,True,False,12.406607389450071,adaptive_brake,0.0251228939741849,2.520206689834591,0.4025255143642425,0.012689157670411557,0.0977943390607833,0.03442486117949214,0.22727330384741837,qp_event_allocator_m1_eta0p496_seededdose_m1_eta0p496_r8000_seed10870004.csv
1,0.496,8000,5,10870005,dose_r8000,0,0,8000,0,True,False,12.465574741363524,adaptive_brake,0.0222213994711637,2.480983972549435,0.4018458425998688,0.013694277707614472,0.1203776374459266,0.03507208654931895,0.23506472616593013,qp_event_allocator_m1_eta0p496_seededdose_m1_eta0p496_r8000_seed10870005.csv
1,0.496,8000,6,10870006,dose_r8000,0,0,8000,0,True,False,12.2641761302948,adaptive_brake,0.0228323824703693,2.498975038528444,0.4017931520938873,0.01243966205647895,0.1089504733681678,0.034073140022405794,0.23437203343183663,qp_event_allocator_m1_eta0p496_seededdose_m1_eta0p496_r8000_seed10870006.csv
1,0.496,8000,7,10870007,dose_r8000,0,0,8000,0,True,False,12.42484211921692,adaptive_brake,0.0221218615770339,2.45996403694153,0.4022318124771118,0.013771179009680362,0.1568834483623504,0.03612100050666438,0.23118486488734755,qp_event_allocator_m1_eta0p496_seededdose_m1_eta0p496_r8000_seed10870007.csv
1,0.496,8000,8,10870008,dose_r8000,0,0,8000,0,True,False,12.367424011230469,adaptive_brake,0.0257617197930812,2.441019296646118,0.407565712928772,0.014595623137655106,0.1567602902650833,0.03489290192597472,0.2241352966905157,qp_event_allocator_m1_eta0p496_seededdose_m1_eta0p496_r8000_seed10870008.csv
1,0.496,8000,9,10870009,dose_r8000,0,0,8000,0,True,False,12.44562578201294,adaptive_brake,0.026139298453927,2.458801746368408,0.3953246474266052,0.013412392495440455,0.109722763299942,0.03555313369290584,0.21745677104462935,qp_event_allocator_m1_eta0p496_seededdose_m1_eta0p496_r8000_seed10870009.csv
1,0.496,8000,10,10870010,dose_r8000,0,0,8000,0,True,False,12.565755367279053,adaptive_brake,0.0260003693401813,2.5001375675201416,0.4090811908245086,0.01363077250200245,0.0983255356550216,0.03445660639648035,0.20299820203273808,qp_event_allocator_m1_eta0p496_seededdose_m1_eta0p496_r8000_seed10870010.csv
1,0.496,8000,11,10870011,dose_r8000,0,0,8000,0,True,False,12.24443793296814,adaptive_brake,0.0285634379833936,2.4411299228668213,0.3916555941104889,0.014393545432235082,0.0932772383093833,0.03821430454771797,0.24960312804310958,qp_event_allocator_m1_eta0p496_seededdose_m1_eta0p496_r8000_seed10870011.csv
1,0.496,8000,12,10870012,dose_r8000,0,0,8000,0,True,False,12.36592435836792,adaptive_brake,0.0219113491475582,2.4585623741149902,0.4152010381221771,0.014459906411685049,0.1910684257745742,0.03551207935059118,0.22579081244281574,qp_event_allocator_m1_eta0p496_seededdose_m1_eta0p496_r8000_seed10870012.csv
1,0.496,8000,13,10870013,dose_r8000,0,0,8000,0,True,False,12.644243240356444,adaptive_brake,0.0284271035343408,2.4407193660736084,0.3988602757453918,0.013875447291166763,0.1479306071996688,0.03693257668145513,0.2517544613254623,qp_event_allocator_m1_eta0p496_seededdose_m1_eta0p496_r8000_seed10870013.csv
1,0.496,8000,14,10870014,dose_r8000,0,0,8000,0,True,False,12.647218465805054,adaptive_brake,0.028823509812355,2.44246554374695,0.3949654996395111,0.014122306427398739,0.103006437420845,0.036307807043515876,0.25675484118069586,qp_event_allocator_m1_eta0p496_seededdose_m1_eta0p496_r8000_seed10870014.csv
1,0.496,8000,15,10870015,dose_r8000,0,0,8000,0,True,False,12.507761478424072,adaptive_brake,0.0274239610880613,2.4412689208984357,0.403675228357315,0.014249274676496563,0.1302133202552795,0.03491201508706911,0.21110972329226485,qp_event_allocator_m1_eta0p496_seededdose_m1_eta0p496_r8000_seed10870015.csv
1,0.496,8000,16,10870016,dose_r8000,0,0,8000,0,True,False,12.564204931259155,adaptive_brake,0.0227949172258377,2.4588346481323224,0.3997223079204559,0.013956083882725819,0.1329585313796997,0.035081814946893636,0.2358975905356724,qp_event_allocator_m1_eta0p496_seededdose_m1_eta0p496_r8000_seed10870016.csv
1,0.496,8000,17,10870017,dose_r8000,0,0,8000,0,True,False,12.387714624404907,adaptive_brake,0.0270300023257732,2.5009610652923584,0.3882093131542206,0.011768663057360122,0.0854732394218444,0.03240320544799689,0.23099488859829156,qp_event_allocator_m1_eta0p496_seededdose_m1_eta0p496_r8000_seed10870017.csv
1,0.496,8000,18,10870018,dose_r8000,0,0,8000,0,True,False,12.666177034378052,adaptive_brake,0.0284741595387458,2.4999849796295166,0.4072701036930084,0.012560016013058584,0.1367288380861282,0.032987825637273566,0.22715545768756784,qp_event_allocator_m1_eta0p496_seededdose_m1_eta0p496_r8000_seed10870018.csv
1,0.496,8000,19,10870019,dose_r8000,0,0,8000,0,True,False,12.625302076339722,adaptive_brake,0.0231795608997344,2.480900287628174,0.4139207601547241,0.014462313557687484,0.1485571861267089,0.03651505198152831,0.21759833269534673,qp_event_allocator_m1_eta0p496_seededdose_m1_eta0p496_r8000_seed10870019.csv
1,0.496,8000,20,10870020,dose_r8000,0,0,8000,0,True,False,12.45369005203247,adaptive_brake,0.0289136078208684,2.4987030029296875,0.4058184623718261,0.013171727537734962,0.112690269947052,0.03556057252518411,0.21015906309053986,qp_event_allocator_m1_eta0p496_seededdose_m1_eta0p496_r8000_seed10870020.csv
1,0.496,8000,21,10870021,dose_r8000,0,0,8000,0,True,False,12.665643453598022,adaptive_brake,0.0292205065488815,2.4407622814178467,0.3894423246383667,0.014166653936450285,0.0871095284819603,0.03605985598586871,0.2197221511492045,qp_event_allocator_m1_eta0p496_seededdose_m1_eta0p496_r8000_seed10870021.csv
1,0.496,8000,22,10870022,dose_r8000,0,0,8000,0,True,False,12.569596529006958,adaptive_brake,0.0282850787043571,2.4603352546691895,0.389590173959732,0.014013934664772746,0.0972177386283874,0.0344900368268049,0.2111177082245565,qp_event_allocator_m1_eta0p496_seededdose_m1_eta0p496_r8000_seed10870022.csv
1,0.496,8000,23,10870023,dose_r8000,0,0,8000,0,True,False,12.643982410430908,adaptive_brake,0.023135807365179,2.5010597705841064,0.410692423582077,0.013293363864271605,0.1603352129459381,0.034105855389503344,0.24703707961133736,qp_event_allocator_m1_eta0p496_seededdose_m1_eta0p496_r8000_seed10870023.csv
1,0.496,8000,24,10870024,dose_r8000,0,0,8000,0,True,False,12.665764331817629,adaptive_brake,0.0282725896686315,2.479952812194824,0.4069500565528869,0.013332588143886574,0.1395650058984756,0.03533028582079935,0.23251472444937438,qp_event_allocator_m1_eta0p496_seededdose_m1_eta0p496_r8000_seed10870024.csv
1,0.496,8000,25,10870025,dose_r8000,0,0,8000,0,True,False,12.286829710006714,adaptive_brake,0.0236155707389116,2.420027017593384,0.4034796059131622,0.014542450868455244,0.1382046639919281,0.03742516358892675,0.2183597946962912,qp_event_allocator_m1_eta0p496_seededdose_m1_eta0p496_r8000_seed10870025.csv
1,0.496,8000,26,10870026,dose_r8000,0,0,8000,0,True,False,12.565215826034546,adaptive_brake,0.0279486812651157,2.4821004867553693,0.3806225657463074,0.012990804679210306,0.0697957873344421,0.03350258824320398,0.23319865205034934,qp_event_allocator_m1_eta0p496_seededdose_m1_eta0p496_r8000_seed10870026.csv
1,0.496,8000,27,10870027,dose_r8000,0,0,8000,0,True,False,12.451339960098268,adaptive_brake,0.0243111867457628,2.5206646919250506,0.401993989944458,0.011572200784415378,0.1101433336734771,0.03611864627812173,0.21536719611333932,qp_event_allocator_m1_eta0p496_seededdose_m1_eta0p496_r8000_seed10870027.csv
1,0.496,8000,28,10870028,dose_r8000,0,0,8000,0,True,False,12.625614643096924,adaptive_brake,0.0259137731045484,2.4395530223846436,0.4013340473175049,0.01385860099553651,0.195848748087883,0.033975523052682484,0.20922816745871786,qp_event_allocator_m1_eta0p496_seededdose_m1_eta0p496_r8000_seed10870028.csv
1,0.496,8000,29,10870029,dose_r8000,0,0,8000,0,True,False,12.705198764801024,adaptive_brake,0.0258714184165,2.521157026290892,0.411464661359787,0.012017094060019117,0.179552674293518,0.03684200094475243,0.21883449022749557,qp_event_allocator_m1_eta0p496_seededdose_m1_eta0p496_r8000_seed10870029.csv
1,0.496,8000,30,10870030,dose_r8000,0,0,8000,0,True,False,12.424798488616943,adaptive_brake,0.0218554120510816,2.4390220642089826,0.4093595147132873,0.01414350915821667,0.1602345257997512,0.035653680841948386,0.20378291143731275,qp_event_allocator_m1_eta0p496_seededdose_m1_eta0p496_r8000_seed10870030.csv
1,0.496,9000,1,10970001,dose_r9000,0,0,9000,0,True,False,12.665448665618896,adaptive_brake,0.0258984677493572,2.560107469558716,0.3864458501338959,0.01649543081716464,0.103601336479187,0.03466414887883793,0.24737356697345836,qp_event_allocator_m1_eta0p496_seededdose_m1_eta0p496_r9000_seed10970001.csv
1,0.496,9000,2,10970002,dose_r9000,0,0,9000,0,True,False,12.644335746765137,adaptive_brake,0.0281096044927835,2.620500326156616,0.3849391341209411,0.01671125352618447,0.1651425212621688,0.03139179515926682,0.2580748293397413,qp_event_allocator_m1_eta0p496_seededdose_m1_eta0p496_r9000_seed10970002.csv
1,0.496,9000,3,10970003,dose_r9000,0,0,9000,0,True,False,12.744791030883787,adaptive_brake,0.0284681990742683,2.6408934593200666,0.3888274729251861,0.013564679339495666,0.0969216004014015,0.030692312871163148,0.2106296545300198,qp_event_allocator_m1_eta0p496_seededdose_m1_eta0p496_r9000_seed10970003.csv
1,0.496,9000,4,10970004,dose_r9000,0,0,9000,0,True,False,12.42851996421814,adaptive_brake,0.0264810733497142,2.579166889190674,0.3785226047039032,0.01747216191962528,0.1464253962039947,0.032103819584379335,0.2153388956361707,qp_event_allocator_m1_eta0p496_seededdose_m1_eta0p496_r9000_seed10970004.csv
1,0.496,9000,5,10970005,dose_r9000,0,0,9000,0,True,False,12.804596424102783,adaptive_brake,0.0277548506855964,2.6397452354431152,0.3822534680366516,0.014682769562401339,0.1337236315011978,0.030013864405003643,0.25317087256014154,qp_event_allocator_m1_eta0p496_seededdose_m1_eta0p496_r9000_seed10970005.csv
1,0.496,9000,6,10970006,dose_r9000,0,0,9000,0,True,False,12.76558518409729,adaptive_brake,0.0271757021546363,2.679912567138672,0.3775084614753723,0.013447709702889743,0.1279858499765396,0.03059141520347921,0.23425442046787376,qp_event_allocator_m1_eta0p496_seededdose_m1_eta0p496_r9000_seed10970006.csv
1,0.496,9000,7,10970007,dose_r9000,0,0,9000,0,True,False,12.548454284667969,adaptive_brake,0.0245645008981227,2.621807813644409,0.3872848153114319,0.015498767350810764,0.133335530757904,0.03331662681920008,0.20399815997627108,qp_event_allocator_m1_eta0p496_seededdose_m1_eta0p496_r9000_seed10970007.csv
1,0.496,9000,8,10970008,dose_r9000,0,0,9000,0,True,False,12.584234237670898,adaptive_brake,0.0293693989515304,2.6199042797088623,0.3892450630664825,0.014242148294352013,0.0912009179592132,0.03185187045367811,0.22613401005652525,qp_event_allocator_m1_eta0p496_seededdose_m1_eta0p496_r9000_seed10970008.csv
1,0.496,9000,9,10970009,dose_r9000,0,0,9000,0,True,False,12.525160789489746,adaptive_brake,0.0255643129348754,2.6209723949432373,0.378206342458725,0.015372422377323398,0.1380239576101303,0.03186171786072645,0.23437607025610147,qp_event_allocator_m1_eta0p496_seededdose_m1_eta0p496_r9000_seed10970009.csv
1,0.496,9000,10,10970010,dose_r9000,0,0,9000,0,True,False,12.885085582733154,adaptive_brake,0.0283301211893558,2.679259777069092,0.3797877728939056,0.014711958421931423,0.1715646088123321,0.030558540405646723,0.2711893995182715,qp_event_allocator_m1_eta0p496_seededdose_m1_eta0p496_r9000_seed10970010.csv
1,0.496,9000,11,10970011,dose_r9000,0,0,9000,0,True,False,12.613512754440308,adaptive_brake,0.0275112371891737,2.621144533157347,0.3859489858150482,0.014862591502828131,0.1172803491353988,0.03039829426343983,0.24708853176509063,qp_event_allocator_m1_eta0p496_seededdose_m1_eta0p496_r9000_seed10970011.csv
1,0.496,9000,12,10970012,dose_r9000,0,0,9000,0,True,False,12.704494953155518,adaptive_brake,0.0288183186203241,2.620222568511961,0.38492152094841,0.01659216995694874,0.1570398807525634,0.03142141881273309,0.2533652877543028,qp_event_allocator_m1_eta0p496_seededdose_m1_eta0p496_r9000_seed10970012.csv
1,0.496,9000,13,10970013,dose_r9000,0,0,9000,0,True,False,12.467071771621704,adaptive_brake,0.027256092056632,2.5608971118927,0.3732889294624328,0.017446288713755292,0.1175795271992683,0.03322854902220388,0.24880157244582632,qp_event_allocator_m1_eta0p496_seededdose_m1_eta0p496_r9000_seed10970013.csv
1,0.496,9000,14,10970014,dose_r9000,0,0,9000,0,True,False,12.605225086212158,adaptive_brake,0.0284011214971542,2.599031925201416,0.3753561377525329,0.01607420639286592,0.1284094005823135,0.03172714688235452,0.23161392391889918,qp_event_allocator_m1_eta0p496_seededdose_m1_eta0p496_r9000_seed10970014.csv
1,0.496,9000,15,10970015,dose_r9000,0,0,9000,0,True,False,12.545424461364746,adaptive_brake,0.0289607141166925,2.5397515296936017,0.385549396276474,0.01740256254922871,0.1029541343450546,0.034067526915337716,0.22843332452540216,qp_event_allocator_m1_eta0p496_seededdose_m1_eta0p496_r9000_seed10970015.csv
1,0.496,9000,16,10970016,dose_r9000,0,0,9000,0,True,False,12.825647592544556,adaptive_brake,0.0252433530986309,2.6223208904266357,0.3994374275207519,0.015754737126100028,0.1298880726099014,0.03232838598136754,0.20438707123997432,qp_event_allocator_m1_eta0p496_seededdose_m1_eta0p496_r9000_seed10970016.csv
1,0.496,9000,17,10970017,dose_r9000,0,0,9000,0,True,False,12.766070365905762,adaptive_brake,0.0268368273973464,2.6598732471466064,0.3800626993179321,0.014080960285631232,0.139116883277893,0.03188714312023118,0.22665896359153992,qp_event_allocator_m1_eta0p496_seededdose_m1_eta0p496_r9000_seed10970017.csv
1,0.496,9000,18,10970018,dose_r9000,0,0,9000,0,True,False,12.383953332901,adaptive_brake,0.0248441249132156,2.6001245975494367,0.3959228694438934,0.015799788188256905,0.1086128801107406,0.031246773448714345,0.2571567748692127,qp_event_allocator_m1_eta0p496_seededdose_m1_eta0p496_r9000_seed10970018.csv
1,0.496,9000,19,10970019,dose_r9000,0,0,9000,0,True,False,12.644294500350952,adaptive_brake,0.025334583595395,2.6211891174316406,0.3766539990901947,0.015041571600939958,0.1145180314779281,0.030482200999104394,0.24604267046552183,qp_event_allocator_m1_eta0p496_seededdose_m1_eta0p496_r9000_seed10970019.csv
1,0.496,9000,20,10970020,dose_r9000,0,0,9000,0,True,False,12.687216520309448,adaptive_brake,0.0229472257196903,2.681083917617798,0.364176481962204,0.011836786804267198,0.0921303778886795,0.03214130857691088,0.2313388608882634,qp_event_allocator_m1_eta0p496_seededdose_m1_eta0p496_r9000_seed10970020.csv
1,0.496,9000,21,10970021,dose_r9000,0,0,9000,0,True,False,12.604838132858276,adaptive_brake,0.0232425592839717,2.620033025741577,0.3828513324260711,0.013938318373877502,0.0891970917582511,0.03273835566538419,0.23065702433564306,qp_event_allocator_m1_eta0p496_seededdose_m1_eta0p496_r9000_seed10970021.csv
1,0.496,9000,22,10970022,dose_r9000,0,0,9000,0,True,False,12.446908235549929,adaptive_brake,0.0264322943985462,2.5795168876647967,0.3822990953922272,0.015584590099341846,0.0889763459563255,0.03189438948289577,0.23844899289681357,qp_event_allocator_m1_eta0p496_seededdose_m1_eta0p496_r9000_seed10970022.csv
1,0.496,9000,23,10970023,dose_r9000,0,0,9000,0,True,False,12.43207550048828,adaptive_brake,0.0288081597536802,2.5669491291046107,0.403497040271759,0.014030137415716772,0.2813811004161834,0.03376593139885676,0.2082955261064702,qp_event_allocator_m1_eta0p496_seededdose_m1_eta0p496_r9000_seed10970023.csv
1,0.496,9000,24,10970024,dose_r9000,0,0,9000,0,True,False,12.664934158325195,adaptive_brake,0.0273475218564271,2.6019701957702637,0.3937177062034607,0.01447880308442779,0.1041864231228828,0.03168702320573894,0.22057338469326593,qp_event_allocator_m1_eta0p496_seededdose_m1_eta0p496_r9000_seed10970024.csv
1,0.496,9000,25,10970025,dose_r9000,0,0,9000,0,True,False,12.526066064834597,adaptive_brake,0.022326111793518,2.5797536373138445,0.3860399127006531,0.015311053675218268,0.1018211618065834,0.0328357059962539,0.25049481244217475,qp_event_allocator_m1_eta0p496_seededdose_m1_eta0p496_r9000_seed10970025.csv
1,0.496,9000,26,10970026,dose_r9000,0,0,9000,0,True,False,12.325674057006836,adaptive_brake,0.0287719722837209,2.5600061416625977,0.3899180293083191,0.0159280837481017,0.1289675533771515,0.03348387463200216,0.2123562829063498,qp_event_allocator_m1_eta0p496_seededdose_m1_eta0p496_r9000_seed10970026.csv
1,0.496,9000,27,10970027,dose_r9000,0,0,9000,0,True,False,12.603259325027466,adaptive_brake,0.0251652859151363,2.639225244522093,0.3829082250595093,0.014622193030556865,0.1284583359956741,0.03037732351515505,0.24664238323661566,qp_event_allocator_m1_eta0p496_seededdose_m1_eta0p496_r9000_seed10970027.csv
1,0.496,9000,28,10970028,dose_r9000,0,0,9000,0,True,False,12.648150444030762,adaptive_brake,0.0263322405517101,2.6421072483062744,0.3812873661518097,0.014796151724389488,0.1359411031007766,0.030483503067476086,0.24837594719030623,qp_event_allocator_m1_eta0p496_seededdose_m1_eta0p496_r9000_seed10970028.csv
1,0.496,9000,29,10970029,dose_r9000,0,0,9000,0,True,False,12.506638288497925,adaptive_brake,0.0242215283215045,2.6200323104858416,0.3854166567325592,0.015194181615188427,0.126532033085823,0.031393811298362634,0.2735902049117623,qp_event_allocator_m1_eta0p496_seededdose_m1_eta0p496_r9000_seed10970029.csv
1,0.496,9000,30,10970030,dose_r9000,0,0,9000,0,True,False,12.691307067871094,adaptive_brake,0.0281231012195348,2.659942865371704,0.379031777381897,0.015265599872133327,0.1645799577236175,0.03305943669173822,0.21651155010955983,qp_event_allocator_m1_eta0p496_seededdose_m1_eta0p496_r9000_seed10970030.csv
1,0.496,10000,1,11070001,dose_r10000,0,0,10000,0,True,True,12.906802892684937,adaptive_brake,0.029562335461378,2.79980731010437,0.3270373940467834,0.01686414078601716,0.1717873364686966,0.027803160812687713,0.27727210796774826,qp_event_allocator_m1_eta0p496_seededdose_m1_eta0p496_r10000_seed11070001.csv
1,0.496,10000,2,11070002,dose_r10000,0,0,10000,0,True,False,12.904389142990112,adaptive_brake,0.0288434159010648,2.8402442932128906,0.3519695401191711,0.016135098230789832,0.1584736555814743,0.02698016018917592,0.25391639678630085,qp_event_allocator_m1_eta0p496_seededdose_m1_eta0p496_r10000_seed11070002.csv
1,0.496,10000,3,11070003,dose_r10000,0,0,10000,0,True,False,12.563490152359009,adaptive_brake,0.0285635069012641,2.7389769554138184,0.3645693659782409,0.015872105302852987,0.0852482169866561,0.02814387464448117,0.25397661640445474,qp_event_allocator_m1_eta0p496_seededdose_m1_eta0p496_r10000_seed11070003.csv
1,0.496,10000,4,11070004,dose_r10000,0,0,10000,0,True,False,12.904726028442385,adaptive_brake,0.0270378794521093,2.780064582824709,0.3666137456893921,0.016248773869363096,0.118168219923973,0.028335245499666272,0.25780490369765485,qp_event_allocator_m1_eta0p496_seededdose_m1_eta0p496_r10000_seed11070004.csv
1,0.496,10000,5,11070005,dose_r10000,0,0,10000,0,True,False,12.523968935012816,adaptive_brake,0.0297173429280519,2.7405593395233137,0.3514763712882995,0.017613480042548046,0.1259936839342117,0.02859212250342274,0.25896076032308085,qp_event_allocator_m1_eta0p496_seededdose_m1_eta0p496_r10000_seed11070005.csv
1,0.496,10000,6,11070006,dose_r10000,0,0,10000,0,True,False,12.58779764175415,adaptive_brake,0.0238750576972961,2.7422828674316406,0.364217609167099,0.017555525315661995,0.1216616705060005,0.028616941100432055,0.2806402524755593,qp_event_allocator_m1_eta0p496_seededdose_m1_eta0p496_r10000_seed11070006.csv
1,0.496,10000,7,11070007,dose_r10000,0,0,10000,0,True,False,12.779173374176024,adaptive_brake,0.0285873617976903,2.721131324768063,0.3671142160892486,0.019159797122099666,0.1546554714441299,0.030082293259645593,0.2586691236511429,qp_event_allocator_m1_eta0p496_seededdose_m1_eta0p496_r10000_seed11070007.csv
1,0.496,10000,8,11070008,dose_r10000,0,0,10000,0,True,False,12.545854091644289,adaptive_brake,0.0278984270989894,2.700160503387453,0.3679386377334595,0.018440806064131166,0.1163789480924606,0.029250910396337905,0.23959198349043193,qp_event_allocator_m1_eta0p496_seededdose_m1_eta0p496_r10000_seed11070008.csv
1,0.496,10000,9,11070009,dose_r10000,0,0,10000,0,True,False,12.647111654281616,adaptive_brake,0.0253202561289072,2.841219425201416,0.3532835245132446,0.015471132174414514,0.1537389457225799,0.02699179847146553,0.27810164661850395,qp_event_allocator_m1_eta0p496_seededdose_m1_eta0p496_r10000_seed11070009.csv
1,0.496,10000,10,11070010,dose_r10000,0,0,10000,0,True,False,12.60625171661377,adaptive_brake,0.0229950528591871,2.742436647415161,0.366026759147644,0.017358001687289105,0.1291532963514328,0.02765526559854108,0.2809184755228845,qp_event_allocator_m1_eta0p496_seededdose_m1_eta0p496_r10000_seed11070010.csv
1,0.496,10000,11,11070011,dose_r10000,0,0,10000,0,True,True,12.866359949111938,adaptive_brake,0.0283121075481176,2.8613998889923113,0.3483700454235077,0.01722052711812997,0.2033318728208542,0.027422701178333994,0.27815451406898756,qp_event_allocator_m1_eta0p496_seededdose_m1_eta0p496_r10000_seed11070011.csv
1,0.496,10000,12,11070012,dose_r10000,0,0,10000,0,True,False,12.690671682357788,adaptive_brake,0.0299669187515974,2.759960889816284,0.3553840816020965,0.018253181452524057,0.1559056937694549,0.027243838777264866,0.27587195477766496,qp_event_allocator_m1_eta0p496_seededdose_m1_eta0p496_r10000_seed11070012.csv
1,0.496,10000,13,11070013,dose_r10000,0,0,10000,0,True,False,12.50472116470337,adaptive_brake,0.0230618212372064,2.7191050052642805,0.358080118894577,0.01829340663716732,0.1324446052312851,0.03058763606921836,0.2647001158654873,qp_event_allocator_m1_eta0p496_seededdose_m1_eta0p496_r10000_seed11070013.csv
1,0.496,10000,14,11070014,dose_r10000,0,0,10000,0,True,False,12.826522588729858,adaptive_brake,0.0250324998050928,2.579746961593628,0.361676812171936,0.021594716352722275,0.0810327380895614,0.03062424455864843,0.24523158100454295,qp_event_allocator_m1_eta0p496_seededdose_m1_eta0p496_r10000_seed11070014.csv
1,0.496,10000,15,11070015,dose_r10000,0,0,10000,0,True,False,12.926162481307983,adaptive_brake,0.0263058356940746,2.7397961616516113,0.3581419885158539,0.01968800233193949,0.1838556975126266,0.029518690285555427,0.2852839675919676,qp_event_allocator_m1_eta0p496_seededdose_m1_eta0p496_r10000_seed11070015.csv
1,0.496,10000,16,11070016,dose_r10000,0,0,10000,0,True,False,12.744297742843628,adaptive_brake,0.0232073683291673,2.7788236141204834,0.3633715510368347,0.01769751399053861,0.1537842005491256,0.02747153805425869,0.2281210207518338,qp_event_allocator_m1_eta0p496_seededdose_m1_eta0p496_r10000_seed11070016.csv
1,0.496,10000,17,11070017,dose_r10000,0,0,10000,0,True,False,12.707412004470823,adaptive_brake,0.0271049030125141,2.7600195407867414,0.3501894176006317,0.01908880787495928,0.179782286286354,0.027781496909500495,0.2706101665312193,qp_event_allocator_m1_eta0p496_seededdose_m1_eta0p496_r10000_seed11070017.csv
1,0.496,10000,18,11070018,dose_r10000,0,0,10000,0,True,False,12.89232301712036,adaptive_brake,0.0260758996009826,2.719934701919554,0.3759196996688843,0.017879395149425135,0.1286352574825287,0.029617439518817748,0.2646730153470663,qp_event_allocator_m1_eta0p496_seededdose_m1_eta0p496_r10000_seed11070018.csv
1,0.496,10000,19,11070019,dose_r10000,0,0,10000,0,True,False,12.90877389907837,adaptive_brake,0.0231131445616483,2.7189981937408447,0.3673239946365356,0.018444925815244803,0.1315421164035797,0.0291122896488107,0.27152473976845615,qp_event_allocator_m1_eta0p496_seededdose_m1_eta0p496_r10000_seed11070019.csv
1,0.496,10000,20,11070020,dose_r10000,0,0,10000,0,True,False,12.965221643447876,adaptive_brake,0.027697117999196,2.719935178756714,0.3617107272148132,0.019586503093720658,0.1641795486211776,0.029058705067970526,0.26924143022040287,qp_event_allocator_m1_eta0p496_seededdose_m1_eta0p496_r10000_seed11070020.csv
1,0.496,10000,21,11070021,dose_r10000,0,0,10000,0,True,False,12.724695444107056,adaptive_brake,0.0241418424993753,2.759911060333252,0.3667201995849609,0.017033859272970766,0.1319399178028106,0.02775006787211523,0.2200231672265933,qp_event_allocator_m1_eta0p496_seededdose_m1_eta0p496_r10000_seed11070021.csv
1,0.496,10000,22,11070022,dose_r10000,0,0,10000,0,True,False,12.969493865966797,adaptive_brake,0.0271898750215768,2.806234359741211,0.3666228353977203,0.012890661805418195,0.0409698374569416,0.026124006590511853,0.2453794667731122,qp_event_allocator_m1_eta0p496_seededdose_m1_eta0p496_r10000_seed11070022.csv
1,0.496,10000,23,11070023,dose_r10000,0,0,10000,0,True,False,12.92461919784546,adaptive_brake,0.0252880919724702,2.7009325027465856,0.3624954223632812,0.018166689022963447,0.1243749409914016,0.031488450740140075,0.2563043415789146,qp_event_allocator_m1_eta0p496_seededdose_m1_eta0p496_r10000_seed11070023.csv
1,0.496,10000,24,11070024,dose_r10000,0,0,10000,0,True,False,12.90857434272766,adaptive_brake,0.0277608130127191,2.6632761955261213,0.3688158988952636,0.019595845287110458,0.1025216877460479,0.029763463114307488,0.2273441372712674,qp_event_allocator_m1_eta0p496_seededdose_m1_eta0p496_r10000_seed11070024.csv
1,0.496,10000,25,11070025,dose_r10000,0,0,10000,0,True,False,12.584835529327393,adaptive_brake,0.027473110705614,2.719810724258423,0.3636138141155243,0.018692957369948953,0.139002189040184,0.030040930378244967,0.2507173583637279,qp_event_allocator_m1_eta0p496_seededdose_m1_eta0p496_r10000_seed11070025.csv
1,0.496,10000,26,11070026,dose_r10000,0,0,10000,0,True,False,12.769278049468994,adaptive_brake,0.0242377370595932,2.739078521728514,0.3683726191520691,0.016720616001360832,0.1086779981851577,0.030922318112377337,0.22953568065476357,qp_event_allocator_m1_eta0p496_seededdose_m1_eta0p496_r10000_seed11070026.csv
1,0.496,10000,27,11070027,dose_r10000,0,0,10000,0,True,False,12.82378315925598,adaptive_brake,0.0296585783362388,2.7401337623596174,0.3635792732238769,0.01953529738216199,0.1871002912521362,0.02908889035145873,0.2822489170080043,qp_event_allocator_m1_eta0p496_seededdose_m1_eta0p496_r10000_seed11070027.csv
1,0.496,10000,28,11070028,dose_r10000,0,0,10000,0,True,False,12.504444599151611,adaptive_brake,0.0275227576494216,2.7200918197631836,0.3598114550113678,0.019483971886709348,0.1752471625804901,0.030966008484688563,0.2667793819934629,qp_event_allocator_m1_eta0p496_seededdose_m1_eta0p496_r10000_seed11070028.csv
1,0.496,10000,29,11070029,dose_r10000,0,0,10000,0,True,False,12.685461044311523,adaptive_brake,0.0267557334154844,2.7200663089752197,0.3817570507526397,0.01970456028951336,0.1699671596288681,0.029131784222793042,0.26738849096166345,qp_event_allocator_m1_eta0p496_seededdose_m1_eta0p496_r10000_seed11070029.csv
1,0.496,10000,30,11070030,dose_r10000,0,0,10000,0,True,False,12.88381838798523,adaptive_brake,0.0288281980901956,2.739013910293579,0.3709887564182281,0.017489259146698435,0.131907045841217,0.028143950989707237,0.21843964796521415,qp_event_allocator_m1_eta0p496_seededdose_m1_eta0p496_r10000_seed11070030.csv
1,0.496,11000,1,11170001,dose_r11000,0,0,11000,0,True,True,13.122856378555298,adaptive_brake,0.0269334334880113,2.884025812149048,0.3464275598526001,0.021224768512254504,0.1103095188736915,0.026082038561387157,0.29260302784124853,qp_event_allocator_m1_eta0p496_seededdose_m1_eta0p496_r11000_seed11170001.csv
1,0.496,11000,2,11170002,dose_r11000,0,0,11000,0,True,True,12.664489984512327,adaptive_brake,0.0285175070166587,2.8599705696105957,0.3482619225978851,0.020622153574282397,0.1430907547473907,0.025874547341170093,0.2907829996804911,qp_event_allocator_m1_eta0p496_seededdose_m1_eta0p496_r11000_seed11170002.csv
1,0.496,11000,3,11170003,dose_r11000,0,0,11000,0,True,False,13.167249917984009,adaptive_brake,0.0255257673561573,2.923203468322752,0.3550005555152893,0.019605780880144794,0.1883693933486938,0.025722959819740862,0.26616741503361474,qp_event_allocator_m1_eta0p496_seededdose_m1_eta0p496_r11000_seed11170003.csv
1,0.496,11000,4,11170004,dose_r11000,0,0,11000,0,True,True,13.10842490196228,adaptive_brake,0.0284965578466653,2.8830068111419678,0.335160344839096,0.018674232982927978,0.1145186573266983,0.025699154157682858,0.27674678020585636,qp_event_allocator_m1_eta0p496_seededdose_m1_eta0p496_r11000_seed11170004.csv
1,0.496,11000,5,11170005,dose_r11000,0,0,11000,0,True,False,13.05274486541748,adaptive_brake,0.0242114514112472,2.840877056121826,0.3521233797073364,0.018672856283554473,0.0876907035708427,0.027899777308496954,0.29301867891053157,qp_event_allocator_m1_eta0p496_seededdose_m1_eta0p496_r11000_seed11170005.csv
1,0.496,11000,6,11170006,dose_r11000,0,0,11000,0,True,False,13.004056692123411,adaptive_brake,0.0245733000338077,2.9386634826660156,0.357094794511795,0.019117762239908458,0.1504560112953186,0.02588498291779098,0.28341483370406734,qp_event_allocator_m1_eta0p496_seededdose_m1_eta0p496_r11000_seed11170006.csv
1,0.496,11000,7,11170007,dose_r11000,0,0,11000,0,True,False,12.611638069152832,adaptive_brake,0.0261397659778594,2.838977336883543,0.3502683341503143,0.021516380523557397,0.1488282531499862,0.02840758221594221,0.2579634093180861,qp_event_allocator_m1_eta0p496_seededdose_m1_eta0p496_r11000_seed11170007.csv
1,0.496,11000,8,11170008,dose_r11000,0,0,11000,0,True,True,13.206167459487917,adaptive_brake,0.0275186002254486,3.001118421554567,0.3402921259403229,0.01683216588517604,0.2006914317607879,0.0243511348964363,0.25243687010266924,qp_event_allocator_m1_eta0p496_seededdose_m1_eta0p496_r11000_seed11170008.csv
1,0.496,11000,9,11170009,dose_r11000,0,0,11000,0,True,False,12.86443543434143,adaptive_brake,0.0293513536453247,2.938993215560913,0.3506478369235992,0.01804712683713352,0.1659949868917465,0.025707787596688573,0.28049228534403997,qp_event_allocator_m1_eta0p496_seededdose_m1_eta0p496_r11000_seed11170009.csv
1,0.496,11000,10,11170010,dose_r11000,0,0,11000,0,True,False,12.71021008491516,adaptive_brake,0.029420893639326,2.925108909606932,0.3857806622982025,0.0196523585088798,0.0790283232927322,0.024858813496371805,0.2999380308678842,qp_event_allocator_m1_eta0p496_seededdose_m1_eta0p496_r11000_seed11170010.csv
1,0.496,11000,11,11170011,dose_r11000,0,0,11000,0,True,True,12.827422142028809,adaptive_brake,0.0269948840141296,2.8810513019561768,0.3383712470531463,0.020166265990572606,0.153186485171318,0.02671822852738736,0.29480927835604775,qp_event_allocator_m1_eta0p496_seededdose_m1_eta0p496_r11000_seed11170011.csv
1,0.496,11000,12,11170012,dose_r11000,0,0,11000,0,True,False,12.753234624862673,adaptive_brake,0.0281840804964303,2.8801920413970965,0.3567400872707367,0.019270925933345815,0.1232916191220283,0.025792809425030747,0.27087417924042756,qp_event_allocator_m1_eta0p496_seededdose_m1_eta0p496_r11000_seed11170012.csv
1,0.496,11000,13,11170013,dose_r11000,0,0,11000,0,True,False,12.851351737976074,adaptive_brake,0.0293973237276077,2.783989667892456,0.3596387505531311,0.02113966520547711,0.1075596064329147,0.028222713434330735,0.3055682995535391,qp_event_allocator_m1_eta0p496_seededdose_m1_eta0p496_r11000_seed11170013.csv
1,0.496,11000,14,11170014,dose_r11000,0,0,11000,0,True,False,12.627667903900146,adaptive_brake,0.0276861060410738,2.859910488128662,0.351904422044754,0.019781701041991374,0.1276506930589676,0.02683471350026951,0.25891519426332776,qp_event_allocator_m1_eta0p496_seededdose_m1_eta0p496_r11000_seed11170014.csv
1,0.496,11000,15,11170015,dose_r11000,0,0,11000,0,True,False,12.864758014678957,adaptive_brake,0.0246467385441064,2.8800487518310565,0.3516524732112884,0.016959904903520492,0.0893739163875579,0.027600922285050292,0.26222758709058697,qp_event_allocator_m1_eta0p496_seededdose_m1_eta0p496_r11000_seed11170015.csv
1,0.496,11000,16,11170016,dose_r11000,0,0,11000,0,True,True,12.82491898536682,adaptive_brake,0.0249910689890384,2.8599431514739972,0.3489950299263,0.018976267595119244,0.1025732234120369,0.028418223870922188,0.27859429086220133,qp_event_allocator_m1_eta0p496_seededdose_m1_eta0p496_r11000_seed11170016.csv
1,0.496,11000,17,11170017,dose_r11000,0,0,11000,0,True,False,13.070683479309082,adaptive_brake,0.0256479103118181,2.8800854682922363,0.3542240858078003,0.018997208699851234,0.1080360189080238,0.026974268217913794,0.2808841851857272,qp_event_allocator_m1_eta0p496_seededdose_m1_eta0p496_r11000_seed11170017.csv
1,0.496,11000,18,11170018,dose_r11000,0,0,11000,0,True,True,12.924952507019045,adaptive_brake,0.029533177614212,2.9597468376159686,0.3371924757957458,0.018403905970533804,0.2094866335391998,0.025582747989388883,0.26370566102954335,qp_event_allocator_m1_eta0p496_seededdose_m1_eta0p496_r11000_seed11170018.csv
1,0.496,11000,19,11170019,dose_r11000,0,0,11000,0,True,True,12.80551052093506,adaptive_brake,0.0255247242748737,2.959935903549196,0.340711772441864,0.01604181224758887,0.1729713380336761,0.02585946176750597,0.2787348391936378,qp_event_allocator_m1_eta0p496_seededdose_m1_eta0p496_r11000_seed11170019.csv
1,0.496,11000,20,11170020,dose_r11000,0,0,11000,0,True,True,12.96738076210022,adaptive_brake,0.02554726973176,2.8609800338745117,0.3417222797870636,0.019479478561706804,0.1203976199030876,0.028915804657173305,0.2603019707342119,qp_event_allocator_m1_eta0p496_seededdose_m1_eta0p496_r11000_seed11170020.csv
1,0.496,11000,21,11170021,dose_r11000,0,0,11000,0,True,True,12.707373142242432,adaptive_brake,0.0258464161306619,2.7418768405914324,0.3469018340110779,0.02417015185576878,0.1588607430458068,0.028690515008550566,0.2830298674474501,qp_event_allocator_m1_eta0p496_seededdose_m1_eta0p496_r11000_seed11170021.csv
1,0.496,11000,22,11170022,dose_r11000,0,0,11000,0,True,False,13.025764465332031,adaptive_brake,0.0291482005268335,2.7808496952056867,0.3622132539749145,0.020848686297908574,0.1147656515240669,0.02886125725793028,0.2715712456212745,qp_event_allocator_m1_eta0p496_seededdose_m1_eta0p496_r11000_seed11170022.csv
1,0.496,11000,23,11170023,dose_r11000,0,0,11000,0,True,False,13.024465799331663,adaptive_brake,0.0257542189210653,2.760119915008543,0.3626236319541931,0.024172265375059548,0.1598103046417236,0.027218428615162795,0.27751454236746664,qp_event_allocator_m1_eta0p496_seededdose_m1_eta0p496_r11000_seed11170023.csv
1,0.496,11000,24,11170024,dose_r11000,0,0,11000,0,True,False,13.138980865478516,adaptive_brake,0.0298726391047239,2.879020929336548,0.3551054000854492,0.017989055402538583,0.0821375101804733,0.026700970362885268,0.2899380523935934,qp_event_allocator_m1_eta0p496_seededdose_m1_eta0p496_r11000_seed11170024.csv
1,0.496,11000,25,11170025,dose_r11000,0,0,11000,0,True,True,13.74764347076416,adaptive_brake,0.0251655597239732,3.5020251274108887,0.2469284236431121,0.017454003333292147,0.299441933631897,0.019900661275990283,0.3508926885899741,qp_event_allocator_m1_eta0p496_seededdose_m1_eta0p496_r11000_seed11170025.csv
1,0.496,11000,26,11170026,dose_r11000,0,0,11000,0,True,False,12.784061670303345,adaptive_brake,0.0278154704719781,2.880061149597168,0.3549054265022278,0.016701082162560624,0.0694112554192543,0.02621493057446377,0.2698993935194259,qp_event_allocator_m1_eta0p496_seededdose_m1_eta0p496_r11000_seed11170026.csv
1,0.496,11000,27,11170027,dose_r11000,0,0,11000,0,True,False,12.92662477493286,adaptive_brake,0.029789013788104,2.899051427841183,0.3539508283138275,0.018241827638472208,0.1148407980799675,0.023926352460926042,0.25283175741735564,qp_event_allocator_m1_eta0p496_seededdose_m1_eta0p496_r11000_seed11170027.csv
1,0.496,11000,28,11170028,dose_r11000,0,0,11000,0,True,True,12.884145498275757,adaptive_brake,0.0289504658430814,2.8589415550231934,0.3366832733154297,0.020512327510347362,0.139761745929718,0.026112940887142867,0.2915441281953613,qp_event_allocator_m1_eta0p496_seededdose_m1_eta0p496_r11000_seed11170028.csv
1,0.496,11000,29,11170029,dose_r11000,0,0,11000,0,True,True,12.89069962501526,adaptive_brake,0.0251429043710231,2.860105752944948,0.3486545383930206,0.019882608425777434,0.1257053911685943,0.026394649364257,0.26423430111778734,qp_event_allocator_m1_eta0p496_seededdose_m1_eta0p496_r11000_seed11170029.csv
1,0.496,11000,30,11170030,dose_r11000,0,0,11000,0,True,False,12.703357458114624,adaptive_brake,0.0289224330335855,2.7999141216278076,0.3538321852684021,0.02213699027045829,0.1512227207422256,0.02719984889271679,0.2769044137391623,qp_event_allocator_m1_eta0p496_seededdose_m1_eta0p496_r11000_seed11170030.csv
1,0.496,12000,1,11270001,dose_r12000,0,0,12000,0,True,True,13.00509786605835,adaptive_brake,0.0242947880178689,3.0190746784210223,0.3316808938980102,0.020016919203245085,0.1730453968048095,0.02433525462534789,0.3144010518785827,qp_event_allocator_m1_eta0p496_seededdose_m1_eta0p496_r12000_seed11270001.csv
1,0.496,12000,2,11270002,dose_r12000,0,0,12000,0,True,True,13.165441036224363,adaptive_brake,0.0237114746123552,3.080681324005125,0.3274742364883423,0.02013681260178463,0.1869143694639206,0.022149451013802276,0.3296416463228005,qp_event_allocator_m1_eta0p496_seededdose_m1_eta0p496_r12000_seed11270002.csv
1,0.496,12000,3,11270003,dose_r12000,0,0,12000,0,True,True,12.9645414352417,adaptive_brake,0.022988773882389,3.118975877761841,0.349921852350235,0.017663442426177275,0.120640680193901,0.023203101711861684,0.29356432573129293,qp_event_allocator_m1_eta0p496_seededdose_m1_eta0p496_r12000_seed11270003.csv
1,0.496,12000,4,11270004,dose_r12000,0,0,12000,0,True,True,13.302870750427246,adaptive_brake,0.0258869286626577,3.076988935470583,0.3352091908454895,0.020319255560145993,0.1823388040065765,0.02216985834990472,0.28780851530979623,qp_event_allocator_m1_eta0p496_seededdose_m1_eta0p496_r12000_seed11270004.csv
1,0.496,12000,5,11270005,dose_r12000,0,0,12000,0,True,True,12.844670295715332,adaptive_brake,0.0245187934488058,3.080998420715332,0.3412828743457794,0.018831425108273393,0.1760057806968689,0.02445631240421361,0.29364656266231637,qp_event_allocator_m1_eta0p496_seededdose_m1_eta0p496_r12000_seed11270005.csv
1,0.496,12000,6,11270006,dose_r12000,0,0,12000,0,True,False,13.064323425292969,adaptive_brake,0.0271317791193723,3.0389318466186523,0.3726537823677063,0.04100511286387381,0.5353489518165588,0.023602318866937495,0.3940452533995103,qp_event_allocator_m1_eta0p496_seededdose_m1_eta0p496_r12000_seed11270006.csv
1,0.496,12000,7,11270007,dose_r12000,0,0,12000,0,True,True,12.966769218444824,adaptive_brake,0.0274843387305736,3.1000986099243164,0.3462961912155151,0.01661200280880709,0.1071804165840148,0.023338787890765742,0.25233566291414,qp_event_allocator_m1_eta0p496_seededdose_m1_eta0p496_r12000_seed11270007.csv
1,0.496,12000,8,11270008,dose_r12000,0,0,12000,0,True,True,12.986254453659058,adaptive_brake,0.0255416221916675,3.159958124160765,0.3331219851970672,0.01915320196295335,0.1724593937397003,0.022166682541715475,0.30303718889164616,qp_event_allocator_m1_eta0p496_seededdose_m1_eta0p496_r12000_seed11270008.csv
1,0.496,12000,9,11270009,dose_r12000,0,0,12000,0,True,False,13.08428430557251,adaptive_brake,0.0241242870688438,3.08006000518799,0.35451340675354,0.018176454302372604,0.1055772006511688,0.0231669792642327,0.28982327851911,qp_event_allocator_m1_eta0p496_seededdose_m1_eta0p496_r12000_seed11270009.csv
1,0.496,12000,10,11270010,dose_r12000,0,0,12000,0,True,True,12.86739730834961,adaptive_brake,0.0236651301383972,3.0796213150024414,0.3351134955883026,0.019560518423684937,0.162907212972641,0.023347372011817677,0.25863764572163167,qp_event_allocator_m1_eta0p496_seededdose_m1_eta0p496_r12000_seed11270010.csv
1,0.496,12000,11,11270011,dose_r12000,0,0,12000,0,True,True,13.007654666900637,adaptive_brake,0.02625591494143,3.200220346450809,0.3096363544464111,0.020142864929851217,0.2165734767913818,0.021804442577750736,0.33795631567159623,qp_event_allocator_m1_eta0p496_seededdose_m1_eta0p496_r12000_seed11270011.csv
1,0.496,12000,12,11270012,dose_r12000,0,0,12000,0,True,True,12.966689109802246,adaptive_brake,0.0292426105588674,3.080965995788574,0.3343655169010162,0.020168703875560263,0.1872139871120453,0.023424893918631548,0.28037784938120314,qp_event_allocator_m1_eta0p496_seededdose_m1_eta0p496_r12000_seed11270012.csv
1,0.496,12000,13,11270013,dose_r12000,0,0,12000,0,True,True,12.885013341903688,adaptive_brake,0.0260301325470209,3.01910972595215,0.3435494005680084,0.018300618079346173,0.1156250387430191,0.02556080931353728,0.2842102892704411,qp_event_allocator_m1_eta0p496_seededdose_m1_eta0p496_r12000_seed11270013.csv
1,0.496,12000,14,11270014,dose_r12000,0,0,12000,0,True,True,12.86379098892212,adaptive_brake,0.0225046891719102,3.0588059425353986,0.3329716026782989,0.01981818854648611,0.1631834506988525,0.023505731469782767,0.30280132175361046,qp_event_allocator_m1_eta0p496_seededdose_m1_eta0p496_r12000_seed11270014.csv
1,0.496,12000,15,11270015,dose_r12000,0,0,12000,0,True,True,12.870665311813354,adaptive_brake,0.0280062947422266,3.0801408290863037,0.3405161499977112,0.019102163569127376,0.1465284973382949,0.022284870128101042,0.28480205203824727,qp_event_allocator_m1_eta0p496_seededdose_m1_eta0p496_r12000_seed11270015.csv
1,0.496,12000,16,11270016,dose_r12000,0,0,12000,0,True,True,13.044755458831789,adaptive_brake,0.0258319657295942,3.179789066314699,0.3227555155754089,0.019034993388712007,0.1816687434911728,0.024147240577586302,0.31189329496653256,qp_event_allocator_m1_eta0p496_seededdose_m1_eta0p496_r12000_seed11270016.csv
1,0.496,12000,17,11270017,dose_r12000,0,0,12000,0,True,True,12.987528085708618,adaptive_brake,0.0239442605525255,3.1009953022003174,0.3413987755775451,0.019939895322750537,0.1597815155982971,0.022370504510682513,0.26788564499430756,qp_event_allocator_m1_eta0p496_seededdose_m1_eta0p496_r12000_seed11270017.csv
1,0.496,12000,18,11270018,dose_r12000,0,0,12000,0,True,True,13.143383979797363,adaptive_brake,0.0259224884212017,3.1391012668609637,0.3386336266994476,0.01795846002080128,0.1410974115133285,0.022499583293367067,0.3123522862482148,qp_event_allocator_m1_eta0p496_seededdose_m1_eta0p496_r12000_seed11270018.csv
1,0.496,12000,19,11270019,dose_r12000,0,0,12000,0,True,True,12.906235933303831,adaptive_brake,0.0255005452781915,2.9809405803680384,0.3370006680488586,0.021140494023805575,0.1373598724603653,0.022687173930420284,0.27165181911472114,qp_event_allocator_m1_eta0p496_seededdose_m1_eta0p496_r12000_seed11270019.csv
1,0.496,12000,20,11270020,dose_r12000,0,0,12000,0,True,True,13.08936071395874,adaptive_brake,0.0292110964655876,3.1431386470794678,0.3308436870574951,0.019712152793886162,0.177169993519783,0.022871943185579266,0.3179115643885848,qp_event_allocator_m1_eta0p496_seededdose_m1_eta0p496_r12000_seed11270020.csv
1,0.496,12000,21,11270021,dose_r12000,0,0,12000,0,True,True,12.905988931655884,adaptive_brake,0.0259907692670822,3.081089973449707,0.3321888148784637,0.01960586804579453,0.1643914729356765,0.023293956561574843,0.28450270060416605,qp_event_allocator_m1_eta0p496_seededdose_m1_eta0p496_r12000_seed11270021.csv
1,0.496,12000,22,11270022,dose_r12000,0,0,12000,0,True,True,13.08712911605835,adaptive_brake,0.0288421493023633,3.1024329662323,0.3270350396633148,0.01756138817150602,0.1519660651683807,0.023099009464248896,0.2866484174800161,qp_event_allocator_m1_eta0p496_seededdose_m1_eta0p496_r12000_seed11270022.csv
1,0.496,12000,23,11270023,dose_r12000,0,0,12000,0,True,True,13.32418727874756,adaptive_brake,0.0290000736713409,3.159863710403444,0.3343468308448791,0.02006123094007715,0.1832279413938522,0.0250066563061245,0.2963256877393692,qp_event_allocator_m1_eta0p496_seededdose_m1_eta0p496_r12000_seed11270023.csv
1,0.496,12000,24,11270024,dose_r12000,0,0,12000,0,True,True,13.268101453781128,adaptive_brake,0.0270938146859407,3.0801889896392822,0.3310504555702209,0.018954225106381156,0.1641022861003875,0.023587528930557877,0.2873840533050602,qp_event_allocator_m1_eta0p496_seededdose_m1_eta0p496_r12000_seed11270024.csv
1,0.496,12000,25,11270025,dose_r12000,0,0,12000,0,True,True,13.222875833511353,adaptive_brake,0.0233176965266466,3.118720769882202,0.3221462368965149,0.019355000512649528,0.193199023604393,0.023300177507706014,0.29060791439843053,qp_event_allocator_m1_eta0p496_seededdose_m1_eta0p496_r12000_seed11270025.csv
1,0.496,12000,26,11270026,dose_r12000,0,0,12000,0,True,True,13.044014930725098,adaptive_brake,0.024667102843523,3.199153900146486,0.3386076688766479,0.017909228604327778,0.1352061778306961,0.023894540010117867,0.31387825262125896,qp_event_allocator_m1_eta0p496_seededdose_m1_eta0p496_r12000_seed11270026.csv
1,0.496,12000,27,11270027,dose_r12000,0,0,12000,0,True,True,13.0644052028656,adaptive_brake,0.0249137431383132,3.139075517654419,0.3269632458686828,0.01895022557026319,0.1679561287164688,0.02412971004761826,0.2986412511987965,qp_event_allocator_m1_eta0p496_seededdose_m1_eta0p496_r12000_seed11270027.csv
1,0.496,12000,28,11270028,dose_r12000,0,0,12000,0,True,True,13.366354703903198,adaptive_brake,0.0259009283035993,3.1619813442230225,0.3330824375152588,0.019497829000187556,0.1675425320863723,0.022476634708972293,0.3180043421678081,qp_event_allocator_m1_eta0p496_seededdose_m1_eta0p496_r12000_seed11270028.csv
1,0.496,12000,29,11270029,dose_r12000,0,0,12000,0,True,True,13.125215530395508,adaptive_brake,0.0257576219737529,3.1187100410461444,0.3340507447719574,0.020398365983938918,0.1876620352268219,0.023528666287617024,0.2972379659981601,qp_event_allocator_m1_eta0p496_seededdose_m1_eta0p496_r12000_seed11270029.csv
1,0.496,12000,30,11270030,dose_r12000,0,0,12000,0,True,True,13.226410150527954,adaptive_brake,0.0275392848998308,3.082030773162842,0.3272606134414673,0.021908896575827078,0.221131756901741,0.023206985076897023,0.3523041526356347,qp_event_allocator_m1_eta0p496_seededdose_m1_eta0p496_r12000_seed11270030.csv
1,0.496,13000,1,11370001,dose_r13000,0,0,13000,0,True,True,13.546185731887816,adaptive_brake,0.029438616707921,3.299568414688107,0.327096164226532,0.02492101331491857,0.1401880085468292,0.01861284005034423,0.3226665837596612,qp_event_allocator_m1_eta0p496_seededdose_m1_eta0p496_r13000_seed11370001.csv
1,0.496,13000,2,11370002,dose_r13000,0,0,13000,0,True,True,13.604236602783203,adaptive_brake,0.0244100913405418,3.399911642074585,0.3272305428981781,0.02228326642627709,0.0663070306181907,0.02065648692501589,0.3402162594351657,qp_event_allocator_m1_eta0p496_seededdose_m1_eta0p496_r13000_seed11370002.csv
1,0.496,13000,3,11370003,dose_r13000,0,0,13000,0,True,True,13.1849524974823,adaptive_brake,0.0256074201315641,3.4202001094818115,0.3055771589279175,0.021972731769911408,0.0959892570972442,0.019202043694735983,0.3453791957898851,qp_event_allocator_m1_eta0p496_seededdose_m1_eta0p496_r13000_seed11370003.csv
1,0.496,13000,4,11370004,dose_r13000,0,0,13000,0,True,True,13.688978672027588,adaptive_brake,0.0248757917433977,3.4440834522247314,0.31546750664711,0.024908964204390996,0.1226107478141784,0.019347900379486846,0.3227124512014383,qp_event_allocator_m1_eta0p496_seededdose_m1_eta0p496_r13000_seed11370004.csv
1,0.496,13000,5,11370005,dose_r13000,0,0,13000,0,True,True,13.624794721603394,adaptive_brake,0.02365661598742,3.4000155925750732,0.3298584520816803,0.022813343315470868,0.078291468322277,0.020340290443373484,0.32955145500873917,qp_event_allocator_m1_eta0p496_seededdose_m1_eta0p496_r13000_seed11370005.csv
1,0.496,13000,6,11370006,dose_r13000,0,0,13000,0,True,True,13.23143434524536,adaptive_brake,0.0289306547492742,3.3222010135650617,0.3326355814933777,0.024071483911872603,0.1130189076066017,0.021004373435142536,0.3359502057173655,qp_event_allocator_m1_eta0p496_seededdose_m1_eta0p496_r13000_seed11370006.csv
1,0.496,13000,7,11370007,dose_r13000,0,0,13000,0,True,True,13.365434646606444,adaptive_brake,0.0236449316143989,3.3612325191497803,0.3299620747566223,0.022431091756909365,0.087365411221981,0.02049361897165254,0.3086962673580277,qp_event_allocator_m1_eta0p496_seededdose_m1_eta0p496_r13000_seed11370007.csv
1,0.496,13000,8,11370008,dose_r13000,0,0,13000,0,True,True,13.1492919921875,adaptive_brake,0.0238812267780303,3.3389580249786377,0.3358603715896606,0.02381087914970572,0.1130746826529502,0.021828835546057596,0.34873945275491247,qp_event_allocator_m1_eta0p496_seededdose_m1_eta0p496_r13000_seed11370008.csv
1,0.496,13000,9,11370009,dose_r13000,0,0,13000,0,True,True,13.284351348876951,adaptive_brake,0.0233936626464128,3.378950834274292,0.3318414688110351,0.022108631725700354,0.0718705132603645,0.020821186097338486,0.33648329132719085,qp_event_allocator_m1_eta0p496_seededdose_m1_eta0p496_r13000_seed11370009.csv
1,0.496,13000,10,11370010,dose_r13000,0,0,13000,0,True,True,13.446415424346924,adaptive_brake,0.0281085390597581,3.301003932952879,0.3291751444339752,0.021872236301735726,0.098056711256504,0.022374847122765933,0.32788045019816553,qp_event_allocator_m1_eta0p496_seededdose_m1_eta0p496_r13000_seed11370010.csv
1,0.496,13000,11,11370011,dose_r13000,0,0,13000,0,True,True,13.365222930908203,adaptive_brake,0.0297234654426574,3.3010823726654053,0.318743884563446,0.022546898259857912,0.1330593824386596,0.02146450566414119,0.3528934651047747,qp_event_allocator_m1_eta0p496_seededdose_m1_eta0p496_r13000_seed11370011.csv
1,0.496,13000,12,11370012,dose_r13000,0,0,13000,0,True,True,13.069717168807983,adaptive_brake,0.0268605444580316,3.299020528793335,0.319069892168045,0.02365173345673018,0.1376798003911972,0.021960989528168603,0.3515869826157064,qp_event_allocator_m1_eta0p496_seededdose_m1_eta0p496_r13000_seed11370012.csv
1,0.496,13000,13,11370013,dose_r13000,0,0,13000,0,True,True,13.403009414672852,adaptive_brake,0.025182269513607,3.2801249027252197,0.3218305706977844,0.02423042953685742,0.1463859528303146,0.02101031893468127,0.3469844681016446,qp_event_allocator_m1_eta0p496_seededdose_m1_eta0p496_r13000_seed11370013.csv
1,0.496,13000,14,11370014,dose_r13000,0,0,13000,0,True,True,13.467092990875244,adaptive_brake,0.0282936543226242,3.3209569454193115,0.3328226506710052,0.023222117392921977,0.108909472823143,0.02046025796848842,0.31491674439789474,qp_event_allocator_m1_eta0p496_seededdose_m1_eta0p496_r13000_seed11370014.csv
1,0.496,13000,15,11370015,dose_r13000,0,0,13000,0,True,True,13.244837999343872,adaptive_brake,0.0277119893580675,3.359117269515991,0.3173914551734924,0.023242191106524965,0.1316407471895218,0.019158352886181874,0.3095878798175301,qp_event_allocator_m1_eta0p496_seededdose_m1_eta0p496_r13000_seed11370015.csv
1,0.496,13000,16,11370016,dose_r13000,0,0,13000,0,True,True,13.308580160140991,adaptive_brake,0.024160711094737,3.2220239639282227,0.3238159418106079,0.02119246994616238,0.1292271167039871,0.02069913063449376,0.2885413118696105,qp_event_allocator_m1_eta0p496_seededdose_m1_eta0p496_r13000_seed11370016.csv
1,0.496,13000,17,11370017,dose_r13000,0,0,13000,0,True,True,13.51060938835144,adaptive_brake,0.0270100440829992,3.321902275085449,0.3192485868930816,0.024412382325556516,0.1638777405023574,0.020982341076408197,0.3526345616083253,qp_event_allocator_m1_eta0p496_seededdose_m1_eta0p496_r13000_seed11370017.csv
1,0.496,13000,18,11370018,dose_r13000,0,0,13000,0,True,True,13.08417510986328,adaptive_brake,0.0285885483026504,3.3000349998474103,0.3344506323337555,0.02258970182353116,0.1073861792683601,0.020968611979033904,0.3300964256969349,qp_event_allocator_m1_eta0p496_seededdose_m1_eta0p496_r13000_seed11370018.csv
1,0.496,13000,19,11370019,dose_r13000,0,0,13000,0,True,True,13.262839794158936,adaptive_brake,0.0249701645225286,3.2398829460144043,0.3267596662044525,0.02173774692468052,0.123883381485939,0.022030648636442378,0.32222259687315014,qp_event_allocator_m1_eta0p496_seededdose_m1_eta0p496_r13000_seed11370019.csv
1,0.496,13000,20,11370020,dose_r13000,0,0,13000,0,True,True,13.42492389678955,adaptive_brake,0.0257817432284355,3.4401237964630127,0.3284493684768677,0.023278945301169574,0.073511391878128,0.019441775445999045,0.3544407967169097,qp_event_allocator_m1_eta0p496_seededdose_m1_eta0p496_r13000_seed11370020.csv
1,0.496,13000,21,11370021,dose_r13000,0,0,13000,0,True,True,13.35056734085083,adaptive_brake,0.0284319519996643,3.3842313289642334,0.3177977800369262,0.02217483573268402,0.0883048474788665,0.02089405171808291,0.32459778651454657,qp_event_allocator_m1_eta0p496_seededdose_m1_eta0p496_r13000_seed11370021.csv
1,0.496,13000,22,11370022,dose_r13000,0,0,13000,0,True,True,13.24913239479065,adaptive_brake,0.0274868421256542,3.3389663696289062,0.3317035436630249,0.021030272447005994,0.087443433701992,0.02012764538349334,0.317483157226007,qp_event_allocator_m1_eta0p496_seededdose_m1_eta0p496_r13000_seed11370022.csv
1,0.496,13000,23,11370023,dose_r13000,0,0,13000,0,True,True,13.387521266937256,adaptive_brake,0.0250452384352684,3.4198713302612322,0.3240998089313507,0.022926666613879817,0.0825470462441444,0.02061498628431386,0.29965101753275064,qp_event_allocator_m1_eta0p496_seededdose_m1_eta0p496_r13000_seed11370023.csv
1,0.496,13000,24,11370024,dose_r13000,0,0,13000,0,True,True,13.46935772895813,adaptive_brake,0.0237293429672718,3.3389251232147217,0.3408433496952057,0.021442717353373084,0.0730291083455085,0.019639179190902325,0.327181867412791,qp_event_allocator_m1_eta0p496_seededdose_m1_eta0p496_r13000_seed11370024.csv
1,0.496,13000,25,11370025,dose_r13000,0,0,13000,0,True,True,13.336187362670898,adaptive_brake,0.0264207739382982,3.360966920852663,0.3309322595596313,0.0227975843013278,0.0924993306398391,0.020813924374892993,0.3125242111520806,qp_event_allocator_m1_eta0p496_seededdose_m1_eta0p496_r13000_seed11370025.csv
1,0.496,13000,26,11370026,dose_r13000,0,0,13000,0,True,True,13.30547571182251,adaptive_brake,0.0240633394569158,3.3189737796783465,0.3246083557605743,0.02253478345503355,0.114287830889225,0.019569450634405846,0.31067565993591467,qp_event_allocator_m1_eta0p496_seededdose_m1_eta0p496_r13000_seed11370026.csv
1,0.496,13000,27,11370027,dose_r13000,0,0,13000,0,True,True,13.232397079467772,adaptive_brake,0.0288843233138322,3.381091594696043,0.3228954672813415,0.0226604003548902,0.1051542088389396,0.019289917802767644,0.31950328155075136,qp_event_allocator_m1_eta0p496_seededdose_m1_eta0p496_r13000_seed11370027.csv
1,0.496,13000,28,11370028,dose_r13000,0,0,13000,0,True,True,13.079240322113035,adaptive_brake,0.0234213136136531,3.2190108299255353,0.3385936021804809,0.021608492051466716,0.1020576357841491,0.02236994902069421,0.3534705913007589,qp_event_allocator_m1_eta0p496_seededdose_m1_eta0p496_r13000_seed11370028.csv
1,0.496,13000,29,11370029,dose_r13000,0,0,13000,0,True,True,13.349932670593262,adaptive_brake,0.0260446052998304,3.48515248298645,0.3168287575244903,0.021499298280742093,0.0610624440014362,0.01946000235943778,0.30452398354909427,qp_event_allocator_m1_eta0p496_seededdose_m1_eta0p496_r13000_seed11370029.csv
1,0.496,13000,30,11370030,dose_r13000,0,0,13000,0,True,True,13.283548831939695,adaptive_brake,0.0234504323452711,3.339016914367676,0.3235123753547668,0.022770809862587955,0.1128331497311592,0.022057212019439186,0.34259777496024907,qp_event_allocator_m1_eta0p496_seededdose_m1_eta0p496_r13000_seed11370030.csv
1,0.496,14000,1,11470001,dose_r14000,0,0,14000,0,True,True,13.544641971588137,adaptive_brake,0.0237005818635225,3.619965076446535,0.325221985578537,0.026675466915719818,0.0644626766443252,0.018410843565225737,0.3823377404293845,qp_event_allocator_m1_eta0p496_seededdose_m1_eta0p496_r14000_seed11470001.csv
1,0.496,14000,2,11470002,dose_r14000,0,0,14000,0,True,True,13.523820877075195,adaptive_brake,0.0250175520777702,3.559849739074707,0.3291205763816833,0.02629877134462111,0.0319126024842262,0.018661364349688996,0.3690189185401769,qp_event_allocator_m1_eta0p496_seededdose_m1_eta0p496_r14000_seed11470002.csv
1,0.496,14000,3,11470003,dose_r14000,0,0,14000,0,True,True,13.642868518829346,adaptive_brake,0.0280325543135404,3.679097652435301,0.3279244899749756,0.027644005910208342,0.1307122856378555,0.0170215984228624,0.3875265211460556,qp_event_allocator_m1_eta0p496_seededdose_m1_eta0p496_r14000_seed11470003.csv
1,0.496,14000,4,11470004,dose_r14000,0,0,14000,0,True,True,13.244202852249146,adaptive_brake,0.0280351210385561,3.438933849334717,0.3448848724365234,0.024867000353160754,0.070887453854084,0.019920752933090806,0.33464626162663935,qp_event_allocator_m1_eta0p496_seededdose_m1_eta0p496_r14000_seed11470004.csv
1,0.496,14000,5,11470005,dose_r14000,0,0,14000,0,True,True,14.072329759597778,adaptive_brake,0.0249307584017515,4.227874755859375,0.2752869725227356,0.015265531079653631,0.2552653849124908,0.014282887975471108,0.3741234170214319,qp_event_allocator_m1_eta0p496_seededdose_m1_eta0p496_r14000_seed11470005.csv
1,0.496,14000,6,11470006,dose_r14000,0,0,14000,0,True,True,13.657105922698976,adaptive_brake,0.0266054421663284,3.6988756656646746,0.3145636916160583,0.024865251748894066,0.0752733796834945,0.016838266028849563,0.3737988470770661,qp_event_allocator_m1_eta0p496_seededdose_m1_eta0p496_r14000_seed11470006.csv
1,0.496,14000,7,11470007,dose_r14000,0,0,14000,0,True,True,13.901723861694336,adaptive_brake,0.0236963052302598,3.7209718227386475,0.3243313729763031,0.02477461264958467,0.0935935080051422,0.016830968852663185,0.34861710781866695,qp_event_allocator_m1_eta0p496_seededdose_m1_eta0p496_r14000_seed11470007.csv
1,0.496,14000,8,11470008,dose_r14000,0,0,14000,0,True,True,13.726109743118286,adaptive_brake,0.0264097694307565,3.562164068222046,0.3339904546737671,0.02640219750834533,0.0363132990896701,0.018329758867447747,0.3641902298322024,qp_event_allocator_m1_eta0p496_seededdose_m1_eta0p496_r14000_seed11470008.csv
1,0.496,14000,9,11470009,dose_r14000,0,0,14000,0,True,True,13.485543727874756,adaptive_brake,0.0237996727228164,3.6208684444427472,0.334047257900238,0.025855134661653574,0.0491353310644626,0.018203250315145445,0.3351016253507786,qp_event_allocator_m1_eta0p496_seededdose_m1_eta0p496_r14000_seed11470009.csv
1,0.496,14000,10,11470010,dose_r14000,0,0,14000,0,True,True,13.825636625289915,adaptive_brake,0.0260445326566696,3.640901327133177,0.3255602419376373,0.02404961277991064,0.0344001464545726,0.017333030863849457,0.3488536270797252,qp_event_allocator_m1_eta0p496_seededdose_m1_eta0p496_r14000_seed11470010.csv
1,0.496,14000,11,11470011,dose_r14000,0,0,14000,0,True,True,13.226804971694946,adaptive_brake,0.0268752630800008,3.4221906661987305,0.341160386800766,0.024290593793427795,0.1307390481233596,0.019525041906191462,0.3114740129789886,qp_event_allocator_m1_eta0p496_seededdose_m1_eta0p496_r14000_seed11470011.csv
1,0.496,14000,12,11470012,dose_r14000,0,0,14000,0,True,True,13.834437608718872,adaptive_brake,0.0240936484187841,3.7840633392333984,0.316200315952301,0.02542124592702043,0.1503415703773498,0.015655985181358544,0.3683064621067468,qp_event_allocator_m1_eta0p496_seededdose_m1_eta0p496_r14000_seed11470012.csv
1,0.496,14000,13,11470013,dose_r14000,0,0,14000,0,True,True,13.688610792160034,adaptive_brake,0.0266035012900829,3.6009271144866943,0.3419790863990783,0.025453565526009747,0.0155589617788791,0.01820681913435735,0.35360539108810946,qp_event_allocator_m1_eta0p496_seededdose_m1_eta0p496_r14000_seed11470013.csv
1,0.496,14000,14,11470014,dose_r14000,0,0,14000,0,True,True,13.603347778320312,adaptive_brake,0.0245358664542436,3.6200320720672607,0.3248188495635986,0.02448706381723665,0.0293306484818458,0.0182015707171522,0.3523870044224963,qp_event_allocator_m1_eta0p496_seededdose_m1_eta0p496_r14000_seed11470014.csv
1,0.496,14000,15,11470015,dose_r14000,0,0,14000,0,True,False,13.434401273727415,adaptive_brake,0.0248899329453706,3.3709278106689435,0.3656321167945862,0.026880330534185266,0.0657141879200935,0.020130706691190554,0.3567582082323114,qp_event_allocator_m1_eta0p496_seededdose_m1_eta0p496_r14000_seed11470015.csv
1,0.496,14000,16,11470016,dose_r14000,0,0,14000,0,True,True,13.70755672454834,adaptive_brake,0.0273284278810024,3.5189599990844727,0.3351453244686126,0.02597288467845704,0.0180615838617086,0.01887741836320025,0.3148637403169887,qp_event_allocator_m1_eta0p496_seededdose_m1_eta0p496_r14000_seed11470016.csv
1,0.496,14000,17,11470017,dose_r14000,0,0,14000,0,True,True,13.786851406097412,adaptive_brake,0.0299144852906465,3.6211676597595215,0.325483113527298,0.025004523920203532,0.0420393906533718,0.0182044798543184,0.3293963168604117,qp_event_allocator_m1_eta0p496_seededdose_m1_eta0p496_r14000_seed11470017.csv
1,0.496,14000,18,11470018,dose_r14000,0,0,14000,0,True,True,13.46697735786438,adaptive_brake,0.0271872524172067,3.3799917697906494,0.3341928720474243,0.026096124201119623,0.0593901947140693,0.020070213918077923,0.34237060312621637,qp_event_allocator_m1_eta0p496_seededdose_m1_eta0p496_r14000_seed11470018.csv
1,0.496,14000,19,11470019,dose_r14000,0,0,14000,0,True,True,13.286956071853638,adaptive_brake,0.0269292630255222,3.52020525932312,0.3265616595745086,0.0264891656327336,0.0386531241238117,0.018867794182692244,0.3201840751195877,qp_event_allocator_m1_eta0p496_seededdose_m1_eta0p496_r14000_seed11470019.csv
1,0.496,14000,20,11470020,dose_r14000,0,0,14000,0,True,True,13.688733339309692,adaptive_brake,0.0237833894789218,3.7027204036712646,0.329973816871643,0.02697909260651803,0.1191670000553131,0.017428489340678997,0.38006149576821846,qp_event_allocator_m1_eta0p496_seededdose_m1_eta0p496_r14000_seed11470020.csv
1,0.496,14000,21,11470021,dose_r14000,0,0,14000,0,True,True,13.66512417793274,adaptive_brake,0.0294062588363885,3.718786954879759,0.3066174387931824,0.025000563108002367,0.1049131006002426,0.016843310957064556,0.33275373623301113,qp_event_allocator_m1_eta0p496_seededdose_m1_eta0p496_r14000_seed11470021.csv
1,0.496,14000,22,11470022,dose_r14000,0,0,14000,0,True,True,13.363315343856812,adaptive_brake,0.0254675298929214,3.578987360000612,0.3260117471218109,0.02621289994435469,0.0443278439342975,0.01820507926693538,0.36862147889181845,qp_event_allocator_m1_eta0p496_seededdose_m1_eta0p496_r14000_seed11470022.csv
1,0.496,14000,23,11470023,dose_r14000,0,0,14000,0,True,True,13.625116109848022,adaptive_brake,0.0255424082279205,3.5200188159942627,0.332599401473999,0.026885833019365084,0.0372821874916553,0.018481731455894983,0.3760332752044782,qp_event_allocator_m1_eta0p496_seededdose_m1_eta0p496_r14000_seed11470023.csv
1,0.496,14000,24,11470024,dose_r14000,0,0,14000,0,True,True,13.828290700912476,adaptive_brake,0.0277237650007009,3.6599459648132324,0.3314650058746338,0.02501883322666669,0.0462592728435993,0.017694479871149336,0.3573223159718499,qp_event_allocator_m1_eta0p496_seededdose_m1_eta0p496_r14000_seed11470024.csv
1,0.496,14000,25,11470025,dose_r14000,0,0,14000,0,True,True,13.6351957321167,adaptive_brake,0.0283459220081567,3.667074680328369,0.3058392107486725,0.026818237756047483,0.1531153321266174,0.017485184855250153,0.3864974357528492,qp_event_allocator_m1_eta0p496_seededdose_m1_eta0p496_r14000_seed11470025.csv
1,0.496,14000,26,11470026,dose_r14000,0,0,14000,0,True,True,13.532715559005736,adaptive_brake,0.0273733921349048,3.538923263549803,0.3400263786315918,0.030272405528248135,0.1156383007764816,0.01832750071574315,0.36234017849742944,qp_event_allocator_m1_eta0p496_seededdose_m1_eta0p496_r14000_seed11470026.csv
1,0.496,14000,27,11470027,dose_r14000,0,0,14000,0,True,True,13.579694986343384,adaptive_brake,0.0263961106538772,3.6798877716064453,0.3171340823173523,0.024998818043711794,0.087772712111473,0.01643380659598988,0.400200205640443,qp_event_allocator_m1_eta0p496_seededdose_m1_eta0p496_r14000_seed11470027.csv
1,0.496,14000,28,11470028,dose_r14000,0,0,14000,0,True,True,13.49425172805786,adaptive_brake,0.0282136853784322,3.6387312412261963,0.3262611627578735,0.025161508027893856,0.0529088079929351,0.017298576293536046,0.3793141710507611,qp_event_allocator_m1_eta0p496_seededdose_m1_eta0p496_r14000_seed11470028.csv
1,0.496,14000,29,11470029,dose_r14000,0,0,14000,0,True,True,13.803826332092283,adaptive_brake,0.0252019111067056,3.5990161895751935,0.3307807743549347,0.02519015643715465,0.030450290068984,0.017888816461852076,0.3783793481292948,qp_event_allocator_m1_eta0p496_seededdose_m1_eta0p496_r14000_seed11470029.csv
1,0.496,14000,30,11470030,dose_r14000,0,0,14000,0,True,True,13.52740740776062,adaptive_brake,0.0267107617110013,3.520063877105713,0.3266777694225311,0.025977892110138748,0.0297612305730581,0.018695422274661592,0.38117156213007297,qp_event_allocator_m1_eta0p496_seededdose_m1_eta0p496_r14000_seed11470030.csv
4,0.496,8000,1,40870001,dose_r8000,0,8000,0,0,True,False,12.68431520462036,adaptive_brake,0.0278092790395021,2.799999237060545,0.4017256796360016,0.007676558559346625,0.1108251363039016,0.02997594255929937,0.2111392015088382,qp_event_allocator_m4_eta0p496_seededdose_m4_eta0p496_r8000_seed40870001.csv
4,0.496,8000,2,40870002,dose_r8000,0,8000,0,0,True,False,13.02430772781372,adaptive_brake,0.0259637869894504,2.8200316429138184,0.3788739442825317,0.006038155008598804,0.1080832704901695,0.029827025441380765,0.20933945571965906,qp_event_allocator_m4_eta0p496_seededdose_m4_eta0p496_r8000_seed40870002.csv
4,0.496,8000,3,40870003,dose_r8000,0,8000,0,0,True,False,12.548147439956663,adaptive_brake,0.0270332731306552,2.7810020446777326,0.4021481871604919,0.007807893114708856,0.1150796934962272,0.02901720013198928,0.22221343048632186,qp_event_allocator_m4_eta0p496_seededdose_m4_eta0p496_r8000_seed40870003.csv
4,0.496,8000,4,40870004,dose_r8000,0,8000,0,0,True,False,13.006671905517578,adaptive_brake,0.0283364560455083,2.821934938430786,0.3864676356315613,0.00710649675011304,0.1404034942388534,0.02721167600405346,0.2306329184543044,qp_event_allocator_m4_eta0p496_seededdose_m4_eta0p496_r8000_seed40870004.csv
4,0.496,8000,5,40870005,dose_r8000,0,8000,0,0,True,False,12.526265382766724,adaptive_brake,0.0255325585603714,2.760983467102051,0.3980415761470794,0.008002803948140392,0.1400304585695266,0.031296390141325285,0.187749541890283,qp_event_allocator_m4_eta0p496_seededdose_m4_eta0p496_r8000_seed40870005.csv
4,0.496,8000,6,40870006,dose_r8000,0,8000,0,0,True,False,12.827821016311646,adaptive_brake,0.025580396875739,2.8190691471099854,0.3814698755741119,0.006781547308029472,0.119948573410511,0.029675352941690394,0.22063043258486376,qp_event_allocator_m4_eta0p496_seededdose_m4_eta0p496_r8000_seed40870006.csv
4,0.496,8000,7,40870007,dose_r8000,0,8000,0,0,True,False,12.785963773727415,adaptive_brake,0.0261199567466974,2.8209972381591797,0.3713074624538421,0.006099020907309263,0.1559427678585052,0.028813975778027575,0.20360487364237292,qp_event_allocator_m4_eta0p496_seededdose_m4_eta0p496_r8000_seed40870007.csv
4,0.496,8000,8,40870008,dose_r8000,0,8000,0,0,True,False,12.868660688400269,adaptive_brake,0.02714672870934,2.8187508583068848,0.3893212974071502,0.00714939137546537,0.1014178171753883,0.030251482989693015,0.21461149050147696,qp_event_allocator_m4_eta0p496_seededdose_m4_eta0p496_r8000_seed40870008.csv
4,0.496,8000,9,40870009,dose_r8000,0,8000,0,0,True,False,13.024141073226929,adaptive_brake,0.0229194238781929,2.821160793304445,0.3909360468387604,0.006555825639454369,0.0710114911198616,0.0286741002380058,0.20993076560658183,qp_event_allocator_m4_eta0p496_seededdose_m4_eta0p496_r8000_seed40870009.csv
4,0.496,8000,10,40870010,dose_r8000,0,8000,0,0,True,False,12.909348964691162,adaptive_brake,0.0287635717540979,2.883970022201538,0.3921979069709778,0.007177816656724943,0.0890096351504325,0.02915581170056599,0.23333967886081375,qp_event_allocator_m4_eta0p496_seededdose_m4_eta0p496_r8000_seed40870010.csv
4,0.496,8000,11,40870011,dose_r8000,0,8000,0,0,True,False,12.906129360198976,adaptive_brake,0.0246013887226581,2.80086660385132,0.3812625110149383,0.007190958306863176,0.1253653764724731,0.029795331983068846,0.2361669576530013,qp_event_allocator_m4_eta0p496_seededdose_m4_eta0p496_r8000_seed40870011.csv
4,0.496,8000,12,40870012,dose_r8000,0,8000,0,0,True,False,12.563891649246216,adaptive_brake,0.0262160971760749,2.7776992321014404,0.3890380263328552,0.008100888665103426,0.1584522575139999,0.03297201085101541,0.2060121370463554,qp_event_allocator_m4_eta0p496_seededdose_m4_eta0p496_r8000_seed40870012.csv
4,0.496,8000,13,40870013,dose_r8000,0,8000,0,0,True,False,12.629211187362673,adaptive_brake,0.0293741282075643,2.7800891399383563,0.3925612866878509,0.007826884897137416,0.1398780941963195,0.03345418895469197,0.21369415202949052,qp_event_allocator_m4_eta0p496_seededdose_m4_eta0p496_r8000_seed40870013.csv
4,0.496,8000,14,40870014,dose_r8000,0,8000,0,0,True,False,12.943885326385498,adaptive_brake,0.026575731113553,2.8799960613250732,0.3864825367927551,0.006797507040046709,0.1409990936517715,0.02847900222426265,0.20866717290698944,qp_event_allocator_m4_eta0p496_seededdose_m4_eta0p496_r8000_seed40870014.csv
4,0.496,8000,15,40870015,dose_r8000,0,8000,0,0,True,False,13.045495510101318,adaptive_brake,0.0250780433416366,2.859088659286499,0.3789260685443878,0.006231071233491968,0.1382571160793304,0.02961164769936454,0.23882747125474407,qp_event_allocator_m4_eta0p496_seededdose_m4_eta0p496_r8000_seed40870015.csv
4,0.496,8000,16,40870016,dose_r8000,0,8000,0,0,True,False,12.645792961120604,adaptive_brake,0.0267731137573719,2.76001191139221,0.3997094333171844,0.008078418329483892,0.1030279025435447,0.030158098832811172,0.1956231734233735,qp_event_allocator_m4_eta0p496_seededdose_m4_eta0p496_r8000_seed40870016.csv
4,0.496,8000,17,40870017,dose_r8000,0,8000,0,0,True,False,12.689996719360352,adaptive_brake,0.0254252739250659,2.7847609519958496,0.3829483687877655,0.00887594273960808,0.1231016293168068,0.02916414853195926,0.24918519532537126,qp_event_allocator_m4_eta0p496_seededdose_m4_eta0p496_r8000_seed40870017.csv
4,0.496,8000,18,40870018,dose_r8000,0,8000,0,0,True,False,12.904039144515991,adaptive_brake,0.025716908276081,2.9010238647460955,0.3785977363586426,0.006699529382600108,0.1450373381376266,0.028322954385032992,0.24519261950942117,qp_event_allocator_m4_eta0p496_seededdose_m4_eta0p496_r8000_seed40870018.csv
4,0.496,8000,19,40870019,dose_r8000,0,8000,0,0,True,False,12.705101490020752,adaptive_brake,0.0271159056574106,2.780996322631836,0.3834547102451324,0.007421974412465646,0.1207608208060264,0.030183341290272038,0.2039637976653078,qp_event_allocator_m4_eta0p496_seededdose_m4_eta0p496_r8000_seed40870019.csv
4,0.496,8000,20,40870020,dose_r8000,0,8000,0,0,True,False,13.066299676895142,adaptive_brake,0.027886351570487,2.799928903579712,0.3967671394348144,0.007380565857115404,0.1080157682299614,0.030240626113949308,0.22977266088881176,qp_event_allocator_m4_eta0p496_seededdose_m4_eta0p496_r8000_seed40870020.csv
4,0.496,8000,21,40870021,dose_r8000,0,8000,0,0,True,False,13.024397373199465,adaptive_brake,0.0253919009119272,2.759982585906984,0.394570380449295,0.007963062186261253,0.1242207288742065,0.029368196910469938,0.2315817366345705,qp_event_allocator_m4_eta0p496_seededdose_m4_eta0p496_r8000_seed40870021.csv
4,0.496,8000,22,40870022,dose_r8000,0,8000,0,0,True,False,12.71075201034546,adaptive_brake,0.0274113044142723,2.800814390182497,0.392039954662323,0.007334335444228928,0.0882077366113662,0.03162694632281344,0.23105593848163003,qp_event_allocator_m4_eta0p496_seededdose_m4_eta0p496_r8000_seed40870022.csv
4,0.496,8000,23,40870023,dose_r8000,0,8000,0,0,True,False,12.92462706565857,adaptive_brake,0.0279220473021268,2.719952344894409,0.389923632144928,0.009289000118904302,0.1451889276504516,0.030378898632700033,0.19449858940982184,qp_event_allocator_m4_eta0p496_seededdose_m4_eta0p496_r8000_seed40870023.csv
4,0.496,8000,24,40870024,dose_r8000,0,8000,0,0,True,False,12.5489981174469,adaptive_brake,0.0260261762887239,2.7601044178009033,0.3987294733524322,0.008441855856496466,0.1201399788260459,0.031319870339410597,0.22209067680542938,qp_event_allocator_m4_eta0p496_seededdose_m4_eta0p496_r8000_seed40870024.csv
4,0.496,8000,25,40870025,dose_r8000,0,8000,0,0,True,False,12.953304052352903,adaptive_brake,0.0268260166049003,2.842870473861691,0.3928714692592621,0.00868294086048683,0.1914779394865036,0.028796276555642864,0.23870415048447685,qp_event_allocator_m4_eta0p496_seededdose_m4_eta0p496_r8000_seed40870025.csv
4,0.496,8000,26,40870026,dose_r8000,0,8000,0,0,True,False,12.60812497138977,adaptive_brake,0.0229383911937475,2.823993682861328,0.384360522031784,0.0067723442717210714,0.1251673996448516,0.030248966123863397,0.19426187272000728,qp_event_allocator_m4_eta0p496_seededdose_m4_eta0p496_r8000_seed40870026.csv
4,0.496,8000,27,40870027,dose_r8000,0,8000,0,0,True,False,12.936384916305542,adaptive_brake,0.0286736637353897,2.8991353511810303,0.3766128122806549,0.005740137130947363,0.157712697982788,0.027368990254625435,0.2315911209608285,qp_event_allocator_m4_eta0p496_seededdose_m4_eta0p496_r8000_seed40870027.csv
4,0.496,8000,28,40870028,dose_r8000,0,8000,0,0,True,False,12.665699005126951,adaptive_brake,0.0247063357383012,2.858650445938107,0.3848440945148468,0.006194107007294864,0.1173613592982292,0.02899316537219115,0.23619562152449433,qp_event_allocator_m4_eta0p496_seededdose_m4_eta0p496_r8000_seed40870028.csv
4,0.496,8000,29,40870029,dose_r8000,0,8000,0,0,True,False,12.824479341506958,adaptive_brake,0.0234662517905235,2.739921808242798,0.3861726224422455,0.008030223983985783,0.1336096227169037,0.031114419016640582,0.21604368611939978,qp_event_allocator_m4_eta0p496_seededdose_m4_eta0p496_r8000_seed40870029.csv
4,0.496,8000,30,40870030,dose_r8000,0,8000,0,0,True,False,12.84724235534668,adaptive_brake,0.0232110414654016,2.85897207260132,0.3998017907142639,0.006685292273861014,0.0960071682929992,0.029647571649461437,0.22975437929158282,qp_event_allocator_m4_eta0p496_seededdose_m4_eta0p496_r8000_seed40870030.csv
4,0.496,9000,1,40970001,dose_r9000,0,9000,0,0,True,False,13.145886898040771,adaptive_brake,0.0268004238605499,2.939215898513794,0.3745428323745727,0.008949160339714296,0.1131811812520027,0.027318246605623615,0.23813518570685785,qp_event_allocator_m4_eta0p496_seededdose_m4_eta0p496_r9000_seed40970001.csv
4,0.496,9000,2,40970002,dose_r9000,0,9000,0,0,True,False,13.107901811599731,adaptive_brake,0.0265890397131443,2.919917345046997,0.3906119763851166,0.00966348303425544,0.0854744091629982,0.026996571574637307,0.246237027961859,qp_event_allocator_m4_eta0p496_seededdose_m4_eta0p496_r9000_seed40970002.csv
4,0.496,9000,3,40970003,dose_r9000,0,9000,0,0,True,False,12.84624695777893,adaptive_brake,0.0269694067537784,2.9800472259521484,0.375812828540802,0.008954724752075996,0.1046261116862297,0.025960143339811885,0.25463702899325535,qp_event_allocator_m4_eta0p496_seededdose_m4_eta0p496_r9000_seed40970003.csv
4,0.496,9000,4,40970004,dose_r9000,0,9000,0,0,True,False,12.830463886260986,adaptive_brake,0.0292258858680725,2.9394586086273176,0.3747331500053406,0.00980458565387071,0.1147870048880577,0.02730486827203054,0.24212623074509879,qp_event_allocator_m4_eta0p496_seededdose_m4_eta0p496_r9000_seed40970004.csv
4,0.496,9000,5,40970005,dose_r9000,0,9000,0,0,True,False,12.96333384513855,adaptive_brake,0.0288518574088811,2.9392013549804705,0.370716780424118,0.009593788522839602,0.1224113926291465,0.025943721913936266,0.2122370238406398,qp_event_allocator_m4_eta0p496_seededdose_m4_eta0p496_r9000_seed40970005.csv
4,0.496,9000,6,40970006,dose_r9000,0,9000,0,0,True,False,12.905516386032104,adaptive_brake,0.026958379894495,2.9610211849212646,0.3911283314228058,0.009948162597948137,0.070505142211914,0.02654404258799154,0.24023915341951307,qp_event_allocator_m4_eta0p496_seededdose_m4_eta0p496_r9000_seed40970006.csv
4,0.496,9000,7,40970007,dose_r9000,0,9000,0,0,True,False,12.86763048171997,adaptive_brake,0.0290305819362401,2.978900194168091,0.3649510443210602,0.009053348772375536,0.1302424669265747,0.02664188924994502,0.215805855915751,qp_event_allocator_m4_eta0p496_seededdose_m4_eta0p496_r9000_seed40970007.csv
4,0.496,9000,8,40970008,dose_r9000,0,9000,0,0,True,False,13.16651439666748,adaptive_brake,0.023182276636362,3.02103328704834,0.3607677221298218,0.00899232556340126,0.1403578370809555,0.024721820077487015,0.2456842001223053,qp_event_allocator_m4_eta0p496_seededdose_m4_eta0p496_r9000_seed40970008.csv
4,0.496,9000,9,40970009,dose_r9000,0,9000,0,0,True,False,12.990298748016356,adaptive_brake,0.0281356759369373,2.9209818840026838,0.3672457337379455,0.010726727929680515,0.1336520463228225,0.026286680931952588,0.2716719916255691,qp_event_allocator_m4_eta0p496_seededdose_m4_eta0p496_r9000_seed40970009.csv
4,0.496,9000,10,40970010,dose_r9000,0,9000,0,0,True,False,12.88484525680542,adaptive_brake,0.0276864413172006,2.9801344871520996,0.3770826458930969,0.009059531577757445,0.1136982440948486,0.026708675187064514,0.25745446874154837,qp_event_allocator_m4_eta0p496_seededdose_m4_eta0p496_r9000_seed40970010.csv
4,0.496,9000,11,40970011,dose_r9000,0,9000,0,0,True,False,12.947942972183228,adaptive_brake,0.0260092448443174,2.883105516433716,0.3781842887401581,0.010718413297476255,0.0612754113972187,0.027135684486555674,0.21624980696091575,qp_event_allocator_m4_eta0p496_seededdose_m4_eta0p496_r9000_seed40970011.csv
4,0.496,9000,12,40970012,dose_r9000,0,9000,0,0,True,False,13.207804918289185,adaptive_brake,0.0237702000886201,2.9643330574035645,0.3701683282852173,0.00973773877941559,0.1339801549911499,0.027987890641742424,0.24996902435415932,qp_event_allocator_m4_eta0p496_seededdose_m4_eta0p496_r9000_seed40970012.csv
4,0.496,9000,13,40970013,dose_r9000,0,9000,0,0,True,False,12.866466760635376,adaptive_brake,0.0226699505001306,2.742929458618164,0.3949593901634216,0.012466527228768946,0.1201207563281059,0.02949240982576588,0.2135015806896403,qp_event_allocator_m4_eta0p496_seededdose_m4_eta0p496_r9000_seed40970013.csv
4,0.496,9000,14,40970014,dose_r9000,0,9000,0,0,True,False,12.764425992965698,adaptive_brake,0.0248861573636531,2.979971408843994,0.3699588179588318,0.009398339019844694,0.1382510662078857,0.027845779187484394,0.25683959003604845,qp_event_allocator_m4_eta0p496_seededdose_m4_eta0p496_r9000_seed40970014.csv
4,0.496,9000,15,40970015,dose_r9000,0,9000,0,0,True,False,12.929062843322754,adaptive_brake,0.0296050831675529,2.97969126701355,0.3595453202724457,0.008893674416220158,0.1579253673553466,0.02735642505215238,0.2080985441339558,qp_event_allocator_m4_eta0p496_seededdose_m4_eta0p496_r9000_seed40970015.csv
4,0.496,9000,16,40970016,dose_r9000,0,9000,0,0,True,False,12.98434853553772,adaptive_brake,0.0288012344390153,2.9612700939178485,0.3773397505283355,0.009339617873532836,0.1143853068351745,0.026010114208749123,0.25623631603686675,qp_event_allocator_m4_eta0p496_seededdose_m4_eta0p496_r9000_seed40970016.csv
4,0.496,9000,17,40970017,dose_r9000,0,9000,0,0,True,False,12.734156608581545,adaptive_brake,0.0229538846760988,2.889008045196535,0.3855274319648742,0.011189561273905994,0.0874980464577674,0.027133450978152434,0.20140532178143924,qp_event_allocator_m4_eta0p496_seededdose_m4_eta0p496_r9000_seed40970017.csv
4,0.496,9000,18,40970018,dose_r9000,0,9000,0,0,True,False,12.984188795089722,adaptive_brake,0.0266307275742292,2.8600385189056396,0.3756585717201233,0.01010055563337165,0.0888161435723304,0.02795923829507353,0.22710827082192167,qp_event_allocator_m4_eta0p496_seededdose_m4_eta0p496_r9000_seed40970018.csv
4,0.496,9000,19,40970019,dose_r9000,0,9000,0,0,True,False,12.846318006515505,adaptive_brake,0.0286866780370473,2.9389288425445574,0.3815206885337829,0.009052466904694231,0.0957728400826454,0.027325688603090183,0.2363790234596177,qp_event_allocator_m4_eta0p496_seededdose_m4_eta0p496_r9000_seed40970019.csv
4,0.496,9000,20,40970020,dose_r9000,0,9000,0,0,True,False,12.906065940856934,adaptive_brake,0.0280703343451023,2.940106153488159,0.3870803713798523,0.009068856819455655,0.1005405858159065,0.027305603412797027,0.2209143940581868,qp_event_allocator_m4_eta0p496_seededdose_m4_eta0p496_r9000_seed40970020.csv
4,0.496,9000,21,40970021,dose_r9000,0,9000,0,0,True,False,13.106439113616943,adaptive_brake,0.0280630234628915,2.960526943206787,0.3924582898616791,0.01017340936296431,0.0576406046748161,0.028047602199064197,0.21949643630048074,qp_event_allocator_m4_eta0p496_seededdose_m4_eta0p496_r9000_seed40970021.csv
4,0.496,9000,22,40970022,dose_r9000,0,9000,0,0,True,False,12.764817237854004,adaptive_brake,0.0247154030948877,2.8799479007720947,0.3757272958755493,0.01059028469172257,0.1249007582664489,0.028493123051298176,0.26329108008730245,qp_event_allocator_m4_eta0p496_seededdose_m4_eta0p496_r9000_seed40970022.csv
4,0.496,9000,23,40970023,dose_r9000,0,9000,0,0,True,False,13.10635542869568,adaptive_brake,0.029088694602251,2.93876314163208,0.385897696018219,0.009535153174890846,0.0911109372973442,0.027538898791449176,0.2404639895690628,qp_event_allocator_m4_eta0p496_seededdose_m4_eta0p496_r9000_seed40970023.csv
4,0.496,9000,24,40970024,dose_r9000,0,9000,0,0,True,False,13.045737743377686,adaptive_brake,0.0242985449731349,2.900486946105957,0.3705857098102569,0.008722266977904257,0.107046402990818,0.026476614121624782,0.24088241863414955,qp_event_allocator_m4_eta0p496_seededdose_m4_eta0p496_r9000_seed40970024.csv
4,0.496,9000,25,40970025,dose_r9000,0,9000,0,0,True,False,13.085766792297363,adaptive_brake,0.025796353816986,3.019907474517824,0.370833545923233,0.009603940947687286,0.158947005867958,0.02596233791797741,0.26471041991864924,qp_event_allocator_m4_eta0p496_seededdose_m4_eta0p496_r9000_seed40970025.csv
4,0.496,9000,26,40970026,dose_r9000,0,9000,0,0,True,False,13.12328314781189,adaptive_brake,0.0296693928539752,2.9600906372070312,0.3740895390510559,0.009109353750661929,0.1270815432071685,0.027664787786606224,0.2450892675193182,qp_event_allocator_m4_eta0p496_seededdose_m4_eta0p496_r9000_seed40970026.csv
4,0.496,9000,27,40970027,dose_r9000,0,9000,0,0,True,False,12.724587440490724,adaptive_brake,0.0233196858316659,2.919894218444826,0.3700924813747406,0.008637653970677952,0.1147415712475776,0.027546832405959596,0.23953993185990646,qp_event_allocator_m4_eta0p496_seededdose_m4_eta0p496_r9000_seed40970027.csv
4,0.496,9000,28,40970028,dose_r9000,0,9000,0,0,True,False,12.866405487060549,adaptive_brake,0.0278458446264266,2.999971866607668,0.3608953058719635,0.009202082934724744,0.1722976118326187,0.02581393492366929,0.25139609374337063,qp_event_allocator_m4_eta0p496_seededdose_m4_eta0p496_r9000_seed40970028.csv
4,0.496,9000,29,40970029,dose_r9000,0,9000,0,0,True,False,12.945724725723268,adaptive_brake,0.0238583125174045,2.9190778732299822,0.3805803954601288,0.009431511664699225,0.1086167991161346,0.027798155072024034,0.2489993086869327,qp_event_allocator_m4_eta0p496_seededdose_m4_eta0p496_r9000_seed40970029.csv
4,0.496,9000,30,40970030,dose_r9000,0,9000,0,0,True,True,13.392112731933594,adaptive_brake,0.0234286040067672,3.183116912841797,0.3459474742412567,0.010935175462355028,0.2050469517707824,0.02486752146113907,0.2863782631378426,qp_event_allocator_m4_eta0p496_seededdose_m4_eta0p496_r9000_seed40970030.csv
4,0.496,10000,1,41070001,dose_r10000,0,10000,0,0,True,False,12.970179080963137,adaptive_brake,0.0248763635754585,3.179943561553957,0.3628146648406982,0.013383478052133626,0.1045228764414787,0.023431060482007143,0.24178580721543236,qp_event_allocator_m4_eta0p496_seededdose_m4_eta0p496_r10000_seed41070001.csv
4,0.496,10000,2,41070002,dose_r10000,0,10000,0,0,True,False,12.96384048461914,adaptive_brake,0.0279595851898193,3.119014024734497,0.371581107378006,0.013123659416425511,0.0944805964827537,0.02338723758621645,0.2756044750060315,qp_event_allocator_m4_eta0p496_seededdose_m4_eta0p496_r10000_seed41070002.csv
4,0.496,10000,3,41070003,dose_r10000,0,10000,0,0,True,False,13.26351833343506,adaptive_brake,0.0282722972333431,3.179939031600954,0.3567998111248016,0.01358435081278138,0.1114826202392578,0.023306096744922313,0.27349139064766037,qp_event_allocator_m4_eta0p496_seededdose_m4_eta0p496_r10000_seed41070003.csv
4,0.496,10000,4,41070004,dose_r10000,0,10000,0,0,True,False,13.065329551696776,adaptive_brake,0.0233623646199703,3.0801239013671857,0.3656877875328064,0.012822988950858441,0.1026023179292678,0.024619718657090315,0.26900277601104333,qp_event_allocator_m4_eta0p496_seededdose_m4_eta0p496_r10000_seed41070004.csv
4,0.496,10000,5,41070005,dose_r10000,0,10000,0,0,True,False,13.166145324707031,adaptive_brake,0.0286266710609197,3.180168628692627,0.3594572842121124,0.013342321348668817,0.1019624918699264,0.023490048755244644,0.2618293139756757,qp_event_allocator_m4_eta0p496_seededdose_m4_eta0p496_r10000_seed41070005.csv
4,0.496,10000,6,41070006,dose_r10000,0,10000,0,0,True,False,13.005776643753052,adaptive_brake,0.0298004020005464,3.1011040210723877,0.3618627488613128,0.012346488567805404,0.1002514734864234,0.024536028550093698,0.26401863548229804,qp_event_allocator_m4_eta0p496_seededdose_m4_eta0p496_r10000_seed41070006.csv
4,0.496,10000,7,41070007,dose_r10000,0,10000,0,0,True,False,12.967916250228882,adaptive_brake,0.0262245032936334,2.9830269813537598,0.3896078765392303,0.012824383220369537,0.0579804517328739,0.025320141882295887,0.21632762033957892,qp_event_allocator_m4_eta0p496_seededdose_m4_eta0p496_r10000_seed41070007.csv
4,0.496,10000,8,41070008,dose_r10000,0,10000,0,0,True,False,12.94651222229004,adaptive_brake,0.0263995844870805,3.1598949432373065,0.3623855412006378,0.013319138392212071,0.1200961619615554,0.0245010631905597,0.2816564847012312,qp_event_allocator_m4_eta0p496_seededdose_m4_eta0p496_r10000_seed41070008.csv
4,0.496,10000,9,41070009,dose_r10000,0,10000,0,0,True,False,13.123356103897097,adaptive_brake,0.0243234764784574,3.0190279483795184,0.3599877655506134,0.012898269305548068,0.134918212890625,0.025146089348313225,0.23845135726209882,qp_event_allocator_m4_eta0p496_seededdose_m4_eta0p496_r10000_seed41070009.csv
4,0.496,10000,10,41070010,dose_r10000,0,10000,0,0,True,False,13.083869934082031,adaptive_brake,0.0271334778517484,3.1000137329101545,0.3523797690868377,0.012860764682143025,0.1305745989084243,0.023604373449158802,0.25126365923251837,qp_event_allocator_m4_eta0p496_seededdose_m4_eta0p496_r10000_seed41070010.csv
4,0.496,10000,11,41070011,dose_r10000,0,10000,0,0,True,True,13.186846017837524,adaptive_brake,0.0220801495015621,3.139991283416748,0.3384875357151031,0.011985919229648615,0.1298368126153946,0.023484248955129603,0.2519609508700037,qp_event_allocator_m4_eta0p496_seededdose_m4_eta0p496_r10000_seed41070011.csv
4,0.496,10000,12,41070012,dose_r10000,0,10000,0,0,True,False,13.204427003860474,adaptive_brake,0.0232115983963012,3.099101305007933,0.3626093864440918,0.01229848066080729,0.1002383604645729,0.023585677857316432,0.28437072596562374,qp_event_allocator_m4_eta0p496_seededdose_m4_eta0p496_r10000_seed41070012.csv
4,0.496,10000,13,41070013,dose_r10000,0,10000,0,0,True,False,13.144014835357666,adaptive_brake,0.0239577461034059,3.1390135288238543,0.3673308789730072,0.012624727353331549,0.0930811315774917,0.024662555080960262,0.2468255061141464,qp_event_allocator_m4_eta0p496_seededdose_m4_eta0p496_r10000_seed41070013.csv
4,0.496,10000,14,41070014,dose_r10000,0,10000,0,0,True,False,13.00652551651001,adaptive_brake,0.029006402939558,3.099090814590454,0.3558882176876068,0.012764550282577168,0.1189160197973251,0.025501764949864857,0.2790933880456812,qp_event_allocator_m4_eta0p496_seededdose_m4_eta0p496_r10000_seed41070014.csv
4,0.496,10000,15,41070015,dose_r10000,0,10000,0,0,True,False,12.963826894760132,adaptive_brake,0.0237705390900373,3.0199995040893555,0.3599002659320831,0.013331966133468482,0.1547321528196334,0.025836525492030877,0.27086020183577336,qp_event_allocator_m4_eta0p496_seededdose_m4_eta0p496_r10000_seed41070015.csv
4,0.496,10000,16,41070016,dose_r10000,0,10000,0,0,True,False,12.86418628692627,adaptive_brake,0.024201201274991,3.061075210571289,0.3609249591827392,0.012421805357260347,0.1050933375954628,0.024959937743778162,0.2883070224154828,qp_event_allocator_m4_eta0p496_seededdose_m4_eta0p496_r10000_seed41070016.csv
4,0.496,10000,17,41070017,dose_r10000,0,10000,0,0,True,False,13.00423812866211,adaptive_brake,0.0255150012671947,3.100003719329834,0.361210435628891,0.01126260650189504,0.0862808302044868,0.024616059620524534,0.2260506938701099,qp_event_allocator_m4_eta0p496_seededdose_m4_eta0p496_r10000_seed41070017.csv
4,0.496,10000,18,41070018,dose_r10000,0,10000,0,0,True,False,12.98453450202942,adaptive_brake,0.025644788518548,3.2011036872863787,0.3547828793525696,0.012381730708448398,0.0928491353988647,0.025699201789931705,0.23657546472409166,qp_event_allocator_m4_eta0p496_seededdose_m4_eta0p496_r10000_seed41070018.csv
4,0.496,10000,19,41070019,dose_r10000,0,10000,0,0,True,False,13.085745811462402,adaptive_brake,0.0236278995871543,3.060032367706299,0.3616808950901031,0.012134522889333053,0.1063045486807823,0.025677371985367993,0.26292297299516604,qp_event_allocator_m4_eta0p496_seededdose_m4_eta0p496_r10000_seed41070019.csv
4,0.496,10000,20,41070020,dose_r10000,0,10000,0,0,True,False,13.064332246780396,adaptive_brake,0.0244305171072483,3.14103364944458,0.3533294796943664,0.013249906290452244,0.1256522238254547,0.023445110927463597,0.24415433908175996,qp_event_allocator_m4_eta0p496_seededdose_m4_eta0p496_r10000_seed41070020.csv
4,0.496,10000,21,41070021,dose_r10000,0,10000,0,0,True,True,13.390156507492064,adaptive_brake,0.0234441123902797,3.1999521255493164,0.3452384173870086,0.012757891443404484,0.1215968132019043,0.024669210523137475,0.2650340727646227,qp_event_allocator_m4_eta0p496_seededdose_m4_eta0p496_r10000_seed41070021.csv
4,0.496,10000,22,41070022,dose_r10000,0,10000,0,0,True,False,13.424468755722046,adaptive_brake,0.0234211850911378,3.239140510559082,0.3558352291584015,0.012784024659454715,0.0771799460053443,0.02537192071026904,0.27284462208363447,qp_event_allocator_m4_eta0p496_seededdose_m4_eta0p496_r10000_seed41070022.csv
4,0.496,10000,23,41070023,dose_r10000,0,10000,0,0,True,False,13.164795398712158,adaptive_brake,0.027796022593975,3.1390085220336896,0.3588976860046386,0.012246209475224788,0.0947459489107132,0.024500652573107337,0.2947987435198046,qp_event_allocator_m4_eta0p496_seededdose_m4_eta0p496_r10000_seed41070023.csv
4,0.496,10000,24,41070024,dose_r10000,0,10000,0,0,True,True,13.245181322097778,adaptive_brake,0.0256056245416402,3.202044725418091,0.3492343425750732,0.013028734637354772,0.1201483160257339,0.023290570341737482,0.25039508779142233,qp_event_allocator_m4_eta0p496_seededdose_m4_eta0p496_r10000_seed41070024.csv
4,0.496,10000,25,41070025,dose_r10000,0,10000,0,0,True,False,13.12465238571167,adaptive_brake,0.0284631941467523,3.139970541000366,0.3599819540977478,0.012856845720777863,0.1044625267386436,0.02450052967459511,0.271208004641587,qp_event_allocator_m4_eta0p496_seededdose_m4_eta0p496_r10000_seed41070025.csv
4,0.496,10000,26,41070026,dose_r10000,0,10000,0,0,True,False,13.224799633026125,adaptive_brake,0.0234578736126422,3.1200861930847186,0.3598330914974212,0.012406987441830431,0.098036803305149,0.025394645951743507,0.27190787743172057,qp_event_allocator_m4_eta0p496_seededdose_m4_eta0p496_r10000_seed41070026.csv
4,0.496,10000,27,41070027,dose_r10000,0,10000,0,0,True,False,13.16393232345581,adaptive_brake,0.0288482438772916,3.1590869426727313,0.3609275221824646,0.012606125446096714,0.1047503799200058,0.024516523990459563,0.27188569702208554,qp_event_allocator_m4_eta0p496_seededdose_m4_eta0p496_r10000_seed41070027.csv
4,0.496,10000,28,41070028,dose_r10000,0,10000,0,0,True,False,13.145699501037598,adaptive_brake,0.0247506219893693,3.1200318336486816,0.3540787100791931,0.012390267010578118,0.1123046576976776,0.024662451920878833,0.2533403405623843,qp_event_allocator_m4_eta0p496_seededdose_m4_eta0p496_r10000_seed41070028.csv
4,0.496,10000,29,41070029,dose_r10000,0,10000,0,0,True,True,13.085961818695068,adaptive_brake,0.0240215044468641,3.142029047012329,0.3495289087295532,0.01231716390222073,0.1171742007136344,0.024664266142791286,0.27208158091674506,qp_event_allocator_m4_eta0p496_seededdose_m4_eta0p496_r10000_seed41070029.csv
4,0.496,10000,30,41070030,dose_r10000,0,10000,0,0,True,False,12.92594575881958,adaptive_brake,0.029689623042941,3.1001880168914795,0.3609915971755981,0.01258822954519545,0.106010615825653,0.02360478091944142,0.28980546715662364,qp_event_allocator_m4_eta0p496_seededdose_m4_eta0p496_r10000_seed41070030.csv
4,0.496,11000,1,41170001,dose_r11000,0,11000,0,0,True,False,13.1242413520813,adaptive_brake,0.0270547680556774,3.321287393569948,0.3591330051422119,0.0162311491341206,0.0439775511622428,0.02126585007804411,0.29595933362767424,qp_event_allocator_m4_eta0p496_seededdose_m4_eta0p496_r11000_seed41170001.csv
4,0.496,11000,2,41170002,dose_r11000,0,11000,0,0,True,True,13.103982210159302,adaptive_brake,0.0295847244560718,3.2599453926086426,0.3396798074245453,0.016829751118919878,0.0910577625036239,0.023522038172702115,0.3013881975905142,qp_event_allocator_m4_eta0p496_seededdose_m4_eta0p496_r11000_seed41170002.csv
4,0.496,11000,3,41170003,dose_r11000,0,11000,0,0,True,False,13.22381067276001,adaptive_brake,0.0264400728046894,3.25978946685791,0.3534958362579345,0.0165544938463159,0.0698946714401245,0.022290499038839097,0.28466765407544253,qp_event_allocator_m4_eta0p496_seededdose_m4_eta0p496_r11000_seed41170003.csv
4,0.496,11000,4,41170004,dose_r11000,0,11000,0,0,True,False,13.50845742225647,adaptive_brake,0.0290918294340372,3.300950765609741,0.3616745769977569,0.01669232793332268,0.0358073785901069,0.02308952976867613,0.25522143923339663,qp_event_allocator_m4_eta0p496_seededdose_m4_eta0p496_r11000_seed41170004.csv
4,0.496,11000,5,41170005,dose_r11000,0,11000,0,0,True,False,13.489859342575071,adaptive_brake,0.0242646094411611,3.259969472885132,0.3518368601799011,0.016539623800179388,0.0452785342931747,0.02326570960481656,0.26457158603700354,qp_event_allocator_m4_eta0p496_seededdose_m4_eta0p496_r11000_seed41170005.csv
4,0.496,11000,6,41170006,dose_r11000,0,11000,0,0,True,True,13.44513702392578,adaptive_brake,0.0239404011517763,3.3008923530578596,0.3459220230579376,0.016303876503005736,0.0455157458782196,0.02224369613203415,0.25059008074801625,qp_event_allocator_m4_eta0p496_seededdose_m4_eta0p496_r11000_seed41170006.csv
4,0.496,11000,7,41170007,dose_r11000,0,11000,0,0,True,True,13.705163478851318,adaptive_brake,0.0251763351261615,3.461052417755127,0.3393391370773315,0.017361161485004162,0.0750312209129333,0.02080518998797765,0.3326234688643351,qp_event_allocator_m4_eta0p496_seededdose_m4_eta0p496_r11000_seed41170007.csv
4,0.496,11000,8,41170008,dose_r11000,0,11000,0,0,True,True,13.467442512512209,adaptive_brake,0.0296674445271492,3.4998226165771484,0.3385291695594787,0.017500093797936093,0.0836801528930664,0.02036136251970225,0.2962111971397799,qp_event_allocator_m4_eta0p496_seededdose_m4_eta0p496_r11000_seed41170008.csv
4,0.496,11000,9,41170009,dose_r11000,0,11000,0,0,True,False,13.524649858474731,adaptive_brake,0.0247874092310667,3.34000301361084,0.3567445278167724,0.017542174718285192,0.0536283403635025,0.021177439887415182,0.28912349953183597,qp_event_allocator_m4_eta0p496_seededdose_m4_eta0p496_r11000_seed41170009.csv
4,0.496,11000,10,41170010,dose_r11000,0,11000,0,0,True,False,13.486111164093018,adaptive_brake,0.0261109620332717,3.3606770038604736,0.3564661741256714,0.018064735492068718,0.0614336691796779,0.019984241800290393,0.2678610631909217,qp_event_allocator_m4_eta0p496_seededdose_m4_eta0p496_r11000_seed41170010.csv
4,0.496,11000,11,41170011,dose_r11000,0,11000,0,0,True,True,13.264742612838743,adaptive_brake,0.0271451901644468,3.3798117637634277,0.3425866961479187,0.0169027557959427,0.0654896944761276,0.02111839319726499,0.29055316286439054,qp_event_allocator_m4_eta0p496_seededdose_m4_eta0p496_r11000_seed41170011.csv
4,0.496,11000,12,41170012,dose_r11000,0,11000,0,0,True,False,13.104780197143556,adaptive_brake,0.0286753699183464,3.2329754829406756,0.3568643927574157,0.014837018531532646,0.0739654079079628,0.022598090823426113,0.2577978789930998,qp_event_allocator_m4_eta0p496_seededdose_m4_eta0p496_r11000_seed41170012.csv
4,0.496,11000,13,41170013,dose_r11000,0,11000,0,0,True,False,13.124846696853638,adaptive_brake,0.0264217760413885,3.2392466068267822,0.3515039980411529,0.016940024454362986,0.064771369099617,0.021225365971941183,0.29114892075215354,qp_event_allocator_m4_eta0p496_seededdose_m4_eta0p496_r11000_seed41170013.csv
4,0.496,11000,14,41170014,dose_r11000,0,11000,0,0,True,False,13.347177028656006,adaptive_brake,0.0276907924562692,3.3399124145507812,0.3552608788013458,0.016766658721097047,0.0428733862936496,0.022077298965886626,0.27465201259371586,qp_event_allocator_m4_eta0p496_seededdose_m4_eta0p496_r11000_seed41170014.csv
4,0.496,11000,15,41170015,dose_r11000,0,11000,0,0,True,True,13.404306888580322,adaptive_brake,0.0276984144002199,3.3203420639038086,0.3379530012607574,0.016799702476968055,0.0795911699533462,0.021903950856712356,0.2920286098805806,qp_event_allocator_m4_eta0p496_seededdose_m4_eta0p496_r11000_seed41170015.csv
4,0.496,11000,16,41170016,dose_r11000,0,11000,0,0,True,True,13.427656412124634,adaptive_brake,0.0261984895914793,3.3441262245178223,0.3431922197341919,0.017573682934669967,0.0838247537612915,0.02091961958629804,0.31902240132289755,qp_event_allocator_m4_eta0p496_seededdose_m4_eta0p496_r11000_seed41170016.csv
4,0.496,11000,17,41170017,dose_r11000,0,11000,0,0,True,False,13.45024585723877,adaptive_brake,0.0245251543819904,3.3409011363983154,0.362228512763977,0.016457653637791007,0.0330816023051738,0.02112877186295852,0.285268522566198,qp_event_allocator_m4_eta0p496_seededdose_m4_eta0p496_r11000_seed41170017.csv
4,0.496,11000,18,41170018,dose_r11000,0,11000,0,0,True,True,13.450471878051758,adaptive_brake,0.0298755206167697,3.3402316570281982,0.3272185027599334,0.017748286924378322,0.1066198647022247,0.022192706009473828,0.30243959013356525,qp_event_allocator_m4_eta0p496_seededdose_m4_eta0p496_r11000_seed41170018.csv
4,0.496,11000,19,41170019,dose_r11000,0,11000,0,0,True,False,13.273252487182615,adaptive_brake,0.0275986455380916,3.300936222076416,0.3576893806457519,0.016765355920803637,0.040759440511465,0.022270198699018473,0.28009845370218717,qp_event_allocator_m4_eta0p496_seededdose_m4_eta0p496_r11000_seed41170019.csv
4,0.496,11000,20,41170020,dose_r11000,0,11000,0,0,True,True,13.484786748886108,adaptive_brake,0.0285375155508518,3.338956356048584,0.344373345375061,0.01823344820012531,0.0830560773611068,0.022997321041533597,0.326726344767416,qp_event_allocator_m4_eta0p496_seededdose_m4_eta0p496_r11000_seed41170020.csv
4,0.496,11000,21,41170021,dose_r11000,0,11000,0,0,True,True,13.124222755432127,adaptive_brake,0.0295561254024505,3.2803368568420392,0.3470451533794403,0.016386805305349847,0.0514014847576618,0.02122629419960213,0.28002265545497557,qp_event_allocator_m4_eta0p496_seededdose_m4_eta0p496_r11000_seed41170021.csv
4,0.496,11000,22,41170022,dose_r11000,0,11000,0,0,True,False,13.29147481918335,adaptive_brake,0.0289154928177595,3.400959014892578,0.3500548899173736,0.018407020973135117,0.0692912712693214,0.023927046725555363,0.29343109804341916,qp_event_allocator_m4_eta0p496_seededdose_m4_eta0p496_r11000_seed41170022.csv
4,0.496,11000,23,41170023,dose_r11000,0,11000,0,0,True,False,13.465261936187744,adaptive_brake,0.0240473207086324,3.30000901222229,0.3557658493518829,0.016327679056748576,0.0454560071229934,0.022250335561670477,0.2848076540032718,qp_event_allocator_m4_eta0p496_seededdose_m4_eta0p496_r11000_seed41170023.csv
4,0.496,11000,24,41170024,dose_r11000,0,11000,0,0,True,False,13.148422002792358,adaptive_brake,0.0262682270258665,3.20003294944763,0.3586697578430176,0.015651406107918535,0.0479981750249862,0.022471754151312397,0.26478221284561143,qp_event_allocator_m4_eta0p496_seededdose_m4_eta0p496_r11000_seed41170024.csv
4,0.496,11000,25,41170025,dose_r11000,0,11000,0,0,True,False,13.307425260543823,adaptive_brake,0.0269110482186079,3.242349624633789,0.355482280254364,0.016477324762536064,0.0420143902301788,0.023290784155439986,0.27475248129750734,qp_event_allocator_m4_eta0p496_seededdose_m4_eta0p496_r11000_seed41170025.csv
4,0.496,11000,26,41170026,dose_r11000,0,11000,0,0,True,True,13.486149549484251,adaptive_brake,0.0275070145726203,3.3421680927276594,0.3464151918888092,0.017980238471173696,0.0771491974592208,0.023083637964509972,0.2920729678632241,qp_event_allocator_m4_eta0p496_seededdose_m4_eta0p496_r11000_seed41170026.csv
4,0.496,11000,27,41170027,dose_r11000,0,11000,0,0,True,True,13.506076574325562,adaptive_brake,0.025550527498126,3.340352773666382,0.3442836403846741,0.017558862017370207,0.0781486108899116,0.02117217944322346,0.29790595942567755,qp_event_allocator_m4_eta0p496_seededdose_m4_eta0p496_r11000_seed41170027.csv
4,0.496,11000,28,41170028,dose_r11000,0,11000,0,0,True,True,13.485490083694458,adaptive_brake,0.025023479014635,3.3609821796417236,0.3447975814342499,0.01757450764777813,0.0575372502207756,0.020929607556022578,0.31937120502509114,qp_event_allocator_m4_eta0p496_seededdose_m4_eta0p496_r11000_seed41170028.csv
4,0.496,11000,29,41170029,dose_r11000,0,11000,0,0,True,True,13.249648094177246,adaptive_brake,0.0254290383309125,3.360154628753662,0.3444233238697052,0.017436949776104882,0.0692667812108993,0.022098557278072674,0.2929048705447806,qp_event_allocator_m4_eta0p496_seededdose_m4_eta0p496_r11000_seed41170029.csv
4,0.496,11000,30,41170030,dose_r11000,0,11000,0,0,True,False,13.346007347106934,adaptive_brake,0.0255752466619014,3.2591309547424316,0.3613089621067047,0.016622253441183624,0.0432904660701751,0.0222295643987369,0.270437133061965,qp_event_allocator_m4_eta0p496_seededdose_m4_eta0p496_r11000_seed41170030.csv
4,0.496,12000,1,41270001,dose_r12000,0,12000,0,0,True,True,13.834163427352903,adaptive_brake,0.0241415929049253,3.619781017303465,0.3399168848991394,0.020048764467667582,0.0772275030612945,0.019542757281368017,0.33775753475726744,qp_event_allocator_m4_eta0p496_seededdose_m4_eta0p496_r12000_seed41270001.csv
4,0.496,12000,2,41270002,dose_r12000,0,12000,0,0,True,True,13.626686573028564,adaptive_brake,0.0247693415731191,3.7198846340179443,0.3331329822540283,0.01918763058642247,0.1120092049241066,0.018314287453472616,0.33310139917747394,qp_event_allocator_m4_eta0p496_seededdose_m4_eta0p496_r12000_seed41270002.csv
4,0.496,12000,3,41270003,dose_r12000,0,12000,0,0,True,True,13.865824460983276,adaptive_brake,0.0262178387492895,3.700192928314209,0.3322262465953827,0.019431093981902774,0.1010314002633094,0.01747162905080287,0.3402404626252621,qp_event_allocator_m4_eta0p496_seededdose_m4_eta0p496_r12000_seed41270003.csv
4,0.496,12000,4,41270004,dose_r12000,0,12000,0,0,True,False,13.328653812408447,adaptive_brake,0.0258624833077192,3.5403614044189453,0.3510729968547821,0.019989237458739074,0.0324358530342578,0.01862360606986917,0.2796766224418568,qp_event_allocator_m4_eta0p496_seededdose_m4_eta0p496_r12000_seed41270004.csv
4,0.496,12000,5,41270005,dose_r12000,0,12000,0,0,True,True,13.384661674499512,adaptive_brake,0.0232238881289958,3.499070882797241,0.3456016778945923,0.01974473566399753,0.0141030829399824,0.01971297952938798,0.27812493437858754,qp_event_allocator_m4_eta0p496_seededdose_m4_eta0p496_r12000_seed41270005.csv
4,0.496,12000,6,41270006,dose_r12000,0,12000,0,0,True,True,13.664710521697998,adaptive_brake,0.0292105823755264,3.419957399368286,0.3365635871887207,0.02026570218793738,0.0569111965596675,0.0198977480852061,0.31764084315490554,qp_event_allocator_m4_eta0p496_seededdose_m4_eta0p496_r12000_seed41270006.csv
4,0.496,12000,7,41270007,dose_r12000,0,12000,0,0,True,False,13.425736904144289,adaptive_brake,0.0270687732845544,3.460317850112917,0.3542799353599548,0.020828183259386922,0.0238293595612049,0.02092781820359831,0.3339926939506164,qp_event_allocator_m4_eta0p496_seededdose_m4_eta0p496_r12000_seed41270007.csv
4,0.496,12000,8,41270008,dose_r12000,0,12000,0,0,True,True,13.726077318191528,adaptive_brake,0.0259680785238742,3.6607401371002197,0.3348846137523651,0.021675780502723428,0.1233584433794021,0.01716627755124483,0.3368333911400693,qp_event_allocator_m4_eta0p496_seededdose_m4_eta0p496_r12000_seed41270008.csv
4,0.496,12000,9,41270009,dose_r12000,0,12000,0,0,True,True,13.565155744552612,adaptive_brake,0.0254195891320705,3.700422048568724,0.3418868780136108,0.018881496193118772,0.0845413133502006,0.01863154498958639,0.3106123981694434,qp_event_allocator_m4_eta0p496_seededdose_m4_eta0p496_r12000_seed41270009.csv
4,0.496,12000,10,41270010,dose_r12000,0,12000,0,0,True,True,13.606141090393066,adaptive_brake,0.0283717345446348,3.5001063346862775,0.339008629322052,0.020298506047858274,0.0331548228859901,0.018725635867654675,0.32385593635728394,qp_event_allocator_m4_eta0p496_seededdose_m4_eta0p496_r12000_seed41270010.csv
4,0.496,12000,11,41270011,dose_r12000,0,12000,0,0,True,True,13.609593152999878,adaptive_brake,0.0293975379317998,3.680093288421629,0.3391298949718475,0.01978582876091898,0.10468590259552,0.01837716144015256,0.31629811611134634,qp_event_allocator_m4_eta0p496_seededdose_m4_eta0p496_r12000_seed41270011.csv
4,0.496,12000,12,41270012,dose_r12000,0,12000,0,0,True,False,13.324512720108032,adaptive_brake,0.0243349038064479,3.439974784851074,0.3570695221424103,0.01991139516202053,0.0214827209711074,0.019777792411512007,0.3142031694436976,qp_event_allocator_m4_eta0p496_seededdose_m4_eta0p496_r12000_seed41270012.csv
4,0.496,12000,13,41270013,dose_r12000,0,12000,0,0,True,True,13.56564712524414,adaptive_brake,0.0254290234297513,3.5998599529266357,0.3443451821804046,0.0197483473878162,0.0476770624518394,0.019881348630536512,0.34106473375955304,qp_event_allocator_m4_eta0p496_seededdose_m4_eta0p496_r12000_seed41270013.csv
4,0.496,12000,14,41270014,dose_r12000,0,12000,0,0,True,False,13.303497791290283,adaptive_brake,0.0238177385181188,3.5192348957061768,0.3515006899833679,0.021104630076138036,0.0478844828903675,0.018801547366412673,0.3231308709503568,qp_event_allocator_m4_eta0p496_seededdose_m4_eta0p496_r12000_seed41270014.csv
4,0.496,12000,15,41270015,dose_r12000,0,12000,0,0,True,True,13.52687406539917,adaptive_brake,0.02564387768507,3.6010589599609375,0.3494362533092499,0.021580210187512005,0.1097177043557167,0.019684369814188894,0.31418573221593016,qp_event_allocator_m4_eta0p496_seededdose_m4_eta0p496_r12000_seed41270015.csv
4,0.496,12000,16,41270016,dose_r12000,0,12000,0,0,True,True,13.664544105529783,adaptive_brake,0.028998939320445,3.559687614440916,0.3284933567047119,0.020856380110704755,0.0721211656928062,0.019642524146758853,0.3273006013480415,qp_event_allocator_m4_eta0p496_seededdose_m4_eta0p496_r12000_seed41270016.csv
4,0.496,12000,17,41270017,dose_r12000,0,12000,0,0,True,False,13.4663507938385,adaptive_brake,0.0239566136151552,3.5605595111846906,0.3556085228919983,0.019647239771913693,0.02189876511693,0.018770412797397523,0.33391912226816095,qp_event_allocator_m4_eta0p496_seededdose_m4_eta0p496_r12000_seed41270017.csv
4,0.496,12000,18,41270018,dose_r12000,0,12000,0,0,True,True,13.888094425201416,adaptive_brake,0.0268605891615152,3.8227145671844482,0.3266612291336059,0.01855137919917148,0.1488501876592636,0.017374799646205828,0.3342967722393072,qp_event_allocator_m4_eta0p496_seededdose_m4_eta0p496_r12000_seed41270018.csv
4,0.496,12000,19,41270019,dose_r12000,0,12000,0,0,True,True,13.764687776565552,adaptive_brake,0.0260973684489727,3.70015549659729,0.331996738910675,0.019659115710315762,0.1105159968137741,0.019614284471467246,0.3110424342608434,qp_event_allocator_m4_eta0p496_seededdose_m4_eta0p496_r12000_seed41270019.csv
4,0.496,12000,20,41270020,dose_r12000,0,12000,0,0,True,False,13.443386793136597,adaptive_brake,0.0279160644859075,3.5604937076568604,0.3549941480159759,0.019079638189138777,0.0160400960594415,0.019642495391120493,0.32042361731558927,qp_event_allocator_m4_eta0p496_seededdose_m4_eta0p496_r12000_seed41270020.csv
4,0.496,12000,21,41270021,dose_r12000,0,12000,0,0,True,True,13.78587293624878,adaptive_brake,0.0280257388949394,3.6399474143981934,0.3310756385326385,0.019847933402604188,0.0817047581076622,0.017471637391300535,0.35779763170528833,qp_event_allocator_m4_eta0p496_seededdose_m4_eta0p496_r12000_seed41270021.csv
4,0.496,12000,22,41270022,dose_r12000,0,12000,0,0,True,True,13.346213579177856,adaptive_brake,0.0275924317538738,3.542386293411255,0.3351555168628692,0.0202661334577059,0.0463237389922142,0.018592462645410115,0.3148056173349772,qp_event_allocator_m4_eta0p496_seededdose_m4_eta0p496_r12000_seed41270022.csv
4,0.496,12000,23,41270023,dose_r12000,0,12000,0,0,True,True,13.60574460029602,adaptive_brake,0.0237385388463735,3.5414016246795637,0.3227982521057129,0.017898852410360478,0.0396602191030979,0.019595585888612536,0.28565144908792944,qp_event_allocator_m4_eta0p496_seededdose_m4_eta0p496_r12000_seed41270023.csv
4,0.496,12000,24,41270024,dose_r12000,0,12000,0,0,True,True,13.62662434577942,adaptive_brake,0.0266128666698932,3.6809728145599383,0.3364960551261902,0.019281030830283766,0.0814997106790542,0.018666215970840623,0.3051478290901395,qp_event_allocator_m4_eta0p496_seededdose_m4_eta0p496_r12000_seed41270024.csv
4,0.496,12000,25,41270025,dose_r12000,0,12000,0,0,True,True,13.667006969451904,adaptive_brake,0.0264339242130517,3.640171766281128,0.3404850363731384,0.018325780811749744,0.0445374585688114,0.019715313027371284,0.3079575258248912,qp_event_allocator_m4_eta0p496_seededdose_m4_eta0p496_r12000_seed41270025.csv
4,0.496,12000,26,41270026,dose_r12000,0,12000,0,0,True,True,13.60352087020874,adaptive_brake,0.026828883215785,3.4592738151550275,0.347208023071289,0.020516018617295097,0.0187818445265293,0.01990077784034453,0.32205658130579234,qp_event_allocator_m4_eta0p496_seededdose_m4_eta0p496_r12000_seed41270026.csv
4,0.496,12000,27,41270027,dose_r12000,0,12000,0,0,True,True,13.346670627593994,adaptive_brake,0.023433381691575,3.580026626586914,0.3343603312969208,0.02030381211135841,0.0650605261325836,0.018702190916181062,0.3474722327016219,qp_event_allocator_m4_eta0p496_seededdose_m4_eta0p496_r12000_seed41270027.csv
4,0.496,12000,28,41270028,dose_r12000,0,12000,0,0,True,True,15.806869983673096,adaptive_brake,0.0266242865473032,5.560970783233644,0.2651688158512115,0.01893778901084405,0.4905815720558166,0.004848014955100518,0.48841707703025233,qp_event_allocator_m4_eta0p496_seededdose_m4_eta0p496_r12000_seed41270028.csv
4,0.496,12000,29,41270029,dose_r12000,0,12000,0,0,True,True,13.884540319442747,adaptive_brake,0.0250530708581209,3.638906002044676,0.3269424736499786,0.02117677142537863,0.1128712743520736,0.01850593834076354,0.35039030919235514,qp_event_allocator_m4_eta0p496_seededdose_m4_eta0p496_r12000_seed41270029.csv
4,0.496,12000,30,41270030,dose_r12000,0,12000,0,0,True,True,13.769055128097534,adaptive_brake,0.0254832860082387,3.5422515869140625,0.3344445824623108,0.01996303960558006,0.0446572862565517,0.017373838000145574,0.3300766299719533,qp_event_allocator_m4_eta0p496_seededdose_m4_eta0p496_r12000_seed41270030.csv
4,0.496,13000,1,41370001,dose_r13000,0,13000,0,0,True,True,14.169872760772703,adaptive_brake,0.0289063937962055,4.020673751831053,0.3297165036201477,0.017112313401801686,0.1413267850875854,0.01625911959031313,0.333927324998152,qp_event_allocator_m4_eta0p496_seededdose_m4_eta0p496_r13000_seed41370001.csv
4,0.496,13000,2,41370002,dose_r13000,0,13000,0,0,True,True,14.047382593154907,adaptive_brake,0.0250053461641073,3.980311870574951,0.3275938332080841,0.019380415817092086,0.1690973490476608,0.016258085537500636,0.32440769756187127,qp_event_allocator_m4_eta0p496_seededdose_m4_eta0p496_r13000_seed41370002.csv
4,0.496,13000,3,41370003,dose_r13000,0,13000,0,0,True,True,13.584717273712158,adaptive_brake,0.025849625468254,3.680947780609131,0.3446031510829925,0.0219747359127317,0.0579659454524517,0.01851223130198666,0.34664661014804954,qp_event_allocator_m4_eta0p496_seededdose_m4_eta0p496_r13000_seed41370003.csv
4,0.496,13000,4,41370004,dose_r13000,0,13000,0,0,True,True,13.92548394203186,adaptive_brake,0.0236546788364648,3.919052839279175,0.3367551565170288,0.019387623654909234,0.1328392475843429,0.017260222895336106,0.3814313583681908,qp_event_allocator_m4_eta0p496_seededdose_m4_eta0p496_r13000_seed41370004.csv
4,0.496,13000,5,41370005,dose_r13000,0,13000,0,0,True,True,13.72346544265747,adaptive_brake,0.0236182585358619,3.760144233703615,0.349512368440628,0.01915384008142722,0.0278888400644063,0.01846868919801087,0.2915783655645893,qp_event_allocator_m4_eta0p496_seededdose_m4_eta0p496_r13000_seed41370005.csv
4,0.496,13000,6,41370006,dose_r13000,0,13000,0,0,True,False,13.945456504821776,adaptive_brake,0.0230185072869062,3.82048988342285,0.3532927334308624,0.022186400027325345,0.1316570192575454,0.01717063423251478,0.3756896196478029,qp_event_allocator_m4_eta0p496_seededdose_m4_eta0p496_r13000_seed41370006.csv
4,0.496,13000,7,41370007,dose_r13000,0,13000,0,0,True,True,14.06681203842163,adaptive_brake,0.0297201480716466,3.8399925231933594,0.3438311517238617,0.02002413569108476,0.0900891572237014,0.01755604741198415,0.31424097432240916,qp_event_allocator_m4_eta0p496_seededdose_m4_eta0p496_r13000_seed41370007.csv
4,0.496,13000,8,41370008,dose_r13000,0,13000,0,0,True,True,13.827658653259276,adaptive_brake,0.0275438446551561,3.8819003105163556,0.3405243456363678,0.02213457116001317,0.1474315673112869,0.016295413306467228,0.3570447884756344,qp_event_allocator_m4_eta0p496_seededdose_m4_eta0p496_r13000_seed41370008.csv
4,0.496,13000,9,41370009,dose_r13000,0,13000,0,0,True,True,13.784830570220947,adaptive_brake,0.0251185409724712,3.780128002166748,0.335421472787857,0.02071222694108062,0.0812468826770782,0.016434963957410353,0.36663085119632305,qp_event_allocator_m4_eta0p496_seededdose_m4_eta0p496_r13000_seed41370009.csv
4,0.496,13000,10,41370010,dose_r13000,0,13000,0,0,True,True,14.084543943405151,adaptive_brake,0.0240552816540002,3.91998076438904,0.338642418384552,0.01825032689324876,0.1135837733745575,0.01631444440392932,0.37215841264119226,qp_event_allocator_m4_eta0p496_seededdose_m4_eta0p496_r13000_seed41370010.csv
4,0.496,13000,11,41370011,dose_r13000,0,13000,0,0,True,False,13.810744047164915,adaptive_brake,0.0297384150326252,3.639293432235716,0.3748067319393158,0.022593237516897877,0.0645842775702476,0.01747332609406314,0.3456290148362017,qp_event_allocator_m4_eta0p496_seededdose_m4_eta0p496_r13000_seed41370011.csv
4,0.496,13000,12,41370012,dose_r13000,0,13000,0,0,True,True,14.065053701400757,adaptive_brake,0.0249492339789867,3.8210582733154297,0.3408461511135101,0.020366484649651826,0.0956837087869644,0.017341125257384564,0.35879195492919236,qp_event_allocator_m4_eta0p496_seededdose_m4_eta0p496_r13000_seed41370012.csv
4,0.496,13000,13,41370013,dose_r13000,0,13000,0,0,True,False,13.765611410140991,adaptive_brake,0.0231163185089826,3.8608486652374268,0.3507307469844818,0.020047726867242436,0.0957709625363349,0.017341277155825372,0.33538072274285957,qp_event_allocator_m4_eta0p496_seededdose_m4_eta0p496_r13000_seed41370013.csv
4,0.496,13000,14,41370014,dose_r13000,0,13000,0,0,True,True,14.029101371765137,adaptive_brake,0.0284654814749956,3.882887840270996,0.335777074098587,0.02028048354413102,0.1279201209545135,0.017573623675050765,0.34064808968417426,qp_event_allocator_m4_eta0p496_seededdose_m4_eta0p496_r13000_seed41370014.csv
4,0.496,13000,15,41370015,dose_r13000,0,13000,0,0,True,True,14.062946796417236,adaptive_brake,0.027275713160634,3.8589611053466797,0.3454484641551971,0.019155219441721005,0.0806564092636108,0.016624897067067445,0.3513234178343397,qp_event_allocator_m4_eta0p496_seededdose_m4_eta0p496_r13000_seed41370015.csv
4,0.496,13000,16,41370016,dose_r13000,0,13000,0,0,True,True,13.742836952209473,adaptive_brake,0.0249720904976129,3.979835271835327,0.3401402533054352,0.018699907237467145,0.1398198157548904,0.016155443934397766,0.36368124040526584,qp_event_allocator_m4_eta0p496_seededdose_m4_eta0p496_r13000_seed41370016.csv
4,0.496,13000,17,41370017,dose_r13000,0,13000,0,0,True,True,14.12505269050598,adaptive_brake,0.0252354275435209,3.9404401779174805,0.3462783694267273,0.019516240845524755,0.1121264621615409,0.016191544963038422,0.3469603495820803,qp_event_allocator_m4_eta0p496_seededdose_m4_eta0p496_r13000_seed41370017.csv
4,0.496,13000,18,41370018,dose_r13000,0,13000,0,0,True,True,14.126760005950928,adaptive_brake,0.0276845935732126,3.920747995376587,0.3296513855457306,0.01942974685951912,0.1347273737192154,0.018263499923307686,0.3198943128721099,qp_event_allocator_m4_eta0p496_seededdose_m4_eta0p496_r13000_seed41370018.csv
4,0.496,13000,19,41370019,dose_r13000,0,13000,0,0,True,True,13.944754600524902,adaptive_brake,0.0285894386470317,3.7404751777648926,0.3455147445201874,0.020542879498980267,0.0530428923666477,0.017302778383027382,0.30540607464991376,qp_event_allocator_m4_eta0p496_seededdose_m4_eta0p496_r13000_seed41370019.csv
4,0.496,13000,20,41370020,dose_r13000,0,13000,0,0,True,False,13.586816549301147,adaptive_brake,0.0287180487066507,3.682077646255493,0.3690040707588196,0.023668157439675794,0.0915869623422622,0.01720807406171556,0.35688638086226826,qp_event_allocator_m4_eta0p496_seededdose_m4_eta0p496_r13000_seed41370020.csv
4,0.496,13000,21,41370021,dose_r13000,0,13000,0,0,True,False,13.707390785217283,adaptive_brake,0.0271055195480585,3.821945667266844,0.3510160744190216,0.01901211068505132,0.0527790784835815,0.01629743094206734,0.35782677552540093,qp_event_allocator_m4_eta0p496_seededdose_m4_eta0p496_r13000_seed41370021.csv
4,0.496,13000,22,41370022,dose_r13000,0,13000,0,0,True,True,13.924281597137451,adaptive_brake,0.028496766462922,3.699911355972292,0.3429221212863922,0.02148876020222617,0.0598798990249633,0.01763318128486838,0.3122019548967325,qp_event_allocator_m4_eta0p496_seededdose_m4_eta0p496_r13000_seed41370022.csv
4,0.496,13000,23,41370023,dose_r13000,0,13000,0,0,True,True,13.585850477218628,adaptive_brake,0.0290506929159164,3.7800204753875715,0.3364749550819397,0.020565212638528545,0.0779041945934295,0.017373091739512438,0.35111513258714827,qp_event_allocator_m4_eta0p496_seededdose_m4_eta0p496_r13000_seed41370023.csv
4,0.496,13000,24,41370024,dose_r13000,0,13000,0,0,True,True,14.066022634506226,adaptive_brake,0.028161447495222,3.8798468112945557,0.3436518311500549,0.019105297114173442,0.0980105027556419,0.017299226073014377,0.3427534639274964,qp_event_allocator_m4_eta0p496_seededdose_m4_eta0p496_r13000_seed41370024.csv
4,0.496,13000,25,41370025,dose_r13000,0,13000,0,0,True,True,13.624146461486816,adaptive_brake,0.026666359975934,3.8192296028137207,0.3349439203739166,0.020647201293396623,0.0998782590031623,0.017340989552498454,0.3635483330893486,qp_event_allocator_m4_eta0p496_seededdose_m4_eta0p496_r13000_seed41370025.csv
4,0.496,13000,26,41370026,dose_r13000,0,13000,0,0,True,True,13.8504900932312,adaptive_brake,0.0252383202314376,4.038867950439451,0.32124063372612,0.018402418438150422,0.1871844679117202,0.016298287626706653,0.34600298328997486,qp_event_allocator_m4_eta0p496_seededdose_m4_eta0p496_r13000_seed41370026.csv
4,0.496,13000,27,41370027,dose_r13000,0,13000,0,0,True,True,13.56600832939148,adaptive_brake,0.0254792235791683,3.700923204421997,0.3415327966213226,0.022025922498218123,0.0666521713137626,0.016388324358274572,0.30637738848694596,qp_event_allocator_m4_eta0p496_seededdose_m4_eta0p496_r13000_seed41370027.csv
4,0.496,13000,28,41370028,dose_r13000,0,13000,0,0,True,True,14.045324563980104,adaptive_brake,0.0289976876229047,3.8011376857757586,0.3445815742015838,0.020498656607849615,0.0814560651779174,0.017373940151364627,0.3227572555922345,qp_event_allocator_m4_eta0p496_seededdose_m4_eta0p496_r13000_seed41370028.csv
4,0.496,13000,29,41370029,dose_r13000,0,13000,0,0,True,True,13.826842308044434,adaptive_brake,0.0278167221695184,3.860175848007202,0.3371328115463257,0.01952225268281624,0.0940341353416442,0.01735243062891372,0.3520041787411967,qp_event_allocator_m4_eta0p496_seededdose_m4_eta0p496_r13000_seed41370029.csv
4,0.496,13000,30,41370030,dose_r13000,0,13000,0,0,True,True,13.587660312652588,adaptive_brake,0.0270796157419681,3.781078577041626,0.3380252420902252,0.020509391566736545,0.0794441923499107,0.0184203076729451,0.3064062220579903,qp_event_allocator_m4_eta0p496_seededdose_m4_eta0p496_r13000_seed41370030.csv
4,0.496,14000,1,41470001,dose_r14000,0,14000,0,0,True,True,14.26994013786316,adaptive_brake,0.0276463739573955,4.120523691177366,0.3488547205924988,0.019635450572112075,0.1289215087890625,0.015124552182789935,0.3721442809366973,qp_event_allocator_m4_eta0p496_seededdose_m4_eta0p496_r14000_seed41470001.csv
4,0.496,14000,2,41470002,dose_r14000,0,14000,0,0,True,True,13.925355434417725,adaptive_brake,0.0285593904554843,4.140865087509155,0.3336545825004577,0.020042594294691084,0.154133915901184,0.014047878884204114,0.35763601472702733,qp_event_allocator_m4_eta0p496_seededdose_m4_eta0p496_r14000_seed41470002.csv
4,0.496,14000,3,41470003,dose_r14000,0,14000,0,0,True,True,13.986379146575928,adaptive_brake,0.0270536113530397,4.0407612323761,0.3411861658096313,0.01904181284391149,0.0953145027160644,0.015098761914363367,0.37317921017587014,qp_event_allocator_m4_eta0p496_seededdose_m4_eta0p496_r14000_seed41470003.csv
4,0.496,14000,4,41470004,dose_r14000,0,14000,0,0,True,True,14.272968769073486,adaptive_brake,0.0231977477669715,4.11897611618042,0.3484276831150055,0.018431545811677275,0.109780266880989,0.01440038765673011,0.35763132686386917,qp_event_allocator_m4_eta0p496_seededdose_m4_eta0p496_r14000_seed41470004.csv
4,0.496,14000,5,41470005,dose_r14000,0,14000,0,0,True,False,13.884167432785034,adaptive_brake,0.0290671344846487,4.099945545196535,0.351652055978775,0.018426709465748595,0.0899967104196548,0.014248320321696383,0.34565763057664445,qp_event_allocator_m4_eta0p496_seededdose_m4_eta0p496_r14000_seed41470005.csv
4,0.496,14000,6,41470006,dose_r14000,0,14000,0,0,True,True,14.084125757217407,adaptive_brake,0.0253713130950927,4.017137050628664,0.347800612449646,0.020483781316713398,0.1008975729346275,0.016331456455107456,0.35874406540359605,qp_event_allocator_m4_eta0p496_seededdose_m4_eta0p496_r14000_seed41470006.csv
4,0.496,14000,7,41470007,dose_r14000,0,14000,0,0,True,True,14.066552639007568,adaptive_brake,0.0247437227517366,4.161048650741577,0.3305469751358032,0.01932959428133347,0.1608422696590423,0.015294376031428861,0.3876879861471238,qp_event_allocator_m4_eta0p496_seededdose_m4_eta0p496_r14000_seed41470007.csv
4,0.496,14000,8,41470008,dose_r14000,0,14000,0,0,True,True,14.584903478622437,adaptive_brake,0.0288490001112222,4.440713644027708,0.3100263476371765,0.017768056457393572,0.1859456151723861,0.015100284173208701,0.4105424012387984,qp_event_allocator_m4_eta0p496_seededdose_m4_eta0p496_r14000_seed41470008.csv
4,0.496,14000,9,41470009,dose_r14000,0,14000,0,0,True,True,14.1469144821167,adaptive_brake,0.0292178113013505,4.040173053741455,0.3402408063411712,0.02009454394550068,0.1096727550029754,0.014085400426487238,0.3871059157160008,qp_event_allocator_m4_eta0p496_seededdose_m4_eta0p496_r14000_seed41470009.csv
4,0.496,14000,10,41470010,dose_r14000,0,14000,0,0,True,True,14.144067525863647,adaptive_brake,0.0235657338052988,3.998622179031372,0.3422350585460663,0.020443909905907682,0.1084233671426773,0.016260550756788728,0.37451826621287654,qp_event_allocator_m4_eta0p496_seededdose_m4_eta0p496_r14000_seed41470010.csv
4,0.496,14000,11,41470011,dose_r14000,0,14000,0,0,True,True,14.367452383041382,adaptive_brake,0.024349870160222,4.141156435012817,0.3313461244106293,0.019792570327796015,0.1630233973264694,0.014223524951743921,0.41218928103313535,qp_event_allocator_m4_eta0p496_seededdose_m4_eta0p496_r14000_seed41470011.csv
4,0.496,14000,12,41470012,dose_r14000,0,14000,0,0,True,False,14.06433916091919,adaptive_brake,0.0234679691493511,4.018500566482544,0.3575131893157959,0.019329921169155072,0.0678774416446685,0.01528932977584447,0.35440718392049697,qp_event_allocator_m4_eta0p496_seededdose_m4_eta0p496_r14000_seed41470012.csv
4,0.496,14000,13,41470013,dose_r14000,0,14000,0,0,True,True,14.045475959777832,adaptive_brake,0.0267259627580642,4.2409186363220215,0.3346139192581177,0.018496202082493467,0.1503075361251831,0.015023510945897997,0.4049006564152406,qp_event_allocator_m4_eta0p496_seededdose_m4_eta0p496_r14000_seed41470013.csv
4,0.496,14000,14,41470014,dose_r14000,0,14000,0,0,True,True,14.191410064697266,adaptive_brake,0.0271000694483518,4.142086505889894,0.3290088474750519,0.019210062392308137,0.1513498872518539,0.015108126311745941,0.38076763015304727,qp_event_allocator_m4_eta0p496_seededdose_m4_eta0p496_r14000_seed41470014.csv
4,0.496,14000,15,41470015,dose_r14000,0,14000,0,0,True,True,14.204098463058472,adaptive_brake,0.0297684296965599,4.1380956172943115,0.3391615152359009,0.01957436833759172,0.1348782330751419,0.014454929577996578,0.38471983996921505,qp_event_allocator_m4_eta0p496_seededdose_m4_eta0p496_r14000_seed41470015.csv
4,0.496,14000,16,41470016,dose_r14000,0,14000,0,0,True,True,14.14503049850464,adaptive_brake,0.0262240525335073,4.200196266174318,0.3469670116901397,0.018126608965401105,0.130805492401123,0.014751075483252472,0.3778296846288539,qp_event_allocator_m4_eta0p496_seededdose_m4_eta0p496_r14000_seed41470016.csv
4,0.496,14000,17,41470017,dose_r14000,0,14000,0,0,True,True,14.2074773311615,adaptive_brake,0.0290154553949832,3.9631178379058856,0.343551754951477,0.019940832855906483,0.0489410385489463,0.016260276674759152,0.386697277859269,qp_event_allocator_m4_eta0p496_seededdose_m4_eta0p496_r14000_seed41470017.csv
4,0.496,14000,18,41470018,dose_r14000,0,14000,0,0,True,True,14.244964122772217,adaptive_brake,0.0295572392642498,4.118912220001221,0.3356017172336578,0.020063913191537,0.159977838397026,0.014785463987087466,0.3803578218113674,qp_event_allocator_m4_eta0p496_seededdose_m4_eta0p496_r14000_seed41470018.csv
4,0.496,14000,19,41470019,dose_r14000,0,14000,0,0,True,True,14.486629962921144,adaptive_brake,0.0274419654160738,4.23911762237549,0.3390341997146606,0.018325667833822334,0.1456577032804489,0.014172397753538854,0.3931764916457961,qp_event_allocator_m4_eta0p496_seededdose_m4_eta0p496_r14000_seed41470019.csv
4,0.496,14000,20,41470020,dose_r14000,0,14000,0,0,True,True,13.947059392929075,adaptive_brake,0.0245232228189706,4.098098516464232,0.3408418595790863,0.01860284783376943,0.1132071018218994,0.014213302320059965,0.371366892612722,qp_event_allocator_m4_eta0p496_seededdose_m4_eta0p496_r14000_seed41470020.csv
4,0.496,14000,21,41470021,dose_r14000,0,14000,0,0,True,True,13.97125768661499,adaptive_brake,0.0299056489020586,4.0058512687683105,0.3275468051433563,0.01954172373541192,0.0917922034859657,0.014413475476694358,0.37360665990773206,qp_event_allocator_m4_eta0p496_seededdose_m4_eta0p496_r14000_seed41470021.csv
4,0.496,14000,22,41470022,dose_r14000,0,14000,0,0,True,True,14.34666109085083,adaptive_brake,0.0238454267382621,4.1803388595581055,0.3360061943531036,0.019355888121032158,0.1552010923624038,0.015241486387997182,0.38474094864587155,qp_event_allocator_m4_eta0p496_seededdose_m4_eta0p496_r14000_seed41470022.csv
4,0.496,14000,23,41470023,dose_r14000,0,14000,0,0,True,True,14.205463409423828,adaptive_brake,0.0291432663798332,4.242335557937622,0.3429414629936218,0.0181593977178499,0.1425132751464843,0.015099955559882633,0.3755667441280104,qp_event_allocator_m4_eta0p496_seededdose_m4_eta0p496_r14000_seed41470023.csv
4,0.496,14000,24,41470024,dose_r14000,0,14000,0,0,True,True,14.326364040374756,adaptive_brake,0.0277472957968711,4.200367689132692,0.3241578936576843,0.017286971795142422,0.1419821381568908,0.014371199028523508,0.37195885818443747,qp_event_allocator_m4_eta0p496_seededdose_m4_eta0p496_r14000_seed41470024.csv
4,0.496,14000,25,41470025,dose_r14000,0,14000,0,0,True,True,14.309715986251833,adaptive_brake,0.0264341626316308,4.26259446144104,0.3386006653308868,0.01854013828948261,0.1575651913881302,0.01408520639555246,0.4164815659904058,qp_event_allocator_m4_eta0p496_seededdose_m4_eta0p496_r14000_seed41470025.csv
4,0.496,14000,26,41470026,dose_r14000,0,14000,0,0,True,True,14.044054508209229,adaptive_brake,0.028009295463562,4.199088811874388,0.3405220508575439,0.018851877366023992,0.1404777467250824,0.014328521901178656,0.37321156920400594,qp_event_allocator_m4_eta0p496_seededdose_m4_eta0p496_r14000_seed41470026.csv
4,0.496,14000,27,41470027,dose_r14000,0,14000,0,0,True,True,14.172197818756104,adaptive_brake,0.0275782700628042,4.101300716400148,0.3399301767349243,0.018892293653789107,0.1299232393503189,0.0150594849100229,0.3809371310877335,qp_event_allocator_m4_eta0p496_seededdose_m4_eta0p496_r14000_seed41470027.csv
4,0.496,14000,28,41470028,dose_r14000,0,14000,0,0,True,True,14.188319444656372,adaptive_brake,0.023567846044898,4.09990668296814,0.3405115306377411,0.020057015442142053,0.1381149142980575,0.014015168414222358,0.3901631050012713,qp_event_allocator_m4_eta0p496_seededdose_m4_eta0p496_r14000_seed41470028.csv
4,0.496,14000,29,41470029,dose_r14000,0,14000,0,0,True,False,14.246622323989868,adaptive_brake,0.0231210943311452,4.161890983581545,0.3507329523563385,0.019270286379112878,0.1329045444726944,0.015206530959491558,0.37173852762266724,qp_event_allocator_m4_eta0p496_seededdose_m4_eta0p496_r14000_seed41470029.csv
4,0.496,14000,30,41470030,dose_r14000,0,14000,0,0,True,True,13.78439164161682,adaptive_brake,0.0269328486174345,4.0199875831604,0.3481574654579162,0.019519932035115577,0.0909781008958816,0.016136558659584035,0.38499763625682626,qp_event_allocator_m4_eta0p496_seededdose_m4_eta0p496_r14000_seed41470030.csv
