eta,n_states,unique_winners,consensus_winner,majority_winner,majority_count,mean_winner_margin,min_winner_margin,max_winner_margin
0.496000,24,1,balanced_3000_0_3000_12000,balanced_3000_0_3000_12000,24,0.027496946595722882,0.027496946595722882,0.027496946595722882
0.496001,24,1,balanced_3000_0_3000_12000,balanced_3000_0_3000_12000,24,0.027473792301973887,0.027473792301973887,0.027473792301973887
0.496002,24,1,balanced_3000_0_3000_12000,balanced_3000_0_3000_12000,24,0.027450638008223116,0.027450638008223116,0.027450638008223116
0.496003,24,1,balanced_3000_0_3000_12000,balanced_3000_0_3000_12000,24,0.02742748371447412,0.02742748371447412,0.02742748371447412
0.496004,24,1,balanced_3000_0_3000_12000,balanced_3000_0_3000_12000,24,0.02740432942072335,0.02740432942072335,0.02740432942072335
0.496005,24,1,balanced_3000_0_3000_12000,balanced_3000_0_3000_12000,24,0.027381175126974355,0.027381175126974355,0.027381175126974355
0.496006,24,1,balanced_3000_0_3000_12000,balanced_3000_0_3000_12000,24,0.027358020833223584,0.027358020833223584,0.027358020833223584
0.496007,24,1,balanced_3000_0_3000_12000,balanced_3000_0_3000_12000,24,0.02733486653947459,0.02733486653947459,0.02733486653947459
0.496008,24,1,balanced_3000_0_3000_12000,balanced_3000_0_3000_12000,24,0.027311712245723818,0.027311712245723818,0.027311712245723818
0.496009,24,1,balanced_3000_0_3000_12000,balanced_3000_0_3000_12000,24,0.027288557951973935,0.027288557951973935,0.027288557951973935
0.496010,24,1,balanced_3000_0_3000_12000,balanced_3000_0_3000_12000,24,0.027265403658223164,0.027265403658223164,0.027265403658223164
0.496011,24,1,balanced_3000_0_3000_12000,balanced_3000_0_3000_12000,24,0.02724224936447417,0.02724224936447417,0.02724224936447417
0.496012,24,1,balanced_3000_0_3000_12000,balanced_3000_0_3000_12000,24,0.02721909507072251,0.02721909507072251,0.02721909507072251
0.496013,24,1,balanced_3000_0_3000_12000,balanced_3000_0_3000_12000,24,0.027195940776973515,0.027195940776973515,0.027195940776973515
0.496014,24,1,balanced_3000_0_3000_12000,balanced_3000_0_3000_12000,24,0.027172786483223632,0.027172786483223632,0.027172786483223632
0.496015,24,1,balanced_3000_0_3000_12000,balanced_3000_0_3000_12000,24,0.027149632189474637,0.027149632189474637,0.027149632189474637
0.496016,24,1,balanced_3000_0_3000_12000,balanced_3000_0_3000_12000,24,0.027126477895722978,0.027126477895722978,0.027126477895722978
0.496017,24,1,balanced_3000_0_3000_12000,balanced_3000_0_3000_12000,24,0.02710332360197487,0.02710332360197487,0.02710332360197487
0.496018,24,1,balanced_3000_0_3000_12000,balanced_3000_0_3000_12000,24,0.027080169308223212,0.027080169308223212,0.027080169308223212
0.496019,24,1,balanced_3000_0_3000_12000,balanced_3000_0_3000_12000,24,0.027057015014474217,0.027057015014474217,0.027057015014474217
0.496020,24,1,balanced_3000_0_3000_12000,balanced_3000_0_3000_12000,24,0.027033860720722558,0.027033860720722558,0.027033860720722558
0.496021,24,1,balanced_3000_0_3000_12000,balanced_3000_0_3000_12000,24,0.027010706426973563,0.027010706426973563,0.027010706426973563
0.496022,24,1,balanced_3000_0_3000_12000,balanced_3000_0_3000_12000,24,0.026987552133222792,0.026987552133222792,0.026987552133222792
0.496023,24,1,balanced_3000_0_3000_12000,balanced_3000_0_3000_12000,24,0.026964397839473797,0.026964397839473797,0.026964397839473797
0.496024,24,1,balanced_3000_0_3000_12000,balanced_3000_0_3000_12000,24,0.026941243545722138,0.026941243545722138,0.026941243545722138
0.496025,24,1,balanced_3000_0_3000_12000,balanced_3000_0_3000_12000,24,0.02691808925197403,0.02691808925197403,0.02691808925197403
0.496026,24,1,balanced_3000_0_3000_12000,balanced_3000_0_3000_12000,24,0.02689493495822326,0.02689493495822326,0.02689493495822326
0.496027,24,1,balanced_3000_0_3000_12000,balanced_3000_0_3000_12000,24,0.026871780664474265,0.026871780664474265,0.026871780664474265
0.496028,24,1,balanced_3000_0_3000_12000,balanced_3000_0_3000_12000,24,0.026848626370724382,0.026848626370724382,0.026848626370724382
0.496029,24,1,balanced_3000_0_3000_12000,balanced_3000_0_3000_12000,24,0.02682547207697361,0.02682547207697361,0.02682547207697361
0.496030,24,1,balanced_3000_0_3000_12000,balanced_3000_0_3000_12000,24,0.026802317783223728,0.026802317783223728,0.026802317783223728
0.496031,24,1,balanced_3000_0_3000_12000,balanced_3000_0_3000_12000,24,0.026779163489473845,0.026779163489473845,0.026779163489473845
0.496032,24,1,balanced_3000_0_3000_12000,balanced_3000_0_3000_12000,24,0.026756009195723962,0.026756009195723962,0.026756009195723962
0.496033,24,1,balanced_3000_0_3000_12000,balanced_3000_0_3000_12000,24,0.02673285490197319,0.02673285490197319,0.02673285490197319
0.496034,24,1,balanced_3000_0_3000_12000,balanced_3000_0_3000_12000,24,0.026709700608225084,0.026709700608225084,0.026709700608225084
0.496035,24,1,balanced_3000_0_3000_12000,balanced_3000_0_3000_12000,24,0.026686546314473425,0.026686546314473425,0.026686546314473425
0.496036,24,1,balanced_3000_0_3000_12000,balanced_3000_0_3000_12000,24,0.02666339202072443,0.02666339202072443,0.02666339202072443
0.496037,24,1,balanced_3000_0_3000_12000,balanced_3000_0_3000_12000,24,0.02664023772697366,0.02664023772697366,0.02664023772697366
0.496038,24,1,balanced_3000_0_3000_12000,balanced_3000_0_3000_12000,24,0.026617083433223776,0.026617083433223776,0.026617083433223776
0.496039,24,1,balanced_3000_0_3000_12000,balanced_3000_0_3000_12000,24,0.026593929139473005,0.026593929139473005,0.026593929139473005
0.496040,24,1,balanced_3000_0_3000_12000,balanced_3000_0_3000_12000,24,0.02657077484572401,0.02657077484572401,0.02657077484572401
0.496041,24,1,balanced_3000_0_3000_12000,balanced_3000_0_3000_12000,24,0.026547620551974127,0.026547620551974127,0.026547620551974127
0.496042,24,1,balanced_3000_0_3000_12000,balanced_3000_0_3000_12000,24,0.026524466258225132,0.026524466258225132,0.026524466258225132
0.496043,24,1,balanced_3000_0_3000_12000,balanced_3000_0_3000_12000,24,0.02650131196447436,0.02650131196447436,0.02650131196447436
0.496044,24,1,balanced_3000_0_3000_12000,balanced_3000_0_3000_12000,24,0.02647815767072359,0.02647815767072359,0.02647815767072359
0.496045,24,1,balanced_3000_0_3000_12000,balanced_3000_0_3000_12000,24,0.02645500337697282,0.02645500337697282,0.02645500337697282
0.496046,24,1,balanced_3000_0_3000_12000,balanced_3000_0_3000_12000,24,0.026431849083223824,0.026431849083223824,0.026431849083223824
0.496047,24,1,balanced_3000_0_3000_12000,balanced_3000_0_3000_12000,24,0.026408694789473053,0.026408694789473053,0.026408694789473053
0.496048,24,1,balanced_3000_0_3000_12000,balanced_3000_0_3000_12000,24,0.02638554049572317,0.02638554049572317,0.02638554049572317
0.496049,24,1,balanced_3000_0_3000_12000,balanced_3000_0_3000_12000,24,0.026362386201973287,0.026362386201973287,0.026362386201973287
0.496050,24,1,balanced_3000_0_3000_12000,balanced_3000_0_3000_12000,24,0.026339231908224292,0.026339231908224292,0.026339231908224292
0.496051,24,1,balanced_3000_0_3000_12000,balanced_3000_0_3000_12000,24,0.02631607761447441,0.02631607761447441,0.02631607761447441
0.496052,24,1,balanced_3000_0_3000_12000,balanced_3000_0_3000_12000,24,0.026292923320724526,0.026292923320724526,0.026292923320724526
0.496053,24,1,balanced_3000_0_3000_12000,balanced_3000_0_3000_12000,24,0.026269769026973755,0.026269769026973755,0.026269769026973755
0.496054,24,1,balanced_3000_0_3000_12000,balanced_3000_0_3000_12000,24,0.026246614733223872,0.026246614733223872,0.026246614733223872
0.496055,24,1,balanced_3000_0_3000_12000,balanced_3000_0_3000_12000,24,0.02622346043947399,0.02622346043947399,0.02622346043947399
0.496056,24,1,balanced_3000_0_3000_12000,balanced_3000_0_3000_12000,24,0.026200306145723218,0.026200306145723218,0.026200306145723218
0.496057,24,1,balanced_3000_0_3000_12000,balanced_3000_0_3000_12000,24,0.02617715185197511,0.02617715185197511,0.02617715185197511
0.496058,24,1,balanced_3000_0_3000_12000,balanced_3000_0_3000_12000,24,0.02615399755822434,0.02615399755822434,0.02615399755822434
0.496059,24,1,balanced_3000_0_3000_12000,balanced_3000_0_3000_12000,24,0.02613084326447357,0.02613084326447357,0.02613084326447357
0.496060,24,1,balanced_3000_0_3000_12000,balanced_3000_0_3000_12000,24,0.026107688970723686,0.026107688970723686,0.026107688970723686
0.496061,24,1,balanced_3000_0_3000_12000,balanced_3000_0_3000_12000,24,0.02608453467697558,0.02608453467697558,0.02608453467697558
0.496062,24,1,balanced_3000_0_3000_12000,balanced_3000_0_3000_12000,24,0.026061380383223032,0.026061380383223032,0.026061380383223032
0.496063,24,1,balanced_3000_0_3000_12000,balanced_3000_0_3000_12000,24,0.026038226089474037,0.026038226089474037,0.026038226089474037
0.496064,24,1,balanced_3000_0_3000_12000,balanced_3000_0_3000_12000,24,0.026015071795723266,0.026015071795723266,0.026015071795723266
0.496065,24,1,balanced_3000_0_3000_12000,balanced_3000_0_3000_12000,24,0.02599191750197516,0.02599191750197516,0.02599191750197516
0.496066,24,1,balanced_3000_0_3000_12000,balanced_3000_0_3000_12000,24,0.02596876320822261,0.02596876320822261,0.02596876320822261
0.496067,24,1,balanced_3000_0_3000_12000,balanced_3000_0_3000_12000,24,0.025945608914475393,0.025945608914475393,0.025945608914475393
0.496068,24,1,balanced_3000_0_3000_12000,balanced_3000_0_3000_12000,24,0.025922454620723734,0.025922454620723734,0.025922454620723734
0.496069,24,1,balanced_3000_0_3000_12000,balanced_3000_0_3000_12000,24,0.025899300326975627,0.025899300326975627,0.025899300326975627
0.496070,24,1,balanced_3000_0_3000_12000,balanced_3000_0_3000_12000,24,0.025876146033223968,0.025876146033223968,0.025876146033223968
0.496071,24,1,balanced_3000_0_3000_12000,balanced_3000_0_3000_12000,24,0.025852991739474085,0.025852991739474085,0.025852991739474085
0.496072,24,1,balanced_3000_0_3000_12000,balanced_3000_0_3000_12000,24,0.025829837445724202,0.025829837445724202,0.025829837445724202
0.496073,24,1,balanced_3000_0_3000_12000,balanced_3000_0_3000_12000,24,0.025806683151975207,0.025806683151975207,0.025806683151975207
0.496074,24,1,balanced_3000_0_3000_12000,balanced_3000_0_3000_12000,24,0.02578352885822266,0.02578352885822266,0.02578352885822266
0.496075,24,1,balanced_3000_0_3000_12000,balanced_3000_0_3000_12000,24,0.02576037456447544,0.02576037456447544,0.02576037456447544
0.496076,24,1,balanced_3000_0_3000_12000,balanced_3000_0_3000_12000,24,0.025737220270723782,0.025737220270723782,0.025737220270723782
0.496077,24,1,balanced_3000_0_3000_12000,balanced_3000_0_3000_12000,24,0.0257140659769739,0.0257140659769739,0.0257140659769739
0.496078,24,1,balanced_3000_0_3000_12000,balanced_3000_0_3000_12000,24,0.025690911683223128,0.025690911683223128,0.025690911683223128
0.496079,24,1,balanced_3000_0_3000_12000,balanced_3000_0_3000_12000,24,0.025667757389474133,0.025667757389474133,0.025667757389474133
0.496080,24,1,balanced_3000_0_3000_12000,balanced_3000_0_3000_12000,24,0.025644603095722474,0.025644603095722474,0.025644603095722474
0.496081,24,1,balanced_3000_0_3000_12000,balanced_3000_0_3000_12000,24,0.025621448801975255,0.025621448801975255,0.025621448801975255
0.496082,24,1,balanced_3000_0_3000_12000,balanced_3000_0_3000_12000,24,0.025598294508224484,0.025598294508224484,0.025598294508224484
0.496083,24,1,balanced_3000_0_3000_12000,balanced_3000_0_3000_12000,24,0.0255751402144746,0.0255751402144746,0.0255751402144746
0.496084,24,1,balanced_3000_0_3000_12000,balanced_3000_0_3000_12000,24,0.02555198592072383,0.02555198592072383,0.02555198592072383
0.496085,24,1,balanced_3000_0_3000_12000,balanced_3000_0_3000_12000,24,0.025528831626973947,0.025528831626973947,0.025528831626973947
0.496086,24,1,balanced_3000_0_3000_12000,balanced_3000_0_3000_12000,24,0.025505677333224952,0.025505677333224952,0.025505677333224952
0.496087,24,1,balanced_3000_0_3000_12000,balanced_3000_0_3000_12000,24,0.02548252303947418,0.02548252303947418,0.02548252303947418
0.496088,24,1,balanced_3000_0_3000_12000,balanced_3000_0_3000_12000,24,0.025459368745725186,0.025459368745725186,0.025459368745725186
0.496089,24,1,balanced_3000_0_3000_12000,balanced_3000_0_3000_12000,24,0.025436214451974415,0.025436214451974415,0.025436214451974415
0.496090,24,1,balanced_3000_0_3000_12000,balanced_3000_0_3000_12000,24,0.02541306015822542,0.02541306015822542,0.02541306015822542
0.496091,24,1,balanced_3000_0_3000_12000,balanced_3000_0_3000_12000,24,0.02538990586447465,0.02538990586447465,0.02538990586447465
0.496092,24,1,balanced_3000_0_3000_12000,balanced_3000_0_3000_12000,24,0.025366751570723878,0.025366751570723878,0.025366751570723878
0.496093,24,1,balanced_3000_0_3000_12000,balanced_3000_0_3000_12000,24,0.025343597276974883,0.025343597276974883,0.025343597276974883
0.496094,24,1,balanced_3000_0_3000_12000,balanced_3000_0_3000_12000,24,0.025320442983224112,0.025320442983224112,0.025320442983224112
0.496095,24,1,balanced_3000_0_3000_12000,balanced_3000_0_3000_12000,24,0.02529728868947334,0.02529728868947334,0.02529728868947334
0.496096,24,1,balanced_3000_0_3000_12000,balanced_3000_0_3000_12000,24,0.025274134395725234,0.025274134395725234,0.025274134395725234
0.496097,24,1,balanced_3000_0_3000_12000,balanced_3000_0_3000_12000,24,0.025250980101974463,0.025250980101974463,0.025250980101974463
0.496098,24,1,balanced_3000_0_3000_12000,balanced_3000_0_3000_12000,24,0.02522782580822458,0.02522782580822458,0.02522782580822458
0.496099,24,1,balanced_3000_0_3000_12000,balanced_3000_0_3000_12000,24,0.02520467151447381,0.02520467151447381,0.02520467151447381
0.496100,24,1,balanced_3000_0_3000_12000,balanced_3000_0_3000_12000,24,0.025181517220724814,0.025181517220724814,0.025181517220724814
0.496101,24,1,balanced_3000_0_3000_12000,balanced_3000_0_3000_12000,24,0.02515836292697493,0.02515836292697493,0.02515836292697493
0.496102,24,1,balanced_3000_0_3000_12000,balanced_3000_0_3000_12000,24,0.02513520863322416,0.02513520863322416,0.02513520863322416
0.496103,24,1,balanced_3000_0_3000_12000,balanced_3000_0_3000_12000,24,0.025112054339474277,0.025112054339474277,0.025112054339474277
0.496104,24,1,balanced_3000_0_3000_12000,balanced_3000_0_3000_12000,24,0.025088900045724394,0.025088900045724394,0.025088900045724394
0.496105,24,1,balanced_3000_0_3000_12000,balanced_3000_0_3000_12000,24,0.025065745751973623,0.025065745751973623,0.025065745751973623
0.496106,24,1,balanced_3000_0_3000_12000,balanced_3000_0_3000_12000,24,0.02504259145822374,0.02504259145822374,0.02504259145822374
0.496107,24,1,balanced_3000_0_3000_12000,balanced_3000_0_3000_12000,24,0.025019437164473857,0.025019437164473857,0.025019437164473857
0.496108,24,1,balanced_3000_0_3000_12000,balanced_3000_0_3000_12000,24,0.02499628287072575,0.02499628287072575,0.02499628287072575
0.496109,24,1,balanced_3000_0_3000_12000,balanced_3000_0_3000_12000,24,0.024973128576973203,0.024973128576973203,0.024973128576973203
0.496110,24,1,balanced_3000_0_3000_12000,balanced_3000_0_3000_12000,24,0.024949974283225096,0.024949974283225096,0.024949974283225096
0.496111,24,1,balanced_3000_0_3000_12000,balanced_3000_0_3000_12000,24,0.024926819989474325,0.024926819989474325,0.024926819989474325
0.496112,24,1,balanced_3000_0_3000_12000,balanced_3000_0_3000_12000,24,0.024903665695723554,0.024903665695723554,0.024903665695723554
0.496113,24,1,balanced_3000_0_3000_12000,balanced_3000_0_3000_12000,24,0.02488051140197456,0.02488051140197456,0.02488051140197456
0.496114,24,1,balanced_3000_0_3000_12000,balanced_3000_0_3000_12000,24,0.024857357108224676,0.024857357108224676,0.024857357108224676
0.496115,24,1,balanced_3000_0_3000_12000,balanced_3000_0_3000_12000,24,0.024834202814474793,0.024834202814474793,0.024834202814474793
0.496116,24,1,balanced_3000_0_3000_12000,balanced_3000_0_3000_12000,24,0.02481104852072491,0.02481104852072491,0.02481104852072491
0.496117,24,1,balanced_3000_0_3000_12000,balanced_3000_0_3000_12000,24,0.024787894226975915,0.024787894226975915,0.024787894226975915
0.496118,24,1,balanced_3000_0_3000_12000,balanced_3000_0_3000_12000,24,0.024764739933225144,0.024764739933225144,0.024764739933225144
0.496119,24,1,balanced_3000_0_3000_12000,balanced_3000_0_3000_12000,24,0.024741585639474373,0.024741585639474373,0.024741585639474373
0.496120,24,1,balanced_3000_0_3000_12000,balanced_3000_0_3000_12000,24,0.02471843134572449,0.02471843134572449,0.02471843134572449
0.496121,24,1,balanced_3000_0_3000_12000,balanced_3000_0_3000_12000,24,0.024695277051974607,0.024695277051974607,0.024695277051974607
0.496122,24,1,balanced_3000_0_3000_12000,balanced_3000_0_3000_12000,24,0.024672122758223836,0.024672122758223836,0.024672122758223836
0.496123,24,1,balanced_3000_0_3000_12000,balanced_3000_0_3000_12000,24,0.024648968464473953,0.024648968464473953,0.024648968464473953
0.496124,24,1,balanced_3000_0_3000_12000,balanced_3000_0_3000_12000,24,0.024625814170724958,0.024625814170724958,0.024625814170724958
0.496125,24,1,balanced_3000_0_3000_12000,balanced_3000_0_3000_12000,24,0.024602659876974187,0.024602659876974187,0.024602659876974187
0.496126,24,1,balanced_3000_0_3000_12000,balanced_3000_0_3000_12000,24,0.024579505583224304,0.024579505583224304,0.024579505583224304
0.496127,24,1,balanced_3000_0_3000_12000,balanced_3000_0_3000_12000,24,0.02455635128947531,0.02455635128947531,0.02455635128947531
0.496128,24,1,balanced_3000_0_3000_12000,balanced_3000_0_3000_12000,24,0.024533196995724538,0.024533196995724538,0.024533196995724538
0.496129,24,1,balanced_3000_0_3000_12000,balanced_3000_0_3000_12000,24,0.024510042701975543,0.024510042701975543,0.024510042701975543
0.496130,24,1,balanced_3000_0_3000_12000,balanced_3000_0_3000_12000,24,0.024486888408223884,0.024486888408223884,0.024486888408223884
0.496131,24,1,balanced_3000_0_3000_12000,balanced_3000_0_3000_12000,24,0.02446373411447489,0.02446373411447489,0.02446373411447489
0.496132,24,1,balanced_3000_0_3000_12000,balanced_3000_0_3000_12000,24,0.024440579820724118,0.024440579820724118,0.024440579820724118
0.496133,24,1,balanced_3000_0_3000_12000,balanced_3000_0_3000_12000,24,0.024417425526975123,0.024417425526975123,0.024417425526975123
0.496134,24,1,balanced_3000_0_3000_12000,balanced_3000_0_3000_12000,24,0.02439427123322435,0.02439427123322435,0.02439427123322435
0.496135,24,1,balanced_3000_0_3000_12000,balanced_3000_0_3000_12000,24,0.024371116939475357,0.024371116939475357,0.024371116939475357
0.496136,24,1,balanced_3000_0_3000_12000,balanced_3000_0_3000_12000,24,0.024347962645724586,0.024347962645724586,0.024347962645724586
0.496137,24,1,balanced_3000_0_3000_12000,balanced_3000_0_3000_12000,24,0.024324808351973815,0.024324808351973815,0.024324808351973815
0.496138,24,1,balanced_3000_0_3000_12000,balanced_3000_0_3000_12000,24,0.02430165405822393,0.02430165405822393,0.02430165405822393
0.496139,24,1,balanced_3000_0_3000_12000,balanced_3000_0_3000_12000,24,0.02427849976447405,0.02427849976447405,0.02427849976447405
0.496140,24,1,balanced_3000_0_3000_12000,balanced_3000_0_3000_12000,24,0.024255345470725054,0.024255345470725054,0.024255345470725054
0.496141,24,1,balanced_3000_0_3000_12000,balanced_3000_0_3000_12000,24,0.024232191176973394,0.024232191176973394,0.024232191176973394
0.496142,24,1,balanced_3000_0_3000_12000,balanced_3000_0_3000_12000,24,0.024209036883226176,0.024209036883226176,0.024209036883226176
0.496143,24,1,balanced_3000_0_3000_12000,balanced_3000_0_3000_12000,24,0.024185882589474517,0.024185882589474517,0.024185882589474517
0.496144,24,1,balanced_3000_0_3000_12000,balanced_3000_0_3000_12000,24,0.024162728295725522,0.024162728295725522,0.024162728295725522
0.496145,24,1,balanced_3000_0_3000_12000,balanced_3000_0_3000_12000,24,0.024139574001973862,0.024139574001973862,0.024139574001973862
0.496146,24,1,balanced_3000_0_3000_12000,balanced_3000_0_3000_12000,24,0.024116419708224868,0.024116419708224868,0.024116419708224868
0.496147,24,1,balanced_3000_0_3000_12000,balanced_3000_0_3000_12000,24,0.024093265414474097,0.024093265414474097,0.024093265414474097
0.496148,24,1,balanced_3000_0_3000_12000,balanced_3000_0_3000_12000,24,0.02407011112072599,0.02407011112072599,0.02407011112072599
0.496149,24,1,balanced_3000_0_3000_12000,balanced_3000_0_3000_12000,24,0.02404695682697433,0.02404695682697433,0.02404695682697433
0.496150,24,1,balanced_3000_0_3000_12000,balanced_3000_0_3000_12000,24,0.024023802533225336,0.024023802533225336,0.024023802533225336
0.496151,24,1,balanced_3000_0_3000_12000,balanced_3000_0_3000_12000,24,0.024000648239474565,0.024000648239474565,0.024000648239474565
0.496152,24,1,balanced_3000_0_3000_12000,balanced_3000_0_3000_12000,24,0.02397749394572557,0.02397749394572557,0.02397749394572557
0.496153,24,1,balanced_3000_0_3000_12000,balanced_3000_0_3000_12000,24,0.0239543396519748,0.0239543396519748,0.0239543396519748
0.496154,24,1,balanced_3000_0_3000_12000,balanced_3000_0_3000_12000,24,0.023931185358224916,0.023931185358224916,0.023931185358224916
0.496155,24,1,balanced_3000_0_3000_12000,balanced_3000_0_3000_12000,24,0.023908031064475033,0.023908031064475033,0.023908031064475033
0.496156,24,1,balanced_3000_0_3000_12000,balanced_3000_0_3000_12000,24,0.02388487677072515,0.02388487677072515,0.02388487677072515
0.496157,24,1,balanced_3000_0_3000_12000,balanced_3000_0_3000_12000,24,0.02386172247697349,0.02386172247697349,0.02386172247697349
0.496158,24,1,balanced_3000_0_3000_12000,balanced_3000_0_3000_12000,24,0.023838568183226272,0.023838568183226272,0.023838568183226272
0.496159,24,1,balanced_3000_0_3000_12000,balanced_3000_0_3000_12000,24,0.023815413889473724,0.023815413889473724,0.023815413889473724
0.496160,24,1,balanced_3000_0_3000_12000,balanced_3000_0_3000_12000,24,0.02379225959572473,0.02379225959572473,0.02379225959572473
0.496161,24,1,balanced_3000_0_3000_12000,balanced_3000_0_3000_12000,24,0.023769105301974847,0.023769105301974847,0.023769105301974847
0.496162,24,1,balanced_3000_0_3000_12000,balanced_3000_0_3000_12000,24,0.023745951008224964,0.023745951008224964,0.023745951008224964
0.496163,24,1,balanced_3000_0_3000_12000,balanced_3000_0_3000_12000,24,0.023722796714474192,0.023722796714474192,0.023722796714474192
0.496164,24,1,balanced_3000_0_3000_12000,balanced_3000_0_3000_12000,24,0.02369964242072431,0.02369964242072431,0.02369964242072431
0.496165,24,1,balanced_3000_0_3000_12000,balanced_3000_0_3000_12000,24,0.023676488126974427,0.023676488126974427,0.023676488126974427
0.496166,24,1,balanced_3000_0_3000_12000,balanced_3000_0_3000_12000,24,0.02365333383322543,0.02365333383322543,0.02365333383322543
0.496167,24,1,balanced_3000_0_3000_12000,balanced_3000_0_3000_12000,24,0.02363017953947555,0.02363017953947555,0.02363017953947555
0.496168,24,1,balanced_3000_0_3000_12000,balanced_3000_0_3000_12000,24,0.023607025245724778,0.023607025245724778,0.023607025245724778
0.496169,24,1,balanced_3000_0_3000_12000,balanced_3000_0_3000_12000,24,0.02358387095197667,0.02358387095197667,0.02358387095197667
0.496170,24,1,balanced_3000_0_3000_12000,balanced_3000_0_3000_12000,24,0.02356071665822501,0.02356071665822501,0.02356071665822501
0.496171,24,1,balanced_3000_0_3000_12000,balanced_3000_0_3000_12000,24,0.023537562364476017,0.023537562364476017,0.023537562364476017
0.496172,24,1,balanced_3000_0_3000_12000,balanced_3000_0_3000_12000,24,0.023514408070725246,0.023514408070725246,0.023514408070725246
0.496173,24,1,balanced_3000_0_3000_12000,balanced_3000_0_3000_12000,24,0.02349125377697625,0.02349125377697625,0.02349125377697625
0.496174,24,1,balanced_3000_0_3000_12000,balanced_3000_0_3000_12000,24,0.02346809948322459,0.02346809948322459,0.02346809948322459
0.496175,24,1,balanced_3000_0_3000_12000,balanced_3000_0_3000_12000,24,0.023444945189476485,0.023444945189476485,0.023444945189476485
0.496176,24,1,balanced_3000_0_3000_12000,balanced_3000_0_3000_12000,24,0.023421790895723937,0.023421790895723937,0.023421790895723937
0.496177,24,1,balanced_3000_0_3000_12000,balanced_3000_0_3000_12000,24,0.02339863660197583,0.02339863660197583,0.02339863660197583
0.496178,24,1,balanced_3000_0_3000_12000,balanced_3000_0_3000_12000,24,0.02337548230822417,0.02337548230822417,0.02337548230822417
0.496179,24,1,balanced_3000_0_3000_12000,balanced_3000_0_3000_12000,24,0.023352328014475177,0.023352328014475177,0.023352328014475177
0.496180,24,1,balanced_3000_0_3000_12000,balanced_3000_0_3000_12000,24,0.023329173720724405,0.023329173720724405,0.023329173720724405
0.496181,24,1,balanced_3000_0_3000_12000,balanced_3000_0_3000_12000,24,0.02330601942697541,0.02330601942697541,0.02330601942697541
0.496182,24,1,balanced_3000_0_3000_12000,balanced_3000_0_3000_12000,24,0.023282865133225528,0.023282865133225528,0.023282865133225528
0.496183,24,1,balanced_3000_0_3000_12000,balanced_3000_0_3000_12000,24,0.023259710839475645,0.023259710839475645,0.023259710839475645
0.496184,24,1,balanced_3000_0_3000_12000,balanced_3000_0_3000_12000,24,0.023236556545724874,0.023236556545724874,0.023236556545724874
0.496185,24,1,balanced_3000_0_3000_12000,balanced_3000_0_3000_12000,24,0.02321340225197499,0.02321340225197499,0.02321340225197499
0.496186,24,1,balanced_3000_0_3000_12000,balanced_3000_0_3000_12000,24,0.023190247958225108,0.023190247958225108,0.023190247958225108
0.496187,24,1,balanced_3000_0_3000_12000,balanced_3000_0_3000_12000,24,0.023167093664475225,0.023167093664475225,0.023167093664475225
0.496188,24,1,balanced_3000_0_3000_12000,balanced_3000_0_3000_12000,24,0.023143939370724453,0.023143939370724453,0.023143939370724453
0.496189,24,1,balanced_3000_0_3000_12000,balanced_3000_0_3000_12000,24,0.02312078507697457,0.02312078507697457,0.02312078507697457
0.496190,24,1,balanced_3000_0_3000_12000,balanced_3000_0_3000_12000,24,0.0230976307832238,0.0230976307832238,0.0230976307832238
0.496191,24,1,balanced_3000_0_3000_12000,balanced_3000_0_3000_12000,24,0.023074476489474804,0.023074476489474804,0.023074476489474804
0.496192,24,1,balanced_3000_0_3000_12000,balanced_3000_0_3000_12000,24,0.02305132219572492,0.02305132219572492,0.02305132219572492
0.496193,24,1,balanced_3000_0_3000_12000,balanced_3000_0_3000_12000,24,0.02302816790197504,0.02302816790197504,0.02302816790197504
0.496194,24,1,balanced_3000_0_3000_12000,balanced_3000_0_3000_12000,24,0.023005013608224267,0.023005013608224267,0.023005013608224267
0.496195,24,1,balanced_3000_0_3000_12000,balanced_3000_0_3000_12000,24,0.022981859314475273,0.022981859314475273,0.022981859314475273
0.496196,24,1,balanced_3000_0_3000_12000,balanced_3000_0_3000_12000,24,0.02295870502072539,0.02295870502072539,0.02295870502072539
0.496197,24,1,balanced_3000_0_3000_12000,balanced_3000_0_3000_12000,24,0.022935550726975507,0.022935550726975507,0.022935550726975507
0.496198,24,1,balanced_3000_0_3000_12000,balanced_3000_0_3000_12000,24,0.022912396433225624,0.022912396433225624,0.022912396433225624
0.496199,24,1,balanced_3000_0_3000_12000,balanced_3000_0_3000_12000,24,0.022889242139474852,0.022889242139474852,0.022889242139474852
0.496200,24,1,balanced_3000_0_3000_12000,balanced_3000_0_3000_12000,24,0.02286608784572497,0.02286608784572497,0.02286608784572497
0.496201,24,1,balanced_3000_0_3000_12000,balanced_3000_0_3000_12000,24,0.022842933551975086,0.022842933551975086,0.022842933551975086
0.496202,24,1,balanced_3000_0_3000_12000,balanced_3000_0_3000_12000,24,0.022819779258225203,0.022819779258225203,0.022819779258225203
0.496203,24,1,balanced_3000_0_3000_12000,balanced_3000_0_3000_12000,24,0.02279662496447621,0.02279662496447621,0.02279662496447621
0.496204,24,1,balanced_3000_0_3000_12000,balanced_3000_0_3000_12000,24,0.022773470670725438,0.022773470670725438,0.022773470670725438
0.496205,24,1,balanced_3000_0_3000_12000,balanced_3000_0_3000_12000,24,0.022750316376975555,0.022750316376975555,0.022750316376975555
0.496206,24,1,balanced_3000_0_3000_12000,balanced_3000_0_3000_12000,24,0.02272716208322567,0.02272716208322567,0.02272716208322567
0.496207,24,1,balanced_3000_0_3000_12000,balanced_3000_0_3000_12000,24,0.0227040077894749,0.0227040077894749,0.0227040077894749
0.496208,24,1,balanced_3000_0_3000_12000,balanced_3000_0_3000_12000,24,0.022680853495725906,0.022680853495725906,0.022680853495725906
0.496209,24,1,balanced_3000_0_3000_12000,balanced_3000_0_3000_12000,24,0.022657699201974246,0.022657699201974246,0.022657699201974246
0.496210,24,1,balanced_3000_0_3000_12000,balanced_3000_0_3000_12000,24,0.02263454490822525,0.02263454490822525,0.02263454490822525
0.496211,24,1,balanced_3000_0_3000_12000,balanced_3000_0_3000_12000,24,0.02261139061447448,0.02261139061447448,0.02261139061447448
0.496212,24,1,balanced_3000_0_3000_12000,balanced_3000_0_3000_12000,24,0.022588236320725485,0.022588236320725485,0.022588236320725485
0.496213,24,1,balanced_3000_0_3000_12000,balanced_3000_0_3000_12000,24,0.022565082026974714,0.022565082026974714,0.022565082026974714
0.496214,24,1,balanced_3000_0_3000_12000,balanced_3000_0_3000_12000,24,0.02254192773322572,0.02254192773322572,0.02254192773322572
0.496215,24,1,balanced_3000_0_3000_12000,balanced_3000_0_3000_12000,24,0.02251877343947495,0.02251877343947495,0.02251877343947495
0.496216,24,1,balanced_3000_0_3000_12000,balanced_3000_0_3000_12000,24,0.022495619145725065,0.022495619145725065,0.022495619145725065
0.496217,24,1,balanced_3000_0_3000_12000,balanced_3000_0_3000_12000,24,0.022472464851974294,0.022472464851974294,0.022472464851974294
0.496218,24,1,balanced_3000_0_3000_12000,balanced_3000_0_3000_12000,24,0.0224493105582253,0.0224493105582253,0.0224493105582253
0.496219,24,1,balanced_3000_0_3000_12000,balanced_3000_0_3000_12000,24,0.02242615626447364,0.02242615626447364,0.02242615626447364
0.496220,24,1,balanced_3000_0_3000_12000,balanced_3000_0_3000_12000,24,0.022403001970725533,0.022403001970725533,0.022403001970725533
0.496221,24,1,balanced_3000_0_3000_12000,balanced_3000_0_3000_12000,24,0.022379847676974762,0.022379847676974762,0.022379847676974762
0.496222,24,1,balanced_3000_0_3000_12000,balanced_3000_0_3000_12000,24,0.022356693383225767,0.022356693383225767,0.022356693383225767
0.496223,24,1,balanced_3000_0_3000_12000,balanced_3000_0_3000_12000,24,0.022333539089475885,0.022333539089475885,0.022333539089475885
0.496224,24,1,balanced_3000_0_3000_12000,balanced_3000_0_3000_12000,24,0.022310384795725113,0.022310384795725113,0.022310384795725113
0.496225,24,1,balanced_3000_0_3000_12000,balanced_3000_0_3000_12000,24,0.02228723050197612,0.02228723050197612,0.02228723050197612
0.496226,24,1,balanced_3000_0_3000_12000,balanced_3000_0_3000_12000,24,0.02226407620822446,0.02226407620822446,0.02226407620822446
0.496227,24,1,balanced_3000_0_3000_12000,balanced_3000_0_3000_12000,24,0.022240921914475464,0.022240921914475464,0.022240921914475464
0.496228,24,1,balanced_3000_0_3000_12000,balanced_3000_0_3000_12000,24,0.02221776762072558,0.02221776762072558,0.02221776762072558
0.496229,24,1,balanced_3000_0_3000_12000,balanced_3000_0_3000_12000,24,0.0221946133269757,0.0221946133269757,0.0221946133269757
0.496230,24,1,balanced_3000_0_3000_12000,balanced_3000_0_3000_12000,24,0.02217145903322404,0.02217145903322404,0.02217145903322404
0.496231,24,1,balanced_3000_0_3000_12000,balanced_3000_0_3000_12000,24,0.022148304739475044,0.022148304739475044,0.022148304739475044
0.496232,24,1,balanced_3000_0_3000_12000,balanced_3000_0_3000_12000,24,0.02212515044572516,0.02212515044572516,0.02212515044572516
0.496233,24,1,balanced_3000_0_3000_12000,balanced_3000_0_3000_12000,24,0.022101996151977055,0.022101996151977055,0.022101996151977055
0.496234,24,1,balanced_3000_0_3000_12000,balanced_3000_0_3000_12000,24,0.022078841858225395,0.022078841858225395,0.022078841858225395
0.496235,24,1,balanced_3000_0_3000_12000,balanced_3000_0_3000_12000,24,0.0220556875644764,0.0220556875644764,0.0220556875644764
0.496236,24,1,balanced_3000_0_3000_12000,balanced_3000_0_3000_12000,24,0.02203253327072474,0.02203253327072474,0.02203253327072474
0.496237,24,1,balanced_3000_0_3000_12000,balanced_3000_0_3000_12000,24,0.022009378976975746,0.022009378976975746,0.022009378976975746
0.496238,24,1,balanced_3000_0_3000_12000,balanced_3000_0_3000_12000,24,0.021986224683224975,0.021986224683224975,0.021986224683224975
0.496239,24,1,balanced_3000_0_3000_12000,balanced_3000_0_3000_12000,24,0.02196307038947598,0.02196307038947598,0.02196307038947598
0.496240,24,1,balanced_3000_0_3000_12000,balanced_3000_0_3000_12000,24,0.02193991609572521,0.02193991609572521,0.02193991609572521
0.496241,24,1,balanced_3000_0_3000_12000,balanced_3000_0_3000_12000,24,0.021916761801975326,0.021916761801975326,0.021916761801975326
0.496242,24,1,balanced_3000_0_3000_12000,balanced_3000_0_3000_12000,24,0.021893607508224555,0.021893607508224555,0.021893607508224555
0.496243,24,1,balanced_3000_0_3000_12000,balanced_3000_0_3000_12000,24,0.02187045321447556,0.02187045321447556,0.02187045321447556
0.496244,24,1,balanced_3000_0_3000_12000,balanced_3000_0_3000_12000,24,0.021847298920725677,0.021847298920725677,0.021847298920725677
0.496245,24,1,balanced_3000_0_3000_12000,balanced_3000_0_3000_12000,24,0.021824144626975794,0.021824144626975794,0.021824144626975794
0.496246,24,1,balanced_3000_0_3000_12000,balanced_3000_0_3000_12000,24,0.021800990333225023,0.021800990333225023,0.021800990333225023
0.496247,24,1,balanced_3000_0_3000_12000,balanced_3000_0_3000_12000,24,0.02177783603947514,0.02177783603947514,0.02177783603947514
0.496248,24,1,balanced_3000_0_3000_12000,balanced_3000_0_3000_12000,24,0.02175468174572437,0.02175468174572437,0.02175468174572437
0.496249,24,1,balanced_3000_0_3000_12000,balanced_3000_0_3000_12000,24,0.021731527451975374,0.021731527451975374,0.021731527451975374
0.496250,24,1,balanced_3000_0_3000_12000,balanced_3000_0_3000_12000,24,0.02170837315822549,0.02170837315822549,0.02170837315822549
0.496251,24,1,balanced_3000_0_3000_12000,balanced_3000_0_3000_12000,24,0.02168521886447561,0.02168521886447561,0.02168521886447561
0.496252,24,1,balanced_3000_0_3000_12000,balanced_3000_0_3000_12000,24,0.021662064570726614,0.021662064570726614,0.021662064570726614
0.496253,24,1,balanced_3000_0_3000_12000,balanced_3000_0_3000_12000,24,0.021638910276975842,0.021638910276975842,0.021638910276975842
0.496254,24,1,balanced_3000_0_3000_12000,balanced_3000_0_3000_12000,24,0.02161575598322596,0.02161575598322596,0.02161575598322596
0.496255,24,1,balanced_3000_0_3000_12000,balanced_3000_0_3000_12000,24,0.021592601689476076,0.021592601689476076,0.021592601689476076
0.496256,24,1,balanced_3000_0_3000_12000,balanced_3000_0_3000_12000,24,0.021569447395725305,0.021569447395725305,0.021569447395725305
0.496257,24,1,balanced_3000_0_3000_12000,balanced_3000_0_3000_12000,24,0.021546293101975422,0.021546293101975422,0.021546293101975422
0.496258,24,1,balanced_3000_0_3000_12000,balanced_3000_0_3000_12000,24,0.021523138808226427,0.021523138808226427,0.021523138808226427
0.496259,24,1,balanced_3000_0_3000_12000,balanced_3000_0_3000_12000,24,0.021499984514475656,0.021499984514475656,0.021499984514475656
0.496260,24,1,balanced_3000_0_3000_12000,balanced_3000_0_3000_12000,24,0.021476830220725773,0.021476830220725773,0.021476830220725773
0.496261,24,1,balanced_3000_0_3000_12000,balanced_3000_0_3000_12000,24,0.02145367592697589,0.02145367592697589,0.02145367592697589
0.496262,24,1,balanced_3000_0_3000_12000,balanced_3000_0_3000_12000,24,0.021430521633226007,0.021430521633226007,0.021430521633226007
0.496263,24,1,balanced_3000_0_3000_12000,balanced_3000_0_3000_12000,24,0.021407367339476124,0.021407367339476124,0.021407367339476124
0.496264,24,1,balanced_3000_0_3000_12000,balanced_3000_0_3000_12000,24,0.02138421304572624,0.02138421304572624,0.02138421304572624
0.496265,24,1,balanced_3000_0_3000_12000,balanced_3000_0_3000_12000,24,0.021361058751974582,0.021361058751974582,0.021361058751974582
0.496266,24,1,balanced_3000_0_3000_12000,balanced_3000_0_3000_12000,24,0.021337904458226475,0.021337904458226475,0.021337904458226475
0.496267,24,1,balanced_3000_0_3000_12000,balanced_3000_0_3000_12000,24,0.021314750164474816,0.021314750164474816,0.021314750164474816
0.496268,24,1,balanced_3000_0_3000_12000,balanced_3000_0_3000_12000,24,0.021291595870724933,0.021291595870724933,0.021291595870724933
0.496269,24,1,balanced_3000_0_3000_12000,balanced_3000_0_3000_12000,24,0.02126844157697505,0.02126844157697505,0.02126844157697505
0.496270,24,1,balanced_3000_0_3000_12000,balanced_3000_0_3000_12000,24,0.021245287283225167,0.021245287283225167,0.021245287283225167
0.496271,24,1,balanced_3000_0_3000_12000,balanced_3000_0_3000_12000,24,0.021222132989475284,0.021222132989475284,0.021222132989475284
0.496272,24,1,balanced_3000_0_3000_12000,balanced_3000_0_3000_12000,24,0.0211989786957254,0.0211989786957254,0.0211989786957254
0.496273,24,1,balanced_3000_0_3000_12000,balanced_3000_0_3000_12000,24,0.02117582440197463,0.02117582440197463,0.02117582440197463
0.496274,24,1,balanced_3000_0_3000_12000,balanced_3000_0_3000_12000,24,0.021152670108225635,0.021152670108225635,0.021152670108225635
0.496275,24,1,balanced_3000_0_3000_12000,balanced_3000_0_3000_12000,24,0.021129515814474864,0.021129515814474864,0.021129515814474864
0.496276,24,1,balanced_3000_0_3000_12000,balanced_3000_0_3000_12000,24,0.021106361520726757,0.021106361520726757,0.021106361520726757
0.496277,24,1,balanced_3000_0_3000_12000,balanced_3000_0_3000_12000,24,0.021083207226975986,0.021083207226975986,0.021083207226975986
0.496278,24,1,balanced_3000_0_3000_12000,balanced_3000_0_3000_12000,24,0.021060052933226103,0.021060052933226103,0.021060052933226103
0.496279,24,1,balanced_3000_0_3000_12000,balanced_3000_0_3000_12000,24,0.02103689863947622,0.02103689863947622,0.02103689863947622
0.496280,24,1,balanced_3000_0_3000_12000,balanced_3000_0_3000_12000,24,0.02101374434572545,0.02101374434572545,0.02101374434572545
0.496281,24,1,balanced_3000_0_3000_12000,balanced_3000_0_3000_12000,24,0.020990590051976454,0.020990590051976454,0.020990590051976454
0.496282,24,1,balanced_3000_0_3000_12000,balanced_3000_0_3000_12000,24,0.020967435758225683,0.020967435758225683,0.020967435758225683
0.496283,24,1,balanced_3000_0_3000_12000,balanced_3000_0_3000_12000,24,0.0209442814644758,0.0209442814644758,0.0209442814644758
0.496284,24,1,balanced_3000_0_3000_12000,balanced_3000_0_3000_12000,24,0.020921127170725917,0.020921127170725917,0.020921127170725917
0.496285,24,1,balanced_3000_0_3000_12000,balanced_3000_0_3000_12000,24,0.020897972876976034,0.020897972876976034,0.020897972876976034
0.496286,24,1,balanced_3000_0_3000_12000,balanced_3000_0_3000_12000,24,0.020874818583225263,0.020874818583225263,0.020874818583225263
0.496287,24,1,balanced_3000_0_3000_12000,balanced_3000_0_3000_12000,24,0.02085166428947538,0.02085166428947538,0.02085166428947538
0.496288,24,1,balanced_3000_0_3000_12000,balanced_3000_0_3000_12000,24,0.020828509995726385,0.020828509995726385,0.020828509995726385
0.496289,24,1,balanced_3000_0_3000_12000,balanced_3000_0_3000_12000,24,0.020805355701975614,0.020805355701975614,0.020805355701975614
0.496290,24,1,balanced_3000_0_3000_12000,balanced_3000_0_3000_12000,24,0.020782201408224843,0.020782201408224843,0.020782201408224843
0.496291,24,1,balanced_3000_0_3000_12000,balanced_3000_0_3000_12000,24,0.020759047114475848,0.020759047114475848,0.020759047114475848
0.496292,24,1,balanced_3000_0_3000_12000,balanced_3000_0_3000_12000,24,0.020735892820725077,0.020735892820725077,0.020735892820725077
0.496293,24,1,balanced_3000_0_3000_12000,balanced_3000_0_3000_12000,24,0.020712738526976082,0.020712738526976082,0.020712738526976082
0.496294,24,1,balanced_3000_0_3000_12000,balanced_3000_0_3000_12000,24,0.0206895842332262,0.0206895842332262,0.0206895842332262
0.496295,24,1,balanced_3000_0_3000_12000,balanced_3000_0_3000_12000,24,0.020666429939476316,0.020666429939476316,0.020666429939476316
0.496296,24,1,balanced_3000_0_3000_12000,balanced_3000_0_3000_12000,24,0.020643275645724657,0.020643275645724657,0.020643275645724657
0.496297,24,1,balanced_3000_0_3000_12000,balanced_3000_0_3000_12000,24,0.020620121351975662,0.020620121351975662,0.020620121351975662
0.496298,24,1,balanced_3000_0_3000_12000,balanced_3000_0_3000_12000,24,0.02059696705822578,0.02059696705822578,0.02059696705822578
0.496299,24,1,balanced_3000_0_3000_12000,balanced_3000_0_3000_12000,24,0.020573812764475896,0.020573812764475896,0.020573812764475896
0.496300,24,1,balanced_3000_0_3000_12000,balanced_3000_0_3000_12000,24,0.020550658470725125,0.020550658470725125,0.020550658470725125
0.496301,24,1,balanced_3000_0_3000_12000,balanced_3000_0_3000_12000,24,0.02052750417697613,0.02052750417697613,0.02052750417697613
0.496302,24,1,balanced_3000_0_3000_12000,balanced_3000_0_3000_12000,24,0.02050434988322536,0.02050434988322536,0.02050434988322536
0.496303,24,1,balanced_3000_0_3000_12000,balanced_3000_0_3000_12000,24,0.020481195589475476,0.020481195589475476,0.020481195589475476
0.496304,24,1,balanced_3000_0_3000_12000,balanced_3000_0_3000_12000,24,0.020458041295725593,0.020458041295725593,0.020458041295725593
0.496305,24,1,balanced_3000_0_3000_12000,balanced_3000_0_3000_12000,24,0.020434887001974822,0.020434887001974822,0.020434887001974822
0.496306,24,1,balanced_3000_0_3000_12000,balanced_3000_0_3000_12000,24,0.020411732708226715,0.020411732708226715,0.020411732708226715
0.496307,24,1,balanced_3000_0_3000_12000,balanced_3000_0_3000_12000,24,0.020388578414475944,0.020388578414475944,0.020388578414475944
0.496308,24,1,balanced_3000_0_3000_12000,balanced_3000_0_3000_12000,24,0.02036542412072606,0.02036542412072606,0.02036542412072606
0.496309,24,1,balanced_3000_0_3000_12000,balanced_3000_0_3000_12000,24,0.02034226982697529,0.02034226982697529,0.02034226982697529
0.496310,24,1,balanced_3000_0_3000_12000,balanced_3000_0_3000_12000,24,0.020319115533226295,0.020319115533226295,0.020319115533226295
0.496311,24,1,balanced_3000_0_3000_12000,balanced_3000_0_3000_12000,24,0.020295961239476412,0.020295961239476412,0.020295961239476412
0.496312,24,1,balanced_3000_0_3000_12000,balanced_3000_0_3000_12000,24,0.020272806945727417,0.020272806945727417,0.020272806945727417
0.496313,24,1,balanced_3000_0_3000_12000,balanced_3000_0_3000_12000,24,0.020249652651975758,0.020249652651975758,0.020249652651975758
0.496314,24,1,balanced_3000_0_3000_12000,balanced_3000_0_3000_12000,24,0.020226498358225875,0.020226498358225875,0.020226498358225875
0.496315,24,1,balanced_3000_0_3000_12000,balanced_3000_0_3000_12000,24,0.020203344064475104,0.020203344064475104,0.020203344064475104
0.496316,24,1,balanced_3000_0_3000_12000,balanced_3000_0_3000_12000,24,0.02018018977072611,0.02018018977072611,0.02018018977072611
0.496317,24,1,balanced_3000_0_3000_12000,balanced_3000_0_3000_12000,24,0.020157035476976226,0.020157035476976226,0.020157035476976226
0.496318,24,1,balanced_3000_0_3000_12000,balanced_3000_0_3000_12000,24,0.020133881183225455,0.020133881183225455,0.020133881183225455
0.496319,24,1,balanced_3000_0_3000_12000,balanced_3000_0_3000_12000,24,0.020110726889475572,0.020110726889475572,0.020110726889475572
0.496320,24,1,balanced_3000_0_3000_12000,balanced_3000_0_3000_12000,24,0.02008757259572569,0.02008757259572569,0.02008757259572569
0.496321,24,1,balanced_3000_0_3000_12000,balanced_3000_0_3000_12000,24,0.020064418301974918,0.020064418301974918,0.020064418301974918
0.496322,24,1,balanced_3000_0_3000_12000,balanced_3000_0_3000_12000,24,0.02004126400822681,0.02004126400822681,0.02004126400822681
0.496323,24,1,balanced_3000_0_3000_12000,balanced_3000_0_3000_12000,24,0.020018109714474264,0.020018109714474264,0.020018109714474264
0.496324,24,1,balanced_3000_0_3000_12000,balanced_3000_0_3000_12000,24,0.019994955420726157,0.019994955420726157,0.019994955420726157
0.496325,24,1,balanced_3000_0_3000_12000,balanced_3000_0_3000_12000,24,0.019971801126975386,0.019971801126975386,0.019971801126975386
0.496326,24,1,balanced_3000_0_3000_12000,balanced_3000_0_3000_12000,24,0.019948646833225503,0.019948646833225503,0.019948646833225503
0.496327,24,1,balanced_3000_0_3000_12000,balanced_3000_0_3000_12000,24,0.019925492539474732,0.019925492539474732,0.019925492539474732
0.496328,24,1,balanced_3000_0_3000_12000,balanced_3000_0_3000_12000,24,0.019902338245725737,0.019902338245725737,0.019902338245725737
0.496329,24,1,balanced_3000_0_3000_12000,balanced_3000_0_3000_12000,24,0.019879183951974966,0.019879183951974966,0.019879183951974966
0.496330,24,1,balanced_3000_0_3000_12000,balanced_3000_0_3000_12000,24,0.01985602965822597,0.01985602965822597,0.01985602965822597
0.496331,24,1,balanced_3000_0_3000_12000,balanced_3000_0_3000_12000,24,0.01983287536447431,0.01983287536447431,0.01983287536447431
0.496332,24,1,balanced_3000_0_3000_12000,balanced_3000_0_3000_12000,24,0.019809721070726205,0.019809721070726205,0.019809721070726205
0.496333,24,1,balanced_3000_0_3000_12000,balanced_3000_0_3000_12000,24,0.019786566776975434,0.019786566776975434,0.019786566776975434
0.496334,24,1,balanced_3000_0_3000_12000,balanced_3000_0_3000_12000,24,0.01976341248322644,0.01976341248322644,0.01976341248322644
0.496335,24,1,balanced_3000_0_3000_12000,balanced_3000_0_3000_12000,24,0.019740258189476556,0.019740258189476556,0.019740258189476556
0.496336,24,1,balanced_3000_0_3000_12000,balanced_3000_0_3000_12000,24,0.019717103895725785,0.019717103895725785,0.019717103895725785
0.496337,24,1,balanced_3000_0_3000_12000,balanced_3000_0_3000_12000,24,0.019693949601975902,0.019693949601975902,0.019693949601975902
0.496338,24,1,balanced_3000_0_3000_12000,balanced_3000_0_3000_12000,24,0.01967079530822513,0.01967079530822513,0.01967079530822513
0.496339,24,1,balanced_3000_0_3000_12000,balanced_3000_0_3000_12000,24,0.019647641014477024,0.019647641014477024,0.019647641014477024
0.496340,24,1,balanced_3000_0_3000_12000,balanced_3000_0_3000_12000,24,0.019624486720726253,0.019624486720726253,0.019624486720726253
0.496341,24,1,balanced_3000_0_3000_12000,balanced_3000_0_3000_12000,24,0.01960133242697637,0.01960133242697637,0.01960133242697637
0.496342,24,1,balanced_3000_0_3000_12000,balanced_3000_0_3000_12000,24,0.019578178133226487,0.019578178133226487,0.019578178133226487
0.496343,24,1,balanced_3000_0_3000_12000,balanced_3000_0_3000_12000,24,0.019555023839476604,0.019555023839476604,0.019555023839476604
0.496344,24,1,balanced_3000_0_3000_12000,balanced_3000_0_3000_12000,24,0.01953186954572672,0.01953186954572672,0.01953186954572672
0.496345,24,1,balanced_3000_0_3000_12000,balanced_3000_0_3000_12000,24,0.019508715251976838,0.019508715251976838,0.019508715251976838
0.496346,24,1,balanced_3000_0_3000_12000,balanced_3000_0_3000_12000,24,0.019485560958226067,0.019485560958226067,0.019485560958226067
0.496347,24,1,balanced_3000_0_3000_12000,balanced_3000_0_3000_12000,24,0.019462406664476184,0.019462406664476184,0.019462406664476184
0.496348,24,1,balanced_3000_0_3000_12000,balanced_3000_0_3000_12000,24,0.0194392523707263,0.0194392523707263,0.0194392523707263
0.496349,24,1,balanced_3000_0_3000_12000,balanced_3000_0_3000_12000,24,0.019416098076976418,0.019416098076976418,0.019416098076976418
0.496350,24,1,balanced_3000_0_3000_12000,balanced_3000_0_3000_12000,24,0.019392943783226535,0.019392943783226535,0.019392943783226535
0.496351,24,1,balanced_3000_0_3000_12000,balanced_3000_0_3000_12000,24,0.019369789489476652,0.019369789489476652,0.019369789489476652
0.496352,24,1,balanced_3000_0_3000_12000,balanced_3000_0_3000_12000,24,0.01934663519572588,0.01934663519572588,0.01934663519572588
0.496353,24,1,balanced_3000_0_3000_12000,balanced_3000_0_3000_12000,24,0.019323480901976886,0.019323480901976886,0.019323480901976886
0.496354,24,1,balanced_3000_0_3000_12000,balanced_3000_0_3000_12000,24,0.019300326608226115,0.019300326608226115,0.019300326608226115
0.496355,24,1,balanced_3000_0_3000_12000,balanced_3000_0_3000_12000,24,0.01927717231447712,0.01927717231447712,0.01927717231447712
0.496356,24,1,balanced_3000_0_3000_12000,balanced_3000_0_3000_12000,24,0.01925401802072546,0.01925401802072546,0.01925401802072546
0.496357,24,1,balanced_3000_0_3000_12000,balanced_3000_0_3000_12000,24,0.019230863726976466,0.019230863726976466,0.019230863726976466
0.496358,24,1,balanced_3000_0_3000_12000,balanced_3000_0_3000_12000,24,0.01920770943322614,0.01920770943322614,0.01920770943322614
0.496359,24,1,balanced_3000_0_3000_12000,balanced_3000_0_3000_12000,24,0.019184555139477144,0.019184555139477144,0.019184555139477144
0.496360,24,1,balanced_3000_0_3000_12000,balanced_3000_0_3000_12000,24,0.019161400845726817,0.019161400845726817,0.019161400845726817
0.496361,24,1,balanced_3000_0_3000_12000,balanced_3000_0_3000_12000,24,0.019138246551977378,0.019138246551977378,0.019138246551977378
0.496362,24,1,balanced_3000_0_3000_12000,balanced_3000_0_3000_12000,24,0.019115092258228827,0.019115092258228827,0.019115092258228827
0.496363,24,1,balanced_3000_0_3000_12000,balanced_3000_0_3000_12000,24,0.019091937964477612,0.019091937964477612,0.019091937964477612
0.496364,24,1,balanced_3000_0_3000_12000,balanced_3000_0_3000_12000,24,0.019068783670728173,0.019068783670728173,0.019068783670728173
0.496365,24,1,balanced_3000_0_3000_12000,balanced_3000_0_3000_12000,24,0.019045629376976958,0.019045629376976958,0.019045629376976958
0.496366,24,1,balanced_3000_0_3000_12000,balanced_3000_0_3000_12000,24,0.01902247508322885,0.01902247508322885,0.01902247508322885
0.496367,24,1,balanced_3000_0_3000_12000,balanced_3000_0_3000_12000,24,0.018999320789477192,0.018999320789477192,0.018999320789477192
0.496368,24,1,balanced_3000_0_3000_12000,balanced_3000_0_3000_12000,24,0.018976166495728197,0.018976166495728197,0.018976166495728197
0.496369,24,1,balanced_3000_0_3000_12000,balanced_3000_0_3000_12000,24,0.018953012201977426,0.018953012201977426,0.018953012201977426
0.496370,24,1,balanced_3000_0_3000_12000,balanced_3000_0_3000_12000,24,0.018929857908227543,0.018929857908227543,0.018929857908227543
0.496371,24,1,balanced_3000_0_3000_12000,balanced_3000_0_3000_12000,24,0.01890670361447766,0.01890670361447766,0.01890670361447766
0.496372,24,1,balanced_3000_0_3000_12000,balanced_3000_0_3000_12000,24,0.01888354932072822,0.01888354932072822,0.01888354932072822
0.496373,24,1,balanced_3000_0_3000_12000,balanced_3000_0_3000_12000,24,0.018860395026977894,0.018860395026977894,0.018860395026977894
0.496374,24,1,balanced_3000_0_3000_12000,balanced_3000_0_3000_12000,24,0.01883724073322801,0.01883724073322801,0.01883724073322801
0.496375,24,1,balanced_3000_0_3000_12000,balanced_3000_0_3000_12000,24,0.01881408643947724,0.01881408643947724,0.01881408643947724
0.496376,24,1,balanced_3000_0_3000_12000,balanced_3000_0_3000_12000,24,0.0187909321457278,0.0187909321457278,0.0187909321457278
0.496377,24,1,balanced_3000_0_3000_12000,balanced_3000_0_3000_12000,24,0.01876777785197703,0.01876777785197703,0.01876777785197703
0.496378,24,1,balanced_3000_0_3000_12000,balanced_3000_0_3000_12000,24,0.01874462355822848,0.01874462355822848,0.01874462355822848
0.496379,24,1,balanced_3000_0_3000_12000,balanced_3000_0_3000_12000,24,0.018721469264477264,0.018721469264477264,0.018721469264477264
0.496380,24,1,balanced_3000_0_3000_12000,balanced_3000_0_3000_12000,24,0.018698314970727825,0.018698314970727825,0.018698314970727825
0.496381,24,1,balanced_3000_0_3000_12000,balanced_3000_0_3000_12000,24,0.018675160676977498,0.018675160676977498,0.018675160676977498
0.496382,24,1,balanced_3000_0_3000_12000,balanced_3000_0_3000_12000,24,0.01865200638322806,0.01865200638322806,0.01865200638322806
0.496383,24,1,balanced_3000_0_3000_12000,balanced_3000_0_3000_12000,24,0.018628852089477288,0.018628852089477288,0.018628852089477288
0.496384,24,1,balanced_3000_0_3000_12000,balanced_3000_0_3000_12000,24,0.018605697795728293,0.018605697795728293,0.018605697795728293
0.496385,24,1,balanced_3000_0_3000_12000,balanced_3000_0_3000_12000,24,0.018582543501977522,0.018582543501977522,0.018582543501977522
0.496386,24,1,balanced_3000_0_3000_12000,balanced_3000_0_3000_12000,24,0.018559389208227195,0.018559389208227195,0.018559389208227195
0.496387,24,1,balanced_3000_0_3000_12000,balanced_3000_0_3000_12000,24,0.018536234914476868,0.018536234914476868,0.018536234914476868
0.496388,24,1,balanced_3000_0_3000_12000,balanced_3000_0_3000_12000,24,0.018513080620728317,0.018513080620728317,0.018513080620728317
0.496389,24,1,balanced_3000_0_3000_12000,balanced_3000_0_3000_12000,24,0.01848992632697799,0.01848992632697799,0.01848992632697799
0.496390,24,1,balanced_3000_0_3000_12000,balanced_3000_0_3000_12000,24,0.018466772033228107,0.018466772033228107,0.018466772033228107
0.496391,24,1,balanced_3000_0_3000_12000,balanced_3000_0_3000_12000,24,0.018443617739478224,0.018443617739478224,0.018443617739478224
0.496392,24,1,balanced_3000_0_3000_12000,balanced_3000_0_3000_12000,24,0.018420463445727897,0.018420463445727897,0.018420463445727897
0.496393,24,1,balanced_3000_0_3000_12000,balanced_3000_0_3000_12000,24,0.018397309151978902,0.018397309151978902,0.018397309151978902
0.496394,24,1,balanced_3000_0_3000_12000,balanced_3000_0_3000_12000,24,0.018374154858227687,0.018374154858227687,0.018374154858227687
0.496395,24,1,balanced_3000_0_3000_12000,balanced_3000_0_3000_12000,24,0.018351000564477804,0.018351000564477804,0.018351000564477804
0.496396,24,1,balanced_3000_0_3000_12000,balanced_3000_0_3000_12000,24,0.01832784627072792,0.01832784627072792,0.01832784627072792
0.496397,24,1,balanced_3000_0_3000_12000,balanced_3000_0_3000_12000,24,0.018304691976978482,0.018304691976978482,0.018304691976978482
0.496398,24,1,balanced_3000_0_3000_12000,balanced_3000_0_3000_12000,24,0.018281537683227267,0.018281537683227267,0.018281537683227267
0.496399,24,1,balanced_3000_0_3000_12000,balanced_3000_0_3000_12000,24,0.018258383389478716,0.018258383389478716,0.018258383389478716
0.496400,24,1,balanced_3000_0_3000_12000,balanced_3000_0_3000_12000,24,0.0182352290957275,0.0182352290957275,0.0182352290957275
0.496401,24,1,balanced_3000_0_3000_12000,balanced_3000_0_3000_12000,24,0.018212074801978506,0.018212074801978506,0.018212074801978506
0.496402,24,1,balanced_3000_0_3000_12000,balanced_3000_0_3000_12000,24,0.01818892050822818,0.01818892050822818,0.01818892050822818
0.496403,24,1,balanced_3000_0_3000_12000,balanced_3000_0_3000_12000,24,0.018165766214477852,0.018165766214477852,0.018165766214477852
0.496404,24,1,balanced_3000_0_3000_12000,balanced_3000_0_3000_12000,24,0.018142611920727525,0.018142611920727525,0.018142611920727525
0.496405,24,1,balanced_3000_0_3000_12000,balanced_3000_0_3000_12000,24,0.018119457626978086,0.018119457626978086,0.018119457626978086
0.496406,24,1,balanced_3000_0_3000_12000,balanced_3000_0_3000_12000,24,0.018096303333227315,0.018096303333227315,0.018096303333227315
0.496407,24,1,balanced_3000_0_3000_12000,balanced_3000_0_3000_12000,24,0.01807314903947832,0.01807314903947832,0.01807314903947832
0.496408,24,1,balanced_3000_0_3000_12000,balanced_3000_0_3000_12000,24,0.01804999474572755,0.01804999474572755,0.01804999474572755
0.496409,24,1,balanced_3000_0_3000_12000,balanced_3000_0_3000_12000,24,0.018026840451977666,0.018026840451977666,0.018026840451977666
0.496410,24,1,balanced_3000_0_3000_12000,balanced_3000_0_3000_12000,24,0.018003686158227783,0.018003686158227783,0.018003686158227783
0.496411,24,1,balanced_3000_0_3000_12000,balanced_3000_0_3000_12000,24,0.017980531864477456,0.017980531864477456,0.017980531864477456
0.496412,24,1,balanced_3000_0_3000_12000,balanced_3000_0_3000_12000,24,0.01795737757072713,0.01795737757072713,0.01795737757072713
0.496413,24,1,balanced_3000_0_3000_12000,balanced_3000_0_3000_12000,24,0.017934223276978134,0.017934223276978134,0.017934223276978134
0.496414,24,1,balanced_3000_0_3000_12000,balanced_3000_0_3000_12000,24,0.017911068983227363,0.017911068983227363,0.017911068983227363
0.496415,24,1,balanced_3000_0_3000_12000,balanced_3000_0_3000_12000,24,0.017887914689477924,0.017887914689477924,0.017887914689477924
0.496416,24,1,balanced_3000_0_3000_12000,balanced_3000_0_3000_12000,24,0.017864760395727597,0.017864760395727597,0.017864760395727597
0.496417,24,1,balanced_3000_0_3000_12000,balanced_3000_0_3000_12000,24,0.017841606101977714,0.017841606101977714,0.017841606101977714
0.496418,24,1,balanced_3000_0_3000_12000,balanced_3000_0_3000_12000,24,0.01781845180822872,0.01781845180822872,0.01781845180822872
0.496419,24,1,balanced_3000_0_3000_12000,balanced_3000_0_3000_12000,24,0.017795297514477948,0.017795297514477948,0.017795297514477948
0.496420,24,1,balanced_3000_0_3000_12000,balanced_3000_0_3000_12000,24,0.017772143220729397,0.017772143220729397,0.017772143220729397
0.496421,24,1,balanced_3000_0_3000_12000,balanced_3000_0_3000_12000,24,0.017748988926977738,0.017748988926977738,0.017748988926977738
0.496422,24,1,balanced_3000_0_3000_12000,balanced_3000_0_3000_12000,24,0.017725834633228743,0.017725834633228743,0.017725834633228743
0.496423,24,1,balanced_3000_0_3000_12000,balanced_3000_0_3000_12000,24,0.017702680339477972,0.017702680339477972,0.017702680339477972
0.496424,24,1,balanced_3000_0_3000_12000,balanced_3000_0_3000_12000,24,0.01767952604572809,0.01767952604572809,0.01767952604572809
0.496425,24,1,balanced_3000_0_3000_12000,balanced_3000_0_3000_12000,24,0.017656371751978206,0.017656371751978206,0.017656371751978206
0.496426,24,1,balanced_3000_0_3000_12000,balanced_3000_0_3000_12000,24,0.017633217458228323,0.017633217458228323,0.017633217458228323
0.496427,24,1,balanced_3000_0_3000_12000,balanced_3000_0_3000_12000,24,0.017610063164477552,0.017610063164477552,0.017610063164477552
0.496428,24,1,balanced_3000_0_3000_12000,balanced_3000_0_3000_12000,24,0.01758690887072767,0.01758690887072767,0.01758690887072767
0.496429,24,1,balanced_3000_0_3000_12000,balanced_3000_0_3000_12000,24,0.01756375457697823,0.01756375457697823,0.01756375457697823
0.496430,24,1,balanced_3000_0_3000_12000,balanced_3000_0_3000_12000,24,0.017540600283229235,0.017540600283229235,0.017540600283229235
0.496431,24,1,balanced_3000_0_3000_12000,balanced_3000_0_3000_12000,24,0.017517445989477576,0.017517445989477576,0.017517445989477576
0.496432,24,1,balanced_3000_0_3000_12000,balanced_3000_0_3000_12000,24,0.01749429169572858,0.01749429169572858,0.01749429169572858
0.496433,24,1,balanced_3000_0_3000_12000,balanced_3000_0_3000_12000,24,0.017471137401977366,0.017471137401977366,0.017471137401977366
0.496434,24,1,balanced_3000_0_3000_12000,balanced_3000_0_3000_12000,24,0.01744798310822837,0.01744798310822837,0.01744798310822837
0.496435,24,1,balanced_3000_0_3000_12000,balanced_3000_0_3000_12000,24,0.017424828814478044,0.017424828814478044,0.017424828814478044
0.496436,24,1,balanced_3000_0_3000_12000,balanced_3000_0_3000_12000,24,0.01740167452072816,0.01740167452072816,0.01740167452072816
0.496437,24,1,balanced_3000_0_3000_12000,balanced_3000_0_3000_12000,24,0.01737852022697739,0.01737852022697739,0.01737852022697739
0.496438,24,1,balanced_3000_0_3000_12000,balanced_3000_0_3000_12000,24,0.01735536593322795,0.01735536593322795,0.01735536593322795
0.496439,24,1,balanced_3000_0_3000_12000,balanced_3000_0_3000_12000,24,0.017332211639478068,0.017332211639478068,0.017332211639478068
0.496440,24,1,balanced_3000_0_3000_12000,balanced_3000_0_3000_12000,24,0.017309057345728185,0.017309057345728185,0.017309057345728185
0.496441,24,1,balanced_3000_0_3000_12000,balanced_3000_0_3000_12000,24,0.017285903051977414,0.017285903051977414,0.017285903051977414
0.496442,24,1,balanced_3000_0_3000_12000,balanced_3000_0_3000_12000,24,0.01726274875822753,0.01726274875822753,0.01726274875822753
0.496443,24,1,balanced_3000_0_3000_12000,balanced_3000_0_3000_12000,24,0.017239594464477648,0.017239594464477648,0.017239594464477648
0.496444,24,1,balanced_3000_0_3000_12000,balanced_3000_0_3000_12000,24,0.017216440170727765,0.017216440170727765,0.017216440170727765
0.496445,24,1,balanced_3000_0_3000_12000,balanced_3000_0_3000_12000,24,0.017193285876979214,0.017193285876979214,0.017193285876979214
0.496446,24,1,balanced_3000_0_3000_12000,balanced_3000_0_3000_12000,24,0.017170131583228443,0.017170131583228443,0.017170131583228443
0.496447,24,1,balanced_3000_0_3000_12000,balanced_3000_0_3000_12000,24,0.01714697728947856,0.01714697728947856,0.01714697728947856
0.496448,24,1,balanced_3000_0_3000_12000,balanced_3000_0_3000_12000,24,0.01712382299572779,0.01712382299572779,0.01712382299572779
0.496449,24,1,balanced_3000_0_3000_12000,balanced_3000_0_3000_12000,24,0.01710066870197835,0.01710066870197835,0.01710066870197835
0.496450,24,1,balanced_3000_0_3000_12000,balanced_3000_0_3000_12000,24,0.017077514408228023,0.017077514408228023,0.017077514408228023
0.496451,24,1,balanced_3000_0_3000_12000,balanced_3000_0_3000_12000,24,0.017054360114478584,0.017054360114478584,0.017054360114478584
0.496452,24,1,balanced_3000_0_3000_12000,balanced_3000_0_3000_12000,24,0.017031205820727813,0.017031205820727813,0.017031205820727813
0.496453,24,1,balanced_3000_0_3000_12000,balanced_3000_0_3000_12000,24,0.017008051526978374,0.017008051526978374,0.017008051526978374
0.496454,24,1,balanced_3000_0_3000_12000,balanced_3000_0_3000_12000,24,0.016984897233228047,0.016984897233228047,0.016984897233228047
0.496455,24,1,balanced_3000_0_3000_12000,balanced_3000_0_3000_12000,24,0.016961742939478608,0.016961742939478608,0.016961742939478608
0.496456,24,1,balanced_3000_0_3000_12000,balanced_3000_0_3000_12000,24,0.016938588645727393,0.016938588645727393,0.016938588645727393
0.496457,24,1,balanced_3000_0_3000_12000,balanced_3000_0_3000_12000,24,0.016915434351978842,0.016915434351978842,0.016915434351978842
0.496458,24,1,balanced_3000_0_3000_12000,balanced_3000_0_3000_12000,24,0.016892280058227627,0.016892280058227627,0.016892280058227627
0.496459,24,1,balanced_3000_0_3000_12000,balanced_3000_0_3000_12000,24,0.016869125764479076,0.016869125764479076,0.016869125764479076
0.496460,24,1,balanced_3000_0_3000_12000,balanced_3000_0_3000_12000,24,0.016845971470727417,0.016845971470727417,0.016845971470727417
0.496461,24,1,balanced_3000_0_3000_12000,balanced_3000_0_3000_12000,24,0.016822817176978422,0.016822817176978422,0.016822817176978422
0.496462,24,1,balanced_3000_0_3000_12000,balanced_3000_0_3000_12000,24,0.01679966288322765,0.01679966288322765,0.01679966288322765
0.496463,24,1,balanced_3000_0_3000_12000,balanced_3000_0_3000_12000,24,0.016776508589478212,0.016776508589478212,0.016776508589478212
0.496464,24,1,balanced_3000_0_3000_12000,balanced_3000_0_3000_12000,24,0.016753354295727885,0.016753354295727885,0.016753354295727885
0.496465,24,1,balanced_3000_0_3000_12000,balanced_3000_0_3000_12000,24,0.016730200001978446,0.016730200001978446,0.016730200001978446
0.496466,24,1,balanced_3000_0_3000_12000,balanced_3000_0_3000_12000,24,0.016707045708227675,0.016707045708227675,0.016707045708227675
0.496467,24,1,balanced_3000_0_3000_12000,balanced_3000_0_3000_12000,24,0.01668389141447868,0.01668389141447868,0.01668389141447868
0.496468,24,1,balanced_3000_0_3000_12000,balanced_3000_0_3000_12000,24,0.016660737120728353,0.016660737120728353,0.016660737120728353
0.496469,24,1,balanced_3000_0_3000_12000,balanced_3000_0_3000_12000,24,0.01663758282697847,0.01663758282697847,0.01663758282697847
0.496470,24,1,balanced_3000_0_3000_12000,balanced_3000_0_3000_12000,24,0.016614428533227255,0.016614428533227255,0.016614428533227255
0.496471,24,1,balanced_3000_0_3000_12000,balanced_3000_0_3000_12000,24,0.01659127423947826,0.01659127423947826,0.01659127423947826
0.496472,24,1,balanced_3000_0_3000_12000,balanced_3000_0_3000_12000,24,0.01656811994572882,0.01656811994572882,0.01656811994572882
0.496473,24,1,balanced_3000_0_3000_12000,balanced_3000_0_3000_12000,24,0.01654496565197805,0.01654496565197805,0.01654496565197805
0.496474,24,1,balanced_3000_0_3000_12000,balanced_3000_0_3000_12000,24,0.016521811358229055,0.016521811358229055,0.016521811358229055
0.496475,24,1,balanced_3000_0_3000_12000,balanced_3000_0_3000_12000,24,0.016498657064478728,0.016498657064478728,0.016498657064478728
0.496476,24,1,balanced_3000_0_3000_12000,balanced_3000_0_3000_12000,24,0.016475502770728845,0.016475502770728845,0.016475502770728845
0.496477,24,1,balanced_3000_0_3000_12000,balanced_3000_0_3000_12000,24,0.016452348476978074,0.016452348476978074,0.016452348476978074
0.496478,24,1,balanced_3000_0_3000_12000,balanced_3000_0_3000_12000,24,0.016429194183228635,0.016429194183228635,0.016429194183228635
0.496479,24,1,balanced_3000_0_3000_12000,balanced_3000_0_3000_12000,24,0.016406039889477864,0.016406039889477864,0.016406039889477864
0.496480,24,1,balanced_3000_0_3000_12000,balanced_3000_0_3000_12000,24,0.01638288559572887,0.01638288559572887,0.01638288559572887
0.496481,24,1,balanced_3000_0_3000_12000,balanced_3000_0_3000_12000,24,0.016359731301978098,0.016359731301978098,0.016359731301978098
0.496482,24,1,balanced_3000_0_3000_12000,balanced_3000_0_3000_12000,24,0.01633657700822866,0.01633657700822866,0.01633657700822866
0.496483,24,1,balanced_3000_0_3000_12000,balanced_3000_0_3000_12000,24,0.01631342271447833,0.01631342271447833,0.01631342271447833
0.496484,24,1,balanced_3000_0_3000_12000,balanced_3000_0_3000_12000,24,0.01629026842072845,0.01629026842072845,0.01629026842072845
0.496485,24,1,balanced_3000_0_3000_12000,balanced_3000_0_3000_12000,24,0.01626711412697812,0.01626711412697812,0.01626711412697812
0.496486,24,1,balanced_3000_0_3000_12000,balanced_3000_0_3000_12000,24,0.016243959833228683,0.016243959833228683,0.016243959833228683
0.496487,24,1,balanced_3000_0_3000_12000,balanced_3000_0_3000_12000,24,0.01622080553947791,0.01622080553947791,0.01622080553947791
0.496488,24,1,balanced_3000_0_3000_12000,balanced_3000_0_3000_12000,24,0.016197651245728917,0.016197651245728917,0.016197651245728917
0.496489,24,1,balanced_3000_0_3000_12000,balanced_3000_0_3000_12000,24,0.016174496951978146,0.016174496951978146,0.016174496951978146
0.496490,24,1,balanced_3000_0_3000_12000,balanced_3000_0_3000_12000,24,0.016151342658228707,0.016151342658228707,0.016151342658228707
0.496491,24,1,balanced_3000_0_3000_12000,balanced_3000_0_3000_12000,24,0.016128188364477936,0.016128188364477936,0.016128188364477936
0.496492,24,1,balanced_3000_0_3000_12000,balanced_3000_0_3000_12000,24,0.01610503407072894,0.01610503407072894,0.01610503407072894
0.496493,24,1,balanced_3000_0_3000_12000,balanced_3000_0_3000_12000,24,0.016081879776977726,0.016081879776977726,0.016081879776977726
0.496494,24,1,balanced_3000_0_3000_12000,balanced_3000_0_3000_12000,24,0.01605872548322873,0.01605872548322873,0.01605872548322873
0.496495,24,1,balanced_3000_0_3000_12000,balanced_3000_0_3000_12000,24,0.01603557118947796,0.01603557118947796,0.01603557118947796
0.496496,24,1,balanced_3000_0_3000_12000,balanced_3000_0_3000_12000,24,0.01601241689572852,0.01601241689572852,0.01601241689572852
0.496497,24,1,balanced_3000_0_3000_12000,balanced_3000_0_3000_12000,24,0.01598926260197775,0.01598926260197775,0.01598926260197775
0.496498,24,1,balanced_3000_0_3000_12000,balanced_3000_0_3000_12000,24,0.01596610830822831,0.01596610830822831,0.01596610830822831
0.496499,24,1,balanced_3000_0_3000_12000,balanced_3000_0_3000_12000,24,0.015942954014477984,0.015942954014477984,0.015942954014477984
0.496500,24,1,balanced_3000_0_3000_12000,balanced_3000_0_3000_12000,24,0.015919799720728545,0.015919799720728545,0.015919799720728545
0.496501,24,1,balanced_3000_0_3000_12000,balanced_3000_0_3000_12000,24,0.015896645426979106,0.015896645426979106,0.015896645426979106
0.496502,24,1,balanced_3000_0_3000_12000,balanced_3000_0_3000_12000,24,0.015873491133228335,0.015873491133228335,0.015873491133228335
0.496503,24,1,balanced_3000_0_3000_12000,balanced_3000_0_3000_12000,24,0.015850336839478896,0.015850336839478896,0.015850336839478896
0.496504,24,1,balanced_3000_0_3000_12000,balanced_3000_0_3000_12000,24,0.01582718254572857,0.01582718254572857,0.01582718254572857
0.496505,24,1,balanced_3000_0_3000_12000,balanced_3000_0_3000_12000,24,0.01580402825197913,0.01580402825197913,0.01580402825197913
0.496506,24,1,balanced_3000_0_3000_12000,balanced_3000_0_3000_12000,24,0.01578087395822836,0.01578087395822836,0.01578087395822836
0.496507,24,1,balanced_3000_0_3000_12000,balanced_3000_0_3000_12000,24,0.01575771966447892,0.01575771966447892,0.01575771966447892
0.496508,24,1,balanced_3000_0_3000_12000,balanced_3000_0_3000_12000,24,0.015734565370728593,0.015734565370728593,0.015734565370728593
0.496509,24,1,balanced_3000_0_3000_12000,balanced_3000_0_3000_12000,24,0.01571141107697871,0.01571141107697871,0.01571141107697871
0.496510,24,1,balanced_3000_0_3000_12000,balanced_3000_0_3000_12000,24,0.015688256783228383,0.015688256783228383,0.015688256783228383
0.496511,24,1,balanced_3000_0_3000_12000,balanced_3000_0_3000_12000,24,0.015665102489478944,0.015665102489478944,0.015665102489478944
0.496512,24,1,balanced_3000_0_3000_12000,balanced_3000_0_3000_12000,24,0.015641948195728173,0.015641948195728173,0.015641948195728173
0.496513,24,1,balanced_3000_0_3000_12000,balanced_3000_0_3000_12000,24,0.015618793901978734,0.015618793901978734,0.015618793901978734
0.496514,24,1,balanced_3000_0_3000_12000,balanced_3000_0_3000_12000,24,0.015595639608228407,0.015595639608228407,0.015595639608228407
0.496515,24,1,balanced_3000_0_3000_12000,balanced_3000_0_3000_12000,24,0.015572485314478524,0.015572485314478524,0.015572485314478524
0.496516,24,1,balanced_3000_0_3000_12000,balanced_3000_0_3000_12000,24,0.015549331020727752,0.015549331020727752,0.015549331020727752
0.496517,24,1,balanced_3000_0_3000_12000,balanced_3000_0_3000_12000,24,0.015526176726979202,0.015526176726979202,0.015526176726979202
0.496518,24,1,balanced_3000_0_3000_12000,balanced_3000_0_3000_12000,24,0.015503022433227986,0.015503022433227986,0.015503022433227986
0.496519,24,1,balanced_3000_0_3000_12000,balanced_3000_0_3000_12000,24,0.015479868139478992,0.015479868139478992,0.015479868139478992
0.496520,24,1,balanced_3000_0_3000_12000,balanced_3000_0_3000_12000,24,0.015456713845727776,0.015456713845727776,0.015456713845727776
0.496521,24,1,balanced_3000_0_3000_12000,balanced_3000_0_3000_12000,24,0.015433559551978338,0.015433559551978338,0.015433559551978338
0.496522,24,1,balanced_3000_0_3000_12000,balanced_3000_0_3000_12000,24,0.015410405258227566,0.015410405258227566,0.015410405258227566
0.496523,24,1,balanced_3000_0_3000_12000,balanced_3000_0_3000_12000,24,0.015387250964478572,0.015387250964478572,0.015387250964478572
0.496524,24,1,balanced_3000_0_3000_12000,balanced_3000_0_3000_12000,24,0.015364096670728244,0.015364096670728244,0.015364096670728244
0.496525,24,1,balanced_3000_0_3000_12000,balanced_3000_0_3000_12000,24,0.015340942376978361,0.015340942376978361,0.015340942376978361
0.496526,24,1,balanced_3000_0_3000_12000,balanced_3000_0_3000_12000,24,0.015317788083228034,0.015317788083228034,0.015317788083228034
0.496527,24,1,balanced_3000_0_3000_12000,balanced_3000_0_3000_12000,24,0.015294633789478596,0.015294633789478596,0.015294633789478596
0.496528,24,1,balanced_3000_0_3000_12000,balanced_3000_0_3000_12000,24,0.0152714794957296,0.0152714794957296,0.0152714794957296
0.496529,24,1,balanced_3000_0_3000_12000,balanced_3000_0_3000_12000,24,0.015248325201978385,0.015248325201978385,0.015248325201978385
0.496530,24,1,balanced_3000_0_3000_12000,balanced_3000_0_3000_12000,24,0.01522517090822939,0.01522517090822939,0.01522517090822939
0.496531,24,1,balanced_3000_0_3000_12000,balanced_3000_0_3000_12000,24,0.01520201661447862,0.01520201661447862,0.01520201661447862
0.496532,24,1,balanced_3000_0_3000_12000,balanced_3000_0_3000_12000,24,0.015178862320729625,0.015178862320729625,0.015178862320729625
0.496533,24,1,balanced_3000_0_3000_12000,balanced_3000_0_3000_12000,24,0.01515570802697841,0.01515570802697841,0.01515570802697841
0.496534,24,1,balanced_3000_0_3000_12000,balanced_3000_0_3000_12000,24,0.01513255373322897,0.01513255373322897,0.01513255373322897
0.496535,24,1,balanced_3000_0_3000_12000,balanced_3000_0_3000_12000,24,0.015109399439478644,0.015109399439478644,0.015109399439478644
0.496536,24,1,balanced_3000_0_3000_12000,balanced_3000_0_3000_12000,24,0.015086245145729205,0.015086245145729205,0.015086245145729205
0.496537,24,1,balanced_3000_0_3000_12000,balanced_3000_0_3000_12000,24,0.015063090851978878,0.015063090851978878,0.015063090851978878
0.496538,24,1,balanced_3000_0_3000_12000,balanced_3000_0_3000_12000,24,0.015039936558229439,0.015039936558229439,0.015039936558229439
0.496539,24,1,balanced_3000_0_3000_12000,balanced_3000_0_3000_12000,24,0.015016782264478667,0.015016782264478667,0.015016782264478667
0.496540,24,1,balanced_3000_0_3000_12000,balanced_3000_0_3000_12000,24,0.014993627970729229,0.014993627970729229,0.014993627970729229
0.496541,24,1,balanced_3000_0_3000_12000,balanced_3000_0_3000_12000,24,0.014970473676978457,0.014970473676978457,0.014970473676978457
0.496542,24,1,balanced_3000_0_3000_12000,balanced_3000_0_3000_12000,24,0.014947319383229463,0.014947319383229463,0.014947319383229463
0.496543,24,1,balanced_3000_0_3000_12000,balanced_3000_0_3000_12000,24,0.014924165089478247,0.014924165089478247,0.014924165089478247
0.496544,24,1,balanced_3000_0_3000_12000,balanced_3000_0_3000_12000,24,0.014901010795729253,0.014901010795729253,0.014901010795729253
0.496545,24,1,balanced_3000_0_3000_12000,balanced_3000_0_3000_12000,24,0.014877856501978037,0.014877856501978037,0.014877856501978037
0.496546,24,1,balanced_3000_0_3000_12000,balanced_3000_0_3000_12000,24,0.014854702208229043,0.014854702208229043,0.014854702208229043
0.496547,24,1,balanced_3000_0_3000_12000,balanced_3000_0_3000_12000,24,0.014831547914478271,0.014831547914478271,0.014831547914478271
0.496548,24,1,balanced_3000_0_3000_12000,balanced_3000_0_3000_12000,24,0.014808393620729277,0.014808393620729277,0.014808393620729277
0.496549,24,1,balanced_3000_0_3000_12000,balanced_3000_0_3000_12000,24,0.014785239326978061,0.014785239326978061,0.014785239326978061
0.496550,24,1,balanced_3000_0_3000_12000,balanced_3000_0_3000_12000,24,0.014762085033228622,0.014762085033228622,0.014762085033228622
0.496551,24,1,balanced_3000_0_3000_12000,balanced_3000_0_3000_12000,24,0.014738930739478295,0.014738930739478295,0.014738930739478295
0.496552,24,1,balanced_3000_0_3000_12000,balanced_3000_0_3000_12000,24,0.014715776445728856,0.014715776445728856,0.014715776445728856
0.496553,24,1,balanced_3000_0_3000_12000,balanced_3000_0_3000_12000,24,0.014692622151978085,0.014692622151978085,0.014692622151978085
0.496554,24,1,balanced_3000_0_3000_12000,balanced_3000_0_3000_12000,24,0.01466946785822909,0.01466946785822909,0.01466946785822909
0.496555,24,1,balanced_3000_0_3000_12000,balanced_3000_0_3000_12000,24,0.014646313564479208,0.014646313564479208,0.014646313564479208
0.496556,24,1,balanced_3000_0_3000_12000,balanced_3000_0_3000_12000,24,0.01462315927072888,0.01462315927072888,0.01462315927072888
0.496557,24,1,balanced_3000_0_3000_12000,balanced_3000_0_3000_12000,24,0.014600004976979442,0.014600004976979442,0.014600004976979442
0.496558,24,1,balanced_3000_0_3000_12000,balanced_3000_0_3000_12000,24,0.014576850683229114,0.014576850683229114,0.014576850683229114
0.496559,24,1,balanced_3000_0_3000_12000,balanced_3000_0_3000_12000,24,0.014553696389479231,0.014553696389479231,0.014553696389479231
0.496560,24,1,balanced_3000_0_3000_12000,balanced_3000_0_3000_12000,24,0.014530542095728904,0.014530542095728904,0.014530542095728904
0.496561,24,1,balanced_3000_0_3000_12000,balanced_3000_0_3000_12000,24,0.014507387801979466,0.014507387801979466,0.014507387801979466
0.496562,24,1,balanced_3000_0_3000_12000,balanced_3000_0_3000_12000,24,0.014484233508228694,0.014484233508228694,0.014484233508228694
0.496563,24,1,balanced_3000_0_3000_12000,balanced_3000_0_3000_12000,24,0.0144610792144797,0.0144610792144797,0.0144610792144797
0.496564,24,1,balanced_3000_0_3000_12000,balanced_3000_0_3000_12000,24,0.014437924920728484,0.014437924920728484,0.014437924920728484
0.496565,24,1,balanced_3000_0_3000_12000,balanced_3000_0_3000_12000,24,0.014414770626979045,0.014414770626979045,0.014414770626979045
0.496566,24,1,balanced_3000_0_3000_12000,balanced_3000_0_3000_12000,24,0.014391616333228718,0.014391616333228718,0.014391616333228718
0.496567,24,1,balanced_3000_0_3000_12000,balanced_3000_0_3000_12000,24,0.01436846203947928,0.01436846203947928,0.01436846203947928
0.496568,24,1,balanced_3000_0_3000_12000,balanced_3000_0_3000_12000,24,0.014345307745728508,0.014345307745728508,0.014345307745728508
0.496569,24,1,balanced_3000_0_3000_12000,balanced_3000_0_3000_12000,24,0.014322153451979514,0.014322153451979514,0.014322153451979514
0.496570,24,1,balanced_3000_0_3000_12000,balanced_3000_0_3000_12000,24,0.014298999158228742,0.014298999158228742,0.014298999158228742
0.496571,24,1,balanced_3000_0_3000_12000,balanced_3000_0_3000_12000,24,0.014275844864479303,0.014275844864479303,0.014275844864479303
0.496572,24,1,balanced_3000_0_3000_12000,balanced_3000_0_3000_12000,24,0.014252690570728088,0.014252690570728088,0.014252690570728088
0.496573,24,1,balanced_3000_0_3000_12000,balanced_3000_0_3000_12000,24,0.014229536276979093,0.014229536276979093,0.014229536276979093
0.496574,24,1,balanced_3000_0_3000_12000,balanced_3000_0_3000_12000,24,0.014206381983228322,0.014206381983228322,0.014206381983228322
0.496575,24,1,balanced_3000_0_3000_12000,balanced_3000_0_3000_12000,24,0.014183227689479327,0.014183227689479327,0.014183227689479327
0.496576,24,1,balanced_3000_0_3000_12000,balanced_3000_0_3000_12000,24,0.014160073395728556,0.014160073395728556,0.014160073395728556
0.496577,24,1,balanced_3000_0_3000_12000,balanced_3000_0_3000_12000,24,0.014136919101979117,0.014136919101979117,0.014136919101979117
0.496578,24,1,balanced_3000_0_3000_12000,balanced_3000_0_3000_12000,24,0.01411376480822879,0.01411376480822879,0.01411376480822879
0.496579,24,1,balanced_3000_0_3000_12000,balanced_3000_0_3000_12000,24,0.014090610514478907,0.014090610514478907,0.014090610514478907
0.496580,24,1,balanced_3000_0_3000_12000,balanced_3000_0_3000_12000,24,0.01406745622072858,0.01406745622072858,0.01406745622072858
0.496581,24,1,balanced_3000_0_3000_12000,balanced_3000_0_3000_12000,24,0.014044301926979141,0.014044301926979141,0.014044301926979141
0.496582,24,1,balanced_3000_0_3000_12000,balanced_3000_0_3000_12000,24,0.01402114763322837,0.01402114763322837,0.01402114763322837
0.496583,24,1,balanced_3000_0_3000_12000,balanced_3000_0_3000_12000,24,0.013997993339479375,0.013997993339479375,0.013997993339479375
0.496584,24,1,balanced_3000_0_3000_12000,balanced_3000_0_3000_12000,24,0.013974839045729937,0.013974839045729937,0.013974839045729937
0.496585,24,1,balanced_3000_0_3000_12000,balanced_3000_0_3000_12000,24,0.013951684751978721,0.013951684751978721,0.013951684751978721
0.496586,24,1,balanced_3000_0_3000_12000,balanced_3000_0_3000_12000,24,0.013928530458229726,0.013928530458229726,0.013928530458229726
0.496587,24,1,balanced_3000_0_3000_12000,balanced_3000_0_3000_12000,24,0.013905376164478955,0.013905376164478955,0.013905376164478955
0.496588,24,1,balanced_3000_0_3000_12000,balanced_3000_0_3000_12000,24,0.013882221870729516,0.013882221870729516,0.013882221870729516
0.496589,24,1,balanced_3000_0_3000_12000,balanced_3000_0_3000_12000,24,0.013859067576978745,0.013859067576978745,0.013859067576978745
0.496590,24,1,balanced_3000_0_3000_12000,balanced_3000_0_3000_12000,24,0.013835913283229306,0.013835913283229306,0.013835913283229306
0.496591,24,1,balanced_3000_0_3000_12000,balanced_3000_0_3000_12000,24,0.01381275898947898,0.01381275898947898,0.01381275898947898
0.496592,24,1,balanced_3000_0_3000_12000,balanced_3000_0_3000_12000,24,0.013789604695729096,0.013789604695729096,0.013789604695729096
0.496593,24,1,balanced_3000_0_3000_12000,balanced_3000_0_3000_12000,24,0.01376645040197877,0.01376645040197877,0.01376645040197877
0.496594,24,1,balanced_3000_0_3000_12000,balanced_3000_0_3000_12000,24,0.013743296108229774,0.013743296108229774,0.013743296108229774
0.496595,24,1,balanced_3000_0_3000_12000,balanced_3000_0_3000_12000,24,0.01372014181447856,0.01372014181447856,0.01372014181447856
0.496596,24,1,balanced_3000_0_3000_12000,balanced_3000_0_3000_12000,24,0.013696987520729564,0.013696987520729564,0.013696987520729564
0.496597,24,1,balanced_3000_0_3000_12000,balanced_3000_0_3000_12000,24,0.013673833226978793,0.013673833226978793,0.013673833226978793
0.496598,24,1,balanced_3000_0_3000_12000,balanced_3000_0_3000_12000,24,0.013650678933229798,0.013650678933229798,0.013650678933229798
0.496599,24,1,balanced_3000_0_3000_12000,balanced_3000_0_3000_12000,24,0.013627524639478583,0.013627524639478583,0.013627524639478583
0.496600,24,1,balanced_3000_0_3000_12000,balanced_3000_0_3000_12000,24,0.013604370345729588,0.013604370345729588,0.013604370345729588
0.496601,24,1,balanced_3000_0_3000_12000,balanced_3000_0_3000_12000,24,0.013581216051978373,0.013581216051978373,0.013581216051978373
0.496602,24,1,balanced_3000_0_3000_12000,balanced_3000_0_3000_12000,24,0.013558061758229378,0.013558061758229378,0.013558061758229378
0.496603,24,1,balanced_3000_0_3000_12000,balanced_3000_0_3000_12000,24,0.013534907464478607,0.013534907464478607,0.013534907464478607
0.496604,24,1,balanced_3000_0_3000_12000,balanced_3000_0_3000_12000,24,0.013511753170729168,0.013511753170729168,0.013511753170729168
0.496605,24,1,balanced_3000_0_3000_12000,balanced_3000_0_3000_12000,24,0.013488598876978397,0.013488598876978397,0.013488598876978397
0.496606,24,1,balanced_3000_0_3000_12000,balanced_3000_0_3000_12000,24,0.013465444583229402,0.013465444583229402,0.013465444583229402
0.496607,24,1,balanced_3000_0_3000_12000,balanced_3000_0_3000_12000,24,0.013442290289478631,0.013442290289478631,0.013442290289478631
0.496608,24,1,balanced_3000_0_3000_12000,balanced_3000_0_3000_12000,24,0.013419135995729192,0.013419135995729192,0.013419135995729192
0.496609,24,1,balanced_3000_0_3000_12000,balanced_3000_0_3000_12000,24,0.013395981701978421,0.013395981701978421,0.013395981701978421
0.496610,24,1,balanced_3000_0_3000_12000,balanced_3000_0_3000_12000,24,0.013372827408229426,0.013372827408229426,0.013372827408229426
0.496611,24,1,balanced_3000_0_3000_12000,balanced_3000_0_3000_12000,24,0.013349673114479987,0.013349673114479987,0.013349673114479987
0.496612,24,1,balanced_3000_0_3000_12000,balanced_3000_0_3000_12000,24,0.013326518820729216,0.013326518820729216,0.013326518820729216
0.496613,24,1,balanced_3000_0_3000_12000,balanced_3000_0_3000_12000,24,0.013303364526979777,0.013303364526979777,0.013303364526979777
0.496614,24,1,balanced_3000_0_3000_12000,balanced_3000_0_3000_12000,24,0.01328021023322945,0.01328021023322945,0.01328021023322945
0.496615,24,1,balanced_3000_0_3000_12000,balanced_3000_0_3000_12000,24,0.013257055939479567,0.013257055939479567,0.013257055939479567
0.496616,24,1,balanced_3000_0_3000_12000,balanced_3000_0_3000_12000,24,0.01323390164572924,0.01323390164572924,0.01323390164572924
0.496617,24,1,balanced_3000_0_3000_12000,balanced_3000_0_3000_12000,24,0.013210747351979801,0.013210747351979801,0.013210747351979801
0.496618,24,1,balanced_3000_0_3000_12000,balanced_3000_0_3000_12000,24,0.01318759305822903,0.01318759305822903,0.01318759305822903
0.496619,24,1,balanced_3000_0_3000_12000,balanced_3000_0_3000_12000,24,0.013164438764479591,0.013164438764479591,0.013164438764479591
0.496620,24,1,balanced_3000_0_3000_12000,balanced_3000_0_3000_12000,24,0.01314128447072882,0.01314128447072882,0.01314128447072882
0.496621,24,1,balanced_3000_0_3000_12000,balanced_3000_0_3000_12000,24,0.013118130176979825,0.013118130176979825,0.013118130176979825
0.496622,24,1,balanced_3000_0_3000_12000,balanced_3000_0_3000_12000,24,0.013094975883229498,0.013094975883229498,0.013094975883229498
0.496623,24,1,balanced_3000_0_3000_12000,balanced_3000_0_3000_12000,24,0.013071821589479615,0.013071821589479615,0.013071821589479615
0.496624,24,1,balanced_3000_0_3000_12000,balanced_3000_0_3000_12000,24,0.013048667295728844,0.013048667295728844,0.013048667295728844
0.496625,24,1,balanced_3000_0_3000_12000,balanced_3000_0_3000_12000,24,0.013025513001979405,0.013025513001979405,0.013025513001979405
0.496626,24,1,balanced_3000_0_3000_12000,balanced_3000_0_3000_12000,24,0.013002358708228634,0.013002358708228634,0.013002358708228634
0.496627,24,1,balanced_3000_0_3000_12000,balanced_3000_0_3000_12000,24,0.01297920441447964,0.01297920441447964,0.01297920441447964
0.496628,24,1,balanced_3000_0_3000_12000,balanced_3000_0_3000_12000,24,0.012956050120729312,0.012956050120729312,0.012956050120729312
0.496629,24,1,balanced_3000_0_3000_12000,balanced_3000_0_3000_12000,24,0.01293289582697943,0.01293289582697943,0.01293289582697943
0.496630,24,1,balanced_3000_0_3000_12000,balanced_3000_0_3000_12000,24,0.012909741533228658,0.012909741533228658,0.012909741533228658
0.496631,24,1,balanced_3000_0_3000_12000,balanced_3000_0_3000_12000,24,0.012886587239479663,0.012886587239479663,0.012886587239479663
0.496632,24,1,balanced_3000_0_3000_12000,balanced_3000_0_3000_12000,24,0.012863432945728892,0.012863432945728892,0.012863432945728892
0.496633,24,1,balanced_3000_0_3000_12000,balanced_3000_0_3000_12000,24,0.012840278651979453,0.012840278651979453,0.012840278651979453
0.496634,24,1,balanced_3000_0_3000_12000,balanced_3000_0_3000_12000,24,0.012817124358229126,0.012817124358229126,0.012817124358229126
0.496635,24,1,balanced_3000_0_3000_12000,balanced_3000_0_3000_12000,24,0.012793970064479687,0.012793970064479687,0.012793970064479687
0.496636,24,1,balanced_3000_0_3000_12000,balanced_3000_0_3000_12000,24,0.012770815770728472,0.012770815770728472,0.012770815770728472
0.496637,24,1,balanced_3000_0_3000_12000,balanced_3000_0_3000_12000,24,0.012747661476979033,0.012747661476979033,0.012747661476979033
0.496638,24,1,balanced_3000_0_3000_12000,balanced_3000_0_3000_12000,24,0.012724507183228262,0.012724507183228262,0.012724507183228262
0.496639,24,1,balanced_3000_0_3000_12000,balanced_3000_0_3000_12000,24,0.012701352889478823,0.012701352889478823,0.012701352889478823
0.496640,24,1,balanced_3000_0_3000_12000,balanced_3000_0_3000_12000,24,0.012678198595729828,0.012678198595729828,0.012678198595729828
0.496641,24,1,balanced_3000_0_3000_12000,balanced_3000_0_3000_12000,24,0.012655044301979501,0.012655044301979501,0.012655044301979501
0.496642,24,1,balanced_3000_0_3000_12000,balanced_3000_0_3000_12000,24,0.012631890008230062,0.012631890008230062,0.012631890008230062
0.496643,24,1,balanced_3000_0_3000_12000,balanced_3000_0_3000_12000,24,0.012608735714479291,0.012608735714479291,0.012608735714479291
0.496644,24,1,balanced_3000_0_3000_12000,balanced_3000_0_3000_12000,24,0.012585581420729852,0.012585581420729852,0.012585581420729852
0.496645,24,1,balanced_3000_0_3000_12000,balanced_3000_0_3000_12000,24,0.012562427126979525,0.012562427126979525,0.012562427126979525
0.496646,24,1,balanced_3000_0_3000_12000,balanced_3000_0_3000_12000,24,0.012539272833229642,0.012539272833229642,0.012539272833229642
0.496647,24,1,balanced_3000_0_3000_12000,balanced_3000_0_3000_12000,24,0.012516118539479315,0.012516118539479315,0.012516118539479315
0.496648,24,1,balanced_3000_0_3000_12000,balanced_3000_0_3000_12000,24,0.012492964245729432,0.012492964245729432,0.012492964245729432
0.496649,24,1,balanced_3000_0_3000_12000,balanced_3000_0_3000_12000,24,0.012469809951979105,0.012469809951979105,0.012469809951979105
0.496650,24,1,balanced_3000_0_3000_12000,balanced_3000_0_3000_12000,24,0.01244665565823011,0.01244665565823011,0.01244665565823011
0.496651,24,1,balanced_3000_0_3000_12000,balanced_3000_0_3000_12000,24,0.012423501364479339,0.012423501364479339,0.012423501364479339
0.496652,24,1,balanced_3000_0_3000_12000,balanced_3000_0_3000_12000,24,0.012400347070729456,0.012400347070729456,0.012400347070729456
0.496653,24,1,balanced_3000_0_3000_12000,balanced_3000_0_3000_12000,24,0.012377192776979129,0.012377192776979129,0.012377192776979129
0.496654,24,1,balanced_3000_0_3000_12000,balanced_3000_0_3000_12000,24,0.01235403848322969,0.01235403848322969,0.01235403848322969
0.496655,24,1,balanced_3000_0_3000_12000,balanced_3000_0_3000_12000,24,0.012330884189478919,0.012330884189478919,0.012330884189478919
0.496656,24,1,balanced_3000_0_3000_12000,balanced_3000_0_3000_12000,24,0.01230772989572948,0.01230772989572948,0.01230772989572948
0.496657,24,1,balanced_3000_0_3000_12000,balanced_3000_0_3000_12000,24,0.012284575601979153,0.012284575601979153,0.012284575601979153
0.496658,24,1,balanced_3000_0_3000_12000,balanced_3000_0_3000_12000,24,0.012261421308229714,0.012261421308229714,0.012261421308229714
0.496659,24,1,balanced_3000_0_3000_12000,balanced_3000_0_3000_12000,24,0.012238267014478943,0.012238267014478943,0.012238267014478943
0.496660,24,1,balanced_3000_0_3000_12000,balanced_3000_0_3000_12000,24,0.012215112720729504,0.012215112720729504,0.012215112720729504
0.496661,24,1,balanced_3000_0_3000_12000,balanced_3000_0_3000_12000,24,0.012191958426979177,0.012191958426979177,0.012191958426979177
0.496662,24,1,balanced_3000_0_3000_12000,balanced_3000_0_3000_12000,24,0.012168804133229294,0.012168804133229294,0.012168804133229294
0.496663,24,1,balanced_3000_0_3000_12000,balanced_3000_0_3000_12000,24,0.012145649839479411,0.012145649839479411,0.012145649839479411
0.496664,24,1,balanced_3000_0_3000_12000,balanced_3000_0_3000_12000,24,0.012122495545729084,0.012122495545729084,0.012122495545729084
0.496665,24,1,balanced_3000_0_3000_12000,balanced_3000_0_3000_12000,24,0.012099341251978757,0.012099341251978757,0.012099341251978757
0.496666,24,1,balanced_3000_0_3000_12000,balanced_3000_0_3000_12000,24,0.012076186958229762,0.012076186958229762,0.012076186958229762
0.496667,24,1,balanced_3000_0_3000_12000,balanced_3000_0_3000_12000,24,0.012053032664480323,0.012053032664480323,0.012053032664480323
0.496668,24,1,balanced_3000_0_3000_12000,balanced_3000_0_3000_12000,24,0.012029878370729552,0.012029878370729552,0.012029878370729552
0.496669,24,1,balanced_3000_0_3000_12000,balanced_3000_0_3000_12000,24,0.012006724076980113,0.012006724076980113,0.012006724076980113
0.496670,24,1,balanced_3000_0_3000_12000,balanced_3000_0_3000_12000,24,0.011983569783229342,0.011983569783229342,0.011983569783229342
0.496671,24,1,balanced_3000_0_3000_12000,balanced_3000_0_3000_12000,24,0.011960415489479903,0.011960415489479903,0.011960415489479903
0.496672,24,1,balanced_3000_0_3000_12000,balanced_3000_0_3000_12000,24,0.011937261195729576,0.011937261195729576,0.011937261195729576
0.496673,24,1,balanced_3000_0_3000_12000,balanced_3000_0_3000_12000,24,0.011914106901980137,0.011914106901980137,0.011914106901980137
0.496674,24,1,balanced_3000_0_3000_12000,balanced_3000_0_3000_12000,24,0.011890952608229366,0.011890952608229366,0.011890952608229366
0.496675,24,1,balanced_3000_0_3000_12000,balanced_3000_0_3000_12000,24,0.011867798314479927,0.011867798314479927,0.011867798314479927
0.496676,24,1,balanced_3000_0_3000_12000,balanced_3000_0_3000_12000,24,0.011844644020729156,0.011844644020729156,0.011844644020729156
0.496677,24,1,balanced_3000_0_3000_12000,balanced_3000_0_3000_12000,24,0.011821489726980161,0.011821489726980161,0.011821489726980161
0.496678,24,1,balanced_3000_0_3000_12000,balanced_3000_0_3000_12000,24,0.011798335433228946,0.011798335433228946,0.011798335433228946
0.496679,24,1,balanced_3000_0_3000_12000,balanced_3000_0_3000_12000,24,0.011775181139479951,0.011775181139479951,0.011775181139479951
0.496680,24,1,balanced_3000_0_3000_12000,balanced_3000_0_3000_12000,24,0.011752026845729624,0.011752026845729624,0.011752026845729624
0.496681,24,1,balanced_3000_0_3000_12000,balanced_3000_0_3000_12000,24,0.011728872551979741,0.011728872551979741,0.011728872551979741
0.496682,24,1,balanced_3000_0_3000_12000,balanced_3000_0_3000_12000,24,0.011705718258229414,0.011705718258229414,0.011705718258229414
0.496683,24,1,balanced_3000_0_3000_12000,balanced_3000_0_3000_12000,24,0.011682563964479531,0.011682563964479531,0.011682563964479531
0.496684,24,1,balanced_3000_0_3000_12000,balanced_3000_0_3000_12000,24,0.011659409670729648,0.011659409670729648,0.011659409670729648
0.496685,24,1,balanced_3000_0_3000_12000,balanced_3000_0_3000_12000,24,0.011636255376979765,0.011636255376979765,0.011636255376979765
0.496686,24,1,balanced_3000_0_3000_12000,balanced_3000_0_3000_12000,24,0.011613101083228994,0.011613101083228994,0.011613101083228994
0.496687,24,1,balanced_3000_0_3000_12000,balanced_3000_0_3000_12000,24,0.011589946789479555,0.011589946789479555,0.011589946789479555
0.496688,24,1,balanced_3000_0_3000_12000,balanced_3000_0_3000_12000,24,0.011566792495729228,0.011566792495729228,0.011566792495729228
0.496689,24,1,balanced_3000_0_3000_12000,balanced_3000_0_3000_12000,24,0.011543638201980233,0.011543638201980233,0.011543638201980233
0.496690,24,1,balanced_3000_0_3000_12000,balanced_3000_0_3000_12000,24,0.011520483908229462,0.011520483908229462,0.011520483908229462
0.496691,24,1,balanced_3000_0_3000_12000,balanced_3000_0_3000_12000,24,0.011497329614479579,0.011497329614479579,0.011497329614479579
0.496692,24,1,balanced_3000_0_3000_12000,balanced_3000_0_3000_12000,24,0.011474175320729252,0.011474175320729252,0.011474175320729252
0.496693,24,1,balanced_3000_0_3000_12000,balanced_3000_0_3000_12000,24,0.011451021026979813,0.011451021026979813,0.011451021026979813
0.496694,24,1,balanced_3000_0_3000_12000,balanced_3000_0_3000_12000,24,0.011427866733230374,0.011427866733230374,0.011427866733230374
0.496695,24,1,balanced_3000_0_3000_12000,balanced_3000_0_3000_12000,24,0.011404712439480047,0.011404712439480047,0.011404712439480047
0.496696,24,1,balanced_3000_0_3000_12000,balanced_3000_0_3000_12000,24,0.011381558145730608,0.011381558145730608,0.011381558145730608
0.496697,24,1,balanced_3000_0_3000_12000,balanced_3000_0_3000_12000,24,0.011358403851979837,0.011358403851979837,0.011358403851979837
0.496698,24,1,balanced_3000_0_3000_12000,balanced_3000_0_3000_12000,24,0.011335249558230398,0.011335249558230398,0.011335249558230398
0.496699,24,1,balanced_3000_0_3000_12000,balanced_3000_0_3000_12000,24,0.011312095264479627,0.011312095264479627,0.011312095264479627
0.496700,24,1,balanced_3000_0_3000_12000,balanced_3000_0_3000_12000,24,0.011288940970730188,0.011288940970730188,0.011288940970730188
0.496701,24,1,balanced_3000_0_3000_12000,balanced_3000_0_3000_12000,24,0.011265786676979417,0.011265786676979417,0.011265786676979417
0.496702,24,1,balanced_3000_0_3000_12000,balanced_3000_0_3000_12000,24,0.011242632383230422,0.011242632383230422,0.011242632383230422
0.496703,24,1,balanced_3000_0_3000_12000,balanced_3000_0_3000_12000,24,0.011219478089479207,0.011219478089479207,0.011219478089479207
0.496704,24,1,balanced_3000_0_3000_12000,balanced_3000_0_3000_12000,24,0.011196323795730212,0.011196323795730212,0.011196323795730212
0.496705,24,1,balanced_3000_0_3000_12000,balanced_3000_0_3000_12000,24,0.01117316950197944,0.01117316950197944,0.01117316950197944
0.496706,24,1,balanced_3000_0_3000_12000,balanced_3000_0_3000_12000,24,0.011150015208230002,0.011150015208230002,0.011150015208230002
0.496707,24,1,balanced_3000_0_3000_12000,balanced_3000_0_3000_12000,24,0.011126860914479675,0.011126860914479675,0.011126860914479675
0.496708,24,1,balanced_3000_0_3000_12000,balanced_3000_0_3000_12000,24,0.011103706620730236,0.011103706620730236,0.011103706620730236
0.496709,24,1,balanced_3000_0_3000_12000,balanced_3000_0_3000_12000,24,0.01108055232697902,0.01108055232697902,0.01108055232697902
0.496710,24,1,balanced_3000_0_3000_12000,balanced_3000_0_3000_12000,24,0.011057398033230026,0.011057398033230026,0.011057398033230026
0.496711,24,1,balanced_3000_0_3000_12000,balanced_3000_0_3000_12000,24,0.011034243739479255,0.011034243739479255,0.011034243739479255
0.496712,24,1,balanced_3000_0_3000_12000,balanced_3000_0_3000_12000,24,0.011011089445729816,0.011011089445729816,0.011011089445729816
0.496713,24,1,balanced_3000_0_3000_12000,balanced_3000_0_3000_12000,24,0.010987935151979489,0.010987935151979489,0.010987935151979489
0.496714,24,1,balanced_3000_0_3000_12000,balanced_3000_0_3000_12000,24,0.01096478085823005,0.01096478085823005,0.01096478085823005
0.496715,24,1,balanced_3000_0_3000_12000,balanced_3000_0_3000_12000,24,0.010941626564479279,0.010941626564479279,0.010941626564479279
0.496716,24,1,balanced_3000_0_3000_12000,balanced_3000_0_3000_12000,24,0.01091847227072984,0.01091847227072984,0.01091847227072984
0.496717,24,1,balanced_3000_0_3000_12000,balanced_3000_0_3000_12000,24,0.010895317976979513,0.010895317976979513,0.010895317976979513
0.496718,24,1,balanced_3000_0_3000_12000,balanced_3000_0_3000_12000,24,0.010872163683230074,0.010872163683230074,0.010872163683230074
0.496719,24,1,balanced_3000_0_3000_12000,balanced_3000_0_3000_12000,24,0.010849009389479303,0.010849009389479303,0.010849009389479303
0.496720,24,1,balanced_3000_0_3000_12000,balanced_3000_0_3000_12000,24,0.010825855095729864,0.010825855095729864,0.010825855095729864
0.496721,24,1,balanced_3000_0_3000_12000,balanced_3000_0_3000_12000,24,0.010802700801979537,0.010802700801979537,0.010802700801979537
0.496722,24,1,balanced_3000_0_3000_12000,balanced_3000_0_3000_12000,24,0.010779546508230098,0.010779546508230098,0.010779546508230098
0.496723,24,1,balanced_3000_0_3000_12000,balanced_3000_0_3000_12000,24,0.010756392214480659,0.010756392214480659,0.010756392214480659
0.496724,24,1,balanced_3000_0_3000_12000,balanced_3000_0_3000_12000,24,0.010733237920729888,0.010733237920729888,0.010733237920729888
0.496725,24,1,balanced_3000_0_3000_12000,balanced_3000_0_3000_12000,24,0.010710083626980893,0.010710083626980893,0.010710083626980893
0.496726,24,1,balanced_3000_0_3000_12000,balanced_3000_0_3000_12000,24,0.010686929333229678,0.010686929333229678,0.010686929333229678
0.496727,24,1,balanced_3000_0_3000_12000,balanced_3000_0_3000_12000,24,0.010663775039480239,0.010663775039480239,0.010663775039480239
0.496728,24,1,balanced_3000_0_3000_12000,balanced_3000_0_3000_12000,24,0.010640620745729468,0.010640620745729468,0.010640620745729468
0.496729,24,1,balanced_3000_0_3000_12000,balanced_3000_0_3000_12000,24,0.010617466451980473,0.010617466451980473,0.010617466451980473
0.496730,24,1,balanced_3000_0_3000_12000,balanced_3000_0_3000_12000,24,0.010594312158230146,0.010594312158230146,0.010594312158230146
0.496731,24,1,balanced_3000_0_3000_12000,balanced_3000_0_3000_12000,24,0.010571157864480263,0.010571157864480263,0.010571157864480263
0.496732,24,1,balanced_3000_0_3000_12000,balanced_3000_0_3000_12000,24,0.010548003570729492,0.010548003570729492,0.010548003570729492
0.496733,24,1,balanced_3000_0_3000_12000,balanced_3000_0_3000_12000,24,0.010524849276980497,0.010524849276980497,0.010524849276980497
0.496734,24,1,balanced_3000_0_3000_12000,balanced_3000_0_3000_12000,24,0.010501694983229726,0.010501694983229726,0.010501694983229726
0.496735,24,1,balanced_3000_0_3000_12000,balanced_3000_0_3000_12000,24,0.010478540689480287,0.010478540689480287,0.010478540689480287
0.496736,24,1,balanced_3000_0_3000_12000,balanced_3000_0_3000_12000,24,0.010455386395729516,0.010455386395729516,0.010455386395729516
0.496737,24,1,balanced_3000_0_3000_12000,balanced_3000_0_3000_12000,24,0.01043223210198052,0.01043223210198052,0.01043223210198052
0.496738,24,1,balanced_3000_0_3000_12000,balanced_3000_0_3000_12000,24,0.01040907780822975,0.01040907780822975,0.01040907780822975
0.496739,24,1,balanced_3000_0_3000_12000,balanced_3000_0_3000_12000,24,0.01038592351448031,0.01038592351448031,0.01038592351448031
0.496740,24,1,balanced_3000_0_3000_12000,balanced_3000_0_3000_12000,24,0.01036276922072954,0.01036276922072954,0.01036276922072954
0.496741,24,1,balanced_3000_0_3000_12000,balanced_3000_0_3000_12000,24,0.0103396149269801,0.0103396149269801,0.0103396149269801
0.496742,24,1,balanced_3000_0_3000_12000,balanced_3000_0_3000_12000,24,0.01031646063322933,0.01031646063322933,0.01031646063322933
0.496743,24,1,balanced_3000_0_3000_12000,balanced_3000_0_3000_12000,24,0.010293306339480335,0.010293306339480335,0.010293306339480335
0.496744,24,1,balanced_3000_0_3000_12000,balanced_3000_0_3000_12000,24,0.010270152045730008,0.010270152045730008,0.010270152045730008
0.496745,24,1,balanced_3000_0_3000_12000,balanced_3000_0_3000_12000,24,0.01024699775197968,0.01024699775197968,0.01024699775197968
0.496746,24,1,balanced_3000_0_3000_12000,balanced_3000_0_3000_12000,24,0.010223843458229354,0.010223843458229354,0.010223843458229354
0.496747,24,1,balanced_3000_0_3000_12000,balanced_3000_0_3000_12000,24,0.010200689164480359,0.010200689164480359,0.010200689164480359
0.496748,24,1,balanced_3000_0_3000_12000,balanced_3000_0_3000_12000,24,0.010177534870729588,0.010177534870729588,0.010177534870729588
0.496749,24,1,balanced_3000_0_3000_12000,balanced_3000_0_3000_12000,24,0.010154380576979705,0.010154380576979705,0.010154380576979705
0.496750,24,1,balanced_3000_0_3000_12000,balanced_3000_0_3000_12000,24,0.01013122628323071,0.01013122628323071,0.01013122628323071
0.496751,24,1,balanced_3000_0_3000_12000,balanced_3000_0_3000_12000,24,0.010108071989479939,0.010108071989479939,0.010108071989479939
0.496752,24,1,balanced_3000_0_3000_12000,balanced_3000_0_3000_12000,24,0.0100849176957305,0.0100849176957305,0.0100849176957305
0.496753,24,1,balanced_3000_0_3000_12000,balanced_3000_0_3000_12000,24,0.010061763401980173,0.010061763401980173,0.010061763401980173
0.496754,24,1,balanced_3000_0_3000_12000,balanced_3000_0_3000_12000,24,0.01003860910823029,0.01003860910823029,0.01003860910823029
0.496755,24,1,balanced_3000_0_3000_12000,balanced_3000_0_3000_12000,24,0.010015454814479963,0.010015454814479963,0.010015454814479963
0.496756,24,1,balanced_3000_0_3000_12000,balanced_3000_0_3000_12000,24,0.009992300520730524,0.009992300520730524,0.009992300520730524
0.496757,24,1,balanced_3000_0_3000_12000,balanced_3000_0_3000_12000,24,0.009969146226979753,0.009969146226979753,0.009969146226979753
0.496758,24,1,balanced_3000_0_3000_12000,balanced_3000_0_3000_12000,24,0.009945991933230758,0.009945991933230758,0.009945991933230758
0.496759,24,1,balanced_3000_0_3000_12000,balanced_3000_0_3000_12000,24,0.00992283763948043,0.00992283763948043,0.00992283763948043
0.496760,24,1,balanced_3000_0_3000_12000,balanced_3000_0_3000_12000,24,0.009899683345730104,0.009899683345730104,0.009899683345730104
0.496761,24,1,balanced_3000_0_3000_12000,balanced_3000_0_3000_12000,24,0.009876529051979777,0.009876529051979777,0.009876529051979777
0.496762,24,1,balanced_3000_0_3000_12000,balanced_3000_0_3000_12000,24,0.009853374758230338,0.009853374758230338,0.009853374758230338
0.496763,24,1,balanced_3000_0_3000_12000,balanced_3000_0_3000_12000,24,0.009830220464479567,0.009830220464479567,0.009830220464479567
0.496764,24,1,balanced_3000_0_3000_12000,balanced_3000_0_3000_12000,24,0.009807066170730128,0.009807066170730128,0.009807066170730128
0.496765,24,1,balanced_3000_0_3000_12000,balanced_3000_0_3000_12000,24,0.0097839118769798,0.0097839118769798,0.0097839118769798
0.496766,24,1,balanced_3000_0_3000_12000,balanced_3000_0_3000_12000,24,0.009760757583230362,0.009760757583230362,0.009760757583230362
0.496767,24,1,balanced_3000_0_3000_12000,balanced_3000_0_3000_12000,24,0.00973760328947959,0.00973760328947959,0.00973760328947959
0.496768,24,1,balanced_3000_0_3000_12000,balanced_3000_0_3000_12000,24,0.009714448995730152,0.009714448995730152,0.009714448995730152
0.496769,24,1,balanced_3000_0_3000_12000,balanced_3000_0_3000_12000,24,0.009691294701979825,0.009691294701979825,0.009691294701979825
0.496770,24,1,balanced_3000_0_3000_12000,balanced_3000_0_3000_12000,24,0.009668140408230386,0.009668140408230386,0.009668140408230386
0.496771,24,1,balanced_3000_0_3000_12000,balanced_3000_0_3000_12000,24,0.009644986114480059,0.009644986114480059,0.009644986114480059
0.496772,24,1,balanced_3000_0_3000_12000,balanced_3000_0_3000_12000,24,0.00962183182073062,0.00962183182073062,0.00962183182073062
0.496773,24,1,balanced_3000_0_3000_12000,balanced_3000_0_3000_12000,24,0.009598677526979404,0.009598677526979404,0.009598677526979404
0.496774,24,1,balanced_3000_0_3000_12000,balanced_3000_0_3000_12000,24,0.009575523233229966,0.009575523233229966,0.009575523233229966
0.496775,24,1,balanced_3000_0_3000_12000,balanced_3000_0_3000_12000,24,0.009552368939479638,0.009552368939479638,0.009552368939479638
0.496776,24,1,balanced_3000_0_3000_12000,balanced_3000_0_3000_12000,24,0.0095292146457302,0.0095292146457302,0.0095292146457302
0.496777,24,1,balanced_3000_0_3000_12000,balanced_3000_0_3000_12000,24,0.009506060351979873,0.009506060351979873,0.009506060351979873
0.496778,24,1,balanced_3000_0_3000_12000,balanced_3000_0_3000_12000,24,0.00948290605822999,0.00948290605822999,0.00948290605822999
0.496779,24,1,balanced_3000_0_3000_12000,balanced_3000_0_3000_12000,24,0.00945975176448055,0.00945975176448055,0.00945975176448055
0.496780,24,1,balanced_3000_0_3000_12000,balanced_3000_0_3000_12000,24,0.00943659747072978,0.00943659747072978,0.00943659747072978
0.496781,24,1,balanced_3000_0_3000_12000,balanced_3000_0_3000_12000,24,0.009413443176981229,0.009413443176981229,0.009413443176981229
0.496782,24,1,balanced_3000_0_3000_12000,balanced_3000_0_3000_12000,24,0.009390288883230014,0.009390288883230014,0.009390288883230014
0.496783,24,1,balanced_3000_0_3000_12000,balanced_3000_0_3000_12000,24,0.009367134589480575,0.009367134589480575,0.009367134589480575
0.496784,24,1,balanced_3000_0_3000_12000,balanced_3000_0_3000_12000,24,0.009343980295730248,0.009343980295730248,0.009343980295730248
0.496785,24,1,balanced_3000_0_3000_12000,balanced_3000_0_3000_12000,24,0.009320826001980365,0.009320826001980365,0.009320826001980365
0.496786,24,1,balanced_3000_0_3000_12000,balanced_3000_0_3000_12000,24,0.009297671708230038,0.009297671708230038,0.009297671708230038
0.496787,24,1,balanced_3000_0_3000_12000,balanced_3000_0_3000_12000,24,0.009274517414481043,0.009274517414481043,0.009274517414481043
0.496788,24,1,balanced_3000_0_3000_12000,balanced_3000_0_3000_12000,24,0.009251363120729827,0.009251363120729827,0.009251363120729827
0.496789,24,1,balanced_3000_0_3000_12000,balanced_3000_0_3000_12000,24,0.009228208826980389,0.009228208826980389,0.009228208826980389
0.496790,24,1,balanced_3000_0_3000_12000,balanced_3000_0_3000_12000,24,0.009205054533230062,0.009205054533230062,0.009205054533230062
0.496791,24,1,balanced_3000_0_3000_12000,balanced_3000_0_3000_12000,24,0.009181900239480623,0.009181900239480623,0.009181900239480623
0.496792,24,1,balanced_3000_0_3000_12000,balanced_3000_0_3000_12000,24,0.009158745945729851,0.009158745945729851,0.009158745945729851
0.496793,24,1,balanced_3000_0_3000_12000,balanced_3000_0_3000_12000,24,0.009135591651980857,0.009135591651980857,0.009135591651980857
0.496794,24,1,balanced_3000_0_3000_12000,balanced_3000_0_3000_12000,24,0.009112437358229641,0.009112437358229641,0.009112437358229641
0.496795,24,1,balanced_3000_0_3000_12000,balanced_3000_0_3000_12000,24,0.009089283064480647,0.009089283064480647,0.009089283064480647
0.496796,24,1,balanced_3000_0_3000_12000,balanced_3000_0_3000_12000,24,0.009066128770729875,0.009066128770729875,0.009066128770729875
0.496797,24,1,balanced_3000_0_3000_12000,balanced_3000_0_3000_12000,24,0.009042974476980437,0.009042974476980437,0.009042974476980437
0.496798,24,1,balanced_3000_0_3000_12000,balanced_3000_0_3000_12000,24,0.009019820183229665,0.009019820183229665,0.009019820183229665
0.496799,24,1,balanced_3000_0_3000_12000,balanced_3000_0_3000_12000,24,0.008996665889480226,0.008996665889480226,0.008996665889480226
0.496800,24,1,balanced_3000_0_3000_12000,balanced_3000_0_3000_12000,24,0.008973511595729455,0.008973511595729455,0.008973511595729455
0.496801,24,1,balanced_3000_0_3000_12000,balanced_3000_0_3000_12000,24,0.008950357301980905,0.008950357301980905,0.008950357301980905
0.496802,24,1,balanced_3000_0_3000_12000,balanced_3000_0_3000_12000,24,0.00892720300822969,0.00892720300822969,0.00892720300822969
0.496803,24,1,balanced_3000_0_3000_12000,balanced_3000_0_3000_12000,24,0.00890404871448025,0.00890404871448025,0.00890404871448025
0.496804,24,1,balanced_3000_0_3000_12000,balanced_3000_0_3000_12000,24,0.008880894420729923,0.008880894420729923,0.008880894420729923
0.496805,24,1,balanced_3000_0_3000_12000,balanced_3000_0_3000_12000,24,0.008857740126980485,0.008857740126980485,0.008857740126980485
0.496806,24,1,balanced_3000_0_3000_12000,balanced_3000_0_3000_12000,24,0.008834585833230602,0.008834585833230602,0.008834585833230602
0.496807,24,1,balanced_3000_0_3000_12000,balanced_3000_0_3000_12000,24,0.008811431539480274,0.008811431539480274,0.008811431539480274
0.496808,24,1,balanced_3000_0_3000_12000,balanced_3000_0_3000_12000,24,0.00878827724573128,0.00878827724573128,0.00878827724573128
0.496809,24,1,balanced_3000_0_3000_12000,balanced_3000_0_3000_12000,24,0.008765122951980509,0.008765122951980509,0.008765122951980509
0.496810,24,1,balanced_3000_0_3000_12000,balanced_3000_0_3000_12000,24,0.00874196865823107,0.00874196865823107,0.00874196865823107
0.496811,24,1,balanced_3000_0_3000_12000,balanced_3000_0_3000_12000,24,0.008718814364479854,0.008718814364479854,0.008718814364479854
0.496812,24,1,balanced_3000_0_3000_12000,balanced_3000_0_3000_12000,24,0.00869566007073086,0.00869566007073086,0.00869566007073086
0.496813,24,1,balanced_3000_0_3000_12000,balanced_3000_0_3000_12000,24,0.008672505776980532,0.008672505776980532,0.008672505776980532
0.496814,24,1,balanced_3000_0_3000_12000,balanced_3000_0_3000_12000,24,0.008649351483231094,0.008649351483231094,0.008649351483231094
0.496815,24,1,balanced_3000_0_3000_12000,balanced_3000_0_3000_12000,24,0.008626197189480322,0.008626197189480322,0.008626197189480322
0.496816,24,1,balanced_3000_0_3000_12000,balanced_3000_0_3000_12000,24,0.008603042895730884,0.008603042895730884,0.008603042895730884
0.496817,24,1,balanced_3000_0_3000_12000,balanced_3000_0_3000_12000,24,0.008579888601980556,0.008579888601980556,0.008579888601980556
0.496818,24,1,balanced_3000_0_3000_12000,balanced_3000_0_3000_12000,24,0.008556734308230673,0.008556734308230673,0.008556734308230673
0.496819,24,1,balanced_3000_0_3000_12000,balanced_3000_0_3000_12000,24,0.008533580014480346,0.008533580014480346,0.008533580014480346
0.496820,24,1,balanced_3000_0_3000_12000,balanced_3000_0_3000_12000,24,0.008510425720730908,0.008510425720730908,0.008510425720730908
0.496821,24,1,balanced_3000_0_3000_12000,balanced_3000_0_3000_12000,24,0.008487271426980136,0.008487271426980136,0.008487271426980136
0.496822,24,1,balanced_3000_0_3000_12000,balanced_3000_0_3000_12000,24,0.008464117133230697,0.008464117133230697,0.008464117133230697
0.496823,24,1,balanced_3000_0_3000_12000,balanced_3000_0_3000_12000,24,0.008440962839479926,0.008440962839479926,0.008440962839479926
0.496824,24,1,balanced_3000_0_3000_12000,balanced_3000_0_3000_12000,24,0.008417808545730487,0.008417808545730487,0.008417808545730487
0.496825,24,1,balanced_3000_0_3000_12000,balanced_3000_0_3000_12000,24,0.00839465425198016,0.00839465425198016,0.00839465425198016
0.496826,24,1,balanced_3000_0_3000_12000,balanced_3000_0_3000_12000,24,0.008371499958230721,0.008371499958230721,0.008371499958230721
0.496827,24,1,balanced_3000_0_3000_12000,balanced_3000_0_3000_12000,24,0.00834834566447995,0.00834834566447995,0.00834834566447995
0.496828,24,1,balanced_3000_0_3000_12000,balanced_3000_0_3000_12000,24,0.008325191370730067,0.008325191370730067,0.008325191370730067
0.496829,24,1,balanced_3000_0_3000_12000,balanced_3000_0_3000_12000,24,0.00830203707697974,0.00830203707697974,0.00830203707697974
0.496830,24,1,balanced_3000_0_3000_12000,balanced_3000_0_3000_12000,24,0.008278882783230745,0.008278882783230745,0.008278882783230745
0.496831,24,1,balanced_3000_0_3000_12000,balanced_3000_0_3000_12000,24,0.008255728489479974,0.008255728489479974,0.008255728489479974
0.496832,24,1,balanced_3000_0_3000_12000,balanced_3000_0_3000_12000,24,0.008232574195730535,0.008232574195730535,0.008232574195730535
0.496833,24,1,balanced_3000_0_3000_12000,balanced_3000_0_3000_12000,24,0.008209419901981097,0.008209419901981097,0.008209419901981097
0.496834,24,1,balanced_3000_0_3000_12000,balanced_3000_0_3000_12000,24,0.00818626560823077,0.00818626560823077,0.00818626560823077
0.496835,24,1,balanced_3000_0_3000_12000,balanced_3000_0_3000_12000,24,0.008163111314480886,0.008163111314480886,0.008163111314480886
0.496836,24,1,balanced_3000_0_3000_12000,balanced_3000_0_3000_12000,24,0.008139957020730115,0.008139957020730115,0.008139957020730115
0.496837,24,1,balanced_3000_0_3000_12000,balanced_3000_0_3000_12000,24,0.00811680272698112,0.00811680272698112,0.00811680272698112
0.496838,24,1,balanced_3000_0_3000_12000,balanced_3000_0_3000_12000,24,0.00809364843323035,0.00809364843323035,0.00809364843323035
0.496839,24,1,balanced_3000_0_3000_12000,balanced_3000_0_3000_12000,24,0.00807049413948091,0.00807049413948091,0.00807049413948091
0.496840,24,1,balanced_3000_0_3000_12000,balanced_3000_0_3000_12000,24,0.008047339845730583,0.008047339845730583,0.008047339845730583
0.496841,24,1,balanced_3000_0_3000_12000,balanced_3000_0_3000_12000,24,0.0080241855519807,0.0080241855519807,0.0080241855519807
0.496842,24,1,balanced_3000_0_3000_12000,balanced_3000_0_3000_12000,24,0.00800103125822993,0.00800103125822993,0.00800103125822993
0.496843,24,1,balanced_3000_0_3000_12000,balanced_3000_0_3000_12000,24,0.007977876964481379,0.007977876964481379,0.007977876964481379
0.496844,24,1,balanced_3000_0_3000_12000,balanced_3000_0_3000_12000,24,0.00795472267072972,0.00795472267072972,0.00795472267072972
0.496845,24,1,balanced_3000_0_3000_12000,balanced_3000_0_3000_12000,24,0.007931568376980724,0.007931568376980724,0.007931568376980724
0.496846,24,1,balanced_3000_0_3000_12000,balanced_3000_0_3000_12000,24,0.007908414083230397,0.007908414083230397,0.007908414083230397
0.496847,24,1,balanced_3000_0_3000_12000,balanced_3000_0_3000_12000,24,0.007885259789480514,0.007885259789480514,0.007885259789480514
0.496848,24,1,balanced_3000_0_3000_12000,balanced_3000_0_3000_12000,24,0.007862105495730187,0.007862105495730187,0.007862105495730187
0.496849,24,1,balanced_3000_0_3000_12000,balanced_3000_0_3000_12000,24,0.007838951201980748,0.007838951201980748,0.007838951201980748
0.496850,24,1,balanced_3000_0_3000_12000,balanced_3000_0_3000_12000,24,0.007815796908229977,0.007815796908229977,0.007815796908229977
0.496851,24,1,balanced_3000_0_3000_12000,balanced_3000_0_3000_12000,24,0.007792642614480982,0.007792642614480982,0.007792642614480982
0.496852,24,1,balanced_3000_0_3000_12000,balanced_3000_0_3000_12000,24,0.007769488320730211,0.007769488320730211,0.007769488320730211
0.496853,24,1,balanced_3000_0_3000_12000,balanced_3000_0_3000_12000,24,0.007746334026981216,0.007746334026981216,0.007746334026981216
0.496854,24,1,balanced_3000_0_3000_12000,balanced_3000_0_3000_12000,24,0.007723179733230445,0.007723179733230445,0.007723179733230445
0.496855,24,1,balanced_3000_0_3000_12000,balanced_3000_0_3000_12000,24,0.007700025439480562,0.007700025439480562,0.007700025439480562
0.496856,24,1,balanced_3000_0_3000_12000,balanced_3000_0_3000_12000,24,0.007676871145730235,0.007676871145730235,0.007676871145730235
0.496857,24,1,balanced_3000_0_3000_12000,balanced_3000_0_3000_12000,24,0.007653716851980796,0.007653716851980796,0.007653716851980796
0.496858,24,1,balanced_3000_0_3000_12000,balanced_3000_0_3000_12000,24,0.007630562558230469,0.007630562558230469,0.007630562558230469
0.496859,24,1,balanced_3000_0_3000_12000,balanced_3000_0_3000_12000,24,0.00760740826448103,0.00760740826448103,0.00760740826448103
0.496860,24,1,balanced_3000_0_3000_12000,balanced_3000_0_3000_12000,24,0.007584253970730259,0.007584253970730259,0.007584253970730259
0.496861,24,1,balanced_3000_0_3000_12000,balanced_3000_0_3000_12000,24,0.007561099676981264,0.007561099676981264,0.007561099676981264
0.496862,24,1,balanced_3000_0_3000_12000,balanced_3000_0_3000_12000,24,0.007537945383231381,0.007537945383231381,0.007537945383231381
0.496863,24,1,balanced_3000_0_3000_12000,balanced_3000_0_3000_12000,24,0.00751479108948061,0.00751479108948061,0.00751479108948061
0.496864,24,1,balanced_3000_0_3000_12000,balanced_3000_0_3000_12000,24,0.007491636795730727,0.007491636795730727,0.007491636795730727
0.496865,24,1,balanced_3000_0_3000_12000,balanced_3000_0_3000_12000,24,0.007468482501980844,0.007468482501980844,0.007468482501980844
0.496866,24,1,balanced_3000_0_3000_12000,balanced_3000_0_3000_12000,24,0.007445328208230961,0.007445328208230961,0.007445328208230961
0.496867,24,1,balanced_3000_0_3000_12000,balanced_3000_0_3000_12000,24,0.00742217391448019,0.00742217391448019,0.00742217391448019
0.496868,24,1,balanced_3000_0_3000_12000,balanced_3000_0_3000_12000,24,0.007399019620731195,0.007399019620731195,0.007399019620731195
0.496869,24,1,balanced_3000_0_3000_12000,balanced_3000_0_3000_12000,24,0.007375865326980868,0.007375865326980868,0.007375865326980868
0.496870,24,1,balanced_3000_0_3000_12000,balanced_3000_0_3000_12000,24,0.007352711033230985,0.007352711033230985,0.007352711033230985
0.496871,24,1,balanced_3000_0_3000_12000,balanced_3000_0_3000_12000,24,0.007329556739480214,0.007329556739480214,0.007329556739480214
0.496872,24,1,balanced_3000_0_3000_12000,balanced_3000_0_3000_12000,24,0.007306402445731219,0.007306402445731219,0.007306402445731219
0.496873,24,1,balanced_3000_0_3000_12000,balanced_3000_0_3000_12000,24,0.007283248151980448,0.007283248151980448,0.007283248151980448
0.496874,24,1,balanced_3000_0_3000_12000,balanced_3000_0_3000_12000,24,0.007260093858231009,0.007260093858231009,0.007260093858231009
0.496875,24,1,balanced_3000_0_3000_12000,balanced_3000_0_3000_12000,24,0.007236939564480238,0.007236939564480238,0.007236939564480238
0.496876,24,1,balanced_3000_0_3000_12000,balanced_3000_0_3000_12000,24,0.007213785270731243,0.007213785270731243,0.007213785270731243
0.496877,24,1,balanced_3000_0_3000_12000,balanced_3000_0_3000_12000,24,0.007190630976980472,0.007190630976980472,0.007190630976980472
0.496878,24,1,balanced_3000_0_3000_12000,balanced_3000_0_3000_12000,24,0.007167476683231033,0.007167476683231033,0.007167476683231033
0.496879,24,1,balanced_3000_0_3000_12000,balanced_3000_0_3000_12000,24,0.007144322389480706,0.007144322389480706,0.007144322389480706
0.496880,24,1,balanced_3000_0_3000_12000,balanced_3000_0_3000_12000,24,0.007121168095731267,0.007121168095731267,0.007121168095731267
0.496881,24,1,balanced_3000_0_3000_12000,balanced_3000_0_3000_12000,24,0.007098013801980496,0.007098013801980496,0.007098013801980496
0.496882,24,1,balanced_3000_0_3000_12000,balanced_3000_0_3000_12000,24,0.007074859508231057,0.007074859508231057,0.007074859508231057
0.496883,24,1,balanced_3000_0_3000_12000,balanced_3000_0_3000_12000,24,0.00705170521448073,0.00705170521448073,0.00705170521448073
0.496884,24,1,balanced_3000_0_3000_12000,balanced_3000_0_3000_12000,24,0.007028550920730847,0.007028550920730847,0.007028550920730847
0.496885,24,1,balanced_3000_0_3000_12000,balanced_3000_0_3000_12000,24,0.007005396626979632,0.007005396626979632,0.007005396626979632
0.496886,24,1,balanced_3000_0_3000_12000,balanced_3000_0_3000_12000,24,0.006982242333231081,0.006982242333231081,0.006982242333231081
0.496887,24,1,balanced_3000_0_3000_12000,balanced_3000_0_3000_12000,24,0.006959088039479866,0.006959088039479866,0.006959088039479866
0.496888,24,1,balanced_3000_0_3000_12000,balanced_3000_0_3000_12000,24,0.006935933745730871,0.006935933745730871,0.006935933745730871
0.496889,24,1,balanced_3000_0_3000_12000,balanced_3000_0_3000_12000,24,0.006912779451981432,0.006912779451981432,0.006912779451981432
0.496890,24,1,balanced_3000_0_3000_12000,balanced_3000_0_3000_12000,24,0.006889625158231105,0.006889625158231105,0.006889625158231105
0.496891,24,1,balanced_3000_0_3000_12000,balanced_3000_0_3000_12000,24,0.006866470864481222,0.006866470864481222,0.006866470864481222
0.496892,24,1,balanced_3000_0_3000_12000,balanced_3000_0_3000_12000,24,0.006843316570730895,0.006843316570730895,0.006843316570730895
0.496893,24,1,balanced_3000_0_3000_12000,balanced_3000_0_3000_12000,24,0.006820162276981456,0.006820162276981456,0.006820162276981456
0.496894,24,1,balanced_3000_0_3000_12000,balanced_3000_0_3000_12000,24,0.006797007983230685,0.006797007983230685,0.006797007983230685
0.496895,24,1,balanced_3000_0_3000_12000,balanced_3000_0_3000_12000,24,0.006773853689481246,0.006773853689481246,0.006773853689481246
0.496896,24,1,balanced_3000_0_3000_12000,balanced_3000_0_3000_12000,24,0.006750699395730919,0.006750699395730919,0.006750699395730919
0.496897,24,1,balanced_3000_0_3000_12000,balanced_3000_0_3000_12000,24,0.00672754510198148,0.00672754510198148,0.00672754510198148
0.496898,24,1,balanced_3000_0_3000_12000,balanced_3000_0_3000_12000,24,0.006704390808230265,0.006704390808230265,0.006704390808230265
0.496899,24,1,balanced_3000_0_3000_12000,balanced_3000_0_3000_12000,24,0.00668123651448127,0.00668123651448127,0.00668123651448127
0.496900,24,1,balanced_3000_0_3000_12000,balanced_3000_0_3000_12000,24,0.006658082220730055,0.006658082220730055,0.006658082220730055
0.496901,24,1,balanced_3000_0_3000_12000,balanced_3000_0_3000_12000,24,0.00663492792698106,0.00663492792698106,0.00663492792698106
0.496902,24,1,balanced_3000_0_3000_12000,balanced_3000_0_3000_12000,24,0.006611773633230289,0.006611773633230289,0.006611773633230289
0.496903,24,1,balanced_3000_0_3000_12000,balanced_3000_0_3000_12000,24,0.006588619339481738,0.006588619339481738,0.006588619339481738
0.496904,24,1,balanced_3000_0_3000_12000,balanced_3000_0_3000_12000,24,0.006565465045730523,0.006565465045730523,0.006565465045730523
0.496905,24,1,balanced_3000_0_3000_12000,balanced_3000_0_3000_12000,24,0.006542310751981528,0.006542310751981528,0.006542310751981528
0.496906,24,1,balanced_3000_0_3000_12000,balanced_3000_0_3000_12000,24,0.006519156458230757,0.006519156458230757,0.006519156458230757
0.496907,24,1,balanced_3000_0_3000_12000,balanced_3000_0_3000_12000,24,0.006496002164481318,0.006496002164481318,0.006496002164481318
0.496908,24,1,balanced_3000_0_3000_12000,balanced_3000_0_3000_12000,24,0.006472847870730991,0.006472847870730991,0.006472847870730991
0.496909,24,1,balanced_3000_0_3000_12000,balanced_3000_0_3000_12000,24,0.006449693576981108,0.006449693576981108,0.006449693576981108
0.496910,24,1,balanced_3000_0_3000_12000,balanced_3000_0_3000_12000,24,0.006426539283230337,0.006426539283230337,0.006426539283230337
0.496911,24,1,balanced_3000_0_3000_12000,balanced_3000_0_3000_12000,24,0.006403384989481342,0.006403384989481342,0.006403384989481342
0.496912,24,1,balanced_3000_0_3000_12000,balanced_3000_0_3000_12000,24,0.006380230695730571,0.006380230695730571,0.006380230695730571
0.496913,24,1,balanced_3000_0_3000_12000,balanced_3000_0_3000_12000,24,0.006357076401981132,0.006357076401981132,0.006357076401981132
0.496914,24,1,balanced_3000_0_3000_12000,balanced_3000_0_3000_12000,24,0.006333922108230361,0.006333922108230361,0.006333922108230361
0.496915,24,1,balanced_3000_0_3000_12000,balanced_3000_0_3000_12000,24,0.006310767814480922,0.006310767814480922,0.006310767814480922
0.496916,24,1,balanced_3000_0_3000_12000,balanced_3000_0_3000_12000,24,0.006287613520731483,0.006287613520731483,0.006287613520731483
0.496917,24,1,balanced_3000_0_3000_12000,balanced_3000_0_3000_12000,24,0.006264459226981156,0.006264459226981156,0.006264459226981156
0.496918,24,1,balanced_3000_0_3000_12000,balanced_3000_0_3000_12000,24,0.006241304933231717,0.006241304933231717,0.006241304933231717
0.496919,24,1,balanced_3000_0_3000_12000,balanced_3000_0_3000_12000,24,0.006218150639480946,0.006218150639480946,0.006218150639480946
0.496920,24,1,balanced_3000_0_3000_12000,balanced_3000_0_3000_12000,24,0.006194996345731951,0.006194996345731951,0.006194996345731951
0.496921,24,1,balanced_3000_0_3000_12000,balanced_3000_0_3000_12000,24,0.006171842051980736,0.006171842051980736,0.006171842051980736
0.496922,24,1,balanced_3000_0_3000_12000,balanced_3000_0_3000_12000,24,0.006148687758231741,0.006148687758231741,0.006148687758231741
0.496923,24,1,balanced_3000_0_3000_12000,balanced_3000_0_3000_12000,24,0.00612553346448097,0.00612553346448097,0.00612553346448097
0.496924,24,1,balanced_3000_0_3000_12000,balanced_3000_0_3000_12000,24,0.006102379170731087,0.006102379170731087,0.006102379170731087
0.496925,24,1,balanced_3000_0_3000_12000,balanced_3000_0_3000_12000,24,0.00607922487698076,0.00607922487698076,0.00607922487698076
0.496926,24,1,balanced_3000_0_3000_12000,balanced_3000_0_3000_12000,24,0.006056070583231321,0.006056070583231321,0.006056070583231321
0.496927,24,1,balanced_3000_0_3000_12000,balanced_3000_0_3000_12000,24,0.00603291628948055,0.00603291628948055,0.00603291628948055
0.496928,24,1,balanced_3000_0_3000_12000,balanced_3000_0_3000_12000,24,0.006009761995731111,0.006009761995731111,0.006009761995731111
0.496929,24,1,balanced_3000_0_3000_12000,balanced_3000_0_3000_12000,24,0.005986607701980784,0.005986607701980784,0.005986607701980784
0.496930,24,1,balanced_3000_0_3000_12000,balanced_3000_0_3000_12000,24,0.005963453408231345,0.005963453408231345,0.005963453408231345
0.496931,24,1,balanced_3000_0_3000_12000,balanced_3000_0_3000_12000,24,0.005940299114481018,0.005940299114481018,0.005940299114481018
0.496932,24,1,balanced_3000_0_3000_12000,balanced_3000_0_3000_12000,24,0.005917144820731579,0.005917144820731579,0.005917144820731579
0.496933,24,1,balanced_3000_0_3000_12000,balanced_3000_0_3000_12000,24,0.005893990526980808,0.005893990526980808,0.005893990526980808
0.496934,24,1,balanced_3000_0_3000_12000,balanced_3000_0_3000_12000,24,0.005870836233231369,0.005870836233231369,0.005870836233231369
0.496935,24,1,balanced_3000_0_3000_12000,balanced_3000_0_3000_12000,24,0.005847681939481042,0.005847681939481042,0.005847681939481042
0.496936,24,1,balanced_3000_0_3000_12000,balanced_3000_0_3000_12000,24,0.005824527645731603,0.005824527645731603,0.005824527645731603
0.496937,24,1,balanced_3000_0_3000_12000,balanced_3000_0_3000_12000,24,0.005801373351980832,0.005801373351980832,0.005801373351980832
0.496938,24,1,balanced_3000_0_3000_12000,balanced_3000_0_3000_12000,24,0.005778219058231393,0.005778219058231393,0.005778219058231393
0.496939,24,1,balanced_3000_0_3000_12000,balanced_3000_0_3000_12000,24,0.005755064764480622,0.005755064764480622,0.005755064764480622
0.496940,24,1,balanced_3000_0_3000_12000,balanced_3000_0_3000_12000,24,0.005731910470731627,0.005731910470731627,0.005731910470731627
0.496941,24,1,balanced_3000_0_3000_12000,balanced_3000_0_3000_12000,24,0.005708756176980412,0.005708756176980412,0.005708756176980412
0.496942,24,1,balanced_3000_0_3000_12000,balanced_3000_0_3000_12000,24,0.005685601883230973,0.005685601883230973,0.005685601883230973
0.496943,24,1,balanced_3000_0_3000_12000,balanced_3000_0_3000_12000,24,0.005662447589480646,0.005662447589480646,0.005662447589480646
0.496944,24,1,balanced_3000_0_3000_12000,balanced_3000_0_3000_12000,24,0.005639293295731651,0.005639293295731651,0.005639293295731651
0.496945,24,1,balanced_3000_0_3000_12000,balanced_3000_0_3000_12000,24,0.005616139001981768,0.005616139001981768,0.005616139001981768
0.496946,24,1,balanced_3000_0_3000_12000,balanced_3000_0_3000_12000,24,0.005592984708230997,0.005592984708230997,0.005592984708230997
0.496947,24,1,balanced_3000_0_3000_12000,balanced_3000_0_3000_12000,24,0.005569830414482002,0.005569830414482002,0.005569830414482002
0.496948,24,1,balanced_3000_0_3000_12000,balanced_3000_0_3000_12000,24,0.005546676120731231,0.005546676120731231,0.005546676120731231
0.496949,24,1,balanced_3000_0_3000_12000,balanced_3000_0_3000_12000,24,0.005523521826981792,0.005523521826981792,0.005523521826981792
0.496950,24,1,balanced_3000_0_3000_12000,balanced_3000_0_3000_12000,24,0.005500367533231465,0.005500367533231465,0.005500367533231465
0.496951,24,1,balanced_3000_0_3000_12000,balanced_3000_0_3000_12000,24,0.005477213239481582,0.005477213239481582,0.005477213239481582
0.496952,24,1,balanced_3000_0_3000_12000,balanced_3000_0_3000_12000,24,0.005454058945730811,0.005454058945730811,0.005454058945730811
0.496953,24,1,balanced_3000_0_3000_12000,balanced_3000_0_3000_12000,24,0.005430904651981816,0.005430904651981816,0.005430904651981816
0.496954,24,1,balanced_3000_0_3000_12000,balanced_3000_0_3000_12000,24,0.005407750358231045,0.005407750358231045,0.005407750358231045
0.496955,24,1,balanced_3000_0_3000_12000,balanced_3000_0_3000_12000,24,0.005384596064481606,0.005384596064481606,0.005384596064481606
0.496956,24,1,balanced_3000_0_3000_12000,balanced_3000_0_3000_12000,24,0.005361441770731279,0.005361441770731279,0.005361441770731279
0.496957,24,1,balanced_3000_0_3000_12000,balanced_3000_0_3000_12000,24,0.00533828747698184,0.00533828747698184,0.00533828747698184
0.496958,24,1,balanced_3000_0_3000_12000,balanced_3000_0_3000_12000,24,0.005315133183231513,0.005315133183231513,0.005315133183231513
0.496959,24,1,balanced_3000_0_3000_12000,balanced_3000_0_3000_12000,24,0.00529197888948163,0.00529197888948163,0.00529197888948163
0.496960,24,1,balanced_3000_0_3000_12000,balanced_3000_0_3000_12000,24,0.005268824595731303,0.005268824595731303,0.005268824595731303
0.496961,24,1,balanced_3000_0_3000_12000,balanced_3000_0_3000_12000,24,0.005245670301981864,0.005245670301981864,0.005245670301981864
0.496962,24,1,balanced_3000_0_3000_12000,balanced_3000_0_3000_12000,24,0.005222516008230649,0.005222516008230649,0.005222516008230649
0.496963,24,1,balanced_3000_0_3000_12000,balanced_3000_0_3000_12000,24,0.005199361714481654,0.005199361714481654,0.005199361714481654
0.496964,24,1,balanced_3000_0_3000_12000,balanced_3000_0_3000_12000,24,0.005176207420730883,0.005176207420730883,0.005176207420730883
0.496965,24,1,balanced_3000_0_3000_12000,balanced_3000_0_3000_12000,24,0.005153053126981444,0.005153053126981444,0.005153053126981444
0.496966,24,1,balanced_3000_0_3000_12000,balanced_3000_0_3000_12000,24,0.005129898833230673,0.005129898833230673,0.005129898833230673
0.496967,24,1,balanced_3000_0_3000_12000,balanced_3000_0_3000_12000,24,0.005106744539481234,0.005106744539481234,0.005106744539481234
0.496968,24,1,balanced_3000_0_3000_12000,balanced_3000_0_3000_12000,24,0.005083590245730907,0.005083590245730907,0.005083590245730907
0.496969,24,1,balanced_3000_0_3000_12000,balanced_3000_0_3000_12000,24,0.005060435951981912,0.005060435951981912,0.005060435951981912
0.496970,24,1,balanced_3000_0_3000_12000,balanced_3000_0_3000_12000,24,0.005037281658231141,0.005037281658231141,0.005037281658231141
0.496971,24,1,balanced_3000_0_3000_12000,balanced_3000_0_3000_12000,24,0.005014127364481258,0.005014127364481258,0.005014127364481258
0.496972,24,1,balanced_3000_0_3000_12000,balanced_3000_0_3000_12000,24,0.004990973070731819,0.004990973070731819,0.004990973070731819
0.496973,24,1,balanced_3000_0_3000_12000,balanced_3000_0_3000_12000,24,0.004967818776981048,0.004967818776981048,0.004967818776981048
0.496974,24,1,balanced_3000_0_3000_12000,balanced_3000_0_3000_12000,24,0.004944664483231609,0.004944664483231609,0.004944664483231609
0.496975,24,1,balanced_3000_0_3000_12000,balanced_3000_0_3000_12000,24,0.004921510189481282,0.004921510189481282,0.004921510189481282
0.496976,24,1,balanced_3000_0_3000_12000,balanced_3000_0_3000_12000,24,0.004898355895732287,0.004898355895732287,0.004898355895732287
0.496977,24,1,balanced_3000_0_3000_12000,balanced_3000_0_3000_12000,24,0.004875201601981072,0.004875201601981072,0.004875201601981072
0.496978,24,1,balanced_3000_0_3000_12000,balanced_3000_0_3000_12000,24,0.004852047308232077,0.004852047308232077,0.004852047308232077
0.496979,24,1,balanced_3000_0_3000_12000,balanced_3000_0_3000_12000,24,0.004828893014481306,0.004828893014481306,0.004828893014481306
0.496980,24,1,balanced_3000_0_3000_12000,balanced_3000_0_3000_12000,24,0.004805738720731867,0.004805738720731867,0.004805738720731867
0.496981,24,1,balanced_3000_0_3000_12000,balanced_3000_0_3000_12000,24,0.004782584426981096,0.004782584426981096,0.004782584426981096
0.496982,24,1,balanced_3000_0_3000_12000,balanced_3000_0_3000_12000,24,0.004759430133231657,0.004759430133231657,0.004759430133231657
0.496983,24,1,balanced_3000_0_3000_12000,balanced_3000_0_3000_12000,24,0.004736275839480886,0.004736275839480886,0.004736275839480886
0.496984,24,1,balanced_3000_0_3000_12000,balanced_3000_0_3000_12000,24,0.004713121545731891,0.004713121545731891,0.004713121545731891
0.496985,24,1,balanced_3000_0_3000_12000,balanced_3000_0_3000_12000,24,0.00468996725198112,0.00468996725198112,0.00468996725198112
0.496986,24,1,balanced_3000_0_3000_12000,balanced_3000_0_3000_12000,24,0.004666812958231681,0.004666812958231681,0.004666812958231681
0.496987,24,1,balanced_3000_0_3000_12000,balanced_3000_0_3000_12000,24,0.004643658664481354,0.004643658664481354,0.004643658664481354
0.496988,24,1,balanced_3000_0_3000_12000,balanced_3000_0_3000_12000,24,0.004620504370731471,0.004620504370731471,0.004620504370731471
0.496989,24,1,balanced_3000_0_3000_12000,balanced_3000_0_3000_12000,24,0.004597350076981144,0.004597350076981144,0.004597350076981144
0.496990,24,1,balanced_3000_0_3000_12000,balanced_3000_0_3000_12000,24,0.004574195783231261,0.004574195783231261,0.004574195783231261
0.496991,24,1,balanced_3000_0_3000_12000,balanced_3000_0_3000_12000,24,0.004551041489481378,0.004551041489481378,0.004551041489481378
0.496992,24,1,balanced_3000_0_3000_12000,balanced_3000_0_3000_12000,24,0.004527887195731939,0.004527887195731939,0.004527887195731939
0.496993,24,1,balanced_3000_0_3000_12000,balanced_3000_0_3000_12000,24,0.004504732901981168,0.004504732901981168,0.004504732901981168
0.496994,24,1,balanced_3000_0_3000_12000,balanced_3000_0_3000_12000,24,0.004481578608231729,0.004481578608231729,0.004481578608231729
0.496995,24,1,balanced_3000_0_3000_12000,balanced_3000_0_3000_12000,24,0.004458424314480514,0.004458424314480514,0.004458424314480514
0.496996,24,1,balanced_3000_0_3000_12000,balanced_3000_0_3000_12000,24,0.004435270020731963,0.004435270020731963,0.004435270020731963
0.496997,24,1,balanced_3000_0_3000_12000,balanced_3000_0_3000_12000,24,0.004412115726981192,0.004412115726981192,0.004412115726981192
0.496998,24,1,balanced_3000_0_3000_12000,balanced_3000_0_3000_12000,24,0.004388961433231309,0.004388961433231309,0.004388961433231309
0.496999,24,1,balanced_3000_0_3000_12000,balanced_3000_0_3000_12000,24,0.00436580713948187,0.00436580713948187,0.00436580713948187
0.497000,24,1,balanced_3000_0_3000_12000,balanced_3000_0_3000_12000,24,0.004342652845731987,0.004342652845731987,0.004342652845731987
0.497001,24,1,balanced_3000_0_3000_12000,balanced_3000_0_3000_12000,24,0.004319498551982104,0.004319498551982104,0.004319498551982104
0.497002,24,1,balanced_3000_0_3000_12000,balanced_3000_0_3000_12000,24,0.004296344258231777,0.004296344258231777,0.004296344258231777
0.497003,24,1,balanced_3000_0_3000_12000,balanced_3000_0_3000_12000,24,0.004273189964482338,0.004273189964482338,0.004273189964482338
0.497004,24,1,balanced_3000_0_3000_12000,balanced_3000_0_3000_12000,24,0.004250035670731123,0.004250035670731123,0.004250035670731123
0.497005,24,1,balanced_3000_0_3000_12000,balanced_3000_0_3000_12000,24,0.004226881376982128,0.004226881376982128,0.004226881376982128
0.497006,24,1,balanced_3000_0_3000_12000,balanced_3000_0_3000_12000,24,0.004203727083231357,0.004203727083231357,0.004203727083231357
0.497007,24,1,balanced_3000_0_3000_12000,balanced_3000_0_3000_12000,24,0.004180572789482362,0.004180572789482362,0.004180572789482362
0.497008,24,1,balanced_3000_0_3000_12000,balanced_3000_0_3000_12000,24,0.004157418495731591,0.004157418495731591,0.004157418495731591
0.497009,24,1,balanced_3000_0_3000_12000,balanced_3000_0_3000_12000,24,0.004134264201981708,0.004134264201981708,0.004134264201981708
0.497010,24,1,balanced_3000_0_3000_12000,balanced_3000_0_3000_12000,24,0.004111109908230937,0.004111109908230937,0.004111109908230937
0.497011,24,1,balanced_3000_0_3000_12000,balanced_3000_0_3000_12000,24,0.004087955614481942,0.004087955614481942,0.004087955614481942
0.497012,24,1,balanced_3000_0_3000_12000,balanced_3000_0_3000_12000,24,0.004064801320731615,0.004064801320731615,0.004064801320731615
0.497013,24,1,balanced_3000_0_3000_12000,balanced_3000_0_3000_12000,24,0.004041647026981732,0.004041647026981732,0.004041647026981732
0.497014,24,1,balanced_3000_0_3000_12000,balanced_3000_0_3000_12000,24,0.004018492733231405,0.004018492733231405,0.004018492733231405
0.497015,24,1,balanced_3000_0_3000_12000,balanced_3000_0_3000_12000,24,0.003995338439481966,0.003995338439481966,0.003995338439481966
0.497016,24,1,balanced_3000_0_3000_12000,balanced_3000_0_3000_12000,24,0.003972184145731639,0.003972184145731639,0.003972184145731639
0.497017,24,1,balanced_3000_0_3000_12000,balanced_3000_0_3000_12000,24,0.003949029851981756,0.003949029851981756,0.003949029851981756
0.497018,24,1,balanced_3000_0_3000_12000,balanced_3000_0_3000_12000,24,0.0039258755582309846,0.0039258755582309846,0.0039258755582309846
0.497019,24,1,balanced_3000_0_3000_12000,balanced_3000_0_3000_12000,24,0.0039027212644819897,0.0039027212644819897,0.0039027212644819897
0.497020,24,1,balanced_3000_0_3000_12000,balanced_3000_0_3000_12000,24,0.0038795669707312186,0.0038795669707312186,0.0038795669707312186
0.497021,24,1,balanced_3000_0_3000_12000,balanced_3000_0_3000_12000,24,0.0038564126769817797,0.0038564126769817797,0.0038564126769817797
0.497022,24,1,balanced_3000_0_3000_12000,balanced_3000_0_3000_12000,24,0.0038332583832310085,0.0038332583832310085,0.0038332583832310085
0.497023,24,1,balanced_3000_0_3000_12000,balanced_3000_0_3000_12000,24,0.0038101040894820137,0.0038101040894820137,0.0038101040894820137
0.497024,24,1,balanced_3000_0_3000_12000,balanced_3000_0_3000_12000,24,0.0037869497957312426,0.0037869497957312426,0.0037869497957312426
0.497025,24,1,balanced_3000_0_3000_12000,balanced_3000_0_3000_12000,24,0.0037637955019818037,0.0037637955019818037,0.0037637955019818037
0.497026,24,1,balanced_3000_0_3000_12000,balanced_3000_0_3000_12000,24,0.0037406412082314766,0.0037406412082314766,0.0037406412082314766
0.497027,24,1,balanced_3000_0_3000_12000,balanced_3000_0_3000_12000,24,0.0037174869144815936,0.0037174869144815936,0.0037174869144815936
0.497028,24,1,balanced_3000_0_3000_12000,balanced_3000_0_3000_12000,24,0.003694332620732599,0.003694332620732599,0.003694332620732599
0.497029,24,1,balanced_3000_0_3000_12000,balanced_3000_0_3000_12000,24,0.0036711783269818277,0.0036711783269818277,0.0036711783269818277
0.497030,24,1,balanced_3000_0_3000_12000,balanced_3000_0_3000_12000,24,0.0036480240332323888,0.0036480240332323888,0.0036480240332323888
0.497031,24,1,balanced_3000_0_3000_12000,balanced_3000_0_3000_12000,24,0.0036248697394816176,0.0036248697394816176,0.0036248697394816176
0.497032,24,1,balanced_3000_0_3000_12000,balanced_3000_0_3000_12000,24,0.0036017154457321787,0.0036017154457321787,0.0036017154457321787
0.497033,24,1,balanced_3000_0_3000_12000,balanced_3000_0_3000_12000,24,0.0035785611519818517,0.0035785611519818517,0.0035785611519818517
0.497034,24,1,balanced_3000_0_3000_12000,balanced_3000_0_3000_12000,24,0.0035554068582324128,0.0035554068582324128,0.0035554068582324128
0.497035,24,1,balanced_3000_0_3000_12000,balanced_3000_0_3000_12000,24,0.0035322525644816416,0.0035322525644816416,0.0035322525644816416
0.497036,24,1,balanced_3000_0_3000_12000,balanced_3000_0_3000_12000,24,0.0035090982707322027,0.0035090982707322027,0.0035090982707322027
0.497037,24,1,balanced_3000_0_3000_12000,balanced_3000_0_3000_12000,24,0.0034859439769814315,0.0034859439769814315,0.0034859439769814315
0.497038,24,1,balanced_3000_0_3000_12000,balanced_3000_0_3000_12000,24,0.003462789683232881,0.003462789683232881,0.003462789683232881
0.497039,24,1,balanced_3000_0_3000_12000,balanced_3000_0_3000_12000,24,0.0034396353894812215,0.0034396353894812215,0.0034396353894812215
0.497040,24,1,balanced_3000_0_3000_12000,balanced_3000_0_3000_12000,24,0.0034164810957317826,0.0034164810957317826,0.0034164810957317826
0.497041,24,1,balanced_3000_0_3000_12000,balanced_3000_0_3000_12000,24,0.0033933268019814555,0.0033933268019814555,0.0033933268019814555
0.497042,24,1,balanced_3000_0_3000_12000,balanced_3000_0_3000_12000,24,0.0033701725082320166,0.0033701725082320166,0.0033701725082320166
0.497043,24,1,balanced_3000_0_3000_12000,balanced_3000_0_3000_12000,24,0.0033470182144812455,0.0033470182144812455,0.0033470182144812455
0.497044,24,1,balanced_3000_0_3000_12000,balanced_3000_0_3000_12000,24,0.0033238639207326948,0.0033238639207326948,0.0033238639207326948
0.497045,24,1,balanced_3000_0_3000_12000,balanced_3000_0_3000_12000,24,0.0033007096269819236,0.0033007096269819236,0.0033007096269819236
0.497046,24,1,balanced_3000_0_3000_12000,balanced_3000_0_3000_12000,24,0.0032775553332320406,0.0032775553332320406,0.0032775553332320406
0.497047,24,1,balanced_3000_0_3000_12000,balanced_3000_0_3000_12000,24,0.0032544010394817136,0.0032544010394817136,0.0032544010394817136
0.497048,24,1,balanced_3000_0_3000_12000,balanced_3000_0_3000_12000,24,0.0032312467457322747,0.0032312467457322747,0.0032312467457322747
0.497049,24,1,balanced_3000_0_3000_12000,balanced_3000_0_3000_12000,24,0.0032080924519819476,0.0032080924519819476,0.0032080924519819476
0.497050,24,1,balanced_3000_0_3000_12000,balanced_3000_0_3000_12000,24,0.0031849381582320646,0.0031849381582320646,0.0031849381582320646
0.497051,24,1,balanced_3000_0_3000_12000,balanced_3000_0_3000_12000,24,0.0031617838644812934,0.0031617838644812934,0.0031617838644812934
0.497052,24,1,balanced_3000_0_3000_12000,balanced_3000_0_3000_12000,24,0.0031386295707322986,0.0031386295707322986,0.0031386295707322986
0.497053,24,1,balanced_3000_0_3000_12000,balanced_3000_0_3000_12000,24,0.0031154752769810834,0.0031154752769810834,0.0031154752769810834
0.497054,24,1,balanced_3000_0_3000_12000,balanced_3000_0_3000_12000,24,0.0030923209832320886,0.0030923209832320886,0.0030923209832320886
0.497055,24,1,balanced_3000_0_3000_12000,balanced_3000_0_3000_12000,24,0.0030691666894826497,0.0030691666894826497,0.0030691666894826497
0.497056,24,1,balanced_3000_0_3000_12000,balanced_3000_0_3000_12000,24,0.0030460123957318785,0.0030460123957318785,0.0030460123957318785
0.497057,24,1,balanced_3000_0_3000_12000,balanced_3000_0_3000_12000,24,0.0030228581019824396,0.0030228581019824396,0.0030228581019824396
0.497058,24,1,balanced_3000_0_3000_12000,balanced_3000_0_3000_12000,24,0.0029997038082321126,0.0029997038082321126,0.0029997038082321126
0.497059,24,1,balanced_3000_0_3000_12000,balanced_3000_0_3000_12000,24,0.0029765495144822296,0.0029765495144822296,0.0029765495144822296
0.497060,24,1,balanced_3000_0_3000_12000,balanced_3000_0_3000_12000,24,0.0029533952207319025,0.0029533952207319025,0.0029533952207319025
0.497061,24,1,balanced_3000_0_3000_12000,balanced_3000_0_3000_12000,24,0.0029302409269820195,0.0029302409269820195,0.0029302409269820195
0.497062,24,1,balanced_3000_0_3000_12000,balanced_3000_0_3000_12000,24,0.0029070866332316925,0.0029070866332316925,0.0029070866332316925
0.497063,24,1,balanced_3000_0_3000_12000,balanced_3000_0_3000_12000,24,0.0028839323394822536,0.0028839323394822536,0.0028839323394822536
0.497064,24,1,balanced_3000_0_3000_12000,balanced_3000_0_3000_12000,24,0.0028607780457319265,0.0028607780457319265,0.0028607780457319265
0.497065,24,1,balanced_3000_0_3000_12000,balanced_3000_0_3000_12000,24,0.0028376237519824876,0.0028376237519824876,0.0028376237519824876
0.497066,24,1,balanced_3000_0_3000_12000,balanced_3000_0_3000_12000,24,0.0028144694582317165,0.0028144694582317165,0.0028144694582317165
0.497067,24,1,balanced_3000_0_3000_12000,balanced_3000_0_3000_12000,24,0.0027913151644822776,0.0027913151644822776,0.0027913151644822776
0.497068,24,1,balanced_3000_0_3000_12000,balanced_3000_0_3000_12000,24,0.0027681608707315064,0.0027681608707315064,0.0027681608707315064
0.497069,24,1,balanced_3000_0_3000_12000,balanced_3000_0_3000_12000,24,0.0027450065769820675,0.0027450065769820675,0.0027450065769820675
0.497070,24,1,balanced_3000_0_3000_12000,balanced_3000_0_3000_12000,24,0.0027218522832312964,0.0027218522832312964,0.0027218522832312964
0.497071,24,1,balanced_3000_0_3000_12000,balanced_3000_0_3000_12000,24,0.0026986979894823016,0.0026986979894823016,0.0026986979894823016
0.497072,24,1,balanced_3000_0_3000_12000,balanced_3000_0_3000_12000,24,0.0026755436957310863,0.0026755436957310863,0.0026755436957310863
0.497073,24,1,balanced_3000_0_3000_12000,balanced_3000_0_3000_12000,24,0.0026523894019820915,0.0026523894019820915,0.0026523894019820915
0.497074,24,1,balanced_3000_0_3000_12000,balanced_3000_0_3000_12000,24,0.0026292351082313203,0.0026292351082313203,0.0026292351082313203
0.497075,24,1,balanced_3000_0_3000_12000,balanced_3000_0_3000_12000,24,0.0026060808144823255,0.0026060808144823255,0.0026060808144823255
0.497076,24,1,balanced_3000_0_3000_12000,balanced_3000_0_3000_12000,24,0.0025829265207311103,0.0025829265207311103,0.0025829265207311103
0.497077,24,1,balanced_3000_0_3000_12000,balanced_3000_0_3000_12000,24,0.0025597722269821155,0.0025597722269821155,0.0025597722269821155
0.497078,24,1,balanced_3000_0_3000_12000,balanced_3000_0_3000_12000,24,0.0025366179332317884,0.0025366179332317884,0.0025366179332317884
0.497079,24,1,balanced_3000_0_3000_12000,balanced_3000_0_3000_12000,24,0.0025134636394819054,0.0025134636394819054,0.0025134636394819054
0.497080,24,1,balanced_3000_0_3000_12000,balanced_3000_0_3000_12000,24,0.0024903093457315784,0.0024903093457315784,0.0024903093457315784
0.497081,24,1,balanced_3000_0_3000_12000,balanced_3000_0_3000_12000,24,0.0024671550519821395,0.0024671550519821395,0.0024671550519821395
0.497082,24,1,balanced_3000_0_3000_12000,balanced_3000_0_3000_12000,24,0.0024440007582313683,0.0024440007582313683,0.0024440007582313683
0.497083,24,1,balanced_3000_0_3000_12000,balanced_3000_0_3000_12000,24,0.0024208464644819294,0.0024208464644819294,0.0024208464644819294
0.497084,24,1,balanced_3000_0_3000_12000,balanced_3000_0_3000_12000,24,0.0023976921707324905,0.0023976921707324905,0.0023976921707324905
0.497085,24,1,balanced_3000_0_3000_12000,balanced_3000_0_3000_12000,24,0.0023745378769821635,0.0023745378769821635,0.0023745378769821635
0.497086,24,1,balanced_3000_0_3000_12000,balanced_3000_0_3000_12000,24,0.0023513835832322805,0.0023513835832322805,0.0023513835832322805
0.497087,24,1,balanced_3000_0_3000_12000,balanced_3000_0_3000_12000,24,0.0023282292894823975,0.0023282292894823975,0.0023282292894823975
0.497088,24,1,balanced_3000_0_3000_12000,balanced_3000_0_3000_12000,24,0.0023050749957329586,0.0023050749957329586,0.0023050749957329586
0.497089,24,1,balanced_3000_0_3000_12000,balanced_3000_0_3000_12000,24,0.0022819207019821874,0.0022819207019821874,0.0022819207019821874
0.497090,24,1,balanced_3000_0_3000_12000,balanced_3000_0_3000_12000,24,0.0022587664082323045,0.0022587664082323045,0.0022587664082323045
0.497091,24,1,balanced_3000_0_3000_12000,balanced_3000_0_3000_12000,24,0.0022356121144819774,0.0022356121144819774,0.0022356121144819774
0.497092,24,1,balanced_3000_0_3000_12000,balanced_3000_0_3000_12000,24,0.0022124578207325385,0.0022124578207325385,0.0022124578207325385
0.497093,24,1,balanced_3000_0_3000_12000,balanced_3000_0_3000_12000,24,0.0021893035269822114,0.0021893035269822114,0.0021893035269822114
0.497094,24,1,balanced_3000_0_3000_12000,balanced_3000_0_3000_12000,24,0.0021661492332323284,0.0021661492332323284,0.0021661492332323284
0.497095,24,1,balanced_3000_0_3000_12000,balanced_3000_0_3000_12000,24,0.0021429949394824455,0.0021429949394824455,0.0021429949394824455
0.497096,24,1,balanced_3000_0_3000_12000,balanced_3000_0_3000_12000,24,0.0021198406457325625,0.0021198406457325625,0.0021198406457325625
0.497097,24,1,balanced_3000_0_3000_12000,balanced_3000_0_3000_12000,24,0.0020966863519817913,0.0020966863519817913,0.0020966863519817913
0.497098,24,1,balanced_3000_0_3000_12000,balanced_3000_0_3000_12000,24,0.0020735320582323524,0.0020735320582323524,0.0020735320582323524
0.497099,24,1,balanced_3000_0_3000_12000,balanced_3000_0_3000_12000,24,0.0020503777644820254,0.0020503777644820254,0.0020503777644820254
0.497100,24,1,balanced_3000_0_3000_12000,balanced_3000_0_3000_12000,24,0.0020272234707325865,0.0020272234707325865,0.0020272234707325865
0.497101,24,1,balanced_3000_0_3000_12000,balanced_3000_0_3000_12000,24,0.0020040691769818153,0.0020040691769818153,0.0020040691769818153
0.497102,24,1,balanced_3000_0_3000_12000,balanced_3000_0_3000_12000,24,0.0019809148832323764,0.0019809148832323764,0.0019809148832323764
0.497103,24,1,balanced_3000_0_3000_12000,balanced_3000_0_3000_12000,24,0.0019577605894820493,0.0019577605894820493,0.0019577605894820493
0.497104,24,1,balanced_3000_0_3000_12000,balanced_3000_0_3000_12000,24,0.0019346062957326104,0.0019346062957326104,0.0019346062957326104
0.497105,24,1,balanced_3000_0_3000_12000,balanced_3000_0_3000_12000,24,0.0019114520019818393,0.0019114520019818393,0.0019114520019818393
0.497106,24,1,balanced_3000_0_3000_12000,balanced_3000_0_3000_12000,24,0.0018882977082324004,0.0018882977082324004,0.0018882977082324004
0.497107,24,1,balanced_3000_0_3000_12000,balanced_3000_0_3000_12000,24,0.0018651434144816292,0.0018651434144816292,0.0018651434144816292
0.497108,24,1,balanced_3000_0_3000_12000,balanced_3000_0_3000_12000,24,0.0018419891207321903,0.0018419891207321903,0.0018419891207321903
0.497109,24,1,balanced_3000_0_3000_12000,balanced_3000_0_3000_12000,24,0.0018188348269814192,0.0018188348269814192,0.0018188348269814192
0.497110,24,1,balanced_3000_0_3000_12000,balanced_3000_0_3000_12000,24,0.0017956805332328685,0.0017956805332328685,0.0017956805332328685
0.497111,24,1,balanced_3000_0_3000_12000,balanced_3000_0_3000_12000,24,0.0017725262394829855,0.0017725262394829855,0.0017725262394829855
0.497112,24,1,balanced_3000_0_3000_12000,balanced_3000_0_3000_12000,24,0.0017493719457326584,0.0017493719457326584,0.0017493719457326584
0.497113,24,1,balanced_3000_0_3000_12000,balanced_3000_0_3000_12000,24,0.0017262176519832195,0.0017262176519832195,0.0017262176519832195
0.497114,24,1,balanced_3000_0_3000_12000,balanced_3000_0_3000_12000,24,0.0017030633582324484,0.0017030633582324484,0.0017030633582324484
0.497115,24,1,balanced_3000_0_3000_12000,balanced_3000_0_3000_12000,24,0.0016799090644830095,0.0016799090644830095,0.0016799090644830095
0.497116,24,1,balanced_3000_0_3000_12000,balanced_3000_0_3000_12000,24,0.0016567547707326824,0.0016567547707326824,0.0016567547707326824
0.497117,24,1,balanced_3000_0_3000_12000,balanced_3000_0_3000_12000,24,0.0016336004769823553,0.0016336004769823553,0.0016336004769823553
0.497118,24,1,balanced_3000_0_3000_12000,balanced_3000_0_3000_12000,24,0.0016104461832320283,0.0016104461832320283,0.0016104461832320283
0.497119,24,1,balanced_3000_0_3000_12000,balanced_3000_0_3000_12000,24,0.0015872918894825894,0.0015872918894825894,0.0015872918894825894
0.497120,24,1,balanced_3000_0_3000_12000,balanced_3000_0_3000_12000,24,0.0015641375957318182,0.0015641375957318182,0.0015641375957318182
0.497121,24,1,balanced_3000_0_3000_12000,balanced_3000_0_3000_12000,24,0.0015409833019828234,0.0015409833019828234,0.0015409833019828234
0.497122,24,1,balanced_3000_0_3000_12000,balanced_3000_0_3000_12000,24,0.0015178290082320522,0.0015178290082320522,0.0015178290082320522
0.497123,24,1,balanced_3000_0_3000_12000,balanced_3000_0_3000_12000,24,0.0014946747144830574,0.0014946747144830574,0.0014946747144830574
0.497124,24,1,balanced_3000_0_3000_12000,balanced_3000_0_3000_12000,24,0.0014715204207318422,0.0014715204207318422,0.0014715204207318422
0.497125,24,1,balanced_3000_0_3000_12000,balanced_3000_0_3000_12000,24,0.0014483661269828474,0.0014483661269828474,0.0014483661269828474
0.497126,24,1,balanced_3000_0_3000_12000,balanced_3000_0_3000_12000,24,0.0014252118332320762,0.0014252118332320762,0.0014252118332320762
0.497127,24,1,balanced_3000_0_3000_12000,balanced_3000_0_3000_12000,24,0.0014020575394826373,0.0014020575394826373,0.0014020575394826373
0.497128,24,1,balanced_3000_0_3000_12000,balanced_3000_0_3000_12000,24,0.0013789032457323103,0.0013789032457323103,0.0013789032457323103
0.497129,24,1,balanced_3000_0_3000_12000,balanced_3000_0_3000_12000,24,0.0013557489519824273,0.0013557489519824273,0.0013557489519824273
0.497130,24,1,balanced_3000_0_3000_12000,balanced_3000_0_3000_12000,24,0.0013325946582321002,0.0013325946582321002,0.0013325946582321002
0.497131,24,1,balanced_3000_0_3000_12000,balanced_3000_0_3000_12000,24,0.0013094403644826613,0.0013094403644826613,0.0013094403644826613
0.497132,24,1,balanced_3000_0_3000_12000,balanced_3000_0_3000_12000,24,0.0012862860707318902,0.0012862860707318902,0.0012862860707318902
0.497133,24,1,balanced_3000_0_3000_12000,balanced_3000_0_3000_12000,24,0.0012631317769820072,0.0012631317769820072,0.0012631317769820072
0.497134,24,1,balanced_3000_0_3000_12000,balanced_3000_0_3000_12000,24,0.0012399774832316801,0.0012399774832316801,0.0012399774832316801
0.497135,24,1,balanced_3000_0_3000_12000,balanced_3000_0_3000_12000,24,0.0012168231894822412,0.0012168231894822412,0.0012168231894822412
0.497136,24,1,balanced_3000_0_3000_12000,balanced_3000_0_3000_12000,24,0.00119366889573147,0.00119366889573147,0.00119366889573147
0.497137,24,1,balanced_3000_0_3000_12000,balanced_3000_0_3000_12000,24,0.0011705146019824753,0.0011705146019824753,0.0011705146019824753
0.497138,24,1,balanced_3000_0_3000_12000,balanced_3000_0_3000_12000,24,0.0011473603082330364,0.0011473603082330364,0.0011473603082330364
0.497139,24,1,balanced_3000_0_3000_12000,balanced_3000_0_3000_12000,24,0.0011242060144827093,0.0011242060144827093,0.0011242060144827093
0.497140,24,1,balanced_3000_0_3000_12000,balanced_3000_0_3000_12000,24,0.0011010517207328263,0.0011010517207328263,0.0011010517207328263
0.497141,24,1,balanced_3000_0_3000_12000,balanced_3000_0_3000_12000,24,0.0010778974269829433,0.0010778974269829433,0.0010778974269829433
0.497142,24,1,balanced_3000_0_3000_12000,balanced_3000_0_3000_12000,24,0.0010547431332326163,0.0010547431332326163,0.0010547431332326163
0.497143,24,1,balanced_3000_0_3000_12000,balanced_3000_0_3000_12000,24,0.0010315888394822892,0.0010315888394822892,0.0010315888394822892
0.497144,24,1,balanced_3000_0_3000_12000,balanced_3000_0_3000_12000,24,0.0010084345457328503,0.0010084345457328503,0.0010084345457328503
0.497145,24,1,balanced_3000_0_3000_12000,balanced_3000_0_3000_12000,24,0.0009852802519820791,0.0009852802519820791,0.0009852802519820791
0.497146,24,1,balanced_3000_0_3000_12000,balanced_3000_0_3000_12000,24,0.0009621259582335284,0.0009621259582335284,0.0009621259582335284
0.497147,24,1,balanced_3000_0_3000_12000,balanced_3000_0_3000_12000,24,0.0009389716644823132,0.0009389716644823132,0.0009389716644823132
0.497148,24,1,balanced_3000_0_3000_12000,balanced_3000_0_3000_12000,24,0.0009158173707328743,0.0009158173707328743,0.0009158173707328743
0.497149,24,1,balanced_3000_0_3000_12000,balanced_3000_0_3000_12000,24,0.0008926630769821031,0.0008926630769821031,0.0008926630769821031
0.497150,24,1,balanced_3000_0_3000_12000,balanced_3000_0_3000_12000,24,0.0008695087832331083,0.0008695087832331083,0.0008695087832331083
0.497151,24,1,balanced_3000_0_3000_12000,balanced_3000_0_3000_12000,24,0.0008463544894823372,0.0008463544894823372,0.0008463544894823372
0.497152,24,1,balanced_3000_0_3000_12000,balanced_3000_0_3000_12000,24,0.0008232001957328983,0.0008232001957328983,0.0008232001957328983
0.497153,24,1,balanced_3000_0_3000_12000,balanced_3000_0_3000_12000,24,0.0008000459019825712,0.0008000459019825712,0.0008000459019825712
0.497154,24,1,balanced_3000_0_3000_12000,balanced_3000_0_3000_12000,24,0.0007768916082326882,0.0007768916082326882,0.0007768916082326882
0.497155,24,1,balanced_3000_0_3000_12000,balanced_3000_0_3000_12000,24,0.000753737314481917,0.000753737314481917,0.000753737314481917
0.497156,24,1,balanced_3000_0_3000_12000,balanced_3000_0_3000_12000,24,0.0007305830207329223,0.0007305830207329223,0.0007305830207329223
0.497157,24,1,balanced_3000_0_3000_12000,balanced_3000_0_3000_12000,24,0.000707428726981707,0.000707428726981707,0.000707428726981707
0.497158,24,1,balanced_3000_0_3000_12000,balanced_3000_0_3000_12000,24,0.0006842744332331563,0.0006842744332331563,0.0006842744332331563
0.497159,24,1,balanced_3000_0_3000_12000,balanced_3000_0_3000_12000,24,0.000661120139481941,0.000661120139481941,0.000661120139481941
0.497160,24,1,balanced_3000_0_3000_12000,balanced_3000_0_3000_12000,24,0.0006379658457325021,0.0006379658457325021,0.0006379658457325021
0.497161,24,1,balanced_3000_0_3000_12000,balanced_3000_0_3000_12000,24,0.0006148115519821751,0.0006148115519821751,0.0006148115519821751
0.497162,24,1,balanced_3000_0_3000_12000,balanced_3000_0_3000_12000,24,0.0005916572582327362,0.0005916572582327362,0.0005916572582327362
0.497163,24,1,balanced_3000_0_3000_12000,balanced_3000_0_3000_12000,24,0.000568502964481965,0.000568502964481965,0.000568502964481965
0.497164,24,1,balanced_3000_0_3000_12000,balanced_3000_0_3000_12000,24,0.000545348670732082,0.000545348670732082,0.000545348670732082
0.497165,24,1,balanced_3000_0_3000_12000,balanced_3000_0_3000_12000,24,0.000522194376981755,0.000522194376981755,0.000522194376981755
0.497166,24,1,balanced_3000_0_3000_12000,balanced_3000_0_3000_12000,24,0.0004990400832327602,0.0004990400832327602,0.0004990400832327602
0.497167,24,1,balanced_3000_0_3000_12000,balanced_3000_0_3000_12000,24,0.0004758857894833213,0.0004758857894833213,0.0004758857894833213
0.497168,24,1,balanced_3000_0_3000_12000,balanced_3000_0_3000_12000,24,0.0004527314957325501,0.0004527314957325501,0.0004527314957325501
0.497169,24,1,balanced_3000_0_3000_12000,balanced_3000_0_3000_12000,24,0.0004295772019831112,0.0004295772019831112,0.0004295772019831112
0.497170,24,1,balanced_3000_0_3000_12000,balanced_3000_0_3000_12000,24,0.00040642290823278415,0.00040642290823278415,0.00040642290823278415
0.497171,24,1,balanced_3000_0_3000_12000,balanced_3000_0_3000_12000,24,0.00038326861448378935,0.00038326861448378935,0.00038326861448378935
0.497172,24,1,balanced_3000_0_3000_12000,balanced_3000_0_3000_12000,24,0.00036011432073213,0.00036011432073213,0.00036011432073213
0.497173,24,1,balanced_3000_0_3000_12000,balanced_3000_0_3000_12000,24,0.0003369600269826911,0.0003369600269826911,0.0003369600269826911
0.497174,24,1,balanced_3000_0_3000_12000,balanced_3000_0_3000_12000,24,0.00031380573323236405,0.00031380573323236405,0.00031380573323236405
0.497175,24,1,balanced_3000_0_3000_12000,balanced_3000_0_3000_12000,24,0.00029065143948292516,0.00029065143948292516,0.00029065143948292516
0.497176,24,1,balanced_3000_0_3000_12000,balanced_3000_0_3000_12000,24,0.000267497145732154,0.000267497145732154,0.000267497145732154
0.497177,24,1,balanced_3000_0_3000_12000,balanced_3000_0_3000_12000,24,0.0002443428519827151,0.0002443428519827151,0.0002443428519827151
0.497178,24,1,balanced_3000_0_3000_12000,balanced_3000_0_3000_12000,24,0.00022118855823238803,0.00022118855823238803,0.00022118855823238803
0.497179,24,1,balanced_3000_0_3000_12000,balanced_3000_0_3000_12000,24,0.00019803426448294914,0.00019803426448294914,0.00019803426448294914
0.497180,24,1,balanced_3000_0_3000_12000,balanced_3000_0_3000_12000,24,0.0001748799707317339,0.0001748799707317339,0.0001748799707317339
0.497181,24,1,balanced_3000_0_3000_12000,balanced_3000_0_3000_12000,24,0.0001517256769827391,0.0001517256769827391,0.0001517256769827391
0.497182,24,1,balanced_3000_0_3000_12000,balanced_3000_0_3000_12000,24,0.00012857138323241202,0.00012857138323241202,0.00012857138323241202
0.497183,24,1,balanced_3000_0_3000_12000,balanced_3000_0_3000_12000,24,0.00010541708948297313,0.00010541708948297313,0.00010541708948297313
0.497184,24,1,balanced_3000_0_3000_12000,balanced_3000_0_3000_12000,24,8.226279573264605e-05,8.226279573264605e-05,8.226279573264605e-05
0.497185,24,1,balanced_3000_0_3000_12000,balanced_3000_0_3000_12000,24,5.910850198365125e-05,5.910850198365125e-05,5.910850198365125e-05
0.497186,24,1,balanced_3000_0_3000_12000,balanced_3000_0_3000_12000,24,3.595420823199191e-05,3.595420823199191e-05,3.595420823199191e-05
0.497187,24,1,balanced_3000_0_3000_12000,balanced_3000_0_3000_12000,24,1.279991448299711e-05,1.279991448299711e-05,1.279991448299711e-05
0.497188,24,1,balanced_2500_0_2500_12000,balanced_2500_0_2500_12000,24,1.035437926777405e-05,1.035437926777405e-05,1.035437926777405e-05
0.497189,24,1,balanced_2500_0_2500_12000,balanced_2500_0_2500_12000,24,3.350867301721294e-05,3.350867301721294e-05,3.350867301721294e-05
0.497190,24,1,balanced_2500_0_2500_12000,balanced_2500_0_2500_12000,24,5.66629667679841e-05,5.66629667679841e-05,5.66629667679841e-05
0.497191,24,1,balanced_2500_0_2500_12000,balanced_2500_0_2500_12000,24,7.9817260517423e-05,7.9817260517423e-05,7.9817260517423e-05
0.497192,24,1,balanced_2500_0_2500_12000,balanced_2500_0_2500_12000,24,0.00010297155426775007,0.00010297155426775007,0.00010297155426775007
0.497193,24,1,balanced_2500_0_2500_12000,balanced_2500_0_2500_12000,24,0.00012612584801718896,0.00012612584801718896,0.00012612584801718896
0.497194,24,1,balanced_2500_0_2500_12000,balanced_2500_0_2500_12000,24,0.00014928014176618376,0.00014928014176618376,0.00014928014176618376
0.497195,24,1,balanced_2500_0_2500_12000,balanced_2500_0_2500_12000,24,0.00017243443551695492,0.00017243443551695492,0.00017243443551695492
0.497196,24,1,balanced_2500_0_2500_12000,balanced_2500_0_2500_12000,24,0.0001955887292663938,0.0001955887292663938,0.0001955887292663938
0.497197,24,1,balanced_2500_0_2500_12000,balanced_2500_0_2500_12000,24,0.00021874302301716497,0.00021874302301716497,0.00021874302301716497
0.497198,24,1,balanced_2500_0_2500_12000,balanced_2500_0_2500_12000,24,0.00024189731676704795,0.00024189731676704795,0.00024189731676704795
0.497199,24,1,balanced_2500_0_2500_12000,balanced_2500_0_2500_12000,24,0.000265051610517375,0.000265051610517375,0.000265051610517375
0.497200,24,1,balanced_2500_0_2500_12000,balanced_2500_0_2500_12000,24,0.0002882059042668139,0.0002882059042668139,0.0002882059042668139
0.497201,24,1,balanced_2500_0_2500_12000,balanced_2500_0_2500_12000,24,0.0003113601980175851,0.0003113601980175851,0.0003113601980175851
0.497202,24,1,balanced_2500_0_2500_12000,balanced_2500_0_2500_12000,24,0.0003345144917661358,0.0003345144917661358,0.0003345144917661358
0.497203,24,1,balanced_2500_0_2500_12000,balanced_2500_0_2500_12000,24,0.00035766878551735104,0.00035766878551735104,0.00035766878551735104
0.497204,24,1,balanced_2500_0_2500_12000,balanced_2500_0_2500_12000,24,0.00038082307926678993,0.00038082307926678993,0.00038082307926678993
0.497205,24,1,balanced_2500_0_2500_12000,balanced_2500_0_2500_12000,24,0.0004039773730175611,0.0004039773730175611,0.0004039773730175611
0.497206,24,1,balanced_2500_0_2500_12000,balanced_2500_0_2500_12000,24,0.000427131666767,0.000427131666767,0.000427131666767
0.497207,24,1,balanced_2500_0_2500_12000,balanced_2500_0_2500_12000,24,0.00045028596051777114,0.00045028596051777114,0.00045028596051777114
0.497208,24,1,balanced_2500_0_2500_12000,balanced_2500_0_2500_12000,24,0.00047344025426676595,0.00047344025426676595,0.00047344025426676595
0.497209,24,1,balanced_2500_0_2500_12000,balanced_2500_0_2500_12000,24,0.0004965945480179812,0.0004965945480179812,0.0004965945480179812
0.497210,24,1,balanced_2500_0_2500_12000,balanced_2500_0_2500_12000,24,0.0005197488417665319,0.0005197488417665319,0.0005197488417665319
0.497211,24,1,balanced_2500_0_2500_12000,balanced_2500_0_2500_12000,24,0.0005429031355173031,0.0005429031355173031,0.0005429031355173031
0.497212,24,1,balanced_2500_0_2500_12000,balanced_2500_0_2500_12000,24,0.000566057429266742,0.000566057429266742,0.000566057429266742
0.497213,24,1,balanced_2500_0_2500_12000,balanced_2500_0_2500_12000,24,0.000589211723017069,0.000589211723017069,0.000589211723017069
0.497214,24,1,balanced_2500_0_2500_12000,balanced_2500_0_2500_12000,24,0.0006123660167673961,0.0006123660167673961,0.0006123660167673961
0.497215,24,1,balanced_2500_0_2500_12000,balanced_2500_0_2500_12000,24,0.0006355203105177232,0.0006355203105177232,0.0006355203105177232
0.497216,24,1,balanced_2500_0_2500_12000,balanced_2500_0_2500_12000,24,0.000658674604266718,0.000658674604266718,0.000658674604266718
0.497217,24,1,balanced_2500_0_2500_12000,balanced_2500_0_2500_12000,24,0.0006818288980174891,0.0006818288980174891,0.0006818288980174891
0.497218,24,1,balanced_2500_0_2500_12000,balanced_2500_0_2500_12000,24,0.000704983191766928,0.000704983191766928,0.000704983191766928
0.497219,24,1,balanced_2500_0_2500_12000,balanced_2500_0_2500_12000,24,0.0007281374855176992,0.0007281374855176992,0.0007281374855176992
0.497220,24,1,balanced_2500_0_2500_12000,balanced_2500_0_2500_12000,24,0.000751291779266694,0.000751291779266694,0.000751291779266694
0.497221,24,1,balanced_2500_0_2500_12000,balanced_2500_0_2500_12000,24,0.0007744460730183533,0.0007744460730183533,0.0007744460730183533
0.497222,24,1,balanced_2500_0_2500_12000,balanced_2500_0_2500_12000,24,0.000797600366766904,0.000797600366766904,0.000797600366766904
0.497223,24,1,balanced_2500_0_2500_12000,balanced_2500_0_2500_12000,24,0.0008207546605158988,0.0008207546605158988,0.0008207546605158988
0.497224,24,1,balanced_2500_0_2500_12000,balanced_2500_0_2500_12000,24,0.0008439089542671141,0.0008439089542671141,0.0008439089542671141
0.497225,24,1,balanced_2500_0_2500_12000,balanced_2500_0_2500_12000,24,0.000867063248016553,0.000867063248016553,0.000867063248016553
0.497226,24,1,balanced_2500_0_2500_12000,balanced_2500_0_2500_12000,24,0.0008902175417673241,0.0008902175417673241,0.0008902175417673241
0.497227,24,1,balanced_2500_0_2500_12000,balanced_2500_0_2500_12000,24,0.000913371835516763,0.000913371835516763,0.000913371835516763
0.497228,24,1,balanced_2500_0_2500_12000,balanced_2500_0_2500_12000,24,0.0009365261292670901,0.0009365261292670901,0.0009365261292670901
0.497229,24,1,balanced_2500_0_2500_12000,balanced_2500_0_2500_12000,24,0.000959680423016529,0.000959680423016529,0.000959680423016529
0.497230,24,1,balanced_2500_0_2500_12000,balanced_2500_0_2500_12000,24,0.0009828347167673002,0.0009828347167673002,0.0009828347167673002
0.497231,24,1,balanced_2500_0_2500_12000,balanced_2500_0_2500_12000,24,0.001005989010516739,0.001005989010516739,0.001005989010516739
0.497232,24,1,balanced_2500_0_2500_12000,balanced_2500_0_2500_12000,24,0.0010291433042670661,0.0010291433042670661,0.0010291433042670661
0.497233,24,1,balanced_2500_0_2500_12000,balanced_2500_0_2500_12000,24,0.0010522975980169491,0.0010522975980169491,0.0010522975980169491
0.497234,24,1,balanced_2500_0_2500_12000,balanced_2500_0_2500_12000,24,0.0010754518917672762,0.0010754518917672762,0.0010754518917672762
0.497235,24,1,balanced_2500_0_2500_12000,balanced_2500_0_2500_12000,24,0.0010986061855171592,0.0010986061855171592,0.0010986061855171592
0.497236,24,1,balanced_2500_0_2500_12000,balanced_2500_0_2500_12000,24,0.0011217604792674862,0.0011217604792674862,0.0011217604792674862
0.497237,24,1,balanced_2500_0_2500_12000,balanced_2500_0_2500_12000,24,0.0011449147730169251,0.0011449147730169251,0.0011449147730169251
0.497238,24,1,balanced_2500_0_2500_12000,balanced_2500_0_2500_12000,24,0.0011680690667672522,0.0011680690667672522,0.0011680690667672522
0.497239,24,1,balanced_2500_0_2500_12000,balanced_2500_0_2500_12000,24,0.001191223360516691,0.001191223360516691,0.001191223360516691
0.497240,24,1,balanced_2500_0_2500_12000,balanced_2500_0_2500_12000,24,0.0012143776542670182,0.0012143776542670182,0.0012143776542670182
0.497241,24,1,balanced_2500_0_2500_12000,balanced_2500_0_2500_12000,24,0.0012375319480169011,0.0012375319480169011,0.0012375319480169011
0.497242,24,1,balanced_2500_0_2500_12000,balanced_2500_0_2500_12000,24,0.0012606862417667841,0.0012606862417667841,0.0012606862417667841
0.497243,24,1,balanced_2500_0_2500_12000,balanced_2500_0_2500_12000,24,0.0012838405355171112,0.0012838405355171112,0.0012838405355171112
0.497244,24,1,balanced_2500_0_2500_12000,balanced_2500_0_2500_12000,24,0.0013069948292674383,0.0013069948292674383,0.0013069948292674383
0.497245,24,1,balanced_2500_0_2500_12000,balanced_2500_0_2500_12000,24,0.001330149123016433,0.001330149123016433,0.001330149123016433
0.497246,24,1,balanced_2500_0_2500_12000,balanced_2500_0_2500_12000,24,0.0013533034167676483,0.0013533034167676483,0.0013533034167676483
0.497247,24,1,balanced_2500_0_2500_12000,balanced_2500_0_2500_12000,24,0.0013764577105170872,0.0013764577105170872,0.0013764577105170872
0.497248,24,1,balanced_2500_0_2500_12000,balanced_2500_0_2500_12000,24,0.0013996120042678584,0.0013996120042678584,0.0013996120042678584
0.497249,24,1,balanced_2500_0_2500_12000,balanced_2500_0_2500_12000,24,0.0014227662980168532,0.0014227662980168532,0.0014227662980168532
0.497250,24,1,balanced_2500_0_2500_12000,balanced_2500_0_2500_12000,24,0.001445920591765848,0.001445920591765848,0.001445920591765848
0.497251,24,1,balanced_2500_0_2500_12000,balanced_2500_0_2500_12000,24,0.0014690748855170632,0.0014690748855170632,0.0014690748855170632
0.497252,24,1,balanced_2500_0_2500_12000,balanced_2500_0_2500_12000,24,0.0014922291792665021,0.0014922291792665021,0.0014922291792665021
0.497253,24,1,balanced_2500_0_2500_12000,balanced_2500_0_2500_12000,24,0.0015153834730168292,0.0015153834730168292,0.0015153834730168292
0.497254,24,1,balanced_2500_0_2500_12000,balanced_2500_0_2500_12000,24,0.001538537766766268,0.001538537766766268,0.001538537766766268
0.497255,24,1,balanced_2500_0_2500_12000,balanced_2500_0_2500_12000,24,0.0015616920605170392,0.0015616920605170392,0.0015616920605170392
0.497256,24,1,balanced_2500_0_2500_12000,balanced_2500_0_2500_12000,24,0.0015848463542664781,0.0015848463542664781,0.0015848463542664781
0.497257,24,1,balanced_2500_0_2500_12000,balanced_2500_0_2500_12000,24,0.0016080006480168052,0.0016080006480168052,0.0016080006480168052
0.497258,24,1,balanced_2500_0_2500_12000,balanced_2500_0_2500_12000,24,0.001631154941766244,0.001631154941766244,0.001631154941766244
0.497259,24,1,balanced_2500_0_2500_12000,balanced_2500_0_2500_12000,24,0.0016543092355170153,0.0016543092355170153,0.0016543092355170153
0.497260,24,1,balanced_2500_0_2500_12000,balanced_2500_0_2500_12000,24,0.0016774635292664541,0.0016774635292664541,0.0016774635292664541
0.497261,24,1,balanced_2500_0_2500_12000,balanced_2500_0_2500_12000,24,0.0017006178230172253,0.0017006178230172253,0.0017006178230172253
0.497262,24,1,balanced_2500_0_2500_12000,balanced_2500_0_2500_12000,24,0.0017237721167666642,0.0017237721167666642,0.0017237721167666642
0.497263,24,1,balanced_2500_0_2500_12000,balanced_2500_0_2500_12000,24,0.0017469264105169913,0.0017469264105169913,0.0017469264105169913
0.497264,24,1,balanced_2500_0_2500_12000,balanced_2500_0_2500_12000,24,0.0017700807042664302,0.0017700807042664302,0.0017700807042664302
0.497265,24,1,balanced_2500_0_2500_12000,balanced_2500_0_2500_12000,24,0.0017932349980167572,0.0017932349980167572,0.0017932349980167572
0.497266,24,1,balanced_2500_0_2500_12000,balanced_2500_0_2500_12000,24,0.0018163892917666402,0.0018163892917666402,0.0018163892917666402
0.497267,24,1,balanced_2500_0_2500_12000,balanced_2500_0_2500_12000,24,0.0018395435855174114,0.0018395435855174114,0.0018395435855174114
0.497268,24,1,balanced_2500_0_2500_12000,balanced_2500_0_2500_12000,24,0.0018626978792668503,0.0018626978792668503,0.0018626978792668503
0.497269,24,1,balanced_2500_0_2500_12000,balanced_2500_0_2500_12000,24,0.0018858521730171773,0.0018858521730171773,0.0018858521730171773
0.497270,24,1,balanced_2500_0_2500_12000,balanced_2500_0_2500_12000,24,0.0019090064667666162,0.0019090064667666162,0.0019090064667666162
0.497271,24,1,balanced_2500_0_2500_12000,balanced_2500_0_2500_12000,24,0.0019321607605173874,0.0019321607605173874,0.0019321607605173874
0.497272,24,1,balanced_2500_0_2500_12000,balanced_2500_0_2500_12000,24,0.0019553150542668263,0.0019553150542668263,0.0019553150542668263
0.497273,24,1,balanced_2500_0_2500_12000,balanced_2500_0_2500_12000,24,0.0019784693480171534,0.0019784693480171534,0.0019784693480171534
0.497274,24,1,balanced_2500_0_2500_12000,balanced_2500_0_2500_12000,24,0.0020016236417665922,0.0020016236417665922,0.0020016236417665922
0.497275,24,1,balanced_2500_0_2500_12000,balanced_2500_0_2500_12000,24,0.0020247779355169193,0.0020247779355169193,0.0020247779355169193
0.497276,24,1,balanced_2500_0_2500_12000,balanced_2500_0_2500_12000,24,0.0020479322292668023,0.0020479322292668023,0.0020479322292668023
0.497277,24,1,balanced_2500_0_2500_12000,balanced_2500_0_2500_12000,24,0.002071086523016241,0.002071086523016241,0.002071086523016241
0.497278,24,1,balanced_2500_0_2500_12000,balanced_2500_0_2500_12000,24,0.0020942408167665683,0.0020942408167665683,0.0020942408167665683
0.497279,24,1,balanced_2500_0_2500_12000,balanced_2500_0_2500_12000,24,0.0021173951105164512,0.0021173951105164512,0.0021173951105164512
0.497280,24,1,balanced_2500_0_2500_12000,balanced_2500_0_2500_12000,24,0.0021405494042667783,0.0021405494042667783,0.0021405494042667783
0.497281,24,1,balanced_2500_0_2500_12000,balanced_2500_0_2500_12000,24,0.002163703698016217,0.002163703698016217,0.002163703698016217
0.497282,24,1,balanced_2500_0_2500_12000,balanced_2500_0_2500_12000,24,0.0021868579917669884,0.0021868579917669884,0.0021868579917669884
0.497283,24,1,balanced_2500_0_2500_12000,balanced_2500_0_2500_12000,24,0.002210012285515983,0.002210012285515983,0.002210012285515983
0.497284,24,1,balanced_2500_0_2500_12000,balanced_2500_0_2500_12000,24,0.0022331665792667543,0.0022331665792667543,0.0022331665792667543
0.497285,24,1,balanced_2500_0_2500_12000,balanced_2500_0_2500_12000,24,0.0022563208730161932,0.0022563208730161932,0.0022563208730161932
0.497286,24,1,balanced_2500_0_2500_12000,balanced_2500_0_2500_12000,24,0.0022794751667669644,0.0022794751667669644,0.0022794751667669644
0.497287,24,1,balanced_2500_0_2500_12000,balanced_2500_0_2500_12000,24,0.0023026294605164033,0.0023026294605164033,0.0023026294605164033
0.497288,24,1,balanced_2500_0_2500_12000,balanced_2500_0_2500_12000,24,0.0023257837542671744,0.0023257837542671744,0.0023257837542671744
0.497289,24,1,balanced_2500_0_2500_12000,balanced_2500_0_2500_12000,24,0.0023489380480166133,0.0023489380480166133,0.0023489380480166133
0.497290,24,1,balanced_2500_0_2500_12000,balanced_2500_0_2500_12000,24,0.0023720923417673845,0.0023720923417673845,0.0023720923417673845
0.497291,24,1,balanced_2500_0_2500_12000,balanced_2500_0_2500_12000,24,0.0023952466355163793,0.0023952466355163793,0.0023952466355163793
0.497292,24,1,balanced_2500_0_2500_12000,balanced_2500_0_2500_12000,24,0.0024184009292667064,0.0024184009292667064,0.0024184009292667064
0.497293,24,1,balanced_2500_0_2500_12000,balanced_2500_0_2500_12000,24,0.0024415552230161452,0.0024415552230161452,0.0024415552230161452
0.497294,24,1,balanced_2500_0_2500_12000,balanced_2500_0_2500_12000,24,0.0024647095167669164,0.0024647095167669164,0.0024647095167669164
0.497295,24,1,balanced_2500_0_2500_12000,balanced_2500_0_2500_12000,24,0.0024878638105167994,0.0024878638105167994,0.0024878638105167994
0.497296,24,1,balanced_2500_0_2500_12000,balanced_2500_0_2500_12000,24,0.0025110181042666824,0.0025110181042666824,0.0025110181042666824
0.497297,24,1,balanced_2500_0_2500_12000,balanced_2500_0_2500_12000,24,0.0025341723980165654,0.0025341723980165654,0.0025341723980165654
0.497298,24,1,balanced_2500_0_2500_12000,balanced_2500_0_2500_12000,24,0.0025573266917668924,0.0025573266917668924,0.0025573266917668924
0.497299,24,1,balanced_2500_0_2500_12000,balanced_2500_0_2500_12000,24,0.0025804809855163313,0.0025804809855163313,0.0025804809855163313
0.497300,24,1,balanced_2500_0_2500_12000,balanced_2500_0_2500_12000,24,0.0026036352792671025,0.0026036352792671025,0.0026036352792671025
0.497301,24,1,balanced_2500_0_2500_12000,balanced_2500_0_2500_12000,24,0.0026267895730160973,0.0026267895730160973,0.0026267895730160973
0.497302,24,1,balanced_2500_0_2500_12000,balanced_2500_0_2500_12000,24,0.0026499438667673125,0.0026499438667673125,0.0026499438667673125
0.497303,24,1,balanced_2500_0_2500_12000,balanced_2500_0_2500_12000,24,0.0026730981605163073,0.0026730981605163073,0.0026730981605163073
0.497304,24,1,balanced_2500_0_2500_12000,balanced_2500_0_2500_12000,24,0.0026962524542675226,0.0026962524542675226,0.0026962524542675226
0.497305,24,1,balanced_2500_0_2500_12000,balanced_2500_0_2500_12000,24,0.0027194067480169615,0.0027194067480169615,0.0027194067480169615
0.497306,24,1,balanced_2500_0_2500_12000,balanced_2500_0_2500_12000,24,0.0027425610417659563,0.0027425610417659563,0.0027425610417659563
0.497307,24,1,balanced_2500_0_2500_12000,balanced_2500_0_2500_12000,24,0.0027657153355167274,0.0027657153355167274,0.0027657153355167274
0.497308,24,1,balanced_2500_0_2500_12000,balanced_2500_0_2500_12000,24,0.0027888696292661663,0.0027888696292661663,0.0027888696292661663
0.497309,24,1,balanced_2500_0_2500_12000,balanced_2500_0_2500_12000,24,0.0028120239230164934,0.0028120239230164934,0.0028120239230164934
0.497310,24,1,balanced_2500_0_2500_12000,balanced_2500_0_2500_12000,24,0.0028351782167659323,0.0028351782167659323,0.0028351782167659323
0.497311,24,1,balanced_2500_0_2500_12000,balanced_2500_0_2500_12000,24,0.0028583325105171475,0.0028583325105171475,0.0028583325105171475
0.497312,24,1,balanced_2500_0_2500_12000,balanced_2500_0_2500_12000,24,0.0028814868042661423,0.0028814868042661423,0.0028814868042661423
0.497313,24,1,balanced_2500_0_2500_12000,balanced_2500_0_2500_12000,24,0.0029046410980169135,0.0029046410980169135,0.0029046410980169135
0.497314,24,1,balanced_2500_0_2500_12000,balanced_2500_0_2500_12000,24,0.0029277953917659083,0.0029277953917659083,0.0029277953917659083
0.497315,24,1,balanced_2500_0_2500_12000,balanced_2500_0_2500_12000,24,0.0029509496855171236,0.0029509496855171236,0.0029509496855171236
0.497316,24,1,balanced_2500_0_2500_12000,balanced_2500_0_2500_12000,24,0.0029741039792665624,0.0029741039792665624,0.0029741039792665624
0.497317,24,1,balanced_2500_0_2500_12000,balanced_2500_0_2500_12000,24,0.0029972582730168895,0.0029972582730168895,0.0029972582730168895
0.497318,24,1,balanced_2500_0_2500_12000,balanced_2500_0_2500_12000,24,0.0030204125667663284,0.0030204125667663284,0.0030204125667663284
0.497319,24,1,balanced_2500_0_2500_12000,balanced_2500_0_2500_12000,24,0.0030435668605170996,0.0030435668605170996,0.0030435668605170996
0.497320,24,1,balanced_2500_0_2500_12000,balanced_2500_0_2500_12000,24,0.0030667211542665385,0.0030667211542665385,0.0030667211542665385
0.497321,24,1,balanced_2500_0_2500_12000,balanced_2500_0_2500_12000,24,0.0030898754480173096,0.0030898754480173096,0.0030898754480173096
0.497322,24,1,balanced_2500_0_2500_12000,balanced_2500_0_2500_12000,24,0.0031130297417667485,0.0031130297417667485,0.0031130297417667485
0.497323,24,1,balanced_2500_0_2500_12000,balanced_2500_0_2500_12000,24,0.0031361840355170756,0.0031361840355170756,0.0031361840355170756
0.497324,24,1,balanced_2500_0_2500_12000,balanced_2500_0_2500_12000,24,0.0031593383292665145,0.0031593383292665145,0.0031593383292665145
0.497325,24,1,balanced_2500_0_2500_12000,balanced_2500_0_2500_12000,24,0.0031824926230172856,0.0031824926230172856,0.0031824926230172856
0.497326,24,1,balanced_2500_0_2500_12000,balanced_2500_0_2500_12000,24,0.0032056469167667245,0.0032056469167667245,0.0032056469167667245
0.497327,24,1,balanced_2500_0_2500_12000,balanced_2500_0_2500_12000,24,0.0032288012105177177,0.0032288012105177177,0.0032288012105177177
0.497328,24,1,balanced_2500_0_2500_12000,balanced_2500_0_2500_12000,24,0.0032519555042667125,0.0032519555042667125,0.0032519555042667125
0.497329,24,1,balanced_2500_0_2500_12000,balanced_2500_0_2500_12000,24,0.0032751097980174837,0.0032751097980174837,0.0032751097980174837
0.497330,24,1,balanced_2500_0_2500_12000,balanced_2500_0_2500_12000,24,0.0032982640917669226,0.0032982640917669226,0.0032982640917669226
0.497331,24,1,balanced_2500_0_2500_12000,balanced_2500_0_2500_12000,24,0.0033214183855174717,0.0033214183855174717,0.0033214183855174717
0.497332,24,1,balanced_2500_0_2500_12000,balanced_2500_0_2500_12000,24,0.0033445726792666886,0.0033445726792666886,0.0033445726792666886
0.497333,24,1,balanced_2500_0_2500_12000,balanced_2500_0_2500_12000,24,0.0033677269730163495,0.0033677269730163495,0.0033677269730163495
0.497334,24,1,balanced_2500_0_2500_12000,balanced_2500_0_2500_12000,24,0.0033908812667671206,0.0033908812667671206,0.0033908812667671206
0.497335,24,1,balanced_2500_0_2500_12000,balanced_2500_0_2500_12000,24,0.0034140355605161155,0.0034140355605161155,0.0034140355605161155
0.497336,24,1,balanced_2500_0_2500_12000,balanced_2500_0_2500_12000,24,0.0034371898542668866,0.0034371898542668866,0.0034371898542668866
0.497337,24,1,balanced_2500_0_2500_12000,balanced_2500_0_2500_12000,24,0.0034603441480163255,0.0034603441480163255,0.0034603441480163255
0.497338,24,1,balanced_2500_0_2500_12000,balanced_2500_0_2500_12000,24,0.0034834984417668746,0.0034834984417668746,0.0034834984417668746
0.497339,24,1,balanced_2500_0_2500_12000,balanced_2500_0_2500_12000,24,0.0035066527355160915,0.0035066527355160915,0.0035066527355160915
0.497340,24,1,balanced_2500_0_2500_12000,balanced_2500_0_2500_12000,24,0.0035298070292670847,0.0035298070292670847,0.0035298070292670847
0.497341,24,1,balanced_2500_0_2500_12000,balanced_2500_0_2500_12000,24,0.0035529613230163015,0.0035529613230163015,0.0035529613230163015
0.497342,24,1,balanced_2500_0_2500_12000,balanced_2500_0_2500_12000,24,0.0035761156167672947,0.0035761156167672947,0.0035761156167672947
0.497343,24,1,balanced_2500_0_2500_12000,balanced_2500_0_2500_12000,24,0.0035992699105160675,0.0035992699105160675,0.0035992699105160675
0.497344,24,1,balanced_2500_0_2500_12000,balanced_2500_0_2500_12000,24,0.0036224242042668386,0.0036224242042668386,0.0036224242042668386
0.497345,24,1,balanced_2500_0_2500_12000,balanced_2500_0_2500_12000,24,0.0036455784980164996,0.0036455784980164996,0.0036455784980164996
0.497346,24,1,balanced_2500_0_2500_12000,balanced_2500_0_2500_12000,24,0.0036687327917670487,0.0036687327917670487,0.0036687327917670487
0.497347,24,1,balanced_2500_0_2500_12000,balanced_2500_0_2500_12000,24,0.0036918870855164876,0.0036918870855164876,0.0036918870855164876
0.497348,24,1,balanced_2500_0_2500_12000,balanced_2500_0_2500_12000,24,0.0037150413792670367,0.0037150413792670367,0.0037150413792670367
0.497349,24,1,balanced_2500_0_2500_12000,balanced_2500_0_2500_12000,24,0.0037381956730164756,0.0037381956730164756,0.0037381956730164756
0.497350,24,1,balanced_2500_0_2500_12000,balanced_2500_0_2500_12000,24,0.0037613499667670247,0.0037613499667670247,0.0037613499667670247
0.497351,24,1,balanced_2500_0_2500_12000,balanced_2500_0_2500_12000,24,0.0037845042605164636,0.0037845042605164636,0.0037845042605164636
0.497352,24,1,balanced_2500_0_2500_12000,balanced_2500_0_2500_12000,24,0.0038076585542670127,0.0038076585542670127,0.0038076585542670127
0.497353,24,1,balanced_2500_0_2500_12000,balanced_2500_0_2500_12000,24,0.0038308128480164516,0.0038308128480164516,0.0038308128480164516
0.497354,24,1,balanced_2500_0_2500_12000,balanced_2500_0_2500_12000,24,0.0038539671417672228,0.0038539671417672228,0.0038539671417672228
0.497355,24,1,balanced_2500_0_2500_12000,balanced_2500_0_2500_12000,24,0.0038771214355168837,0.0038771214355168837,0.0038771214355168837
0.497356,24,1,balanced_2500_0_2500_12000,balanced_2500_0_2500_12000,24,0.0039002757292672108,0.0039002757292672108,0.0039002757292672108
0.497357,24,1,balanced_2500_0_2500_12000,balanced_2500_0_2500_12000,24,0.00392343002301665,0.00392343002301665,0.00392343002301665
0.497358,24,1,balanced_2500_0_2500_12000,balanced_2500_0_2500_12000,24,0.003946584316767199,0.003946584316767199,0.003946584316767199
0.497359,24,1,balanced_2500_0_2500_12000,balanced_2500_0_2500_12000,24,0.003969738610516638,0.003969738610516638,0.003969738610516638
0.497360,24,1,balanced_2500_0_2500_12000,balanced_2500_0_2500_12000,24,0.0039928929042658545,0.0039928929042658545,0.0039928929042658545
0.497361,24,1,balanced_2500_0_2500_12000,balanced_2500_0_2500_12000,24,0.004016047198016626,0.004016047198016626,0.004016047198016626
0.497362,24,1,balanced_2500_0_2500_12000,balanced_2500_0_2500_12000,24,0.004039201491766287,0.004039201491766287,0.004039201491766287
0.497363,24,1,balanced_2500_0_2500_12000,balanced_2500_0_2500_12000,24,0.004062355785516614,0.004062355785516614,0.004062355785516614
0.497364,24,1,balanced_2500_0_2500_12000,balanced_2500_0_2500_12000,24,0.0040855100792658305,0.0040855100792658305,0.0040855100792658305
0.497365,24,1,balanced_2500_0_2500_12000,balanced_2500_0_2500_12000,24,0.004108664373016824,0.004108664373016824,0.004108664373016824
0.497366,24,1,balanced_2500_0_2500_12000,balanced_2500_0_2500_12000,24,0.004131818666766041,0.004131818666766041,0.004131818666766041
0.497367,24,1,balanced_2500_0_2500_12000,balanced_2500_0_2500_12000,24,0.00415497296051659,0.00415497296051659,0.00415497296051659
0.497368,24,1,balanced_2500_0_2500_12000,balanced_2500_0_2500_12000,24,0.004178127254266029,0.004178127254266029,0.004178127254266029
0.497369,24,1,balanced_2500_0_2500_12000,balanced_2500_0_2500_12000,24,0.0042012815480168,0.0042012815480168,0.0042012815480168
0.497370,24,1,balanced_2500_0_2500_12000,balanced_2500_0_2500_12000,24,0.004224435841766017,0.004224435841766017,0.004224435841766017
0.497371,24,1,balanced_2500_0_2500_12000,balanced_2500_0_2500_12000,24,0.00424759013551701,0.00424759013551701,0.00424759013551701
0.497372,24,1,balanced_2500_0_2500_12000,balanced_2500_0_2500_12000,24,0.004270744429266227,0.004270744429266227,0.004270744429266227
0.497373,24,1,balanced_2500_0_2500_12000,balanced_2500_0_2500_12000,24,0.004293898723016998,0.004293898723016998,0.004293898723016998
0.497374,24,1,balanced_2500_0_2500_12000,balanced_2500_0_2500_12000,24,0.004317053016766437,0.004317053016766437,0.004317053016766437
0.497375,24,1,balanced_2500_0_2500_12000,balanced_2500_0_2500_12000,24,0.004340207310516986,0.004340207310516986,0.004340207310516986
0.497376,24,1,balanced_2500_0_2500_12000,balanced_2500_0_2500_12000,24,0.004363361604266425,0.004363361604266425,0.004363361604266425
0.497377,24,1,balanced_2500_0_2500_12000,balanced_2500_0_2500_12000,24,0.004386515898016974,0.004386515898016974,0.004386515898016974
0.497378,24,1,balanced_2500_0_2500_12000,balanced_2500_0_2500_12000,24,0.004409670191766191,0.004409670191766191,0.004409670191766191
0.497379,24,1,balanced_2500_0_2500_12000,balanced_2500_0_2500_12000,24,0.004432824485516962,0.004432824485516962,0.004432824485516962
0.497380,24,1,balanced_2500_0_2500_12000,balanced_2500_0_2500_12000,24,0.004455978779266401,0.004455978779266401,0.004455978779266401
0.497381,24,1,balanced_2500_0_2500_12000,balanced_2500_0_2500_12000,24,0.004479133073017172,0.004479133073017172,0.004479133073017172
0.497382,24,1,balanced_2500_0_2500_12000,balanced_2500_0_2500_12000,24,0.004502287366766389,0.004502287366766389,0.004502287366766389
0.497383,24,1,balanced_2500_0_2500_12000,balanced_2500_0_2500_12000,24,0.004525441660516938,0.004525441660516938,0.004525441660516938
0.497384,24,1,balanced_2500_0_2500_12000,balanced_2500_0_2500_12000,24,0.004548595954266377,0.004548595954266377,0.004548595954266377
0.497385,24,1,balanced_2500_0_2500_12000,balanced_2500_0_2500_12000,24,0.004571750248016926,0.004571750248016926,0.004571750248016926
0.497386,24,1,balanced_2500_0_2500_12000,balanced_2500_0_2500_12000,24,0.004594904541766587,0.004594904541766587,0.004594904541766587
0.497387,24,1,balanced_2500_0_2500_12000,balanced_2500_0_2500_12000,24,0.004618058835517136,0.004618058835517136,0.004618058835517136
0.497388,24,1,balanced_2500_0_2500_12000,balanced_2500_0_2500_12000,24,0.004641213129266353,0.004641213129266353,0.004641213129266353
0.497389,24,1,balanced_2500_0_2500_12000,balanced_2500_0_2500_12000,24,0.004664367423015792,0.004664367423015792,0.004664367423015792
0.497390,24,1,balanced_2500_0_2500_12000,balanced_2500_0_2500_12000,24,0.004687521716766341,0.004687521716766341,0.004687521716766341
0.497391,24,1,balanced_2500_0_2500_12000,balanced_2500_0_2500_12000,24,0.00471067601051578,0.00471067601051578,0.00471067601051578
0.497392,24,1,balanced_2500_0_2500_12000,balanced_2500_0_2500_12000,24,0.004733830304266551,0.004733830304266551,0.004733830304266551
0.497393,24,1,balanced_2500_0_2500_12000,balanced_2500_0_2500_12000,24,0.00475698459801599,0.00475698459801599,0.00475698459801599
0.497394,24,1,balanced_2500_0_2500_12000,balanced_2500_0_2500_12000,24,0.004780138891766761,0.004780138891766761,0.004780138891766761
0.497395,24,1,balanced_2500_0_2500_12000,balanced_2500_0_2500_12000,24,0.004803293185515978,0.004803293185515978,0.004803293185515978
0.497396,24,1,balanced_2500_0_2500_12000,balanced_2500_0_2500_12000,24,0.004826447479266749,0.004826447479266749,0.004826447479266749
0.497397,24,1,balanced_2500_0_2500_12000,balanced_2500_0_2500_12000,24,0.004849601773015966,0.004849601773015966,0.004849601773015966
0.497398,24,1,balanced_2500_0_2500_12000,balanced_2500_0_2500_12000,24,0.004872756066766515,0.004872756066766515,0.004872756066766515
0.497399,24,1,balanced_2500_0_2500_12000,balanced_2500_0_2500_12000,24,0.004895910360515732,0.004895910360515732,0.004895910360515732
0.497400,24,1,balanced_2500_0_2500_12000,balanced_2500_0_2500_12000,24,0.004919064654266503,0.004919064654266503,0.004919064654266503
0.497401,24,1,balanced_2500_0_2500_12000,balanced_2500_0_2500_12000,24,0.004942218948016164,0.004942218948016164,0.004942218948016164
0.497402,24,1,balanced_2500_0_2500_12000,balanced_2500_0_2500_12000,24,0.004965373241766491,0.004965373241766491,0.004965373241766491
0.497403,24,1,balanced_2500_0_2500_12000,balanced_2500_0_2500_12000,24,0.00498852753551593,0.00498852753551593,0.00498852753551593
0.497404,24,1,balanced_2500_0_2500_12000,balanced_2500_0_2500_12000,24,0.005011681829266923,0.005011681829266923,0.005011681829266923
0.497405,24,1,balanced_2500_0_2500_12000,balanced_2500_0_2500_12000,24,0.005034836123016362,0.005034836123016362,0.005034836123016362
0.497406,24,1,balanced_2500_0_2500_12000,balanced_2500_0_2500_12000,24,0.005057990416766911,0.005057990416766911,0.005057990416766911
0.497407,24,1,balanced_2500_0_2500_12000,balanced_2500_0_2500_12000,24,0.005081144710516128,0.005081144710516128,0.005081144710516128
0.497408,24,1,balanced_2500_0_2500_12000,balanced_2500_0_2500_12000,24,0.005104299004266899,0.005104299004266899,0.005104299004266899
0.497409,24,1,balanced_2500_0_2500_12000,balanced_2500_0_2500_12000,24,0.005127453298016338,0.005127453298016338,0.005127453298016338
0.497410,24,1,balanced_2500_0_2500_12000,balanced_2500_0_2500_12000,24,0.005150607591766887,0.005150607591766887,0.005150607591766887
0.497411,24,1,balanced_2500_0_2500_12000,balanced_2500_0_2500_12000,24,0.005173761885516326,0.005173761885516326,0.005173761885516326
0.497412,24,1,balanced_2500_0_2500_12000,balanced_2500_0_2500_12000,24,0.005196916179266875,0.005196916179266875,0.005196916179266875
0.497413,24,1,balanced_2500_0_2500_12000,balanced_2500_0_2500_12000,24,0.005220070473016314,0.005220070473016314,0.005220070473016314
0.497414,24,1,balanced_2500_0_2500_12000,balanced_2500_0_2500_12000,24,0.005243224766767085,0.005243224766767085,0.005243224766767085
0.497415,24,1,balanced_2500_0_2500_12000,balanced_2500_0_2500_12000,24,0.005266379060516524,0.005266379060516524,0.005266379060516524
0.497416,24,1,balanced_2500_0_2500_12000,balanced_2500_0_2500_12000,24,0.005289533354265519,0.005289533354265519,0.005289533354265519
0.497417,24,1,balanced_2500_0_2500_12000,balanced_2500_0_2500_12000,24,0.005312687648016512,0.005312687648016512,0.005312687648016512
0.497418,24,1,balanced_2500_0_2500_12000,balanced_2500_0_2500_12000,24,0.005335841941765729,0.005335841941765729,0.005335841941765729
0.497419,24,1,balanced_2500_0_2500_12000,balanced_2500_0_2500_12000,24,0.005358996235516278,0.005358996235516278,0.005358996235516278
0.497420,24,1,balanced_2500_0_2500_12000,balanced_2500_0_2500_12000,24,0.005382150529265939,0.005382150529265939,0.005382150529265939
0.497421,24,1,balanced_2500_0_2500_12000,balanced_2500_0_2500_12000,24,0.005405304823016488,0.005405304823016488,0.005405304823016488
0.497422,24,1,balanced_2500_0_2500_12000,balanced_2500_0_2500_12000,24,0.005428459116765705,0.005428459116765705,0.005428459116765705
0.497423,24,1,balanced_2500_0_2500_12000,balanced_2500_0_2500_12000,24,0.005451613410516476,0.005451613410516476,0.005451613410516476
0.497424,24,1,balanced_2500_0_2500_12000,balanced_2500_0_2500_12000,24,0.005474767704265693,0.005474767704265693,0.005474767704265693
0.497425,24,1,balanced_2500_0_2500_12000,balanced_2500_0_2500_12000,24,0.005497921998016686,0.005497921998016686,0.005497921998016686
0.497426,24,1,balanced_2500_0_2500_12000,balanced_2500_0_2500_12000,24,0.005521076291765903,0.005521076291765903,0.005521076291765903
0.497427,24,1,balanced_2500_0_2500_12000,balanced_2500_0_2500_12000,24,0.005544230585516452,0.005544230585516452,0.005544230585516452
0.497428,24,1,balanced_2500_0_2500_12000,balanced_2500_0_2500_12000,24,0.005567384879265891,0.005567384879265891,0.005567384879265891
0.497429,24,1,balanced_2500_0_2500_12000,balanced_2500_0_2500_12000,24,0.00559053917301644,0.00559053917301644,0.00559053917301644
0.497430,24,1,balanced_2500_0_2500_12000,balanced_2500_0_2500_12000,24,0.005613693466765879,0.005613693466765879,0.005613693466765879
0.497431,24,1,balanced_2500_0_2500_12000,balanced_2500_0_2500_12000,24,0.005636847760516872,0.005636847760516872,0.005636847760516872
0.497432,24,1,balanced_2500_0_2500_12000,balanced_2500_0_2500_12000,24,0.005660002054266311,0.005660002054266311,0.005660002054266311
0.497433,24,1,balanced_2500_0_2500_12000,balanced_2500_0_2500_12000,24,0.005683156348016416,0.005683156348016416,0.005683156348016416
0.497434,24,1,balanced_2500_0_2500_12000,balanced_2500_0_2500_12000,24,0.005706310641765633,0.005706310641765633,0.005706310641765633
0.497435,24,1,balanced_2500_0_2500_12000,balanced_2500_0_2500_12000,24,0.005729464935516404,0.005729464935516404,0.005729464935516404
0.497436,24,1,balanced_2500_0_2500_12000,balanced_2500_0_2500_12000,24,0.005752619229265843,0.005752619229265843,0.005752619229265843
0.497437,24,1,balanced_2500_0_2500_12000,balanced_2500_0_2500_12000,24,0.005775773523016836,0.005775773523016836,0.005775773523016836
0.497438,24,1,balanced_2500_0_2500_12000,balanced_2500_0_2500_12000,24,0.005798927816766053,0.005798927816766053,0.005798927816766053
0.497439,24,1,balanced_2500_0_2500_12000,balanced_2500_0_2500_12000,24,0.005822082110516824,0.005822082110516824,0.005822082110516824
0.497440,24,1,balanced_2500_0_2500_12000,balanced_2500_0_2500_12000,24,0.005845236404266263,0.005845236404266263,0.005845236404266263
0.497441,24,1,balanced_2500_0_2500_12000,balanced_2500_0_2500_12000,24,0.005868390698017034,0.005868390698017034,0.005868390698017034
0.497442,24,1,balanced_2500_0_2500_12000,balanced_2500_0_2500_12000,24,0.005891544991766473,0.005891544991766473,0.005891544991766473
0.497443,24,1,balanced_2500_0_2500_12000,balanced_2500_0_2500_12000,24,0.005914699285515468,0.005914699285515468,0.005914699285515468
0.497444,24,1,balanced_2500_0_2500_12000,balanced_2500_0_2500_12000,24,0.005937853579266461,0.005937853579266461,0.005937853579266461
0.497445,24,1,balanced_2500_0_2500_12000,balanced_2500_0_2500_12000,24,0.005961007873015456,0.005961007873015456,0.005961007873015456
0.497446,24,1,balanced_2500_0_2500_12000,balanced_2500_0_2500_12000,24,0.005984162166766449,0.005984162166766449,0.005984162166766449
0.497447,24,1,balanced_2500_0_2500_12000,balanced_2500_0_2500_12000,24,0.006007316460515444,0.006007316460515444,0.006007316460515444
0.497448,24,1,balanced_2500_0_2500_12000,balanced_2500_0_2500_12000,24,0.006030470754266215,0.006030470754266215,0.006030470754266215
0.497449,24,1,balanced_2500_0_2500_12000,balanced_2500_0_2500_12000,24,0.006053625048015654,0.006053625048015654,0.006053625048015654
0.497450,24,1,balanced_2500_0_2500_12000,balanced_2500_0_2500_12000,24,0.006076779341766203,0.006076779341766203,0.006076779341766203
0.497451,24,1,balanced_2500_0_2500_12000,balanced_2500_0_2500_12000,24,0.006099933635515642,0.006099933635515642,0.006099933635515642
0.497452,24,1,balanced_2500_0_2500_12000,balanced_2500_0_2500_12000,24,0.006123087929266413,0.006123087929266413,0.006123087929266413
0.497453,24,1,balanced_2500_0_2500_12000,balanced_2500_0_2500_12000,24,0.00614624222301563,0.00614624222301563,0.00614624222301563
0.497454,24,1,balanced_2500_0_2500_12000,balanced_2500_0_2500_12000,24,0.006169396516766179,0.006169396516766179,0.006169396516766179
0.497455,24,1,balanced_2500_0_2500_12000,balanced_2500_0_2500_12000,24,0.006192550810515618,0.006192550810515618,0.006192550810515618
0.497456,24,1,balanced_2500_0_2500_12000,balanced_2500_0_2500_12000,24,0.006215705104266389,0.006215705104266389,0.006215705104266389
0.497457,24,1,balanced_2500_0_2500_12000,balanced_2500_0_2500_12000,24,0.006238859398015606,0.006238859398015606,0.006238859398015606
0.497458,24,1,balanced_2500_0_2500_12000,balanced_2500_0_2500_12000,24,0.006262013691766377,0.006262013691766377,0.006262013691766377
0.497459,24,1,balanced_2500_0_2500_12000,balanced_2500_0_2500_12000,24,0.006285167985515816,0.006285167985515816,0.006285167985515816
0.497460,24,1,balanced_2500_0_2500_12000,balanced_2500_0_2500_12000,24,0.006308322279266365,0.006308322279266365,0.006308322279266365
0.497461,24,1,balanced_2500_0_2500_12000,balanced_2500_0_2500_12000,24,0.006331476573015804,0.006331476573015804,0.006331476573015804
0.497462,24,1,balanced_2500_0_2500_12000,balanced_2500_0_2500_12000,24,0.006354630866766575,0.006354630866766575,0.006354630866766575
0.497463,24,1,balanced_2500_0_2500_12000,balanced_2500_0_2500_12000,24,0.006377785160516014,0.006377785160516014,0.006377785160516014
0.497464,24,1,balanced_2500_0_2500_12000,balanced_2500_0_2500_12000,24,0.006400939454266341,0.006400939454266341,0.006400939454266341
0.497465,24,1,balanced_2500_0_2500_12000,balanced_2500_0_2500_12000,24,0.006424093748015558,0.006424093748015558,0.006424093748015558
0.497466,24,1,balanced_2500_0_2500_12000,balanced_2500_0_2500_12000,24,0.006447248041766773,0.006447248041766773,0.006447248041766773
0.497467,24,1,balanced_2500_0_2500_12000,balanced_2500_0_2500_12000,24,0.006470402335515546,0.006470402335515546,0.006470402335515546
0.497468,24,1,balanced_2500_0_2500_12000,balanced_2500_0_2500_12000,24,0.006493556629266539,0.006493556629266539,0.006493556629266539
0.497469,24,1,balanced_2500_0_2500_12000,balanced_2500_0_2500_12000,24,0.006516710923015978,0.006516710923015978,0.006516710923015978
0.497470,24,1,balanced_2500_0_2500_12000,balanced_2500_0_2500_12000,24,0.006539865216766749,0.006539865216766749,0.006539865216766749
0.497471,24,1,balanced_2500_0_2500_12000,balanced_2500_0_2500_12000,24,0.006563019510515744,0.006563019510515744,0.006563019510515744
0.497472,24,1,balanced_2500_0_2500_12000,balanced_2500_0_2500_12000,24,0.006586173804265183,0.006586173804265183,0.006586173804265183
0.497473,24,1,balanced_2500_0_2500_12000,balanced_2500_0_2500_12000,24,0.006609328098015732,0.006609328098015732,0.006609328098015732
0.497474,24,1,balanced_2500_0_2500_12000,balanced_2500_0_2500_12000,24,0.006632482391765393,0.006632482391765393,0.006632482391765393
0.497475,24,1,balanced_2500_0_2500_12000,balanced_2500_0_2500_12000,24,0.006655636685516164,0.006655636685516164,0.006655636685516164
0.497476,24,1,balanced_2500_0_2500_12000,balanced_2500_0_2500_12000,24,0.006678790979265603,0.006678790979265603,0.006678790979265603
0.497477,24,1,balanced_2500_0_2500_12000,balanced_2500_0_2500_12000,24,0.006701945273016152,0.006701945273016152,0.006701945273016152
0.497478,24,1,balanced_2500_0_2500_12000,balanced_2500_0_2500_12000,24,0.006725099566765591,0.006725099566765591,0.006725099566765591
0.497479,24,1,balanced_2500_0_2500_12000,balanced_2500_0_2500_12000,24,0.00674825386051614,0.00674825386051614,0.00674825386051614
0.497480,24,1,balanced_2500_0_2500_12000,balanced_2500_0_2500_12000,24,0.006771408154265357,0.006771408154265357,0.006771408154265357
0.497481,24,1,balanced_2500_0_2500_12000,balanced_2500_0_2500_12000,24,0.006794562448016128,0.006794562448016128,0.006794562448016128
0.497482,24,1,balanced_2500_0_2500_12000,balanced_2500_0_2500_12000,24,0.006817716741765567,0.006817716741765567,0.006817716741765567
0.497483,24,1,balanced_2500_0_2500_12000,balanced_2500_0_2500_12000,24,0.006840871035516338,0.006840871035516338,0.006840871035516338
0.497484,24,1,balanced_2500_0_2500_12000,balanced_2500_0_2500_12000,24,0.006864025329265555,0.006864025329265555,0.006864025329265555
0.497485,24,1,balanced_2500_0_2500_12000,balanced_2500_0_2500_12000,24,0.006887179623016104,0.006887179623016104,0.006887179623016104
0.497486,24,1,balanced_2500_0_2500_12000,balanced_2500_0_2500_12000,24,0.006910333916765321,0.006910333916765321,0.006910333916765321
0.497487,24,1,balanced_2500_0_2500_12000,balanced_2500_0_2500_12000,24,0.006933488210516092,0.006933488210516092,0.006933488210516092
0.497488,24,1,balanced_2500_0_2500_12000,balanced_2500_0_2500_12000,24,0.006956642504265753,0.006956642504265753,0.006956642504265753
0.497489,24,1,balanced_2500_0_2500_12000,balanced_2500_0_2500_12000,24,0.006979796798016524,0.006979796798016524,0.006979796798016524
0.497490,24,1,balanced_2500_0_2500_12000,balanced_2500_0_2500_12000,24,0.007002951091765741,0.007002951091765741,0.007002951091765741
0.497491,24,1,balanced_2500_0_2500_12000,balanced_2500_0_2500_12000,24,0.00702610538551629,0.00702610538551629,0.00702610538551629
0.497492,24,1,balanced_2500_0_2500_12000,balanced_2500_0_2500_12000,24,0.007049259679265729,0.007049259679265729,0.007049259679265729
0.497493,24,1,balanced_2500_0_2500_12000,balanced_2500_0_2500_12000,24,0.007072413973016278,0.007072413973016278,0.007072413973016278
0.497494,24,1,balanced_2500_0_2500_12000,balanced_2500_0_2500_12000,24,0.007095568266765717,0.007095568266765717,0.007095568266765717
0.497495,24,1,balanced_2500_0_2500_12000,balanced_2500_0_2500_12000,24,0.007118722560516488,0.007118722560516488,0.007118722560516488
0.497496,24,1,balanced_2500_0_2500_12000,balanced_2500_0_2500_12000,24,0.007141876854265705,0.007141876854265705,0.007141876854265705
0.497497,24,1,balanced_2500_0_2500_12000,balanced_2500_0_2500_12000,24,0.007165031148016698,0.007165031148016698,0.007165031148016698
0.497498,24,1,balanced_2500_0_2500_12000,balanced_2500_0_2500_12000,24,0.007188185441765693,0.007188185441765693,0.007188185441765693
0.497499,24,1,balanced_2500_0_2500_12000,balanced_2500_0_2500_12000,24,0.007211339735515132,0.007211339735515132,0.007211339735515132
0.497500,24,1,balanced_2500_0_2500_12000,balanced_2500_0_2500_12000,24,0.007234494029265681,0.007234494029265681,0.007234494029265681
0.497501,24,1,balanced_2500_0_2500_12000,balanced_2500_0_2500_12000,24,0.00725764832301512,0.00725764832301512,0.00725764832301512
0.497502,24,1,balanced_2500_0_2500_12000,balanced_2500_0_2500_12000,24,0.007280802616765891,0.007280802616765891,0.007280802616765891
0.497503,24,1,balanced_2500_0_2500_12000,balanced_2500_0_2500_12000,24,0.00730395691051533,0.00730395691051533,0.00730395691051533
0.497504,24,1,balanced_2500_0_2500_12000,balanced_2500_0_2500_12000,24,0.007327111204265879,0.007327111204265879,0.007327111204265879
0.497505,24,1,balanced_2500_0_2500_12000,balanced_2500_0_2500_12000,24,0.00735026549801554,0.00735026549801554,0.00735026549801554
0.497506,24,1,balanced_2500_0_2500_12000,balanced_2500_0_2500_12000,24,0.007373419791766089,0.007373419791766089,0.007373419791766089
0.497507,24,1,balanced_2500_0_2500_12000,balanced_2500_0_2500_12000,24,0.007396574085515084,0.007396574085515084,0.007396574085515084
0.497508,24,1,balanced_2500_0_2500_12000,balanced_2500_0_2500_12000,24,0.007419728379265855,0.007419728379265855,0.007419728379265855
0.497509,24,1,balanced_2500_0_2500_12000,balanced_2500_0_2500_12000,24,0.007442882673015294,0.007442882673015294,0.007442882673015294
0.497510,24,1,balanced_2500_0_2500_12000,balanced_2500_0_2500_12000,24,0.007466036966766287,0.007466036966766287,0.007466036966766287
0.497511,24,1,balanced_2500_0_2500_12000,balanced_2500_0_2500_12000,24,0.007489191260515282,0.007489191260515282,0.007489191260515282
0.497512,24,1,balanced_2500_0_2500_12000,balanced_2500_0_2500_12000,24,0.007512345554266275,0.007512345554266275,0.007512345554266275
0.497513,24,1,balanced_2500_0_2500_12000,balanced_2500_0_2500_12000,24,0.007535499848015492,0.007535499848015492,0.007535499848015492
0.497514,24,1,balanced_2500_0_2500_12000,balanced_2500_0_2500_12000,24,0.007558654141766263,0.007558654141766263,0.007558654141766263
0.497515,24,1,balanced_2500_0_2500_12000,balanced_2500_0_2500_12000,24,0.00758180843551548,0.00758180843551548,0.00758180843551548
0.497516,24,1,balanced_2500_0_2500_12000,balanced_2500_0_2500_12000,24,0.007604962729266251,0.007604962729266251,0.007604962729266251
0.497517,24,1,balanced_2500_0_2500_12000,balanced_2500_0_2500_12000,24,0.007628117023015468,0.007628117023015468,0.007628117023015468
0.497518,24,1,balanced_2500_0_2500_12000,balanced_2500_0_2500_12000,24,0.007651271316766017,0.007651271316766017,0.007651271316766017
0.497519,24,1,balanced_2500_0_2500_12000,balanced_2500_0_2500_12000,24,0.007674425610515678,0.007674425610515678,0.007674425610515678
0.497520,24,1,balanced_2500_0_2500_12000,balanced_2500_0_2500_12000,24,0.007697579904266227,0.007697579904266227,0.007697579904266227
0.497521,24,1,balanced_2500_0_2500_12000,balanced_2500_0_2500_12000,24,0.007720734198015666,0.007720734198015666,0.007720734198015666
0.497522,24,1,balanced_2500_0_2500_12000,balanced_2500_0_2500_12000,24,0.0077438884917664375,0.0077438884917664375,0.0077438884917664375
0.497523,24,1,balanced_2500_0_2500_12000,balanced_2500_0_2500_12000,24,0.007767042785515432,0.007767042785515432,0.007767042785515432
0.497524,24,1,balanced_2500_0_2500_12000,balanced_2500_0_2500_12000,24,0.007790197079266203,0.007790197079266203,0.007790197079266203
0.497525,24,1,balanced_2500_0_2500_12000,balanced_2500_0_2500_12000,24,0.007813351373015642,0.007813351373015642,0.007813351373015642
0.497526,24,1,balanced_2500_0_2500_12000,balanced_2500_0_2500_12000,24,0.007836505666766191,0.007836505666766191,0.007836505666766191
0.497527,24,1,balanced_2500_0_2500_12000,balanced_2500_0_2500_12000,24,0.00785965996051563,0.00785965996051563,0.00785965996051563
0.497528,24,1,balanced_2500_0_2500_12000,balanced_2500_0_2500_12000,24,0.00788281425426507,0.00788281425426507,0.00788281425426507
0.497529,24,1,balanced_2500_0_2500_12000,balanced_2500_0_2500_12000,24,0.00790596854801584,0.00790596854801584,0.00790596854801584
0.497530,24,1,balanced_2500_0_2500_12000,balanced_2500_0_2500_12000,24,0.00792912284176528,0.00792912284176528,0.00792912284176528
0.497531,24,1,balanced_2500_0_2500_12000,balanced_2500_0_2500_12000,24,0.007952277135515828,0.007952277135515828,0.007952277135515828
0.497532,24,1,balanced_2500_0_2500_12000,balanced_2500_0_2500_12000,24,0.007975431429265267,0.007975431429265267,0.007975431429265267
0.497533,24,1,balanced_2500_0_2500_12000,balanced_2500_0_2500_12000,24,0.007998585723015816,0.007998585723015816,0.007998585723015816
0.497534,24,1,balanced_2500_0_2500_12000,balanced_2500_0_2500_12000,24,0.008021740016765255,0.008021740016765255,0.008021740016765255
0.497535,24,1,balanced_2500_0_2500_12000,balanced_2500_0_2500_12000,24,0.008044894310516026,0.008044894310516026,0.008044894310516026
0.497536,24,1,balanced_2500_0_2500_12000,balanced_2500_0_2500_12000,24,0.008068048604265243,0.008068048604265243,0.008068048604265243
0.497537,24,1,balanced_2500_0_2500_12000,balanced_2500_0_2500_12000,24,0.008091202898016014,0.008091202898016014,0.008091202898016014
0.497538,24,1,balanced_2500_0_2500_12000,balanced_2500_0_2500_12000,24,0.008114357191765231,0.008114357191765231,0.008114357191765231
0.497539,24,1,balanced_2500_0_2500_12000,balanced_2500_0_2500_12000,24,0.008137511485515558,0.008137511485515558,0.008137511485515558
0.497540,24,1,balanced_2500_0_2500_12000,balanced_2500_0_2500_12000,24,0.008160665779265441,0.008160665779265441,0.008160665779265441
0.497541,24,1,balanced_2500_0_2500_12000,balanced_2500_0_2500_12000,24,0.00818382007301599,0.00818382007301599,0.00818382007301599
0.497542,24,1,balanced_2500_0_2500_12000,balanced_2500_0_2500_12000,24,0.008206974366765207,0.008206974366765207,0.008206974366765207
0.497543,24,1,balanced_2500_0_2500_12000,balanced_2500_0_2500_12000,24,0.008230128660515978,0.008230128660515978,0.008230128660515978
0.497544,24,1,balanced_2500_0_2500_12000,balanced_2500_0_2500_12000,24,0.008253282954265195,0.008253282954265195,0.008253282954265195
0.497545,24,1,balanced_2500_0_2500_12000,balanced_2500_0_2500_12000,24,0.008276437248016189,0.008276437248016189,0.008276437248016189
0.497546,24,1,balanced_2500_0_2500_12000,balanced_2500_0_2500_12000,24,0.008299591541765405,0.008299591541765405,0.008299591541765405
0.497547,24,1,balanced_2500_0_2500_12000,balanced_2500_0_2500_12000,24,0.008322745835515954,0.008322745835515954,0.008322745835515954
0.497548,24,1,balanced_2500_0_2500_12000,balanced_2500_0_2500_12000,24,0.008345900129265171,0.008345900129265171,0.008345900129265171
0.497549,24,1,balanced_2500_0_2500_12000,balanced_2500_0_2500_12000,24,0.008369054423016165,0.008369054423016165,0.008369054423016165
0.497550,24,1,balanced_2500_0_2500_12000,balanced_2500_0_2500_12000,24,0.008392208716765381,0.008392208716765381,0.008392208716765381
0.497551,24,1,balanced_2500_0_2500_12000,balanced_2500_0_2500_12000,24,0.008415363010516375,0.008415363010516375,0.008415363010516375
0.497552,24,1,balanced_2500_0_2500_12000,balanced_2500_0_2500_12000,24,0.00843851730426537,0.00843851730426537,0.00843851730426537
0.497553,24,1,balanced_2500_0_2500_12000,balanced_2500_0_2500_12000,24,0.008461671598016363,0.008461671598016363,0.008461671598016363
0.497554,24,1,balanced_2500_0_2500_12000,balanced_2500_0_2500_12000,24,0.00848482589176558,0.00848482589176558,0.00848482589176558
0.497555,24,1,balanced_2500_0_2500_12000,balanced_2500_0_2500_12000,24,0.008507980185514574,0.008507980185514574,0.008507980185514574
0.497556,24,1,balanced_2500_0_2500_12000,balanced_2500_0_2500_12000,24,0.008531134479265345,0.008531134479265345,0.008531134479265345
0.497557,24,1,balanced_2500_0_2500_12000,balanced_2500_0_2500_12000,24,0.008554288773014784,0.008554288773014784,0.008554288773014784
0.497558,24,1,balanced_2500_0_2500_12000,balanced_2500_0_2500_12000,24,0.008577443066765778,0.008577443066765778,0.008577443066765778
0.497559,24,1,balanced_2500_0_2500_12000,balanced_2500_0_2500_12000,24,0.008600597360515216,0.008600597360515216,0.008600597360515216
0.497560,24,1,balanced_2500_0_2500_12000,balanced_2500_0_2500_12000,24,0.008623751654265766,0.008623751654265766,0.008623751654265766
0.497561,24,1,balanced_2500_0_2500_12000,balanced_2500_0_2500_12000,24,0.00864690594801476,0.00864690594801476,0.00864690594801476
0.497562,24,1,balanced_2500_0_2500_12000,balanced_2500_0_2500_12000,24,0.008670060241765531,0.008670060241765531,0.008670060241765531
0.497563,24,1,balanced_2500_0_2500_12000,balanced_2500_0_2500_12000,24,0.00869321453551497,0.00869321453551497,0.00869321453551497
0.497564,24,1,balanced_2500_0_2500_12000,balanced_2500_0_2500_12000,24,0.008716368829265964,0.008716368829265964,0.008716368829265964
0.497565,24,1,balanced_2500_0_2500_12000,balanced_2500_0_2500_12000,24,0.008739523123014958,0.008739523123014958,0.008739523123014958
0.497566,24,1,balanced_2500_0_2500_12000,balanced_2500_0_2500_12000,24,0.008762677416765507,0.008762677416765507,0.008762677416765507
0.497567,24,1,balanced_2500_0_2500_12000,balanced_2500_0_2500_12000,24,0.008785831710515168,0.008785831710515168,0.008785831710515168
0.497568,24,1,balanced_2500_0_2500_12000,balanced_2500_0_2500_12000,24,0.00877502265684349,0.00877502265684349,0.00877502265684349
0.497569,24,1,balanced_2500_0_2500_12000,balanced_2500_0_2500_12000,24,0.008751868363093607,0.008751868363093607,0.008751868363093607
0.497570,24,1,balanced_2500_0_2500_12000,balanced_2500_0_2500_12000,24,0.00872871406934328,0.00872871406934328,0.00872871406934328
0.497571,24,1,balanced_2500_0_2500_12000,balanced_2500_0_2500_12000,24,0.008705559775594285,0.008705559775594285,0.008705559775594285
0.497572,24,1,balanced_2500_0_2500_12000,balanced_2500_0_2500_12000,24,0.008682405481843514,0.008682405481843514,0.008682405481843514
0.497573,24,1,balanced_2500_0_2500_12000,balanced_2500_0_2500_12000,24,0.00865925118809363,0.00865925118809363,0.00865925118809363
0.497574,24,1,balanced_2500_0_2500_12000,balanced_2500_0_2500_12000,24,0.008636096894343304,0.008636096894343304,0.008636096894343304
0.497575,24,1,balanced_2500_0_2500_12000,balanced_2500_0_2500_12000,24,0.008612942600593865,0.008612942600593865,0.008612942600593865
0.497576,24,1,balanced_2500_0_2500_12000,balanced_2500_0_2500_12000,24,0.008589788306843094,0.008589788306843094,0.008589788306843094
0.497577,24,1,balanced_2500_0_2500_12000,balanced_2500_0_2500_12000,24,0.008566634013093655,0.008566634013093655,0.008566634013093655
0.497578,24,1,balanced_2500_0_2500_12000,balanced_2500_0_2500_12000,24,0.008543479719343328,0.008543479719343328,0.008543479719343328
0.497579,24,1,balanced_2500_0_2500_12000,balanced_2500_0_2500_12000,24,0.008520325425593889,0.008520325425593889,0.008520325425593889
0.497580,24,1,balanced_2500_0_2500_12000,balanced_2500_0_2500_12000,24,0.008497171131843118,0.008497171131843118,0.008497171131843118
0.497581,24,1,balanced_2500_0_2500_12000,balanced_2500_0_2500_12000,24,0.008474016838093679,0.008474016838093679,0.008474016838093679
0.497582,24,1,balanced_2500_0_2500_12000,balanced_2500_0_2500_12000,24,0.00845086254434424,0.00845086254434424,0.00845086254434424
0.497583,24,1,balanced_2500_0_2500_12000,balanced_2500_0_2500_12000,24,0.008427708250593913,0.008427708250593913,0.008427708250593913
0.497584,24,1,balanced_2500_0_2500_12000,balanced_2500_0_2500_12000,24,0.008404553956844474,0.008404553956844474,0.008404553956844474
0.497585,24,1,balanced_2500_0_2500_12000,balanced_2500_0_2500_12000,24,0.008381399663093703,0.008381399663093703,0.008381399663093703
0.497586,24,1,balanced_2500_0_2500_12000,balanced_2500_0_2500_12000,24,0.008358245369344264,0.008358245369344264,0.008358245369344264
0.497587,24,1,balanced_2500_0_2500_12000,balanced_2500_0_2500_12000,24,0.008335091075593493,0.008335091075593493,0.008335091075593493
0.497588,24,1,balanced_2500_0_2500_12000,balanced_2500_0_2500_12000,24,0.008311936781844498,0.008311936781844498,0.008311936781844498
0.497589,24,1,balanced_2500_0_2500_12000,balanced_2500_0_2500_12000,24,0.008288782488093727,0.008288782488093727,0.008288782488093727
0.497590,24,1,balanced_2500_0_2500_12000,balanced_2500_0_2500_12000,24,0.008265628194344732,0.008265628194344732,0.008265628194344732
0.497591,24,1,balanced_2500_0_2500_12000,balanced_2500_0_2500_12000,24,0.008242473900593517,0.008242473900593517,0.008242473900593517
0.497592,24,1,balanced_2500_0_2500_12000,balanced_2500_0_2500_12000,24,0.008219319606844078,0.008219319606844078,0.008219319606844078
0.497593,24,1,balanced_2500_0_2500_12000,balanced_2500_0_2500_12000,24,0.008196165313093307,0.008196165313093307,0.008196165313093307
0.497594,24,1,balanced_2500_0_2500_12000,balanced_2500_0_2500_12000,24,0.008173011019344312,0.008173011019344312,0.008173011019344312
0.497595,24,1,balanced_2500_0_2500_12000,balanced_2500_0_2500_12000,24,0.008149856725593985,0.008149856725593985,0.008149856725593985
0.497596,24,1,balanced_2500_0_2500_12000,balanced_2500_0_2500_12000,24,0.008126702431844102,0.008126702431844102,0.008126702431844102
0.497597,24,1,balanced_2500_0_2500_12000,balanced_2500_0_2500_12000,24,0.008103548138093775,0.008103548138093775,0.008103548138093775
0.497598,24,1,balanced_2500_0_2500_12000,balanced_2500_0_2500_12000,24,0.008080393844343892,0.008080393844343892,0.008080393844343892
0.497599,24,1,balanced_2500_0_2500_12000,balanced_2500_0_2500_12000,24,0.008057239550593565,0.008057239550593565,0.008057239550593565
0.497600,24,1,balanced_2500_0_2500_12000,balanced_2500_0_2500_12000,24,0.008034085256844126,0.008034085256844126,0.008034085256844126
0.497601,24,1,balanced_2500_0_2500_12000,balanced_2500_0_2500_12000,24,0.008010930963093799,0.008010930963093799,0.008010930963093799
0.497602,24,1,balanced_2500_0_2500_12000,balanced_2500_0_2500_12000,24,0.00798777666934436,0.00798777666934436,0.00798777666934436
0.497603,24,1,balanced_2500_0_2500_12000,balanced_2500_0_2500_12000,24,0.007964622375593589,0.007964622375593589,0.007964622375593589
0.497604,24,1,balanced_2500_0_2500_12000,balanced_2500_0_2500_12000,24,0.007941468081844594,0.007941468081844594,0.007941468081844594
0.497605,24,1,balanced_2500_0_2500_12000,balanced_2500_0_2500_12000,24,0.007918313788093823,0.007918313788093823,0.007918313788093823
0.497606,24,1,balanced_2500_0_2500_12000,balanced_2500_0_2500_12000,24,0.007895159494344384,0.007895159494344384,0.007895159494344384
0.497607,24,1,balanced_2500_0_2500_12000,balanced_2500_0_2500_12000,24,0.007872005200593613,0.007872005200593613,0.007872005200593613
0.497608,24,1,balanced_2500_0_2500_12000,balanced_2500_0_2500_12000,24,0.007848850906844618,0.007848850906844618,0.007848850906844618
0.497609,24,1,balanced_2500_0_2500_12000,balanced_2500_0_2500_12000,24,0.007825696613093402,0.007825696613093402,0.007825696613093402
0.497610,24,1,balanced_2500_0_2500_12000,balanced_2500_0_2500_12000,24,0.007802542319343964,0.007802542319343964,0.007802542319343964
0.497611,24,1,balanced_2500_0_2500_12000,balanced_2500_0_2500_12000,24,0.007779388025594525,0.007779388025594525,0.007779388025594525
0.497612,24,1,balanced_2500_0_2500_12000,balanced_2500_0_2500_12000,24,0.007756233731844198,0.007756233731844198,0.007756233731844198
0.497613,24,1,balanced_2500_0_2500_12000,balanced_2500_0_2500_12000,24,0.007733079438094759,0.007733079438094759,0.007733079438094759
0.497614,24,1,balanced_2500_0_2500_12000,balanced_2500_0_2500_12000,24,0.007709925144344432,0.007709925144344432,0.007709925144344432
0.497615,24,1,balanced_2500_0_2500_12000,balanced_2500_0_2500_12000,24,0.007686770850594993,0.007686770850594993,0.007686770850594993
0.497616,24,1,balanced_2500_0_2500_12000,balanced_2500_0_2500_12000,24,0.0076636165568437775,0.0076636165568437775,0.0076636165568437775
0.497617,24,1,balanced_2500_0_2500_12000,balanced_2500_0_2500_12000,24,0.007640462263094339,0.007640462263094339,0.007640462263094339
0.497618,24,1,balanced_2500_0_2500_12000,balanced_2500_0_2500_12000,24,0.0076173079693440116,0.0076173079693440116,0.0076173079693440116
0.497619,24,1,balanced_2500_0_2500_12000,balanced_2500_0_2500_12000,24,0.007594153675595017,0.007594153675595017,0.007594153675595017
0.497620,24,1,balanced_2500_0_2500_12000,balanced_2500_0_2500_12000,24,0.007570999381844246,0.007570999381844246,0.007570999381844246
0.497621,24,1,balanced_2500_0_2500_12000,balanced_2500_0_2500_12000,24,0.007547845088094807,0.007547845088094807,0.007547845088094807
0.497622,24,1,balanced_2500_0_2500_12000,balanced_2500_0_2500_12000,24,0.007524690794344258,0.007524690794344258,0.007524690794344258
0.497623,24,1,balanced_2500_0_2500_12000,balanced_2500_0_2500_12000,24,0.007501536500594597,0.007501536500594597,0.007501536500594597
0.497624,24,1,balanced_2500_0_2500_12000,balanced_2500_0_2500_12000,24,0.0074783822068440475,0.0074783822068440475,0.0074783822068440475
0.497625,24,1,balanced_2500_0_2500_12000,balanced_2500_0_2500_12000,24,0.007455227913094387,0.007455227913094387,0.007455227913094387
0.497626,24,1,balanced_2500_0_2500_12000,balanced_2500_0_2500_12000,24,0.0074320736193440595,0.0074320736193440595,0.0074320736193440595
0.497627,24,1,balanced_2500_0_2500_12000,balanced_2500_0_2500_12000,24,0.007408919325594621,0.007408919325594621,0.007408919325594621
0.497628,24,1,balanced_2500_0_2500_12000,balanced_2500_0_2500_12000,24,0.0073857650318438495,0.0073857650318438495,0.0073857650318438495
0.497629,24,1,balanced_2500_0_2500_12000,balanced_2500_0_2500_12000,24,0.007362610738094855,0.007362610738094855,0.007362610738094855
0.497630,24,1,balanced_2500_0_2500_12000,balanced_2500_0_2500_12000,24,0.0073394564443440835,0.0073394564443440835,0.0073394564443440835
0.497631,24,1,balanced_2500_0_2500_12000,balanced_2500_0_2500_12000,24,0.007316302150594423,0.007316302150594423,0.007316302150594423
0.497632,24,1,balanced_2500_0_2500_12000,balanced_2500_0_2500_12000,24,0.0072931478568438735,0.0072931478568438735,0.0072931478568438735
0.497633,24,1,balanced_2500_0_2500_12000,balanced_2500_0_2500_12000,24,0.0072699935630944346,0.0072699935630944346,0.0072699935630944346
0.497634,24,1,balanced_2500_0_2500_12000,balanced_2500_0_2500_12000,24,0.007246839269343663,0.007246839269343663,0.007246839269343663
0.497635,24,1,balanced_2500_0_2500_12000,balanced_2500_0_2500_12000,24,0.007223684975594669,0.007223684975594669,0.007223684975594669
0.497636,24,1,balanced_2500_0_2500_12000,balanced_2500_0_2500_12000,24,0.0072005306818441195,0.0072005306818441195,0.0072005306818441195
0.497637,24,1,balanced_2500_0_2500_12000,balanced_2500_0_2500_12000,24,0.007177376388094681,0.007177376388094681,0.007177376388094681
0.497638,24,1,balanced_2500_0_2500_12000,balanced_2500_0_2500_12000,24,0.007154222094345464,0.007154222094345464,0.007154222094345464
0.497639,24,1,balanced_2500_0_2500_12000,balanced_2500_0_2500_12000,24,0.007131067800594693,0.007131067800594693,0.007131067800594693
0.497640,24,1,balanced_2500_0_2500_12000,balanced_2500_0_2500_12000,24,0.007107913506845254,0.007107913506845254,0.007107913506845254
0.497641,24,1,balanced_2500_0_2500_12000,balanced_2500_0_2500_12000,24,0.0070847592130944825,0.0070847592130944825,0.0070847592130944825
0.497642,24,1,balanced_2500_0_2500_12000,balanced_2500_0_2500_12000,24,0.007061604919345044,0.007061604919345044,0.007061604919345044
0.497643,24,1,balanced_2500_0_2500_12000,balanced_2500_0_2500_12000,24,0.007038450625594717,0.007038450625594717,0.007038450625594717
0.497644,24,1,balanced_2500_0_2500_12000,balanced_2500_0_2500_12000,24,0.007015296331845278,0.007015296331845278,0.007015296331845278
0.497645,24,1,balanced_2500_0_2500_12000,balanced_2500_0_2500_12000,24,0.006992142038094062,0.006992142038094062,0.006992142038094062
0.497646,24,1,balanced_2500_0_2500_12000,balanced_2500_0_2500_12000,24,0.006968987744345068,0.006968987744345068,0.006968987744345068
0.497647,24,1,balanced_2500_0_2500_12000,balanced_2500_0_2500_12000,24,0.0069458334505945185,0.0069458334505945185,0.0069458334505945185
0.497648,24,1,balanced_2500_0_2500_12000,balanced_2500_0_2500_12000,24,0.006922679156844858,0.006922679156844858,0.006922679156844858
0.497649,24,1,balanced_2500_0_2500_12000,balanced_2500_0_2500_12000,24,0.0068995248630945305,0.0068995248630945305,0.0068995248630945305
0.497650,24,1,balanced_2500_0_2500_12000,balanced_2500_0_2500_12000,24,0.006876370569345092,0.006876370569345092,0.006876370569345092
0.497651,24,1,balanced_2500_0_2500_12000,balanced_2500_0_2500_12000,24,0.0068532162755945425,0.0068532162755945425,0.0068532162755945425
0.497652,24,1,balanced_2500_0_2500_12000,balanced_2500_0_2500_12000,24,0.006830061981845104,0.006830061981845104,0.006830061981845104
0.497653,24,1,balanced_2500_0_2500_12000,balanced_2500_0_2500_12000,24,0.0068069076880943324,0.0068069076880943324,0.0068069076880943324
0.497654,24,1,balanced_2500_0_2500_12000,balanced_2500_0_2500_12000,24,0.006783753394345116,0.006783753394345116,0.006783753394345116
0.497655,24,1,balanced_2500_0_2500_12000,balanced_2500_0_2500_12000,24,0.0067605991005943444,0.0067605991005943444,0.0067605991005943444
0.497656,24,1,balanced_2500_0_2500_12000,balanced_2500_0_2500_12000,24,0.0067374448068449055,0.0067374448068449055,0.0067374448068449055
0.497657,24,1,balanced_2500_0_2500_12000,balanced_2500_0_2500_12000,24,0.0067142905130945785,0.0067142905130945785,0.0067142905130945785
0.497658,24,1,balanced_2500_0_2500_12000,balanced_2500_0_2500_12000,24,0.0066911362193449175,0.0066911362193449175,0.0066911362193449175
0.497659,24,1,balanced_2500_0_2500_12000,balanced_2500_0_2500_12000,24,0.006667981925594368,0.006667981925594368,0.006667981925594368
0.497660,24,1,balanced_2500_0_2500_12000,balanced_2500_0_2500_12000,24,0.0066448276318449295,0.0066448276318449295,0.0066448276318449295
0.497661,24,1,balanced_2500_0_2500_12000,balanced_2500_0_2500_12000,24,0.006621673338094158,0.006621673338094158,0.006621673338094158
0.497662,24,1,balanced_2500_0_2500_12000,balanced_2500_0_2500_12000,24,0.0065985190443449415,0.0065985190443449415,0.0065985190443449415
0.497663,24,1,balanced_2500_0_2500_12000,balanced_2500_0_2500_12000,24,0.006575364750594392,0.006575364750594392,0.006575364750594392
0.497664,24,1,balanced_2500_0_2500_12000,balanced_2500_0_2500_12000,24,0.0065522104568447315,0.0065522104568447315,0.0065522104568447315
0.497665,24,1,balanced_2500_0_2500_12000,balanced_2500_0_2500_12000,24,0.006529056163094182,0.006529056163094182,0.006529056163094182
0.497666,24,1,balanced_2500_0_2500_12000,balanced_2500_0_2500_12000,24,0.0065059018693449655,0.0065059018693449655,0.0065059018693449655
0.497667,24,1,balanced_2500_0_2500_12000,balanced_2500_0_2500_12000,24,0.006482747575595527,0.006482747575595527,0.006482747575595527
0.497668,24,1,balanced_2500_0_2500_12000,balanced_2500_0_2500_12000,24,0.0064595932818447555,0.0064595932818447555,0.0064595932818447555
0.497669,24,1,balanced_2500_0_2500_12000,balanced_2500_0_2500_12000,24,0.006436438988095539,0.006436438988095539,0.006436438988095539
0.497670,24,1,balanced_2500_0_2500_12000,balanced_2500_0_2500_12000,24,0.0064132846943447674,0.0064132846943447674,0.0064132846943447674
0.497671,24,1,balanced_2500_0_2500_12000,balanced_2500_0_2500_12000,24,0.006390130400595551,0.006390130400595551,0.006390130400595551
0.497672,24,1,balanced_2500_0_2500_12000,balanced_2500_0_2500_12000,24,0.0063669761068450015,0.0063669761068450015,0.0063669761068450015
0.497673,24,1,balanced_2500_0_2500_12000,balanced_2500_0_2500_12000,24,0.006343821813095563,0.006343821813095563,0.006343821813095563
0.497674,24,1,balanced_2500_0_2500_12000,balanced_2500_0_2500_12000,24,0.006320667519344791,0.006320667519344791,0.006320667519344791
0.497675,24,1,balanced_2500_0_2500_12000,balanced_2500_0_2500_12000,24,0.006297513225595797,0.006297513225595797,0.006297513225595797
0.497676,24,1,balanced_2500_0_2500_12000,balanced_2500_0_2500_12000,24,0.006274358931844803,0.006274358931844803,0.006274358931844803
0.497677,24,1,balanced_2500_0_2500_12000,balanced_2500_0_2500_12000,24,0.0062512046380951425,0.0062512046380951425,0.0062512046380951425
0.497678,24,1,balanced_2500_0_2500_12000,balanced_2500_0_2500_12000,24,0.006228050344344815,0.006228050344344815,0.006228050344344815
0.497679,24,1,balanced_2500_0_2500_12000,balanced_2500_0_2500_12000,24,0.006204896050595599,0.006204896050595599,0.006204896050595599
0.497680,24,1,balanced_2500_0_2500_12000,balanced_2500_0_2500_12000,24,0.0061817417568450495,0.0061817417568450495,0.0061817417568450495
0.497681,24,1,balanced_2500_0_2500_12000,balanced_2500_0_2500_12000,24,0.0061585874630953885,0.0061585874630953885,0.0061585874630953885
0.497682,24,1,balanced_2500_0_2500_12000,balanced_2500_0_2500_12000,24,0.006135433169344839,0.006135433169344839,0.006135433169344839
0.497683,24,1,balanced_2500_0_2500_12000,balanced_2500_0_2500_12000,24,0.0061122788755954005,0.0061122788755954005,0.0061122788755954005
0.497684,24,1,balanced_2500_0_2500_12000,balanced_2500_0_2500_12000,24,0.0060891245818450734,0.0060891245818450734,0.0060891245818450734
0.497685,24,1,balanced_2500_0_2500_12000,balanced_2500_0_2500_12000,24,0.0060659702880954125,0.0060659702880954125,0.0060659702880954125
0.497686,24,1,balanced_2500_0_2500_12000,balanced_2500_0_2500_12000,24,0.006042815994344863,0.006042815994344863,0.006042815994344863
0.497687,24,1,balanced_2500_0_2500_12000,balanced_2500_0_2500_12000,24,0.0060196617005954245,0.0060196617005954245,0.0060196617005954245
0.497688,24,1,balanced_2500_0_2500_12000,balanced_2500_0_2500_12000,24,0.005996507406844653,0.005996507406844653,0.005996507406844653
0.497689,24,1,balanced_2500_0_2500_12000,balanced_2500_0_2500_12000,24,0.0059733531130954365,0.0059733531130954365,0.0059733531130954365
0.497690,24,1,balanced_2500_0_2500_12000,balanced_2500_0_2500_12000,24,0.005950198819344665,0.005950198819344665,0.005950198819344665
0.497691,24,1,balanced_2500_0_2500_12000,balanced_2500_0_2500_12000,24,0.0059270445255954485,0.0059270445255954485,0.0059270445255954485
0.497692,24,1,balanced_2500_0_2500_12000,balanced_2500_0_2500_12000,24,0.005903890231844677,0.005903890231844677,0.005903890231844677
0.497693,24,1,balanced_2500_0_2500_12000,balanced_2500_0_2500_12000,24,0.0058807359380954605,0.0058807359380954605,0.0058807359380954605
0.497694,24,1,balanced_2500_0_2500_12000,balanced_2500_0_2500_12000,24,0.005857581644346022,0.005857581644346022,0.005857581644346022
0.497695,24,1,balanced_2500_0_2500_12000,balanced_2500_0_2500_12000,24,0.00583442735059525,0.00583442735059525,0.00583442735059525
0.497696,24,1,balanced_2500_0_2500_12000,balanced_2500_0_2500_12000,24,0.0058112730568458115,0.0058112730568458115,0.0058112730568458115
0.497697,24,1,balanced_2500_0_2500_12000,balanced_2500_0_2500_12000,24,0.005788118763095262,0.005788118763095262,0.005788118763095262
0.497698,24,1,balanced_2500_0_2500_12000,balanced_2500_0_2500_12000,24,0.005764964469346268,0.005764964469346268,0.005764964469346268
0.497699,24,1,balanced_2500_0_2500_12000,balanced_2500_0_2500_12000,24,0.0057418101755954964,0.0057418101755954964,0.0057418101755954964
0.497700,24,1,balanced_2500_0_2500_12000,balanced_2500_0_2500_12000,24,0.0057186558818458355,0.0057186558818458355,0.0057186558818458355
0.497701,24,1,balanced_2500_0_2500_12000,balanced_2500_0_2500_12000,24,0.005695501588095286,0.005695501588095286,0.005695501588095286
0.497702,24,1,balanced_2500_0_2500_12000,balanced_2500_0_2500_12000,24,0.0056723472943458475,0.0056723472943458475,0.0056723472943458475
0.497703,24,1,balanced_2500_0_2500_12000,balanced_2500_0_2500_12000,24,0.00564919300059552,0.00564919300059552,0.00564919300059552
0.497704,24,1,balanced_2500_0_2500_12000,balanced_2500_0_2500_12000,24,0.0056260387068460815,0.0056260387068460815,0.0056260387068460815
0.497705,24,1,balanced_2500_0_2500_12000,balanced_2500_0_2500_12000,24,0.005602884413095088,0.005602884413095088,0.005602884413095088
0.497706,24,1,balanced_2500_0_2500_12000,balanced_2500_0_2500_12000,24,0.0055797301193458715,0.0055797301193458715,0.0055797301193458715
0.497707,24,1,balanced_2500_0_2500_12000,balanced_2500_0_2500_12000,24,0.005556575825595322,0.005556575825595322,0.005556575825595322
0.497708,24,1,balanced_2500_0_2500_12000,balanced_2500_0_2500_12000,24,0.0055334215318456614,0.0055334215318456614,0.0055334215318456614
0.497709,24,1,balanced_2500_0_2500_12000,balanced_2500_0_2500_12000,24,0.005510267238095334,0.005510267238095334,0.005510267238095334
0.497710,24,1,balanced_2500_0_2500_12000,balanced_2500_0_2500_12000,24,0.0054871129443458955,0.0054871129443458955,0.0054871129443458955
0.497711,24,1,balanced_2500_0_2500_12000,balanced_2500_0_2500_12000,24,0.005463958650595124,0.005463958650595124,0.005463958650595124
0.497712,24,1,balanced_2500_0_2500_12000,balanced_2500_0_2500_12000,24,0.005440804356845685,0.005440804356845685,0.005440804356845685
0.497713,24,1,balanced_2500_0_2500_12000,balanced_2500_0_2500_12000,24,0.005417650063095136,0.005417650063095136,0.005417650063095136
0.497714,24,1,balanced_2500_0_2500_12000,balanced_2500_0_2500_12000,24,0.0053944957693459195,0.0053944957693459195,0.0053944957693459195
0.497715,24,1,balanced_2500_0_2500_12000,balanced_2500_0_2500_12000,24,0.00537134147559537,0.00537134147559537,0.00537134147559537
0.497716,24,1,balanced_2500_0_2500_12000,balanced_2500_0_2500_12000,24,0.005348187181845709,0.005348187181845709,0.005348187181845709
0.497717,24,1,balanced_2500_0_2500_12000,balanced_2500_0_2500_12000,24,0.00532503288809516,0.00532503288809516,0.00532503288809516
0.497718,24,1,balanced_2500_0_2500_12000,balanced_2500_0_2500_12000,24,0.005301878594345721,0.005301878594345721,0.005301878594345721
0.497719,24,1,balanced_2500_0_2500_12000,balanced_2500_0_2500_12000,24,0.005278724300595172,0.005278724300595172,0.005278724300595172
0.497720,24,1,balanced_2500_0_2500_12000,balanced_2500_0_2500_12000,24,0.005255570006845733,0.005255570006845733,0.005255570006845733
0.497721,24,1,balanced_2500_0_2500_12000,balanced_2500_0_2500_12000,24,0.0052324157130965165,0.0052324157130965165,0.0052324157130965165
0.497722,24,1,balanced_2500_0_2500_12000,balanced_2500_0_2500_12000,24,0.005209261419345523,0.005209261419345523,0.005209261419345523
0.497723,24,1,balanced_2500_0_2500_12000,balanced_2500_0_2500_12000,24,0.0051861071255965285,0.0051861071255965285,0.0051861071255965285
0.497724,24,1,balanced_2500_0_2500_12000,balanced_2500_0_2500_12000,24,0.005162952831845757,0.005162952831845757,0.005162952831845757
0.497725,24,1,balanced_2500_0_2500_12000,balanced_2500_0_2500_12000,24,0.0051397985380965405,0.0051397985380965405,0.0051397985380965405
0.497726,24,1,balanced_2500_0_2500_12000,balanced_2500_0_2500_12000,24,0.005116644244345769,0.005116644244345769,0.005116644244345769
0.497727,24,1,balanced_2500_0_2500_12000,balanced_2500_0_2500_12000,24,0.0050934899505963305,0.0050934899505963305,0.0050934899505963305
0.497728,24,1,balanced_2500_0_2500_12000,balanced_2500_0_2500_12000,24,0.005070335656845559,0.005070335656845559,0.005070335656845559
0.497729,24,1,balanced_2500_0_2500_12000,balanced_2500_0_2500_12000,24,0.0050471813630963425,0.0050471813630963425,0.0050471813630963425
0.497730,24,1,balanced_2500_0_2500_12000,balanced_2500_0_2500_12000,24,0.005024027069345571,0.005024027069345571,0.005024027069345571
0.497731,24,1,balanced_2500_0_2500_12000,balanced_2500_0_2500_12000,24,0.005000872775596132,0.005000872775596132,0.005000872775596132
0.497732,24,1,balanced_2500_0_2500_12000,balanced_2500_0_2500_12000,24,0.004977718481845805,0.004977718481845805,0.004977718481845805
0.497733,24,1,balanced_2500_0_2500_12000,balanced_2500_0_2500_12000,24,0.0049545641880963665,0.0049545641880963665,0.0049545641880963665
0.497734,24,1,balanced_2500_0_2500_12000,balanced_2500_0_2500_12000,24,0.004931409894346039,0.004931409894346039,0.004931409894346039
0.497735,24,1,balanced_2500_0_2500_12000,balanced_2500_0_2500_12000,24,0.0049082556005963784,0.0049082556005963784,0.0049082556005963784
0.497736,24,1,balanced_2500_0_2500_12000,balanced_2500_0_2500_12000,24,0.004885101306845607,0.004885101306845607,0.004885101306845607
0.497737,24,1,balanced_2500_0_2500_12000,balanced_2500_0_2500_12000,24,0.0048619470130963904,0.0048619470130963904,0.0048619470130963904
0.497738,24,1,balanced_2500_0_2500_12000,balanced_2500_0_2500_12000,24,0.004838792719345619,0.004838792719345619,0.004838792719345619
0.497739,24,1,balanced_2500_0_2500_12000,balanced_2500_0_2500_12000,24,0.004815638425595958,0.004815638425595958,0.004815638425595958
0.497740,24,1,balanced_2500_0_2500_12000,balanced_2500_0_2500_12000,24,0.004792484131845631,0.004792484131845631,0.004792484131845631
0.497741,24,1,balanced_2500_0_2500_12000,balanced_2500_0_2500_12000,24,0.00476932983809597,0.00476932983809597,0.00476932983809597
0.497742,24,1,balanced_2500_0_2500_12000,balanced_2500_0_2500_12000,24,0.004746175544345865,0.004746175544345865,0.004746175544345865
0.497743,24,1,balanced_2500_0_2500_12000,balanced_2500_0_2500_12000,24,0.004723021250596204,0.004723021250596204,0.004723021250596204
0.497744,24,1,balanced_2500_0_2500_12000,balanced_2500_0_2500_12000,24,0.004699866956845655,0.004699866956845655,0.004699866956845655
0.497745,24,1,balanced_2500_0_2500_12000,balanced_2500_0_2500_12000,24,0.004676712663095994,0.004676712663095994,0.004676712663095994
0.497746,24,1,balanced_2500_0_2500_12000,balanced_2500_0_2500_12000,24,0.004653558369345445,0.004653558369345445,0.004653558369345445
0.497747,24,1,balanced_2500_0_2500_12000,balanced_2500_0_2500_12000,24,0.004630404075596228,0.004630404075596228,0.004630404075596228
0.497748,24,1,balanced_2500_0_2500_12000,balanced_2500_0_2500_12000,24,0.004607249781845457,0.004607249781845457,0.004607249781845457
0.497749,24,1,balanced_2500_0_2500_12000,balanced_2500_0_2500_12000,24,0.00458409548809624,0.00458409548809624,0.00458409548809624
0.497750,24,1,balanced_2500_0_2500_12000,balanced_2500_0_2500_12000,24,0.0045609411943468015,0.0045609411943468015,0.0045609411943468015
0.497751,24,1,balanced_2500_0_2500_12000,balanced_2500_0_2500_12000,24,0.004537786900596252,0.004537786900596252,0.004537786900596252
0.497752,24,1,balanced_2500_0_2500_12000,balanced_2500_0_2500_12000,24,0.004514632606846591,0.004514632606846591,0.004514632606846591
0.497753,24,1,balanced_2500_0_2500_12000,balanced_2500_0_2500_12000,24,0.004491478313096042,0.004491478313096042,0.004491478313096042
0.497754,24,1,balanced_2500_0_2500_12000,balanced_2500_0_2500_12000,24,0.004468324019346603,0.004468324019346603,0.004468324019346603
0.497755,24,1,balanced_2500_0_2500_12000,balanced_2500_0_2500_12000,24,0.004445169725595832,0.004445169725595832,0.004445169725595832
0.497756,24,1,balanced_2500_0_2500_12000,balanced_2500_0_2500_12000,24,0.0044220154318470595,0.0044220154318470595,0.0044220154318470595
0.497757,24,1,balanced_2500_0_2500_12000,balanced_2500_0_2500_12000,24,0.004398861138096066,0.004398861138096066,0.004398861138096066
0.497758,24,1,balanced_2500_0_2500_12000,balanced_2500_0_2500_12000,24,0.004375706844346849,0.004375706844346849,0.004375706844346849
0.497759,24,1,balanced_2500_0_2500_12000,balanced_2500_0_2500_12000,24,0.0043525525505963,0.0043525525505963,0.0043525525505963
0.497760,24,1,balanced_2500_0_2500_12000,balanced_2500_0_2500_12000,24,0.004329398256846861,0.004329398256846861,0.004329398256846861
0.497761,24,1,balanced_2500_0_2500_12000,balanced_2500_0_2500_12000,24,0.00430624396309609,0.00430624396309609,0.00430624396309609
0.497762,24,1,balanced_2500_0_2500_12000,balanced_2500_0_2500_12000,24,0.004283089669346651,0.004283089669346651,0.004283089669346651
0.497763,24,1,balanced_2500_0_2500_12000,balanced_2500_0_2500_12000,24,0.004259935375596102,0.004259935375596102,0.004259935375596102
0.497764,24,1,balanced_2500_0_2500_12000,balanced_2500_0_2500_12000,24,0.004236781081846663,0.004236781081846663,0.004236781081846663
0.497765,24,1,balanced_2500_0_2500_12000,balanced_2500_0_2500_12000,24,0.004213626788096114,0.004213626788096114,0.004213626788096114
0.497766,24,1,balanced_2500_0_2500_12000,balanced_2500_0_2500_12000,24,0.004190472494346675,0.004190472494346675,0.004190472494346675
0.497767,24,1,balanced_2500_0_2500_12000,balanced_2500_0_2500_12000,24,0.004167318200595904,0.004167318200595904,0.004167318200595904
0.497768,24,1,balanced_2500_0_2500_12000,balanced_2500_0_2500_12000,24,0.004144163906846909,0.004144163906846909,0.004144163906846909
0.497769,24,1,balanced_2500_0_2500_12000,balanced_2500_0_2500_12000,24,0.004121009613096138,0.004121009613096138,0.004121009613096138
0.497770,24,1,balanced_2500_0_2500_12000,balanced_2500_0_2500_12000,24,0.004097855319346699,0.004097855319346699,0.004097855319346699
0.497771,24,1,balanced_2500_0_2500_12000,balanced_2500_0_2500_12000,24,0.004074701025595928,0.004074701025595928,0.004074701025595928
0.497772,24,1,balanced_2500_0_2500_12000,balanced_2500_0_2500_12000,24,0.004051546731846933,0.004051546731846933,0.004051546731846933
0.497773,24,1,balanced_2500_0_2500_12000,balanced_2500_0_2500_12000,24,0.00402839243809594,0.00402839243809594,0.00402839243809594
0.497774,24,1,balanced_2500_0_2500_12000,balanced_2500_0_2500_12000,24,0.004005238144346501,0.004005238144346501,0.004005238144346501
0.497775,24,1,balanced_2500_0_2500_12000,balanced_2500_0_2500_12000,24,0.003982083850595952,0.003982083850595952,0.003982083850595952
0.497776,24,1,balanced_2500_0_2500_12000,balanced_2500_0_2500_12000,24,0.003958929556846513,0.003958929556846513,0.003958929556846513
0.497777,24,1,balanced_2500_0_2500_12000,balanced_2500_0_2500_12000,24,0.003935775263097296,0.003935775263097296,0.003935775263097296
0.497778,24,1,balanced_2500_0_2500_12000,balanced_2500_0_2500_12000,24,0.003912620969346525,0.003912620969346525,0.003912620969346525
0.497779,24,1,balanced_2500_0_2500_12000,balanced_2500_0_2500_12000,24,0.0038894666755973084,0.0038894666755973084,0.0038894666755973084
0.497780,24,1,balanced_2500_0_2500_12000,balanced_2500_0_2500_12000,24,0.0038663123818465372,0.0038663123818465372,0.0038663123818465372
0.497781,24,1,balanced_2500_0_2500_12000,balanced_2500_0_2500_12000,24,0.0038431580880970984,0.0038431580880970984,0.0038431580880970984
0.497782,24,1,balanced_2500_0_2500_12000,balanced_2500_0_2500_12000,24,0.0038200037943465492,0.0038200037943465492,0.0038200037943465492
0.497783,24,1,balanced_2500_0_2500_12000,balanced_2500_0_2500_12000,24,0.0037968495005968883,0.0037968495005968883,0.0037968495005968883
0.497784,24,1,balanced_2500_0_2500_12000,balanced_2500_0_2500_12000,24,0.0037736952068465612,0.0037736952068465612,0.0037736952068465612
0.497785,24,1,balanced_2500_0_2500_12000,balanced_2500_0_2500_12000,24,0.0037505409130971223,0.0037505409130971223,0.0037505409130971223
0.497786,24,1,balanced_2500_0_2500_12000,balanced_2500_0_2500_12000,24,0.0037273866193467953,0.0037273866193467953,0.0037273866193467953
0.497787,24,1,balanced_2500_0_2500_12000,balanced_2500_0_2500_12000,24,0.0037042323255971343,0.0037042323255971343,0.0037042323255971343
0.497788,24,1,balanced_2500_0_2500_12000,balanced_2500_0_2500_12000,24,0.0036810780318465852,0.0036810780318465852,0.0036810780318465852
0.497789,24,1,balanced_2500_0_2500_12000,balanced_2500_0_2500_12000,24,0.0036579237380971463,0.0036579237380971463,0.0036579237380971463
0.497790,24,1,balanced_2500_0_2500_12000,balanced_2500_0_2500_12000,24,0.003634769444346597,0.003634769444346597,0.003634769444346597
0.497791,24,1,balanced_2500_0_2500_12000,balanced_2500_0_2500_12000,24,0.0036116151505973804,0.0036116151505973804,0.0036116151505973804
0.497792,24,1,balanced_2500_0_2500_12000,balanced_2500_0_2500_12000,24,0.003588460856846165,0.003588460856846165,0.003588460856846165
0.497793,24,1,balanced_2500_0_2500_12000,balanced_2500_0_2500_12000,24,0.0035653065630969483,0.0035653065630969483,0.0035653065630969483
0.497794,24,1,balanced_2500_0_2500_12000,balanced_2500_0_2500_12000,24,0.003542152269346621,0.003542152269346621,0.003542152269346621
0.497795,24,1,balanced_2500_0_2500_12000,balanced_2500_0_2500_12000,24,0.0035189979755969603,0.0035189979755969603,0.0035189979755969603
0.497796,24,1,balanced_2500_0_2500_12000,balanced_2500_0_2500_12000,24,0.003495843681846189,0.003495843681846189,0.003495843681846189
0.497797,24,1,balanced_2500_0_2500_12000,balanced_2500_0_2500_12000,24,0.0034726893880969723,0.0034726893880969723,0.0034726893880969723
0.497798,24,1,balanced_2500_0_2500_12000,balanced_2500_0_2500_12000,24,0.003449535094346423,0.003449535094346423,0.003449535094346423
0.497799,24,1,balanced_2500_0_2500_12000,balanced_2500_0_2500_12000,24,0.0034263808005969842,0.0034263808005969842,0.0034263808005969842
0.497800,24,1,balanced_2500_0_2500_12000,balanced_2500_0_2500_12000,24,0.003403226506846435,0.003403226506846435,0.003403226506846435
0.497801,24,1,balanced_2500_0_2500_12000,balanced_2500_0_2500_12000,24,0.003380072213096774,0.003380072213096774,0.003380072213096774
0.497802,24,1,balanced_2500_0_2500_12000,balanced_2500_0_2500_12000,24,0.003356917919346447,0.003356917919346447,0.003356917919346447
0.497803,24,1,balanced_2500_0_2500_12000,balanced_2500_0_2500_12000,24,0.0033337636255972303,0.0033337636255972303,0.0033337636255972303
0.497804,24,1,balanced_2500_0_2500_12000,balanced_2500_0_2500_12000,24,0.0033106093318475693,0.0033106093318475693,0.0033106093318475693
0.497805,24,1,balanced_2500_0_2500_12000,balanced_2500_0_2500_12000,24,0.0032874550380970202,0.0032874550380970202,0.0032874550380970202
0.497806,24,1,balanced_2500_0_2500_12000,balanced_2500_0_2500_12000,24,0.0032643007443475813,0.0032643007443475813,0.0032643007443475813
0.497807,24,1,balanced_2500_0_2500_12000,balanced_2500_0_2500_12000,24,0.003241146450597032,0.003241146450597032,0.003241146450597032
0.497808,24,1,balanced_2500_0_2500_12000,balanced_2500_0_2500_12000,24,0.0032179921568475933,0.0032179921568475933,0.0032179921568475933
0.497809,24,1,balanced_2500_0_2500_12000,balanced_2500_0_2500_12000,24,0.003194837863096822,0.003194837863096822,0.003194837863096822
0.497810,24,1,balanced_2500_0_2500_12000,balanced_2500_0_2500_12000,24,0.0031716835693476053,0.0031716835693476053,0.0031716835693476053
0.497811,24,1,balanced_2500_0_2500_12000,balanced_2500_0_2500_12000,24,0.003148529275596834,0.003148529275596834,0.003148529275596834
0.497812,24,1,balanced_2500_0_2500_12000,balanced_2500_0_2500_12000,24,0.0031253749818478394,0.0031253749818478394,0.0031253749818478394
0.497813,24,1,balanced_2500_0_2500_12000,balanced_2500_0_2500_12000,24,0.0031022206880972902,0.0031022206880972902,0.0031022206880972902
0.497814,24,1,balanced_2500_0_2500_12000,balanced_2500_0_2500_12000,24,0.0030790663943476293,0.0030790663943476293,0.0030790663943476293
0.497815,24,1,balanced_2500_0_2500_12000,balanced_2500_0_2500_12000,24,0.003055912100596858,0.003055912100596858,0.003055912100596858
0.497816,24,1,balanced_2500_0_2500_12000,balanced_2500_0_2500_12000,24,0.0030327578068476413,0.0030327578068476413,0.0030327578068476413
0.497817,24,1,balanced_2500_0_2500_12000,balanced_2500_0_2500_12000,24,0.00300960351309687,0.00300960351309687,0.00300960351309687
0.497818,24,1,balanced_2500_0_2500_12000,balanced_2500_0_2500_12000,24,0.0029864492193474312,0.0029864492193474312,0.0029864492193474312
0.497819,24,1,balanced_2500_0_2500_12000,balanced_2500_0_2500_12000,24,0.002963294925596882,0.002963294925596882,0.002963294925596882
0.497820,24,1,balanced_2500_0_2500_12000,balanced_2500_0_2500_12000,24,0.0029401406318474432,0.0029401406318474432,0.0029401406318474432
0.497821,24,1,balanced_2500_0_2500_12000,balanced_2500_0_2500_12000,24,0.002916986338096894,0.002916986338096894,0.002916986338096894
0.497822,24,1,balanced_2500_0_2500_12000,balanced_2500_0_2500_12000,24,0.0028938320443476773,0.0028938320443476773,0.0028938320443476773
0.497823,24,1,balanced_2500_0_2500_12000,balanced_2500_0_2500_12000,24,0.002870677750596684,0.002870677750596684,0.002870677750596684
0.497824,24,1,balanced_2500_0_2500_12000,balanced_2500_0_2500_12000,24,0.002847523456847245,0.002847523456847245,0.002847523456847245
0.497825,24,1,balanced_2500_0_2500_12000,balanced_2500_0_2500_12000,24,0.002824369163096918,0.002824369163096918,0.002824369163096918
0.497826,24,1,balanced_2500_0_2500_12000,balanced_2500_0_2500_12000,24,0.002801214869347257,0.002801214869347257,0.002801214869347257
0.497827,24,1,balanced_2500_0_2500_12000,balanced_2500_0_2500_12000,24,0.00277806057559693,0.00277806057559693,0.00277806057559693
0.497828,24,1,balanced_2500_0_2500_12000,balanced_2500_0_2500_12000,24,0.002754906281847491,0.002754906281847491,0.002754906281847491
0.497829,24,1,balanced_2500_0_2500_12000,balanced_2500_0_2500_12000,24,0.00273175198809672,0.00273175198809672,0.00273175198809672
0.497830,24,1,balanced_2500_0_2500_12000,balanced_2500_0_2500_12000,24,0.002708597694347503,0.002708597694347503,0.002708597694347503
0.497831,24,1,balanced_2500_0_2500_12000,balanced_2500_0_2500_12000,24,0.002685443400596732,0.002685443400596732,0.002685443400596732
0.497832,24,1,balanced_2500_0_2500_12000,balanced_2500_0_2500_12000,24,0.002662289106847293,0.002662289106847293,0.002662289106847293
0.497833,24,1,balanced_2500_0_2500_12000,balanced_2500_0_2500_12000,24,0.0026391348130980763,0.0026391348130980763,0.0026391348130980763
0.497834,24,1,balanced_2500_0_2500_12000,balanced_2500_0_2500_12000,24,0.002615980519347305,0.002615980519347305,0.002615980519347305
0.497835,24,1,balanced_2500_0_2500_12000,balanced_2500_0_2500_12000,24,0.0025928262255980883,0.0025928262255980883,0.0025928262255980883
0.497836,24,1,balanced_2500_0_2500_12000,balanced_2500_0_2500_12000,24,0.002569671931847539,0.002569671931847539,0.002569671931847539
0.497837,24,1,balanced_2500_0_2500_12000,balanced_2500_0_2500_12000,24,0.0025465176380978782,0.0025465176380978782,0.0025465176380978782
0.497838,24,1,balanced_2500_0_2500_12000,balanced_2500_0_2500_12000,24,0.002523363344347551,0.002523363344347551,0.002523363344347551
0.497839,24,1,balanced_2500_0_2500_12000,balanced_2500_0_2500_12000,24,0.0025002090505981123,0.0025002090505981123,0.0025002090505981123
0.497840,24,1,balanced_2500_0_2500_12000,balanced_2500_0_2500_12000,24,0.002477054756847341,0.002477054756847341,0.002477054756847341
0.497841,24,1,balanced_2500_0_2500_12000,balanced_2500_0_2500_12000,24,0.0024539004630981243,0.0024539004630981243,0.0024539004630981243
0.497842,24,1,balanced_2500_0_2500_12000,balanced_2500_0_2500_12000,24,0.002430746169347575,0.002430746169347575,0.002430746169347575
0.497843,24,1,balanced_2500_0_2500_12000,balanced_2500_0_2500_12000,24,0.0024075918755981363,0.0024075918755981363,0.0024075918755981363
0.497844,24,1,balanced_2500_0_2500_12000,balanced_2500_0_2500_12000,24,0.002384437581847365,0.002384437581847365,0.002384437581847365
0.497845,24,1,balanced_2500_0_2500_12000,balanced_2500_0_2500_12000,24,0.002361283288097926,0.002361283288097926,0.002361283288097926
0.497846,24,1,balanced_2500_0_2500_12000,balanced_2500_0_2500_12000,24,0.002338128994347155,0.002338128994347155,0.002338128994347155
0.497847,24,1,balanced_2500_0_2500_12000,balanced_2500_0_2500_12000,24,0.002314974700597938,0.002314974700597938,0.002314974700597938
0.497848,24,1,balanced_2500_0_2500_12000,balanced_2500_0_2500_12000,24,0.002291820406847167,0.002291820406847167,0.002291820406847167
0.497849,24,1,balanced_2500_0_2500_12000,balanced_2500_0_2500_12000,24,0.002268666113097728,0.002268666113097728,0.002268666113097728
0.497850,24,1,balanced_2500_0_2500_12000,balanced_2500_0_2500_12000,24,0.002245511819347401,0.002245511819347401,0.002245511819347401
0.497851,24,1,balanced_2500_0_2500_12000,balanced_2500_0_2500_12000,24,0.00222235752559774,0.00222235752559774,0.00222235752559774
0.497852,24,1,balanced_2500_0_2500_12000,balanced_2500_0_2500_12000,24,0.002199203231847413,0.002199203231847413,0.002199203231847413
0.497853,24,1,balanced_2500_0_2500_12000,balanced_2500_0_2500_12000,24,0.002176048938097974,0.002176048938097974,0.002176048938097974
0.497854,24,1,balanced_2500_0_2500_12000,balanced_2500_0_2500_12000,24,0.002152894644347203,0.002152894644347203,0.002152894644347203
0.497855,24,1,balanced_2500_0_2500_12000,balanced_2500_0_2500_12000,24,0.002129740350597986,0.002129740350597986,0.002129740350597986
0.497856,24,1,balanced_2500_0_2500_12000,balanced_2500_0_2500_12000,24,0.002106586056847437,0.002106586056847437,0.002106586056847437
0.497857,24,1,balanced_2500_0_2500_12000,balanced_2500_0_2500_12000,24,0.002083431763097776,0.002083431763097776,0.002083431763097776
0.497858,24,1,balanced_2500_0_2500_12000,balanced_2500_0_2500_12000,24,0.002060277469347227,0.002060277469347227,0.002060277469347227
0.497859,24,1,balanced_2500_0_2500_12000,balanced_2500_0_2500_12000,24,0.002037123175597788,0.002037123175597788,0.002037123175597788
0.497860,24,1,balanced_2500_0_2500_12000,balanced_2500_0_2500_12000,24,0.0020139688818485713,0.0020139688818485713,0.0020139688818485713
0.497861,24,1,balanced_2500_0_2500_12000,balanced_2500_0_2500_12000,24,0.001990814588098022,0.001990814588098022,0.001990814588098022
0.497862,24,1,balanced_2500_0_2500_12000,balanced_2500_0_2500_12000,24,0.001967660294348361,0.001967660294348361,0.001967660294348361
0.497863,24,1,balanced_2500_0_2500_12000,balanced_2500_0_2500_12000,24,0.001944506000597812,0.001944506000597812,0.001944506000597812
0.497864,24,1,balanced_2500_0_2500_12000,balanced_2500_0_2500_12000,24,0.0019213517068485952,0.0019213517068485952,0.0019213517068485952
0.497865,24,1,balanced_2500_0_2500_12000,balanced_2500_0_2500_12000,24,0.001898197413097602,0.001898197413097602,0.001898197413097602
0.497866,24,1,balanced_2500_0_2500_12000,balanced_2500_0_2500_12000,24,0.0018750431193486072,0.0018750431193486072,0.0018750431193486072
0.497867,24,1,balanced_2500_0_2500_12000,balanced_2500_0_2500_12000,24,0.001851888825597836,0.001851888825597836,0.001851888825597836
0.497868,24,1,balanced_2500_0_2500_12000,balanced_2500_0_2500_12000,24,0.0018287345318483972,0.0018287345318483972,0.0018287345318483972
0.497869,24,1,balanced_2500_0_2500_12000,balanced_2500_0_2500_12000,24,0.001805580238097848,0.001805580238097848,0.001805580238097848
0.497870,24,1,balanced_2500_0_2500_12000,balanced_2500_0_2500_12000,24,0.0017824259443484092,0.0017824259443484092,0.0017824259443484092
0.497871,24,1,balanced_2500_0_2500_12000,balanced_2500_0_2500_12000,24,0.001759271650597638,0.001759271650597638,0.001759271650597638
0.497872,24,1,balanced_2500_0_2500_12000,balanced_2500_0_2500_12000,24,0.0017361173568484212,0.0017361173568484212,0.0017361173568484212
0.497873,24,1,balanced_2500_0_2500_12000,balanced_2500_0_2500_12000,24,0.00171296306309765,0.00171296306309765,0.00171296306309765
0.497874,24,1,balanced_2500_0_2500_12000,balanced_2500_0_2500_12000,24,0.0016898087693482111,0.0016898087693482111,0.0016898087693482111
0.497875,24,1,balanced_2500_0_2500_12000,balanced_2500_0_2500_12000,24,0.001666654475597662,0.001666654475597662,0.001666654475597662
0.497876,24,1,balanced_2500_0_2500_12000,balanced_2500_0_2500_12000,24,0.001643500181848223,0.001643500181848223,0.001643500181848223
0.497877,24,1,balanced_2500_0_2500_12000,balanced_2500_0_2500_12000,24,0.001620345888097674,0.001620345888097674,0.001620345888097674
0.497878,24,1,balanced_2500_0_2500_12000,balanced_2500_0_2500_12000,24,0.0015971915943484571,0.0015971915943484571,0.0015971915943484571
0.497879,24,1,balanced_2500_0_2500_12000,balanced_2500_0_2500_12000,24,0.001574037300597686,0.001574037300597686,0.001574037300597686
0.497880,24,1,balanced_2500_0_2500_12000,balanced_2500_0_2500_12000,24,0.0015508830068484691,0.0015508830068484691,0.0015508830068484691
0.497881,24,1,balanced_2500_0_2500_12000,balanced_2500_0_2500_12000,24,0.001527728713097698,0.001527728713097698,0.001527728713097698
0.497882,24,1,balanced_2500_0_2500_12000,balanced_2500_0_2500_12000,24,0.001504574419348259,0.001504574419348259,0.001504574419348259
0.497883,24,1,balanced_2500_0_2500_12000,balanced_2500_0_2500_12000,24,0.00148142012559771,0.00148142012559771,0.00148142012559771
0.497884,24,1,balanced_2500_0_2500_12000,balanced_2500_0_2500_12000,24,0.0014582658318484931,0.0014582658318484931,0.0014582658318484931
0.497885,24,1,balanced_2500_0_2500_12000,balanced_2500_0_2500_12000,24,0.0014351115380975,0.0014351115380975,0.0014351115380975
0.497886,24,1,balanced_2500_0_2500_12000,balanced_2500_0_2500_12000,24,0.001411957244348283,0.001411957244348283,0.001411957244348283
0.497887,24,1,balanced_2500_0_2500_12000,balanced_2500_0_2500_12000,24,0.001388802950597512,0.001388802950597512,0.001388802950597512
0.497888,24,1,balanced_2500_0_2500_12000,balanced_2500_0_2500_12000,24,0.001365648656848295,0.001365648656848295,0.001365648656848295
0.497889,24,1,balanced_2500_0_2500_12000,balanced_2500_0_2500_12000,24,0.0013424943630990782,0.0013424943630990782,0.0013424943630990782
0.497890,24,1,balanced_2500_0_2500_12000,balanced_2500_0_2500_12000,24,0.001319340069348085,0.001319340069348085,0.001319340069348085
0.497891,24,1,balanced_2500_0_2500_12000,balanced_2500_0_2500_12000,24,0.0012961857755988682,0.0012961857755988682,0.0012961857755988682
0.497892,24,1,balanced_2500_0_2500_12000,balanced_2500_0_2500_12000,24,0.001273031481848319,0.001273031481848319,0.001273031481848319
0.497893,24,1,balanced_2500_0_2500_12000,balanced_2500_0_2500_12000,24,0.0012498771880986581,0.0012498771880986581,0.0012498771880986581
0.497894,24,1,balanced_2500_0_2500_12000,balanced_2500_0_2500_12000,24,0.001226722894348109,0.001226722894348109,0.001226722894348109
0.497895,24,1,balanced_2500_0_2500_12000,balanced_2500_0_2500_12000,24,0.0012035686005988921,0.0012035686005988921,0.0012035686005988921
0.497896,24,1,balanced_2500_0_2500_12000,balanced_2500_0_2500_12000,24,0.001180414306848121,0.001180414306848121,0.001180414306848121
0.497897,24,1,balanced_2500_0_2500_12000,balanced_2500_0_2500_12000,24,0.0011572600130989041,0.0011572600130989041,0.0011572600130989041
0.497898,24,1,balanced_2500_0_2500_12000,balanced_2500_0_2500_12000,24,0.001134105719347911,0.001134105719347911,0.001134105719347911
0.497899,24,1,balanced_2500_0_2500_12000,balanced_2500_0_2500_12000,24,0.001110951425598694,0.001110951425598694,0.001110951425598694
0.497900,24,1,balanced_2500_0_2500_12000,balanced_2500_0_2500_12000,24,0.001087797131848145,0.001087797131848145,0.001087797131848145
0.497901,24,1,balanced_2500_0_2500_12000,balanced_2500_0_2500_12000,24,0.001064642838098706,0.001064642838098706,0.001064642838098706
0.497902,24,1,balanced_2500_0_2500_12000,balanced_2500_0_2500_12000,24,0.001041488544347935,0.001041488544347935,0.001041488544347935
0.497903,24,1,balanced_2500_0_2500_12000,balanced_2500_0_2500_12000,24,0.001018334250598496,0.001018334250598496,0.001018334250598496
0.497904,24,1,balanced_2500_0_2500_12000,balanced_2500_0_2500_12000,24,0.000995179956848169,0.000995179956848169,0.000995179956848169
0.497905,24,1,balanced_2500_0_2500_12000,balanced_2500_0_2500_12000,24,0.000972025663098508,0.000972025663098508,0.000972025663098508
0.497906,24,1,balanced_2500_0_2500_12000,balanced_2500_0_2500_12000,24,0.000948871369348181,0.000948871369348181,0.000948871369348181
0.497907,24,1,balanced_2500_0_2500_12000,balanced_2500_0_2500_12000,24,0.0009257170755987421,0.0009257170755987421,0.0009257170755987421
0.497908,24,1,balanced_2500_0_2500_12000,balanced_2500_0_2500_12000,24,0.0009025627818481929,0.0009025627818481929,0.0009025627818481929
0.497909,24,1,balanced_2500_0_2500_12000,balanced_2500_0_2500_12000,24,0.000879408488098754,0.000879408488098754,0.000879408488098754
0.497910,24,1,balanced_2500_0_2500_12000,balanced_2500_0_2500_12000,24,0.0008562541943479829,0.0008562541943479829,0.0008562541943479829
0.497911,24,1,balanced_2500_0_2500_12000,balanced_2500_0_2500_12000,24,0.000833099900598766,0.000833099900598766,0.000833099900598766
0.497912,24,1,balanced_2500_0_2500_12000,balanced_2500_0_2500_12000,24,0.0008099456068477728,0.0008099456068477728,0.0008099456068477728
0.497913,24,1,balanced_2500_0_2500_12000,balanced_2500_0_2500_12000,24,0.000786791313098778,0.000786791313098778,0.000786791313098778
0.497914,24,1,balanced_2500_0_2500_12000,balanced_2500_0_2500_12000,24,0.0007636370193480069,0.0007636370193480069,0.0007636370193480069
0.497915,24,1,balanced_2500_0_2500_12000,balanced_2500_0_2500_12000,24,0.000740482725598568,0.000740482725598568,0.000740482725598568
0.497916,24,1,balanced_2500_0_2500_12000,balanced_2500_0_2500_12000,24,0.0007173284318491291,0.0007173284318491291,0.0007173284318491291
0.497917,24,1,balanced_2500_0_2500_12000,balanced_2500_0_2500_12000,24,0.000694174138098802,0.000694174138098802,0.000694174138098802
0.497918,24,1,balanced_2500_0_2500_12000,balanced_2500_0_2500_12000,24,0.0006710198443491411,0.0006710198443491411,0.0006710198443491411
0.497919,24,1,balanced_2500_0_2500_12000,balanced_2500_0_2500_12000,24,0.000647865550598592,0.000647865550598592,0.000647865550598592
0.497920,24,1,balanced_2500_0_2500_12000,balanced_2500_0_2500_12000,24,0.0006247112568491531,0.0006247112568491531,0.0006247112568491531
0.497921,24,1,balanced_2500_0_2500_12000,balanced_2500_0_2500_12000,24,0.000601556963098604,0.000601556963098604,0.000601556963098604
0.497922,24,1,balanced_2500_0_2500_12000,balanced_2500_0_2500_12000,24,0.0005784026693491651,0.0005784026693491651,0.0005784026693491651
0.497923,24,1,balanced_2500_0_2500_12000,balanced_2500_0_2500_12000,24,0.000555248375598616,0.000555248375598616,0.000555248375598616
0.497924,24,1,balanced_2500_0_2500_12000,balanced_2500_0_2500_12000,24,0.0005320940818491771,0.0005320940818491771,0.0005320940818491771
0.497925,24,1,balanced_2500_0_2500_12000,balanced_2500_0_2500_12000,24,0.0005089397880986279,0.0005089397880986279,0.0005089397880986279
0.497926,24,1,balanced_2500_0_2500_12000,balanced_2500_0_2500_12000,24,0.000485785494348967,0.000485785494348967,0.000485785494348967
0.497927,24,1,balanced_2500_0_2500_12000,balanced_2500_0_2500_12000,24,0.0004626312005984179,0.0004626312005984179,0.0004626312005984179
0.497928,24,1,balanced_2500_0_2500_12000,balanced_2500_0_2500_12000,24,0.00043947690684920104,0.00043947690684920104,0.00043947690684920104
0.497929,24,1,balanced_2500_0_2500_12000,balanced_2500_0_2500_12000,24,0.0004163226130984299,0.0004163226130984299,0.0004163226130984299
0.497930,24,1,balanced_2500_0_2500_12000,balanced_2500_0_2500_12000,24,0.000393168319348991,0.000393168319348991,0.000393168319348991
0.497931,24,1,balanced_2500_0_2500_12000,balanced_2500_0_2500_12000,24,0.0003700140255986639,0.0003700140255986639,0.0003700140255986639
0.497932,24,1,balanced_2500_0_2500_12000,balanced_2500_0_2500_12000,24,0.000346859731849003,0.000346859731849003,0.000346859731849003
0.497933,24,1,balanced_2500_0_2500_12000,balanced_2500_0_2500_12000,24,0.00032370543809845387,0.00032370543809845387,0.00032370543809845387
0.497934,24,1,balanced_2500_0_2500_12000,balanced_2500_0_2500_12000,24,0.00030055114434945907,0.00030055114434945907,0.00030055114434945907
0.497935,24,1,balanced_2500_0_2500_12000,balanced_2500_0_2500_12000,24,0.0002773968505986879,0.0002773968505986879,0.0002773968505986879
0.497936,24,1,balanced_2500_0_2500_12000,balanced_2500_0_2500_12000,24,0.000254242556849249,0.000254242556849249,0.000254242556849249
0.497937,24,1,balanced_2500_0_2500_12000,balanced_2500_0_2500_12000,24,0.0002310882630982558,0.0002310882630982558,0.0002310882630982558
0.497938,24,1,balanced_2500_0_2500_12000,balanced_2500_0_2500_12000,24,0.00020793396934903896,0.00020793396934903896,0.00020793396934903896
0.497939,24,1,balanced_2500_0_2500_12000,balanced_2500_0_2500_12000,24,0.0001847796755982678,0.0001847796755982678,0.0001847796755982678
0.497940,24,1,balanced_2500_0_2500_12000,balanced_2500_0_2500_12000,24,0.00016162538184905095,0.00016162538184905095,0.00016162538184905095
0.497941,24,1,balanced_2500_0_2500_12000,balanced_2500_0_2500_12000,24,0.0001384710880982798,0.0001384710880982798,0.0001384710880982798
0.497942,24,1,balanced_2500_0_2500_12000,balanced_2500_0_2500_12000,24,0.00011531679434906295,0.00011531679434906295,0.00011531679434906295
0.497943,24,1,balanced_2500_0_2500_12000,balanced_2500_0_2500_12000,24,9.216250059962405e-05,9.216250059962405e-05,9.216250059962405e-05
0.497944,24,1,balanced_2500_0_2500_12000,balanced_2500_0_2500_12000,24,6.900820684907494e-05,6.900820684907494e-05,6.900820684907494e-05
0.497945,24,1,balanced_2500_0_2500_12000,balanced_2500_0_2500_12000,24,4.585391309985809e-05,4.585391309985809e-05,4.585391309985809e-05
0.497946,24,1,balanced_2500_0_2500_12000,balanced_2500_0_2500_12000,24,2.2699619348864886e-05,2.2699619348864886e-05,2.2699619348864886e-05
0.497947,24,1,balanced_2000_0_2000_12000,balanced_2000_0_2000_12000,24,4.5467440035196205e-07,4.5467440035196205e-07,4.5467440035196205e-07
0.497948,24,1,balanced_2000_0_2000_12000,balanced_2000_0_2000_12000,24,2.3608968151123122e-05,2.3608968151123122e-05,2.3608968151123122e-05
0.497949,24,1,balanced_2000_0_2000_12000,balanced_2000_0_2000_12000,24,4.676326190033997e-05,4.676326190033997e-05,4.676326190033997e-05
0.497950,24,1,balanced_2000_0_2000_12000,balanced_2000_0_2000_12000,24,6.991755565088908e-05,6.991755565088908e-05,6.991755565088908e-05
0.497951,24,1,balanced_2000_0_2000_12000,balanced_2000_0_2000_12000,24,9.307184940055002e-05,9.307184940055002e-05,9.307184940055002e-05
0.497952,24,1,balanced_2000_0_2000_12000,balanced_2000_0_2000_12000,24,0.00011622614315109914,0.00011622614315109914,0.00011622614315109914
0.497953,24,1,balanced_2000_0_2000_12000,balanced_2000_0_2000_12000,24,0.00013938043690031598,0.00013938043690031598,0.00013938043690031598
0.497954,24,1,balanced_2000_0_2000_12000,balanced_2000_0_2000_12000,24,0.0001625347306508651,0.0001625347306508651,0.0001625347306508651
0.497955,24,1,balanced_2000_0_2000_12000,balanced_2000_0_2000_12000,24,0.00018568902440052604,0.00018568902440052604,0.00018568902440052604
0.497956,24,1,balanced_2000_0_2000_12000,balanced_2000_0_2000_12000,24,0.00020884331815107515,0.00020884331815107515,0.00020884331815107515
0.497957,24,1,balanced_2000_0_2000_12000,balanced_2000_0_2000_12000,24,0.00023199761190051404,0.00023199761190051404,0.00023199761190051404
0.497958,24,1,balanced_2000_0_2000_12000,balanced_2000_0_2000_12000,24,0.0002551519056512852,0.0002551519056512852,0.0002551519056512852
0.497959,24,1,balanced_2000_0_2000_12000,balanced_2000_0_2000_12000,24,0.00027830619940050205,0.00027830619940050205,0.00027830619940050205
0.497960,24,1,balanced_2000_0_2000_12000,balanced_2000_0_2000_12000,24,0.00030146049315105117,0.00030146049315105117,0.00030146049315105117
0.497961,24,1,balanced_2000_0_2000_12000,balanced_2000_0_2000_12000,24,0.00032461478690049006,0.00032461478690049006,0.00032461478690049006
0.497962,24,1,balanced_2000_0_2000_12000,balanced_2000_0_2000_12000,24,0.0003477690806512612,0.0003477690806512612,0.0003477690806512612
0.497963,24,1,balanced_2000_0_2000_12000,balanced_2000_0_2000_12000,24,0.00037092337440047807,0.00037092337440047807,0.00037092337440047807
0.497964,24,1,balanced_2000_0_2000_12000,balanced_2000_0_2000_12000,24,0.00039407766815124923,0.00039407766815124923,0.00039407766815124923
0.497965,24,1,balanced_2000_0_2000_12000,balanced_2000_0_2000_12000,24,0.0004172319619004661,0.0004172319619004661,0.0004172319619004661
0.497966,24,1,balanced_2000_0_2000_12000,balanced_2000_0_2000_12000,24,0.00044038625565123724,0.00044038625565123724,0.00044038625565123724
0.497967,24,1,balanced_2000_0_2000_12000,balanced_2000_0_2000_12000,24,0.00046354054940067613,0.00046354054940067613,0.00046354054940067613
0.497968,24,1,balanced_2000_0_2000_12000,balanced_2000_0_2000_12000,24,0.00048669484315122524,0.00048669484315122524,0.00048669484315122524
0.497969,24,1,balanced_2000_0_2000_12000,balanced_2000_0_2000_12000,24,0.0005098491369006641,0.0005098491369006641,0.0005098491369006641
0.497970,24,1,balanced_2000_0_2000_12000,balanced_2000_0_2000_12000,24,0.0005330034306512133,0.0005330034306512133,0.0005330034306512133
0.497971,24,1,balanced_2000_0_2000_12000,balanced_2000_0_2000_12000,24,0.0005561577244006521,0.0005561577244006521,0.0005561577244006521
0.497972,24,1,balanced_2000_0_2000_12000,balanced_2000_0_2000_12000,24,0.000579312018149869,0.000579312018149869,0.000579312018149869
0.497973,24,1,balanced_2000_0_2000_12000,balanced_2000_0_2000_12000,24,0.0006024663119008622,0.0006024663119008622,0.0006024663119008622
0.497974,24,1,balanced_2000_0_2000_12000,balanced_2000_0_2000_12000,24,0.000625620605649857,0.000625620605649857,0.000625620605649857
0.497975,24,1,balanced_2000_0_2000_12000,balanced_2000_0_2000_12000,24,0.0006487748994006282,0.0006487748994006282,0.0006487748994006282
0.497976,24,1,balanced_2000_0_2000_12000,balanced_2000_0_2000_12000,24,0.000671929193150067,0.000671929193150067,0.000671929193150067
0.497977,24,1,balanced_2000_0_2000_12000,balanced_2000_0_2000_12000,24,0.0006950834869006162,0.0006950834869006162,0.0006950834869006162
0.497978,24,1,balanced_2000_0_2000_12000,balanced_2000_0_2000_12000,24,0.000718237780649833,0.000718237780649833,0.000718237780649833
0.497979,24,1,balanced_2000_0_2000_12000,balanced_2000_0_2000_12000,24,0.0007413920744006042,0.0007413920744006042,0.0007413920744006042
0.497980,24,1,balanced_2000_0_2000_12000,balanced_2000_0_2000_12000,24,0.0007645463681500431,0.0007645463681500431,0.0007645463681500431
0.497981,24,1,balanced_2000_0_2000_12000,balanced_2000_0_2000_12000,24,0.0007877006619008142,0.0007877006619008142,0.0007877006619008142
0.497982,24,1,balanced_2000_0_2000_12000,balanced_2000_0_2000_12000,24,0.000810854955649809,0.000810854955649809,0.000810854955649809
0.497983,24,1,balanced_2000_0_2000_12000,balanced_2000_0_2000_12000,24,0.0008340092494005802,0.0008340092494005802,0.0008340092494005802
0.497984,24,1,balanced_2000_0_2000_12000,balanced_2000_0_2000_12000,24,0.0008571635431500191,0.0008571635431500191,0.0008571635431500191
0.497985,24,1,balanced_2000_0_2000_12000,balanced_2000_0_2000_12000,24,0.0008803178369005682,0.0008803178369005682,0.0008803178369005682
0.497986,24,1,balanced_2000_0_2000_12000,balanced_2000_0_2000_12000,24,0.0009034721306502291,0.0009034721306502291,0.0009034721306502291
0.497987,24,1,balanced_2000_0_2000_12000,balanced_2000_0_2000_12000,24,0.0009266264244007782,0.0009266264244007782,0.0009266264244007782
0.497988,24,1,balanced_2000_0_2000_12000,balanced_2000_0_2000_12000,24,0.0009497807181499951,0.0009497807181499951,0.0009497807181499951
0.497989,24,1,balanced_2000_0_2000_12000,balanced_2000_0_2000_12000,24,0.0009729350119007663,0.0009729350119007663,0.0009729350119007663
0.497990,24,1,balanced_2000_0_2000_12000,balanced_2000_0_2000_12000,24,0.0009960893056502051,0.0009960893056502051,0.0009960893056502051
0.497991,24,1,balanced_2000_0_2000_12000,balanced_2000_0_2000_12000,24,0.0010192435994007543,0.0010192435994007543,0.0010192435994007543
0.497992,24,1,balanced_2000_0_2000_12000,balanced_2000_0_2000_12000,24,0.0010423978931501932,0.0010423978931501932,0.0010423978931501932
0.497993,24,1,balanced_2000_0_2000_12000,balanced_2000_0_2000_12000,24,0.0010655521869007423,0.0010655521869007423,0.0010655521869007423
0.497994,24,1,balanced_2000_0_2000_12000,balanced_2000_0_2000_12000,24,0.0010887064806501812,0.0010887064806501812,0.0010887064806501812
0.497995,24,1,balanced_2000_0_2000_12000,balanced_2000_0_2000_12000,24,0.0011118607744007303,0.0011118607744007303,0.0011118607744007303
0.497996,24,1,balanced_2000_0_2000_12000,balanced_2000_0_2000_12000,24,0.0011350150681501692,0.0011350150681501692,0.0011350150681501692
0.497997,24,1,balanced_2000_0_2000_12000,balanced_2000_0_2000_12000,24,0.0011581693619007183,0.0011581693619007183,0.0011581693619007183
0.497998,24,1,balanced_2000_0_2000_12000,balanced_2000_0_2000_12000,24,0.0011813236556501572,0.0011813236556501572,0.0011813236556501572
0.497999,24,1,balanced_2000_0_2000_12000,balanced_2000_0_2000_12000,24,0.001204477949399596,0.001204477949399596,0.001204477949399596
0.498000,24,1,balanced_2000_0_2000_12000,balanced_2000_0_2000_12000,24,0.0012276322431503672,0.0012276322431503672,0.0012276322431503672
0.498001,24,1,balanced_2000_0_2000_12000,balanced_2000_0_2000_12000,24,0.001250786536899584,0.001250786536899584,0.001250786536899584
0.498002,24,1,balanced_2000_0_2000_12000,balanced_2000_0_2000_12000,24,0.0012739408306503552,0.0012739408306503552,0.0012739408306503552
0.498003,24,1,balanced_2000_0_2000_12000,balanced_2000_0_2000_12000,24,0.001297095124399572,0.001297095124399572,0.001297095124399572
0.498004,24,1,balanced_2000_0_2000_12000,balanced_2000_0_2000_12000,24,0.0013202494181503432,0.0013202494181503432,0.0013202494181503432
0.498005,24,1,balanced_2000_0_2000_12000,balanced_2000_0_2000_12000,24,0.001343403711899338,0.001343403711899338,0.001343403711899338
0.498006,24,1,balanced_2000_0_2000_12000,balanced_2000_0_2000_12000,24,0.0013665580056503313,0.0013665580056503313,0.0013665580056503313
0.498007,24,1,balanced_2000_0_2000_12000,balanced_2000_0_2000_12000,24,0.001389712299399548,0.001389712299399548,0.001389712299399548
0.498008,24,1,balanced_2000_0_2000_12000,balanced_2000_0_2000_12000,24,0.0014128665931503193,0.0014128665931503193,0.0014128665931503193
0.498009,24,1,balanced_2000_0_2000_12000,balanced_2000_0_2000_12000,24,0.0014360208868995361,0.0014360208868995361,0.0014360208868995361
0.498010,24,1,balanced_2000_0_2000_12000,balanced_2000_0_2000_12000,24,0.0014591751806500852,0.0014591751806500852,0.0014591751806500852
0.498011,24,1,balanced_2000_0_2000_12000,balanced_2000_0_2000_12000,24,0.0014823294743999682,0.0014823294743999682,0.0014823294743999682
0.498012,24,1,balanced_2000_0_2000_12000,balanced_2000_0_2000_12000,24,0.0015054837681502953,0.0015054837681502953,0.0015054837681502953
0.498013,24,1,balanced_2000_0_2000_12000,balanced_2000_0_2000_12000,24,0.0015286380618995121,0.0015286380618995121,0.0015286380618995121
0.498014,24,1,balanced_2000_0_2000_12000,balanced_2000_0_2000_12000,24,0.0015517923556502833,0.0015517923556502833,0.0015517923556502833
0.498015,24,1,balanced_2000_0_2000_12000,balanced_2000_0_2000_12000,24,0.0015749466493999442,0.0015749466493999442,0.0015749466493999442
0.498016,24,1,balanced_2000_0_2000_12000,balanced_2000_0_2000_12000,24,0.0015981009431504933,0.0015981009431504933,0.0015981009431504933
0.498017,24,1,balanced_2000_0_2000_12000,balanced_2000_0_2000_12000,24,0.0016212552368997102,0.0016212552368997102,0.0016212552368997102
0.498018,24,1,balanced_2000_0_2000_12000,balanced_2000_0_2000_12000,24,0.0016444095306502593,0.0016444095306502593,0.0016444095306502593
0.498019,24,1,balanced_2000_0_2000_12000,balanced_2000_0_2000_12000,24,0.0016675638243994761,0.0016675638243994761,0.0016675638243994761
0.498020,24,1,balanced_2000_0_2000_12000,balanced_2000_0_2000_12000,24,0.0016907181181502473,0.0016907181181502473,0.0016907181181502473
0.498021,24,1,balanced_2000_0_2000_12000,balanced_2000_0_2000_12000,24,0.0017138724118996862,0.0017138724118996862,0.0017138724118996862
0.498022,24,1,balanced_2000_0_2000_12000,balanced_2000_0_2000_12000,24,0.0017370267056502353,0.0017370267056502353,0.0017370267056502353
0.498023,24,1,balanced_2000_0_2000_12000,balanced_2000_0_2000_12000,24,0.0017601809993996742,0.0017601809993996742,0.0017601809993996742
0.498024,24,1,balanced_2000_0_2000_12000,balanced_2000_0_2000_12000,24,0.0017833352931506674,0.0017833352931506674,0.0017833352931506674
0.498025,24,1,balanced_2000_0_2000_12000,balanced_2000_0_2000_12000,24,0.0018064895868998843,0.0018064895868998843,0.0018064895868998843
0.498026,24,1,balanced_2000_0_2000_12000,balanced_2000_0_2000_12000,24,0.001829643880649101,0.001829643880649101,0.001829643880649101
0.498027,24,1,balanced_2000_0_2000_12000,balanced_2000_0_2000_12000,24,0.0018527981743998723,0.0018527981743998723,0.0018527981743998723
0.498028,24,1,balanced_2000_0_2000_12000,balanced_2000_0_2000_12000,24,0.0018759524681493112,0.0018759524681493112,0.0018759524681493112
0.498029,24,1,balanced_2000_0_2000_12000,balanced_2000_0_2000_12000,24,0.0018991067618998603,0.0018991067618998603,0.0018991067618998603
0.498030,24,1,balanced_2000_0_2000_12000,balanced_2000_0_2000_12000,24,0.0019222610556490771,0.0019222610556490771,0.0019222610556490771
0.498031,24,1,balanced_2000_0_2000_12000,balanced_2000_0_2000_12000,24,0.0019454153493998483,0.0019454153493998483,0.0019454153493998483
0.498032,24,1,balanced_2000_0_2000_12000,balanced_2000_0_2000_12000,24,0.001968569643149065,0.001968569643149065,0.001968569643149065
0.498033,24,1,balanced_2000_0_2000_12000,balanced_2000_0_2000_12000,24,0.0019917239369000583,0.0019917239369000583,0.0019917239369000583
0.498034,24,1,balanced_2000_0_2000_12000,balanced_2000_0_2000_12000,24,0.002014878230649275,0.002014878230649275,0.002014878230649275
0.498035,24,1,balanced_2000_0_2000_12000,balanced_2000_0_2000_12000,24,0.0020380325244000463,0.0020380325244000463,0.0020380325244000463
0.498036,24,1,balanced_2000_0_2000_12000,balanced_2000_0_2000_12000,24,0.002061186818149263,0.002061186818149263,0.002061186818149263
0.498037,24,1,balanced_2000_0_2000_12000,balanced_2000_0_2000_12000,24,0.0020843411118998123,0.0020843411118998123,0.0020843411118998123
0.498038,24,1,balanced_2000_0_2000_12000,balanced_2000_0_2000_12000,24,0.002107495405649251,0.002107495405649251,0.002107495405649251
0.498039,24,1,balanced_2000_0_2000_12000,balanced_2000_0_2000_12000,24,0.0021306496993998003,0.0021306496993998003,0.0021306496993998003
0.498040,24,1,balanced_2000_0_2000_12000,balanced_2000_0_2000_12000,24,0.002153803993149239,0.002153803993149239,0.002153803993149239
0.498041,24,1,balanced_2000_0_2000_12000,balanced_2000_0_2000_12000,24,0.0021769582869000104,0.0021769582869000104,0.0021769582869000104
0.498042,24,1,balanced_2000_0_2000_12000,balanced_2000_0_2000_12000,24,0.002200112580649227,0.002200112580649227,0.002200112580649227
0.498043,24,1,balanced_2000_0_2000_12000,balanced_2000_0_2000_12000,24,0.0022232668743999984,0.0022232668743999984,0.0022232668743999984
0.498044,24,1,balanced_2000_0_2000_12000,balanced_2000_0_2000_12000,24,0.0022464211681492152,0.0022464211681492152,0.0022464211681492152
0.498045,24,1,balanced_2000_0_2000_12000,balanced_2000_0_2000_12000,24,0.0022695754618997643,0.0022695754618997643,0.0022695754618997643
0.498046,24,1,balanced_2000_0_2000_12000,balanced_2000_0_2000_12000,24,0.0022927297556494253,0.0022927297556494253,0.0022927297556494253
0.498047,24,1,balanced_2000_0_2000_12000,balanced_2000_0_2000_12000,24,0.0023158840493999744,0.0023158840493999744,0.0023158840493999744
0.498048,24,1,balanced_2000_0_2000_12000,balanced_2000_0_2000_12000,24,0.0023390383431491912,0.0023390383431491912,0.0023390383431491912
0.498049,24,1,balanced_2000_0_2000_12000,balanced_2000_0_2000_12000,24,0.0023621926368999624,0.0023621926368999624,0.0023621926368999624
0.498050,24,1,balanced_2000_0_2000_12000,balanced_2000_0_2000_12000,24,0.0023853469306494013,0.0023853469306494013,0.0023853469306494013
0.498051,24,1,balanced_2000_0_2000_12000,balanced_2000_0_2000_12000,24,0.0024085012243999504,0.0024085012243999504,0.0024085012243999504
0.498052,24,1,balanced_2000_0_2000_12000,balanced_2000_0_2000_12000,24,0.0024316555181493893,0.0024316555181493893,0.0024316555181493893
0.498053,24,1,balanced_2000_0_2000_12000,balanced_2000_0_2000_12000,24,0.0024548098119001605,0.0024548098119001605,0.0024548098119001605
0.498054,24,1,balanced_2000_0_2000_12000,balanced_2000_0_2000_12000,24,0.0024779641056493773,0.0024779641056493773,0.0024779641056493773
0.498055,24,1,balanced_2000_0_2000_12000,balanced_2000_0_2000_12000,24,0.002501118399398816,0.002501118399398816,0.002501118399398816
0.498056,24,1,balanced_2000_0_2000_12000,balanced_2000_0_2000_12000,24,0.0025242726931493653,0.0025242726931493653,0.0025242726931493653
0.498057,24,1,balanced_2000_0_2000_12000,balanced_2000_0_2000_12000,24,0.002547426986898582,0.002547426986898582,0.002547426986898582
0.498058,24,1,balanced_2000_0_2000_12000,balanced_2000_0_2000_12000,24,0.0025705812806493533,0.0025705812806493533,0.0025705812806493533
0.498059,24,1,balanced_2000_0_2000_12000,balanced_2000_0_2000_12000,24,0.002593735574398792,0.002593735574398792,0.002593735574398792
0.498060,24,1,balanced_2000_0_2000_12000,balanced_2000_0_2000_12000,24,0.0026168898681495634,0.0026168898681495634,0.0026168898681495634
0.498061,24,1,balanced_2000_0_2000_12000,balanced_2000_0_2000_12000,24,0.0026400441618987802,0.0026400441618987802,0.0026400441618987802
0.498062,24,1,balanced_2000_0_2000_12000,balanced_2000_0_2000_12000,24,0.0026631984556495514,0.0026631984556495514,0.0026631984556495514
0.498063,24,1,balanced_2000_0_2000_12000,balanced_2000_0_2000_12000,24,0.0026863527493987682,0.0026863527493987682,0.0026863527493987682
0.498064,24,1,balanced_2000_0_2000_12000,balanced_2000_0_2000_12000,24,0.0027095070431495394,0.0027095070431495394,0.0027095070431495394
0.498065,24,1,balanced_2000_0_2000_12000,balanced_2000_0_2000_12000,24,0.0027326613368989783,0.0027326613368989783,0.0027326613368989783
0.498066,24,1,balanced_2000_0_2000_12000,balanced_2000_0_2000_12000,24,0.0027558156306495274,0.0027558156306495274,0.0027558156306495274
0.498067,24,1,balanced_2000_0_2000_12000,balanced_2000_0_2000_12000,24,0.0027789699243987442,0.0027789699243987442,0.0027789699243987442
0.498068,24,1,balanced_2000_0_2000_12000,balanced_2000_0_2000_12000,24,0.0028021242181495154,0.0028021242181495154,0.0028021242181495154
0.498069,24,1,balanced_2000_0_2000_12000,balanced_2000_0_2000_12000,24,0.0028252785118987322,0.0028252785118987322,0.0028252785118987322
0.498070,24,1,balanced_2000_0_2000_12000,balanced_2000_0_2000_12000,24,0.0028484328056495034,0.0028484328056495034,0.0028484328056495034
0.498071,24,1,balanced_2000_0_2000_12000,balanced_2000_0_2000_12000,24,0.0028715870993989423,0.0028715870993989423,0.0028715870993989423
0.498072,24,1,balanced_2000_0_2000_12000,balanced_2000_0_2000_12000,24,0.0028947413931494914,0.0028947413931494914,0.0028947413931494914
0.498073,24,1,balanced_2000_0_2000_12000,balanced_2000_0_2000_12000,24,0.0029178956868989303,0.0029178956868989303,0.0029178956868989303
0.498074,24,1,balanced_2000_0_2000_12000,balanced_2000_0_2000_12000,24,0.0029410499806497015,0.0029410499806497015,0.0029410499806497015
0.498075,24,1,balanced_2000_0_2000_12000,balanced_2000_0_2000_12000,24,0.0029642042743991404,0.0029642042743991404,0.0029642042743991404
0.498076,24,1,balanced_2000_0_2000_12000,balanced_2000_0_2000_12000,24,0.0029873585681494674,0.0029873585681494674,0.0029873585681494674
0.498077,24,1,balanced_2000_0_2000_12000,balanced_2000_0_2000_12000,24,0.0030105128618991284,0.0030105128618991284,0.0030105128618991284
0.498078,24,1,balanced_2000_0_2000_12000,balanced_2000_0_2000_12000,24,0.0030336671556494554,0.0030336671556494554,0.0030336671556494554
0.498079,24,1,balanced_2000_0_2000_12000,balanced_2000_0_2000_12000,24,0.0030568214493988943,0.0030568214493988943,0.0030568214493988943
0.498080,24,1,balanced_2000_0_2000_12000,balanced_2000_0_2000_12000,24,0.0030799757431494434,0.0030799757431494434,0.0030799757431494434
0.498081,24,1,balanced_2000_0_2000_12000,balanced_2000_0_2000_12000,24,0.0031031300368991044,0.0031031300368991044,0.0031031300368991044
0.498082,24,1,balanced_2000_0_2000_12000,balanced_2000_0_2000_12000,24,0.0031262843306483212,0.0031262843306483212,0.0031262843306483212
0.498083,24,1,balanced_2000_0_2000_12000,balanced_2000_0_2000_12000,24,0.0031494386243988703,0.0031494386243988703,0.0031494386243988703
0.498084,24,1,balanced_2000_0_2000_12000,balanced_2000_0_2000_12000,24,0.0031725929181483092,0.0031725929181483092,0.0031725929181483092
0.498085,24,1,balanced_2000_0_2000_12000,balanced_2000_0_2000_12000,24,0.0031957472118988584,0.0031957472118988584,0.0031957472118988584
0.498086,24,1,balanced_2000_0_2000_12000,balanced_2000_0_2000_12000,24,0.0032189015056482972,0.0032189015056482972,0.0032189015056482972
0.498087,24,1,balanced_2000_0_2000_12000,balanced_2000_0_2000_12000,24,0.0032420557993988464,0.0032420557993988464,0.0032420557993988464
0.498088,24,1,balanced_2000_0_2000_12000,balanced_2000_0_2000_12000,24,0.0032652100931482853,0.0032652100931482853,0.0032652100931482853
0.498089,24,1,balanced_2000_0_2000_12000,balanced_2000_0_2000_12000,24,0.0032883643868990564,0.0032883643868990564,0.0032883643868990564
0.498090,24,1,balanced_2000_0_2000_12000,balanced_2000_0_2000_12000,24,0.0033115186806482733,0.0033115186806482733,0.0033115186806482733
0.498091,24,1,balanced_2000_0_2000_12000,balanced_2000_0_2000_12000,24,0.0033346729743992665,0.0033346729743992665,0.0033346729743992665
0.498092,24,1,balanced_2000_0_2000_12000,balanced_2000_0_2000_12000,24,0.0033578272681484833,0.0033578272681484833,0.0033578272681484833
0.498093,24,1,balanced_2000_0_2000_12000,balanced_2000_0_2000_12000,24,0.0033809815618990324,0.0033809815618990324,0.0033809815618990324
0.498094,24,1,balanced_2000_0_2000_12000,balanced_2000_0_2000_12000,24,0.0034041358556482493,0.0034041358556482493,0.0034041358556482493
0.498095,24,1,balanced_2000_0_2000_12000,balanced_2000_0_2000_12000,24,0.0034272901493990204,0.0034272901493990204,0.0034272901493990204
0.498096,24,1,balanced_2000_0_2000_12000,balanced_2000_0_2000_12000,24,0.0034504444431484593,0.0034504444431484593,0.0034504444431484593
0.498097,24,1,balanced_2000_0_2000_12000,balanced_2000_0_2000_12000,24,0.0034735987368990084,0.0034735987368990084,0.0034735987368990084
0.498098,24,1,balanced_2000_0_2000_12000,balanced_2000_0_2000_12000,24,0.0034967530306484473,0.0034967530306484473,0.0034967530306484473
0.498099,24,1,balanced_2000_0_2000_12000,balanced_2000_0_2000_12000,24,0.0035199073243989965,0.0035199073243989965,0.0035199073243989965
0.498100,24,1,balanced_2000_0_2000_12000,balanced_2000_0_2000_12000,24,0.0035430616181486574,0.0035430616181486574,0.0035430616181486574
0.498101,24,1,balanced_2000_0_2000_12000,balanced_2000_0_2000_12000,24,0.0035662159118989845,0.0035662159118989845,0.0035662159118989845
0.498102,24,1,balanced_2000_0_2000_12000,balanced_2000_0_2000_12000,24,0.0035893702056484234,0.0035893702056484234,0.0035893702056484234
0.498103,24,1,balanced_2000_0_2000_12000,balanced_2000_0_2000_12000,24,0.0036125244993991945,0.0036125244993991945,0.0036125244993991945
0.498104,24,1,balanced_2000_0_2000_12000,balanced_2000_0_2000_12000,24,0.0036356787931484114,0.0036356787931484114,0.0036356787931484114
0.498105,24,1,balanced_2000_0_2000_12000,balanced_2000_0_2000_12000,24,0.0036588330868991825,0.0036588330868991825,0.0036588330868991825
0.498106,24,1,balanced_2000_0_2000_12000,balanced_2000_0_2000_12000,24,0.0036819873806483994,0.0036819873806483994,0.0036819873806483994
0.498107,24,1,balanced_2000_0_2000_12000,balanced_2000_0_2000_12000,24,0.0037051416743991705,0.0037051416743991705,0.0037051416743991705
0.498108,24,1,balanced_2000_0_2000_12000,balanced_2000_0_2000_12000,24,0.0037282959681486094,0.0037282959681486094,0.0037282959681486094
0.498109,24,1,balanced_2000_0_2000_12000,balanced_2000_0_2000_12000,24,0.0037514502618991585,0.0037514502618991585,0.0037514502618991585
0.498110,24,1,balanced_2000_0_2000_12000,balanced_2000_0_2000_12000,24,0.0037746045556485974,0.0037746045556485974,0.0037746045556485974
0.498111,24,1,balanced_2000_0_2000_12000,balanced_2000_0_2000_12000,24,0.0037977588493979253,0.0037977588493979253,0.0037977588493979253
0.498112,24,1,balanced_2000_0_2000_12000,balanced_2000_0_2000_12000,24,0.0038209131431486965,0.0038209131431486965,0.0038209131431486965
0.498113,24,1,balanced_2000_0_2000_12000,balanced_2000_0_2000_12000,24,0.0038440674368981353,0.0038440674368981353,0.0038440674368981353
0.498114,24,1,balanced_2000_0_2000_12000,balanced_2000_0_2000_12000,24,0.0038672217306486845,0.0038672217306486845,0.0038672217306486845
0.498115,24,1,balanced_2000_0_2000_12000,balanced_2000_0_2000_12000,24,0.0038903760243980123,0.0038903760243980123,0.0038903760243980123
0.498116,24,1,balanced_2000_0_2000_12000,balanced_2000_0_2000_12000,24,0.0039135303181485614,0.0039135303181485614,0.0039135303181485614
0.498117,24,1,balanced_2000_0_2000_12000,balanced_2000_0_2000_12000,24,0.003936684611897889,0.003936684611897889,0.003936684611897889
0.498118,24,1,balanced_2000_0_2000_12000,balanced_2000_0_2000_12000,24,0.0039598389056485495,0.0039598389056485495,0.0039598389056485495
0.498119,24,1,balanced_2000_0_2000_12000,balanced_2000_0_2000_12000,24,0.003982993199397988,0.003982993199397988,0.003982993199397988
0.498120,24,1,balanced_2000_0_2000_12000,balanced_2000_0_2000_12000,24,0.0040061474931485375,0.0040061474931485375,0.0040061474931485375
0.498121,24,1,balanced_2000_0_2000_12000,balanced_2000_0_2000_12000,24,0.004029301786898087,0.004029301786898087,0.004029301786898087
0.498122,24,1,balanced_2000_0_2000_12000,balanced_2000_0_2000_12000,24,0.0040524560806486365,0.0040524560806486365,0.0040524560806486365
0.498123,24,1,balanced_2000_0_2000_12000,balanced_2000_0_2000_12000,24,0.004075610374398075,0.004075610374398075,0.004075610374398075
0.498124,24,1,balanced_2000_0_2000_12000,balanced_2000_0_2000_12000,24,0.0040987646681487355,0.0040987646681487355,0.0040987646681487355
0.498125,24,1,balanced_2000_0_2000_12000,balanced_2000_0_2000_12000,24,0.004121918961897952,0.004121918961897952,0.004121918961897952
0.498126,24,1,balanced_2000_0_2000_12000,balanced_2000_0_2000_12000,24,0.0041450732556487235,0.0041450732556487235,0.0041450732556487235
0.498127,24,1,balanced_2000_0_2000_12000,balanced_2000_0_2000_12000,24,0.004168227549398051,0.004168227549398051,0.004168227549398051
0.498128,24,1,balanced_2000_0_2000_12000,balanced_2000_0_2000_12000,24,0.0041913818431488226,0.0041913818431488226,0.0041913818431488226
0.498129,24,1,balanced_2000_0_2000_12000,balanced_2000_0_2000_12000,24,0.00421453613689815,0.00421453613689815,0.00421453613689815
0.498130,24,1,balanced_2000_0_2000_12000,balanced_2000_0_2000_12000,24,0.0042376904306486995,0.0042376904306486995,0.0042376904306486995
0.498131,24,1,balanced_2000_0_2000_12000,balanced_2000_0_2000_12000,24,0.0042608447243981384,0.0042608447243981384,0.0042608447243981384
0.498132,24,1,balanced_2000_0_2000_12000,balanced_2000_0_2000_12000,24,0.00428399901814891,0.00428399901814891,0.00428399901814891
0.498133,24,1,balanced_2000_0_2000_12000,balanced_2000_0_2000_12000,24,0.004307153311898015,0.004307153311898015,0.004307153311898015
0.498134,24,1,balanced_2000_0_2000_12000,balanced_2000_0_2000_12000,24,0.004330307605648787,0.004330307605648787,0.004330307605648787
0.498135,24,1,balanced_2000_0_2000_12000,balanced_2000_0_2000_12000,24,0.0043534618993981145,0.0043534618993981145,0.0043534618993981145
0.498136,24,1,balanced_2000_0_2000_12000,balanced_2000_0_2000_12000,24,0.004376616193148664,0.004376616193148664,0.004376616193148664
0.498137,24,1,balanced_2000_0_2000_12000,balanced_2000_0_2000_12000,24,0.0043997704868981025,0.0043997704868981025,0.0043997704868981025
0.498138,24,1,balanced_2000_0_2000_12000,balanced_2000_0_2000_12000,24,0.00442292478064743,0.00442292478064743,0.00442292478064743
0.498139,24,1,balanced_2000_0_2000_12000,balanced_2000_0_2000_12000,24,0.0044460790743982015,0.0044460790743982015,0.0044460790743982015
0.498140,24,1,balanced_2000_0_2000_12000,balanced_2000_0_2000_12000,24,0.004469233368147529,0.004469233368147529,0.004469233368147529
0.498141,24,1,balanced_2000_0_2000_12000,balanced_2000_0_2000_12000,24,0.0044923876618980785,0.0044923876618980785,0.0044923876618980785
0.498142,24,1,balanced_2000_0_2000_12000,balanced_2000_0_2000_12000,24,0.004515541955647628,0.004515541955647628,0.004515541955647628
0.498143,24,1,balanced_2000_0_2000_12000,balanced_2000_0_2000_12000,24,0.0045386962493982885,0.0045386962493982885,0.0045386962493982885
0.498144,24,1,balanced_2000_0_2000_12000,balanced_2000_0_2000_12000,24,0.004561850543147505,0.004561850543147505,0.004561850543147505
0.498145,24,1,balanced_2000_0_2000_12000,balanced_2000_0_2000_12000,24,0.0045850048368982765,0.0045850048368982765,0.0045850048368982765
0.498146,24,1,balanced_2000_0_2000_12000,balanced_2000_0_2000_12000,24,0.004608159130647604,0.004608159130647604,0.004608159130647604
0.498147,24,1,balanced_2000_0_2000_12000,balanced_2000_0_2000_12000,24,0.0046313134243982645,0.0046313134243982645,0.0046313134243982645
0.498148,24,1,balanced_2000_0_2000_12000,balanced_2000_0_2000_12000,24,0.004654467718147592,0.004654467718147592,0.004654467718147592
0.498149,24,1,balanced_2000_0_2000_12000,balanced_2000_0_2000_12000,24,0.0046776220118982526,0.0046776220118982526,0.0046776220118982526
0.498150,24,1,balanced_2000_0_2000_12000,balanced_2000_0_2000_12000,24,0.0047007763056476914,0.0047007763056476914,0.0047007763056476914
0.498151,24,1,balanced_2000_0_2000_12000,balanced_2000_0_2000_12000,24,0.0047239305993982406,0.0047239305993982406,0.0047239305993982406
0.498152,24,1,balanced_2000_0_2000_12000,balanced_2000_0_2000_12000,24,0.004747084893147568,0.004747084893147568,0.004747084893147568
0.498153,24,1,balanced_2000_0_2000_12000,balanced_2000_0_2000_12000,24,0.00477023918689834,0.00477023918689834,0.00477023918689834
0.498154,24,1,balanced_2000_0_2000_12000,balanced_2000_0_2000_12000,24,0.0047933934806476675,0.0047933934806476675,0.0047933934806476675
0.498155,24,1,balanced_2000_0_2000_12000,balanced_2000_0_2000_12000,24,0.004816547774398328,0.004816547774398328,0.004816547774398328
0.498156,24,1,balanced_2000_0_2000_12000,balanced_2000_0_2000_12000,24,0.0048397020681476555,0.0048397020681476555,0.0048397020681476555
0.498157,24,1,balanced_2000_0_2000_12000,balanced_2000_0_2000_12000,24,0.004862856361898205,0.004862856361898205,0.004862856361898205
0.498158,24,1,balanced_2000_0_2000_12000,balanced_2000_0_2000_12000,24,0.0048860106556477545,0.0048860106556477545,0.0048860106556477545
0.498159,24,1,balanced_2000_0_2000_12000,balanced_2000_0_2000_12000,24,0.004909164949398415,0.004909164949398415,0.004909164949398415
0.498160,24,1,balanced_2000_0_2000_12000,balanced_2000_0_2000_12000,24,0.0049323192431477425,0.0049323192431477425,0.0049323192431477425
0.498161,24,1,balanced_2000_0_2000_12000,balanced_2000_0_2000_12000,24,0.004955473536898403,0.004955473536898403,0.004955473536898403
0.498162,24,1,balanced_2000_0_2000_12000,balanced_2000_0_2000_12000,24,0.0049786278306478415,0.0049786278306478415,0.0049786278306478415
0.498163,24,1,balanced_2000_0_2000_12000,balanced_2000_0_2000_12000,24,0.005001782124398391,0.005001782124398391,0.005001782124398391
0.498164,24,1,balanced_2000_0_2000_12000,balanced_2000_0_2000_12000,24,0.0050249364181477185,0.0050249364181477185,0.0050249364181477185
0.498165,24,1,balanced_2000_0_2000_12000,balanced_2000_0_2000_12000,24,0.005048090711897046,0.005048090711897046,0.005048090711897046
0.498166,24,1,balanced_2000_0_2000_12000,balanced_2000_0_2000_12000,24,0.0050712450056478175,0.0050712450056478175,0.0050712450056478175
0.498167,24,1,balanced_2000_0_2000_12000,balanced_2000_0_2000_12000,24,0.005094399299397034,0.005094399299397034,0.005094399299397034
0.498168,24,1,balanced_2000_0_2000_12000,balanced_2000_0_2000_12000,24,0.0051175535931478056,0.0051175535931478056,0.0051175535931478056
0.498169,24,1,balanced_2000_0_2000_12000,balanced_2000_0_2000_12000,24,0.0051407078868972444,0.0051407078868972444,0.0051407078868972444
0.498170,24,1,balanced_2000_0_2000_12000,balanced_2000_0_2000_12000,24,0.0051638621806477936,0.0051638621806477936,0.0051638621806477936
0.498171,24,1,balanced_2000_0_2000_12000,balanced_2000_0_2000_12000,24,0.0051870164743971214,0.0051870164743971214,0.0051870164743971214
0.498172,24,1,balanced_2000_0_2000_12000,balanced_2000_0_2000_12000,24,0.005210170768147782,0.005210170768147782,0.005210170768147782
0.498173,24,1,balanced_2000_0_2000_12000,balanced_2000_0_2000_12000,24,0.0052333250618972205,0.0052333250618972205,0.0052333250618972205
0.498174,24,1,balanced_2000_0_2000_12000,balanced_2000_0_2000_12000,24,0.00525647935564777,0.00525647935564777,0.00525647935564777
0.498175,24,1,balanced_2000_0_2000_12000,balanced_2000_0_2000_12000,24,0.0052796336493972085,0.0052796336493972085,0.0052796336493972085
0.498176,24,1,balanced_2000_0_2000_12000,balanced_2000_0_2000_12000,24,0.005302787943147869,0.005302787943147869,0.005302787943147869
0.498177,24,1,balanced_2000_0_2000_12000,balanced_2000_0_2000_12000,24,0.0053259422368973075,0.0053259422368973075,0.0053259422368973075
0.498178,24,1,balanced_2000_0_2000_12000,balanced_2000_0_2000_12000,24,0.005349096530647746,0.005349096530647746,0.005349096530647746
0.498179,24,1,balanced_2000_0_2000_12000,balanced_2000_0_2000_12000,24,0.0053722508243971845,0.0053722508243971845,0.0053722508243971845
0.498180,24,1,balanced_2000_0_2000_12000,balanced_2000_0_2000_12000,24,0.005395405118147845,0.005395405118147845,0.005395405118147845
0.498181,24,1,balanced_2000_0_2000_12000,balanced_2000_0_2000_12000,24,0.0054185594118971725,0.0054185594118971725,0.0054185594118971725
0.498182,24,1,balanced_2000_0_2000_12000,balanced_2000_0_2000_12000,24,0.005441713705647944,0.005441713705647944,0.005441713705647944
0.498183,24,1,balanced_2000_0_2000_12000,balanced_2000_0_2000_12000,24,0.0054648679993972715,0.0054648679993972715,0.0054648679993972715
0.498184,24,1,balanced_2000_0_2000_12000,balanced_2000_0_2000_12000,24,0.005488022293147821,0.005488022293147821,0.005488022293147821
0.498185,24,1,balanced_2000_0_2000_12000,balanced_2000_0_2000_12000,24,0.0055111765868972595,0.0055111765868972595,0.0055111765868972595
0.498186,24,1,balanced_2000_0_2000_12000,balanced_2000_0_2000_12000,24,0.00553433088064792,0.00553433088064792,0.00553433088064792
0.498187,24,1,balanced_2000_0_2000_12000,balanced_2000_0_2000_12000,24,0.0055574851743972475,0.0055574851743972475,0.0055574851743972475
0.498188,24,1,balanced_2000_0_2000_12000,balanced_2000_0_2000_12000,24,0.005580639468147908,0.005580639468147908,0.005580639468147908
0.498189,24,1,balanced_2000_0_2000_12000,balanced_2000_0_2000_12000,24,0.005603793761897347,0.005603793761897347,0.005603793761897347
0.498190,24,1,balanced_2000_0_2000_12000,balanced_2000_0_2000_12000,24,0.005626948055647896,0.005626948055647896,0.005626948055647896
0.498191,24,1,balanced_2000_0_2000_12000,balanced_2000_0_2000_12000,24,0.005650102349397335,0.005650102349397335,0.005650102349397335
0.498192,24,1,balanced_2000_0_2000_12000,balanced_2000_0_2000_12000,24,0.005673256643147995,0.005673256643147995,0.005673256643147995
0.498193,24,1,balanced_2000_0_2000_12000,balanced_2000_0_2000_12000,24,0.005696410936897323,0.005696410936897323,0.005696410936897323
0.498194,24,1,balanced_2000_0_2000_12000,balanced_2000_0_2000_12000,24,0.0057195652306467615,0.0057195652306467615,0.0057195652306467615
0.498195,24,1,balanced_2000_0_2000_12000,balanced_2000_0_2000_12000,24,0.005742719524397311,0.005742719524397311,0.005742719524397311
0.498196,24,1,balanced_2000_0_2000_12000,balanced_2000_0_2000_12000,24,0.0057658738181467495,0.0057658738181467495,0.0057658738181467495
0.498197,24,1,balanced_2000_0_2000_12000,balanced_2000_0_2000_12000,24,0.00578902811189741,0.00578902811189741,0.00578902811189741
0.498198,24,1,balanced_2000_0_2000_12000,balanced_2000_0_2000_12000,24,0.0058121824056467375,0.0058121824056467375,0.0058121824056467375
0.498199,24,1,balanced_2000_0_2000_12000,balanced_2000_0_2000_12000,24,0.005835336699397398,0.005835336699397398,0.005835336699397398
0.498200,24,1,balanced_2000_0_2000_12000,balanced_2000_0_2000_12000,24,0.0058584909931467255,0.0058584909931467255,0.0058584909931467255
0.498201,24,1,balanced_2000_0_2000_12000,balanced_2000_0_2000_12000,24,0.005881645286897386,0.005881645286897386,0.005881645286897386
0.498202,24,1,balanced_2000_0_2000_12000,balanced_2000_0_2000_12000,24,0.0059047995806468245,0.0059047995806468245,0.0059047995806468245
0.498203,24,1,balanced_2000_0_2000_12000,balanced_2000_0_2000_12000,24,0.005927953874397485,0.005927953874397485,0.005927953874397485
0.498204,24,1,balanced_2000_0_2000_12000,balanced_2000_0_2000_12000,24,0.0059511081681468125,0.0059511081681468125,0.0059511081681468125
0.498205,24,1,balanced_2000_0_2000_12000,balanced_2000_0_2000_12000,24,0.005974262461897473,0.005974262461897473,0.005974262461897473
0.498206,24,1,balanced_2000_0_2000_12000,balanced_2000_0_2000_12000,24,0.005997416755646912,0.005997416755646912,0.005997416755646912
0.498207,24,1,balanced_2000_0_2000_12000,balanced_2000_0_2000_12000,24,0.006020571049397461,0.006020571049397461,0.006020571049397461
0.498208,24,1,balanced_2000_0_2000_12000,balanced_2000_0_2000_12000,24,0.0060437253431467886,0.0060437253431467886,0.0060437253431467886
0.498209,24,1,balanced_2000_0_2000_12000,balanced_2000_0_2000_12000,24,0.00606687963689756,0.00606687963689756,0.00606687963689756
0.498210,24,1,balanced_2000_0_2000_12000,balanced_2000_0_2000_12000,24,0.006090033930646888,0.006090033930646888,0.006090033930646888
0.498211,24,1,balanced_2000_0_2000_12000,balanced_2000_0_2000_12000,24,0.006113188224397437,0.006113188224397437,0.006113188224397437
0.498212,24,1,balanced_2000_0_2000_12000,balanced_2000_0_2000_12000,24,0.006136342518146876,0.006136342518146876,0.006136342518146876
0.498213,24,1,balanced_2000_0_2000_12000,balanced_2000_0_2000_12000,24,0.006159496811897536,0.006159496811897536,0.006159496811897536
0.498214,24,1,balanced_2000_0_2000_12000,balanced_2000_0_2000_12000,24,0.006182651105646864,0.006182651105646864,0.006182651105646864
0.498215,24,1,balanced_2000_0_2000_12000,balanced_2000_0_2000_12000,24,0.006205805399397524,0.006205805399397524,0.006205805399397524
0.498216,24,1,balanced_2000_0_2000_12000,balanced_2000_0_2000_12000,24,0.006228959693146852,0.006228959693146852,0.006228959693146852
0.498217,24,1,balanced_2000_0_2000_12000,balanced_2000_0_2000_12000,24,0.006252113986897512,0.006252113986897512,0.006252113986897512
0.498218,24,1,balanced_2000_0_2000_12000,balanced_2000_0_2000_12000,24,0.00627526828064684,0.00627526828064684,0.00627526828064684
0.498219,24,1,balanced_2000_0_2000_12000,balanced_2000_0_2000_12000,24,0.006298422574397611,0.006298422574397611,0.006298422574397611
0.498220,24,1,balanced_2000_0_2000_12000,balanced_2000_0_2000_12000,24,0.00632157686814705,0.00632157686814705,0.00632157686814705
0.498221,24,1,balanced_2000_0_2000_12000,balanced_2000_0_2000_12000,24,0.0063447311618962665,0.0063447311618962665,0.0063447311618962665
0.498222,24,1,balanced_2000_0_2000_12000,balanced_2000_0_2000_12000,24,0.006367885455646927,0.006367885455646927,0.006367885455646927
0.498223,24,1,balanced_2000_0_2000_12000,balanced_2000_0_2000_12000,24,0.0063910397493962545,0.0063910397493962545,0.0063910397493962545
0.498224,24,1,balanced_2000_0_2000_12000,balanced_2000_0_2000_12000,24,0.006414194043146915,0.006414194043146915,0.006414194043146915
0.498225,24,1,balanced_2000_0_2000_12000,balanced_2000_0_2000_12000,24,0.0064373483368963536,0.0064373483368963536,0.0064373483368963536
0.498226,24,1,balanced_2000_0_2000_12000,balanced_2000_0_2000_12000,24,0.006460502630647014,0.006460502630647014,0.006460502630647014
0.498227,24,1,balanced_2000_0_2000_12000,balanced_2000_0_2000_12000,24,0.0064836569243963416,0.0064836569243963416,0.0064836569243963416
0.498228,24,1,balanced_2000_0_2000_12000,balanced_2000_0_2000_12000,24,0.006506811218147002,0.006506811218147002,0.006506811218147002
0.498229,24,1,balanced_2000_0_2000_12000,balanced_2000_0_2000_12000,24,0.00652996551189633,0.00652996551189633,0.00652996551189633
0.498230,24,1,balanced_2000_0_2000_12000,balanced_2000_0_2000_12000,24,0.00655311980564699,0.00655311980564699,0.00655311980564699
0.498231,24,1,balanced_2000_0_2000_12000,balanced_2000_0_2000_12000,24,0.006576274099396429,0.006576274099396429,0.006576274099396429
0.498232,24,1,balanced_2000_0_2000_12000,balanced_2000_0_2000_12000,24,0.006599428393146978,0.006599428393146978,0.006599428393146978
0.498233,24,1,balanced_2000_0_2000_12000,balanced_2000_0_2000_12000,24,0.006622582686896417,0.006622582686896417,0.006622582686896417
0.498234,24,1,balanced_2000_0_2000_12000,balanced_2000_0_2000_12000,24,0.006645736980646966,0.006645736980646966,0.006645736980646966
0.498235,24,1,balanced_2000_0_2000_12000,balanced_2000_0_2000_12000,24,0.006668891274396405,0.006668891274396405,0.006668891274396405
0.498236,24,1,balanced_2000_0_2000_12000,balanced_2000_0_2000_12000,24,0.006692045568147176,0.006692045568147176,0.006692045568147176
0.498237,24,1,balanced_2000_0_2000_12000,balanced_2000_0_2000_12000,24,0.006715199861896504,0.006715199861896504,0.006715199861896504
0.498238,24,1,balanced_2000_0_2000_12000,balanced_2000_0_2000_12000,24,0.006738354155647053,0.006738354155647053,0.006738354155647053
0.498239,24,1,balanced_2000_0_2000_12000,balanced_2000_0_2000_12000,24,0.006761508449396381,0.006761508449396381,0.006761508449396381
0.498240,24,1,balanced_2000_0_2000_12000,balanced_2000_0_2000_12000,24,0.006784662743147041,0.006784662743147041,0.006784662743147041
0.498241,24,1,balanced_2000_0_2000_12000,balanced_2000_0_2000_12000,24,0.00680781703689648,0.00680781703689648,0.00680781703689648
0.498242,24,1,balanced_2000_0_2000_12000,balanced_2000_0_2000_12000,24,0.00683097133064714,0.00683097133064714,0.00683097133064714
0.498243,24,1,balanced_2000_0_2000_12000,balanced_2000_0_2000_12000,24,0.006854125624396468,0.006854125624396468,0.006854125624396468
0.498244,24,1,balanced_2000_0_2000_12000,balanced_2000_0_2000_12000,24,0.006877279918147128,0.006877279918147128,0.006877279918147128
0.498245,24,1,balanced_2000_0_2000_12000,balanced_2000_0_2000_12000,24,0.006900434211896345,0.006900434211896345,0.006900434211896345
0.498246,24,1,balanced_2000_0_2000_12000,balanced_2000_0_2000_12000,24,0.006923588505647116,0.006923588505647116,0.006923588505647116
0.498247,24,1,balanced_2000_0_2000_12000,balanced_2000_0_2000_12000,24,0.006946742799396555,0.006946742799396555,0.006946742799396555
0.498248,24,1,balanced_2000_0_2000_12000,balanced_2000_0_2000_12000,24,0.006969897093147104,0.006969897093147104,0.006969897093147104
0.498249,24,1,balanced_2000_0_2000_12000,balanced_2000_0_2000_12000,24,0.006993051386896543,0.006993051386896543,0.006993051386896543
0.498250,24,1,balanced_2000_0_2000_12000,balanced_2000_0_2000_12000,24,0.007016205680645871,0.007016205680645871,0.007016205680645871
0.498251,24,1,balanced_2000_0_2000_12000,balanced_2000_0_2000_12000,24,0.007039359974396531,0.007039359974396531,0.007039359974396531
0.498252,24,1,balanced_2000_0_2000_12000,balanced_2000_0_2000_12000,24,0.007062514268145859,0.007062514268145859,0.007062514268145859
0.498253,24,1,balanced_2000_0_2000_12000,balanced_2000_0_2000_12000,24,0.007085668561896519,0.007085668561896519,0.007085668561896519
0.498254,24,1,balanced_2000_0_2000_12000,balanced_2000_0_2000_12000,24,0.007108822855645958,0.007108822855645958,0.007108822855645958
0.498255,24,1,balanced_2000_0_2000_12000,balanced_2000_0_2000_12000,24,0.007131977149396618,0.007131977149396618,0.007131977149396618
0.498256,24,1,balanced_2000_0_2000_12000,balanced_2000_0_2000_12000,24,0.007155131443145946,0.007155131443145946,0.007155131443145946
0.498257,24,1,balanced_2000_0_2000_12000,balanced_2000_0_2000_12000,24,0.007178285736896717,0.007178285736896717,0.007178285736896717
0.498258,24,1,balanced_2000_0_2000_12000,balanced_2000_0_2000_12000,24,0.007201440030645934,0.007201440030645934,0.007201440030645934
0.498259,24,1,balanced_2000_0_2000_12000,balanced_2000_0_2000_12000,24,0.007224594324396705,0.007224594324396705,0.007224594324396705
0.498260,24,1,balanced_2000_0_2000_12000,balanced_2000_0_2000_12000,24,0.007247748618145922,0.007247748618145922,0.007247748618145922
0.498261,24,1,balanced_2000_0_2000_12000,balanced_2000_0_2000_12000,24,0.007270902911896582,0.007270902911896582,0.007270902911896582
0.498262,24,1,balanced_2000_0_2000_12000,balanced_2000_0_2000_12000,24,0.00729405720564591,0.00729405720564591,0.00729405720564591
0.498263,24,1,balanced_2000_0_2000_12000,balanced_2000_0_2000_12000,24,0.007317211499396681,0.007317211499396681,0.007317211499396681
0.498264,24,1,balanced_2000_0_2000_12000,balanced_2000_0_2000_12000,24,0.00734036579314612,0.00734036579314612,0.00734036579314612
0.498265,24,1,balanced_2000_0_2000_12000,balanced_2000_0_2000_12000,24,0.007363520086896669,0.007363520086896669,0.007363520086896669
0.498266,24,1,balanced_2000_0_2000_12000,balanced_2000_0_2000_12000,24,0.007386674380645997,0.007386674380645997,0.007386674380645997
0.498267,24,1,balanced_2000_0_2000_12000,balanced_2000_0_2000_12000,24,0.007409828674396657,0.007409828674396657,0.007409828674396657
0.498268,24,1,balanced_2000_0_2000_12000,balanced_2000_0_2000_12000,24,0.007432982968146096,0.007432982968146096,0.007432982968146096
0.498269,24,1,balanced_2000_0_2000_12000,balanced_2000_0_2000_12000,24,0.007456137261896645,0.007456137261896645,0.007456137261896645
0.498270,24,1,balanced_2000_0_2000_12000,balanced_2000_0_2000_12000,24,0.007479291555646084,0.007479291555646084,0.007479291555646084
0.498271,24,1,balanced_2000_0_2000_12000,balanced_2000_0_2000_12000,24,0.007502445849396744,0.007502445849396744,0.007502445849396744
0.498272,24,1,balanced_2000_0_2000_12000,balanced_2000_0_2000_12000,24,0.007525600143146072,0.007525600143146072,0.007525600143146072
0.498273,24,1,balanced_2000_0_2000_12000,balanced_2000_0_2000_12000,24,0.007548754436896843,0.007548754436896843,0.007548754436896843
0.498274,24,1,balanced_2000_0_2000_12000,balanced_2000_0_2000_12000,24,0.007571908730646171,0.007571908730646171,0.007571908730646171
0.498275,24,1,balanced_2000_0_2000_12000,balanced_2000_0_2000_12000,24,0.007595063024396831,0.007595063024396831,0.007595063024396831
0.498276,24,1,balanced_2000_0_2000_12000,balanced_2000_0_2000_12000,24,0.007618217318146159,0.007618217318146159,0.007618217318146159
0.498277,24,1,balanced_2000_0_2000_12000,balanced_2000_0_2000_12000,24,0.007641371611895487,0.007641371611895487,0.007641371611895487
0.498278,24,1,balanced_2000_0_2000_12000,balanced_2000_0_2000_12000,24,0.007664525905646147,0.007664525905646147,0.007664525905646147
0.498279,24,1,balanced_2000_0_2000_12000,balanced_2000_0_2000_12000,24,0.007687680199395475,0.007687680199395475,0.007687680199395475
0.498280,24,1,balanced_2000_0_2000_12000,balanced_2000_0_2000_12000,24,0.007710834493146135,0.007710834493146135,0.007710834493146135
0.498281,24,1,balanced_2000_0_2000_12000,balanced_2000_0_2000_12000,24,0.007733988786895463,0.007733988786895463,0.007733988786895463
0.498282,24,1,balanced_2000_0_2000_12000,balanced_2000_0_2000_12000,24,0.007757143080646123,0.007757143080646123,0.007757143080646123
0.498283,24,1,balanced_2000_0_2000_12000,balanced_2000_0_2000_12000,24,0.007780297374395562,0.007780297374395562,0.007780297374395562
0.498284,24,1,balanced_2000_0_2000_12000,balanced_2000_0_2000_12000,24,0.007803451668146111,0.007803451668146111,0.007803451668146111
0.498285,24,1,balanced_2000_0_2000_12000,balanced_2000_0_2000_12000,24,0.00782660596189566,0.00782660596189566,0.00782660596189566
0.498286,24,1,balanced_2000_0_2000_12000,balanced_2000_0_2000_12000,24,0.00784976025564621,0.00784976025564621,0.00784976025564621
0.498287,24,1,balanced_2000_0_2000_12000,balanced_2000_0_2000_12000,24,0.007872914549395649,0.007872914549395649,0.007872914549395649
0.498288,24,1,balanced_2000_0_2000_12000,balanced_2000_0_2000_12000,24,0.007896068843146198,0.007896068843146198,0.007896068843146198
0.498289,24,1,balanced_2000_0_2000_12000,balanced_2000_0_2000_12000,24,0.007919223136895526,0.007919223136895526,0.007919223136895526
0.498290,24,1,balanced_2000_0_2000_12000,balanced_2000_0_2000_12000,24,0.007942377430646297,0.007942377430646297,0.007942377430646297
0.498291,24,1,balanced_2000_0_2000_12000,balanced_2000_0_2000_12000,24,0.007965531724395625,0.007965531724395625,0.007965531724395625
0.498292,24,1,balanced_2000_0_2000_12000,balanced_2000_0_2000_12000,24,0.007988686018146285,0.007988686018146285,0.007988686018146285
0.498293,24,1,balanced_2000_0_2000_12000,balanced_2000_0_2000_12000,24,0.008011840311895613,0.008011840311895613,0.008011840311895613
0.498294,24,1,balanced_2000_0_2000_12000,balanced_2000_0_2000_12000,24,0.008034994605646384,0.008034994605646384,0.008034994605646384
0.498295,24,1,balanced_2000_0_2000_12000,balanced_2000_0_2000_12000,24,0.008058148899395712,0.008058148899395712,0.008058148899395712
0.498296,24,1,balanced_2000_0_2000_12000,balanced_2000_0_2000_12000,24,0.008081303193146261,0.008081303193146261,0.008081303193146261
0.498297,24,1,balanced_2000_0_2000_12000,balanced_2000_0_2000_12000,24,0.008104457486895589,0.008104457486895589,0.008104457486895589
0.498298,24,1,balanced_2000_0_2000_12000,balanced_2000_0_2000_12000,24,0.008127611780646249,0.008127611780646249,0.008127611780646249
0.498299,24,1,balanced_2000_0_2000_12000,balanced_2000_0_2000_12000,24,0.008150766074395688,0.008150766074395688,0.008150766074395688
0.498300,24,1,balanced_2000_0_2000_12000,balanced_2000_0_2000_12000,24,0.008173920368146348,0.008173920368146348,0.008173920368146348
0.498301,24,1,balanced_2000_0_2000_12000,balanced_2000_0_2000_12000,24,0.008197074661895676,0.008197074661895676,0.008197074661895676
0.498302,24,1,balanced_2000_0_2000_12000,balanced_2000_0_2000_12000,24,0.008220228955646447,0.008220228955646447,0.008220228955646447
0.498303,24,1,balanced_2000_0_2000_12000,balanced_2000_0_2000_12000,24,0.008243383249395664,0.008243383249395664,0.008243383249395664
0.498304,24,1,balanced_2000_0_2000_12000,balanced_2000_0_2000_12000,24,0.008266537543145103,0.008266537543145103,0.008266537543145103
0.498305,24,1,balanced_2000_0_2000_12000,balanced_2000_0_2000_12000,24,0.008289691836895763,0.008289691836895763,0.008289691836895763
0.498306,24,1,balanced_2000_0_2000_12000,balanced_2000_0_2000_12000,24,0.00831284613064509,0.00831284613064509,0.00831284613064509
0.498307,24,1,balanced_2000_0_2000_12000,balanced_2000_0_2000_12000,24,0.00833600042439564,0.00833600042439564,0.00833600042439564
0.498308,24,1,balanced_2000_0_2000_12000,balanced_2000_0_2000_12000,24,0.008359154718145079,0.008359154718145079,0.008359154718145079
0.498309,24,1,balanced_2000_0_2000_12000,balanced_2000_0_2000_12000,24,0.00838230901189585,0.00838230901189585,0.00838230901189585
0.498310,24,1,balanced_2000_0_2000_12000,balanced_2000_0_2000_12000,24,0.008405463305645178,0.008405463305645178,0.008405463305645178
0.498311,24,1,balanced_2000_0_2000_12000,balanced_2000_0_2000_12000,24,0.008428617599395838,0.008428617599395838,0.008428617599395838
0.498312,24,1,balanced_2000_0_2000_12000,balanced_2000_0_2000_12000,24,0.008451771893145166,0.008451771893145166,0.008451771893145166
0.498313,24,1,balanced_2000_0_2000_12000,balanced_2000_0_2000_12000,24,0.008474926186895826,0.008474926186895826,0.008474926186895826
0.498314,24,1,balanced_2000_0_2000_12000,balanced_2000_0_2000_12000,24,0.008498080480645265,0.008498080480645265,0.008498080480645265
0.498315,24,1,balanced_2000_0_2000_12000,balanced_2000_0_2000_12000,24,0.008521234774395814,0.008521234774395814,0.008521234774395814
0.498316,24,1,balanced_2000_0_2000_12000,balanced_2000_0_2000_12000,24,0.008544389068145142,0.008544389068145142,0.008544389068145142
0.498317,24,1,balanced_2000_0_2000_12000,balanced_2000_0_2000_12000,24,0.008567543361895913,0.008567543361895913,0.008567543361895913
0.498318,24,1,balanced_2000_0_2000_12000,balanced_2000_0_2000_12000,24,0.00859069765564524,0.00859069765564524,0.00859069765564524
0.498319,24,1,balanced_2000_0_2000_12000,balanced_2000_0_2000_12000,24,0.008613851949395679,0.008613851949395679,0.008613851949395679
0.498320,24,1,balanced_2000_0_2000_12000,balanced_2000_0_2000_12000,24,0.008637006243145229,0.008637006243145229,0.008637006243145229
0.498321,24,1,balanced_2000_0_2000_12000,balanced_2000_0_2000_12000,24,0.008660160536895889,0.008660160536895889,0.008660160536895889
0.498322,24,1,balanced_2000_0_2000_12000,balanced_2000_0_2000_12000,24,0.008683314830645328,0.008683314830645328,0.008683314830645328
0.498323,24,1,balanced_2000_0_2000_12000,balanced_2000_0_2000_12000,24,0.008706469124395988,0.008706469124395988,0.008706469124395988
0.498324,24,1,balanced_2000_0_2000_12000,balanced_2000_0_2000_12000,24,0.008729623418145205,0.008729623418145205,0.008729623418145205
0.498325,24,1,balanced_2000_0_2000_12000,balanced_2000_0_2000_12000,24,0.008752777711895865,0.008752777711895865,0.008752777711895865
0.498326,24,1,balanced_2000_0_2000_12000,balanced_2000_0_2000_12000,24,0.008775932005645304,0.008775932005645304,0.008775932005645304
0.498327,24,1,balanced_2000_0_2000_12000,balanced_2000_0_2000_12000,24,0.008799086299395853,0.008799086299395853,0.008799086299395853
0.498328,24,1,balanced_2000_0_2000_12000,balanced_2000_0_2000_12000,24,0.008822240593145292,0.008822240593145292,0.008822240593145292
0.498329,24,1,balanced_2000_0_2000_12000,balanced_2000_0_2000_12000,24,0.008845394886896063,0.008845394886896063,0.008845394886896063
0.498330,24,1,balanced_2000_0_2000_12000,balanced_2000_0_2000_12000,24,0.00886854918064528,0.00886854918064528,0.00886854918064528
0.498331,24,1,balanced_2000_0_2000_12000,balanced_2000_0_2000_12000,24,0.008891703474394608,0.008891703474394608,0.008891703474394608
0.498332,24,1,balanced_2000_0_2000_12000,balanced_2000_0_2000_12000,24,0.008914857768145379,0.008914857768145379,0.008914857768145379
0.498333,24,1,balanced_2000_0_2000_12000,balanced_2000_0_2000_12000,24,0.008938012061894707,0.008938012061894707,0.008938012061894707
0.498334,24,1,balanced_2000_0_2000_12000,balanced_2000_0_2000_12000,24,0.008961166355645256,0.008961166355645256,0.008961166355645256
0.498335,24,1,balanced_2000_0_2000_12000,balanced_2000_0_2000_12000,24,0.008984320649394695,0.008984320649394695,0.008984320649394695
0.498336,24,1,balanced_2000_0_2000_12000,balanced_2000_0_2000_12000,24,0.009007474943145244,0.009007474943145244,0.009007474943145244
0.498337,24,1,balanced_2000_0_2000_12000,balanced_2000_0_2000_12000,24,0.009030629236894683,0.009030629236894683,0.009030629236894683
0.498338,24,1,balanced_2000_0_2000_12000,balanced_2000_0_2000_12000,24,0.009053783530645343,0.009053783530645343,0.009053783530645343
0.498339,24,1,balanced_2000_0_2000_12000,balanced_2000_0_2000_12000,24,0.00907693782439467,0.00907693782439467,0.00907693782439467
0.498340,24,1,balanced_2000_0_2000_12000,balanced_2000_0_2000_12000,24,0.009100092118145442,0.009100092118145442,0.009100092118145442
0.498341,24,1,balanced_2000_0_2000_12000,balanced_2000_0_2000_12000,24,0.00912324641189488,0.00912324641189488,0.00912324641189488
0.498342,24,1,balanced_2000_0_2000_12000,balanced_2000_0_2000_12000,24,0.009146400705645319,0.009146400705645319,0.009146400705645319
0.498343,24,1,balanced_2000_0_2000_12000,balanced_2000_0_2000_12000,24,0.009169554999394758,0.009169554999394758,0.009169554999394758
0.498344,24,1,balanced_2000_0_2000_12000,balanced_2000_0_2000_12000,24,0.009192709293145529,0.009192709293145529,0.009192709293145529
0.498345,24,1,balanced_2000_0_2000_12000,balanced_2000_0_2000_12000,24,0.009215863586894857,0.009215863586894857,0.009215863586894857
0.498346,24,1,balanced_2000_0_2000_12000,balanced_2000_0_2000_12000,24,0.009239017880645406,0.009239017880645406,0.009239017880645406
0.498347,24,1,balanced_2000_0_2000_12000,balanced_2000_0_2000_12000,24,0.009262172174394845,0.009262172174394845,0.009262172174394845
0.498348,24,1,balanced_2000_0_2000_12000,balanced_2000_0_2000_12000,24,0.009285326468145394,0.009285326468145394,0.009285326468145394
0.498349,24,1,balanced_2000_0_2000_12000,balanced_2000_0_2000_12000,24,0.009308480761894833,0.009308480761894833,0.009308480761894833
0.498350,24,1,balanced_2000_0_2000_12000,balanced_2000_0_2000_12000,24,0.009331635055645493,0.009331635055645493,0.009331635055645493
0.498351,24,1,balanced_2000_0_2000_12000,balanced_2000_0_2000_12000,24,0.009354789349394821,0.009354789349394821,0.009354789349394821
0.498352,24,1,balanced_2000_0_2000_12000,balanced_2000_0_2000_12000,24,0.009377943643145481,0.009377943643145481,0.009377943643145481
0.498353,24,1,balanced_2000_0_2000_12000,balanced_2000_0_2000_12000,24,0.009401097936894809,0.009401097936894809,0.009401097936894809
0.498354,24,1,balanced_2000_0_2000_12000,balanced_2000_0_2000_12000,24,0.009424252230645469,0.009424252230645469,0.009424252230645469
0.498355,24,1,balanced_2000_0_2000_12000,balanced_2000_0_2000_12000,24,0.009447406524394797,0.009447406524394797,0.009447406524394797
0.498356,24,1,balanced_2000_0_2000_12000,balanced_2000_0_2000_12000,24,0.009470560818145568,0.009470560818145568,0.009470560818145568
0.498357,24,1,balanced_2000_0_2000_12000,balanced_2000_0_2000_12000,24,0.009493715111894896,0.009493715111894896,0.009493715111894896
0.498358,24,1,balanced_2000_0_2000_12000,balanced_2000_0_2000_12000,24,0.009516869405645556,0.009516869405645556,0.009516869405645556
0.498359,24,1,balanced_2000_0_2000_12000,balanced_2000_0_2000_12000,24,0.009540023699394995,0.009540023699394995,0.009540023699394995
0.498360,24,1,balanced_2000_0_2000_12000,balanced_2000_0_2000_12000,24,0.009563177993144212,0.009563177993144212,0.009563177993144212
0.498361,24,1,balanced_2000_0_2000_12000,balanced_2000_0_2000_12000,24,0.009586332286894983,0.009586332286894983,0.009586332286894983
0.498362,24,1,balanced_2000_0_2000_12000,balanced_2000_0_2000_12000,24,0.00960948658064431,0.00960948658064431,0.00960948658064431
0.498363,24,1,balanced_2000_0_2000_12000,balanced_2000_0_2000_12000,24,0.009632640874394971,0.009632640874394971,0.009632640874394971
0.498364,24,1,balanced_2000_0_2000_12000,balanced_2000_0_2000_12000,24,0.009655795168144299,0.009655795168144299,0.009655795168144299
0.498365,24,1,balanced_2000_0_2000_12000,balanced_2000_0_2000_12000,24,0.009678949461894959,0.009678949461894959,0.009678949461894959
0.498366,24,1,balanced_2000_0_2000_12000,balanced_2000_0_2000_12000,24,0.009702103755644287,0.009702103755644287,0.009702103755644287
0.498367,24,1,balanced_2000_0_2000_12000,balanced_2000_0_2000_12000,24,0.009725258049395058,0.009725258049395058,0.009725258049395058
0.498368,24,1,balanced_2000_0_2000_12000,balanced_2000_0_2000_12000,24,0.009748412343144275,0.009748412343144275,0.009748412343144275
0.498369,24,1,balanced_2000_0_2000_12000,balanced_2000_0_2000_12000,24,0.009771566636895046,0.009771566636895046,0.009771566636895046
0.498370,24,1,balanced_2000_0_2000_12000,balanced_2000_0_2000_12000,24,0.009794720930644263,0.009794720930644263,0.009794720930644263
0.498371,24,1,balanced_2000_0_2000_12000,balanced_2000_0_2000_12000,24,0.009817875224395034,0.009817875224395034,0.009817875224395034
0.498372,24,1,balanced_2000_0_2000_12000,balanced_2000_0_2000_12000,24,0.009841029518144362,0.009841029518144362,0.009841029518144362
0.498373,24,1,balanced_2000_0_2000_12000,balanced_2000_0_2000_12000,24,0.009864183811895022,0.009864183811895022,0.009864183811895022
0.498374,24,1,balanced_2000_0_2000_12000,balanced_2000_0_2000_12000,24,0.009887338105644461,0.009887338105644461,0.009887338105644461
0.498375,24,1,balanced_2000_0_2000_12000,balanced_2000_0_2000_12000,24,0.00991049239939501,0.00991049239939501,0.00991049239939501
0.498376,24,1,balanced_2000_0_2000_12000,balanced_2000_0_2000_12000,24,0.009933646693144449,0.009933646693144449,0.009933646693144449
0.498377,24,1,balanced_2000_0_2000_12000,balanced_2000_0_2000_12000,24,0.009956800986895109,0.009956800986895109,0.009956800986895109
0.498378,24,1,balanced_2000_0_2000_12000,balanced_2000_0_2000_12000,24,0.009979955280644548,0.009979955280644548,0.009979955280644548
0.498379,24,1,balanced_2000_0_2000_12000,balanced_2000_0_2000_12000,24,0.010003109574395097,0.010003109574395097,0.010003109574395097
0.498380,24,1,balanced_2000_0_2000_12000,balanced_2000_0_2000_12000,24,0.010026263868144536,0.010026263868144536,0.010026263868144536
0.498381,24,1,balanced_2000_0_2000_12000,balanced_2000_0_2000_12000,24,0.010049418161895085,0.010049418161895085,0.010049418161895085
0.498382,24,1,balanced_2000_0_2000_12000,balanced_2000_0_2000_12000,24,0.010072572455644524,0.010072572455644524,0.010072572455644524
0.498383,24,1,balanced_2000_0_2000_12000,balanced_2000_0_2000_12000,24,0.010095726749395073,0.010095726749395073,0.010095726749395073
0.498384,24,1,balanced_2000_0_2000_12000,balanced_2000_0_2000_12000,24,0.010118881043144401,0.010118881043144401,0.010118881043144401
0.498385,24,1,balanced_2000_0_2000_12000,balanced_2000_0_2000_12000,24,0.010142035336895172,0.010142035336895172,0.010142035336895172
0.498386,24,1,balanced_2000_0_2000_12000,balanced_2000_0_2000_12000,24,0.0101651896306445,0.0101651896306445,0.0101651896306445
0.498387,24,1,balanced_2000_0_2000_12000,balanced_2000_0_2000_12000,24,0.010188343924393828,0.010188343924393828,0.010188343924393828
0.498388,24,1,balanced_2000_0_2000_12000,balanced_2000_0_2000_12000,24,0.010211498218144488,0.010211498218144488,0.010211498218144488
0.498389,24,1,balanced_2000_0_2000_12000,balanced_2000_0_2000_12000,24,0.010234652511893927,0.010234652511893927,0.010234652511893927
0.498390,24,1,balanced_2000_0_2000_12000,balanced_2000_0_2000_12000,24,0.010257806805644476,0.010257806805644476,0.010257806805644476
0.498391,24,1,balanced_2000_0_2000_12000,balanced_2000_0_2000_12000,24,0.010280961099393915,0.010280961099393915,0.010280961099393915
0.498392,24,1,balanced_2000_0_2000_12000,balanced_2000_0_2000_12000,24,0.010304115393144575,0.010304115393144575,0.010304115393144575
0.498393,24,1,balanced_2000_0_2000_12000,balanced_2000_0_2000_12000,24,0.010327269686893903,0.010327269686893903,0.010327269686893903
0.498394,24,1,balanced_2000_0_2000_12000,balanced_2000_0_2000_12000,24,0.010350423980644452,0.010350423980644452,0.010350423980644452
0.498395,24,1,balanced_2000_0_2000_12000,balanced_2000_0_2000_12000,24,0.010373578274394002,0.010373578274394002,0.010373578274394002
0.498396,24,1,balanced_2000_0_2000_12000,balanced_2000_0_2000_12000,24,0.010396732568144662,0.010396732568144662,0.010396732568144662
0.498397,24,1,balanced_2000_0_2000_12000,balanced_2000_0_2000_12000,24,0.010419886861893879,0.010419886861893879,0.010419886861893879
0.498398,24,1,balanced_2000_0_2000_12000,balanced_2000_0_2000_12000,24,0.01044304115564465,0.01044304115564465,0.01044304115564465
0.498399,24,1,balanced_2000_0_2000_12000,balanced_2000_0_2000_12000,24,0.010466195449393867,0.010466195449393867,0.010466195449393867
0.498400,24,1,balanced_2000_0_2000_12000,balanced_2000_0_2000_12000,24,0.010489349743144638,0.010489349743144638,0.010489349743144638
0.498401,24,1,balanced_2000_0_2000_12000,balanced_2000_0_2000_12000,24,0.010512504036893966,0.010512504036893966,0.010512504036893966
0.498402,24,1,balanced_2000_0_2000_12000,balanced_2000_0_2000_12000,24,0.010535658330644626,0.010535658330644626,0.010535658330644626
0.498403,24,1,balanced_2000_0_2000_12000,balanced_2000_0_2000_12000,24,0.010558812624393954,0.010558812624393954,0.010558812624393954
0.498404,24,1,balanced_2000_0_2000_12000,balanced_2000_0_2000_12000,24,0.010581966918144614,0.010581966918144614,0.010581966918144614
0.498405,24,1,balanced_2000_0_2000_12000,balanced_2000_0_2000_12000,24,0.010605121211894053,0.010605121211894053,0.010605121211894053
0.498406,24,1,balanced_2000_0_2000_12000,balanced_2000_0_2000_12000,24,0.010628275505644713,0.010628275505644713,0.010628275505644713
0.498407,24,1,balanced_2000_0_2000_12000,balanced_2000_0_2000_12000,24,0.010651429799394041,0.010651429799394041,0.010651429799394041
0.498408,24,1,balanced_2000_0_2000_12000,balanced_2000_0_2000_12000,24,0.010674584093144701,0.010674584093144701,0.010674584093144701
0.498409,24,1,balanced_2000_0_2000_12000,balanced_2000_0_2000_12000,24,0.010697738386894029,0.010697738386894029,0.010697738386894029
0.498410,24,1,balanced_2000_0_2000_12000,balanced_2000_0_2000_12000,24,0.01072089268064469,0.01072089268064469,0.01072089268064469
0.498411,24,1,balanced_2000_0_2000_12000,balanced_2000_0_2000_12000,24,0.010744046974394017,0.010744046974394017,0.010744046974394017
0.498412,24,1,balanced_2000_0_2000_12000,balanced_2000_0_2000_12000,24,0.010767201268144677,0.010767201268144677,0.010767201268144677
0.498413,24,1,balanced_2000_0_2000_12000,balanced_2000_0_2000_12000,24,0.010790355561894116,0.010790355561894116,0.010790355561894116
0.498414,24,1,balanced_2000_0_2000_12000,balanced_2000_0_2000_12000,24,0.010813509855644665,0.010813509855644665,0.010813509855644665
0.498415,24,1,balanced_2000_0_2000_12000,balanced_2000_0_2000_12000,24,0.010836664149394104,0.010836664149394104,0.010836664149394104
0.498416,24,1,balanced_2000_0_2000_12000,balanced_2000_0_2000_12000,24,0.010859818443143432,0.010859818443143432,0.010859818443143432
0.498417,24,1,balanced_2000_0_2000_12000,balanced_2000_0_2000_12000,24,0.010882972736894092,0.010882972736894092,0.010882972736894092
0.498418,24,1,balanced_2000_0_2000_12000,balanced_2000_0_2000_12000,24,0.010906127030643531,0.010906127030643531,0.010906127030643531
0.498419,24,1,balanced_2000_0_2000_12000,balanced_2000_0_2000_12000,24,0.010929281324394191,0.010929281324394191,0.010929281324394191
0.498420,24,1,balanced_2000_0_2000_12000,balanced_2000_0_2000_12000,24,0.010952435618143408,0.010952435618143408,0.010952435618143408
0.498421,24,1,balanced_2000_0_2000_12000,balanced_2000_0_2000_12000,24,0.010975589911894068,0.010975589911894068,0.010975589911894068
0.498422,24,1,balanced_2000_0_2000_12000,balanced_2000_0_2000_12000,24,0.010998744205643507,0.010998744205643507,0.010998744205643507
0.498423,24,1,balanced_2000_0_2000_12000,balanced_2000_0_2000_12000,24,0.011021898499394167,0.011021898499394167,0.011021898499394167
0.498424,24,1,balanced_2000_0_2000_12000,balanced_2000_0_2000_12000,24,0.011045052793143606,0.011045052793143606,0.011045052793143606
0.498425,24,1,balanced_2000_0_2000_12000,balanced_2000_0_2000_12000,24,0.011068207086894155,0.011068207086894155,0.011068207086894155
0.498426,24,1,balanced_2000_0_2000_12000,balanced_2000_0_2000_12000,24,0.011091361380643594,0.011091361380643594,0.011091361380643594
0.498427,24,1,balanced_2000_0_2000_12000,balanced_2000_0_2000_12000,24,0.011114515674394254,0.011114515674394254,0.011114515674394254
0.498428,24,1,balanced_2000_0_2000_12000,balanced_2000_0_2000_12000,24,0.011137669968143582,0.011137669968143582,0.011137669968143582
0.498429,24,1,balanced_2000_0_2000_12000,balanced_2000_0_2000_12000,24,0.011160824261894242,0.011160824261894242,0.011160824261894242
0.498430,24,1,balanced_2000_0_2000_12000,balanced_2000_0_2000_12000,24,0.01118397855564357,0.01118397855564357,0.01118397855564357
0.498431,24,1,balanced_2000_0_2000_12000,balanced_2000_0_2000_12000,24,0.01120713284939423,0.01120713284939423,0.01120713284939423
0.498432,24,1,balanced_2000_0_2000_12000,balanced_2000_0_2000_12000,24,0.011230287143143558,0.011230287143143558,0.011230287143143558
0.498433,24,1,balanced_2000_0_2000_12000,balanced_2000_0_2000_12000,24,0.01125344143689433,0.01125344143689433,0.01125344143689433
0.498434,24,1,balanced_2000_0_2000_12000,balanced_2000_0_2000_12000,24,0.011276595730643657,0.011276595730643657,0.011276595730643657
0.498435,24,1,balanced_2000_0_2000_12000,balanced_2000_0_2000_12000,24,0.011299750024394317,0.011299750024394317,0.011299750024394317
0.498436,24,1,balanced_2000_0_2000_12000,balanced_2000_0_2000_12000,24,0.011322904318143756,0.011322904318143756,0.011322904318143756
0.498437,24,1,balanced_2000_0_2000_12000,balanced_2000_0_2000_12000,24,0.011346058611894305,0.011346058611894305,0.011346058611894305
0.498438,24,1,balanced_2000_0_2000_12000,balanced_2000_0_2000_12000,24,0.011369212905643633,0.011369212905643633,0.011369212905643633
0.498439,24,1,balanced_2000_0_2000_12000,balanced_2000_0_2000_12000,24,0.011392367199394404,0.011392367199394404,0.011392367199394404
0.498440,24,1,balanced_2000_0_2000_12000,balanced_2000_0_2000_12000,24,0.011415521493143732,0.011415521493143732,0.011415521493143732
0.498441,24,1,balanced_2000_0_2000_12000,balanced_2000_0_2000_12000,24,0.011438675786894392,0.011438675786894392,0.011438675786894392
0.498442,24,1,balanced_2000_0_2000_12000,balanced_2000_0_2000_12000,24,0.011461830080643609,0.011461830080643609,0.011461830080643609
0.498443,24,1,balanced_2000_0_2000_12000,balanced_2000_0_2000_12000,24,0.011484984374393048,0.011484984374393048,0.011484984374393048
0.498444,24,1,balanced_2000_0_2000_12000,balanced_2000_0_2000_12000,24,0.011508138668143708,0.011508138668143708,0.011508138668143708
0.498445,24,1,balanced_2000_0_2000_12000,balanced_2000_0_2000_12000,24,0.011531292961893147,0.011531292961893147,0.011531292961893147
0.498446,24,1,balanced_2000_0_2000_12000,balanced_2000_0_2000_12000,24,0.011554447255643807,0.011554447255643807,0.011554447255643807
0.498447,24,1,balanced_2000_0_2000_12000,balanced_2000_0_2000_12000,24,0.011577601549393135,0.011577601549393135,0.011577601549393135
0.498448,24,1,balanced_2000_0_2000_12000,balanced_2000_0_2000_12000,24,0.011600755843143684,0.011600755843143684,0.011600755843143684
0.498449,24,1,balanced_2000_0_2000_12000,balanced_2000_0_2000_12000,24,0.011623910136893123,0.011623910136893123,0.011623910136893123
0.498450,24,1,balanced_2000_0_2000_12000,balanced_2000_0_2000_12000,24,0.011647064430643783,0.011647064430643783,0.011647064430643783
0.498451,24,1,balanced_2000_0_2000_12000,balanced_2000_0_2000_12000,24,0.011670218724393111,0.011670218724393111,0.011670218724393111
0.498452,24,1,balanced_2000_0_2000_12000,balanced_2000_0_2000_12000,24,0.01169337301814366,0.01169337301814366,0.01169337301814366
0.498453,24,1,balanced_2000_0_2000_12000,balanced_2000_0_2000_12000,24,0.01171652731189321,0.01171652731189321,0.01171652731189321
0.498454,24,1,balanced_2000_0_2000_12000,balanced_2000_0_2000_12000,24,0.01173968160564376,0.01173968160564376,0.01173968160564376
0.498455,24,1,balanced_2000_0_2000_12000,balanced_2000_0_2000_12000,24,0.011762835899393087,0.011762835899393087,0.011762835899393087
0.498456,24,1,balanced_2000_0_2000_12000,balanced_2000_0_2000_12000,24,0.011785990193143858,0.011785990193143858,0.011785990193143858
0.498457,24,1,balanced_2000_0_2000_12000,balanced_2000_0_2000_12000,24,0.011809144486893186,0.011809144486893186,0.011809144486893186
0.498458,24,1,balanced_2000_0_2000_12000,balanced_2000_0_2000_12000,24,0.011832298780643846,0.011832298780643846,0.011832298780643846
0.498459,24,1,balanced_2000_0_2000_12000,balanced_2000_0_2000_12000,24,0.011855453074393174,0.011855453074393174,0.011855453074393174
0.498460,24,1,balanced_2000_0_2000_12000,balanced_2000_0_2000_12000,24,0.011878607368143834,0.011878607368143834,0.011878607368143834
0.498461,24,1,balanced_2000_0_2000_12000,balanced_2000_0_2000_12000,24,0.011901761661893162,0.011901761661893162,0.011901761661893162
0.498462,24,1,balanced_2000_0_2000_12000,balanced_2000_0_2000_12000,24,0.011924915955643933,0.011924915955643933,0.011924915955643933
0.498463,24,1,balanced_2000_0_2000_12000,balanced_2000_0_2000_12000,24,0.011948070249393261,0.011948070249393261,0.011948070249393261
0.498464,24,1,balanced_2000_0_2000_12000,balanced_2000_0_2000_12000,24,0.01197122454314381,0.01197122454314381,0.01197122454314381
0.498465,24,1,balanced_2000_0_2000_12000,balanced_2000_0_2000_12000,24,0.011994378836893138,0.011994378836893138,0.011994378836893138
0.498466,24,1,balanced_2000_0_2000_12000,balanced_2000_0_2000_12000,24,0.01201753313064391,0.01201753313064391,0.01201753313064391
0.498467,24,1,balanced_2000_0_2000_12000,balanced_2000_0_2000_12000,24,0.012040687424393348,0.012040687424393348,0.012040687424393348
0.498468,24,1,balanced_2000_0_2000_12000,balanced_2000_0_2000_12000,24,0.012063841718143897,0.012063841718143897,0.012063841718143897
0.498469,24,1,balanced_2000_0_2000_12000,balanced_2000_0_2000_12000,24,0.012086996011893225,0.012086996011893225,0.012086996011893225
0.498470,24,1,balanced_2000_0_2000_12000,balanced_2000_0_2000_12000,24,0.012110150305642664,0.012110150305642664,0.012110150305642664
0.498471,24,1,balanced_2000_0_2000_12000,balanced_2000_0_2000_12000,24,0.012133304599393324,0.012133304599393324,0.012133304599393324
0.498472,24,1,balanced_2000_0_2000_12000,balanced_2000_0_2000_12000,24,0.012156458893142652,0.012156458893142652,0.012156458893142652
0.498473,24,1,balanced_2000_0_2000_12000,balanced_2000_0_2000_12000,24,0.012179613186893312,0.012179613186893312,0.012179613186893312
0.498474,24,1,balanced_2000_0_2000_12000,balanced_2000_0_2000_12000,24,0.01220276748064264,0.01220276748064264,0.01220276748064264
0.498475,24,1,balanced_2000_0_2000_12000,balanced_2000_0_2000_12000,24,0.0122259217743933,0.0122259217743933,0.0122259217743933
0.498476,24,1,balanced_2000_0_2000_12000,balanced_2000_0_2000_12000,24,0.012249076068142628,0.012249076068142628,0.012249076068142628
0.498477,24,1,balanced_2000_0_2000_12000,balanced_2000_0_2000_12000,24,0.0122722303618934,0.0122722303618934,0.0122722303618934
0.498478,24,1,balanced_2000_0_2000_12000,balanced_2000_0_2000_12000,24,0.012295384655642616,0.012295384655642616,0.012295384655642616
0.498479,24,1,balanced_2000_0_2000_12000,balanced_2000_0_2000_12000,24,0.012318538949393387,0.012318538949393387,0.012318538949393387
0.498480,24,1,balanced_2000_0_2000_12000,balanced_2000_0_2000_12000,24,0.012341693243142826,0.012341693243142826,0.012341693243142826
0.498481,24,1,balanced_2000_0_2000_12000,balanced_2000_0_2000_12000,24,0.012364847536893375,0.012364847536893375,0.012364847536893375
0.498482,24,1,balanced_2000_0_2000_12000,balanced_2000_0_2000_12000,24,0.012388001830642814,0.012388001830642814,0.012388001830642814
0.498483,24,1,balanced_2000_0_2000_12000,balanced_2000_0_2000_12000,24,0.012411156124393363,0.012411156124393363,0.012411156124393363
0.498484,24,1,balanced_2000_0_2000_12000,balanced_2000_0_2000_12000,24,0.012434310418142802,0.012434310418142802,0.012434310418142802
0.498485,24,1,balanced_2000_0_2000_12000,balanced_2000_0_2000_12000,24,0.012457464711893462,0.012457464711893462,0.012457464711893462
0.498486,24,1,balanced_2000_0_2000_12000,balanced_2000_0_2000_12000,24,0.01248061900564279,0.01248061900564279,0.01248061900564279
0.498487,24,1,balanced_2000_0_2000_12000,balanced_2000_0_2000_12000,24,0.01250377329939334,0.01250377329939334,0.01250377329939334
0.498488,24,1,balanced_2000_0_2000_12000,balanced_2000_0_2000_12000,24,0.012526927593142778,0.012526927593142778,0.012526927593142778
0.498489,24,1,balanced_2000_0_2000_12000,balanced_2000_0_2000_12000,24,0.012550081886893438,0.012550081886893438,0.012550081886893438
0.498490,24,1,balanced_2000_0_2000_12000,balanced_2000_0_2000_12000,24,0.012573236180642877,0.012573236180642877,0.012573236180642877
0.498491,24,1,balanced_2000_0_2000_12000,balanced_2000_0_2000_12000,24,0.012596390474393426,0.012596390474393426,0.012596390474393426
0.498492,24,1,balanced_2000_0_2000_12000,balanced_2000_0_2000_12000,24,0.012619544768142865,0.012619544768142865,0.012619544768142865
0.498493,24,1,balanced_2000_0_2000_12000,balanced_2000_0_2000_12000,24,0.012642699061893525,0.012642699061893525,0.012642699061893525
0.498494,24,1,balanced_2000_0_2000_12000,balanced_2000_0_2000_12000,24,0.012665853355642964,0.012665853355642964,0.012665853355642964
0.498495,24,1,balanced_2000_0_2000_12000,balanced_2000_0_2000_12000,24,0.012689007649393513,0.012689007649393513,0.012689007649393513
0.498496,24,1,balanced_2000_0_2000_12000,balanced_2000_0_2000_12000,24,0.012712161943142841,0.012712161943142841,0.012712161943142841
0.498497,24,1,balanced_2000_0_2000_12000,balanced_2000_0_2000_12000,24,0.012735316236893501,0.012735316236893501,0.012735316236893501
0.498498,24,1,balanced_2000_0_2000_12000,balanced_2000_0_2000_12000,24,0.01275847053064294,0.01275847053064294,0.01275847053064294
0.498499,24,1,balanced_2000_0_2000_12000,balanced_2000_0_2000_12000,24,0.012781624824392268,0.012781624824392268,0.012781624824392268
0.498500,24,1,balanced_2000_0_2000_12000,balanced_2000_0_2000_12000,24,0.012804779118142928,0.012804779118142928,0.012804779118142928
0.498501,24,1,balanced_2000_0_2000_12000,balanced_2000_0_2000_12000,24,0.012827933411892367,0.012827933411892367,0.012827933411892367
0.498502,24,1,balanced_2000_0_2000_12000,balanced_2000_0_2000_12000,24,0.012851087705642916,0.012851087705642916,0.012851087705642916
0.498503,24,1,balanced_2000_0_2000_12000,balanced_2000_0_2000_12000,24,0.012874241999392355,0.012874241999392355,0.012874241999392355
0.498504,24,1,balanced_2000_0_2000_12000,balanced_2000_0_2000_12000,24,0.012897396293143015,0.012897396293143015,0.012897396293143015
0.498505,24,1,balanced_2000_0_2000_12000,balanced_2000_0_2000_12000,24,0.012920550586892343,0.012920550586892343,0.012920550586892343
0.498506,24,1,balanced_2000_0_2000_12000,balanced_2000_0_2000_12000,24,0.012943704880642892,0.012943704880642892,0.012943704880642892
0.498507,24,1,balanced_2000_0_2000_12000,balanced_2000_0_2000_12000,24,0.01296685917439222,0.01296685917439222,0.01296685917439222
0.498508,24,1,balanced_2000_0_2000_12000,balanced_2000_0_2000_12000,24,0.012990013468142991,0.012990013468142991,0.012990013468142991
0.498509,24,1,balanced_2000_0_2000_12000,balanced_2000_0_2000_12000,24,0.01301316776189232,0.01301316776189232,0.01301316776189232
0.498510,24,1,balanced_2000_0_2000_12000,balanced_2000_0_2000_12000,24,0.013036322055642868,0.013036322055642868,0.013036322055642868
0.498511,24,1,balanced_2000_0_2000_12000,balanced_2000_0_2000_12000,24,0.013059476349392418,0.013059476349392418,0.013059476349392418
0.498512,24,1,balanced_2000_0_2000_12000,balanced_2000_0_2000_12000,24,0.013082630643143078,0.013082630643143078,0.013082630643143078
0.498513,24,1,balanced_2000_0_2000_12000,balanced_2000_0_2000_12000,24,0.013105784936892406,0.013105784936892406,0.013105784936892406
0.498514,24,1,balanced_2000_0_2000_12000,balanced_2000_0_2000_12000,24,0.013128939230643066,0.013128939230643066,0.013128939230643066
0.498515,24,1,balanced_2000_0_2000_12000,balanced_2000_0_2000_12000,24,0.013152093524392394,0.013152093524392394,0.013152093524392394
0.498516,24,1,balanced_2000_0_2000_12000,balanced_2000_0_2000_12000,24,0.013175247818143054,0.013175247818143054,0.013175247818143054
0.498517,24,1,balanced_2000_0_2000_12000,balanced_2000_0_2000_12000,24,0.013198402111892382,0.013198402111892382,0.013198402111892382
0.498518,24,1,balanced_2000_0_2000_12000,balanced_2000_0_2000_12000,24,0.013221556405643042,0.013221556405643042,0.013221556405643042
0.498519,24,1,balanced_2000_0_2000_12000,balanced_2000_0_2000_12000,24,0.01324471069939237,0.01324471069939237,0.01324471069939237
0.498520,24,1,balanced_2000_0_2000_12000,balanced_2000_0_2000_12000,24,0.01326786499314303,0.01326786499314303,0.01326786499314303
0.498521,24,1,balanced_2000_0_2000_12000,balanced_2000_0_2000_12000,24,0.01329101928689247,0.01329101928689247,0.01329101928689247
0.498522,24,1,balanced_2000_0_2000_12000,balanced_2000_0_2000_12000,24,0.01331417358064313,0.01331417358064313,0.01331417358064313
0.498523,24,1,balanced_2000_0_2000_12000,balanced_2000_0_2000_12000,24,0.013337327874392457,0.013337327874392457,0.013337327874392457
0.498524,24,1,balanced_2000_0_2000_12000,balanced_2000_0_2000_12000,24,0.013360482168143228,0.013360482168143228,0.013360482168143228
0.498525,24,1,balanced_2000_0_2000_12000,balanced_2000_0_2000_12000,24,0.013383636461892445,0.013383636461892445,0.013383636461892445
0.498526,24,1,balanced_2000_0_2000_12000,balanced_2000_0_2000_12000,24,0.013406790755641773,0.013406790755641773,0.013406790755641773
0.498527,24,1,balanced_2000_0_2000_12000,balanced_2000_0_2000_12000,24,0.013429945049392433,0.013429945049392433,0.013429945049392433
0.498528,24,1,balanced_2000_0_2000_12000,balanced_2000_0_2000_12000,24,0.013453099343141872,0.013453099343141872,0.013453099343141872
0.498529,24,1,balanced_2000_0_2000_12000,balanced_2000_0_2000_12000,24,0.013476253636892421,0.013476253636892421,0.013476253636892421
0.498530,24,1,balanced_2000_0_2000_12000,balanced_2000_0_2000_12000,24,0.01349940793064186,0.01349940793064186,0.01349940793064186
0.498531,24,1,balanced_2000_0_2000_12000,balanced_2000_0_2000_12000,24,0.01352256222439252,0.01352256222439252,0.01352256222439252
0.498532,24,1,balanced_2000_0_2000_12000,balanced_2000_0_2000_12000,24,0.01354571651814196,0.01354571651814196,0.01354571651814196
0.498533,24,1,balanced_2000_0_2000_12000,balanced_2000_0_2000_12000,24,0.013568870811892508,0.013568870811892508,0.013568870811892508
0.498534,24,1,balanced_2000_0_2000_12000,balanced_2000_0_2000_12000,24,0.013592025105641947,0.013592025105641947,0.013592025105641947
0.498535,24,1,balanced_2000_0_2000_12000,balanced_2000_0_2000_12000,24,0.013615179399392607,0.013615179399392607,0.013615179399392607
0.498536,24,1,balanced_2000_0_2000_12000,balanced_2000_0_2000_12000,24,0.013638333693141824,0.013638333693141824,0.013638333693141824
0.498537,24,1,balanced_2000_0_2000_12000,balanced_2000_0_2000_12000,24,0.013661487986892595,0.013661487986892595,0.013661487986892595
0.498538,24,1,balanced_2000_0_2000_12000,balanced_2000_0_2000_12000,24,0.013684642280641923,0.013684642280641923,0.013684642280641923
0.498539,24,1,balanced_2000_0_2000_12000,balanced_2000_0_2000_12000,24,0.013707796574392583,0.013707796574392583,0.013707796574392583
0.498540,24,1,balanced_2000_0_2000_12000,balanced_2000_0_2000_12000,24,0.013730950868142022,0.013730950868142022,0.013730950868142022
0.498541,24,1,balanced_2000_0_2000_12000,balanced_2000_0_2000_12000,24,0.013754105161892682,0.013754105161892682,0.013754105161892682
0.498542,24,1,balanced_2000_0_2000_12000,balanced_2000_0_2000_12000,24,0.0137772594556419,0.0137772594556419,0.0137772594556419
0.498543,24,1,balanced_2000_0_2000_12000,balanced_2000_0_2000_12000,24,0.01380041374939267,0.01380041374939267,0.01380041374939267
0.498544,24,1,balanced_2000_0_2000_12000,balanced_2000_0_2000_12000,24,0.013823568043141998,0.013823568043141998,0.013823568043141998
0.498545,24,1,balanced_2000_0_2000_12000,balanced_2000_0_2000_12000,24,0.013846722336892658,0.013846722336892658,0.013846722336892658
0.498546,24,1,balanced_2000_0_2000_12000,balanced_2000_0_2000_12000,24,0.013869876630641986,0.013869876630641986,0.013869876630641986
0.498547,24,1,balanced_2000_0_2000_12000,balanced_2000_0_2000_12000,24,0.013893030924392646,0.013893030924392646,0.013893030924392646
0.498548,24,1,balanced_2000_0_2000_12000,balanced_2000_0_2000_12000,24,0.013916185218141974,0.013916185218141974,0.013916185218141974
0.498549,24,1,balanced_2000_0_2000_12000,balanced_2000_0_2000_12000,24,0.013939339511892634,0.013939339511892634,0.013939339511892634
0.498550,24,1,balanced_2000_0_2000_12000,balanced_2000_0_2000_12000,24,0.013962493805642073,0.013962493805642073,0.013962493805642073
0.498551,24,1,balanced_2000_0_2000_12000,balanced_2000_0_2000_12000,24,0.013985648099392622,0.013985648099392622,0.013985648099392622
0.498552,24,1,balanced_2000_0_2000_12000,balanced_2000_0_2000_12000,24,0.014008802393142172,0.014008802393142172,0.014008802393142172
0.498553,24,1,balanced_2000_0_2000_12000,balanced_2000_0_2000_12000,24,0.014031956686892721,0.014031956686892721,0.014031956686892721
0.498554,24,1,balanced_2000_0_2000_12000,balanced_2000_0_2000_12000,24,0.01405511098064216,0.01405511098064216,0.01405511098064216
0.498555,24,1,balanced_2000_0_2000_12000,balanced_2000_0_2000_12000,24,0.014078265274391377,0.014078265274391377,0.014078265274391377
0.498556,24,1,balanced_2000_0_2000_12000,balanced_2000_0_2000_12000,24,0.014101419568142148,0.014101419568142148,0.014101419568142148
0.498557,24,1,balanced_2000_0_2000_12000,balanced_2000_0_2000_12000,24,0.014124573861891476,0.014124573861891476,0.014124573861891476
0.498558,24,1,balanced_2000_0_2000_12000,balanced_2000_0_2000_12000,24,0.014147728155642136,0.014147728155642136,0.014147728155642136
0.498559,24,1,balanced_2000_0_2000_12000,balanced_2000_0_2000_12000,24,0.014170882449391464,0.014170882449391464,0.014170882449391464
0.498560,24,1,balanced_2000_0_2000_12000,balanced_2000_0_2000_12000,24,0.014194036743142124,0.014194036743142124,0.014194036743142124
0.498561,24,1,balanced_2000_0_2000_12000,balanced_2000_0_2000_12000,24,0.014217191036891563,0.014217191036891563,0.014217191036891563
0.498562,24,1,balanced_2000_0_2000_12000,balanced_2000_0_2000_12000,24,0.014240345330642112,0.014240345330642112,0.014240345330642112
0.498563,24,1,balanced_2000_0_2000_12000,balanced_2000_0_2000_12000,24,0.014263499624391551,0.014263499624391551,0.014263499624391551
0.498564,24,1,balanced_2000_0_2000_12000,balanced_2000_0_2000_12000,24,0.014286653918142211,0.014286653918142211,0.014286653918142211
0.498565,24,1,balanced_2000_0_2000_12000,balanced_2000_0_2000_12000,24,0.01430980821189154,0.01430980821189154,0.01430980821189154
0.498566,24,1,balanced_2000_0_2000_12000,balanced_2000_0_2000_12000,24,0.014332962505642088,0.014332962505642088,0.014332962505642088
0.498567,24,1,balanced_2000_0_2000_12000,balanced_2000_0_2000_12000,24,0.014356116799391638,0.014356116799391638,0.014356116799391638
0.498568,24,1,balanced_2000_0_2000_12000,balanced_2000_0_2000_12000,24,0.014379271093142187,0.014379271093142187,0.014379271093142187
0.498569,24,1,balanced_2000_0_2000_12000,balanced_2000_0_2000_12000,24,0.014402425386891626,0.014402425386891626,0.014402425386891626
0.498570,24,1,balanced_2000_0_2000_12000,balanced_2000_0_2000_12000,24,0.014425579680642286,0.014425579680642286,0.014425579680642286
0.498571,24,1,balanced_2000_0_2000_12000,balanced_2000_0_2000_12000,24,0.014448733974391614,0.014448733974391614,0.014448733974391614
0.498572,24,1,balanced_2000_0_2000_12000,balanced_2000_0_2000_12000,24,0.014471888268142274,0.014471888268142274,0.014471888268142274
0.498573,24,1,balanced_2000_0_2000_12000,balanced_2000_0_2000_12000,24,0.014495042561891602,0.014495042561891602,0.014495042561891602
0.498574,24,1,balanced_2000_0_2000_12000,balanced_2000_0_2000_12000,24,0.014518196855642262,0.014518196855642262,0.014518196855642262
0.498575,24,1,balanced_2000_0_2000_12000,balanced_2000_0_2000_12000,24,0.01454135114939159,0.01454135114939159,0.01454135114939159
0.498576,24,1,balanced_2000_0_2000_12000,balanced_2000_0_2000_12000,24,0.01456450544314225,0.01456450544314225,0.01456450544314225
0.498577,24,1,balanced_2000_0_2000_12000,balanced_2000_0_2000_12000,24,0.014587659736891578,0.014587659736891578,0.014587659736891578
0.498578,24,1,balanced_2000_0_2000_12000,balanced_2000_0_2000_12000,24,0.014610814030642238,0.014610814030642238,0.014610814030642238
0.498579,24,1,balanced_2000_0_2000_12000,balanced_2000_0_2000_12000,24,0.014633968324391566,0.014633968324391566,0.014633968324391566
0.498580,24,1,balanced_2000_0_2000_12000,balanced_2000_0_2000_12000,24,0.014657122618142338,0.014657122618142338,0.014657122618142338
0.498581,24,1,balanced_2000_0_2000_12000,balanced_2000_0_2000_12000,24,0.014680276911891665,0.014680276911891665,0.014680276911891665
0.498582,24,1,balanced_2000_0_2000_12000,balanced_2000_0_2000_12000,24,0.014703431205640993,0.014703431205640993,0.014703431205640993
0.498583,24,1,balanced_2000_0_2000_12000,balanced_2000_0_2000_12000,24,0.014726585499391653,0.014726585499391653,0.014726585499391653
0.498584,24,1,balanced_2000_0_2000_12000,balanced_2000_0_2000_12000,24,0.014749739793141092,0.014749739793141092,0.014749739793141092
0.498585,24,1,balanced_2000_0_2000_12000,balanced_2000_0_2000_12000,24,0.014772894086891752,0.014772894086891752,0.014772894086891752
0.498586,24,1,balanced_2000_0_2000_12000,balanced_2000_0_2000_12000,24,0.01479604838064108,0.01479604838064108,0.01479604838064108
0.498587,24,1,balanced_2000_0_2000_12000,balanced_2000_0_2000_12000,24,0.01481920267439174,0.01481920267439174,0.01481920267439174
0.498588,24,1,balanced_2000_0_2000_12000,balanced_2000_0_2000_12000,24,0.014842356968141068,0.014842356968141068,0.014842356968141068
0.498589,24,1,balanced_2000_0_2000_12000,balanced_2000_0_2000_12000,24,0.014865511261891728,0.014865511261891728,0.014865511261891728
0.498590,24,1,balanced_2000_0_2000_12000,balanced_2000_0_2000_12000,24,0.014888665555641056,0.014888665555641056,0.014888665555641056
0.498591,24,1,balanced_2000_0_2000_12000,balanced_2000_0_2000_12000,24,0.014911819849391827,0.014911819849391827,0.014911819849391827
0.498592,24,1,balanced_2000_0_2000_12000,balanced_2000_0_2000_12000,24,0.014934974143141155,0.014934974143141155,0.014934974143141155
0.498593,24,1,balanced_2000_0_2000_12000,balanced_2000_0_2000_12000,24,0.014958128436891704,0.014958128436891704,0.014958128436891704
0.498594,24,1,balanced_2000_0_2000_12000,balanced_2000_0_2000_12000,24,0.014981282730641032,0.014981282730641032,0.014981282730641032
0.498595,24,1,balanced_2000_0_2000_12000,balanced_2000_0_2000_12000,24,0.015004437024391692,0.015004437024391692,0.015004437024391692
0.498596,24,1,balanced_2000_0_2000_12000,balanced_2000_0_2000_12000,24,0.015027591318141131,0.015027591318141131,0.015027591318141131
0.498597,24,1,balanced_2000_0_2000_12000,balanced_2000_0_2000_12000,24,0.015050745611891791,0.015050745611891791,0.015050745611891791
0.498598,24,1,balanced_2000_0_2000_12000,balanced_2000_0_2000_12000,24,0.01507389990564123,0.01507389990564123,0.01507389990564123
0.498599,24,1,balanced_2000_0_2000_12000,balanced_2000_0_2000_12000,24,0.01509705419939189,0.01509705419939189,0.01509705419939189
0.498600,24,1,balanced_2000_0_2000_12000,balanced_2000_0_2000_12000,24,0.015120208493141218,0.015120208493141218,0.015120208493141218
0.498601,24,1,balanced_2000_0_2000_12000,balanced_2000_0_2000_12000,24,0.015143362786891879,0.015143362786891879,0.015143362786891879
0.498602,24,1,balanced_2000_0_2000_12000,balanced_2000_0_2000_12000,24,0.015166517080641206,0.015166517080641206,0.015166517080641206
0.498603,24,1,balanced_2000_0_2000_12000,balanced_2000_0_2000_12000,24,0.015189671374391867,0.015189671374391867,0.015189671374391867
0.498604,24,1,balanced_2000_0_2000_12000,balanced_2000_0_2000_12000,24,0.015212825668141305,0.015212825668141305,0.015212825668141305
0.498605,24,1,balanced_2000_0_2000_12000,balanced_2000_0_2000_12000,24,0.015235979961891855,0.015235979961891855,0.015235979961891855
0.498606,24,1,balanced_2000_0_2000_12000,balanced_2000_0_2000_12000,24,0.015259134255641293,0.015259134255641293,0.015259134255641293
0.498607,24,1,balanced_2000_0_2000_12000,balanced_2000_0_2000_12000,24,0.015282288549391843,0.015282288549391843,0.015282288549391843
0.498608,24,1,balanced_2000_0_2000_12000,balanced_2000_0_2000_12000,24,0.015305442843141281,0.015305442843141281,0.015305442843141281
0.498609,24,1,balanced_2000_0_2000_12000,balanced_2000_0_2000_12000,24,0.01532859713689061,0.01532859713689061,0.01532859713689061
0.498610,24,1,balanced_2000_0_2000_12000,balanced_2000_0_2000_12000,24,0.01535175143064127,0.01535175143064127,0.01535175143064127
0.498611,24,1,balanced_2000_0_2000_12000,balanced_2000_0_2000_12000,24,0.015374905724390597,0.015374905724390597,0.015374905724390597
0.498612,24,1,balanced_2000_0_2000_12000,balanced_2000_0_2000_12000,24,0.015398060018141257,0.015398060018141257,0.015398060018141257
0.498613,24,1,balanced_2000_0_2000_12000,balanced_2000_0_2000_12000,24,0.015421214311890696,0.015421214311890696,0.015421214311890696
0.498614,24,1,balanced_2000_0_2000_12000,balanced_2000_0_2000_12000,24,0.015444368605641245,0.015444368605641245,0.015444368605641245
0.498615,24,1,balanced_2000_0_2000_12000,balanced_2000_0_2000_12000,24,0.015467522899390684,0.015467522899390684,0.015467522899390684
0.498616,24,1,balanced_2000_0_2000_12000,balanced_2000_0_2000_12000,24,0.015490677193141345,0.015490677193141345,0.015490677193141345
0.498617,24,1,balanced_2000_0_2000_12000,balanced_2000_0_2000_12000,24,0.015513831486890672,0.015513831486890672,0.015513831486890672
0.498618,24,1,balanced_2000_0_2000_12000,balanced_2000_0_2000_12000,24,0.015536985780641333,0.015536985780641333,0.015536985780641333
0.498619,24,1,balanced_2000_0_2000_12000,balanced_2000_0_2000_12000,24,0.015560140074390771,0.015560140074390771,0.015560140074390771
0.498620,24,1,balanced_2000_0_2000_12000,balanced_2000_0_2000_12000,24,0.015583294368141432,0.015583294368141432,0.015583294368141432
0.498621,24,1,balanced_2000_0_2000_12000,balanced_2000_0_2000_12000,24,0.01560644866189076,0.01560644866189076,0.01560644866189076
0.498622,24,1,balanced_2000_0_2000_12000,balanced_2000_0_2000_12000,24,0.01562960295564142,0.01562960295564142,0.01562960295564142
0.498623,24,1,balanced_2000_0_2000_12000,balanced_2000_0_2000_12000,24,0.015652757249390747,0.015652757249390747,0.015652757249390747
0.498624,24,1,balanced_2000_0_2000_12000,balanced_2000_0_2000_12000,24,0.015675911543141297,0.015675911543141297,0.015675911543141297
0.498625,24,1,balanced_2000_0_2000_12000,balanced_2000_0_2000_12000,24,0.015699065836890735,0.015699065836890735,0.015699065836890735
0.498626,24,1,balanced_2000_0_2000_12000,balanced_2000_0_2000_12000,24,0.015722220130641396,0.015722220130641396,0.015722220130641396
0.498627,24,1,balanced_2000_0_2000_12000,balanced_2000_0_2000_12000,24,0.015745374424390834,0.015745374424390834,0.015745374424390834
0.498628,24,1,balanced_2000_0_2000_12000,balanced_2000_0_2000_12000,24,0.015768528718141495,0.015768528718141495,0.015768528718141495
0.498629,24,1,balanced_2000_0_2000_12000,balanced_2000_0_2000_12000,24,0.01579168301189071,0.01579168301189071,0.01579168301189071
0.498630,24,1,balanced_2000_0_2000_12000,balanced_2000_0_2000_12000,24,0.015814837305641483,0.015814837305641483,0.015814837305641483
0.498631,24,1,balanced_2000_0_2000_12000,balanced_2000_0_2000_12000,24,0.01583799159939081,0.01583799159939081,0.01583799159939081
0.498632,24,1,balanced_2000_0_2000_12000,balanced_2000_0_2000_12000,24,0.01586114589314147,0.01586114589314147,0.01586114589314147
0.498633,24,1,balanced_2000_0_2000_12000,balanced_2000_0_2000_12000,24,0.0158843001868908,0.0158843001868908,0.0158843001868908
0.498634,24,1,balanced_2000_0_2000_12000,balanced_2000_0_2000_12000,24,0.01590745448064146,0.01590745448064146,0.01590745448064146
0.498635,24,1,balanced_2000_0_2000_12000,balanced_2000_0_2000_12000,24,0.015930608774390898,0.015930608774390898,0.015930608774390898
0.498636,24,1,balanced_2000_0_2000_12000,balanced_2000_0_2000_12000,24,0.015953763068141447,0.015953763068141447,0.015953763068141447
0.498637,24,1,balanced_2000_0_2000_12000,balanced_2000_0_2000_12000,24,0.015976917361890886,0.015976917361890886,0.015976917361890886
0.498638,24,1,balanced_2000_0_2000_12000,balanced_2000_0_2000_12000,24,0.016000071655640213,0.016000071655640213,0.016000071655640213
0.498639,24,1,balanced_2000_0_2000_12000,balanced_2000_0_2000_12000,24,0.016023225949390874,0.016023225949390874,0.016023225949390874
0.498640,24,1,balanced_2000_0_2000_12000,balanced_2000_0_2000_12000,24,0.0160463802431402,0.0160463802431402,0.0160463802431402
0.498641,24,1,balanced_2000_0_2000_12000,balanced_2000_0_2000_12000,24,0.01606953453689086,0.01606953453689086,0.01606953453689086
0.498642,24,1,balanced_2000_0_2000_12000,balanced_2000_0_2000_12000,24,0.01609268883064019,0.01609268883064019,0.01609268883064019
0.498643,24,1,balanced_2000_0_2000_12000,balanced_2000_0_2000_12000,24,0.01611584312439096,0.01611584312439096,0.01611584312439096
0.498644,24,1,balanced_2000_0_2000_12000,balanced_2000_0_2000_12000,24,0.01613899741814029,0.01613899741814029,0.01613899741814029
0.498645,24,1,balanced_2000_0_2000_12000,balanced_2000_0_2000_12000,24,0.01616215171189095,0.01616215171189095,0.01616215171189095
0.498646,24,1,balanced_2000_0_2000_12000,balanced_2000_0_2000_12000,24,0.016185306005640276,0.016185306005640276,0.016185306005640276
0.498647,24,1,balanced_2000_0_2000_12000,balanced_2000_0_2000_12000,24,0.016208460299390937,0.016208460299390937,0.016208460299390937
0.498648,24,1,balanced_2000_0_2000_12000,balanced_2000_0_2000_12000,24,0.016231614593140264,0.016231614593140264,0.016231614593140264
0.498649,24,1,balanced_2000_0_2000_12000,balanced_2000_0_2000_12000,24,0.016254768886891036,0.016254768886891036,0.016254768886891036
0.498650,24,1,balanced_2000_0_2000_12000,balanced_2000_0_2000_12000,24,0.016277923180640363,0.016277923180640363,0.016277923180640363
0.498651,24,1,balanced_2000_0_2000_12000,balanced_2000_0_2000_12000,24,0.016301077474391024,0.016301077474391024,0.016301077474391024
0.498652,24,1,balanced_2000_0_2000_12000,balanced_2000_0_2000_12000,24,0.01632423176814035,0.01632423176814035,0.01632423176814035
0.498653,24,1,balanced_2000_0_2000_12000,balanced_2000_0_2000_12000,24,0.01634738606189101,0.01634738606189101,0.01634738606189101
0.498654,24,1,balanced_2000_0_2000_12000,balanced_2000_0_2000_12000,24,0.01637054035564045,0.01637054035564045,0.01637054035564045
0.498655,24,1,balanced_2000_0_2000_12000,balanced_2000_0_2000_12000,24,0.016393694649391,0.016393694649391,0.016393694649391
0.498656,24,1,balanced_2000_0_2000_12000,balanced_2000_0_2000_12000,24,0.016416848943140327,0.016416848943140327,0.016416848943140327
0.498657,24,1,balanced_2000_0_2000_12000,balanced_2000_0_2000_12000,24,0.0164400032368911,0.0164400032368911,0.0164400032368911
0.498658,24,1,balanced_2000_0_2000_12000,balanced_2000_0_2000_12000,24,0.016463157530640427,0.016463157530640427,0.016463157530640427
0.498659,24,1,balanced_2000_0_2000_12000,balanced_2000_0_2000_12000,24,0.016486311824391087,0.016486311824391087,0.016486311824391087
0.498660,24,1,balanced_2000_0_2000_12000,balanced_2000_0_2000_12000,24,0.016509466118140415,0.016509466118140415,0.016509466118140415
0.498661,24,1,balanced_2000_0_2000_12000,balanced_2000_0_2000_12000,24,0.016532620411891075,0.016532620411891075,0.016532620411891075
0.498662,24,1,balanced_2000_0_2000_12000,balanced_2000_0_2000_12000,24,0.016555774705640403,0.016555774705640403,0.016555774705640403
0.498663,24,1,balanced_2000_0_2000_12000,balanced_2000_0_2000_12000,24,0.016578928999391063,0.016578928999391063,0.016578928999391063
0.498664,24,1,balanced_2000_0_2000_12000,balanced_2000_0_2000_12000,24,0.0166020832931405,0.0166020832931405,0.0166020832931405
0.498665,24,1,balanced_2000_0_2000_12000,balanced_2000_0_2000_12000,24,0.01662523758688983,0.01662523758688983,0.01662523758688983
0.498666,24,1,balanced_2000_0_2000_12000,balanced_2000_0_2000_12000,24,0.01664839188064049,0.01664839188064049,0.01664839188064049
0.498667,24,1,balanced_2000_0_2000_12000,balanced_2000_0_2000_12000,24,0.01667154617438993,0.01667154617438993,0.01667154617438993
0.498668,24,1,balanced_2000_0_2000_12000,balanced_2000_0_2000_12000,24,0.016694700468140478,0.016694700468140478,0.016694700468140478
0.498669,24,1,balanced_2000_0_2000_12000,balanced_2000_0_2000_12000,24,0.016717854761889805,0.016717854761889805,0.016717854761889805
0.498670,24,1,balanced_2000_0_2000_12000,balanced_2000_0_2000_12000,24,0.016741009055640466,0.016741009055640466,0.016741009055640466
0.498671,24,1,balanced_2000_0_2000_12000,balanced_2000_0_2000_12000,24,0.016764163349389904,0.016764163349389904,0.016764163349389904
0.498672,24,1,balanced_2000_0_2000_12000,balanced_2000_0_2000_12000,24,0.016787317643140565,0.016787317643140565,0.016787317643140565
0.498673,24,1,balanced_2000_0_2000_12000,balanced_2000_0_2000_12000,24,0.016810471936889892,0.016810471936889892,0.016810471936889892
0.498674,24,1,balanced_2000_0_2000_12000,balanced_2000_0_2000_12000,24,0.016833626230640553,0.016833626230640553,0.016833626230640553
0.498675,24,1,balanced_2000_0_2000_12000,balanced_2000_0_2000_12000,24,0.01685678052438999,0.01685678052438999,0.01685678052438999
0.498676,24,1,balanced_2000_0_2000_12000,balanced_2000_0_2000_12000,24,0.01687993481814054,0.01687993481814054,0.01687993481814054
0.498677,24,1,balanced_2000_0_2000_12000,balanced_2000_0_2000_12000,24,0.01690308911188987,0.01690308911188987,0.01690308911188987
0.498678,24,1,balanced_2000_0_2000_12000,balanced_2000_0_2000_12000,24,0.01692624340564053,0.01692624340564053,0.01692624340564053
0.498679,24,1,balanced_2000_0_2000_12000,balanced_2000_0_2000_12000,24,0.016949397699389968,0.016949397699389968,0.016949397699389968
0.498680,24,1,balanced_2000_0_2000_12000,balanced_2000_0_2000_12000,24,0.016972551993140517,0.016972551993140517,0.016972551993140517
0.498681,24,1,balanced_2000_0_2000_12000,balanced_2000_0_2000_12000,24,0.016995706286889956,0.016995706286889956,0.016995706286889956
0.498682,24,1,balanced_2000_0_2000_12000,balanced_2000_0_2000_12000,24,0.017018860580640505,0.017018860580640505,0.017018860580640505
0.498683,24,1,balanced_2000_0_2000_12000,balanced_2000_0_2000_12000,24,0.017042014874389944,0.017042014874389944,0.017042014874389944
0.498684,24,1,balanced_2000_0_2000_12000,balanced_2000_0_2000_12000,24,0.017065169168140604,0.017065169168140604,0.017065169168140604
0.498685,24,1,balanced_2000_0_2000_12000,balanced_2000_0_2000_12000,24,0.01708832346188993,0.01708832346188993,0.01708832346188993
0.498686,24,1,balanced_2000_0_2000_12000,balanced_2000_0_2000_12000,24,0.017111477755640703,0.017111477755640703,0.017111477755640703
0.498687,24,1,balanced_2000_0_2000_12000,balanced_2000_0_2000_12000,24,0.01713463204939003,0.01713463204939003,0.01713463204939003
0.498688,24,1,balanced_2000_0_2000_12000,balanced_2000_0_2000_12000,24,0.01715778634314069,0.01715778634314069,0.01715778634314069
0.498689,24,1,balanced_2000_0_2000_12000,balanced_2000_0_2000_12000,24,0.01718094063689002,0.01718094063689002,0.01718094063689002
0.498690,24,1,balanced_2000_0_2000_12000,balanced_2000_0_2000_12000,24,0.01720409493064068,0.01720409493064068,0.01720409493064068
0.498691,24,1,balanced_2000_0_2000_12000,balanced_2000_0_2000_12000,24,0.017227249224390007,0.017227249224390007,0.017227249224390007
0.498692,24,1,balanced_2000_0_2000_12000,balanced_2000_0_2000_12000,24,0.017250403518140667,0.017250403518140667,0.017250403518140667
0.498693,24,1,balanced_2000_0_2000_12000,balanced_2000_0_2000_12000,24,0.017273557811890106,0.017273557811890106,0.017273557811890106
0.498694,24,1,balanced_2000_0_2000_12000,balanced_2000_0_2000_12000,24,0.017296712105639434,0.017296712105639434,0.017296712105639434
0.498695,24,1,balanced_2000_0_2000_12000,balanced_2000_0_2000_12000,24,0.017319866399390094,0.017319866399390094,0.017319866399390094
0.498696,24,1,balanced_2000_0_2000_12000,balanced_2000_0_2000_12000,24,0.01734302069313942,0.01734302069313942,0.01734302069313942
0.498697,24,1,balanced_2000_0_2000_12000,balanced_2000_0_2000_12000,24,0.01736617498689008,0.01736617498689008,0.01736617498689008
0.498698,24,1,balanced_2000_0_2000_12000,balanced_2000_0_2000_12000,24,0.01738932928063952,0.01738932928063952,0.01738932928063952
0.498699,24,1,balanced_2000_0_2000_12000,balanced_2000_0_2000_12000,24,0.01741248357439007,0.01741248357439007,0.01741248357439007
0.498700,24,1,balanced_2000_0_2000_12000,balanced_2000_0_2000_12000,24,0.017435637868139398,0.017435637868139398,0.017435637868139398
0.498701,24,1,balanced_2000_0_2000_12000,balanced_2000_0_2000_12000,24,0.01745879216189017,0.01745879216189017,0.01745879216189017
0.498702,24,1,balanced_2000_0_2000_12000,balanced_2000_0_2000_12000,24,0.017481946455639497,0.017481946455639497,0.017481946455639497
0.498703,24,1,balanced_2000_0_2000_12000,balanced_2000_0_2000_12000,24,0.017505100749390157,0.017505100749390157,0.017505100749390157
0.498704,24,1,balanced_2000_0_2000_12000,balanced_2000_0_2000_12000,24,0.017528255043139485,0.017528255043139485,0.017528255043139485
0.498705,24,1,balanced_2000_0_2000_12000,balanced_2000_0_2000_12000,24,0.017551409336890256,0.017551409336890256,0.017551409336890256
0.498706,24,1,balanced_2000_0_2000_12000,balanced_2000_0_2000_12000,24,0.017574563630639584,0.017574563630639584,0.017574563630639584
0.498707,24,1,balanced_2000_0_2000_12000,balanced_2000_0_2000_12000,24,0.01755659013458477,0.01755659013458477,0.01755659013458477
0.498708,24,1,balanced_2000_0_2000_12000,balanced_2000_0_2000_12000,24,0.017510281547086004,0.017510281547086004,0.017510281547086004
0.498709,24,1,balanced_2000_0_2000_12000,balanced_2000_0_2000_12000,24,0.017463972959584684,0.017463972959584684,0.017463972959584684
0.498710,24,1,balanced_2000_0_2000_12000,balanced_2000_0_2000_12000,24,0.017417664372085917,0.017417664372085917,0.017417664372085917
0.498711,24,1,balanced_2000_0_2000_12000,balanced_2000_0_2000_12000,24,0.017371355784584597,0.017371355784584597,0.017371355784584597
0.498712,24,1,balanced_2000_0_2000_12000,balanced_2000_0_2000_12000,24,0.01732504719708594,0.01732504719708594,0.01732504719708594
0.498713,24,1,balanced_2000_0_2000_12000,balanced_2000_0_2000_12000,24,0.01727873860958462,0.01727873860958462,0.01727873860958462
0.498714,24,1,balanced_2000_0_2000_12000,balanced_2000_0_2000_12000,24,0.017232430022085854,0.017232430022085854,0.017232430022085854
0.498715,24,1,balanced_2000_0_2000_12000,balanced_2000_0_2000_12000,24,0.017186121434584534,0.017186121434584534,0.017186121434584534
0.498716,24,1,balanced_2000_0_2000_12000,balanced_2000_0_2000_12000,24,0.017139812847085878,0.017139812847085878,0.017139812847085878
0.498717,24,1,balanced_2000_0_2000_12000,balanced_2000_0_2000_12000,24,0.017093504259584558,0.017093504259584558,0.017093504259584558
0.498718,24,1,balanced_2000_0_2000_12000,balanced_2000_0_2000_12000,24,0.01704719567208579,0.01704719567208579,0.01704719567208579
0.498719,24,1,balanced_2000_0_2000_12000,balanced_2000_0_2000_12000,24,0.01700088708458458,0.01700088708458458,0.01700088708458458
0.498720,24,1,balanced_2000_0_2000_12000,balanced_2000_0_2000_12000,24,0.016954578497085815,0.016954578497085815,0.016954578497085815
0.498721,24,1,balanced_2000_0_2000_12000,balanced_2000_0_2000_12000,24,0.016908269909587048,0.016908269909587048,0.016908269909587048
0.498722,24,1,balanced_2000_0_2000_12000,balanced_2000_0_2000_12000,24,0.016861961322085728,0.016861961322085728,0.016861961322085728
0.498723,24,1,balanced_2000_0_2000_12000,balanced_2000_0_2000_12000,24,0.01681565273458696,0.01681565273458696,0.01681565273458696
0.498724,24,1,balanced_2000_0_2000_12000,balanced_2000_0_2000_12000,24,0.016769344147085752,0.016769344147085752,0.016769344147085752
0.498725,24,1,balanced_2000_0_2000_12000,balanced_2000_0_2000_12000,24,0.016723035559586985,0.016723035559586985,0.016723035559586985
0.498726,24,1,balanced_2000_0_2000_12000,balanced_2000_0_2000_12000,24,0.016676726972085665,0.016676726972085665,0.016676726972085665
0.498727,24,1,balanced_2000_0_2000_12000,balanced_2000_0_2000_12000,24,0.01663041838458701,0.01663041838458701,0.01663041838458701
0.498728,24,1,balanced_2000_0_2000_12000,balanced_2000_0_2000_12000,24,0.01658410979708569,0.01658410979708569,0.01658410979708569
0.498729,24,1,balanced_2000_0_2000_12000,balanced_2000_0_2000_12000,24,0.016537801209586922,0.016537801209586922,0.016537801209586922
0.498730,24,1,balanced_2000_0_2000_12000,balanced_2000_0_2000_12000,24,0.016491492622085602,0.016491492622085602,0.016491492622085602
0.498731,24,1,balanced_2000_0_2000_12000,balanced_2000_0_2000_12000,24,0.016445184034586835,0.016445184034586835,0.016445184034586835
0.498732,24,1,balanced_2000_0_2000_12000,balanced_2000_0_2000_12000,24,0.016398875447085515,0.016398875447085515,0.016398875447085515
0.498733,24,1,balanced_2000_0_2000_12000,balanced_2000_0_2000_12000,24,0.01635256685958686,0.01635256685958686,0.01635256685958686
0.498734,24,1,balanced_2000_0_2000_12000,balanced_2000_0_2000_12000,24,0.01630625827208554,0.01630625827208554,0.01630625827208554
0.498735,24,1,balanced_2000_0_2000_12000,balanced_2000_0_2000_12000,24,0.016259949684586772,0.016259949684586772,0.016259949684586772
0.498736,24,1,balanced_2000_0_2000_12000,balanced_2000_0_2000_12000,24,0.01621364109708545,0.01621364109708545,0.01621364109708545
0.498737,24,1,balanced_2000_0_2000_12000,balanced_2000_0_2000_12000,24,0.016167332509586796,0.016167332509586796,0.016167332509586796
0.498738,24,1,balanced_2000_0_2000_12000,balanced_2000_0_2000_12000,24,0.016121023922085476,0.016121023922085476,0.016121023922085476
0.498739,24,1,balanced_2000_0_2000_12000,balanced_2000_0_2000_12000,24,0.01607471533458671,0.01607471533458671,0.01607471533458671
0.498740,24,1,balanced_2000_0_2000_12000,balanced_2000_0_2000_12000,24,0.01602840674708539,0.01602840674708539,0.01602840674708539
0.498741,24,1,balanced_2000_0_2000_12000,balanced_2000_0_2000_12000,24,0.015982098159586733,0.015982098159586733,0.015982098159586733
0.498742,24,1,balanced_2000_0_2000_12000,balanced_2000_0_2000_12000,24,0.015935789572085413,0.015935789572085413,0.015935789572085413
0.498743,24,1,balanced_2000_0_2000_12000,balanced_2000_0_2000_12000,24,0.015889480984586646,0.015889480984586646,0.015889480984586646
0.498744,24,1,balanced_2000_0_2000_12000,balanced_2000_0_2000_12000,24,0.015843172397085437,0.015843172397085437,0.015843172397085437
0.498745,24,1,balanced_2000_0_2000_12000,balanced_2000_0_2000_12000,24,0.01579686380958656,0.01579686380958656,0.01579686380958656
0.498746,24,1,balanced_2000_0_2000_12000,balanced_2000_0_2000_12000,24,0.01575055522208535,0.01575055522208535,0.01575055522208535
0.498747,24,1,balanced_2000_0_2000_12000,balanced_2000_0_2000_12000,24,0.015704246634586694,0.015704246634586694,0.015704246634586694
0.498748,24,1,balanced_2000_0_2000_12000,balanced_2000_0_2000_12000,24,0.015657938047087816,0.015657938047087816,0.015657938047087816
0.498749,24,1,balanced_2000_0_2000_12000,balanced_2000_0_2000_12000,24,0.015611629459586607,0.015611629459586607,0.015611629459586607
0.498750,24,1,balanced_2000_0_2000_12000,balanced_2000_0_2000_12000,24,0.01556532087208784,0.01556532087208784,0.01556532087208784
0.498751,24,1,balanced_2000_0_2000_12000,balanced_2000_0_2000_12000,24,0.01551901228458652,0.01551901228458652,0.01551901228458652
0.498752,24,1,balanced_2000_0_2000_12000,balanced_2000_0_2000_12000,24,0.015472703697087753,0.015472703697087753,0.015472703697087753
0.498753,24,1,balanced_2000_0_2000_12000,balanced_2000_0_2000_12000,24,0.015426395109586544,0.015426395109586544,0.015426395109586544
0.498754,24,1,balanced_2000_0_2000_12000,balanced_2000_0_2000_12000,24,0.015380086522087666,0.015380086522087666,0.015380086522087666
0.498755,24,1,balanced_2000_0_2000_12000,balanced_2000_0_2000_12000,24,0.015333777934586568,0.015333777934586568,0.015333777934586568
0.498756,24,1,balanced_2000_0_2000_12000,balanced_2000_0_2000_12000,24,0.01528746934708769,0.01528746934708769,0.01528746934708769
0.498757,24,1,balanced_2000_0_2000_12000,balanced_2000_0_2000_12000,24,0.01524116075958637,0.01524116075958637,0.01524116075958637
0.498758,24,1,balanced_2000_0_2000_12000,balanced_2000_0_2000_12000,24,0.015194852172087714,0.015194852172087714,0.015194852172087714
0.498759,24,1,balanced_2000_0_2000_12000,balanced_2000_0_2000_12000,24,0.015148543584586394,0.015148543584586394,0.015148543584586394
0.498760,24,1,balanced_2000_0_2000_12000,balanced_2000_0_2000_12000,24,0.015102234997087627,0.015102234997087627,0.015102234997087627
0.498761,24,1,balanced_2000_0_2000_12000,balanced_2000_0_2000_12000,24,0.015055926409586418,0.015055926409586418,0.015055926409586418
0.498762,24,1,balanced_2000_0_2000_12000,balanced_2000_0_2000_12000,24,0.01500961782208754,0.01500961782208754,0.01500961782208754
0.498763,24,1,balanced_2000_0_2000_12000,balanced_2000_0_2000_12000,24,0.01496330923458633,0.01496330923458633,0.01496330923458633
0.498764,24,1,balanced_2000_0_2000_12000,balanced_2000_0_2000_12000,24,0.014917000647087564,0.014917000647087564,0.014917000647087564
0.498765,24,1,balanced_2000_0_2000_12000,balanced_2000_0_2000_12000,24,0.014870692059586244,0.014870692059586244,0.014870692059586244
0.498766,24,1,balanced_2000_0_2000_12000,balanced_2000_0_2000_12000,24,0.014824383472087588,0.014824383472087588,0.014824383472087588
0.498767,24,1,balanced_2000_0_2000_12000,balanced_2000_0_2000_12000,24,0.014778074884586379,0.014778074884586379,0.014778074884586379
0.498768,24,1,balanced_2000_0_2000_12000,balanced_2000_0_2000_12000,24,0.0147317662970875,0.0147317662970875,0.0147317662970875
0.498769,24,1,balanced_2000_0_2000_12000,balanced_2000_0_2000_12000,24,0.01468545770958618,0.01468545770958618,0.01468545770958618
0.498770,24,1,balanced_2000_0_2000_12000,balanced_2000_0_2000_12000,24,0.014639149122087525,0.014639149122087525,0.014639149122087525
0.498771,24,1,balanced_2000_0_2000_12000,balanced_2000_0_2000_12000,24,0.014592840534586204,0.014592840534586204,0.014592840534586204
0.498772,24,1,balanced_2000_0_2000_12000,balanced_2000_0_2000_12000,24,0.014546531947087438,0.014546531947087438,0.014546531947087438
0.498773,24,1,balanced_2000_0_2000_12000,balanced_2000_0_2000_12000,24,0.014500223359586228,0.014500223359586228,0.014500223359586228
0.498774,24,1,balanced_2000_0_2000_12000,balanced_2000_0_2000_12000,24,0.014453914772087462,0.014453914772087462,0.014453914772087462
0.498775,24,1,balanced_2000_0_2000_12000,balanced_2000_0_2000_12000,24,0.014407606184588695,0.014407606184588695,0.014407606184588695
0.498776,24,1,balanced_2000_0_2000_12000,balanced_2000_0_2000_12000,24,0.014361297597087375,0.014361297597087375,0.014361297597087375
0.498777,24,1,balanced_2000_0_2000_12000,balanced_2000_0_2000_12000,24,0.014314989009588608,0.014314989009588608,0.014314989009588608
0.498778,24,1,balanced_2000_0_2000_12000,balanced_2000_0_2000_12000,24,0.014268680422087399,0.014268680422087399,0.014268680422087399
0.498779,24,1,balanced_2000_0_2000_12000,balanced_2000_0_2000_12000,24,0.014222371834588632,0.014222371834588632,0.014222371834588632
0.498780,24,1,balanced_2000_0_2000_12000,balanced_2000_0_2000_12000,24,0.014176063247087312,0.014176063247087312,0.014176063247087312
0.498781,24,1,balanced_2000_0_2000_12000,balanced_2000_0_2000_12000,24,0.014129754659588656,0.014129754659588656,0.014129754659588656
0.498782,24,1,balanced_2000_0_2000_12000,balanced_2000_0_2000_12000,24,0.014083446072087336,0.014083446072087336,0.014083446072087336
0.498783,24,1,balanced_2000_0_2000_12000,balanced_2000_0_2000_12000,24,0.014037137484588569,0.014037137484588569,0.014037137484588569
0.498784,24,1,balanced_2000_0_2000_12000,balanced_2000_0_2000_12000,24,0.013990828897087249,0.013990828897087249,0.013990828897087249
0.498785,24,1,balanced_2000_0_2000_12000,balanced_2000_0_2000_12000,24,0.013944520309588482,0.013944520309588482,0.013944520309588482
0.498786,24,1,balanced_2000_0_2000_12000,balanced_2000_0_2000_12000,24,0.013898211722087273,0.013898211722087273,0.013898211722087273
0.498787,24,1,balanced_2000_0_2000_12000,balanced_2000_0_2000_12000,24,0.013851903134588506,0.013851903134588506,0.013851903134588506
0.498788,24,1,balanced_2000_0_2000_12000,balanced_2000_0_2000_12000,24,0.013805594547087185,0.013805594547087185,0.013805594547087185
0.498789,24,1,balanced_2000_0_2000_12000,balanced_2000_0_2000_12000,24,0.01375928595958853,0.01375928595958853,0.01375928595958853
0.498790,24,1,balanced_2000_0_2000_12000,balanced_2000_0_2000_12000,24,0.01371297737208721,0.01371297737208721,0.01371297737208721
0.498791,24,1,balanced_2000_0_2000_12000,balanced_2000_0_2000_12000,24,0.013666668784588443,0.013666668784588443,0.013666668784588443
0.498792,24,1,balanced_2000_0_2000_12000,balanced_2000_0_2000_12000,24,0.013620360197087122,0.013620360197087122,0.013620360197087122
0.498793,24,1,balanced_2000_0_2000_12000,balanced_2000_0_2000_12000,24,0.013574051609588356,0.013574051609588356,0.013574051609588356
0.498794,24,1,balanced_2000_0_2000_12000,balanced_2000_0_2000_12000,24,0.013527743022087146,0.013527743022087146,0.013527743022087146
0.498795,24,1,balanced_2000_0_2000_12000,balanced_2000_0_2000_12000,24,0.013481434434588269,0.013481434434588269,0.013481434434588269
0.498796,24,1,balanced_2000_0_2000_12000,balanced_2000_0_2000_12000,24,0.01343512584708706,0.01343512584708706,0.01343512584708706
0.498797,24,1,balanced_2000_0_2000_12000,balanced_2000_0_2000_12000,24,0.013388817259588404,0.013388817259588404,0.013388817259588404
0.498798,24,1,balanced_2000_0_2000_12000,balanced_2000_0_2000_12000,24,0.013342508672086972,0.013342508672086972,0.013342508672086972
0.498799,24,1,balanced_2000_0_2000_12000,balanced_2000_0_2000_12000,24,0.013296200084588317,0.013296200084588317,0.013296200084588317
0.498800,24,1,balanced_2000_0_2000_12000,balanced_2000_0_2000_12000,24,0.013249891497086996,0.013249891497086996,0.013249891497086996
0.498801,24,1,balanced_2000_0_2000_12000,balanced_2000_0_2000_12000,24,0.01320358290958823,0.01320358290958823,0.01320358290958823
0.498802,24,1,balanced_2000_0_2000_12000,balanced_2000_0_2000_12000,24,0.01315727432208691,0.01315727432208691,0.01315727432208691
0.498803,24,1,balanced_2000_0_2000_12000,balanced_2000_0_2000_12000,24,0.013110965734588143,0.013110965734588143,0.013110965734588143
0.498804,24,1,balanced_2000_0_2000_12000,balanced_2000_0_2000_12000,24,0.013064657147089487,0.013064657147089487,0.013064657147089487
0.498805,24,1,balanced_2000_0_2000_12000,balanced_2000_0_2000_12000,24,0.013018348559588167,0.013018348559588167,0.013018348559588167
0.498806,24,1,balanced_2000_0_2000_12000,balanced_2000_0_2000_12000,24,0.01297203997208951,0.01297203997208951,0.01297203997208951
0.498807,24,1,balanced_2000_0_2000_12000,balanced_2000_0_2000_12000,24,0.01292573138458819,0.01292573138458819,0.01292573138458819
0.498808,24,1,balanced_2000_0_2000_12000,balanced_2000_0_2000_12000,24,0.012879422797089424,0.012879422797089424,0.012879422797089424
0.498809,24,1,balanced_2000_0_2000_12000,balanced_2000_0_2000_12000,24,0.012833114209588103,0.012833114209588103,0.012833114209588103
0.498810,24,1,balanced_2000_0_2000_12000,balanced_2000_0_2000_12000,24,0.012786805622089448,0.012786805622089448,0.012786805622089448
0.498811,24,1,balanced_2000_0_2000_12000,balanced_2000_0_2000_12000,24,0.012740497034588016,0.012740497034588016,0.012740497034588016
0.498812,24,1,balanced_2000_0_2000_12000,balanced_2000_0_2000_12000,24,0.01269418844708936,0.01269418844708936,0.01269418844708936
0.498813,24,1,balanced_2000_0_2000_12000,balanced_2000_0_2000_12000,24,0.01264787985958804,0.01264787985958804,0.01264787985958804
0.498814,24,1,balanced_2000_0_2000_12000,balanced_2000_0_2000_12000,24,0.012601571272089385,0.012601571272089385,0.012601571272089385
0.498815,24,1,balanced_2000_0_2000_12000,balanced_2000_0_2000_12000,24,0.012555262684588064,0.012555262684588064,0.012555262684588064
0.498816,24,1,balanced_2000_0_2000_12000,balanced_2000_0_2000_12000,24,0.012508954097089187,0.012508954097089187,0.012508954097089187
0.498817,24,1,balanced_2000_0_2000_12000,balanced_2000_0_2000_12000,24,0.012462645509587977,0.012462645509587977,0.012462645509587977
0.498818,24,1,balanced_2000_0_2000_12000,balanced_2000_0_2000_12000,24,0.012416336922089322,0.012416336922089322,0.012416336922089322
0.498819,24,1,balanced_2000_0_2000_12000,balanced_2000_0_2000_12000,24,0.012370028334588001,0.012370028334588001,0.012370028334588001
0.498820,24,1,balanced_2000_0_2000_12000,balanced_2000_0_2000_12000,24,0.012323719747089124,0.012323719747089124,0.012323719747089124
0.498821,24,1,balanced_2000_0_2000_12000,balanced_2000_0_2000_12000,24,0.012277411159587914,0.012277411159587914,0.012277411159587914
0.498822,24,1,balanced_2000_0_2000_12000,balanced_2000_0_2000_12000,24,0.012231102572089259,0.012231102572089259,0.012231102572089259
0.498823,24,1,balanced_2000_0_2000_12000,balanced_2000_0_2000_12000,24,0.012184793984587827,0.012184793984587827,0.012184793984587827
0.498824,24,1,balanced_2000_0_2000_12000,balanced_2000_0_2000_12000,24,0.01213848539708906,0.01213848539708906,0.01213848539708906
0.498825,24,1,balanced_2000_0_2000_12000,balanced_2000_0_2000_12000,24,0.012092176809587851,0.012092176809587851,0.012092176809587851
0.498826,24,1,balanced_2000_0_2000_12000,balanced_2000_0_2000_12000,24,0.012045868222089195,0.012045868222089195,0.012045868222089195
0.498827,24,1,balanced_2000_0_2000_12000,balanced_2000_0_2000_12000,24,0.011999559634587875,0.011999559634587875,0.011999559634587875
0.498828,24,1,balanced_2000_0_2000_12000,balanced_2000_0_2000_12000,24,0.011953251047088997,0.011953251047088997,0.011953251047088997
0.498829,24,1,balanced_2000_0_2000_12000,balanced_2000_0_2000_12000,24,0.011906942459587788,0.011906942459587788,0.011906942459587788
0.498830,24,1,balanced_2000_0_2000_12000,balanced_2000_0_2000_12000,24,0.011860633872089132,0.011860633872089132,0.011860633872089132
0.498831,24,1,balanced_2000_0_2000_12000,balanced_2000_0_2000_12000,24,0.011814325284590255,0.011814325284590255,0.011814325284590255
0.498832,24,1,balanced_2000_0_2000_12000,balanced_2000_0_2000_12000,24,0.011768016697088934,0.011768016697088934,0.011768016697088934
0.498833,24,1,balanced_2000_0_2000_12000,balanced_2000_0_2000_12000,24,0.011721708109590279,0.011721708109590279,0.011721708109590279
0.498834,24,1,balanced_2000_0_2000_12000,balanced_2000_0_2000_12000,24,0.01167539952208907,0.01167539952208907,0.01167539952208907
0.498835,24,1,balanced_2000_0_2000_12000,balanced_2000_0_2000_12000,24,0.011629090934590303,0.011629090934590303,0.011629090934590303
0.498836,24,1,balanced_2000_0_2000_12000,balanced_2000_0_2000_12000,24,0.011582782347088871,0.011582782347088871,0.011582782347088871
0.498837,24,1,balanced_2000_0_2000_12000,balanced_2000_0_2000_12000,24,0.011536473759590216,0.011536473759590216,0.011536473759590216
0.498838,24,1,balanced_2000_0_2000_12000,balanced_2000_0_2000_12000,24,0.011490165172088895,0.011490165172088895,0.011490165172088895
0.498839,24,1,balanced_2000_0_2000_12000,balanced_2000_0_2000_12000,24,0.011443856584590129,0.011443856584590129,0.011443856584590129
0.498840,24,1,balanced_2000_0_2000_12000,balanced_2000_0_2000_12000,24,0.011397547997088808,0.011397547997088808,0.011397547997088808
0.498841,24,1,balanced_2000_0_2000_12000,balanced_2000_0_2000_12000,24,0.011351239409590153,0.011351239409590153,0.011351239409590153
0.498842,24,1,balanced_2000_0_2000_12000,balanced_2000_0_2000_12000,24,0.011304930822088832,0.011304930822088832,0.011304930822088832
0.498843,24,1,balanced_2000_0_2000_12000,balanced_2000_0_2000_12000,24,0.011258622234590066,0.011258622234590066,0.011258622234590066
0.498844,24,1,balanced_2000_0_2000_12000,balanced_2000_0_2000_12000,24,0.011212313647088745,0.011212313647088745,0.011212313647088745
0.498845,24,1,balanced_2000_0_2000_12000,balanced_2000_0_2000_12000,24,0.01116600505959009,0.01116600505959009,0.01116600505959009
0.498846,24,1,balanced_2000_0_2000_12000,balanced_2000_0_2000_12000,24,0.01111969647208877,0.01111969647208877,0.01111969647208877
0.498847,24,1,balanced_2000_0_2000_12000,balanced_2000_0_2000_12000,24,0.011073387884590002,0.011073387884590002,0.011073387884590002
0.498848,24,1,balanced_2000_0_2000_12000,balanced_2000_0_2000_12000,24,0.011027079297088793,0.011027079297088793,0.011027079297088793
0.498849,24,1,balanced_2000_0_2000_12000,balanced_2000_0_2000_12000,24,0.010980770709589915,0.010980770709589915,0.010980770709589915
0.498850,24,1,balanced_2000_0_2000_12000,balanced_2000_0_2000_12000,24,0.010934462122088706,0.010934462122088706,0.010934462122088706
0.498851,24,1,balanced_2000_0_2000_12000,balanced_2000_0_2000_12000,24,0.01088815353459005,0.01088815353459005,0.01088815353459005
0.498852,24,1,balanced_2000_0_2000_12000,balanced_2000_0_2000_12000,24,0.01084184494708873,0.01084184494708873,0.01084184494708873
0.498853,24,1,balanced_2000_0_2000_12000,balanced_2000_0_2000_12000,24,0.010795536359589963,0.010795536359589963,0.010795536359589963
0.498854,24,1,balanced_2000_0_2000_12000,balanced_2000_0_2000_12000,24,0.010749227772088643,0.010749227772088643,0.010749227772088643
0.498855,24,1,balanced_2000_0_2000_12000,balanced_2000_0_2000_12000,24,0.010702919184589876,0.010702919184589876,0.010702919184589876
0.498856,24,1,balanced_2000_0_2000_12000,balanced_2000_0_2000_12000,24,0.010656610597088667,0.010656610597088667,0.010656610597088667
0.498857,24,1,balanced_2000_0_2000_12000,balanced_2000_0_2000_12000,24,0.01061030200958979,0.01061030200958979,0.01061030200958979
0.498858,24,1,balanced_2000_0_2000_12000,balanced_2000_0_2000_12000,24,0.01056399342208858,0.01056399342208858,0.01056399342208858
0.498859,24,1,balanced_2000_0_2000_12000,balanced_2000_0_2000_12000,24,0.010517684834589813,0.010517684834589813,0.010517684834589813
0.498860,24,1,balanced_2000_0_2000_12000,balanced_2000_0_2000_12000,24,0.010471376247091047,0.010471376247091047,0.010471376247091047
0.498861,24,1,balanced_2000_0_2000_12000,balanced_2000_0_2000_12000,24,0.010425067659589837,0.010425067659589837,0.010425067659589837
0.498862,24,1,balanced_2000_0_2000_12000,balanced_2000_0_2000_12000,24,0.01037875907209107,0.01037875907209107,0.01037875907209107
0.498863,24,1,balanced_2000_0_2000_12000,balanced_2000_0_2000_12000,24,0.01033245048458975,0.01033245048458975,0.01033245048458975
0.498864,24,1,balanced_2000_0_2000_12000,balanced_2000_0_2000_12000,24,0.010286141897090983,0.010286141897090983,0.010286141897090983
0.498865,24,1,balanced_2000_0_2000_12000,balanced_2000_0_2000_12000,24,0.010239833309589663,0.010239833309589663,0.010239833309589663
0.498866,24,1,balanced_2000_0_2000_12000,balanced_2000_0_2000_12000,24,0.010193524722091007,0.010193524722091007,0.010193524722091007
0.498867,24,1,balanced_2000_0_2000_12000,balanced_2000_0_2000_12000,24,0.010147216134589687,0.010147216134589687,0.010147216134589687
0.498868,24,1,balanced_2000_0_2000_12000,balanced_2000_0_2000_12000,24,0.01010090754709092,0.01010090754709092,0.01010090754709092
0.498869,24,1,balanced_2000_0_2000_12000,balanced_2000_0_2000_12000,24,0.010054598959589711,0.010054598959589711,0.010054598959589711
0.498870,24,1,balanced_2000_0_2000_12000,balanced_2000_0_2000_12000,24,0.010008290372090944,0.010008290372090944,0.010008290372090944
0.498871,24,1,balanced_2000_0_2000_12000,balanced_2000_0_2000_12000,24,0.009961981784589624,0.009961981784589624,0.009961981784589624
0.498872,24,1,balanced_2000_0_2000_12000,balanced_2000_0_2000_12000,24,0.009915673197090857,0.009915673197090857,0.009915673197090857
0.498873,24,1,balanced_2000_0_2000_12000,balanced_2000_0_2000_12000,24,0.009869364609589648,0.009869364609589648,0.009869364609589648
0.498874,24,1,balanced_2000_0_2000_12000,balanced_2000_0_2000_12000,24,0.009823056022090881,0.009823056022090881,0.009823056022090881
0.498875,24,1,balanced_2000_0_2000_12000,balanced_2000_0_2000_12000,24,0.009776747434589561,0.009776747434589561,0.009776747434589561
0.498876,24,1,balanced_2000_0_2000_12000,balanced_2000_0_2000_12000,24,0.009730438847090794,0.009730438847090794,0.009730438847090794
0.498877,24,1,balanced_2000_0_2000_12000,balanced_2000_0_2000_12000,24,0.009684130259589474,0.009684130259589474,0.009684130259589474
0.498878,24,1,balanced_2000_0_2000_12000,balanced_2000_0_2000_12000,24,0.009637821672090818,0.009637821672090818,0.009637821672090818
0.498879,24,1,balanced_2000_0_2000_12000,balanced_2000_0_2000_12000,24,0.009591513084589498,0.009591513084589498,0.009591513084589498
0.498880,24,1,balanced_2000_0_2000_12000,balanced_2000_0_2000_12000,24,0.009545204497090731,0.009545204497090731,0.009545204497090731
0.498881,24,1,balanced_2000_0_2000_12000,balanced_2000_0_2000_12000,24,0.009498895909589522,0.009498895909589522,0.009498895909589522
0.498882,24,1,balanced_2000_0_2000_12000,balanced_2000_0_2000_12000,24,0.009452587322090755,0.009452587322090755,0.009452587322090755
0.498883,24,1,balanced_2000_0_2000_12000,balanced_2000_0_2000_12000,24,0.009406278734589435,0.009406278734589435,0.009406278734589435
0.498884,24,1,balanced_2000_0_2000_12000,balanced_2000_0_2000_12000,24,0.009359970147090668,0.009359970147090668,0.009359970147090668
0.498885,24,1,balanced_2000_0_2000_12000,balanced_2000_0_2000_12000,24,0.009313661559589348,0.009313661559589348,0.009313661559589348
0.498886,24,1,balanced_2000_0_2000_12000,balanced_2000_0_2000_12000,24,0.009267352972090692,0.009267352972090692,0.009267352972090692
0.498887,24,1,balanced_2000_0_2000_12000,balanced_2000_0_2000_12000,24,0.009221044384591925,0.009221044384591925,0.009221044384591925
0.498888,24,1,balanced_2000_0_2000_12000,balanced_2000_0_2000_12000,24,0.009174735797090605,0.009174735797090605,0.009174735797090605
0.498889,24,1,balanced_2000_0_2000_12000,balanced_2000_0_2000_12000,24,0.009128427209591838,0.009128427209591838,0.009128427209591838
0.498890,24,1,balanced_2000_0_2000_12000,balanced_2000_0_2000_12000,24,0.00908211862209063,0.00908211862209063,0.00908211862209063
0.498891,24,1,balanced_2000_0_2000_12000,balanced_2000_0_2000_12000,24,0.009035810034591862,0.009035810034591862,0.009035810034591862
0.498892,24,1,balanced_2000_0_2000_12000,balanced_2000_0_2000_12000,24,0.008989501447090542,0.008989501447090542,0.008989501447090542
0.498893,24,1,balanced_2000_0_2000_12000,balanced_2000_0_2000_12000,24,0.008943192859591775,0.008943192859591775,0.008943192859591775
0.498894,24,1,balanced_2000_0_2000_12000,balanced_2000_0_2000_12000,24,0.008896884272090455,0.008896884272090455,0.008896884272090455
0.498895,24,1,balanced_2000_0_2000_12000,balanced_2000_0_2000_12000,24,0.0088505756845918,0.0088505756845918,0.0088505756845918
0.498896,24,1,balanced_2000_0_2000_12000,balanced_2000_0_2000_12000,24,0.008804267097090479,0.008804267097090479,0.008804267097090479
0.498897,24,1,balanced_2000_0_2000_12000,balanced_2000_0_2000_12000,24,0.008757958509591712,0.008757958509591712,0.008757958509591712
0.498898,24,1,balanced_2000_0_2000_12000,balanced_2000_0_2000_12000,24,0.008711649922090503,0.008711649922090503,0.008711649922090503
0.498899,24,1,balanced_2000_0_2000_12000,balanced_2000_0_2000_12000,24,0.008665341334591736,0.008665341334591736,0.008665341334591736
0.498900,24,1,balanced_2000_0_2000_12000,balanced_2000_0_2000_12000,24,0.008619032747090416,0.008619032747090416,0.008619032747090416
0.498901,24,1,balanced_2000_0_2000_12000,balanced_2000_0_2000_12000,24,0.00857272415959176,0.00857272415959176,0.00857272415959176
0.498902,24,1,balanced_2000_0_2000_12000,balanced_2000_0_2000_12000,24,0.008526415572090329,0.008526415572090329,0.008526415572090329
0.498903,24,1,balanced_2000_0_2000_12000,balanced_2000_0_2000_12000,24,0.008480106984591673,0.008480106984591673,0.008480106984591673
0.498904,24,1,balanced_2000_0_2000_12000,balanced_2000_0_2000_12000,24,0.008433798397090353,0.008433798397090353,0.008433798397090353
0.498905,24,1,balanced_2000_0_2000_12000,balanced_2000_0_2000_12000,24,0.008387489809591586,0.008387489809591586,0.008387489809591586
0.498906,24,1,balanced_2000_0_2000_12000,balanced_2000_0_2000_12000,24,0.008341181222090266,0.008341181222090266,0.008341181222090266
0.498907,24,1,balanced_2000_0_2000_12000,balanced_2000_0_2000_12000,24,0.00829487263459161,0.00829487263459161,0.00829487263459161
0.498908,24,1,balanced_2000_0_2000_12000,balanced_2000_0_2000_12000,24,0.00824856404709029,0.00824856404709029,0.00824856404709029
0.498909,24,1,balanced_2000_0_2000_12000,balanced_2000_0_2000_12000,24,0.008202255459591634,0.008202255459591634,0.008202255459591634
0.498910,24,1,balanced_2000_0_2000_12000,balanced_2000_0_2000_12000,24,0.008155946872090203,0.008155946872090203,0.008155946872090203
0.498911,24,1,balanced_2000_0_2000_12000,balanced_2000_0_2000_12000,24,0.008109638284591547,0.008109638284591547,0.008109638284591547
0.498912,24,1,balanced_2000_0_2000_12000,balanced_2000_0_2000_12000,24,0.008063329697090227,0.008063329697090227,0.008063329697090227
0.498913,24,1,balanced_2000_0_2000_12000,balanced_2000_0_2000_12000,24,0.00801702110959146,0.00801702110959146,0.00801702110959146
0.498914,24,1,balanced_2000_0_2000_12000,balanced_2000_0_2000_12000,24,0.007970712522092693,0.007970712522092693,0.007970712522092693
0.498915,24,1,balanced_2000_0_2000_12000,balanced_2000_0_2000_12000,24,0.007924403934591484,0.007924403934591484,0.007924403934591484
0.498916,24,1,balanced_2000_0_2000_12000,balanced_2000_0_2000_12000,24,0.007878095347092717,0.007878095347092717,0.007878095347092717
0.498917,24,1,balanced_2000_0_2000_12000,balanced_2000_0_2000_12000,24,0.007831786759591508,0.007831786759591508,0.007831786759591508
0.498918,24,1,balanced_2000_0_2000_12000,balanced_2000_0_2000_12000,24,0.00778547817209263,0.00778547817209263,0.00778547817209263
0.498919,24,1,balanced_2000_0_2000_12000,balanced_2000_0_2000_12000,24,0.00773916958459131,0.00773916958459131,0.00773916958459131
0.498920,24,1,balanced_2000_0_2000_12000,balanced_2000_0_2000_12000,24,0.007692860997092654,0.007692860997092654,0.007692860997092654
0.498921,24,1,balanced_2000_0_2000_12000,balanced_2000_0_2000_12000,24,0.007646552409591334,0.007646552409591334,0.007646552409591334
0.498922,24,1,balanced_2000_0_2000_12000,balanced_2000_0_2000_12000,24,0.007600243822092567,0.007600243822092567,0.007600243822092567
0.498923,24,1,balanced_2000_0_2000_12000,balanced_2000_0_2000_12000,24,0.007553935234591247,0.007553935234591247,0.007553935234591247
0.498924,24,1,balanced_2000_0_2000_12000,balanced_2000_0_2000_12000,24,0.007507626647092591,0.007507626647092591,0.007507626647092591
0.498925,24,1,balanced_2000_0_2000_12000,balanced_2000_0_2000_12000,24,0.00746131805959116,0.00746131805959116,0.00746131805959116
0.498926,24,1,balanced_2000_0_2000_12000,balanced_2000_0_2000_12000,24,0.007415009472092504,0.007415009472092504,0.007415009472092504
0.498927,24,1,balanced_2000_0_2000_12000,balanced_2000_0_2000_12000,24,0.007368700884591184,0.007368700884591184,0.007368700884591184
0.498928,24,1,balanced_2000_0_2000_12000,balanced_2000_0_2000_12000,24,0.007322392297092528,0.007322392297092528,0.007322392297092528
0.498929,24,1,balanced_2000_0_2000_12000,balanced_2000_0_2000_12000,24,0.007276083709591208,0.007276083709591208,0.007276083709591208
0.498930,24,1,balanced_2000_0_2000_12000,balanced_2000_0_2000_12000,24,0.007229775122092441,0.007229775122092441,0.007229775122092441
0.498931,24,1,balanced_2000_0_2000_12000,balanced_2000_0_2000_12000,24,0.007183466534591121,0.007183466534591121,0.007183466534591121
0.498932,24,1,balanced_2000_0_2000_12000,balanced_2000_0_2000_12000,24,0.007137157947092465,0.007137157947092465,0.007137157947092465
0.498933,24,1,balanced_2000_0_2000_12000,balanced_2000_0_2000_12000,24,0.007090849359591034,0.007090849359591034,0.007090849359591034
0.498934,24,1,balanced_2000_0_2000_12000,balanced_2000_0_2000_12000,24,0.007044540772092378,0.007044540772092378,0.007044540772092378
0.498935,24,1,balanced_2000_0_2000_12000,balanced_2000_0_2000_12000,24,0.006998232184591058,0.006998232184591058,0.006998232184591058
0.498936,24,1,balanced_2000_0_2000_12000,balanced_2000_0_2000_12000,24,0.006951923597092402,0.006951923597092402,0.006951923597092402
0.498937,24,1,balanced_2000_0_2000_12000,balanced_2000_0_2000_12000,24,0.006905615009591082,0.006905615009591082,0.006905615009591082
0.498938,24,1,balanced_2000_0_2000_12000,balanced_2000_0_2000_12000,24,0.006859306422092315,0.006859306422092315,0.006859306422092315
0.498939,24,1,balanced_2000_0_2000_12000,balanced_2000_0_2000_12000,24,0.006812997834590995,0.006812997834590995,0.006812997834590995
0.498940,24,1,balanced_2000_0_2000_12000,balanced_2000_0_2000_12000,24,0.006766689247092339,0.006766689247092339,0.006766689247092339
0.498941,24,1,balanced_2000_0_2000_12000,balanced_2000_0_2000_12000,24,0.006720380659590908,0.006720380659590908,0.006720380659590908
0.498942,24,1,balanced_2000_0_2000_12000,balanced_2000_0_2000_12000,24,0.006674072072092252,0.006674072072092252,0.006674072072092252
0.498943,24,1,balanced_2000_0_2000_12000,balanced_2000_0_2000_12000,24,0.006627763484593485,0.006627763484593485,0.006627763484593485
0.498944,24,1,balanced_2000_0_2000_12000,balanced_2000_0_2000_12000,24,0.006581454897092276,0.006581454897092276,0.006581454897092276
0.498945,24,1,balanced_2000_0_2000_12000,balanced_2000_0_2000_12000,24,0.006535146309593509,0.006535146309593509,0.006535146309593509
0.498946,24,1,balanced_2000_0_2000_12000,balanced_2000_0_2000_12000,24,0.006488837722092189,0.006488837722092189,0.006488837722092189
0.498947,24,1,balanced_2000_0_2000_12000,balanced_2000_0_2000_12000,24,0.006442529134593533,0.006442529134593533,0.006442529134593533
0.498948,24,1,balanced_2000_0_2000_12000,balanced_2000_0_2000_12000,24,0.006396220547092102,0.006396220547092102,0.006396220547092102
0.498949,24,1,balanced_2000_0_2000_12000,balanced_2000_0_2000_12000,24,0.006349911959593446,0.006349911959593446,0.006349911959593446
0.498950,24,1,balanced_2000_0_2000_12000,balanced_2000_0_2000_12000,24,0.006303603372092126,0.006303603372092126,0.006303603372092126
0.498951,24,1,balanced_2000_0_2000_12000,balanced_2000_0_2000_12000,24,0.006257294784593359,0.006257294784593359,0.006257294784593359
0.498952,24,1,balanced_2000_0_2000_12000,balanced_2000_0_2000_12000,24,0.006210986197092039,0.006210986197092039,0.006210986197092039
0.498953,24,1,balanced_2000_0_2000_12000,balanced_2000_0_2000_12000,24,0.006164677609593272,0.006164677609593272,0.006164677609593272
0.498954,24,1,balanced_2000_0_2000_12000,balanced_2000_0_2000_12000,24,0.006118369022092063,0.006118369022092063,0.006118369022092063
0.498955,24,1,balanced_2000_0_2000_12000,balanced_2000_0_2000_12000,24,0.006072060434593296,0.006072060434593296,0.006072060434593296
0.498956,24,1,balanced_2000_0_2000_12000,balanced_2000_0_2000_12000,24,0.006025751847091976,0.006025751847091976,0.006025751847091976
0.498957,24,1,balanced_2000_0_2000_12000,balanced_2000_0_2000_12000,24,0.00597944325959332,0.00597944325959332,0.00597944325959332
0.498958,24,1,balanced_2000_0_2000_12000,balanced_2000_0_2000_12000,24,0.005933134672092,0.005933134672092,0.005933134672092
0.498959,24,1,balanced_2000_0_2000_12000,balanced_2000_0_2000_12000,24,0.005886826084593233,0.005886826084593233,0.005886826084593233
0.498960,24,1,balanced_2000_0_2000_12000,balanced_2000_0_2000_12000,24,0.005840517497091913,0.005840517497091913,0.005840517497091913
0.498961,24,1,balanced_2000_0_2000_12000,balanced_2000_0_2000_12000,24,0.005794208909593146,0.005794208909593146,0.005794208909593146
0.498962,24,1,balanced_2000_0_2000_12000,balanced_2000_0_2000_12000,24,0.005747900322091937,0.005747900322091937,0.005747900322091937
0.498963,24,1,balanced_2000_0_2000_12000,balanced_2000_0_2000_12000,24,0.00570159173459317,0.00570159173459317,0.00570159173459317
0.498964,24,1,balanced_2000_0_2000_12000,balanced_2000_0_2000_12000,24,0.00565528314709185,0.00565528314709185,0.00565528314709185
0.498965,24,1,balanced_2000_0_2000_12000,balanced_2000_0_2000_12000,24,0.005608974559593194,0.005608974559593194,0.005608974559593194
0.498966,24,1,balanced_2000_0_2000_12000,balanced_2000_0_2000_12000,24,0.005562665972091874,0.005562665972091874,0.005562665972091874
0.498967,24,1,balanced_2000_0_2000_12000,balanced_2000_0_2000_12000,24,0.005516357384593107,0.005516357384593107,0.005516357384593107
0.498968,24,1,balanced_2000_0_2000_12000,balanced_2000_0_2000_12000,24,0.005470048797091787,0.005470048797091787,0.005470048797091787
0.498969,24,1,balanced_2000_0_2000_12000,balanced_2000_0_2000_12000,24,0.00542374020959302,0.00542374020959302,0.00542374020959302
0.498970,24,1,balanced_2000_0_2000_12000,balanced_2000_0_2000_12000,24,0.005377431622094364,0.005377431622094364,0.005377431622094364
0.498971,24,1,balanced_2000_0_2000_12000,balanced_2000_0_2000_12000,24,0.005331123034593044,0.005331123034593044,0.005331123034593044
0.498972,24,1,balanced_2000_0_2000_12000,balanced_2000_0_2000_12000,24,0.005284814447094388,0.005284814447094388,0.005284814447094388
0.498973,24,1,balanced_2000_0_2000_12000,balanced_2000_0_2000_12000,24,0.005238505859592957,0.005238505859592957,0.005238505859592957
0.498974,24,1,balanced_2000_0_2000_12000,balanced_2000_0_2000_12000,24,0.005192197272094301,0.005192197272094301,0.005192197272094301
0.498975,24,1,balanced_2000_0_2000_12000,balanced_2000_0_2000_12000,24,0.005145888684592981,0.005145888684592981,0.005145888684592981
0.498976,24,1,balanced_2000_0_2000_12000,balanced_2000_0_2000_12000,24,0.005099580097094214,0.005099580097094214,0.005099580097094214
0.498977,24,1,balanced_2000_0_2000_12000,balanced_2000_0_2000_12000,24,0.005053271509593005,0.005053271509593005,0.005053271509593005
0.498978,24,1,balanced_2000_0_2000_12000,balanced_2000_0_2000_12000,24,0.005006962922094238,0.005006962922094238,0.005006962922094238
0.498979,24,1,balanced_2000_0_2000_12000,balanced_2000_0_2000_12000,24,0.004960654334592918,0.004960654334592918,0.004960654334592918
0.498980,24,1,balanced_2000_0_2000_12000,balanced_2000_0_2000_12000,24,0.004914345747094151,0.004914345747094151,0.004914345747094151
0.498981,24,1,balanced_2000_0_2000_12000,balanced_2000_0_2000_12000,24,0.004868037159592831,0.004868037159592831,0.004868037159592831
0.498982,24,1,balanced_2000_0_2000_12000,balanced_2000_0_2000_12000,24,0.004821728572094064,0.004821728572094064,0.004821728572094064
0.498983,24,1,balanced_2000_0_2000_12000,balanced_2000_0_2000_12000,24,0.004775419984592855,0.004775419984592855,0.004775419984592855
0.498984,24,1,balanced_2000_0_2000_12000,balanced_2000_0_2000_12000,24,0.004729111397094088,0.004729111397094088,0.004729111397094088
0.498985,24,1,balanced_2000_0_2000_12000,balanced_2000_0_2000_12000,24,0.004682802809592879,0.004682802809592879,0.004682802809592879
0.498986,24,1,balanced_2000_0_2000_12000,balanced_2000_0_2000_12000,24,0.004636494222094001,0.004636494222094001,0.004636494222094001
0.498987,24,1,balanced_2000_0_2000_12000,balanced_2000_0_2000_12000,24,0.004590185634592792,0.004590185634592792,0.004590185634592792
0.498988,24,1,balanced_2000_0_2000_12000,balanced_2000_0_2000_12000,24,0.004543877047094025,0.004543877047094025,0.004543877047094025
0.498989,24,1,balanced_2000_0_2000_12000,balanced_2000_0_2000_12000,24,0.004497568459592705,0.004497568459592705,0.004497568459592705
0.498990,24,1,balanced_2000_0_2000_12000,balanced_2000_0_2000_12000,24,0.004451259872093938,0.004451259872093938,0.004451259872093938
0.498991,24,1,balanced_2000_0_2000_12000,balanced_2000_0_2000_12000,24,0.0044049512845927286,0.0044049512845927286,0.0044049512845927286
0.498992,24,1,balanced_2000_0_2000_12000,balanced_2000_0_2000_12000,24,0.004358642697093962,0.004358642697093962,0.004358642697093962
0.498993,24,1,balanced_2000_0_2000_12000,balanced_2000_0_2000_12000,24,0.0043123341095927525,0.0043123341095927525,0.0043123341095927525
0.498994,24,1,balanced_2000_0_2000_12000,balanced_2000_0_2000_12000,24,0.004266025522093875,0.004266025522093875,0.004266025522093875
0.498995,24,1,balanced_2000_0_2000_12000,balanced_2000_0_2000_12000,24,0.0042197169345926655,0.0042197169345926655,0.0042197169345926655
0.498996,24,1,balanced_2000_0_2000_12000,balanced_2000_0_2000_12000,24,0.004173408347093899,0.004173408347093899,0.004173408347093899
0.498997,24,1,balanced_2000_0_2000_12000,balanced_2000_0_2000_12000,24,0.0041270997595925785,0.0041270997595925785,0.0041270997595925785
0.498998,24,1,balanced_2000_0_2000_12000,balanced_2000_0_2000_12000,24,0.004080791172093923,0.004080791172093923,0.004080791172093923
0.498999,24,1,balanced_2000_0_2000_12000,balanced_2000_0_2000_12000,24,0.004034482584595156,0.004034482584595156,0.004034482584595156
0.499000,24,1,balanced_2000_0_2000_12000,balanced_2000_0_2000_12000,24,0.003988173997093836,0.003988173997093836,0.003988173997093836
0.499001,24,1,balanced_2000_0_2000_12000,balanced_2000_0_2000_12000,24,0.003941865409595069,0.003941865409595069,0.003941865409595069
0.499002,24,1,balanced_2000_0_2000_12000,balanced_2000_0_2000_12000,24,0.0038955568220938597,0.0038955568220938597,0.0038955568220938597
0.499003,24,1,balanced_2000_0_2000_12000,balanced_2000_0_2000_12000,24,0.003849248234595093,0.003849248234595093,0.003849248234595093
0.499004,24,1,balanced_2000_0_2000_12000,balanced_2000_0_2000_12000,24,0.0038029396470937726,0.0038029396470937726,0.0038029396470937726
0.499005,24,1,balanced_2000_0_2000_12000,balanced_2000_0_2000_12000,24,0.003756631059595117,0.003756631059595117,0.003756631059595117
0.499006,24,1,balanced_2000_0_2000_12000,balanced_2000_0_2000_12000,24,0.0037103224720937966,0.0037103224720937966,0.0037103224720937966
0.499007,24,1,balanced_2000_0_2000_12000,balanced_2000_0_2000_12000,24,0.00366401388459503,0.00366401388459503,0.00366401388459503
0.499008,24,1,balanced_2000_0_2000_12000,balanced_2000_0_2000_12000,24,0.0036177052970935986,0.0036177052970935986,0.0036177052970935986
0.499009,24,1,balanced_2000_0_2000_12000,balanced_2000_0_2000_12000,24,0.003571396709594943,0.003571396709594943,0.003571396709594943
0.499010,24,1,balanced_2000_0_2000_12000,balanced_2000_0_2000_12000,24,0.0035250881220937336,0.0035250881220937336,0.0035250881220937336
0.499011,24,1,balanced_2000_0_2000_12000,balanced_2000_0_2000_12000,24,0.003478779534594967,0.003478779534594967,0.003478779534594967
0.499012,24,1,balanced_2000_0_2000_12000,balanced_2000_0_2000_12000,24,0.0034324709470935355,0.0034324709470935355,0.0034324709470935355
0.499013,24,1,balanced_2000_0_2000_12000,balanced_2000_0_2000_12000,24,0.0033861623595948798,0.0033861623595948798,0.0033861623595948798
0.499014,24,1,balanced_2000_0_2000_12000,balanced_2000_0_2000_12000,24,0.0033398537720936705,0.0033398537720936705,0.0033398537720936705
0.499015,24,1,balanced_2000_0_2000_12000,balanced_2000_0_2000_12000,24,0.0032935451845947927,0.0032935451845947927,0.0032935451845947927
0.499016,24,1,balanced_2000_0_2000_12000,balanced_2000_0_2000_12000,24,0.0032472365970934725,0.0032472365970934725,0.0032472365970934725
0.499017,24,1,balanced_2000_0_2000_12000,balanced_2000_0_2000_12000,24,0.0032009280095948167,0.0032009280095948167,0.0032009280095948167
0.499018,24,1,balanced_2000_0_2000_12000,balanced_2000_0_2000_12000,24,0.0031546194220936075,0.0031546194220936075,0.0031546194220936075
0.499019,24,1,balanced_2000_0_2000_12000,balanced_2000_0_2000_12000,24,0.0031083108345948407,0.0031083108345948407,0.0031083108345948407
0.499020,24,1,balanced_2000_0_2000_12000,balanced_2000_0_2000_12000,24,0.0030620022470934094,0.0030620022470934094,0.0030620022470934094
0.499021,24,1,balanced_2000_0_2000_12000,balanced_2000_0_2000_12000,24,0.0030156936595947537,0.0030156936595947537,0.0030156936595947537
0.499022,24,1,balanced_2000_0_2000_12000,balanced_2000_0_2000_12000,24,0.0029693850720935444,0.0029693850720935444,0.0029693850720935444
0.499023,24,1,balanced_2000_0_2000_12000,balanced_2000_0_2000_12000,24,0.0029230764845947776,0.0029230764845947776,0.0029230764845947776
0.499024,24,1,balanced_2000_0_2000_12000,balanced_2000_0_2000_12000,24,0.0028767678970933463,0.0028767678970933463,0.0028767678970933463
0.499025,24,1,balanced_2000_0_2000_12000,balanced_2000_0_2000_12000,24,0.0028304593095946906,0.0028304593095946906,0.0028304593095946906
0.499026,24,1,balanced_2000_0_2000_12000,balanced_2000_0_2000_12000,24,0.002784150722096035,0.002784150722096035,0.002784150722096035
0.499027,24,1,balanced_2000_0_2000_12000,balanced_2000_0_2000_12000,24,0.0027378421345946036,0.0027378421345946036,0.0027378421345946036
0.499028,24,1,balanced_2000_0_2000_12000,balanced_2000_0_2000_12000,24,0.002691533547095837,0.002691533547095837,0.002691533547095837
0.499029,24,1,balanced_2000_0_2000_12000,balanced_2000_0_2000_12000,24,0.0026452249595946276,0.0026452249595946276,0.0026452249595946276
0.499030,24,1,balanced_2000_0_2000_12000,balanced_2000_0_2000_12000,24,0.002598916372095861,0.002598916372095861,0.002598916372095861
0.499031,24,1,balanced_2000_0_2000_12000,balanced_2000_0_2000_12000,24,0.0025526077845946515,0.0025526077845946515,0.0025526077845946515
0.499032,24,1,balanced_2000_0_2000_12000,balanced_2000_0_2000_12000,24,0.0025062991970958848,0.0025062991970958848,0.0025062991970958848
0.499033,24,1,balanced_2000_0_2000_12000,balanced_2000_0_2000_12000,24,0.0024599906095945645,0.0024599906095945645,0.0024599906095945645
0.499034,24,1,balanced_2000_0_2000_12000,balanced_2000_0_2000_12000,24,0.0024136820220957977,0.0024136820220957977,0.0024136820220957977
0.499035,24,1,balanced_2000_0_2000_12000,balanced_2000_0_2000_12000,24,0.0023673734345944775,0.0023673734345944775,0.0023673734345944775
0.499036,24,1,balanced_2000_0_2000_12000,balanced_2000_0_2000_12000,24,0.0023210648470958217,0.0023210648470958217,0.0023210648470958217
0.499037,24,1,balanced_2000_0_2000_12000,balanced_2000_0_2000_12000,24,0.0022747562595945015,0.0022747562595945015,0.0022747562595945015
0.499038,24,1,balanced_2000_0_2000_12000,balanced_2000_0_2000_12000,24,0.0022284476720957347,0.0022284476720957347,0.0022284476720957347
0.499039,24,1,balanced_2000_0_2000_12000,balanced_2000_0_2000_12000,24,0.0021821390845945254,0.0021821390845945254,0.0021821390845945254
0.499040,24,1,balanced_2000_0_2000_12000,balanced_2000_0_2000_12000,24,0.0021358304970957587,0.0021358304970957587,0.0021358304970957587
0.499041,24,1,balanced_2000_0_2000_12000,balanced_2000_0_2000_12000,24,0.0020895219095944384,0.0020895219095944384,0.0020895219095944384
0.499042,24,1,balanced_2000_0_2000_12000,balanced_2000_0_2000_12000,24,0.0020432133220956716,0.0020432133220956716,0.0020432133220956716
0.499043,24,1,balanced_2000_0_2000_12000,balanced_2000_0_2000_12000,24,0.0019969047345943514,0.0019969047345943514,0.0019969047345943514
0.499044,24,1,balanced_2000_0_2000_12000,balanced_2000_0_2000_12000,24,0.0019505961470956956,0.0019505961470956956,0.0019505961470956956
0.499045,24,1,balanced_2000_0_2000_12000,balanced_2000_0_2000_12000,24,0.0019042875595942643,0.0019042875595942643,0.0019042875595942643
0.499046,24,1,balanced_2000_0_2000_12000,balanced_2000_0_2000_12000,24,0.0018579789720956086,0.0018579789720956086,0.0018579789720956086
0.499047,24,1,balanced_2000_0_2000_12000,balanced_2000_0_2000_12000,24,0.0018116703845942883,0.0018116703845942883,0.0018116703845942883
0.499048,24,1,balanced_2000_0_2000_12000,balanced_2000_0_2000_12000,24,0.0017653617970955215,0.0017653617970955215,0.0017653617970955215
0.499049,24,1,balanced_2000_0_2000_12000,balanced_2000_0_2000_12000,24,0.0017190532095943123,0.0017190532095943123,0.0017190532095943123
0.499050,24,1,balanced_2000_0_2000_12000,balanced_2000_0_2000_12000,24,0.0016727446220955455,0.0016727446220955455,0.0016727446220955455
0.499051,24,1,balanced_2000_0_2000_12000,balanced_2000_0_2000_12000,24,0.0016264360345942253,0.0016264360345942253,0.0016264360345942253
0.499052,24,1,balanced_2000_0_2000_12000,balanced_2000_0_2000_12000,24,0.0015801274470954585,0.0015801274470954585,0.0015801274470954585
0.499053,24,1,balanced_2000_0_2000_12000,balanced_2000_0_2000_12000,24,0.0015338188595968028,0.0015338188595968028,0.0015338188595968028
0.499054,24,1,balanced_2000_0_2000_12000,balanced_2000_0_2000_12000,24,0.0014875102720954825,0.0014875102720954825,0.0014875102720954825
0.499055,24,1,balanced_2000_0_2000_12000,balanced_2000_0_2000_12000,24,0.0014412016845967157,0.0014412016845967157,0.0014412016845967157
0.499056,24,1,balanced_2000_0_2000_12000,balanced_2000_0_2000_12000,24,0.0013948930970953954,0.0013948930970953954,0.0013948930970953954
0.499057,24,1,balanced_2000_0_2000_12000,balanced_2000_0_2000_12000,24,0.0013485845095966287,0.0013485845095966287,0.0013485845095966287
0.499058,24,1,balanced_2000_0_2000_12000,balanced_2000_0_2000_12000,24,0.0013022759220954194,0.0013022759220954194,0.0013022759220954194
0.499059,24,1,balanced_2000_0_2000_12000,balanced_2000_0_2000_12000,24,0.0012559673345966527,0.0012559673345966527,0.0012559673345966527
0.499060,24,1,balanced_2000_0_2000_12000,balanced_2000_0_2000_12000,24,0.0012096587470953324,0.0012096587470953324,0.0012096587470953324
0.499061,24,1,balanced_2000_0_2000_12000,balanced_2000_0_2000_12000,24,0.0011633501595966766,0.0011633501595966766,0.0011633501595966766
0.499062,24,1,balanced_2000_0_2000_12000,balanced_2000_0_2000_12000,24,0.0011170415720953564,0.0011170415720953564,0.0011170415720953564
0.499063,24,1,balanced_2000_0_2000_12000,balanced_2000_0_2000_12000,24,0.0010707329845965896,0.0010707329845965896,0.0010707329845965896
0.499064,24,1,balanced_2000_0_2000_12000,balanced_2000_0_2000_12000,24,0.0010244243970952693,0.0010244243970952693,0.0010244243970952693
0.499065,24,1,balanced_2000_0_2000_12000,balanced_2000_0_2000_12000,24,0.0009781158095966136,0.0009781158095966136,0.0009781158095966136
0.499066,24,1,balanced_2000_0_2000_12000,balanced_2000_0_2000_12000,24,0.0009318072220952933,0.0009318072220952933,0.0009318072220952933
0.499067,24,1,balanced_2000_0_2000_12000,balanced_2000_0_2000_12000,24,0.0008854986345965266,0.0008854986345965266,0.0008854986345965266
0.499068,24,1,balanced_2000_0_2000_12000,balanced_2000_0_2000_12000,24,0.0008391900470952063,0.0008391900470952063,0.0008391900470952063
0.499069,24,1,balanced_2000_0_2000_12000,balanced_2000_0_2000_12000,24,0.0007928814595964395,0.0007928814595964395,0.0007928814595964395
0.499070,24,1,balanced_2000_0_2000_12000,balanced_2000_0_2000_12000,24,0.0007465728720952303,0.0007465728720952303,0.0007465728720952303
0.499071,24,1,balanced_2000_0_2000_12000,balanced_2000_0_2000_12000,24,0.0007002642845964635,0.0007002642845964635,0.0007002642845964635
0.499072,24,1,balanced_2000_0_2000_12000,balanced_2000_0_2000_12000,24,0.0006539556970951432,0.0006539556970951432,0.0006539556970951432
0.499073,24,1,balanced_2000_0_2000_12000,balanced_2000_0_2000_12000,24,0.0006076471095964875,0.0006076471095964875,0.0006076471095964875
0.499074,24,1,balanced_2000_0_2000_12000,balanced_2000_0_2000_12000,24,0.0005613385220951672,0.0005613385220951672,0.0005613385220951672
0.499075,24,1,balanced_2000_0_2000_12000,balanced_2000_0_2000_12000,24,0.0005150299345964005,0.0005150299345964005,0.0005150299345964005
0.499076,24,1,balanced_2000_0_2000_12000,balanced_2000_0_2000_12000,24,0.0004687213470951912,0.0004687213470951912,0.0004687213470951912
0.499077,24,1,balanced_2000_0_2000_12000,balanced_2000_0_2000_12000,24,0.00042241275959642444,0.00042241275959642444,0.00042241275959642444
0.499078,24,1,balanced_2000_0_2000_12000,balanced_2000_0_2000_12000,24,0.00037610417209510416,0.00037610417209510416,0.00037610417209510416
0.499079,24,1,balanced_2000_0_2000_12000,balanced_2000_0_2000_12000,24,0.0003297955845963374,0.0003297955845963374,0.0003297955845963374
0.499080,24,1,balanced_2000_0_2000_12000,balanced_2000_0_2000_12000,24,0.00028348699709512815,0.00028348699709512815,0.00028348699709512815
0.499081,24,1,balanced_2000_0_2000_12000,balanced_2000_0_2000_12000,24,0.00023717840959625036,0.00023717840959625036,0.00023717840959625036
0.499082,24,1,balanced_2000_0_2000_12000,balanced_2000_0_2000_12000,24,0.00019086982209759462,0.00019086982209759462,0.00019086982209759462
0.499083,24,1,balanced_2000_0_2000_12000,balanced_2000_0_2000_12000,24,0.00014456123459627435,0.00014456123459627435,0.00014456123459627435
0.499084,24,1,balanced_2000_0_2000_12000,balanced_2000_0_2000_12000,24,9.82526470976186e-05,9.82526470976186e-05,9.82526470976186e-05
0.499085,24,1,balanced_2000_0_2000_12000,balanced_2000_0_2000_12000,24,5.194405959629833e-05,5.194405959629833e-05,5.194405959629833e-05
0.499086,24,1,balanced_2000_0_2000_12000,balanced_2000_0_2000_12000,24,5.635472097531569e-06,5.635472097531569e-06,5.635472097531569e-06
0.499087,24,1,balanced_1000_0_1000_12000,balanced_1000_0_1000_12000,24,4.067311540389973e-05,4.067311540389973e-05,4.067311540389973e-05
0.499088,24,1,balanced_1000_0_1000_12000,balanced_1000_0_1000_12000,24,8.698170290255547e-05,8.698170290255547e-05,8.698170290255547e-05
0.499089,24,1,balanced_1000_0_1000_12000,balanced_1000_0_1000_12000,24,0.00013329029040387574,0.00013329029040387574,0.00013329029040387574
0.499090,24,1,balanced_1000_0_1000_12000,balanced_1000_0_1000_12000,24,0.0001795988779026425,0.0001795988779026425,0.0001795988779026425
0.499091,24,1,balanced_1000_0_1000_12000,balanced_1000_0_1000_12000,24,0.00022590746540385176,0.00022590746540385176,0.00022590746540385176
0.499092,24,1,balanced_1000_0_1000_12000,balanced_1000_0_1000_12000,24,0.0002722160529026185,0.0002722160529026185,0.0002722160529026185
0.499093,24,1,balanced_1000_0_1000_12000,balanced_1000_0_1000_12000,24,0.0003185246404039388,0.0003185246404039388,0.0003185246404039388
0.499094,24,1,balanced_1000_0_1000_12000,balanced_1000_0_1000_12000,24,0.00036483322790270556,0.00036483322790270556,0.00036483322790270556
0.499095,24,1,balanced_1000_0_1000_12000,balanced_1000_0_1000_12000,24,0.0004111418154039148,0.0004111418154039148,0.0004111418154039148
0.499096,24,1,balanced_1000_0_1000_12000,balanced_1000_0_1000_12000,24,0.0004574504029026816,0.0004574504029026816,0.0004574504029026816
0.499097,24,1,balanced_1000_0_1000_12000,balanced_1000_0_1000_12000,24,0.0005037589904038908,0.0005037589904038908,0.0005037589904038908
0.499098,24,1,balanced_1000_0_1000_12000,balanced_1000_0_1000_12000,24,0.0005500675779026576,0.0005500675779026576,0.0005500675779026576
0.499099,24,1,balanced_1000_0_1000_12000,balanced_1000_0_1000_12000,24,0.0005963761654039779,0.0005963761654039779,0.0005963761654039779
0.499100,24,1,balanced_1000_0_1000_12000,balanced_1000_0_1000_12000,24,0.0006426847529027446,0.0006426847529027446,0.0006426847529027446
0.499101,24,1,balanced_1000_0_1000_12000,balanced_1000_0_1000_12000,24,0.0006889933404040649,0.0006889933404040649,0.0006889933404040649
0.499102,24,1,balanced_1000_0_1000_12000,balanced_1000_0_1000_12000,24,0.0007353019279027206,0.0007353019279027206,0.0007353019279027206
0.499103,24,1,balanced_1000_0_1000_12000,balanced_1000_0_1000_12000,24,0.0007816105154040409,0.0007816105154040409,0.0007816105154040409
0.499104,24,1,balanced_1000_0_1000_12000,balanced_1000_0_1000_12000,24,0.0008279191029028077,0.0008279191029028077,0.0008279191029028077
0.499105,24,1,balanced_1000_0_1000_12000,balanced_1000_0_1000_12000,24,0.000874227690404128,0.000874227690404128,0.000874227690404128
0.499106,24,1,balanced_1000_0_1000_12000,balanced_1000_0_1000_12000,24,0.0009205362779027837,0.0009205362779027837,0.0009205362779027837
0.499107,24,1,balanced_1000_0_1000_12000,balanced_1000_0_1000_12000,24,0.000966844865404215,0.000966844865404215,0.000966844865404215
0.499108,24,1,balanced_1000_0_1000_12000,balanced_1000_0_1000_12000,24,0.0010131534529028707,0.0010131534529028707,0.0010131534529028707
0.499109,24,1,balanced_1000_0_1000_12000,balanced_1000_0_1000_12000,24,0.0010594620404016375,0.0010594620404016375,0.0010594620404016375
0.499110,24,1,balanced_1000_0_1000_12000,balanced_1000_0_1000_12000,24,0.0011057706279029578,0.0011057706279029578,0.0011057706279029578
0.499111,24,1,balanced_1000_0_1000_12000,balanced_1000_0_1000_12000,24,0.0011520792154017245,0.0011520792154017245,0.0011520792154017245
0.499112,24,1,balanced_1000_0_1000_12000,balanced_1000_0_1000_12000,24,0.0011983878029029338,0.0011983878029029338,0.0011983878029029338
0.499113,24,1,balanced_1000_0_1000_12000,balanced_1000_0_1000_12000,24,0.0012446963904015895,0.0012446963904015895,0.0012446963904015895
0.499114,24,1,balanced_1000_0_1000_12000,balanced_1000_0_1000_12000,24,0.0012910049779030208,0.0012910049779030208,0.0012910049779030208
0.499115,24,1,balanced_1000_0_1000_12000,balanced_1000_0_1000_12000,24,0.0013373135654016766,0.0013373135654016766,0.0013373135654016766
0.499116,24,1,balanced_1000_0_1000_12000,balanced_1000_0_1000_12000,24,0.0013836221529029968,0.0013836221529029968,0.0013836221529029968
0.499117,24,1,balanced_1000_0_1000_12000,balanced_1000_0_1000_12000,24,0.001429691288876822,0.001429691288876822,0.001429691288876822
0.499118,24,1,balanced_1000_0_1000_12000,balanced_1000_0_1000_12000,24,0.0014748707976534048,0.0014748707976534048,0.0014748707976534048
0.499119,24,1,balanced_1000_0_1000_12000,balanced_1000_0_1000_12000,24,0.0015191241346774742,0.0015191241346774742,0.0015191241346774742
0.499120,24,1,balanced_1000_0_1000_12000,balanced_1000_0_1000_12000,24,0.0015624512999540263,0.0015624512999540263,0.0015624512999540263
0.499121,24,1,balanced_1000_0_1000_12000,balanced_1000_0_1000_12000,24,0.0016048522934781762,0.0016048522934781762,0.0016048522934781762
0.499122,24,1,balanced_1000_0_1000_12000,balanced_1000_0_1000_12000,24,0.0016463271152546977,0.0016463271152546977,0.0016463271152546977
0.499123,24,1,balanced_1000_0_1000_12000,balanced_1000_0_1000_12000,24,0.001686875765278928,0.001686875765278928,0.001686875765278928
0.499124,24,1,balanced_1000_0_1000_12000,balanced_1000_0_1000_12000,24,0.0017264982435553078,0.0017264982435553078,0.0017264982435553078
0.499125,24,1,balanced_1000_0_1000_12000,balanced_1000_0_1000_12000,24,0.0017651945500795074,0.0017651945500795074,0.0017651945500795074
0.499126,24,1,balanced_1000_0_1000_12000,balanced_1000_0_1000_12000,24,0.0018029646848559677,0.0018029646848559677,0.0018029646848559677
0.499127,24,1,balanced_1000_0_1000_12000,balanced_1000_0_1000_12000,24,0.0018398086478802478,0.0018398086478802478,0.0018398086478802478
0.499128,24,1,balanced_1000_0_1000_12000,balanced_1000_0_1000_12000,24,0.0018757264391565664,0.0018757264391565664,0.0018757264391565664
0.499129,24,1,balanced_1000_0_1000_12000,balanced_1000_0_1000_12000,24,0.001910718058680927,0.001910718058680927,0.001910718058680927
0.499130,24,1,balanced_1000_0_1000_12000,balanced_1000_0_1000_12000,24,0.001944783506457215,0.001944783506457215,0.001944783506457215
0.499131,24,1,balanced_1000_0_1000_12000,balanced_1000_0_1000_12000,24,0.001977922782481545,0.001977922782481545,0.001977922782481545
0.499132,24,1,balanced_1000_0_1000_12000,balanced_1000_0_1000_12000,24,0.0020101358867578023,0.0020101358867578023,0.0020101358867578023
0.499133,24,1,balanced_1000_0_1000_12000,balanced_1000_0_1000_12000,24,0.0020414228192822126,0.0020414228192822126,0.0020414228192822126
0.499134,24,1,balanced_1000_0_1000_12000,balanced_1000_0_1000_12000,24,0.0020717835800583284,0.0020717835800583284,0.0020717835800583284
0.499135,24,1,balanced_1000_0_1000_12000,balanced_1000_0_1000_12000,24,0.00210121816908293,0.00210121816908293,0.00210121816908293
0.499136,24,1,balanced_1000_0_1000_12000,balanced_1000_0_1000_12000,24,0.0021297265863590154,0.0021297265863590154,0.0021297265863590154
0.499137,24,1,balanced_1000_0_1000_12000,balanced_1000_0_1000_12000,24,0.0021573088318834754,0.0021573088318834754,0.0021573088318834754
0.499138,24,1,balanced_1000_0_1000_12000,balanced_1000_0_1000_12000,24,0.0021839649056580868,0.0021839649056580868,0.0021839649056580868
0.499139,24,1,balanced_1000_0_1000_12000,balanced_1000_0_1000_12000,24,0.0022096948076841816,0.0022096948076841816,0.0022096948076841816
0.499140,24,1,balanced_1000_0_1000_12000,balanced_1000_0_1000_12000,24,0.0022344985379587623,0.0022344985379587623,0.0022344985379587623
0.499141,24,1,balanced_1000_0_1000_12000,balanced_1000_0_1000_12000,24,0.0022583760964848265,0.0022583760964848265,0.0022583760964848265
0.499142,24,1,balanced_1000_0_1000_12000,balanced_1000_0_1000_12000,24,0.0022813274832594876,0.0022813274832594876,0.0022813274832594876
0.499143,24,1,balanced_1000_0_1000_12000,balanced_1000_0_1000_12000,24,0.0023033526982854102,0.0023033526982854102,0.0023033526982854102
0.499144,24,1,balanced_1000_0_1000_12000,balanced_1000_0_1000_12000,24,0.0023244517415601518,0.0023244517415601518,0.0023244517415601518
0.499145,24,1,balanced_1000_0_1000_12000,balanced_1000_0_1000_12000,24,0.0023446246130860438,0.0023446246130860438,0.0023446246130860438
0.499146,24,1,balanced_1000_0_1000_12000,balanced_1000_0_1000_12000,24,0.0023638713128608657,0.0023638713128608657,0.0023638713128608657
0.499147,24,1,balanced_1000_0_1000_12000,balanced_1000_0_1000_12000,24,0.002382191840886727,0.002382191840886727,0.002382191840886727
0.499148,24,1,balanced_1000_0_1000_12000,balanced_1000_0_1000_12000,24,0.0023995861971615184,0.0023995861971615184,0.0023995861971615184
0.499149,24,1,balanced_1000_0_1000_12000,balanced_1000_0_1000_12000,24,0.002416054381687349,0.002416054381687349,0.002416054381687349
0.499150,24,1,balanced_1000_0_1000_12000,balanced_1000_0_1000_12000,24,0.002431596394462221,0.002431596394462221,0.002431596394462221
0.499151,24,1,balanced_1000_0_1000_12000,balanced_1000_0_1000_12000,24,0.00244621223548791,0.00244621223548791,0.00244621223548791
0.499152,24,1,balanced_1000_0_1000_12000,balanced_1000_0_1000_12000,24,0.0024599019047628623,0.0024599019047628623,0.0024599019047628623
0.499153,24,1,balanced_1000_0_1000_12000,balanced_1000_0_1000_12000,24,0.002472665402288521,0.002472665402288521,0.002472665402288521
0.499154,24,1,balanced_1000_0_1000_12000,balanced_1000_0_1000_12000,24,0.0024845027280635534,0.0024845027280635534,0.0024845027280635534
0.499155,24,1,balanced_1000_0_1000_12000,balanced_1000_0_1000_12000,24,0.0024954138820890703,0.0024954138820890703,0.0024954138820890703
0.499156,24,1,balanced_1000_0_1000_12000,balanced_1000_0_1000_12000,24,0.0025053988643641834,0.0025053988643641834,0.0025053988643641834
0.499157,24,1,balanced_1000_0_1000_12000,balanced_1000_0_1000_12000,24,0.0025144576748896696,0.0025144576748896696,0.0025144576748896696
0.499158,24,1,balanced_1000_0_1000_12000,balanced_1000_0_1000_12000,24,0.002522590313664752,0.002522590313664752,0.002522590313664752
0.499159,24,1,balanced_1000_0_1000_12000,balanced_1000_0_1000_12000,24,0.0025297967806903188,0.0025297967806903188,0.0025297967806903188
0.499160,24,1,balanced_1000_0_1000_12000,balanced_1000_0_1000_12000,24,0.0025360770759653706,0.0025360770759653706,0.0025360770759653706
0.499161,24,1,balanced_1000_0_1000_12000,balanced_1000_0_1000_12000,24,0.0025414311994909067,0.0025414311994909067,0.0025414311994909067
0.499162,24,1,balanced_1000_0_1000_12000,balanced_1000_0_1000_12000,24,0.002545859151266039,0.002545859151266039,0.002545859151266039
0.499163,24,1,balanced_1000_0_1000_12000,balanced_1000_0_1000_12000,24,0.0025493609312914334,0.0025493609312914334,0.0025493609312914334
0.499164,24,1,balanced_1000_0_1000_12000,balanced_1000_0_1000_12000,24,0.002551936539566646,0.002551936539566646,0.002551936539566646
0.499165,24,1,balanced_1000_0_1000_12000,balanced_1000_0_1000_12000,24,0.00255358597609201,0.00255358597609201,0.00255358597609201
0.499166,24,1,balanced_1000_0_1000_12000,balanced_1000_0_1000_12000,24,0.002554309240867303,0.002554309240867303,0.002554309240867303
0.499167,24,1,balanced_1000_0_1000_12000,balanced_1000_0_1000_12000,24,0.0025543457854175777,0.0025543457854175777,0.0025543457854175777
0.499168,24,1,balanced_1000_0_1000_12000,balanced_1000_0_1000_12000,24,0.0025543457854175777,0.0025543457854175777,0.0025543457854175777
0.499169,24,1,balanced_1000_0_1000_12000,balanced_1000_0_1000_12000,24,0.0025543457854175777,0.0025543457854175777,0.0025543457854175777
0.499170,24,1,balanced_1000_0_1000_12000,balanced_1000_0_1000_12000,24,0.0025543457854175777,0.0025543457854175777,0.0025543457854175777
0.499171,24,1,balanced_1000_0_1000_12000,balanced_1000_0_1000_12000,24,0.0025543457854175777,0.0025543457854175777,0.0025543457854175777
0.499172,24,1,balanced_1000_0_1000_12000,balanced_1000_0_1000_12000,24,0.0025543457854175777,0.0025543457854175777,0.0025543457854175777
0.499173,24,1,balanced_1000_0_1000_12000,balanced_1000_0_1000_12000,24,0.0025543457854175777,0.0025543457854175777,0.0025543457854175777
0.499174,24,1,balanced_1000_0_1000_12000,balanced_1000_0_1000_12000,24,0.0025543457854175777,0.0025543457854175777,0.0025543457854175777
0.499175,24,1,balanced_1000_0_1000_12000,balanced_1000_0_1000_12000,24,0.0025543457854175777,0.0025543457854175777,0.0025543457854175777
0.499176,24,1,balanced_1000_0_1000_12000,balanced_1000_0_1000_12000,24,0.0025543457854175777,0.0025543457854175777,0.0025543457854175777
0.499177,24,1,balanced_1000_0_1000_12000,balanced_1000_0_1000_12000,24,0.0025543457854175777,0.0025543457854175777,0.0025543457854175777
0.499178,24,1,balanced_1000_0_1000_12000,balanced_1000_0_1000_12000,24,0.0025543457854175777,0.0025543457854175777,0.0025543457854175777
0.499179,24,1,balanced_1000_0_1000_12000,balanced_1000_0_1000_12000,24,0.0025543457854175777,0.0025543457854175777,0.0025543457854175777
0.499180,24,1,balanced_1000_0_1000_12000,balanced_1000_0_1000_12000,24,0.0025543457854175777,0.0025543457854175777,0.0025543457854175777
0.499181,24,1,balanced_1000_0_1000_12000,balanced_1000_0_1000_12000,24,0.0025543457854175777,0.0025543457854175777,0.0025543457854175777
0.499182,24,1,balanced_1000_0_1000_12000,balanced_1000_0_1000_12000,24,0.0025543457854175777,0.0025543457854175777,0.0025543457854175777
0.499183,24,1,balanced_1000_0_1000_12000,balanced_1000_0_1000_12000,24,0.0025543457854175777,0.0025543457854175777,0.0025543457854175777
0.499184,24,1,balanced_1000_0_1000_12000,balanced_1000_0_1000_12000,24,0.0025543457854175777,0.0025543457854175777,0.0025543457854175777
0.499185,24,1,balanced_1000_0_1000_12000,balanced_1000_0_1000_12000,24,0.0025543457854175777,0.0025543457854175777,0.0025543457854175777
0.499186,24,1,balanced_1000_0_1000_12000,balanced_1000_0_1000_12000,24,0.0025543457854175777,0.0025543457854175777,0.0025543457854175777
0.499187,24,1,balanced_1000_0_1000_12000,balanced_1000_0_1000_12000,24,0.0025543457854175777,0.0025543457854175777,0.0025543457854175777
0.499188,24,1,balanced_1000_0_1000_12000,balanced_1000_0_1000_12000,24,0.0025543457854175777,0.0025543457854175777,0.0025543457854175777
0.499189,24,1,balanced_1000_0_1000_12000,balanced_1000_0_1000_12000,24,0.0025543457854175777,0.0025543457854175777,0.0025543457854175777
0.499190,24,1,balanced_1000_0_1000_12000,balanced_1000_0_1000_12000,24,0.0025543457854175777,0.0025543457854175777,0.0025543457854175777
0.499191,24,1,balanced_1000_0_1000_12000,balanced_1000_0_1000_12000,24,0.0025543457854175777,0.0025543457854175777,0.0025543457854175777
0.499192,24,1,balanced_1000_0_1000_12000,balanced_1000_0_1000_12000,24,0.0025543457854175777,0.0025543457854175777,0.0025543457854175777
0.499193,24,1,balanced_1000_0_1000_12000,balanced_1000_0_1000_12000,24,0.0025543457854175777,0.0025543457854175777,0.0025543457854175777
0.499194,24,1,balanced_1000_0_1000_12000,balanced_1000_0_1000_12000,24,0.0025543457854175777,0.0025543457854175777,0.0025543457854175777
0.499195,24,1,balanced_1000_0_1000_12000,balanced_1000_0_1000_12000,24,0.0025543457854175777,0.0025543457854175777,0.0025543457854175777
0.499196,24,1,balanced_1000_0_1000_12000,balanced_1000_0_1000_12000,24,0.0025543457854175777,0.0025543457854175777,0.0025543457854175777
0.499197,24,1,balanced_1000_0_1000_12000,balanced_1000_0_1000_12000,24,0.0025543457854175777,0.0025543457854175777,0.0025543457854175777
0.499198,24,1,balanced_1000_0_1000_12000,balanced_1000_0_1000_12000,24,0.0025543457854175777,0.0025543457854175777,0.0025543457854175777
0.499199,24,1,balanced_1000_0_1000_12000,balanced_1000_0_1000_12000,24,0.0025543457854175777,0.0025543457854175777,0.0025543457854175777
0.499200,24,1,balanced_1000_0_1000_12000,balanced_1000_0_1000_12000,24,0.0025543457854175777,0.0025543457854175777,0.0025543457854175777
0.499201,24,1,balanced_1000_0_1000_12000,balanced_1000_0_1000_12000,24,0.0025543457854175777,0.0025543457854175777,0.0025543457854175777
0.499202,24,1,balanced_1000_0_1000_12000,balanced_1000_0_1000_12000,24,0.0025543457854175777,0.0025543457854175777,0.0025543457854175777
0.499203,24,1,balanced_1000_0_1000_12000,balanced_1000_0_1000_12000,24,0.0025543457854175777,0.0025543457854175777,0.0025543457854175777
0.499204,24,1,balanced_1000_0_1000_12000,balanced_1000_0_1000_12000,24,0.0025543457854175777,0.0025543457854175777,0.0025543457854175777
0.499205,24,1,balanced_1000_0_1000_12000,balanced_1000_0_1000_12000,24,0.0025543457854175777,0.0025543457854175777,0.0025543457854175777
0.499206,24,1,balanced_1000_0_1000_12000,balanced_1000_0_1000_12000,24,0.0025543457854175777,0.0025543457854175777,0.0025543457854175777
0.499207,24,1,balanced_1000_0_1000_12000,balanced_1000_0_1000_12000,24,0.0025543457854175777,0.0025543457854175777,0.0025543457854175777
0.499208,24,1,balanced_1000_0_1000_12000,balanced_1000_0_1000_12000,24,0.0025543457854175777,0.0025543457854175777,0.0025543457854175777
0.499209,24,1,balanced_1000_0_1000_12000,balanced_1000_0_1000_12000,24,0.0025543457854175777,0.0025543457854175777,0.0025543457854175777
0.499210,24,1,balanced_1000_0_1000_12000,balanced_1000_0_1000_12000,24,0.0025543457854175777,0.0025543457854175777,0.0025543457854175777
0.499211,24,1,balanced_1000_0_1000_12000,balanced_1000_0_1000_12000,24,0.0025543457854175777,0.0025543457854175777,0.0025543457854175777
0.499212,24,1,balanced_1000_0_1000_12000,balanced_1000_0_1000_12000,24,0.0025543457854175777,0.0025543457854175777,0.0025543457854175777
0.499213,24,1,balanced_1000_0_1000_12000,balanced_1000_0_1000_12000,24,0.0025543457854175777,0.0025543457854175777,0.0025543457854175777
0.499214,24,1,balanced_1000_0_1000_12000,balanced_1000_0_1000_12000,24,0.0025543457854175777,0.0025543457854175777,0.0025543457854175777
0.499215,24,1,balanced_1000_0_1000_12000,balanced_1000_0_1000_12000,24,0.0025543457854175777,0.0025543457854175777,0.0025543457854175777
0.499216,24,1,balanced_1000_0_1000_12000,balanced_1000_0_1000_12000,24,0.0025543457854175777,0.0025543457854175777,0.0025543457854175777
0.499217,24,1,balanced_1000_0_1000_12000,balanced_1000_0_1000_12000,24,0.0025543457854175777,0.0025543457854175777,0.0025543457854175777
0.499218,24,1,balanced_1000_0_1000_12000,balanced_1000_0_1000_12000,24,0.0025543457854175777,0.0025543457854175777,0.0025543457854175777
0.499219,24,1,balanced_1000_0_1000_12000,balanced_1000_0_1000_12000,24,0.0025543457854175777,0.0025543457854175777,0.0025543457854175777
0.499220,24,1,balanced_1000_0_1000_12000,balanced_1000_0_1000_12000,24,0.0025543457854175777,0.0025543457854175777,0.0025543457854175777
0.499221,24,1,balanced_1000_0_1000_12000,balanced_1000_0_1000_12000,24,0.0025543457854175777,0.0025543457854175777,0.0025543457854175777
0.499222,24,1,balanced_1000_0_1000_12000,balanced_1000_0_1000_12000,24,0.0025543457854175777,0.0025543457854175777,0.0025543457854175777
0.499223,24,1,balanced_1000_0_1000_12000,balanced_1000_0_1000_12000,24,0.0025543457854175777,0.0025543457854175777,0.0025543457854175777
0.499224,24,1,balanced_1000_0_1000_12000,balanced_1000_0_1000_12000,24,0.0025543457854175777,0.0025543457854175777,0.0025543457854175777
0.499225,24,1,balanced_1000_0_1000_12000,balanced_1000_0_1000_12000,24,0.0025543457854175777,0.0025543457854175777,0.0025543457854175777
0.499226,24,1,balanced_1000_0_1000_12000,balanced_1000_0_1000_12000,24,0.0025543457854175777,0.0025543457854175777,0.0025543457854175777
0.499227,24,1,balanced_1000_0_1000_12000,balanced_1000_0_1000_12000,24,0.0025543457854175777,0.0025543457854175777,0.0025543457854175777
0.499228,24,1,balanced_1000_0_1000_12000,balanced_1000_0_1000_12000,24,0.0025543457854175777,0.0025543457854175777,0.0025543457854175777
0.499229,24,1,balanced_1000_0_1000_12000,balanced_1000_0_1000_12000,24,0.0025543457854175777,0.0025543457854175777,0.0025543457854175777
0.499230,24,1,balanced_1000_0_1000_12000,balanced_1000_0_1000_12000,24,0.0025543457854175777,0.0025543457854175777,0.0025543457854175777
0.499231,24,1,balanced_1000_0_1000_12000,balanced_1000_0_1000_12000,24,0.0025543457854175777,0.0025543457854175777,0.0025543457854175777
0.499232,24,1,balanced_1000_0_1000_12000,balanced_1000_0_1000_12000,24,0.0025543457854175777,0.0025543457854175777,0.0025543457854175777
0.499233,24,1,balanced_1000_0_1000_12000,balanced_1000_0_1000_12000,24,0.0025543457854175777,0.0025543457854175777,0.0025543457854175777
0.499234,24,1,balanced_1000_0_1000_12000,balanced_1000_0_1000_12000,24,0.0025543457854175777,0.0025543457854175777,0.0025543457854175777
0.499235,24,1,balanced_1000_0_1000_12000,balanced_1000_0_1000_12000,24,0.0025543457854175777,0.0025543457854175777,0.0025543457854175777
0.499236,24,1,balanced_1000_0_1000_12000,balanced_1000_0_1000_12000,24,0.0025543457854175777,0.0025543457854175777,0.0025543457854175777
0.499237,24,1,balanced_1000_0_1000_12000,balanced_1000_0_1000_12000,24,0.0025543457854175777,0.0025543457854175777,0.0025543457854175777
0.499238,24,1,balanced_1000_0_1000_12000,balanced_1000_0_1000_12000,24,0.0025543457854175777,0.0025543457854175777,0.0025543457854175777
0.499239,24,1,balanced_1000_0_1000_12000,balanced_1000_0_1000_12000,24,0.0025543457854175777,0.0025543457854175777,0.0025543457854175777
0.499240,24,1,balanced_1000_0_1000_12000,balanced_1000_0_1000_12000,24,0.0025543457854175777,0.0025543457854175777,0.0025543457854175777
0.499241,24,1,balanced_1000_0_1000_12000,balanced_1000_0_1000_12000,24,0.0025543457854175777,0.0025543457854175777,0.0025543457854175777
0.499242,24,1,balanced_1000_0_1000_12000,balanced_1000_0_1000_12000,24,0.0025543457854175777,0.0025543457854175777,0.0025543457854175777
0.499243,24,1,balanced_1000_0_1000_12000,balanced_1000_0_1000_12000,24,0.0025543457854175777,0.0025543457854175777,0.0025543457854175777
0.499244,24,1,balanced_1000_0_1000_12000,balanced_1000_0_1000_12000,24,0.0025543457854175777,0.0025543457854175777,0.0025543457854175777
0.499245,24,1,balanced_1000_0_1000_12000,balanced_1000_0_1000_12000,24,0.0025543457854175777,0.0025543457854175777,0.0025543457854175777
0.499246,24,1,balanced_1000_0_1000_12000,balanced_1000_0_1000_12000,24,0.0025543457854175777,0.0025543457854175777,0.0025543457854175777
0.499247,24,1,balanced_1000_0_1000_12000,balanced_1000_0_1000_12000,24,0.0025543457854175777,0.0025543457854175777,0.0025543457854175777
0.499248,24,1,balanced_1000_0_1000_12000,balanced_1000_0_1000_12000,24,0.0025543457854175777,0.0025543457854175777,0.0025543457854175777
0.499249,24,1,balanced_1000_0_1000_12000,balanced_1000_0_1000_12000,24,0.0025543457854175777,0.0025543457854175777,0.0025543457854175777
0.499250,24,1,balanced_1000_0_1000_12000,balanced_1000_0_1000_12000,24,0.0025543457854175777,0.0025543457854175777,0.0025543457854175777
0.499251,24,1,balanced_1000_0_1000_12000,balanced_1000_0_1000_12000,24,0.0025543457854175777,0.0025543457854175777,0.0025543457854175777
0.499252,24,1,balanced_1000_0_1000_12000,balanced_1000_0_1000_12000,24,0.0025543457854175777,0.0025543457854175777,0.0025543457854175777
0.499253,24,1,balanced_1000_0_1000_12000,balanced_1000_0_1000_12000,24,0.0025543457854175777,0.0025543457854175777,0.0025543457854175777
0.499254,24,1,balanced_1000_0_1000_12000,balanced_1000_0_1000_12000,24,0.0025543457854175777,0.0025543457854175777,0.0025543457854175777
0.499255,24,1,balanced_1000_0_1000_12000,balanced_1000_0_1000_12000,24,0.0025543457854175777,0.0025543457854175777,0.0025543457854175777
0.499256,24,1,balanced_1000_0_1000_12000,balanced_1000_0_1000_12000,24,0.0025543457854175777,0.0025543457854175777,0.0025543457854175777
0.499257,24,1,balanced_1000_0_1000_12000,balanced_1000_0_1000_12000,24,0.0025543457854175777,0.0025543457854175777,0.0025543457854175777
0.499258,24,1,balanced_1000_0_1000_12000,balanced_1000_0_1000_12000,24,0.0025543457854175777,0.0025543457854175777,0.0025543457854175777
0.499259,24,1,balanced_1000_0_1000_12000,balanced_1000_0_1000_12000,24,0.0025543457854175777,0.0025543457854175777,0.0025543457854175777
0.499260,24,1,balanced_1000_0_1000_12000,balanced_1000_0_1000_12000,24,0.0025543457854175777,0.0025543457854175777,0.0025543457854175777
0.499261,24,1,balanced_1000_0_1000_12000,balanced_1000_0_1000_12000,24,0.0025543457854175777,0.0025543457854175777,0.0025543457854175777
0.499262,24,1,balanced_1000_0_1000_12000,balanced_1000_0_1000_12000,24,0.0025543457854175777,0.0025543457854175777,0.0025543457854175777
0.499263,24,1,balanced_1000_0_1000_12000,balanced_1000_0_1000_12000,24,0.0025543457854175777,0.0025543457854175777,0.0025543457854175777
0.499264,24,1,balanced_1000_0_1000_12000,balanced_1000_0_1000_12000,24,0.0025543457854175777,0.0025543457854175777,0.0025543457854175777
0.499265,24,1,balanced_1000_0_1000_12000,balanced_1000_0_1000_12000,24,0.0025543457854175777,0.0025543457854175777,0.0025543457854175777
0.499266,24,1,balanced_1000_0_1000_12000,balanced_1000_0_1000_12000,24,0.0025543457854175777,0.0025543457854175777,0.0025543457854175777
0.499267,24,1,balanced_1000_0_1000_12000,balanced_1000_0_1000_12000,24,0.0025543457854175777,0.0025543457854175777,0.0025543457854175777
0.499268,24,1,balanced_1000_0_1000_12000,balanced_1000_0_1000_12000,24,0.0025543457854175777,0.0025543457854175777,0.0025543457854175777
0.499269,24,1,balanced_1000_0_1000_12000,balanced_1000_0_1000_12000,24,0.0025543457854175777,0.0025543457854175777,0.0025543457854175777
0.499270,24,1,balanced_1000_0_1000_12000,balanced_1000_0_1000_12000,24,0.0025543457854175777,0.0025543457854175777,0.0025543457854175777
0.499271,24,1,balanced_1000_0_1000_12000,balanced_1000_0_1000_12000,24,0.0025543457854175777,0.0025543457854175777,0.0025543457854175777
0.499272,24,1,balanced_1000_0_1000_12000,balanced_1000_0_1000_12000,24,0.0025543457854175777,0.0025543457854175777,0.0025543457854175777
0.499273,24,1,balanced_1000_0_1000_12000,balanced_1000_0_1000_12000,24,0.0025543457854175777,0.0025543457854175777,0.0025543457854175777
0.499274,24,1,balanced_1000_0_1000_12000,balanced_1000_0_1000_12000,24,0.0025543457854175777,0.0025543457854175777,0.0025543457854175777
0.499275,24,1,balanced_1000_0_1000_12000,balanced_1000_0_1000_12000,24,0.0025543457854175777,0.0025543457854175777,0.0025543457854175777
0.499276,24,1,balanced_1000_0_1000_12000,balanced_1000_0_1000_12000,24,0.0025543457854175777,0.0025543457854175777,0.0025543457854175777
0.499277,24,1,balanced_1000_0_1000_12000,balanced_1000_0_1000_12000,24,0.0025543457854175777,0.0025543457854175777,0.0025543457854175777
0.499278,24,1,balanced_1000_0_1000_12000,balanced_1000_0_1000_12000,24,0.0025543457854175777,0.0025543457854175777,0.0025543457854175777
0.499279,24,1,balanced_1000_0_1000_12000,balanced_1000_0_1000_12000,24,0.0025543457854175777,0.0025543457854175777,0.0025543457854175777
0.499280,24,1,balanced_1000_0_1000_12000,balanced_1000_0_1000_12000,24,0.0025543457854175777,0.0025543457854175777,0.0025543457854175777
0.499281,24,1,balanced_1000_0_1000_12000,balanced_1000_0_1000_12000,24,0.0025543457854175777,0.0025543457854175777,0.0025543457854175777
0.499282,24,1,balanced_1000_0_1000_12000,balanced_1000_0_1000_12000,24,0.0025543457854175777,0.0025543457854175777,0.0025543457854175777
0.499283,24,1,balanced_1000_0_1000_12000,balanced_1000_0_1000_12000,24,0.0025543457854175777,0.0025543457854175777,0.0025543457854175777
0.499284,24,1,balanced_1000_0_1000_12000,balanced_1000_0_1000_12000,24,0.0025543457854175777,0.0025543457854175777,0.0025543457854175777
0.499285,24,1,balanced_1000_0_1000_12000,balanced_1000_0_1000_12000,24,0.0025543457854175777,0.0025543457854175777,0.0025543457854175777
0.499286,24,1,balanced_1000_0_1000_12000,balanced_1000_0_1000_12000,24,0.0025543457854175777,0.0025543457854175777,0.0025543457854175777
0.499287,24,1,balanced_1000_0_1000_12000,balanced_1000_0_1000_12000,24,0.0025543457854175777,0.0025543457854175777,0.0025543457854175777
0.499288,24,1,balanced_1000_0_1000_12000,balanced_1000_0_1000_12000,24,0.0025543457854175777,0.0025543457854175777,0.0025543457854175777
0.499289,24,1,balanced_1000_0_1000_12000,balanced_1000_0_1000_12000,24,0.0025543457854175777,0.0025543457854175777,0.0025543457854175777
0.499290,24,1,balanced_1000_0_1000_12000,balanced_1000_0_1000_12000,24,0.0025543457854175777,0.0025543457854175777,0.0025543457854175777
0.499291,24,1,balanced_1000_0_1000_12000,balanced_1000_0_1000_12000,24,0.0025543457854175777,0.0025543457854175777,0.0025543457854175777
0.499292,24,1,balanced_1000_0_1000_12000,balanced_1000_0_1000_12000,24,0.0025543457854175777,0.0025543457854175777,0.0025543457854175777
0.499293,24,1,balanced_1000_0_1000_12000,balanced_1000_0_1000_12000,24,0.0025543457854175777,0.0025543457854175777,0.0025543457854175777
0.499294,24,1,balanced_1000_0_1000_12000,balanced_1000_0_1000_12000,24,0.0025543457854175777,0.0025543457854175777,0.0025543457854175777
0.499295,24,1,balanced_1000_0_1000_12000,balanced_1000_0_1000_12000,24,0.0025543457854175777,0.0025543457854175777,0.0025543457854175777
0.499296,24,1,balanced_1000_0_1000_12000,balanced_1000_0_1000_12000,24,0.0025543457854175777,0.0025543457854175777,0.0025543457854175777
0.499297,24,1,balanced_1000_0_1000_12000,balanced_1000_0_1000_12000,24,0.0025543457854175777,0.0025543457854175777,0.0025543457854175777
0.499298,24,1,balanced_1000_0_1000_12000,balanced_1000_0_1000_12000,24,0.0025543457854175777,0.0025543457854175777,0.0025543457854175777
0.499299,24,1,balanced_1000_0_1000_12000,balanced_1000_0_1000_12000,24,0.0025543457854175777,0.0025543457854175777,0.0025543457854175777
0.499300,24,1,balanced_1000_0_1000_12000,balanced_1000_0_1000_12000,24,0.0025543457854175777,0.0025543457854175777,0.0025543457854175777
0.499301,24,1,balanced_1000_0_1000_12000,balanced_1000_0_1000_12000,24,0.0025543457854175777,0.0025543457854175777,0.0025543457854175777
0.499302,24,1,balanced_1000_0_1000_12000,balanced_1000_0_1000_12000,24,0.0025543457854175777,0.0025543457854175777,0.0025543457854175777
0.499303,24,1,balanced_1000_0_1000_12000,balanced_1000_0_1000_12000,24,0.0025543457854175777,0.0025543457854175777,0.0025543457854175777
0.499304,24,1,balanced_1000_0_1000_12000,balanced_1000_0_1000_12000,24,0.0025543457854175777,0.0025543457854175777,0.0025543457854175777
0.499305,24,1,balanced_1000_0_1000_12000,balanced_1000_0_1000_12000,24,0.0025543457854175777,0.0025543457854175777,0.0025543457854175777
0.499306,24,1,balanced_1000_0_1000_12000,balanced_1000_0_1000_12000,24,0.0025543457854175777,0.0025543457854175777,0.0025543457854175777
0.499307,24,1,balanced_1000_0_1000_12000,balanced_1000_0_1000_12000,24,0.0025543457854175777,0.0025543457854175777,0.0025543457854175777
0.499308,24,1,balanced_1000_0_1000_12000,balanced_1000_0_1000_12000,24,0.0025543457854175777,0.0025543457854175777,0.0025543457854175777
0.499309,24,1,balanced_1000_0_1000_12000,balanced_1000_0_1000_12000,24,0.0025543457854175777,0.0025543457854175777,0.0025543457854175777
0.499310,24,1,balanced_1000_0_1000_12000,balanced_1000_0_1000_12000,24,0.0025543457854175777,0.0025543457854175777,0.0025543457854175777
0.499311,24,1,balanced_1000_0_1000_12000,balanced_1000_0_1000_12000,24,0.0025543457854175777,0.0025543457854175777,0.0025543457854175777
0.499312,24,1,balanced_1000_0_1000_12000,balanced_1000_0_1000_12000,24,0.0025543457854175777,0.0025543457854175777,0.0025543457854175777
0.499313,24,1,balanced_1000_0_1000_12000,balanced_1000_0_1000_12000,24,0.0025543457854175777,0.0025543457854175777,0.0025543457854175777
0.499314,24,1,balanced_1000_0_1000_12000,balanced_1000_0_1000_12000,24,0.0025543457854175777,0.0025543457854175777,0.0025543457854175777
0.499315,24,1,balanced_1000_0_1000_12000,balanced_1000_0_1000_12000,24,0.0025543457854175777,0.0025543457854175777,0.0025543457854175777
0.499316,24,1,balanced_1000_0_1000_12000,balanced_1000_0_1000_12000,24,0.0025543457854175777,0.0025543457854175777,0.0025543457854175777
0.499317,24,1,balanced_1000_0_1000_12000,balanced_1000_0_1000_12000,24,0.0025543457854175777,0.0025543457854175777,0.0025543457854175777
0.499318,24,1,balanced_1000_0_1000_12000,balanced_1000_0_1000_12000,24,0.0025543457854175777,0.0025543457854175777,0.0025543457854175777
0.499319,24,1,balanced_1000_0_1000_12000,balanced_1000_0_1000_12000,24,0.0025543457854175777,0.0025543457854175777,0.0025543457854175777
0.499320,24,1,balanced_1000_0_1000_12000,balanced_1000_0_1000_12000,24,0.0025543457854175777,0.0025543457854175777,0.0025543457854175777
0.499321,24,1,balanced_1000_0_1000_12000,balanced_1000_0_1000_12000,24,0.0025543457854175777,0.0025543457854175777,0.0025543457854175777
0.499322,24,1,balanced_1000_0_1000_12000,balanced_1000_0_1000_12000,24,0.0025543457854175777,0.0025543457854175777,0.0025543457854175777
0.499323,24,1,balanced_1000_0_1000_12000,balanced_1000_0_1000_12000,24,0.0025543457854175777,0.0025543457854175777,0.0025543457854175777
0.499324,24,1,balanced_1000_0_1000_12000,balanced_1000_0_1000_12000,24,0.0025543457854175777,0.0025543457854175777,0.0025543457854175777
0.499325,24,1,balanced_1000_0_1000_12000,balanced_1000_0_1000_12000,24,0.0025543457854175777,0.0025543457854175777,0.0025543457854175777
0.499326,24,1,balanced_1000_0_1000_12000,balanced_1000_0_1000_12000,24,0.0025543457854175777,0.0025543457854175777,0.0025543457854175777
0.499327,24,1,balanced_1000_0_1000_12000,balanced_1000_0_1000_12000,24,0.0025543457854175777,0.0025543457854175777,0.0025543457854175777
0.499328,24,1,balanced_1000_0_1000_12000,balanced_1000_0_1000_12000,24,0.0025543457854175777,0.0025543457854175777,0.0025543457854175777
0.499329,24,1,balanced_1000_0_1000_12000,balanced_1000_0_1000_12000,24,0.0025543457854175777,0.0025543457854175777,0.0025543457854175777
0.499330,24,1,balanced_1000_0_1000_12000,balanced_1000_0_1000_12000,24,0.0025543457854175777,0.0025543457854175777,0.0025543457854175777
0.499331,24,1,balanced_1000_0_1000_12000,balanced_1000_0_1000_12000,24,0.0025543457854175777,0.0025543457854175777,0.0025543457854175777
0.499332,24,1,balanced_1000_0_1000_12000,balanced_1000_0_1000_12000,24,0.0025543457854175777,0.0025543457854175777,0.0025543457854175777
0.499333,24,1,balanced_1000_0_1000_12000,balanced_1000_0_1000_12000,24,0.0025543457854175777,0.0025543457854175777,0.0025543457854175777
0.499334,24,1,balanced_1000_0_1000_12000,balanced_1000_0_1000_12000,24,0.0025543457854175777,0.0025543457854175777,0.0025543457854175777
0.499335,24,1,balanced_1000_0_1000_12000,balanced_1000_0_1000_12000,24,0.0025543457854175777,0.0025543457854175777,0.0025543457854175777
0.499336,24,1,balanced_1000_0_1000_12000,balanced_1000_0_1000_12000,24,0.0025543457854175777,0.0025543457854175777,0.0025543457854175777
0.499337,24,1,balanced_1000_0_1000_12000,balanced_1000_0_1000_12000,24,0.0025543457854175777,0.0025543457854175777,0.0025543457854175777
0.499338,24,1,balanced_1000_0_1000_12000,balanced_1000_0_1000_12000,24,0.0025543457854175777,0.0025543457854175777,0.0025543457854175777
0.499339,24,1,balanced_1000_0_1000_12000,balanced_1000_0_1000_12000,24,0.0025543457854175777,0.0025543457854175777,0.0025543457854175777
0.499340,24,1,balanced_1000_0_1000_12000,balanced_1000_0_1000_12000,24,0.0025543457854175777,0.0025543457854175777,0.0025543457854175777
0.499341,24,1,balanced_1000_0_1000_12000,balanced_1000_0_1000_12000,24,0.0025543457854175777,0.0025543457854175777,0.0025543457854175777
0.499342,24,1,balanced_1000_0_1000_12000,balanced_1000_0_1000_12000,24,0.0025543457854175777,0.0025543457854175777,0.0025543457854175777
0.499343,24,1,balanced_1000_0_1000_12000,balanced_1000_0_1000_12000,24,0.0025543457854175777,0.0025543457854175777,0.0025543457854175777
0.499344,24,1,balanced_1000_0_1000_12000,balanced_1000_0_1000_12000,24,0.0025543457854175777,0.0025543457854175777,0.0025543457854175777
0.499345,24,1,balanced_1000_0_1000_12000,balanced_1000_0_1000_12000,24,0.0025543457854175777,0.0025543457854175777,0.0025543457854175777
0.499346,24,1,balanced_1000_0_1000_12000,balanced_1000_0_1000_12000,24,0.0025543457854175777,0.0025543457854175777,0.0025543457854175777
0.499347,24,1,balanced_1000_0_1000_12000,balanced_1000_0_1000_12000,24,0.0025543457854175777,0.0025543457854175777,0.0025543457854175777
0.499348,24,1,balanced_1000_0_1000_12000,balanced_1000_0_1000_12000,24,0.0025543457854175777,0.0025543457854175777,0.0025543457854175777
0.499349,24,1,balanced_1000_0_1000_12000,balanced_1000_0_1000_12000,24,0.0025543457854175777,0.0025543457854175777,0.0025543457854175777
0.499350,24,1,balanced_1000_0_1000_12000,balanced_1000_0_1000_12000,24,0.0025543457854175777,0.0025543457854175777,0.0025543457854175777
0.499351,24,1,balanced_1000_0_1000_12000,balanced_1000_0_1000_12000,24,0.0025543457854175777,0.0025543457854175777,0.0025543457854175777
0.499352,24,1,balanced_1000_0_1000_12000,balanced_1000_0_1000_12000,24,0.0025543457854175777,0.0025543457854175777,0.0025543457854175777
0.499353,24,1,balanced_1000_0_1000_12000,balanced_1000_0_1000_12000,24,0.0025543457854175777,0.0025543457854175777,0.0025543457854175777
0.499354,24,1,balanced_1000_0_1000_12000,balanced_1000_0_1000_12000,24,0.0025543457854175777,0.0025543457854175777,0.0025543457854175777
0.499355,24,1,balanced_1000_0_1000_12000,balanced_1000_0_1000_12000,24,0.0025543457854175777,0.0025543457854175777,0.0025543457854175777
0.499356,24,1,balanced_1000_0_1000_12000,balanced_1000_0_1000_12000,24,0.0025543457854175777,0.0025543457854175777,0.0025543457854175777
0.499357,24,1,balanced_1000_0_1000_12000,balanced_1000_0_1000_12000,24,0.0025543457854175777,0.0025543457854175777,0.0025543457854175777
0.499358,24,1,balanced_1000_0_1000_12000,balanced_1000_0_1000_12000,24,0.0025543457854175777,0.0025543457854175777,0.0025543457854175777
0.499359,24,1,balanced_1000_0_1000_12000,balanced_1000_0_1000_12000,24,0.0025543457854175777,0.0025543457854175777,0.0025543457854175777
0.499360,24,1,balanced_1000_0_1000_12000,balanced_1000_0_1000_12000,24,0.0025543457854175777,0.0025543457854175777,0.0025543457854175777
0.499361,24,1,balanced_1000_0_1000_12000,balanced_1000_0_1000_12000,24,0.0025543457854175777,0.0025543457854175777,0.0025543457854175777
0.499362,24,1,balanced_1000_0_1000_12000,balanced_1000_0_1000_12000,24,0.0025543457854175777,0.0025543457854175777,0.0025543457854175777
0.499363,24,1,balanced_1000_0_1000_12000,balanced_1000_0_1000_12000,24,0.0025543457854175777,0.0025543457854175777,0.0025543457854175777
0.499364,24,1,balanced_1000_0_1000_12000,balanced_1000_0_1000_12000,24,0.0025543457854175777,0.0025543457854175777,0.0025543457854175777
0.499365,24,1,balanced_1000_0_1000_12000,balanced_1000_0_1000_12000,24,0.0025543457854175777,0.0025543457854175777,0.0025543457854175777
0.499366,24,1,balanced_1000_0_1000_12000,balanced_1000_0_1000_12000,24,0.0025543457854175777,0.0025543457854175777,0.0025543457854175777
0.499367,24,1,balanced_1000_0_1000_12000,balanced_1000_0_1000_12000,24,0.0025543457854175777,0.0025543457854175777,0.0025543457854175777
0.499368,24,1,balanced_1000_0_1000_12000,balanced_1000_0_1000_12000,24,0.0025543457854175777,0.0025543457854175777,0.0025543457854175777
0.499369,24,1,balanced_1000_0_1000_12000,balanced_1000_0_1000_12000,24,0.0025543457854175777,0.0025543457854175777,0.0025543457854175777
0.499370,24,1,balanced_1000_0_1000_12000,balanced_1000_0_1000_12000,24,0.0025543457854175777,0.0025543457854175777,0.0025543457854175777
0.499371,24,1,balanced_1000_0_1000_12000,balanced_1000_0_1000_12000,24,0.0025543457854175777,0.0025543457854175777,0.0025543457854175777
0.499372,24,1,balanced_1000_0_1000_12000,balanced_1000_0_1000_12000,24,0.0025543457854175777,0.0025543457854175777,0.0025543457854175777
0.499373,24,1,balanced_1000_0_1000_12000,balanced_1000_0_1000_12000,24,0.0025543457854175777,0.0025543457854175777,0.0025543457854175777
0.499374,24,1,balanced_1000_0_1000_12000,balanced_1000_0_1000_12000,24,0.0025543457854175777,0.0025543457854175777,0.0025543457854175777
0.499375,24,1,balanced_1000_0_1000_12000,balanced_1000_0_1000_12000,24,0.0025543457854175777,0.0025543457854175777,0.0025543457854175777
0.499376,24,1,balanced_1000_0_1000_12000,balanced_1000_0_1000_12000,24,0.0025543457854175777,0.0025543457854175777,0.0025543457854175777
0.499377,24,1,balanced_1000_0_1000_12000,balanced_1000_0_1000_12000,24,0.0025543457854175777,0.0025543457854175777,0.0025543457854175777
0.499378,24,1,balanced_1000_0_1000_12000,balanced_1000_0_1000_12000,24,0.0025543457854175777,0.0025543457854175777,0.0025543457854175777
0.499379,24,1,balanced_1000_0_1000_12000,balanced_1000_0_1000_12000,24,0.0025543457854175777,0.0025543457854175777,0.0025543457854175777
0.499380,24,1,balanced_1000_0_1000_12000,balanced_1000_0_1000_12000,24,0.0025543457854175777,0.0025543457854175777,0.0025543457854175777
0.499381,24,1,balanced_1000_0_1000_12000,balanced_1000_0_1000_12000,24,0.0025543457854175777,0.0025543457854175777,0.0025543457854175777
0.499382,24,1,balanced_1000_0_1000_12000,balanced_1000_0_1000_12000,24,0.0025543457854175777,0.0025543457854175777,0.0025543457854175777
0.499383,24,1,balanced_1000_0_1000_12000,balanced_1000_0_1000_12000,24,0.0025543457854175777,0.0025543457854175777,0.0025543457854175777
0.499384,24,1,balanced_1000_0_1000_12000,balanced_1000_0_1000_12000,24,0.0025543457854175777,0.0025543457854175777,0.0025543457854175777
0.499385,24,1,balanced_1000_0_1000_12000,balanced_1000_0_1000_12000,24,0.0025543457854175777,0.0025543457854175777,0.0025543457854175777
0.499386,24,1,balanced_1000_0_1000_12000,balanced_1000_0_1000_12000,24,0.0025543457854175777,0.0025543457854175777,0.0025543457854175777
0.499387,24,1,balanced_1000_0_1000_12000,balanced_1000_0_1000_12000,24,0.0025543457854175777,0.0025543457854175777,0.0025543457854175777
0.499388,24,1,balanced_1000_0_1000_12000,balanced_1000_0_1000_12000,24,0.0025543457854175777,0.0025543457854175777,0.0025543457854175777
0.499389,24,1,balanced_1000_0_1000_12000,balanced_1000_0_1000_12000,24,0.0025543457854175777,0.0025543457854175777,0.0025543457854175777
0.499390,24,1,balanced_1000_0_1000_12000,balanced_1000_0_1000_12000,24,0.0025543457854175777,0.0025543457854175777,0.0025543457854175777
0.499391,24,1,balanced_1000_0_1000_12000,balanced_1000_0_1000_12000,24,0.0025543457854175777,0.0025543457854175777,0.0025543457854175777
0.499392,24,1,balanced_1000_0_1000_12000,balanced_1000_0_1000_12000,24,0.0025543457854175777,0.0025543457854175777,0.0025543457854175777
0.499393,24,1,balanced_1000_0_1000_12000,balanced_1000_0_1000_12000,24,0.0025543457854175777,0.0025543457854175777,0.0025543457854175777
0.499394,24,1,balanced_1000_0_1000_12000,balanced_1000_0_1000_12000,24,0.0025543457854175777,0.0025543457854175777,0.0025543457854175777
0.499395,24,1,balanced_1000_0_1000_12000,balanced_1000_0_1000_12000,24,0.0025543457854175777,0.0025543457854175777,0.0025543457854175777
0.499396,24,1,balanced_1000_0_1000_12000,balanced_1000_0_1000_12000,24,0.0025543457854175777,0.0025543457854175777,0.0025543457854175777
0.499397,24,1,balanced_1000_0_1000_12000,balanced_1000_0_1000_12000,24,0.0025543457854175777,0.0025543457854175777,0.0025543457854175777
0.499398,24,1,balanced_1000_0_1000_12000,balanced_1000_0_1000_12000,24,0.0025543457854175777,0.0025543457854175777,0.0025543457854175777
0.499399,24,1,balanced_1000_0_1000_12000,balanced_1000_0_1000_12000,24,0.0025543457854175777,0.0025543457854175777,0.0025543457854175777
0.499400,24,1,balanced_1000_0_1000_12000,balanced_1000_0_1000_12000,24,0.0025543457854175777,0.0025543457854175777,0.0025543457854175777
0.499401,24,1,balanced_1000_0_1000_12000,balanced_1000_0_1000_12000,24,0.0025543457854175777,0.0025543457854175777,0.0025543457854175777
0.499402,24,1,balanced_1000_0_1000_12000,balanced_1000_0_1000_12000,24,0.0025543457854175777,0.0025543457854175777,0.0025543457854175777
0.499403,24,1,balanced_1000_0_1000_12000,balanced_1000_0_1000_12000,24,0.0025543457854175777,0.0025543457854175777,0.0025543457854175777
0.499404,24,1,balanced_1000_0_1000_12000,balanced_1000_0_1000_12000,24,0.0025543457854175777,0.0025543457854175777,0.0025543457854175777
0.499405,24,1,balanced_1000_0_1000_12000,balanced_1000_0_1000_12000,24,0.0025543457854175777,0.0025543457854175777,0.0025543457854175777
0.499406,24,1,balanced_1000_0_1000_12000,balanced_1000_0_1000_12000,24,0.0025543457854175777,0.0025543457854175777,0.0025543457854175777
0.499407,24,1,balanced_1000_0_1000_12000,balanced_1000_0_1000_12000,24,0.0025543457854175777,0.0025543457854175777,0.0025543457854175777
0.499408,24,1,balanced_1000_0_1000_12000,balanced_1000_0_1000_12000,24,0.0025543457854175777,0.0025543457854175777,0.0025543457854175777
0.499409,24,1,balanced_1000_0_1000_12000,balanced_1000_0_1000_12000,24,0.0025543457854175777,0.0025543457854175777,0.0025543457854175777
0.499410,24,1,balanced_1000_0_1000_12000,balanced_1000_0_1000_12000,24,0.0025543457854175777,0.0025543457854175777,0.0025543457854175777
0.499411,24,1,balanced_1000_0_1000_12000,balanced_1000_0_1000_12000,24,0.0025543457854175777,0.0025543457854175777,0.0025543457854175777
0.499412,24,1,balanced_1000_0_1000_12000,balanced_1000_0_1000_12000,24,0.0025543457854175777,0.0025543457854175777,0.0025543457854175777
0.499413,24,1,balanced_1000_0_1000_12000,balanced_1000_0_1000_12000,24,0.0025543457854175777,0.0025543457854175777,0.0025543457854175777
0.499414,24,1,balanced_1000_0_1000_12000,balanced_1000_0_1000_12000,24,0.0025543457854175777,0.0025543457854175777,0.0025543457854175777
0.499415,24,1,balanced_1000_0_1000_12000,balanced_1000_0_1000_12000,24,0.0025543457854175777,0.0025543457854175777,0.0025543457854175777
0.499416,24,1,balanced_1000_0_1000_12000,balanced_1000_0_1000_12000,24,0.0025543457854175777,0.0025543457854175777,0.0025543457854175777
0.499417,24,1,balanced_1000_0_1000_12000,balanced_1000_0_1000_12000,24,0.0025543457854175777,0.0025543457854175777,0.0025543457854175777
0.499418,24,1,balanced_1000_0_1000_12000,balanced_1000_0_1000_12000,24,0.0025543457854175777,0.0025543457854175777,0.0025543457854175777
0.499419,24,1,balanced_1000_0_1000_12000,balanced_1000_0_1000_12000,24,0.0025543457854175777,0.0025543457854175777,0.0025543457854175777
0.499420,24,1,balanced_1000_0_1000_12000,balanced_1000_0_1000_12000,24,0.0025543457854175777,0.0025543457854175777,0.0025543457854175777
0.499421,24,1,balanced_1000_0_1000_12000,balanced_1000_0_1000_12000,24,0.0025543457854175777,0.0025543457854175777,0.0025543457854175777
0.499422,24,1,balanced_1000_0_1000_12000,balanced_1000_0_1000_12000,24,0.0025543457854175777,0.0025543457854175777,0.0025543457854175777
0.499423,24,1,balanced_1000_0_1000_12000,balanced_1000_0_1000_12000,24,0.0025543457854175777,0.0025543457854175777,0.0025543457854175777
0.499424,24,1,balanced_1000_0_1000_12000,balanced_1000_0_1000_12000,24,0.0025543457854175777,0.0025543457854175777,0.0025543457854175777
0.499425,24,1,balanced_1000_0_1000_12000,balanced_1000_0_1000_12000,24,0.0025543457854175777,0.0025543457854175777,0.0025543457854175777
0.499426,24,1,balanced_1000_0_1000_12000,balanced_1000_0_1000_12000,24,0.0025543457854175777,0.0025543457854175777,0.0025543457854175777
0.499427,24,1,balanced_1000_0_1000_12000,balanced_1000_0_1000_12000,24,0.0025543457854175777,0.0025543457854175777,0.0025543457854175777
0.499428,24,1,balanced_1000_0_1000_12000,balanced_1000_0_1000_12000,24,0.0025543457854175777,0.0025543457854175777,0.0025543457854175777
0.499429,24,1,balanced_1000_0_1000_12000,balanced_1000_0_1000_12000,24,0.0025543457854175777,0.0025543457854175777,0.0025543457854175777
0.499430,24,1,balanced_1000_0_1000_12000,balanced_1000_0_1000_12000,24,0.0025543457854175777,0.0025543457854175777,0.0025543457854175777
0.499431,24,1,balanced_1000_0_1000_12000,balanced_1000_0_1000_12000,24,0.0025543457854175777,0.0025543457854175777,0.0025543457854175777
0.499432,24,1,balanced_1000_0_1000_12000,balanced_1000_0_1000_12000,24,0.0025543457854175777,0.0025543457854175777,0.0025543457854175777
0.499433,24,1,balanced_1000_0_1000_12000,balanced_1000_0_1000_12000,24,0.0025543457854175777,0.0025543457854175777,0.0025543457854175777
0.499434,24,1,balanced_1000_0_1000_12000,balanced_1000_0_1000_12000,24,0.0025543457854175777,0.0025543457854175777,0.0025543457854175777
0.499435,24,1,balanced_1000_0_1000_12000,balanced_1000_0_1000_12000,24,0.0025543457854175777,0.0025543457854175777,0.0025543457854175777
0.499436,24,1,balanced_1000_0_1000_12000,balanced_1000_0_1000_12000,24,0.0025543457854175777,0.0025543457854175777,0.0025543457854175777
0.499437,24,1,balanced_1000_0_1000_12000,balanced_1000_0_1000_12000,24,0.0025543457854175777,0.0025543457854175777,0.0025543457854175777
0.499438,24,1,balanced_1000_0_1000_12000,balanced_1000_0_1000_12000,24,0.0025543457854175777,0.0025543457854175777,0.0025543457854175777
0.499439,24,1,balanced_1000_0_1000_12000,balanced_1000_0_1000_12000,24,0.0025543457854175777,0.0025543457854175777,0.0025543457854175777
0.499440,24,1,balanced_1000_0_1000_12000,balanced_1000_0_1000_12000,24,0.0025543457854175777,0.0025543457854175777,0.0025543457854175777
0.499441,24,1,balanced_1000_0_1000_12000,balanced_1000_0_1000_12000,24,0.0025543457854175777,0.0025543457854175777,0.0025543457854175777
0.499442,24,1,balanced_1000_0_1000_12000,balanced_1000_0_1000_12000,24,0.0025543457854175777,0.0025543457854175777,0.0025543457854175777
0.499443,24,1,balanced_1000_0_1000_12000,balanced_1000_0_1000_12000,24,0.0025543457854175777,0.0025543457854175777,0.0025543457854175777
0.499444,24,1,balanced_1000_0_1000_12000,balanced_1000_0_1000_12000,24,0.0025543457854175777,0.0025543457854175777,0.0025543457854175777
0.499445,24,1,balanced_1000_0_1000_12000,balanced_1000_0_1000_12000,24,0.0025543457854175777,0.0025543457854175777,0.0025543457854175777
0.499446,24,1,balanced_1000_0_1000_12000,balanced_1000_0_1000_12000,24,0.0025543457854175777,0.0025543457854175777,0.0025543457854175777
0.499447,24,1,balanced_1000_0_1000_12000,balanced_1000_0_1000_12000,24,0.0025543457854175777,0.0025543457854175777,0.0025543457854175777
0.499448,24,1,balanced_1000_0_1000_12000,balanced_1000_0_1000_12000,24,0.0025543457854175777,0.0025543457854175777,0.0025543457854175777
0.499449,24,1,balanced_1000_0_1000_12000,balanced_1000_0_1000_12000,24,0.0025543457854175777,0.0025543457854175777,0.0025543457854175777
0.499450,24,1,balanced_1000_0_1000_12000,balanced_1000_0_1000_12000,24,0.0025543457854175777,0.0025543457854175777,0.0025543457854175777
0.499451,24,1,balanced_1000_0_1000_12000,balanced_1000_0_1000_12000,24,0.0025543457854175777,0.0025543457854175777,0.0025543457854175777
0.499452,24,1,balanced_1000_0_1000_12000,balanced_1000_0_1000_12000,24,0.0025543457854175777,0.0025543457854175777,0.0025543457854175777
0.499453,24,1,balanced_1000_0_1000_12000,balanced_1000_0_1000_12000,24,0.0025543457854175777,0.0025543457854175777,0.0025543457854175777
0.499454,24,1,balanced_1000_0_1000_12000,balanced_1000_0_1000_12000,24,0.0025543457854175777,0.0025543457854175777,0.0025543457854175777
0.499455,24,1,balanced_1000_0_1000_12000,balanced_1000_0_1000_12000,24,0.0025543457854175777,0.0025543457854175777,0.0025543457854175777
0.499456,24,1,balanced_1000_0_1000_12000,balanced_1000_0_1000_12000,24,0.0025543457854175777,0.0025543457854175777,0.0025543457854175777
0.499457,24,1,balanced_1000_0_1000_12000,balanced_1000_0_1000_12000,24,0.0025543457854175777,0.0025543457854175777,0.0025543457854175777
0.499458,24,1,balanced_1000_0_1000_12000,balanced_1000_0_1000_12000,24,0.0025543457854175777,0.0025543457854175777,0.0025543457854175777
0.499459,24,1,balanced_1000_0_1000_12000,balanced_1000_0_1000_12000,24,0.0025543457854175777,0.0025543457854175777,0.0025543457854175777
0.499460,24,1,balanced_1000_0_1000_12000,balanced_1000_0_1000_12000,24,0.0025543457854175777,0.0025543457854175777,0.0025543457854175777
0.499461,24,1,balanced_1000_0_1000_12000,balanced_1000_0_1000_12000,24,0.0025543457854175777,0.0025543457854175777,0.0025543457854175777
0.499462,24,1,balanced_1000_0_1000_12000,balanced_1000_0_1000_12000,24,0.0025543457854175777,0.0025543457854175777,0.0025543457854175777
0.499463,24,1,balanced_1000_0_1000_12000,balanced_1000_0_1000_12000,24,0.0025543457854175777,0.0025543457854175777,0.0025543457854175777
0.499464,24,1,balanced_1000_0_1000_12000,balanced_1000_0_1000_12000,24,0.0025543457854175777,0.0025543457854175777,0.0025543457854175777
0.499465,24,1,balanced_1000_0_1000_12000,balanced_1000_0_1000_12000,24,0.0025543457854175777,0.0025543457854175777,0.0025543457854175777
0.499466,24,1,balanced_1000_0_1000_12000,balanced_1000_0_1000_12000,24,0.0025543457854175777,0.0025543457854175777,0.0025543457854175777
0.499467,24,1,balanced_1000_0_1000_12000,balanced_1000_0_1000_12000,24,0.0025543457854175777,0.0025543457854175777,0.0025543457854175777
0.499468,24,1,balanced_1000_0_1000_12000,balanced_1000_0_1000_12000,24,0.0025543457854175777,0.0025543457854175777,0.0025543457854175777
0.499469,24,1,balanced_1000_0_1000_12000,balanced_1000_0_1000_12000,24,0.0025543457854175777,0.0025543457854175777,0.0025543457854175777
0.499470,24,1,balanced_1000_0_1000_12000,balanced_1000_0_1000_12000,24,0.0025543457854175777,0.0025543457854175777,0.0025543457854175777
0.499471,24,1,balanced_1000_0_1000_12000,balanced_1000_0_1000_12000,24,0.0025543457854175777,0.0025543457854175777,0.0025543457854175777
0.499472,24,1,balanced_1000_0_1000_12000,balanced_1000_0_1000_12000,24,0.0025543457854175777,0.0025543457854175777,0.0025543457854175777
0.499473,24,1,balanced_1000_0_1000_12000,balanced_1000_0_1000_12000,24,0.0025543457854175777,0.0025543457854175777,0.0025543457854175777
0.499474,24,1,balanced_1000_0_1000_12000,balanced_1000_0_1000_12000,24,0.0025543457854175777,0.0025543457854175777,0.0025543457854175777
0.499475,24,1,balanced_1000_0_1000_12000,balanced_1000_0_1000_12000,24,0.0025543457854175777,0.0025543457854175777,0.0025543457854175777
0.499476,24,1,balanced_1000_0_1000_12000,balanced_1000_0_1000_12000,24,0.0025543457854175777,0.0025543457854175777,0.0025543457854175777
0.499477,24,1,balanced_1000_0_1000_12000,balanced_1000_0_1000_12000,24,0.0025543457854175777,0.0025543457854175777,0.0025543457854175777
0.499478,24,1,balanced_1000_0_1000_12000,balanced_1000_0_1000_12000,24,0.0025543457854175777,0.0025543457854175777,0.0025543457854175777
0.499479,24,1,balanced_1000_0_1000_12000,balanced_1000_0_1000_12000,24,0.0025543457854175777,0.0025543457854175777,0.0025543457854175777
0.499480,24,1,balanced_1000_0_1000_12000,balanced_1000_0_1000_12000,24,0.0025543457854175777,0.0025543457854175777,0.0025543457854175777
0.499481,24,1,balanced_1000_0_1000_12000,balanced_1000_0_1000_12000,24,0.0025543457854175777,0.0025543457854175777,0.0025543457854175777
0.499482,24,1,balanced_1000_0_1000_12000,balanced_1000_0_1000_12000,24,0.0025543457854175777,0.0025543457854175777,0.0025543457854175777
0.499483,24,1,balanced_1000_0_1000_12000,balanced_1000_0_1000_12000,24,0.0025543457854175777,0.0025543457854175777,0.0025543457854175777
0.499484,24,1,balanced_1000_0_1000_12000,balanced_1000_0_1000_12000,24,0.0025543457854175777,0.0025543457854175777,0.0025543457854175777
0.499485,24,1,balanced_1000_0_1000_12000,balanced_1000_0_1000_12000,24,0.0025543457854175777,0.0025543457854175777,0.0025543457854175777
0.499486,24,1,balanced_1000_0_1000_12000,balanced_1000_0_1000_12000,24,0.0025543457854175777,0.0025543457854175777,0.0025543457854175777
0.499487,24,1,balanced_1000_0_1000_12000,balanced_1000_0_1000_12000,24,0.0025543457854175777,0.0025543457854175777,0.0025543457854175777
0.499488,24,1,balanced_1000_0_1000_12000,balanced_1000_0_1000_12000,24,0.0025543457854175777,0.0025543457854175777,0.0025543457854175777
0.499489,24,1,balanced_1000_0_1000_12000,balanced_1000_0_1000_12000,24,0.0025543457854175777,0.0025543457854175777,0.0025543457854175777
0.499490,24,1,balanced_1000_0_1000_12000,balanced_1000_0_1000_12000,24,0.0025543457854175777,0.0025543457854175777,0.0025543457854175777
0.499491,24,1,balanced_1000_0_1000_12000,balanced_1000_0_1000_12000,24,0.0025543457854175777,0.0025543457854175777,0.0025543457854175777
0.499492,24,1,balanced_1000_0_1000_12000,balanced_1000_0_1000_12000,24,0.0025543457854175777,0.0025543457854175777,0.0025543457854175777
0.499493,24,1,balanced_1000_0_1000_12000,balanced_1000_0_1000_12000,24,0.0025543457854175777,0.0025543457854175777,0.0025543457854175777
0.499494,24,1,balanced_1000_0_1000_12000,balanced_1000_0_1000_12000,24,0.0024820836926178202,0.0024820836926178202,0.0024820836926178202
0.499495,24,1,balanced_1000_0_1000_12000,balanced_1000_0_1000_12000,24,0.0024001660377569456,0.0024001660377569456,0.0024001660377569456
0.499496,24,1,balanced_1000_0_1000_12000,balanced_1000_0_1000_12000,24,0.0023191745546504716,0.0023191745546504716,0.0023191745546504716
0.499497,24,1,balanced_1000_0_1000_12000,balanced_1000_0_1000_12000,24,0.0022391092432939574,0.0022391092432939574,0.0022391092432939574
0.499498,24,1,balanced_1000_0_1000_12000,balanced_1000_0_1000_12000,24,0.002159970103683073,0.002159970103683073,0.002159970103683073
0.499499,24,1,balanced_1000_0_1000_12000,balanced_1000_0_1000_12000,24,0.0020817571358265896,0.0020817571358265896,0.0020817571358265896
0.499500,24,1,balanced_1000_0_1000_12000,balanced_1000_0_1000_12000,24,0.002004470339715736,0.002004470339715736,0.002004470339715736
0.499501,24,1,balanced_1000_0_1000_12000,balanced_1000_0_1000_12000,24,0.001928109715359172,0.001928109715359172,0.001928109715359172
0.499502,24,1,balanced_1000_0_1000_12000,balanced_1000_0_1000_12000,24,0.001852675262748349,0.001852675262748349,0.001852675262748349
0.499503,24,1,balanced_1000_0_1000_12000,balanced_1000_0_1000_12000,24,0.0017781669818918155,0.0017781669818918155,0.0017781669818918155
0.499504,24,1,balanced_1000_0_1000_12000,balanced_1000_0_1000_12000,24,0.001704584872781023,0.001704584872781023,0.001704584872781023
0.499505,24,1,balanced_1000_0_1000_12000,balanced_1000_0_1000_12000,24,0.0016319289354244093,0.0016319289354244093,0.0016319289354244093
0.499506,24,1,balanced_1000_0_1000_12000,balanced_1000_0_1000_12000,24,0.0015601991698137585,0.0015601991698137585,0.0015601991698137585
0.499507,24,1,balanced_1000_0_1000_12000,balanced_1000_0_1000_12000,24,0.0014893955759569533,0.0014893955759569533,0.0014893955759569533
0.499508,24,1,balanced_1000_0_1000_12000,balanced_1000_0_1000_12000,24,0.001419518153846333,0.001419518153846333,0.001419518153846333
0.499509,24,1,balanced_1000_0_1000_12000,balanced_1000_0_1000_12000,24,0.0013505669034895584,0.0013505669034895584,0.0013505669034895584
0.499510,24,1,balanced_1000_0_1000_12000,balanced_1000_0_1000_12000,24,0.0012825418248790799,0.0012825418248790799,0.0012825418248790799
0.499511,24,1,balanced_1000_0_1000_12000,balanced_1000_0_1000_12000,24,0.0012154429180222248,0.0012154429180222248,0.0012154429180222248
0.499512,24,1,balanced_1000_0_1000_12000,balanced_1000_0_1000_12000,24,0.0011492701829116658,0.0011492701829116658,0.0011492701829116658
0.499513,24,1,balanced_1000_0_1000_12000,balanced_1000_0_1000_12000,24,0.0010840236195548414,0.0010840236195548414,0.0010840236195548414
0.499514,24,1,balanced_1000_0_1000_12000,balanced_1000_0_1000_12000,24,0.001019703227944424,0.001019703227944424,0.001019703227944424
0.499515,24,1,balanced_1000_0_1000_12000,balanced_1000_0_1000_12000,24,0.0009563090080875192,0.0009563090080875192,0.0009563090080875192
0.499516,24,1,balanced_1000_0_1000_12000,balanced_1000_0_1000_12000,24,0.0008938409599770214,0.0008938409599770214,0.0008938409599770214
0.499517,24,1,balanced_1000_0_1000_12000,balanced_1000_0_1000_12000,24,0.0008322990836201472,0.0008322990836201472,0.0008322990836201472
0.499518,24,1,balanced_1000_0_1000_12000,balanced_1000_0_1000_12000,24,0.000771683379009791,0.000771683379009791,0.000771683379009791
0.499519,24,1,balanced_1000_0_1000_12000,balanced_1000_0_1000_12000,24,0.0007119938461527253,0.0007119938461527253,0.0007119938461527253
0.499520,24,1,balanced_1000_0_1000_12000,balanced_1000_0_1000_12000,24,0.0006532304850425108,0.0006532304850425108,0.0006532304850425108
0.499521,24,1,balanced_1000_0_1000_12000,balanced_1000_0_1000_12000,24,0.0005953932956853647,0.0005953932956853647,0.0005953932956853647
0.499522,24,1,balanced_1000_0_1000_12000,balanced_1000_0_1000_12000,24,0.0005384822780751808,0.0005384822780751808,0.0005384822780751808
0.499523,24,1,balanced_1000_0_1000_12000,balanced_1000_0_1000_12000,24,0.0004824974322180653,0.0004824974322180653,0.0004824974322180653
0.499524,24,1,balanced_1000_0_1000_12000,balanced_1000_0_1000_12000,24,0.000427438758107912,0.000427438758107912,0.000427438758107912
0.499525,24,1,balanced_1000_0_1000_12000,balanced_1000_0_1000_12000,24,0.0003733062557507161,0.0003733062557507161,0.0003733062557507161
0.499526,24,1,balanced_1000_0_1000_12000,balanced_1000_0_1000_12000,24,0.00032009992514347996,0.00032009992514347996,0.00032009992514347996
0.499527,24,1,balanced_1000_0_1000_12000,balanced_1000_0_1000_12000,24,0.0002678197662834281,0.0002678197662834281,0.0002678197662834281
0.499528,24,1,balanced_1000_0_1000_12000,balanced_1000_0_1000_12000,24,0.00021646577917611154,0.00021646577917611154,0.00021646577917611154
0.499529,24,1,balanced_1000_0_1000_12000,balanced_1000_0_1000_12000,24,0.00016603796381609026,0.00016603796381609026,0.00016603796381609026
0.499530,24,1,balanced_1000_0_1000_12000,balanced_1000_0_1000_12000,24,0.00011653632020869331,0.00011653632020869331,0.00011653632020869331
0.499531,24,1,balanced_1000_0_1000_12000,balanced_1000_0_1000_12000,24,6.796084834870264e-05,6.796084834870264e-05,6.796084834870264e-05
0.499532,24,1,balanced_1000_0_1000_12000,balanced_1000_0_1000_12000,24,2.0311548241336297e-05,2.0311548241336297e-05,2.0311548241336297e-05
0.499533,24,1,opp_m4_11000,opp_m4_11000,24,2.6411580118623768e-05,2.6411580118623768e-05,2.6411580118623768e-05
0.499534,24,1,opp_m4_11000,opp_m4_11000,24,7.22085367259595e-05,7.22085367259595e-05,7.22085367259595e-05
0.499535,24,1,opp_m4_11000,opp_m4_11000,24,0.00011707932158588896,0.00011707932158588896,0.00011707932158588896
0.499536,24,1,opp_m4_11000,opp_m4_11000,24,0.00016102393469341614,0.00016102393469341614,0.00016102393469341614
0.499537,24,1,opp_m4_11000,opp_m4_11000,24,0.00020404237605320397,0.00020404237605320397,0.00020404237605320397
0.499538,24,1,opp_m4_11000,opp_m4_11000,24,0.00024613464566070054,0.00024613464566070054,0.00024613464566070054
0.499539,24,1,opp_m4_11000,opp_m4_11000,24,0.0002873007435205688,0.0002873007435205688,0.0002873007435205688
0.499540,24,1,opp_m4_11000,opp_m4_11000,24,0.00032754066962803474,0.00032754066962803474,0.00032754066962803474
0.499541,24,1,opp_m4_11000,opp_m4_11000,24,0.0003668544239878724,0.0003668544239878724,0.0003668544239878724
0.499542,24,1,opp_m4_11000,opp_m4_11000,24,0.00040524200659541876,0.00040524200659541876,0.00040524200659541876
0.499543,24,1,opp_m4_11000,opp_m4_11000,24,0.00044270341745511477,0.00044270341745511477,0.00044270341745511477
0.499544,24,1,opp_m4_11000,opp_m4_11000,24,0.00047923865656274156,0.00047923865656274156,0.00047923865656274156
0.499545,24,1,opp_m4_11000,opp_m4_11000,24,0.000514847723922407,0.000514847723922407,0.000514847723922407
0.499546,24,1,opp_m4_11000,opp_m4_11000,24,0.0005495306195301142,0.0005495306195301142,0.0005495306195301142
0.499547,24,1,opp_m4_11000,opp_m4_11000,24,0.000583287343389638,0.000583287343389638,0.000583287343389638
0.499548,24,1,opp_m4_11000,opp_m4_11000,24,0.0006161178954974256,0.0006161178954974256,0.0006161178954974256
0.499549,24,1,opp_m4_11000,opp_m4_11000,24,0.0006480222758569187,0.0006480222758569187,0.0006480222758569187
0.499550,24,1,opp_m4_11000,opp_m4_11000,24,0.0006790004844647868,0.0006790004844647868,0.0006790004844647868
0.499551,24,1,opp_m4_11000,opp_m4_11000,24,0.0007090525213242493,0.0007090525213242493,0.0007090525213242493
0.499552,24,1,opp_m4_11000,opp_m4_11000,24,0.0007381783864320868,0.0007381783864320868,0.0007381783864320868
0.499553,24,1,opp_m4_11000,opp_m4_11000,24,0.0007663780797899644,0.0007663780797899644,0.0007663780797899644
0.499554,24,1,opp_m4_11000,opp_m4_11000,24,0.0007936516013994366,0.0007936516013994366,0.0007936516013994366
0.499555,24,1,opp_m4_11000,opp_m4_11000,24,0.0008199989512572836,0.0008199989512572836,0.0008199989512572836
0.499556,24,1,opp_m4_11000,opp_m4_11000,24,0.0008454201293667252,0.0008454201293667252,0.0008454201293667252
0.499557,24,1,opp_m4_11000,opp_m4_11000,24,0.0008699151357246526,0.0008699151357246526,0.0008699151357246526
0.499558,24,1,opp_m4_11000,opp_m4_11000,24,0.0008934839703339525,0.0008934839703339525,0.0008934839703339525
0.499559,24,1,opp_m4_11000,opp_m4_11000,24,0.0009161266331920714,0.0009161266331920714,0.0009161266331920714
0.499560,24,1,opp_m4_11000,opp_m4_11000,24,0.0009378431243013408,0.0009378431243013408,0.0009378431243013408
0.499561,24,1,opp_m4_11000,opp_m4_11000,24,0.000958633443659429,0.000958633443659429,0.000958633443659429
0.499562,24,1,opp_m4_11000,opp_m4_11000,24,0.0009784975912685567,0.0009784975912685567,0.0009784975912685567
0.499563,24,1,opp_m4_11000,opp_m4_11000,24,0.0009974355671267254,0.0009974355671267254,0.0009974355671267254
0.499564,24,1,opp_m4_11000,opp_m4_11000,24,0.0010154473712358225,0.0010154473712358225,0.0010154473712358225
0.499565,24,1,opp_m4_11000,opp_m4_11000,24,0.0010325330035940716,0.0010325330035940716,0.0010325330035940716
0.499566,24,1,opp_m4_11000,opp_m4_11000,24,0.001048692464203138,0.001048692464203138,0.001048692464203138
0.499567,24,1,opp_m4_11000,opp_m4_11000,24,0.0010639257530613566,0.0010639257530613566,0.0010639257530613566
0.499568,24,1,opp_m4_11000,opp_m4_11000,24,0.0010782328701703925,0.0010782328701703925,0.0010782328701703925
0.499569,24,1,opp_m4_11000,opp_m4_11000,24,0.0010916138155286914,0.0010916138155286914,0.0010916138155286914
0.499570,24,1,opp_m4_11000,opp_m4_11000,24,0.0011040685891376967,0.0011040685891376967,0.0011040685891376967
0.499571,24,1,opp_m4_11000,opp_m4_11000,24,0.001115597190996076,0.001115597190996076,0.001115597190996076
0.499572,24,1,opp_m4_11000,opp_m4_11000,24,0.0011261996211049397,0.0011261996211049397,0.0011261996211049397
0.499573,24,1,opp_m4_11000,opp_m4_11000,24,0.0011358758794632884,0.0011358758794632884,0.0011358758794632884
0.499574,24,1,opp_m4_11000,opp_m4_11000,24,0.0011446259660722324,0.0011446259660722324,0.0011446259660722324
0.499575,24,1,opp_m4_11000,opp_m4_11000,24,0.0011524498809306616,0.0011524498809306616,0.0011524498809306616
0.499576,24,1,opp_m4_11000,opp_m4_11000,24,0.001159347624039464,0.001159347624039464,0.001159347624039464
0.499577,24,1,opp_m4_11000,opp_m4_11000,24,0.0011653191953979736,0.0011653191953979736,0.0011653191953979736
0.499578,24,1,opp_m4_11000,opp_m4_11000,24,0.0011703645950067454,0.0011703645950067454,0.0011703645950067454
0.499579,24,1,opp_m4_11000,opp_m4_11000,24,0.0011744838228652243,0.0011744838228652243,0.0011744838228652243
0.499580,24,1,opp_m4_11000,opp_m4_11000,24,0.0011776768789739656,0.0011776768789739656,0.0011776768789739656
0.499581,24,1,opp_m4_11000,opp_m4_11000,24,0.001179943763332525,0.001179943763332525,0.001179943763332525
0.499582,24,1,opp_m4_11000,opp_m4_11000,24,0.0011812844759411245,0.0011812844759411245,0.0011812844759411245
0.499583,24,1,opp_m4_11000,opp_m4_11000,24,0.0011817002890360806,0.0011817002890360806,0.0011817002890360806
0.499584,24,1,opp_m4_11000,opp_m4_11000,24,0.0011817002890360806,0.0011817002890360806,0.0011817002890360806
0.499585,24,1,opp_m4_11000,opp_m4_11000,24,0.0011817002890360806,0.0011817002890360806,0.0011817002890360806
0.499586,24,1,opp_m4_11000,opp_m4_11000,24,0.0011817002890360806,0.0011817002890360806,0.0011817002890360806
0.499587,24,1,opp_m4_11000,opp_m4_11000,24,0.0011817002890360806,0.0011817002890360806,0.0011817002890360806
0.499588,24,1,opp_m4_11000,opp_m4_11000,24,0.0011817002890360806,0.0011817002890360806,0.0011817002890360806
0.499589,24,1,opp_m4_11000,opp_m4_11000,24,0.0011817002890360806,0.0011817002890360806,0.0011817002890360806
0.499590,24,1,opp_m4_11000,opp_m4_11000,24,0.0011817002890360806,0.0011817002890360806,0.0011817002890360806
0.499591,24,1,opp_m4_11000,opp_m4_11000,24,0.0011817002890360806,0.0011817002890360806,0.0011817002890360806
0.499592,24,1,opp_m4_11000,opp_m4_11000,24,0.0011817002890360806,0.0011817002890360806,0.0011817002890360806
0.499593,24,1,opp_m4_11000,opp_m4_11000,24,0.0011817002890360806,0.0011817002890360806,0.0011817002890360806
0.499594,24,1,opp_m4_11000,opp_m4_11000,24,0.0011817002890360806,0.0011817002890360806,0.0011817002890360806
0.499595,24,1,opp_m4_11000,opp_m4_11000,24,0.0011817002890360806,0.0011817002890360806,0.0011817002890360806
0.499596,24,1,opp_m4_11000,opp_m4_11000,24,0.0011817002890360806,0.0011817002890360806,0.0011817002890360806
0.499597,24,1,opp_m4_11000,opp_m4_11000,24,0.0011817002890360806,0.0011817002890360806,0.0011817002890360806
0.499598,24,1,opp_m4_11000,opp_m4_11000,24,0.0011817002890360806,0.0011817002890360806,0.0011817002890360806
0.499599,24,1,opp_m4_11000,opp_m4_11000,24,0.0011817002890360806,0.0011817002890360806,0.0011817002890360806
0.499600,24,1,opp_m4_11000,opp_m4_11000,24,0.0011817002890360806,0.0011817002890360806,0.0011817002890360806
0.499601,24,1,opp_m4_11000,opp_m4_11000,24,0.0011817002890360806,0.0011817002890360806,0.0011817002890360806
0.499602,24,1,opp_m4_11000,opp_m4_11000,24,0.0011817002890360806,0.0011817002890360806,0.0011817002890360806
0.499603,24,1,opp_m4_11000,opp_m4_11000,24,0.0011817002890360806,0.0011817002890360806,0.0011817002890360806
0.499604,24,1,opp_m4_11000,opp_m4_11000,24,0.0011817002890360806,0.0011817002890360806,0.0011817002890360806
0.499605,24,1,opp_m4_11000,opp_m4_11000,24,0.0011817002890360806,0.0011817002890360806,0.0011817002890360806
0.499606,24,1,opp_m4_11000,opp_m4_11000,24,0.0011817002890360806,0.0011817002890360806,0.0011817002890360806
0.499607,24,1,opp_m4_11000,opp_m4_11000,24,0.0011817002890360806,0.0011817002890360806,0.0011817002890360806
0.499608,24,1,opp_m4_11000,opp_m4_11000,24,0.0011817002890360806,0.0011817002890360806,0.0011817002890360806
0.499609,24,1,opp_m4_11000,opp_m4_11000,24,0.0011817002890360806,0.0011817002890360806,0.0011817002890360806
0.499610,24,1,opp_m4_11000,opp_m4_11000,24,0.0011817002890360806,0.0011817002890360806,0.0011817002890360806
0.499611,24,1,opp_m4_11000,opp_m4_11000,24,0.0011817002890360806,0.0011817002890360806,0.0011817002890360806
0.499612,24,1,opp_m4_11000,opp_m4_11000,24,0.0011817002890360806,0.0011817002890360806,0.0011817002890360806
0.499613,24,1,opp_m4_11000,opp_m4_11000,24,0.0011817002890360806,0.0011817002890360806,0.0011817002890360806
0.499614,24,1,opp_m4_11000,opp_m4_11000,24,0.0011817002890360806,0.0011817002890360806,0.0011817002890360806
0.499615,24,1,opp_m4_11000,opp_m4_11000,24,0.0011817002890360806,0.0011817002890360806,0.0011817002890360806
0.499616,24,1,opp_m4_11000,opp_m4_11000,24,0.0011817002890360806,0.0011817002890360806,0.0011817002890360806
0.499617,24,1,opp_m4_11000,opp_m4_11000,24,0.0011817002890360806,0.0011817002890360806,0.0011817002890360806
0.499618,24,1,opp_m4_11000,opp_m4_11000,24,0.0011817002890360806,0.0011817002890360806,0.0011817002890360806
0.499619,24,1,opp_m4_11000,opp_m4_11000,24,0.0011817002890360806,0.0011817002890360806,0.0011817002890360806
0.499620,24,1,opp_m4_11000,opp_m4_11000,24,0.0011817002890360806,0.0011817002890360806,0.0011817002890360806
0.499621,24,1,opp_m4_11000,opp_m4_11000,24,0.0011817002890360806,0.0011817002890360806,0.0011817002890360806
0.499622,24,1,opp_m4_11000,opp_m4_11000,24,0.0011817002890360806,0.0011817002890360806,0.0011817002890360806
0.499623,24,1,opp_m4_11000,opp_m4_11000,24,0.0011817002890360806,0.0011817002890360806,0.0011817002890360806
0.499624,24,1,opp_m4_11000,opp_m4_11000,24,0.0011817002890360806,0.0011817002890360806,0.0011817002890360806
0.499625,24,1,opp_m4_11000,opp_m4_11000,24,0.0011817002890360806,0.0011817002890360806,0.0011817002890360806
0.499626,24,1,opp_m4_11000,opp_m4_11000,24,0.0011817002890360806,0.0011817002890360806,0.0011817002890360806
0.499627,24,1,opp_m4_11000,opp_m4_11000,24,0.0011817002890360806,0.0011817002890360806,0.0011817002890360806
0.499628,24,1,opp_m4_11000,opp_m4_11000,24,0.0011817002890360806,0.0011817002890360806,0.0011817002890360806
0.499629,24,1,opp_m4_11000,opp_m4_11000,24,0.0011817002890360806,0.0011817002890360806,0.0011817002890360806
0.499630,24,1,opp_m4_11000,opp_m4_11000,24,0.0011817002890360806,0.0011817002890360806,0.0011817002890360806
0.499631,24,1,opp_m4_11000,opp_m4_11000,24,0.0011817002890360806,0.0011817002890360806,0.0011817002890360806
0.499632,24,1,opp_m4_11000,opp_m4_11000,24,0.0011817002890360806,0.0011817002890360806,0.0011817002890360806
0.499633,24,1,opp_m4_11000,opp_m4_11000,24,0.0011817002890360806,0.0011817002890360806,0.0011817002890360806
0.499634,24,1,opp_m4_11000,opp_m4_11000,24,0.0011817002890360806,0.0011817002890360806,0.0011817002890360806
0.499635,24,1,opp_m4_11000,opp_m4_11000,24,0.0011817002890360806,0.0011817002890360806,0.0011817002890360806
0.499636,24,1,opp_m4_11000,opp_m4_11000,24,0.0011817002890360806,0.0011817002890360806,0.0011817002890360806
0.499637,24,1,opp_m4_11000,opp_m4_11000,24,0.0011817002890360806,0.0011817002890360806,0.0011817002890360806
0.499638,24,1,opp_m4_11000,opp_m4_11000,24,0.0011817002890360806,0.0011817002890360806,0.0011817002890360806
0.499639,24,1,opp_m4_11000,opp_m4_11000,24,0.0011817002890360806,0.0011817002890360806,0.0011817002890360806
0.499640,24,1,opp_m4_11000,opp_m4_11000,24,0.0011817002890360806,0.0011817002890360806,0.0011817002890360806
0.499641,24,1,opp_m4_11000,opp_m4_11000,24,0.0011817002890360806,0.0011817002890360806,0.0011817002890360806
0.499642,24,1,opp_m4_11000,opp_m4_11000,24,0.0011817002890360806,0.0011817002890360806,0.0011817002890360806
0.499643,24,1,opp_m4_11000,opp_m4_11000,24,0.0011817002890360806,0.0011817002890360806,0.0011817002890360806
0.499644,24,1,opp_m4_11000,opp_m4_11000,24,0.0011817002890360806,0.0011817002890360806,0.0011817002890360806
0.499645,24,1,opp_m4_11000,opp_m4_11000,24,0.0011817002890360806,0.0011817002890360806,0.0011817002890360806
0.499646,24,1,opp_m4_11000,opp_m4_11000,24,0.0011817002890360806,0.0011817002890360806,0.0011817002890360806
0.499647,24,1,opp_m4_11000,opp_m4_11000,24,0.0011817002890360806,0.0011817002890360806,0.0011817002890360806
0.499648,24,1,opp_m4_11000,opp_m4_11000,24,0.0011817002890360806,0.0011817002890360806,0.0011817002890360806
0.499649,24,1,opp_m4_11000,opp_m4_11000,24,0.0011817002890360806,0.0011817002890360806,0.0011817002890360806
0.499650,24,1,opp_m4_11000,opp_m4_11000,24,0.0011817002890360806,0.0011817002890360806,0.0011817002890360806
0.499651,24,1,opp_m4_11000,opp_m4_11000,24,0.0011817002890360806,0.0011817002890360806,0.0011817002890360806
0.499652,24,1,opp_m4_11000,opp_m4_11000,24,0.0011817002890360806,0.0011817002890360806,0.0011817002890360806
0.499653,24,1,opp_m4_11000,opp_m4_11000,24,0.0011817002890360806,0.0011817002890360806,0.0011817002890360806
0.499654,24,1,opp_m4_11000,opp_m4_11000,24,0.0011817002890360806,0.0011817002890360806,0.0011817002890360806
0.499655,24,1,opp_m4_11000,opp_m4_11000,24,0.0011817002890360806,0.0011817002890360806,0.0011817002890360806
0.499656,24,1,opp_m4_11000,opp_m4_11000,24,0.0011817002890360806,0.0011817002890360806,0.0011817002890360806
0.499657,24,1,opp_m4_11000,opp_m4_11000,24,0.0011817002890360806,0.0011817002890360806,0.0011817002890360806
0.499658,24,1,opp_m4_11000,opp_m4_11000,24,0.0011817002890360806,0.0011817002890360806,0.0011817002890360806
0.499659,24,1,opp_m4_11000,opp_m4_11000,24,0.0011817002890360806,0.0011817002890360806,0.0011817002890360806
0.499660,24,1,opp_m4_11000,opp_m4_11000,24,0.0011817002890360806,0.0011817002890360806,0.0011817002890360806
0.499661,24,1,opp_m4_11000,opp_m4_11000,24,0.0011817002890360806,0.0011817002890360806,0.0011817002890360806
0.499662,24,1,opp_m4_11000,opp_m4_11000,24,0.0011817002890360806,0.0011817002890360806,0.0011817002890360806
0.499663,24,1,opp_m4_11000,opp_m4_11000,24,0.0011817002890360806,0.0011817002890360806,0.0011817002890360806
0.499664,24,1,opp_m4_11000,opp_m4_11000,24,0.0011817002890360806,0.0011817002890360806,0.0011817002890360806
0.499665,24,1,opp_m4_11000,opp_m4_11000,24,0.0011817002890360806,0.0011817002890360806,0.0011817002890360806
0.499666,24,1,opp_m4_11000,opp_m4_11000,24,0.0011817002890360806,0.0011817002890360806,0.0011817002890360806
0.499667,24,1,opp_m4_11000,opp_m4_11000,24,0.0011817002890360806,0.0011817002890360806,0.0011817002890360806
0.499668,24,1,opp_m4_11000,opp_m4_11000,24,0.0011817002890360806,0.0011817002890360806,0.0011817002890360806
0.499669,24,1,opp_m4_11000,opp_m4_11000,24,0.0011817002890360806,0.0011817002890360806,0.0011817002890360806
0.499670,24,1,opp_m4_11000,opp_m4_11000,24,0.0011817002890360806,0.0011817002890360806,0.0011817002890360806
0.499671,24,1,opp_m4_11000,opp_m4_11000,24,0.0010453809704696893,0.0010453809704696893,0.0010453809704696893
0.499672,24,1,opp_m4_11000,opp_m4_11000,24,0.0007877994070204508,0.0007877994070204508,0.0007877994070204508
0.499673,24,1,opp_m4_11000,opp_m4_11000,24,0.000531144015335494,0.000531144015335494,0.000531144015335494
0.499674,24,1,opp_m4_11000,opp_m4_11000,24,0.0002754147953862862,0.0002754147953862862,0.0002754147953862862
0.499675,24,1,opp_m4_11000,opp_m4_11000,24,2.061174720124903e-05,2.061174720124903e-05,2.061174720124903e-05
0.499676,24,1,opp_m4_10000,opp_m4_10000,24,0.0002332651292479282,0.0002332651292479282,0.0002332651292479282
0.499677,24,1,opp_m4_10000,opp_m4_10000,24,0.00048621583393293477,0.00048621583393293477,0.00048621583393293477
0.499678,24,1,opp_m4_10000,opp_m4_10000,24,0.0007382403668819704,0.0007382403668819704,0.0007382403668819704
0.499679,24,1,opp_m4_10000,opp_m4_10000,24,0.0009893387280671684,0.0009893387280671684,0.0009893387280671684
0.499680,24,1,opp_m4_10000,opp_m4_10000,24,0.0012395109175161734,0.0012395109175161734,0.0012395109175161734
0.499681,24,1,opp_m4_10000,opp_m4_10000,24,0.0014887569352014518,0.0014887569352014518,0.0014887569352014518
0.499682,24,1,opp_m4_10000,opp_m4_10000,24,0.0017370767811503152,0.0017370767811503152,0.0017370767811503152
0.499683,24,1,opp_m4_10000,opp_m4_10000,24,0.001984470455335563,0.001984470455335563,0.001984470455335563
0.499684,24,1,opp_m4_10000,opp_m4_10000,24,0.0022309379577845068,0.0022309379577845068,0.0022309379577845068
0.499685,24,1,opp_m4_10000,opp_m4_10000,24,0.002476479288469835,0.002476479288469835,0.002476479288469835
0.499686,24,1,opp_m4_10000,opp_m4_10000,24,0.002721094447418637,0.002721094447418637,0.002721094447418637
0.499687,24,1,opp_m4_10000,opp_m4_10000,24,0.002964783434603935,0.002964783434603935,0.002964783434603935
0.499688,24,1,opp_m4_10000,opp_m4_10000,24,0.0032075462500528173,0.0032075462500528173,0.0032075462500528173
0.499689,24,1,opp_m4_10000,opp_m4_10000,24,0.0034493828937381954,0.0034493828937381954,0.0034493828937381954
0.499690,24,1,opp_m4_10000,opp_m4_10000,24,0.0036902933656869363,0.0036902933656869363,0.0036902933656869363
0.499691,24,1,opp_m4_10000,opp_m4_10000,24,0.003930277665872395,0.003930277665872395,0.003930277665872395
0.499692,24,1,opp_m4_10000,opp_m4_10000,24,0.0041693357943078935,0.0041693357943078935,0.0041693357943078935
0.499693,24,1,opp_m4_10000,opp_m4_10000,24,0.004407467751006533,0.004407467751006533,0.004407467751006533
0.499694,24,1,opp_m4_10000,opp_m4_10000,24,0.004644673535942112,0.004644673535942112,0.004644673535942112
0.499695,24,1,opp_m4_10000,opp_m4_10000,24,0.004880953149140721,0.004880953149140721,0.004880953149140721
0.499696,24,1,opp_m4_10000,opp_m4_10000,24,0.0051163065905762695,0.0051163065905762695,0.0051163065905762695
0.499697,24,1,opp_m4_10000,opp_m4_10000,24,0.005350733860274848,0.005350733860274848,0.005350733860274848
0.499698,24,1,opp_m4_10000,opp_m4_10000,24,0.005584234958210477,0.005584234958210477,0.005584234958210477
0.499699,24,1,opp_m4_10000,opp_m4_10000,24,0.005816809884409024,0.005816809884409024,0.005816809884409024
0.499700,24,1,opp_m4_10000,opp_m4_10000,24,0.006048458638844623,0.006048458638844623,0.006048458638844623
0.499701,24,1,opp_m4_10000,opp_m4_10000,24,0.00627918122154314,0.00627918122154314,0.00627918122154314
0.499702,24,1,opp_m4_10000,opp_m4_10000,24,0.0065089776324788184,0.0065089776324788184,0.0065089776324788184
0.499703,24,1,opp_m4_10000,opp_m4_10000,24,0.006737847871677305,0.006737847871677305,0.006737847871677305
0.499704,24,1,opp_m4_10000,opp_m4_10000,24,0.006965791939113064,0.006965791939113064,0.006965791939113064
0.499705,24,1,opp_m4_10000,opp_m4_10000,24,0.007192809834811409,0.007192809834811409,0.007192809834811409
0.499706,24,1,opp_m4_10000,opp_m4_10000,24,0.0074189015587472484,0.0074189015587472484,0.0074189015587472484
0.499707,24,1,opp_m4_10000,opp_m4_10000,24,0.007644067110945563,0.007644067110945563,0.007644067110945563
0.499708,24,1,opp_m4_10000,opp_m4_10000,24,0.007868306491381483,0.007868306491381483,0.007868306491381483
0.499709,24,1,opp_m4_10000,opp_m4_10000,24,0.008091619700079766,0.008091619700079766,0.008091619700079766
0.499710,24,1,opp_m4_10000,opp_m4_10000,24,0.008314006737015656,0.008314006737015656,0.008314006737015656
0.499711,24,1,opp_m4_10000,opp_m4_10000,24,0.008535467602213909,0.008535467602213909,0.008535467602213909
0.499712,24,1,opp_m4_10000,opp_m4_10000,24,0.008756002295649767,0.008756002295649767,0.008756002295649767
0.499713,24,1,opp_m4_10000,opp_m4_10000,24,0.00897561081734799,0.00897561081734799,0.00897561081734799
0.499714,24,1,opp_m4_10000,opp_m4_10000,24,0.00919429316728404,0.00919429316728404,0.00919429316728404
0.499715,24,1,opp_m4_10000,opp_m4_10000,24,0.00941204934548212,0.00941204934548212,0.00941204934548212
0.499716,24,1,opp_m4_10000,opp_m4_10000,24,0.00962887935191814,0.00962887935191814,0.00962887935191814
0.499717,24,1,opp_m4_10000,opp_m4_10000,24,0.00984478318661619,0.00984478318661619,0.00984478318661619
0.499718,24,1,opp_m4_10000,opp_m4_10000,24,0.01005976084955229,0.01005976084955229,0.01005976084955229
0.499719,24,1,opp_m4_10000,opp_m4_10000,24,0.010273812340738542,0.010273812340738542,0.010273812340738542
0.499720,24,1,opp_m4_10000,opp_m4_10000,24,0.01048693766018649,0.01048693766018649,0.01048693766018649
0.499721,24,1,opp_m4_10000,opp_m4_10000,24,0.010699136807872711,0.010699136807872711,0.010699136807872711
0.499722,24,1,opp_m4_10000,opp_m4_10000,24,0.01091040978382063,0.01091040978382063,0.01091040978382063
0.499723,24,1,opp_m4_10000,opp_m4_10000,24,0.01112075658800682,0.01112075658800682,0.01112075658800682
0.499724,24,1,opp_m4_10000,opp_m4_10000,24,0.011330177220454707,0.011330177220454707,0.011330177220454707
0.499725,24,1,opp_m4_10000,opp_m4_10000,24,0.011538671681141088,0.011538671681141088,0.011538671681141088
0.499726,24,1,opp_m4_10000,opp_m4_10000,24,0.011746239970088834,0.011746239970088834,0.011746239970088834
0.499727,24,1,opp_m4_10000,opp_m4_10000,24,0.011952882087275296,0.011952882087275296,0.011952882087275296
0.499728,24,1,opp_m4_10000,opp_m4_10000,24,0.012158598032723011,0.012158598032723011,0.012158598032723011
0.499729,24,1,opp_m4_10000,opp_m4_10000,24,0.012363387806409443,0.012363387806409443,0.012363387806409443
0.499730,24,1,opp_m4_10000,opp_m4_10000,24,0.012567251408357127,0.012567251408357127,0.012567251408357127
0.499731,24,1,opp_m4_10000,opp_m4_10000,24,0.012770188838543528,0.012770188838543528,0.012770188838543528
0.499732,24,1,opp_m4_10000,opp_m4_10000,24,0.012972200096991293,0.012972200096991293,0.012972200096991293
0.499733,24,1,opp_m4_10000,opp_m4_10000,24,0.013173285183677774,0.013173285183677774,0.013173285183677774
0.499734,24,1,opp_m4_10000,opp_m4_10000,24,0.013373444098625398,0.013373444098625398,0.013373444098625398
0.499735,24,1,opp_m4_10000,opp_m4_10000,24,0.01357267684181196,0.01357267684181196,0.01357267684181196
0.499736,24,1,opp_m4_10000,opp_m4_10000,24,0.013770983413259441,0.013770983413259441,0.013770983413259441
0.499737,24,1,opp_m4_10000,opp_m4_10000,24,0.013968363812946083,0.013968363812946083,0.013968363812946083
0.499738,24,1,opp_m4_10000,opp_m4_10000,24,0.014164818040893645,0.014164818040893645,0.014164818040893645
0.499739,24,1,opp_m4_10000,opp_m4_10000,24,0.014360346097080257,0.014360346097080257,0.014360346097080257
0.499740,24,1,opp_m4_10000,opp_m4_10000,24,0.014554947981527788,0.014554947981527788,0.014554947981527788
0.499741,24,1,opp_m4_10000,opp_m4_10000,24,0.014748623694214369,0.014748623694214369,0.014748623694214369
0.499742,24,1,opp_m4_10000,opp_m4_10000,24,0.01494137323516187,0.01494137323516187,0.01494137323516187
0.499743,24,1,opp_m4_10000,opp_m4_10000,24,0.015133196604348531,0.015133196604348531,0.015133196604348531
0.499744,24,1,opp_m4_10000,opp_m4_10000,24,0.01532409380179589,0.01532409380179589,0.01532409380179589
0.499745,24,1,opp_m4_10000,opp_m4_10000,24,0.015514064827482632,0.015514064827482632,0.015514064827482632
0.499746,24,1,opp_m4_10000,opp_m4_10000,24,0.01570310968142996,0.01570310968142996,0.01570310968142996
0.499747,24,1,opp_m4_10000,opp_m4_10000,24,0.015891228363616783,0.015891228363616783,0.015891228363616783
0.499748,24,1,opp_m4_10000,opp_m4_10000,24,0.016078420874053756,0.016078420874053756,0.016078420874053756
0.499749,24,1,opp_m4_10000,opp_m4_10000,24,0.016264687212750872,0.016264687212750872,0.016264687212750872
0.499750,24,1,opp_m4_10000,opp_m4_10000,24,0.016450027379687815,0.016450027379687815,0.016450027379687815
0.499751,24,1,opp_m4_10000,opp_m4_10000,24,0.01663444137488501,0.01663444137488501,0.01663444137488501
0.499752,24,1,opp_m4_10000,opp_m4_10000,24,0.016817929198322035,0.016817929198322035,0.016817929198322035
0.499753,24,1,opp_m4_10000,opp_m4_10000,24,0.01700049085001909,0.01700049085001909,0.01700049085001909
0.499754,24,1,opp_m4_10000,opp_m4_10000,24,0.017182126329956193,0.017182126329956193,0.017182126329956193
0.499755,24,1,opp_m4_10000,opp_m4_10000,24,0.01736283563815333,0.01736283563815333,0.01736283563815333
0.499756,24,1,opp_m4_10000,opp_m4_10000,24,0.01754261877459029,0.01754261877459029,0.01754261877459029
0.499757,24,1,opp_m4_10000,opp_m4_10000,24,0.017721475739287396,0.017721475739287396,0.017721475739287396
0.499758,24,1,opp_m4_10000,opp_m4_10000,24,0.01789940653222455,0.01789940653222455,0.01789940653222455
0.499759,24,1,opp_m4_10000,opp_m4_10000,24,0.0180764111534214,0.0180764111534214,0.0180764111534214
0.499760,24,1,opp_m4_10000,opp_m4_10000,24,0.018252489602858635,0.018252489602858635,0.018252489602858635
0.499761,24,1,opp_m4_10000,opp_m4_10000,24,0.018427641880555568,0.018427641880555568,0.018427641880555568
0.499762,24,1,opp_m4_10000,opp_m4_10000,24,0.01860186798649277,0.01860186798649277,0.01860186798649277
0.499763,24,1,opp_m4_10000,opp_m4_10000,24,0.018775167920689673,0.018775167920689673,0.018775167920689673
0.499764,24,1,opp_m4_10000,opp_m4_10000,24,0.018947541683126956,0.018947541683126956,0.018947541683126956
0.499765,24,1,opp_m4_10000,opp_m4_10000,24,0.019118989273823717,0.019118989273823717,0.019118989273823717
0.499766,24,1,opp_m4_10000,opp_m4_10000,24,0.01928951069276108,0.01928951069276108,0.01928951069276108
0.499767,24,1,opp_m4_10000,opp_m4_10000,24,0.01945910593995781,0.01945910593995781,0.01945910593995781
0.499768,24,1,opp_m4_10000,opp_m4_10000,24,0.019627775015395144,0.019627775015395144,0.019627775015395144
0.499769,24,1,opp_m4_10000,opp_m4_10000,24,0.019795517919091954,0.019795517919091954,0.019795517919091954
0.499770,24,1,opp_m4_10000,opp_m4_10000,24,0.019962334651029257,0.019962334651029257,0.019962334651029257
0.499771,24,1,opp_m4_10000,opp_m4_10000,24,0.020128225211225925,0.020128225211225925,0.020128225211225925
0.499772,24,1,opp_m4_10000,opp_m4_10000,24,0.02029318959966342,0.02029318959966342,0.02029318959966342
0.499773,24,1,opp_m4_10000,opp_m4_10000,24,0.020457227816360057,0.020457227816360057,0.020457227816360057
0.499774,24,1,opp_m4_10000,opp_m4_10000,24,0.02062033986129752,0.02062033986129752,0.02062033986129752
0.499775,24,1,opp_m4_10000,opp_m4_10000,24,0.020782525734485024,0.020782525734485024,0.020782525734485024
0.499776,24,1,opp_m4_10000,opp_m4_10000,24,0.020943785435931672,0.020943785435931672,0.020943785435931672
0.499777,24,1,opp_m4_10000,opp_m4_10000,24,0.021104118965619256,0.021104118965619256,0.021104118965619256
0.499778,24,1,opp_m4_10000,opp_m4_10000,24,0.021263526323565762,0.021263526323565762,0.021263526323565762
0.499779,24,1,opp_m4_10000,opp_m4_10000,24,0.021422007509753427,0.021422007509753427,0.021422007509753427
0.499780,24,1,opp_m4_10000,opp_m4_10000,24,0.02157956252419979,0.02157956252419979,0.02157956252419979
0.499781,24,1,opp_m4_10000,opp_m4_10000,24,0.021736191366887536,0.021736191366887536,0.021736191366887536
0.499782,24,1,opp_m4_10000,opp_m4_10000,24,0.02189189403783398,0.02189189403783398,0.02189189403783398
0.499783,24,1,opp_m4_10000,opp_m4_10000,24,0.022046670537021584,0.022046670537021584,0.022046670537021584
0.499784,24,1,opp_m4_10000,opp_m4_10000,24,0.022200520864468,0.022200520864468,0.022200520864468
0.499785,24,1,opp_m4_10000,opp_m4_10000,24,0.022353445020155793,0.022353445020155793,0.022353445020155793
0.499786,24,1,opp_m4_10000,opp_m4_10000,24,0.022505443004102066,0.022505443004102066,0.022505443004102066
0.499787,24,1,opp_m4_10000,opp_m4_10000,24,0.02265651481628994,0.02265651481628994,0.02265651481628994
0.499788,24,1,opp_m4_10000,opp_m4_10000,24,0.022806660456736183,0.022806660456736183,0.022806660456736183
0.499789,24,1,opp_m4_10000,opp_m4_10000,24,0.022955879925424028,0.022955879925424028,0.022955879925424028
0.499790,24,1,opp_m4_10000,opp_m4_10000,24,0.023104173222370128,0.023104173222370128,0.023104173222370128
0.499791,24,1,opp_m4_10000,opp_m4_10000,24,0.023251540347558164,0.023251540347558164,0.023251540347558164
0.499792,24,1,opp_m4_10000,opp_m4_10000,24,0.023397981301004234,0.023397981301004234,0.023397981301004234
0.499793,24,1,opp_m4_10000,opp_m4_10000,24,0.02354349608269224,0.02354349608269224,0.02354349608269224
0.499794,24,1,opp_m4_10000,opp_m4_10000,24,0.023688084692638278,0.023688084692638278,0.023688084692638278
0.499795,24,1,opp_m4_10000,opp_m4_10000,24,0.023831747130826364,0.023831747130826364,0.023831747130826364
0.499796,24,1,opp_m4_10000,opp_m4_10000,24,0.023974483397272373,0.023974483397272373,0.023974483397272373
0.499797,24,1,opp_m4_10000,opp_m4_10000,24,0.024116293491960428,0.024116293491960428,0.024116293491960428
0.499798,24,1,opp_m4_10000,opp_m4_10000,24,0.024257177414906406,0.024257177414906406,0.024257177414906406
0.499799,24,1,opp_m4_10000,opp_m4_10000,24,0.02439713516609454,0.02439713516609454,0.02439713516609454
0.499800,24,1,opp_m4_10000,opp_m4_10000,24,0.02453616674554049,0.02453616674554049,0.02453616674554049
0.499801,24,1,opp_m4_10000,opp_m4_10000,24,0.024674272153228594,0.024674272153228594,0.024674272153228594
0.499802,24,1,opp_m4_10000,opp_m4_10000,24,0.02481145138916696,0.02481145138916696,0.02481145138916696
0.499803,24,1,opp_m4_10000,opp_m4_10000,24,0.024947704453362696,0.024947704453362696,0.024947704453362696
0.499804,24,1,opp_m4_10000,opp_m4_10000,24,0.025083031345801032,0.025083031345801032,0.025083031345801032
0.499805,24,1,opp_m4_10000,opp_m4_10000,24,0.025217432066496737,0.025217432066496737,0.025217432066496737
0.499806,24,1,opp_m4_10000,opp_m4_10000,24,0.025350906615435154,0.025350906615435154,0.025350906615435154
0.499807,24,1,opp_m4_10000,opp_m4_10000,24,0.02548345499263094,0.02548345499263094,0.02548345499263094
0.499808,24,1,opp_m4_10000,opp_m4_10000,24,0.025615077198069325,0.025615077198069325,0.025615077198069325
0.499809,24,1,opp_m4_10000,opp_m4_10000,24,0.025745773231764857,0.025745773231764857,0.025745773231764857
0.499810,24,1,opp_m4_10000,opp_m4_10000,24,0.025875543093703324,0.025875543093703324,0.025875543093703324
0.499811,24,1,opp_m4_10000,opp_m4_10000,24,0.026004386783898936,0.026004386783898936,0.026004386783898936
0.499812,24,1,opp_m4_10000,opp_m4_10000,24,0.026132304302337483,0.026132304302337483,0.026132304302337483
0.499813,24,1,opp_m4_10000,opp_m4_10000,24,0.026259295649032954,0.026259295649032954,0.026259295649032954
0.499814,24,1,opp_m4_10000,opp_m4_10000,24,0.026385360823971582,0.026385360823971582,0.026385360823971582
0.499815,24,1,opp_m4_10000,opp_m4_10000,24,0.026510499827167133,0.026510499827167133,0.026510499827167133
0.499816,24,1,opp_m4_10000,opp_m4_10000,24,0.02663471265860562,0.02663471265860562,0.02663471265860562
0.499817,24,1,opp_m4_10000,opp_m4_10000,24,0.02675799931830114,0.02675799931830114,0.02675799931830114
0.499818,24,1,opp_m4_10000,opp_m4_10000,24,0.026880359806239817,0.026880359806239817,0.026880359806239817
0.499819,24,1,opp_m4_10000,opp_m4_10000,24,0.027001794122435085,0.027001794122435085,0.027001794122435085
0.499820,24,1,opp_m4_10000,opp_m4_10000,24,0.027122302266873843,0.027122302266873843,0.027122302266873843
0.499821,24,1,opp_m4_10000,opp_m4_10000,24,0.027241884239569192,0.027241884239569192,0.027241884239569192
0.499822,24,1,opp_m4_10000,opp_m4_10000,24,0.02736054004050792,0.02736054004050792,0.02736054004050792
0.499823,24,1,opp_m4_10000,opp_m4_10000,24,0.027478269669703237,0.027478269669703237,0.027478269669703237
0.499824,24,1,opp_m4_10000,opp_m4_10000,24,0.027595073127142045,0.027595073127142045,0.027595073127142045
0.499825,24,1,opp_m4_10000,opp_m4_10000,24,0.02771095041283722,0.02771095041283722,0.02771095041283722
0.499826,24,1,opp_m4_10000,opp_m4_10000,24,0.027825901526775998,0.027825901526775998,0.027825901526775998
0.499827,24,1,opp_m4_10000,opp_m4_10000,24,0.027939926468971255,0.027939926468971255,0.027939926468971255
0.499828,24,1,opp_m4_10000,opp_m4_10000,24,0.028053025239410112,0.028053025239410112,0.028053025239410112
0.499829,24,1,opp_m4_10000,opp_m4_10000,24,0.028165197838105283,0.028165197838105283,0.028165197838105283
0.499830,24,1,opp_m4_10000,opp_m4_10000,24,0.028276444265044165,0.028276444265044165,0.028276444265044165
0.499831,24,1,opp_m4_10000,opp_m4_10000,24,0.028386764520233143,0.028386764520233143,0.028386764520233143
0.499832,24,1,opp_m4_10000,opp_m4_10000,24,0.028496158603678268,0.028496158603678268,0.028496158603678268
0.499833,24,1,opp_m4_10000,opp_m4_10000,24,0.02860462651536727,0.02860462651536727,0.02860462651536727
0.499834,24,1,opp_m4_10000,opp_m4_10000,24,0.02871216825531231,0.02871216825531231,0.02871216825531231
0.499835,24,1,opp_m4_10000,opp_m4_10000,24,0.028818783823501337,0.028818783823501337,0.028818783823501337
0.499836,24,1,opp_m4_10000,opp_m4_10000,24,0.028924473219946345,0.028924473219946345,0.028924473219946345
0.499837,24,1,opp_m4_10000,opp_m4_10000,24,0.029029236444635453,0.029029236444635453,0.029029236444635453
0.499838,24,1,opp_m4_10000,opp_m4_10000,24,0.029133073497580375,0.029133073497580375,0.029133073497580375
0.499839,24,1,opp_m4_10000,opp_m4_10000,24,0.029235984378769564,0.029235984378769564,0.029235984378769564
0.499840,24,1,opp_m4_10000,opp_m4_10000,24,0.0293379690882144,0.0293379690882144,0.0293379690882144
0.499841,24,1,opp_m4_10000,opp_m4_10000,24,0.029439027625903613,0.029439027625903613,0.029439027625903613
0.499842,24,1,opp_m4_10000,opp_m4_10000,24,0.029539159991848418,0.029539159991848418,0.029539159991848418
0.499843,24,1,opp_m4_10000,opp_m4_10000,24,0.029638366186037712,0.029638366186037712,0.029638366186037712
0.499844,24,1,opp_m4_10000,opp_m4_10000,24,0.02973664620848243,0.02973664620848243,0.02973664620848243
0.499845,24,1,opp_m4_10000,opp_m4_10000,24,0.02983400005917175,0.02983400005917175,0.02983400005917175
0.499846,24,1,opp_m4_10000,opp_m4_10000,24,0.02993042773811644,0.02993042773811644,0.02993042773811644
0.499847,24,1,opp_m4_10000,opp_m4_10000,24,0.030025929245305838,0.030025929245305838,0.030025929245305838
0.499848,24,1,opp_m4_10000,opp_m4_10000,24,0.03012050458075044,0.03012050458075044,0.03012050458075044
0.499849,24,1,opp_m4_10000,opp_m4_10000,24,0.030214153744439864,0.030214153744439864,0.030214153744439864
0.499850,24,1,opp_m4_10000,opp_m4_10000,24,0.03030687673638449,0.03030687673638449,0.03030687673638449
0.499851,24,1,opp_m4_10000,opp_m4_10000,24,0.03039867355657394,0.03039867355657394,0.03039867355657394
0.499852,24,1,opp_m4_10000,opp_m4_10000,24,0.03048954420501848,0.03048954420501848,0.03048954420501848
0.499853,24,1,opp_m4_10000,opp_m4_10000,24,0.030579488681707956,0.030579488681707956,0.030579488681707956
0.499854,24,1,opp_m4_10000,opp_m4_10000,24,0.030668506986652466,0.030668506986652466,0.030668506986652466
0.499855,24,1,opp_m4_10000,opp_m4_10000,24,0.03075659911984202,0.03075659911984202,0.03075659911984202
0.499856,24,1,opp_m4_10000,opp_m4_10000,24,0.030843765081286445,0.030843765081286445,0.030843765081286445
0.499857,24,1,opp_m4_10000,opp_m4_10000,24,0.03093000487097608,0.03093000487097608,0.03093000487097608
0.499858,24,1,opp_m4_10000,opp_m4_10000,24,0.0310153184889157,0.0310153184889157,0.0310153184889157
0.499859,24,1,opp_m4_10000,opp_m4_10000,24,0.031099705935110078,0.031099705935110078,0.031099705935110078
0.499860,24,1,opp_m4_10000,opp_m4_10000,24,0.031183167209549778,0.031183167209549778,0.031183167209549778
0.499861,24,1,opp_m4_10000,opp_m4_10000,24,0.031265702312244126,0.031265702312244126,0.031265702312244126
0.499862,24,1,opp_m4_10000,opp_m4_10000,24,0.03134731124318385,0.03134731124318385,0.03134731124318385
0.499863,24,1,opp_m4_10000,opp_m4_10000,24,0.03142799400237811,0.03142799400237811,0.03142799400237811
0.499864,24,1,opp_m4_10000,opp_m4_10000,24,0.03150775058981792,0.03150775058981792,0.03150775058981792
0.499865,24,1,opp_m4_10000,opp_m4_10000,24,0.03158658100551215,0.03158658100551215,0.03158658100551215
0.499866,24,1,opp_m4_10000,opp_m4_10000,24,0.03166448524945198,0.03166448524945198,0.03166448524945198
0.499867,24,1,opp_m4_10000,opp_m4_10000,24,0.031741463321646124,0.031741463321646124,0.031741463321646124
0.499868,24,1,opp_m4_10000,opp_m4_10000,24,0.031817515222086035,0.031817515222086035,0.031817515222086035
0.499869,24,1,opp_m4_10000,opp_m4_10000,24,0.03189264095078015,0.03189264095078015,0.03189264095078015
0.499870,24,1,opp_m4_10000,opp_m4_10000,24,0.031966840507720085,0.031966840507720085,0.031966840507720085
0.499871,24,1,opp_m4_10000,opp_m4_10000,24,0.03204011389291417,0.03204011389291417,0.03204011389291417
0.499872,24,1,opp_m4_10000,opp_m4_10000,24,0.03211246110635413,0.03211246110635413,0.03211246110635413
0.499873,24,1,opp_m4_10000,opp_m4_10000,24,0.032183882148048126,0.032183882148048126,0.032183882148048126
0.499874,24,1,opp_m4_10000,opp_m4_10000,24,0.03225437701798817,0.03225437701798817,0.03225437701798817
0.499875,24,1,opp_m4_10000,opp_m4_10000,24,0.032323945716182134,0.032323945716182134,0.032323945716182134
0.499876,24,1,opp_m4_10000,opp_m4_10000,24,0.0323925882426222,0.0323925882426222,0.0323925882426222
0.499877,24,1,opp_m4_10000,opp_m4_10000,24,0.03246030459731608,0.03246030459731608,0.03246030459731608
0.499878,24,1,opp_m4_10000,opp_m4_10000,24,0.03252709478025623,0.03252709478025623,0.03252709478025623
0.499879,24,1,opp_m4_10000,opp_m4_10000,24,0.03259295879145008,0.03259295879145008,0.03259295879145008
0.499880,24,1,opp_m4_10000,opp_m4_10000,24,0.03265789663089025,0.03265789663089025,0.03265789663089025
0.499881,24,1,opp_m4_10000,opp_m4_10000,24,0.03272190829858407,0.03272190829858407,0.03272190829858407
0.499882,24,1,opp_m4_10000,opp_m4_10000,24,0.03278499379452432,0.03278499379452432,0.03278499379452432
0.499883,24,1,opp_m4_10000,opp_m4_10000,24,0.032847153118718,0.032847153118718,0.032847153118718
0.499884,24,1,opp_m4_10000,opp_m4_10000,24,0.03290838627115833,0.03290838627115833,0.03290838627115833
0.499885,24,1,opp_m4_10000,opp_m4_10000,24,0.03296869325185198,0.03296869325185198,0.03296869325185198
0.499886,24,1,opp_m4_10000,opp_m4_10000,24,0.033028074060792334,0.033028074060792334,0.033028074060792334
0.499887,24,1,opp_m4_10000,opp_m4_10000,24,0.03308652869798273,0.03308652869798273,0.03308652869798273
0.499888,24,1,opp_m4_10000,opp_m4_10000,24,0.03314405716342633,0.03314405716342633,0.03314405716342633
0.499889,24,1,opp_m4_10000,opp_m4_10000,24,0.033200659457116755,0.033200659457116755,0.033200659457116755
0.499890,24,1,opp_m4_10000,opp_m4_10000,24,0.033256335579060325,0.033256335579060325,0.033256335579060325
0.499891,24,1,opp_m4_10000,opp_m4_10000,24,0.03331108552925083,0.03331108552925083,0.03331108552925083
0.499892,24,1,opp_m4_10000,opp_m4_10000,24,0.03336490930769431,0.03336490930769431,0.03336490930769431
0.499893,24,1,opp_m4_10000,opp_m4_10000,24,0.03341780691438484,0.03341780691438484,0.03341780691438484
0.499894,24,1,opp_m4_10000,opp_m4_10000,24,0.033469778349328294,0.033469778349328294,0.033469778349328294
0.499895,24,1,opp_m4_10000,opp_m4_10000,24,0.033520823612518846,0.033520823612518846,0.033520823612518846
0.499896,24,1,opp_m4_10000,opp_m4_10000,24,0.03357094270396227,0.03357094270396227,0.03357094270396227
0.499897,24,1,opp_m4_10000,opp_m4_10000,24,0.0336201356236529,0.0336201356236529,0.0336201356236529
0.499898,24,1,opp_m4_10000,opp_m4_10000,24,0.03366840237159624,0.03366840237159624,0.03366840237159624
0.499899,24,1,opp_m4_10000,opp_m4_10000,24,0.0337157429477869,0.0337157429477869,0.0337157429477869
0.499900,24,1,opp_m4_10000,opp_m4_10000,24,0.033762157352230204,0.033762157352230204,0.033762157352230204
0.499901,24,1,opp_m4_10000,opp_m4_10000,24,0.03380764558492094,0.03380764558492094,0.03380764558492094
0.499902,24,1,opp_m4_10000,opp_m4_10000,24,0.03385220764586416,0.03385220764586416,0.03385220764586416
0.499903,24,1,opp_m4_10000,opp_m4_10000,24,0.03389584353505498,0.03389584353505498,0.03389584353505498
0.499904,24,1,opp_m4_10000,opp_m4_10000,24,0.033938553252498116,0.033938553252498116,0.033938553252498116
0.499905,24,1,opp_m4_10000,opp_m4_10000,24,0.03398033679818896,0.03398033679818896,0.03398033679818896
0.499906,24,1,opp_m4_10000,opp_m4_10000,24,0.03402119417213206,0.03402119417213206,0.03402119417213206
0.499907,24,1,opp_m4_10000,opp_m4_10000,24,0.03406112537432299,0.03406112537432299,0.03406112537432299
0.499908,24,1,opp_m4_10000,opp_m4_10000,24,0.034100130404766005,0.034100130404766005,0.034100130404766005
0.499909,24,1,opp_m4_10000,opp_m4_10000,24,0.03413820926345695,0.03413820926345695,0.03413820926345695
0.499910,24,1,opp_m4_10000,opp_m4_10000,24,0.034175361950399996,0.034175361950399996,0.034175361950399996
0.499911,24,1,opp_m4_10000,opp_m4_10000,24,0.03421158846559097,0.03421158846559097,0.03421158846559097
0.499912,24,1,opp_m4_10000,opp_m4_10000,24,0.034246888809033926,0.034246888809033926,0.034246888809033926
0.499913,24,1,opp_m4_10000,opp_m4_10000,24,0.034281262980724925,0.034281262980724925,0.034281262980724925
0.499914,24,1,opp_m4_10000,opp_m4_10000,24,0.03431471098066602,0.03431471098066602,0.03431471098066602
0.499915,24,1,opp_m4_10000,opp_m4_10000,24,0.03434723280885893,0.03434723280885893,0.03434723280885893
0.499916,24,1,opp_m4_10000,opp_m4_10000,24,0.03437882846530005,0.03437882846530005,0.03437882846530005
0.499917,24,1,opp_m4_10000,opp_m4_10000,24,0.03440949794999287,0.03440949794999287,0.03440949794999287
0.499918,24,1,opp_m4_10000,opp_m4_10000,24,0.03443924126293407,0.03443924126293407,0.03443924126293407
0.499919,24,1,opp_m4_10000,opp_m4_10000,24,0.03446805840412687,0.03446805840412687,0.03446805840412687
0.499920,24,1,opp_m4_10000,opp_m4_10000,24,0.03449594937356809,0.03449594937356809,0.03449594937356809
0.499921,24,1,opp_m4_10000,opp_m4_10000,24,0.0345229141712608,0.0345229141712608,0.0345229141712608
0.499922,24,1,opp_m4_10000,opp_m4_10000,24,0.034548952797202104,0.034548952797202104,0.034548952797202104
0.499923,24,1,opp_m4_10000,opp_m4_10000,24,0.03457406525139478,0.03457406525139478,0.03457406525139478
0.499924,24,1,opp_m4_10000,opp_m4_10000,24,0.03459825153383611,0.03459825153383611,0.03459825153383611
0.499925,24,1,opp_m4_10000,opp_m4_10000,24,0.0346215116445287,0.0346215116445287,0.0346215116445287
0.499926,24,1,opp_m4_10000,opp_m4_10000,24,0.03464384558347011,0.03464384558347011,0.03464384558347011
0.499927,24,1,opp_m4_10000,opp_m4_10000,24,0.03466525335066267,0.03466525335066267,0.03466525335066267
0.499928,24,1,opp_m4_10000,opp_m4_10000,24,0.03468573494610411,0.03468573494610411,0.03468573494610411
0.499929,24,1,opp_m4_10000,opp_m4_10000,24,0.03470529036979664,0.03470529036979664,0.03470529036979664
0.499930,24,1,opp_m4_10000,opp_m4_10000,24,0.0347239196217381,0.0347239196217381,0.0347239196217381
0.499931,24,1,opp_m4_10000,opp_m4_10000,24,0.03474162270193054,0.03474162270193054,0.03474162270193054
0.499932,24,1,opp_m4_10000,opp_m4_10000,24,0.03475839961037208,0.03475839961037208,0.03475839961037208
0.499933,24,1,opp_m4_10000,opp_m4_10000,24,0.034774250347064495,0.034774250347064495,0.034774250347064495
0.499934,24,1,opp_m4_10000,opp_m4_10000,24,0.03478917491200606,0.03478917491200606,0.03478917491200606
0.499935,24,1,opp_m4_10000,opp_m4_10000,24,0.03480317330519839,0.03480317330519839,0.03480317330519839
0.499936,24,1,opp_m4_10000,opp_m4_10000,24,0.03481624552664003,0.03481624552664003,0.03481624552664003
0.499937,24,1,opp_m4_10000,opp_m4_10000,24,0.03482839157633233,0.03482839157633233,0.03482839157633233
0.499938,24,1,opp_m4_10000,opp_m4_10000,24,0.034839611454274,0.034839611454274,0.034839611454274
0.499939,24,1,opp_m4_10000,opp_m4_10000,24,0.03484990516046621,0.03484990516046621,0.03484990516046621
0.499940,24,1,opp_m4_10000,opp_m4_10000,24,0.03485927269490796,0.03485927269490796,0.03485927269490796
0.499941,24,1,opp_m4_10000,opp_m4_10000,24,0.0348677140575997,0.0348677140575997,0.0348677140575997
0.499942,24,1,opp_m4_10000,opp_m4_10000,24,0.03487522924854192,0.03487522924854192,0.03487522924854192
0.499943,24,1,opp_m4_10000,opp_m4_10000,24,0.03488181826773368,0.03488181826773368,0.03488181826773368
0.499944,24,1,opp_m4_10000,opp_m4_10000,24,0.03488748111517587,0.03488748111517587,0.03488748111517587
0.499945,24,1,opp_m4_10000,opp_m4_10000,24,0.03489221779086771,0.03489221779086771,0.03489221779086771
0.499946,24,1,opp_m4_10000,opp_m4_10000,24,0.03489602829480981,0.03489602829480981,0.03489602829480981
0.499947,24,1,opp_m4_10000,opp_m4_10000,24,0.03489891262700168,0.03489891262700168,0.03489891262700168
0.499948,24,1,opp_m4_10000,opp_m4_10000,24,0.03490087078744375,0.03490087078744375,0.03490087078744375
0.499949,24,1,opp_m4_10000,opp_m4_10000,24,0.034901902776135696,0.034901902776135696,0.034901902776135696
0.499950,24,1,opp_m4_10000,opp_m4_10000,24,0.034902077500972184,0.034902077500972184,0.034902077500972184
0.499951,24,1,opp_m4_10000,opp_m4_10000,24,0.034902077500972184,0.034902077500972184,0.034902077500972184
0.499952,24,1,opp_m4_10000,opp_m4_10000,24,0.034902077500972184,0.034902077500972184,0.034902077500972184
0.499953,24,1,opp_m4_10000,opp_m4_10000,24,0.034902077500972184,0.034902077500972184,0.034902077500972184
0.499954,24,1,opp_m4_10000,opp_m4_10000,24,0.034902077500972184,0.034902077500972184,0.034902077500972184
0.499955,24,1,opp_m4_10000,opp_m4_10000,24,0.034902077500972184,0.034902077500972184,0.034902077500972184
0.499956,24,1,opp_m4_10000,opp_m4_10000,24,0.034902077500972184,0.034902077500972184,0.034902077500972184
0.499957,24,1,opp_m4_10000,opp_m4_10000,24,0.034902077500972184,0.034902077500972184,0.034902077500972184
0.499958,24,1,opp_m4_10000,opp_m4_10000,24,0.034902077500972184,0.034902077500972184,0.034902077500972184
0.499959,24,1,opp_m4_10000,opp_m4_10000,24,0.034902077500972184,0.034902077500972184,0.034902077500972184
0.499960,24,1,opp_m4_10000,opp_m4_10000,24,0.034902077500972184,0.034902077500972184,0.034902077500972184
0.499961,24,1,opp_m4_10000,opp_m4_10000,24,0.034902077500972184,0.034902077500972184,0.034902077500972184
0.499962,24,1,opp_m4_10000,opp_m4_10000,24,0.034902077500972184,0.034902077500972184,0.034902077500972184
0.499963,24,1,opp_m4_10000,opp_m4_10000,24,0.034902077500972184,0.034902077500972184,0.034902077500972184
0.499964,24,1,opp_m4_10000,opp_m4_10000,24,0.034902077500972184,0.034902077500972184,0.034902077500972184
0.499965,24,1,opp_m4_10000,opp_m4_10000,24,0.034902077500972184,0.034902077500972184,0.034902077500972184
0.499966,24,1,opp_m4_10000,opp_m4_10000,24,0.034902077500972184,0.034902077500972184,0.034902077500972184
0.499967,24,1,opp_m4_10000,opp_m4_10000,24,0.034902077500972184,0.034902077500972184,0.034902077500972184
0.499968,24,1,opp_m4_10000,opp_m4_10000,24,0.034902077500972184,0.034902077500972184,0.034902077500972184
0.499969,24,1,opp_m4_10000,opp_m4_10000,24,0.034902077500972184,0.034902077500972184,0.034902077500972184
0.499970,24,1,opp_m4_10000,opp_m4_10000,24,0.034902077500972184,0.034902077500972184,0.034902077500972184
0.499971,24,1,opp_m4_10000,opp_m4_10000,24,0.034902077500972184,0.034902077500972184,0.034902077500972184
0.499972,24,1,opp_m4_10000,opp_m4_10000,24,0.034902077500972184,0.034902077500972184,0.034902077500972184
0.499973,24,1,opp_m4_10000,opp_m4_10000,24,0.034902077500972184,0.034902077500972184,0.034902077500972184
0.499974,24,1,opp_m4_10000,opp_m4_10000,24,0.034902077500972184,0.034902077500972184,0.034902077500972184
0.499975,24,1,opp_m4_10000,opp_m4_10000,24,0.034902077500972184,0.034902077500972184,0.034902077500972184
0.499976,24,1,opp_m4_10000,opp_m4_10000,24,0.034902077500972184,0.034902077500972184,0.034902077500972184
0.499977,24,1,opp_m4_10000,opp_m4_10000,24,0.034902077500972184,0.034902077500972184,0.034902077500972184
0.499978,24,1,opp_m4_10000,opp_m4_10000,24,0.034902077500972184,0.034902077500972184,0.034902077500972184
0.499979,24,1,opp_m4_10000,opp_m4_10000,24,0.034902077500972184,0.034902077500972184,0.034902077500972184
0.499980,24,1,opp_m4_10000,opp_m4_10000,24,0.034902077500972184,0.034902077500972184,0.034902077500972184
0.499981,24,1,opp_m4_10000,opp_m4_10000,24,0.034902077500972184,0.034902077500972184,0.034902077500972184
0.499982,24,1,opp_m4_10000,opp_m4_10000,24,0.034902077500972184,0.034902077500972184,0.034902077500972184
0.499983,24,1,opp_m4_10000,opp_m4_10000,24,0.034902077500972184,0.034902077500972184,0.034902077500972184
0.499984,24,1,opp_m4_10000,opp_m4_10000,24,0.034902077500972184,0.034902077500972184,0.034902077500972184
0.499985,24,1,opp_m4_10000,opp_m4_10000,24,0.034902077500972184,0.034902077500972184,0.034902077500972184
0.499986,24,1,opp_m4_10000,opp_m4_10000,24,0.034902077500972184,0.034902077500972184,0.034902077500972184
0.499987,24,1,opp_m4_10000,opp_m4_10000,24,0.034902077500972184,0.034902077500972184,0.034902077500972184
0.499988,24,1,opp_m4_10000,opp_m4_10000,24,0.034902077500972184,0.034902077500972184,0.034902077500972184
0.499989,24,1,opp_m4_10000,opp_m4_10000,24,0.034902077500972184,0.034902077500972184,0.034902077500972184
0.499990,24,1,opp_m4_10000,opp_m4_10000,24,0.034902077500972184,0.034902077500972184,0.034902077500972184
0.499991,24,1,opp_m4_10000,opp_m4_10000,24,0.034902077500972184,0.034902077500972184,0.034902077500972184
0.499992,24,1,opp_m4_10000,opp_m4_10000,24,0.034902077500972184,0.034902077500972184,0.034902077500972184
0.499993,24,1,opp_m4_10000,opp_m4_10000,24,0.034902077500972184,0.034902077500972184,0.034902077500972184
0.499994,24,1,opp_m4_10000,opp_m4_10000,24,0.034902077500972184,0.034902077500972184,0.034902077500972184
0.499995,24,1,opp_m4_10000,opp_m4_10000,24,0.034902077500972184,0.034902077500972184,0.034902077500972184
0.499996,24,1,opp_m4_10000,opp_m4_10000,24,0.034902077500972184,0.034902077500972184,0.034902077500972184
0.499997,24,1,opp_m4_10000,opp_m4_10000,24,0.034902077500972184,0.034902077500972184,0.034902077500972184
0.499998,24,1,opp_m4_10000,opp_m4_10000,24,0.034902077500972184,0.034902077500972184,0.034902077500972184
0.499999,24,1,opp_m4_10000,opp_m4_10000,24,0.034902077500972184,0.034902077500972184,0.034902077500972184
0.500000,24,1,opp_m4_10000,opp_m4_10000,24,0.034902077500972184,0.034902077500972184,0.034902077500972184
0.500001,24,1,opp_m4_10000,opp_m4_10000,24,0.034902077500972184,0.034902077500972184,0.034902077500972184
0.500002,24,1,opp_m4_10000,opp_m4_10000,24,0.034902077500972184,0.034902077500972184,0.034902077500972184
0.500003,24,1,opp_m4_10000,opp_m4_10000,24,0.034902077500972184,0.034902077500972184,0.034902077500972184
0.500004,24,1,opp_m4_10000,opp_m4_10000,24,0.034902077500972184,0.034902077500972184,0.034902077500972184
0.500005,24,1,opp_m4_10000,opp_m4_10000,24,0.034902077500972184,0.034902077500972184,0.034902077500972184
0.500006,24,1,opp_m4_10000,opp_m4_10000,24,0.034902077500972184,0.034902077500972184,0.034902077500972184
0.500007,24,1,opp_m4_10000,opp_m4_10000,24,0.034902077500972184,0.034902077500972184,0.034902077500972184
0.500008,24,1,opp_m4_10000,opp_m4_10000,24,0.034902077500972184,0.034902077500972184,0.034902077500972184
0.500009,24,1,opp_m4_10000,opp_m4_10000,24,0.034902077500972184,0.034902077500972184,0.034902077500972184
0.500010,24,1,opp_m4_10000,opp_m4_10000,24,0.034902077500972184,0.034902077500972184,0.034902077500972184
0.500011,24,1,opp_m4_10000,opp_m4_10000,24,0.034902077500972184,0.034902077500972184,0.034902077500972184
0.500012,24,1,opp_m4_10000,opp_m4_10000,24,0.034902077500972184,0.034902077500972184,0.034902077500972184
0.500013,24,1,opp_m4_10000,opp_m4_10000,24,0.034902077500972184,0.034902077500972184,0.034902077500972184
0.500014,24,1,opp_m4_10000,opp_m4_10000,24,0.034902077500972184,0.034902077500972184,0.034902077500972184
0.500015,24,1,opp_m4_10000,opp_m4_10000,24,0.034902077500972184,0.034902077500972184,0.034902077500972184
0.500016,24,1,opp_m4_10000,opp_m4_10000,24,0.034902077500972184,0.034902077500972184,0.034902077500972184
0.500017,24,1,opp_m4_10000,opp_m4_10000,24,0.034902077500972184,0.034902077500972184,0.034902077500972184
0.500018,24,1,opp_m4_10000,opp_m4_10000,24,0.034902077500972184,0.034902077500972184,0.034902077500972184
0.500019,24,1,opp_m4_10000,opp_m4_10000,24,0.034902077500972184,0.034902077500972184,0.034902077500972184
0.500020,24,1,opp_m4_10000,opp_m4_10000,24,0.034902077500972184,0.034902077500972184,0.034902077500972184
0.500021,24,1,opp_m4_10000,opp_m4_10000,24,0.034902077500972184,0.034902077500972184,0.034902077500972184
0.500022,24,1,opp_m4_10000,opp_m4_10000,24,0.034902077500972184,0.034902077500972184,0.034902077500972184
0.500023,24,1,opp_m4_10000,opp_m4_10000,24,0.034902077500972184,0.034902077500972184,0.034902077500972184
0.500024,24,1,opp_m4_10000,opp_m4_10000,24,0.034902077500972184,0.034902077500972184,0.034902077500972184
0.500025,24,1,opp_m4_10000,opp_m4_10000,24,0.034902077500972184,0.034902077500972184,0.034902077500972184
0.500026,24,1,opp_m4_10000,opp_m4_10000,24,0.034902077500972184,0.034902077500972184,0.034902077500972184
0.500027,24,1,opp_m4_10000,opp_m4_10000,24,0.034902077500972184,0.034902077500972184,0.034902077500972184
0.500028,24,1,opp_m4_10000,opp_m4_10000,24,0.034902077500972184,0.034902077500972184,0.034902077500972184
0.500029,24,1,opp_m4_10000,opp_m4_10000,24,0.034902077500972184,0.034902077500972184,0.034902077500972184
0.500030,24,1,opp_m4_10000,opp_m4_10000,24,0.034902077500972184,0.034902077500972184,0.034902077500972184
0.500031,24,1,opp_m4_10000,opp_m4_10000,24,0.034902077500972184,0.034902077500972184,0.034902077500972184
0.500032,24,1,opp_m4_10000,opp_m4_10000,24,0.034902077500972184,0.034902077500972184,0.034902077500972184
0.500033,24,1,opp_m4_10000,opp_m4_10000,24,0.034902077500972184,0.034902077500972184,0.034902077500972184
0.500034,24,1,opp_m4_10000,opp_m4_10000,24,0.034902077500972184,0.034902077500972184,0.034902077500972184
0.500035,24,1,opp_m4_10000,opp_m4_10000,24,0.034902077500972184,0.034902077500972184,0.034902077500972184
0.500036,24,1,opp_m4_10000,opp_m4_10000,24,0.034902077500972184,0.034902077500972184,0.034902077500972184
0.500037,24,1,opp_m4_10000,opp_m4_10000,24,0.034902077500972184,0.034902077500972184,0.034902077500972184
0.500038,24,1,opp_m4_10000,opp_m4_10000,24,0.034902077500972184,0.034902077500972184,0.034902077500972184
0.500039,24,1,opp_m4_10000,opp_m4_10000,24,0.034902077500972184,0.034902077500972184,0.034902077500972184
0.500040,24,1,opp_m4_10000,opp_m4_10000,24,0.034902077500972184,0.034902077500972184,0.034902077500972184
0.500041,24,1,opp_m4_10000,opp_m4_10000,24,0.034902077500972184,0.034902077500972184,0.034902077500972184
0.500042,24,1,opp_m4_10000,opp_m4_10000,24,0.034902077500972184,0.034902077500972184,0.034902077500972184
0.500043,24,1,opp_m4_10000,opp_m4_10000,24,0.034902077500972184,0.034902077500972184,0.034902077500972184
0.500044,24,1,opp_m4_10000,opp_m4_10000,24,0.034902077500972184,0.034902077500972184,0.034902077500972184
0.500045,24,1,opp_m4_10000,opp_m4_10000,24,0.034902077500972184,0.034902077500972184,0.034902077500972184
0.500046,24,1,opp_m4_10000,opp_m4_10000,24,0.034902077500972184,0.034902077500972184,0.034902077500972184
0.500047,24,1,opp_m4_10000,opp_m4_10000,24,0.034902077500972184,0.034902077500972184,0.034902077500972184
0.500048,24,1,opp_m4_10000,opp_m4_10000,24,0.034902077500972184,0.034902077500972184,0.034902077500972184
0.500049,24,1,opp_m4_10000,opp_m4_10000,24,0.034902077500972184,0.034902077500972184,0.034902077500972184
0.500050,24,1,opp_m4_10000,opp_m4_10000,24,0.034902077500972184,0.034902077500972184,0.034902077500972184
0.500051,24,1,opp_m4_10000,opp_m4_10000,24,0.034902077500972184,0.034902077500972184,0.034902077500972184
0.500052,24,1,opp_m4_10000,opp_m4_10000,24,0.034902077500972184,0.034902077500972184,0.034902077500972184
0.500053,24,1,opp_m4_10000,opp_m4_10000,24,0.034902077500972184,0.034902077500972184,0.034902077500972184
0.500054,24,1,opp_m4_10000,opp_m4_10000,24,0.034902077500972184,0.034902077500972184,0.034902077500972184
0.500055,24,1,opp_m4_10000,opp_m4_10000,24,0.034902077500972184,0.034902077500972184,0.034902077500972184
0.500056,24,1,opp_m4_10000,opp_m4_10000,24,0.034902077500972184,0.034902077500972184,0.034902077500972184
0.500057,24,1,opp_m4_10000,opp_m4_10000,24,0.034902077500972184,0.034902077500972184,0.034902077500972184
0.500058,24,1,opp_m4_10000,opp_m4_10000,24,0.034902077500972184,0.034902077500972184,0.034902077500972184
0.500059,24,1,opp_m4_10000,opp_m4_10000,24,0.034902077500972184,0.034902077500972184,0.034902077500972184
0.500060,24,1,opp_m4_10000,opp_m4_10000,24,0.034902077500972184,0.034902077500972184,0.034902077500972184
0.500061,24,1,opp_m4_10000,opp_m4_10000,24,0.034902077500972184,0.034902077500972184,0.034902077500972184
0.500062,24,1,opp_m4_10000,opp_m4_10000,24,0.034902077500972184,0.034902077500972184,0.034902077500972184
0.500063,24,1,opp_m4_10000,opp_m4_10000,24,0.034902077500972184,0.034902077500972184,0.034902077500972184
0.500064,24,1,opp_m4_10000,opp_m4_10000,24,0.034902077500972184,0.034902077500972184,0.034902077500972184
0.500065,24,1,opp_m4_10000,opp_m4_10000,24,0.034902077500972184,0.034902077500972184,0.034902077500972184
0.500066,24,1,opp_m4_10000,opp_m4_10000,24,0.034902077500972184,0.034902077500972184,0.034902077500972184
0.500067,24,1,opp_m4_10000,opp_m4_10000,24,0.034902077500972184,0.034902077500972184,0.034902077500972184
0.500068,24,1,opp_m4_10000,opp_m4_10000,24,0.034902077500972184,0.034902077500972184,0.034902077500972184
0.500069,24,1,opp_m4_10000,opp_m4_10000,24,0.034902077500972184,0.034902077500972184,0.034902077500972184
0.500070,24,1,opp_m4_10000,opp_m4_10000,24,0.034902077500972184,0.034902077500972184,0.034902077500972184
0.500071,24,1,opp_m4_10000,opp_m4_10000,24,0.034902077500972184,0.034902077500972184,0.034902077500972184
0.500072,24,1,opp_m4_10000,opp_m4_10000,24,0.034902077500972184,0.034902077500972184,0.034902077500972184
0.500073,24,1,opp_m4_10000,opp_m4_10000,24,0.034902077500972184,0.034902077500972184,0.034902077500972184
0.500074,24,1,opp_m4_10000,opp_m4_10000,24,0.034902077500972184,0.034902077500972184,0.034902077500972184
0.500075,24,1,opp_m4_10000,opp_m4_10000,24,0.034902077500972184,0.034902077500972184,0.034902077500972184
0.500076,24,1,opp_m4_10000,opp_m4_10000,24,0.034902077500972184,0.034902077500972184,0.034902077500972184
0.500077,24,1,opp_m4_10000,opp_m4_10000,24,0.034902077500972184,0.034902077500972184,0.034902077500972184
0.500078,24,1,opp_m4_10000,opp_m4_10000,24,0.034902077500972184,0.034902077500972184,0.034902077500972184
0.500079,24,1,opp_m4_10000,opp_m4_10000,24,0.034902077500972184,0.034902077500972184,0.034902077500972184
0.500080,24,1,opp_m4_10000,opp_m4_10000,24,0.034902077500972184,0.034902077500972184,0.034902077500972184
0.500081,24,1,opp_m4_10000,opp_m4_10000,24,0.034902077500972184,0.034902077500972184,0.034902077500972184
0.500082,24,1,opp_m4_10000,opp_m4_10000,24,0.034902077500972184,0.034902077500972184,0.034902077500972184
0.500083,24,1,opp_m4_10000,opp_m4_10000,24,0.034902077500972184,0.034902077500972184,0.034902077500972184
0.500084,24,1,opp_m4_10000,opp_m4_10000,24,0.034902077500972184,0.034902077500972184,0.034902077500972184
0.500085,24,1,opp_m4_10000,opp_m4_10000,24,0.034902077500972184,0.034902077500972184,0.034902077500972184
0.500086,24,1,opp_m4_10000,opp_m4_10000,24,0.034902077500972184,0.034902077500972184,0.034902077500972184
0.500087,24,1,opp_m4_10000,opp_m4_10000,24,0.034902077500972184,0.034902077500972184,0.034902077500972184
0.500088,24,1,opp_m4_10000,opp_m4_10000,24,0.034902077500972184,0.034902077500972184,0.034902077500972184
0.500089,24,1,opp_m4_10000,opp_m4_10000,24,0.034902077500972184,0.034902077500972184,0.034902077500972184
0.500090,24,1,opp_m4_10000,opp_m4_10000,24,0.034902077500972184,0.034902077500972184,0.034902077500972184
0.500091,24,1,opp_m4_10000,opp_m4_10000,24,0.034902077500972184,0.034902077500972184,0.034902077500972184
0.500092,24,1,opp_m4_10000,opp_m4_10000,24,0.034902077500972184,0.034902077500972184,0.034902077500972184
0.500093,24,1,opp_m4_10000,opp_m4_10000,24,0.034902077500972184,0.034902077500972184,0.034902077500972184
0.500094,24,1,opp_m4_10000,opp_m4_10000,24,0.034902077500972184,0.034902077500972184,0.034902077500972184
0.500095,24,1,opp_m4_10000,opp_m4_10000,24,0.034902077500972184,0.034902077500972184,0.034902077500972184
0.500096,24,1,opp_m4_10000,opp_m4_10000,24,0.034902077500972184,0.034902077500972184,0.034902077500972184
0.500097,24,1,opp_m4_10000,opp_m4_10000,24,0.034902077500972184,0.034902077500972184,0.034902077500972184
0.500098,24,1,opp_m4_10000,opp_m4_10000,24,0.034902077500972184,0.034902077500972184,0.034902077500972184
0.500099,24,1,opp_m4_10000,opp_m4_10000,24,0.034902077500972184,0.034902077500972184,0.034902077500972184
0.500100,24,1,opp_m4_10000,opp_m4_10000,24,0.034902077500972184,0.034902077500972184,0.034902077500972184
0.500101,24,1,opp_m4_10000,opp_m4_10000,24,0.034902077500972184,0.034902077500972184,0.034902077500972184
0.500102,24,1,opp_m4_10000,opp_m4_10000,24,0.034902077500972184,0.034902077500972184,0.034902077500972184
0.500103,24,1,opp_m4_10000,opp_m4_10000,24,0.034902077500972184,0.034902077500972184,0.034902077500972184
0.500104,24,1,opp_m4_10000,opp_m4_10000,24,0.034902077500972184,0.034902077500972184,0.034902077500972184
0.500105,24,1,opp_m4_10000,opp_m4_10000,24,0.034902077500972184,0.034902077500972184,0.034902077500972184
0.500106,24,1,opp_m4_10000,opp_m4_10000,24,0.034902077500972184,0.034902077500972184,0.034902077500972184
0.500107,24,1,opp_m4_10000,opp_m4_10000,24,0.034902077500972184,0.034902077500972184,0.034902077500972184
0.500108,24,1,opp_m4_10000,opp_m4_10000,24,0.034902077500972184,0.034902077500972184,0.034902077500972184
0.500109,24,1,opp_m4_10000,opp_m4_10000,24,0.034902077500972184,0.034902077500972184,0.034902077500972184
0.500110,24,1,opp_m4_10000,opp_m4_10000,24,0.034902077500972184,0.034902077500972184,0.034902077500972184
0.500111,24,1,opp_m4_10000,opp_m4_10000,24,0.034902077500972184,0.034902077500972184,0.034902077500972184
0.500112,24,1,opp_m4_10000,opp_m4_10000,24,0.034902077500972184,0.034902077500972184,0.034902077500972184
0.500113,24,1,opp_m4_10000,opp_m4_10000,24,0.034902077500972184,0.034902077500972184,0.034902077500972184
0.500114,24,1,opp_m4_10000,opp_m4_10000,24,0.034902077500972184,0.034902077500972184,0.034902077500972184
0.500115,24,1,opp_m4_10000,opp_m4_10000,24,0.034902077500972184,0.034902077500972184,0.034902077500972184
0.500116,24,1,opp_m4_10000,opp_m4_10000,24,0.034902077500972184,0.034902077500972184,0.034902077500972184
0.500117,24,1,opp_m4_10000,opp_m4_10000,24,0.034902077500972184,0.034902077500972184,0.034902077500972184
0.500118,24,1,opp_m4_10000,opp_m4_10000,24,0.034902077500972184,0.034902077500972184,0.034902077500972184
0.500119,24,1,opp_m4_10000,opp_m4_10000,24,0.034902077500972184,0.034902077500972184,0.034902077500972184
0.500120,24,1,opp_m4_10000,opp_m4_10000,24,0.034902077500972184,0.034902077500972184,0.034902077500972184
0.500121,24,1,opp_m4_10000,opp_m4_10000,24,0.034902077500972184,0.034902077500972184,0.034902077500972184
0.500122,24,1,opp_m4_10000,opp_m4_10000,24,0.034902077500972184,0.034902077500972184,0.034902077500972184
0.500123,24,1,opp_m4_10000,opp_m4_10000,24,0.034902077500972184,0.034902077500972184,0.034902077500972184
0.500124,24,1,opp_m4_10000,opp_m4_10000,24,0.034902077500972184,0.034902077500972184,0.034902077500972184
0.500125,24,1,opp_m4_10000,opp_m4_10000,24,0.034902077500972184,0.034902077500972184,0.034902077500972184
0.500126,24,1,opp_m4_10000,opp_m4_10000,24,0.034902077500972184,0.034902077500972184,0.034902077500972184
0.500127,24,1,opp_m4_10000,opp_m4_10000,24,0.034902077500972184,0.034902077500972184,0.034902077500972184
0.500128,24,1,opp_m4_10000,opp_m4_10000,24,0.034902077500972184,0.034902077500972184,0.034902077500972184
0.500129,24,1,opp_m4_10000,opp_m4_10000,24,0.034902077500972184,0.034902077500972184,0.034902077500972184
0.500130,24,1,opp_m4_10000,opp_m4_10000,24,0.034902077500972184,0.034902077500972184,0.034902077500972184
0.500131,24,1,opp_m4_10000,opp_m4_10000,24,0.034902077500972184,0.034902077500972184,0.034902077500972184
0.500132,24,1,opp_m4_10000,opp_m4_10000,24,0.034902077500972184,0.034902077500972184,0.034902077500972184
0.500133,24,1,opp_m4_10000,opp_m4_10000,24,0.034902077500972184,0.034902077500972184,0.034902077500972184
0.500134,24,1,opp_m4_10000,opp_m4_10000,24,0.034902077500972184,0.034902077500972184,0.034902077500972184
0.500135,24,1,opp_m4_10000,opp_m4_10000,24,0.034902077500972184,0.034902077500972184,0.034902077500972184
0.500136,24,1,opp_m4_10000,opp_m4_10000,24,0.034902077500972184,0.034902077500972184,0.034902077500972184
0.500137,24,1,opp_m4_10000,opp_m4_10000,24,0.034902077500972184,0.034902077500972184,0.034902077500972184
0.500138,24,1,opp_m4_10000,opp_m4_10000,24,0.034902077500972184,0.034902077500972184,0.034902077500972184
0.500139,24,1,opp_m4_10000,opp_m4_10000,24,0.034902077500972184,0.034902077500972184,0.034902077500972184
0.500140,24,1,opp_m4_10000,opp_m4_10000,24,0.034902077500972184,0.034902077500972184,0.034902077500972184
0.500141,24,1,opp_m4_10000,opp_m4_10000,24,0.034902077500972184,0.034902077500972184,0.034902077500972184
0.500142,24,1,opp_m4_10000,opp_m4_10000,24,0.034902077500972184,0.034902077500972184,0.034902077500972184
0.500143,24,1,opp_m4_10000,opp_m4_10000,24,0.034902077500972184,0.034902077500972184,0.034902077500972184
0.500144,24,1,opp_m4_10000,opp_m4_10000,24,0.034902077500972184,0.034902077500972184,0.034902077500972184
0.500145,24,1,opp_m4_10000,opp_m4_10000,24,0.034902077500972184,0.034902077500972184,0.034902077500972184
0.500146,24,1,opp_m4_10000,opp_m4_10000,24,0.034902077500972184,0.034902077500972184,0.034902077500972184
0.500147,24,1,opp_m4_10000,opp_m4_10000,24,0.034902077500972184,0.034902077500972184,0.034902077500972184
0.500148,24,1,opp_m4_10000,opp_m4_10000,24,0.034902077500972184,0.034902077500972184,0.034902077500972184
0.500149,24,1,opp_m4_10000,opp_m4_10000,24,0.034902077500972184,0.034902077500972184,0.034902077500972184
0.500150,24,1,opp_m4_10000,opp_m4_10000,24,0.034902077500972184,0.034902077500972184,0.034902077500972184
0.500151,24,1,opp_m4_10000,opp_m4_10000,24,0.034902077500972184,0.034902077500972184,0.034902077500972184
0.500152,24,1,opp_m4_10000,opp_m4_10000,24,0.034902077500972184,0.034902077500972184,0.034902077500972184
0.500153,24,1,opp_m4_10000,opp_m4_10000,24,0.034902077500972184,0.034902077500972184,0.034902077500972184
0.500154,24,1,opp_m4_10000,opp_m4_10000,24,0.034902077500972184,0.034902077500972184,0.034902077500972184
0.500155,24,1,opp_m4_10000,opp_m4_10000,24,0.034902077500972184,0.034902077500972184,0.034902077500972184
0.500156,24,1,opp_m4_10000,opp_m4_10000,24,0.034902077500972184,0.034902077500972184,0.034902077500972184
0.500157,24,1,opp_m4_10000,opp_m4_10000,24,0.034902077500972184,0.034902077500972184,0.034902077500972184
0.500158,24,1,opp_m4_10000,opp_m4_10000,24,0.034902077500972184,0.034902077500972184,0.034902077500972184
0.500159,24,1,opp_m4_10000,opp_m4_10000,24,0.034902077500972184,0.034902077500972184,0.034902077500972184
0.500160,24,1,opp_m4_10000,opp_m4_10000,24,0.034902077500972184,0.034902077500972184,0.034902077500972184
0.500161,24,1,opp_m4_10000,opp_m4_10000,24,0.034902077500972184,0.034902077500972184,0.034902077500972184
0.500162,24,1,opp_m4_10000,opp_m4_10000,24,0.034902077500972184,0.034902077500972184,0.034902077500972184
0.500163,24,1,opp_m4_10000,opp_m4_10000,24,0.034902077500972184,0.034902077500972184,0.034902077500972184
0.500164,24,1,opp_m4_10000,opp_m4_10000,24,0.034902077500972184,0.034902077500972184,0.034902077500972184
0.500165,24,1,opp_m4_10000,opp_m4_10000,24,0.034902077500972184,0.034902077500972184,0.034902077500972184
0.500166,24,1,opp_m4_10000,opp_m4_10000,24,0.034902077500972184,0.034902077500972184,0.034902077500972184
0.500167,24,1,opp_m4_10000,opp_m4_10000,24,0.034902077500972184,0.034902077500972184,0.034902077500972184
0.500168,24,1,opp_m4_10000,opp_m4_10000,24,0.034902077500972184,0.034902077500972184,0.034902077500972184
0.500169,24,1,opp_m4_10000,opp_m4_10000,24,0.034902077500972184,0.034902077500972184,0.034902077500972184
0.500170,24,1,opp_m4_10000,opp_m4_10000,24,0.034902077500972184,0.034902077500972184,0.034902077500972184
0.500171,24,1,opp_m4_10000,opp_m4_10000,24,0.034902077500972184,0.034902077500972184,0.034902077500972184
0.500172,24,1,opp_m4_10000,opp_m4_10000,24,0.034902077500972184,0.034902077500972184,0.034902077500972184
0.500173,24,1,opp_m4_10000,opp_m4_10000,24,0.034902077500972184,0.034902077500972184,0.034902077500972184
0.500174,24,1,opp_m4_10000,opp_m4_10000,24,0.034902077500972184,0.034902077500972184,0.034902077500972184
0.500175,24,1,opp_m4_10000,opp_m4_10000,24,0.034902077500972184,0.034902077500972184,0.034902077500972184
0.500176,24,1,opp_m4_10000,opp_m4_10000,24,0.034902077500972184,0.034902077500972184,0.034902077500972184
0.500177,24,1,opp_m4_10000,opp_m4_10000,24,0.034902077500972184,0.034902077500972184,0.034902077500972184
0.500178,24,1,opp_m4_10000,opp_m4_10000,24,0.034902077500972184,0.034902077500972184,0.034902077500972184
0.500179,24,1,opp_m4_10000,opp_m4_10000,24,0.034902077500972184,0.034902077500972184,0.034902077500972184
0.500180,24,1,opp_m4_10000,opp_m4_10000,24,0.034902077500972184,0.034902077500972184,0.034902077500972184
0.500181,24,1,opp_m4_10000,opp_m4_10000,24,0.034902077500972184,0.034902077500972184,0.034902077500972184
0.500182,24,1,opp_m4_10000,opp_m4_10000,24,0.034902077500972184,0.034902077500972184,0.034902077500972184
0.500183,24,1,opp_m4_10000,opp_m4_10000,24,0.034902077500972184,0.034902077500972184,0.034902077500972184
0.500184,24,1,opp_m4_10000,opp_m4_10000,24,0.034902077500972184,0.034902077500972184,0.034902077500972184
0.500185,24,1,opp_m4_10000,opp_m4_10000,24,0.034902077500972184,0.034902077500972184,0.034902077500972184
0.500186,24,1,opp_m4_10000,opp_m4_10000,24,0.034902077500972184,0.034902077500972184,0.034902077500972184
0.500187,24,1,opp_m4_10000,opp_m4_10000,24,0.034902077500972184,0.034902077500972184,0.034902077500972184
0.500188,24,1,opp_m4_10000,opp_m4_10000,24,0.034902077500972184,0.034902077500972184,0.034902077500972184
0.500189,24,1,opp_m4_10000,opp_m4_10000,24,0.034902077500972184,0.034902077500972184,0.034902077500972184
0.500190,24,1,opp_m4_10000,opp_m4_10000,24,0.034902077500972184,0.034902077500972184,0.034902077500972184
0.500191,24,1,opp_m4_10000,opp_m4_10000,24,0.034902077500972184,0.034902077500972184,0.034902077500972184
0.500192,24,1,opp_m4_10000,opp_m4_10000,24,0.034902077500972184,0.034902077500972184,0.034902077500972184
0.500193,24,1,opp_m4_10000,opp_m4_10000,24,0.034902077500972184,0.034902077500972184,0.034902077500972184
0.500194,24,1,opp_m4_10000,opp_m4_10000,24,0.034902077500972184,0.034902077500972184,0.034902077500972184
0.500195,24,1,opp_m4_10000,opp_m4_10000,24,0.034902077500972184,0.034902077500972184,0.034902077500972184
0.500196,24,1,opp_m4_10000,opp_m4_10000,24,0.034902077500972184,0.034902077500972184,0.034902077500972184
0.500197,24,1,opp_m4_10000,opp_m4_10000,24,0.034902077500972184,0.034902077500972184,0.034902077500972184
0.500198,24,1,opp_m4_10000,opp_m4_10000,24,0.034902077500972184,0.034902077500972184,0.034902077500972184
0.500199,24,1,opp_m4_10000,opp_m4_10000,24,0.034902077500972184,0.034902077500972184,0.034902077500972184
0.500200,24,1,opp_m4_10000,opp_m4_10000,24,0.034902077500972184,0.034902077500972184,0.034902077500972184
0.500201,24,1,opp_m4_10000,opp_m4_10000,24,0.034902077500972184,0.034902077500972184,0.034902077500972184
0.500202,24,1,opp_m4_10000,opp_m4_10000,24,0.034902077500972184,0.034902077500972184,0.034902077500972184
0.500203,24,1,opp_m4_10000,opp_m4_10000,24,0.034902077500972184,0.034902077500972184,0.034902077500972184
0.500204,24,1,opp_m4_10000,opp_m4_10000,24,0.034902077500972184,0.034902077500972184,0.034902077500972184
0.500205,24,1,opp_m4_10000,opp_m4_10000,24,0.034902077500972184,0.034902077500972184,0.034902077500972184
0.500206,24,1,opp_m4_10000,opp_m4_10000,24,0.034902077500972184,0.034902077500972184,0.034902077500972184
0.500207,24,1,opp_m4_10000,opp_m4_10000,24,0.034902077500972184,0.034902077500972184,0.034902077500972184
0.500208,24,1,opp_m4_10000,opp_m4_10000,24,0.034902077500972184,0.034902077500972184,0.034902077500972184
0.500209,24,1,opp_m4_10000,opp_m4_10000,24,0.034902077500972184,0.034902077500972184,0.034902077500972184
0.500210,24,1,opp_m4_10000,opp_m4_10000,24,0.034902077500972184,0.034902077500972184,0.034902077500972184
0.500211,24,1,opp_m4_10000,opp_m4_10000,24,0.034902077500972184,0.034902077500972184,0.034902077500972184
0.500212,24,1,opp_m4_10000,opp_m4_10000,24,0.034902077500972184,0.034902077500972184,0.034902077500972184
0.500213,24,1,opp_m4_10000,opp_m4_10000,24,0.034902077500972184,0.034902077500972184,0.034902077500972184
0.500214,24,1,opp_m4_10000,opp_m4_10000,24,0.034902077500972184,0.034902077500972184,0.034902077500972184
0.500215,24,1,opp_m4_10000,opp_m4_10000,24,0.034902077500972184,0.034902077500972184,0.034902077500972184
0.500216,24,1,opp_m4_10000,opp_m4_10000,24,0.034902077500972184,0.034902077500972184,0.034902077500972184
0.500217,24,1,opp_m4_10000,opp_m4_10000,24,0.034902077500972184,0.034902077500972184,0.034902077500972184
0.500218,24,1,opp_m4_10000,opp_m4_10000,24,0.034902077500972184,0.034902077500972184,0.034902077500972184
0.500219,24,1,opp_m4_10000,opp_m4_10000,24,0.034902077500972184,0.034902077500972184,0.034902077500972184
0.500220,24,1,opp_m4_10000,opp_m4_10000,24,0.034902077500972184,0.034902077500972184,0.034902077500972184
0.500221,24,1,opp_m4_10000,opp_m4_10000,24,0.034902077500972184,0.034902077500972184,0.034902077500972184
0.500222,24,1,opp_m4_10000,opp_m4_10000,24,0.034902077500972184,0.034902077500972184,0.034902077500972184
0.500223,24,1,opp_m4_10000,opp_m4_10000,24,0.034902077500972184,0.034902077500972184,0.034902077500972184
0.500224,24,1,opp_m4_10000,opp_m4_10000,24,0.034902077500972184,0.034902077500972184,0.034902077500972184
0.500225,24,1,opp_m4_10000,opp_m4_10000,24,0.034902077500972184,0.034902077500972184,0.034902077500972184
0.500226,24,1,opp_m4_10000,opp_m4_10000,24,0.034902077500972184,0.034902077500972184,0.034902077500972184
0.500227,24,1,opp_m4_10000,opp_m4_10000,24,0.034902077500972184,0.034902077500972184,0.034902077500972184
0.500228,24,1,opp_m4_10000,opp_m4_10000,24,0.034902077500972184,0.034902077500972184,0.034902077500972184
0.500229,24,1,opp_m4_10000,opp_m4_10000,24,0.034902077500972184,0.034902077500972184,0.034902077500972184
0.500230,24,1,opp_m4_10000,opp_m4_10000,24,0.034902077500972184,0.034902077500972184,0.034902077500972184
0.500231,24,1,opp_m4_10000,opp_m4_10000,24,0.034902077500972184,0.034902077500972184,0.034902077500972184
0.500232,24,1,opp_m4_10000,opp_m4_10000,24,0.034902077500972184,0.034902077500972184,0.034902077500972184
0.500233,24,1,opp_m4_10000,opp_m4_10000,24,0.034902077500972184,0.034902077500972184,0.034902077500972184
0.500234,24,1,opp_m4_10000,opp_m4_10000,24,0.034902077500972184,0.034902077500972184,0.034902077500972184
0.500235,24,1,opp_m4_10000,opp_m4_10000,24,0.034902077500972184,0.034902077500972184,0.034902077500972184
0.500236,24,1,opp_m4_10000,opp_m4_10000,24,0.034902077500972184,0.034902077500972184,0.034902077500972184
0.500237,24,1,opp_m4_10000,opp_m4_10000,24,0.034902077500972184,0.034902077500972184,0.034902077500972184
0.500238,24,1,opp_m4_10000,opp_m4_10000,24,0.034902077500972184,0.034902077500972184,0.034902077500972184
0.500239,24,1,opp_m4_10000,opp_m4_10000,24,0.034902077500972184,0.034902077500972184,0.034902077500972184
0.500240,24,1,opp_m4_10000,opp_m4_10000,24,0.034902077500972184,0.034902077500972184,0.034902077500972184
0.500241,24,1,opp_m4_10000,opp_m4_10000,24,0.034902077500972184,0.034902077500972184,0.034902077500972184
0.500242,24,1,opp_m4_10000,opp_m4_10000,24,0.034902077500972184,0.034902077500972184,0.034902077500972184
0.500243,24,1,opp_m4_10000,opp_m4_10000,24,0.034902077500972184,0.034902077500972184,0.034902077500972184
0.500244,24,1,opp_m4_10000,opp_m4_10000,24,0.034902077500972184,0.034902077500972184,0.034902077500972184
0.500245,24,1,opp_m4_10000,opp_m4_10000,24,0.034902077500972184,0.034902077500972184,0.034902077500972184
0.500246,24,1,opp_m4_10000,opp_m4_10000,24,0.034902077500972184,0.034902077500972184,0.034902077500972184
0.500247,24,1,opp_m4_10000,opp_m4_10000,24,0.034902077500972184,0.034902077500972184,0.034902077500972184
0.500248,24,1,opp_m4_10000,opp_m4_10000,24,0.034902077500972184,0.034902077500972184,0.034902077500972184
0.500249,24,1,opp_m4_10000,opp_m4_10000,24,0.034902077500972184,0.034902077500972184,0.034902077500972184
0.500250,24,1,opp_m4_10000,opp_m4_10000,24,0.034902077500972184,0.034902077500972184,0.034902077500972184
0.500251,24,1,opp_m4_10000,opp_m4_10000,24,0.034902077500972184,0.034902077500972184,0.034902077500972184
0.500252,24,1,opp_m4_10000,opp_m4_10000,24,0.034902077500972184,0.034902077500972184,0.034902077500972184
0.500253,24,1,opp_m4_10000,opp_m4_10000,24,0.034902077500972184,0.034902077500972184,0.034902077500972184
0.500254,24,1,opp_m4_10000,opp_m4_10000,24,0.034902077500972184,0.034902077500972184,0.034902077500972184
0.500255,24,1,opp_m4_10000,opp_m4_10000,24,0.034902077500972184,0.034902077500972184,0.034902077500972184
0.500256,24,1,opp_m4_10000,opp_m4_10000,24,0.034902077500972184,0.034902077500972184,0.034902077500972184
0.500257,24,1,opp_m4_10000,opp_m4_10000,24,0.034902077500972184,0.034902077500972184,0.034902077500972184
0.500258,24,1,opp_m4_10000,opp_m4_10000,24,0.034902077500972184,0.034902077500972184,0.034902077500972184
0.500259,24,1,opp_m4_10000,opp_m4_10000,24,0.034902077500972184,0.034902077500972184,0.034902077500972184
0.500260,24,1,opp_m4_10000,opp_m4_10000,24,0.034902077500972184,0.034902077500972184,0.034902077500972184
0.500261,24,1,opp_m4_10000,opp_m4_10000,24,0.034902077500972184,0.034902077500972184,0.034902077500972184
0.500262,24,1,opp_m4_10000,opp_m4_10000,24,0.034902077500972184,0.034902077500972184,0.034902077500972184
0.500263,24,1,opp_m4_10000,opp_m4_10000,24,0.034902077500972184,0.034902077500972184,0.034902077500972184
0.500264,24,1,opp_m4_10000,opp_m4_10000,24,0.034902077500972184,0.034902077500972184,0.034902077500972184
0.500265,24,1,opp_m4_10000,opp_m4_10000,24,0.034902077500972184,0.034902077500972184,0.034902077500972184
0.500266,24,1,opp_m4_10000,opp_m4_10000,24,0.034902077500972184,0.034902077500972184,0.034902077500972184
0.500267,24,1,opp_m4_10000,opp_m4_10000,24,0.034902077500972184,0.034902077500972184,0.034902077500972184
0.500268,24,1,opp_m4_10000,opp_m4_10000,24,0.034902077500972184,0.034902077500972184,0.034902077500972184
0.500269,24,1,opp_m4_10000,opp_m4_10000,24,0.034902077500972184,0.034902077500972184,0.034902077500972184
0.500270,24,1,opp_m4_10000,opp_m4_10000,24,0.034902077500972184,0.034902077500972184,0.034902077500972184
0.500271,24,1,opp_m4_10000,opp_m4_10000,24,0.034902077500972184,0.034902077500972184,0.034902077500972184
0.500272,24,1,opp_m4_10000,opp_m4_10000,24,0.034902077500972184,0.034902077500972184,0.034902077500972184
0.500273,24,1,opp_m4_10000,opp_m4_10000,24,0.034902077500972184,0.034902077500972184,0.034902077500972184
0.500274,24,1,opp_m4_10000,opp_m4_10000,24,0.034902077500972184,0.034902077500972184,0.034902077500972184
0.500275,24,1,opp_m4_10000,opp_m4_10000,24,0.034902077500972184,0.034902077500972184,0.034902077500972184
0.500276,24,1,opp_m4_10000,opp_m4_10000,24,0.034902077500972184,0.034902077500972184,0.034902077500972184
0.500277,24,1,opp_m4_10000,opp_m4_10000,24,0.034902077500972184,0.034902077500972184,0.034902077500972184
0.500278,24,1,opp_m4_10000,opp_m4_10000,24,0.034902077500972184,0.034902077500972184,0.034902077500972184
0.500279,24,1,opp_m4_10000,opp_m4_10000,24,0.034902077500972184,0.034902077500972184,0.034902077500972184
0.500280,24,1,opp_m4_10000,opp_m4_10000,24,0.034902077500972184,0.034902077500972184,0.034902077500972184
0.500281,24,1,opp_m4_10000,opp_m4_10000,24,0.034902077500972184,0.034902077500972184,0.034902077500972184
0.500282,24,1,opp_m4_10000,opp_m4_10000,24,0.034902077500972184,0.034902077500972184,0.034902077500972184
0.500283,24,1,opp_m4_10000,opp_m4_10000,24,0.034902077500972184,0.034902077500972184,0.034902077500972184
0.500284,24,1,opp_m4_10000,opp_m4_10000,24,0.034902077500972184,0.034902077500972184,0.034902077500972184
0.500285,24,1,opp_m4_10000,opp_m4_10000,24,0.034902077500972184,0.034902077500972184,0.034902077500972184
0.500286,24,1,opp_m4_10000,opp_m4_10000,24,0.034902077500972184,0.034902077500972184,0.034902077500972184
0.500287,24,1,opp_m4_10000,opp_m4_10000,24,0.034902077500972184,0.034902077500972184,0.034902077500972184
0.500288,24,1,opp_m4_10000,opp_m4_10000,24,0.034902077500972184,0.034902077500972184,0.034902077500972184
0.500289,24,1,opp_m4_10000,opp_m4_10000,24,0.034902077500972184,0.034902077500972184,0.034902077500972184
0.500290,24,1,opp_m4_10000,opp_m4_10000,24,0.034902077500972184,0.034902077500972184,0.034902077500972184
0.500291,24,1,opp_m4_10000,opp_m4_10000,24,0.034902077500972184,0.034902077500972184,0.034902077500972184
0.500292,24,1,opp_m4_10000,opp_m4_10000,24,0.034902077500972184,0.034902077500972184,0.034902077500972184
0.500293,24,1,opp_m4_10000,opp_m4_10000,24,0.034902077500972184,0.034902077500972184,0.034902077500972184
0.500294,24,1,opp_m4_10000,opp_m4_10000,24,0.034902077500972184,0.034902077500972184,0.034902077500972184
0.500295,24,1,opp_m4_10000,opp_m4_10000,24,0.034902077500972184,0.034902077500972184,0.034902077500972184
0.500296,24,1,opp_m4_10000,opp_m4_10000,24,0.034902077500972184,0.034902077500972184,0.034902077500972184
0.500297,24,1,opp_m4_10000,opp_m4_10000,24,0.034902077500972184,0.034902077500972184,0.034902077500972184
0.500298,24,1,opp_m4_10000,opp_m4_10000,24,0.034902077500972184,0.034902077500972184,0.034902077500972184
0.500299,24,1,opp_m4_10000,opp_m4_10000,24,0.034902077500972184,0.034902077500972184,0.034902077500972184
0.500300,24,1,opp_m4_10000,opp_m4_10000,24,0.034902077500972184,0.034902077500972184,0.034902077500972184
0.500301,24,1,opp_m4_10000,opp_m4_10000,24,0.034902077500972184,0.034902077500972184,0.034902077500972184
0.500302,24,1,opp_m4_10000,opp_m4_10000,24,0.034902077500972184,0.034902077500972184,0.034902077500972184
0.500303,24,1,opp_m4_10000,opp_m4_10000,24,0.034902077500972184,0.034902077500972184,0.034902077500972184
0.500304,24,1,opp_m4_10000,opp_m4_10000,24,0.034902077500972184,0.034902077500972184,0.034902077500972184
0.500305,24,1,opp_m4_10000,opp_m4_10000,24,0.034902077500972184,0.034902077500972184,0.034902077500972184
0.500306,24,1,opp_m4_10000,opp_m4_10000,24,0.034902077500972184,0.034902077500972184,0.034902077500972184
0.500307,24,1,opp_m4_10000,opp_m4_10000,24,0.034902077500972184,0.034902077500972184,0.034902077500972184
0.500308,24,1,opp_m4_10000,opp_m4_10000,24,0.034902077500972184,0.034902077500972184,0.034902077500972184
0.500309,24,1,opp_m4_10000,opp_m4_10000,24,0.034902077500972184,0.034902077500972184,0.034902077500972184
0.500310,24,1,opp_m4_10000,opp_m4_10000,24,0.034902077500972184,0.034902077500972184,0.034902077500972184
0.500311,24,1,opp_m4_10000,opp_m4_10000,24,0.034902077500972184,0.034902077500972184,0.034902077500972184
0.500312,24,1,opp_m4_10000,opp_m4_10000,24,0.034902077500972184,0.034902077500972184,0.034902077500972184
0.500313,24,1,opp_m4_10000,opp_m4_10000,24,0.034902077500972184,0.034902077500972184,0.034902077500972184
0.500314,24,1,opp_m4_10000,opp_m4_10000,24,0.034902077500972184,0.034902077500972184,0.034902077500972184
0.500315,24,1,opp_m4_10000,opp_m4_10000,24,0.034902077500972184,0.034902077500972184,0.034902077500972184
0.500316,24,1,opp_m4_10000,opp_m4_10000,24,0.034902077500972184,0.034902077500972184,0.034902077500972184
0.500317,24,1,opp_m4_10000,opp_m4_10000,24,0.034902077500972184,0.034902077500972184,0.034902077500972184
0.500318,24,1,opp_m4_10000,opp_m4_10000,24,0.034902077500972184,0.034902077500972184,0.034902077500972184
0.500319,24,1,opp_m4_10000,opp_m4_10000,24,0.034902077500972184,0.034902077500972184,0.034902077500972184
0.500320,24,1,opp_m4_10000,opp_m4_10000,24,0.034902077500972184,0.034902077500972184,0.034902077500972184
0.500321,24,1,opp_m4_10000,opp_m4_10000,24,0.034902077500972184,0.034902077500972184,0.034902077500972184
0.500322,24,1,opp_m4_10000,opp_m4_10000,24,0.034902077500972184,0.034902077500972184,0.034902077500972184
0.500323,24,1,opp_m4_10000,opp_m4_10000,24,0.034902077500972184,0.034902077500972184,0.034902077500972184
0.500324,24,1,opp_m4_10000,opp_m4_10000,24,0.034902077500972184,0.034902077500972184,0.034902077500972184
0.500325,24,1,opp_m4_10000,opp_m4_10000,24,0.034902077500972184,0.034902077500972184,0.034902077500972184
0.500326,24,1,opp_m4_10000,opp_m4_10000,24,0.034902077500972184,0.034902077500972184,0.034902077500972184
0.500327,24,1,opp_m4_10000,opp_m4_10000,24,0.034902077500972184,0.034902077500972184,0.034902077500972184
0.500328,24,1,opp_m4_10000,opp_m4_10000,24,0.034902077500972184,0.034902077500972184,0.034902077500972184
0.500329,24,1,opp_m4_10000,opp_m4_10000,24,0.034902077500972184,0.034902077500972184,0.034902077500972184
0.500330,24,1,opp_m4_10000,opp_m4_10000,24,0.034902077500972184,0.034902077500972184,0.034902077500972184
0.500331,24,1,opp_m4_10000,opp_m4_10000,24,0.034902077500972184,0.034902077500972184,0.034902077500972184
0.500332,24,1,opp_m4_10000,opp_m4_10000,24,0.034902077500972184,0.034902077500972184,0.034902077500972184
0.500333,24,1,opp_m4_10000,opp_m4_10000,24,0.034902077500972184,0.034902077500972184,0.034902077500972184
0.500334,24,1,opp_m4_10000,opp_m4_10000,24,0.034902077500972184,0.034902077500972184,0.034902077500972184
0.500335,24,1,opp_m4_10000,opp_m4_10000,24,0.034902077500972184,0.034902077500972184,0.034902077500972184
0.500336,24,1,opp_m4_10000,opp_m4_10000,24,0.034902077500972184,0.034902077500972184,0.034902077500972184
0.500337,24,1,opp_m4_10000,opp_m4_10000,24,0.034902077500972184,0.034902077500972184,0.034902077500972184
0.500338,24,1,opp_m4_10000,opp_m4_10000,24,0.034902077500972184,0.034902077500972184,0.034902077500972184
0.500339,24,1,opp_m4_10000,opp_m4_10000,24,0.034902077500972184,0.034902077500972184,0.034902077500972184
0.500340,24,1,opp_m4_10000,opp_m4_10000,24,0.034902077500972184,0.034902077500972184,0.034902077500972184
0.500341,24,1,opp_m4_10000,opp_m4_10000,24,0.034902077500972184,0.034902077500972184,0.034902077500972184
0.500342,24,1,opp_m4_10000,opp_m4_10000,24,0.034902077500972184,0.034902077500972184,0.034902077500972184
0.500343,24,1,opp_m4_10000,opp_m4_10000,24,0.034902077500972184,0.034902077500972184,0.034902077500972184
0.500344,24,1,opp_m4_10000,opp_m4_10000,24,0.034902077500972184,0.034902077500972184,0.034902077500972184
0.500345,24,1,opp_m4_10000,opp_m4_10000,24,0.034902077500972184,0.034902077500972184,0.034902077500972184
0.500346,24,1,opp_m4_10000,opp_m4_10000,24,0.034902077500972184,0.034902077500972184,0.034902077500972184
0.500347,24,1,opp_m4_10000,opp_m4_10000,24,0.034902077500972184,0.034902077500972184,0.034902077500972184
0.500348,24,1,opp_m4_10000,opp_m4_10000,24,0.034902077500972184,0.034902077500972184,0.034902077500972184
0.500349,24,1,opp_m4_10000,opp_m4_10000,24,0.034902077500972184,0.034902077500972184,0.034902077500972184
0.500350,24,1,opp_m4_10000,opp_m4_10000,24,0.034902077500972184,0.034902077500972184,0.034902077500972184
0.500351,24,1,opp_m4_10000,opp_m4_10000,24,0.034902077500972184,0.034902077500972184,0.034902077500972184
0.500352,24,1,opp_m4_10000,opp_m4_10000,24,0.034902077500972184,0.034902077500972184,0.034902077500972184
0.500353,24,1,opp_m4_10000,opp_m4_10000,24,0.034902077500972184,0.034902077500972184,0.034902077500972184
0.500354,24,1,opp_m4_10000,opp_m4_10000,24,0.034902077500972184,0.034902077500972184,0.034902077500972184
0.500355,24,1,opp_m4_10000,opp_m4_10000,24,0.034902077500972184,0.034902077500972184,0.034902077500972184
0.500356,24,1,opp_m4_10000,opp_m4_10000,24,0.034902077500972184,0.034902077500972184,0.034902077500972184
0.500357,24,1,opp_m4_10000,opp_m4_10000,24,0.034902077500972184,0.034902077500972184,0.034902077500972184
0.500358,24,1,opp_m4_10000,opp_m4_10000,24,0.034902077500972184,0.034902077500972184,0.034902077500972184
0.500359,24,1,opp_m4_10000,opp_m4_10000,24,0.034902077500972184,0.034902077500972184,0.034902077500972184
0.500360,24,1,opp_m4_10000,opp_m4_10000,24,0.034902077500972184,0.034902077500972184,0.034902077500972184
0.500361,24,1,opp_m4_10000,opp_m4_10000,24,0.034902077500972184,0.034902077500972184,0.034902077500972184
0.500362,24,1,opp_m4_10000,opp_m4_10000,24,0.034902077500972184,0.034902077500972184,0.034902077500972184
0.500363,24,1,opp_m4_10000,opp_m4_10000,24,0.034902077500972184,0.034902077500972184,0.034902077500972184
0.500364,24,1,opp_m4_10000,opp_m4_10000,24,0.034902077500972184,0.034902077500972184,0.034902077500972184
0.500365,24,1,opp_m4_10000,opp_m4_10000,24,0.034902077500972184,0.034902077500972184,0.034902077500972184
0.500366,24,1,opp_m4_10000,opp_m4_10000,24,0.034902077500972184,0.034902077500972184,0.034902077500972184
0.500367,24,1,opp_m4_10000,opp_m4_10000,24,0.034902077500972184,0.034902077500972184,0.034902077500972184
0.500368,24,1,opp_m4_10000,opp_m4_10000,24,0.034902077500972184,0.034902077500972184,0.034902077500972184
0.500369,24,1,opp_m4_10000,opp_m4_10000,24,0.034902077500972184,0.034902077500972184,0.034902077500972184
0.500370,24,1,opp_m4_10000,opp_m4_10000,24,0.034902077500972184,0.034902077500972184,0.034902077500972184
0.500371,24,1,opp_m4_10000,opp_m4_10000,24,0.034902077500972184,0.034902077500972184,0.034902077500972184
0.500372,24,1,opp_m4_10000,opp_m4_10000,24,0.034902077500972184,0.034902077500972184,0.034902077500972184
0.500373,24,1,opp_m4_10000,opp_m4_10000,24,0.034902077500972184,0.034902077500972184,0.034902077500972184
0.500374,24,1,opp_m4_10000,opp_m4_10000,24,0.034902077500972184,0.034902077500972184,0.034902077500972184
0.500375,24,1,opp_m4_10000,opp_m4_10000,24,0.034902077500972184,0.034902077500972184,0.034902077500972184
0.500376,24,1,opp_m4_10000,opp_m4_10000,24,0.034902077500972184,0.034902077500972184,0.034902077500972184
0.500377,24,1,opp_m4_10000,opp_m4_10000,24,0.034902077500972184,0.034902077500972184,0.034902077500972184
0.500378,24,1,opp_m4_10000,opp_m4_10000,24,0.034902077500972184,0.034902077500972184,0.034902077500972184
0.500379,24,1,opp_m4_10000,opp_m4_10000,24,0.034902077500972184,0.034902077500972184,0.034902077500972184
0.500380,24,1,opp_m4_10000,opp_m4_10000,24,0.034902077500972184,0.034902077500972184,0.034902077500972184
0.500381,24,1,opp_m4_10000,opp_m4_10000,24,0.034902077500972184,0.034902077500972184,0.034902077500972184
0.500382,24,1,opp_m4_10000,opp_m4_10000,24,0.034902077500972184,0.034902077500972184,0.034902077500972184
0.500383,24,1,opp_m4_10000,opp_m4_10000,24,0.034902077500972184,0.034902077500972184,0.034902077500972184
0.500384,24,1,opp_m4_10000,opp_m4_10000,24,0.034902077500972184,0.034902077500972184,0.034902077500972184
0.500385,24,1,opp_m4_10000,opp_m4_10000,24,0.034902077500972184,0.034902077500972184,0.034902077500972184
0.500386,24,1,opp_m4_10000,opp_m4_10000,24,0.034902077500972184,0.034902077500972184,0.034902077500972184
0.500387,24,1,opp_m4_10000,opp_m4_10000,24,0.034902077500972184,0.034902077500972184,0.034902077500972184
0.500388,24,1,opp_m4_10000,opp_m4_10000,24,0.034902077500972184,0.034902077500972184,0.034902077500972184
0.500389,24,1,opp_m4_10000,opp_m4_10000,24,0.034902077500972184,0.034902077500972184,0.034902077500972184
0.500390,24,1,opp_m4_10000,opp_m4_10000,24,0.034902077500972184,0.034902077500972184,0.034902077500972184
0.500391,24,1,opp_m4_10000,opp_m4_10000,24,0.034902077500972184,0.034902077500972184,0.034902077500972184
0.500392,24,1,opp_m4_10000,opp_m4_10000,24,0.034902077500972184,0.034902077500972184,0.034902077500972184
0.500393,24,1,opp_m4_10000,opp_m4_10000,24,0.034902077500972184,0.034902077500972184,0.034902077500972184
0.500394,24,1,opp_m4_10000,opp_m4_10000,24,0.034902077500972184,0.034902077500972184,0.034902077500972184
0.500395,24,1,opp_m4_10000,opp_m4_10000,24,0.034902077500972184,0.034902077500972184,0.034902077500972184
0.500396,24,1,opp_m4_10000,opp_m4_10000,24,0.034902077500972184,0.034902077500972184,0.034902077500972184
0.500397,24,1,opp_m4_10000,opp_m4_10000,24,0.034902077500972184,0.034902077500972184,0.034902077500972184
0.500398,24,1,opp_m4_10000,opp_m4_10000,24,0.034902077500972184,0.034902077500972184,0.034902077500972184
0.500399,24,1,opp_m4_10000,opp_m4_10000,24,0.034902077500972184,0.034902077500972184,0.034902077500972184
0.500400,24,1,opp_m4_10000,opp_m4_10000,24,0.034902077500972184,0.034902077500972184,0.034902077500972184
0.500401,24,1,opp_m4_10000,opp_m4_10000,24,0.034902077500972184,0.034902077500972184,0.034902077500972184
0.500402,24,1,opp_m4_10000,opp_m4_10000,24,0.034902077500972184,0.034902077500972184,0.034902077500972184
0.500403,24,1,opp_m4_10000,opp_m4_10000,24,0.034902077500972184,0.034902077500972184,0.034902077500972184
0.500404,24,1,opp_m4_10000,opp_m4_10000,24,0.034902077500972184,0.034902077500972184,0.034902077500972184
0.500405,24,1,opp_m4_10000,opp_m4_10000,24,0.034902077500972184,0.034902077500972184,0.034902077500972184
0.500406,24,1,opp_m4_10000,opp_m4_10000,24,0.034902077500972184,0.034902077500972184,0.034902077500972184
0.500407,24,1,opp_m4_10000,opp_m4_10000,24,0.034902077500972184,0.034902077500972184,0.034902077500972184
0.500408,24,1,opp_m4_10000,opp_m4_10000,24,0.034902077500972184,0.034902077500972184,0.034902077500972184
0.500409,24,1,opp_m4_10000,opp_m4_10000,24,0.034902077500972184,0.034902077500972184,0.034902077500972184
0.500410,24,1,opp_m4_10000,opp_m4_10000,24,0.034902077500972184,0.034902077500972184,0.034902077500972184
0.500411,24,1,opp_m4_10000,opp_m4_10000,24,0.034902077500972184,0.034902077500972184,0.034902077500972184
0.500412,24,1,opp_m4_10000,opp_m4_10000,24,0.034902077500972184,0.034902077500972184,0.034902077500972184
0.500413,24,1,opp_m4_10000,opp_m4_10000,24,0.034902077500972184,0.034902077500972184,0.034902077500972184
0.500414,24,1,opp_m4_10000,opp_m4_10000,24,0.034902077500972184,0.034902077500972184,0.034902077500972184
0.500415,24,1,opp_m4_10000,opp_m4_10000,24,0.034902077500972184,0.034902077500972184,0.034902077500972184
0.500416,24,1,opp_m4_10000,opp_m4_10000,24,0.034902077500972184,0.034902077500972184,0.034902077500972184
0.500417,24,1,opp_m4_10000,opp_m4_10000,24,0.034902077500972184,0.034902077500972184,0.034902077500972184
0.500418,24,1,opp_m4_10000,opp_m4_10000,24,0.034902077500972184,0.034902077500972184,0.034902077500972184
0.500419,24,1,opp_m4_10000,opp_m4_10000,24,0.034902077500972184,0.034902077500972184,0.034902077500972184
0.500420,24,1,opp_m4_10000,opp_m4_10000,24,0.034902077500972184,0.034902077500972184,0.034902077500972184
0.500421,24,1,opp_m4_10000,opp_m4_10000,24,0.034902077500972184,0.034902077500972184,0.034902077500972184
0.500422,24,1,opp_m4_10000,opp_m4_10000,24,0.034902077500972184,0.034902077500972184,0.034902077500972184
0.500423,24,1,opp_m4_10000,opp_m4_10000,24,0.034902077500972184,0.034902077500972184,0.034902077500972184
0.500424,24,1,opp_m4_10000,opp_m4_10000,24,0.034902077500972184,0.034902077500972184,0.034902077500972184
0.500425,24,1,opp_m4_10000,opp_m4_10000,24,0.034902077500972184,0.034902077500972184,0.034902077500972184
0.500426,24,1,opp_m4_10000,opp_m4_10000,24,0.034902077500972184,0.034902077500972184,0.034902077500972184
0.500427,24,1,opp_m4_10000,opp_m4_10000,24,0.034902077500972184,0.034902077500972184,0.034902077500972184
0.500428,24,1,opp_m4_10000,opp_m4_10000,24,0.034902077500972184,0.034902077500972184,0.034902077500972184
0.500429,24,1,opp_m4_10000,opp_m4_10000,24,0.034902077500972184,0.034902077500972184,0.034902077500972184
0.500430,24,1,opp_m4_10000,opp_m4_10000,24,0.034902077500972184,0.034902077500972184,0.034902077500972184
0.500431,24,1,opp_m4_10000,opp_m4_10000,24,0.034902077500972184,0.034902077500972184,0.034902077500972184
0.500432,24,1,opp_m4_10000,opp_m4_10000,24,0.034902077500972184,0.034902077500972184,0.034902077500972184
0.500433,24,1,opp_m4_10000,opp_m4_10000,24,0.034902077500972184,0.034902077500972184,0.034902077500972184
0.500434,24,1,opp_m4_10000,opp_m4_10000,24,0.034902077500972184,0.034902077500972184,0.034902077500972184
0.500435,24,1,opp_m4_10000,opp_m4_10000,24,0.034902077500972184,0.034902077500972184,0.034902077500972184
0.500436,24,1,opp_m4_10000,opp_m4_10000,24,0.034902077500972184,0.034902077500972184,0.034902077500972184
0.500437,24,1,opp_m4_10000,opp_m4_10000,24,0.034902077500972184,0.034902077500972184,0.034902077500972184
0.500438,24,1,opp_m4_10000,opp_m4_10000,24,0.034902077500972184,0.034902077500972184,0.034902077500972184
0.500439,24,1,opp_m4_10000,opp_m4_10000,24,0.034902077500972184,0.034902077500972184,0.034902077500972184
0.500440,24,1,opp_m4_10000,opp_m4_10000,24,0.034902077500972184,0.034902077500972184,0.034902077500972184
0.500441,24,1,opp_m4_10000,opp_m4_10000,24,0.034902077500972184,0.034902077500972184,0.034902077500972184
0.500442,24,1,opp_m4_10000,opp_m4_10000,24,0.034902077500972184,0.034902077500972184,0.034902077500972184
0.500443,24,1,opp_m4_10000,opp_m4_10000,24,0.034902077500972184,0.034902077500972184,0.034902077500972184
0.500444,24,1,opp_m4_10000,opp_m4_10000,24,0.034902077500972184,0.034902077500972184,0.034902077500972184
0.500445,24,1,opp_m4_10000,opp_m4_10000,24,0.034902077500972184,0.034902077500972184,0.034902077500972184
0.500446,24,1,opp_m4_10000,opp_m4_10000,24,0.034902077500972184,0.034902077500972184,0.034902077500972184
0.500447,24,1,opp_m4_10000,opp_m4_10000,24,0.034902077500972184,0.034902077500972184,0.034902077500972184
0.500448,24,1,opp_m4_10000,opp_m4_10000,24,0.034902077500972184,0.034902077500972184,0.034902077500972184
0.500449,24,1,opp_m4_10000,opp_m4_10000,24,0.034902077500972184,0.034902077500972184,0.034902077500972184
0.500450,24,1,opp_m4_10000,opp_m4_10000,24,0.034902077500972184,0.034902077500972184,0.034902077500972184
0.500451,24,1,opp_m4_10000,opp_m4_10000,24,0.034902077500972184,0.034902077500972184,0.034902077500972184
0.500452,24,1,opp_m4_10000,opp_m4_10000,24,0.034902077500972184,0.034902077500972184,0.034902077500972184
0.500453,24,1,opp_m4_10000,opp_m4_10000,24,0.034902077500972184,0.034902077500972184,0.034902077500972184
0.500454,24,1,opp_m4_10000,opp_m4_10000,24,0.034902077500972184,0.034902077500972184,0.034902077500972184
0.500455,24,1,opp_m4_10000,opp_m4_10000,24,0.034902077500972184,0.034902077500972184,0.034902077500972184
0.500456,24,1,opp_m4_10000,opp_m4_10000,24,0.034902077500972184,0.034902077500972184,0.034902077500972184
0.500457,24,1,opp_m4_10000,opp_m4_10000,24,0.034902077500972184,0.034902077500972184,0.034902077500972184
0.500458,24,1,opp_m4_10000,opp_m4_10000,24,0.034902077500972184,0.034902077500972184,0.034902077500972184
0.500459,24,1,opp_m4_10000,opp_m4_10000,24,0.034902077500972184,0.034902077500972184,0.034902077500972184
0.500460,24,1,opp_m4_10000,opp_m4_10000,24,0.034902077500972184,0.034902077500972184,0.034902077500972184
0.500461,24,1,opp_m4_10000,opp_m4_10000,24,0.034902077500972184,0.034902077500972184,0.034902077500972184
0.500462,24,1,opp_m4_10000,opp_m4_10000,24,0.034902077500972184,0.034902077500972184,0.034902077500972184
0.500463,24,1,opp_m4_10000,opp_m4_10000,24,0.034902077500972184,0.034902077500972184,0.034902077500972184
0.500464,24,1,opp_m4_10000,opp_m4_10000,24,0.034902077500972184,0.034902077500972184,0.034902077500972184
0.500465,24,1,opp_m4_10000,opp_m4_10000,24,0.034902077500972184,0.034902077500972184,0.034902077500972184
0.500466,24,1,opp_m4_10000,opp_m4_10000,24,0.034902077500972184,0.034902077500972184,0.034902077500972184
0.500467,24,1,opp_m4_10000,opp_m4_10000,24,0.034902077500972184,0.034902077500972184,0.034902077500972184
0.500468,24,1,opp_m4_10000,opp_m4_10000,24,0.034902077500972184,0.034902077500972184,0.034902077500972184
0.500469,24,1,opp_m4_10000,opp_m4_10000,24,0.034902077500972184,0.034902077500972184,0.034902077500972184
0.500470,24,1,opp_m4_10000,opp_m4_10000,24,0.034902077500972184,0.034902077500972184,0.034902077500972184
0.500471,24,1,opp_m4_10000,opp_m4_10000,24,0.034902077500972184,0.034902077500972184,0.034902077500972184
0.500472,24,1,opp_m4_10000,opp_m4_10000,24,0.034902077500972184,0.034902077500972184,0.034902077500972184
0.500473,24,1,opp_m4_10000,opp_m4_10000,24,0.034902077500972184,0.034902077500972184,0.034902077500972184
0.500474,24,1,opp_m4_10000,opp_m4_10000,24,0.034902077500972184,0.034902077500972184,0.034902077500972184
0.500475,24,1,opp_m4_10000,opp_m4_10000,24,0.034902077500972184,0.034902077500972184,0.034902077500972184
0.500476,24,1,opp_m4_10000,opp_m4_10000,24,0.034902077500972184,0.034902077500972184,0.034902077500972184
0.500477,24,1,opp_m4_10000,opp_m4_10000,24,0.034902077500972184,0.034902077500972184,0.034902077500972184
0.500478,24,1,opp_m4_10000,opp_m4_10000,24,0.034902077500972184,0.034902077500972184,0.034902077500972184
0.500479,24,1,opp_m4_10000,opp_m4_10000,24,0.034902077500972184,0.034902077500972184,0.034902077500972184
0.500480,24,1,opp_m4_10000,opp_m4_10000,24,0.034902077500972184,0.034902077500972184,0.034902077500972184
0.500481,24,1,opp_m4_10000,opp_m4_10000,24,0.034902077500972184,0.034902077500972184,0.034902077500972184
0.500482,24,1,opp_m4_10000,opp_m4_10000,24,0.034902077500972184,0.034902077500972184,0.034902077500972184
0.500483,24,1,opp_m4_10000,opp_m4_10000,24,0.034902077500972184,0.034902077500972184,0.034902077500972184
0.500484,24,1,opp_m4_10000,opp_m4_10000,24,0.034902077500972184,0.034902077500972184,0.034902077500972184
0.500485,24,1,opp_m4_10000,opp_m4_10000,24,0.034902077500972184,0.034902077500972184,0.034902077500972184
0.500486,24,1,opp_m4_10000,opp_m4_10000,24,0.034902077500972184,0.034902077500972184,0.034902077500972184
0.500487,24,1,opp_m4_10000,opp_m4_10000,24,0.034902077500972184,0.034902077500972184,0.034902077500972184
0.500488,24,1,opp_m4_10000,opp_m4_10000,24,0.034902077500972184,0.034902077500972184,0.034902077500972184
0.500489,24,1,opp_m4_10000,opp_m4_10000,24,0.034902077500972184,0.034902077500972184,0.034902077500972184
0.500490,24,1,opp_m4_10000,opp_m4_10000,24,0.034902077500972184,0.034902077500972184,0.034902077500972184
0.500491,24,1,opp_m4_10000,opp_m4_10000,24,0.034902077500972184,0.034902077500972184,0.034902077500972184
0.500492,24,1,opp_m4_10000,opp_m4_10000,24,0.034902077500972184,0.034902077500972184,0.034902077500972184
0.500493,24,1,opp_m4_10000,opp_m4_10000,24,0.034902077500972184,0.034902077500972184,0.034902077500972184
0.500494,24,1,opp_m4_10000,opp_m4_10000,24,0.034902077500972184,0.034902077500972184,0.034902077500972184
0.500495,24,1,opp_m4_10000,opp_m4_10000,24,0.034902077500972184,0.034902077500972184,0.034902077500972184
0.500496,24,1,opp_m4_10000,opp_m4_10000,24,0.034902077500972184,0.034902077500972184,0.034902077500972184
0.500497,24,1,opp_m4_10000,opp_m4_10000,24,0.034902077500972184,0.034902077500972184,0.034902077500972184
0.500498,24,1,opp_m4_10000,opp_m4_10000,24,0.034902077500972184,0.034902077500972184,0.034902077500972184
0.500499,24,1,opp_m4_10000,opp_m4_10000,24,0.034902077500972184,0.034902077500972184,0.034902077500972184
0.500500,24,1,opp_m4_10000,opp_m4_10000,24,0.034902077500972184,0.034902077500972184,0.034902077500972184
0.500501,24,1,opp_m4_10000,opp_m4_10000,24,0.034902077500972184,0.034902077500972184,0.034902077500972184
0.500502,24,1,opp_m4_10000,opp_m4_10000,24,0.034902077500972184,0.034902077500972184,0.034902077500972184
0.500503,24,1,opp_m4_10000,opp_m4_10000,24,0.034902077500972184,0.034902077500972184,0.034902077500972184
0.500504,24,1,opp_m4_10000,opp_m4_10000,24,0.034902077500972184,0.034902077500972184,0.034902077500972184
0.500505,24,1,opp_m4_10000,opp_m4_10000,24,0.034902077500972184,0.034902077500972184,0.034902077500972184
0.500506,24,1,opp_m4_10000,opp_m4_10000,24,0.034902077500972184,0.034902077500972184,0.034902077500972184
0.500507,24,1,opp_m4_10000,opp_m4_10000,24,0.034902077500972184,0.034902077500972184,0.034902077500972184
0.500508,24,1,opp_m4_10000,opp_m4_10000,24,0.034902077500972184,0.034902077500972184,0.034902077500972184
0.500509,24,1,opp_m4_10000,opp_m4_10000,24,0.034902077500972184,0.034902077500972184,0.034902077500972184
0.500510,24,1,opp_m4_10000,opp_m4_10000,24,0.034902077500972184,0.034902077500972184,0.034902077500972184
0.500511,24,1,opp_m4_10000,opp_m4_10000,24,0.034902077500972184,0.034902077500972184,0.034902077500972184
0.500512,24,1,opp_m4_10000,opp_m4_10000,24,0.034902077500972184,0.034902077500972184,0.034902077500972184
0.500513,24,1,opp_m4_10000,opp_m4_10000,24,0.034902077500972184,0.034902077500972184,0.034902077500972184
0.500514,24,1,opp_m4_10000,opp_m4_10000,24,0.034902077500972184,0.034902077500972184,0.034902077500972184
0.500515,24,1,opp_m4_10000,opp_m4_10000,24,0.034902077500972184,0.034902077500972184,0.034902077500972184
0.500516,24,1,opp_m4_10000,opp_m4_10000,24,0.034902077500972184,0.034902077500972184,0.034902077500972184
0.500517,24,1,opp_m4_10000,opp_m4_10000,24,0.034902077500972184,0.034902077500972184,0.034902077500972184
0.500518,24,1,opp_m4_10000,opp_m4_10000,24,0.034902077500972184,0.034902077500972184,0.034902077500972184
0.500519,24,1,opp_m4_10000,opp_m4_10000,24,0.034902077500972184,0.034902077500972184,0.034902077500972184
0.500520,24,1,opp_m4_10000,opp_m4_10000,24,0.034902077500972184,0.034902077500972184,0.034902077500972184
0.500521,24,1,opp_m4_10000,opp_m4_10000,24,0.034902077500972184,0.034902077500972184,0.034902077500972184
0.500522,24,1,opp_m4_10000,opp_m4_10000,24,0.034902077500972184,0.034902077500972184,0.034902077500972184
0.500523,24,1,opp_m4_10000,opp_m4_10000,24,0.034902077500972184,0.034902077500972184,0.034902077500972184
0.500524,24,1,opp_m4_10000,opp_m4_10000,24,0.034902077500972184,0.034902077500972184,0.034902077500972184
0.500525,24,1,opp_m4_10000,opp_m4_10000,24,0.034902077500972184,0.034902077500972184,0.034902077500972184
0.500526,24,1,opp_m4_10000,opp_m4_10000,24,0.034902077500972184,0.034902077500972184,0.034902077500972184
0.500527,24,1,opp_m4_10000,opp_m4_10000,24,0.034902077500972184,0.034902077500972184,0.034902077500972184
0.500528,24,1,opp_m4_10000,opp_m4_10000,24,0.034902077500972184,0.034902077500972184,0.034902077500972184
0.500529,24,1,opp_m4_10000,opp_m4_10000,24,0.034902077500972184,0.034902077500972184,0.034902077500972184
0.500530,24,1,opp_m4_10000,opp_m4_10000,24,0.034902077500972184,0.034902077500972184,0.034902077500972184
0.500531,24,1,opp_m4_10000,opp_m4_10000,24,0.034902077500972184,0.034902077500972184,0.034902077500972184
0.500532,24,1,opp_m4_10000,opp_m4_10000,24,0.034902077500972184,0.034902077500972184,0.034902077500972184
0.500533,24,1,opp_m4_10000,opp_m4_10000,24,0.034902077500972184,0.034902077500972184,0.034902077500972184
0.500534,24,1,opp_m4_10000,opp_m4_10000,24,0.034902077500972184,0.034902077500972184,0.034902077500972184
0.500535,24,1,opp_m4_10000,opp_m4_10000,24,0.034902077500972184,0.034902077500972184,0.034902077500972184
0.500536,24,1,opp_m4_10000,opp_m4_10000,24,0.034902077500972184,0.034902077500972184,0.034902077500972184
0.500537,24,1,opp_m4_10000,opp_m4_10000,24,0.034902077500972184,0.034902077500972184,0.034902077500972184
0.500538,24,1,opp_m4_10000,opp_m4_10000,24,0.034902077500972184,0.034902077500972184,0.034902077500972184
0.500539,24,1,opp_m4_10000,opp_m4_10000,24,0.034902077500972184,0.034902077500972184,0.034902077500972184
0.500540,24,1,opp_m4_10000,opp_m4_10000,24,0.034902077500972184,0.034902077500972184,0.034902077500972184
0.500541,24,1,opp_m4_10000,opp_m4_10000,24,0.034902077500972184,0.034902077500972184,0.034902077500972184
0.500542,24,1,opp_m4_10000,opp_m4_10000,24,0.034902077500972184,0.034902077500972184,0.034902077500972184
0.500543,24,1,opp_m4_10000,opp_m4_10000,24,0.034902077500972184,0.034902077500972184,0.034902077500972184
0.500544,24,1,opp_m4_10000,opp_m4_10000,24,0.034902077500972184,0.034902077500972184,0.034902077500972184
0.500545,24,1,opp_m4_10000,opp_m4_10000,24,0.034902077500972184,0.034902077500972184,0.034902077500972184
0.500546,24,1,opp_m4_10000,opp_m4_10000,24,0.034902077500972184,0.034902077500972184,0.034902077500972184
0.500547,24,1,opp_m4_10000,opp_m4_10000,24,0.034902077500972184,0.034902077500972184,0.034902077500972184
0.500548,24,1,opp_m4_10000,opp_m4_10000,24,0.034902077500972184,0.034902077500972184,0.034902077500972184
0.500549,24,1,opp_m4_10000,opp_m4_10000,24,0.034902077500972184,0.034902077500972184,0.034902077500972184
0.500550,24,1,opp_m4_10000,opp_m4_10000,24,0.034902077500972184,0.034902077500972184,0.034902077500972184
0.500551,24,1,opp_m4_10000,opp_m4_10000,24,0.034902077500972184,0.034902077500972184,0.034902077500972184
0.500552,24,1,opp_m4_10000,opp_m4_10000,24,0.034902077500972184,0.034902077500972184,0.034902077500972184
0.500553,24,1,opp_m4_10000,opp_m4_10000,24,0.034902077500972184,0.034902077500972184,0.034902077500972184
0.500554,24,1,opp_m4_10000,opp_m4_10000,24,0.034902077500972184,0.034902077500972184,0.034902077500972184
0.500555,24,1,opp_m4_10000,opp_m4_10000,24,0.034902077500972184,0.034902077500972184,0.034902077500972184
0.500556,24,1,opp_m4_10000,opp_m4_10000,24,0.034902077500972184,0.034902077500972184,0.034902077500972184
0.500557,24,1,opp_m4_10000,opp_m4_10000,24,0.034902077500972184,0.034902077500972184,0.034902077500972184
0.500558,24,1,opp_m4_10000,opp_m4_10000,24,0.034902077500972184,0.034902077500972184,0.034902077500972184
0.500559,24,1,opp_m4_10000,opp_m4_10000,24,0.034902077500972184,0.034902077500972184,0.034902077500972184
0.500560,24,1,opp_m4_10000,opp_m4_10000,24,0.034902077500972184,0.034902077500972184,0.034902077500972184
0.500561,24,1,opp_m4_10000,opp_m4_10000,24,0.034902077500972184,0.034902077500972184,0.034902077500972184
0.500562,24,1,opp_m4_10000,opp_m4_10000,24,0.034902077500972184,0.034902077500972184,0.034902077500972184
0.500563,24,1,opp_m4_10000,opp_m4_10000,24,0.034902077500972184,0.034902077500972184,0.034902077500972184
0.500564,24,1,opp_m4_10000,opp_m4_10000,24,0.034902077500972184,0.034902077500972184,0.034902077500972184
0.500565,24,1,opp_m4_10000,opp_m4_10000,24,0.034902077500972184,0.034902077500972184,0.034902077500972184
0.500566,24,1,opp_m4_10000,opp_m4_10000,24,0.034902077500972184,0.034902077500972184,0.034902077500972184
0.500567,24,1,opp_m4_10000,opp_m4_10000,24,0.034902077500972184,0.034902077500972184,0.034902077500972184
0.500568,24,1,opp_m4_10000,opp_m4_10000,24,0.034902077500972184,0.034902077500972184,0.034902077500972184
0.500569,24,1,opp_m4_10000,opp_m4_10000,24,0.034902077500972184,0.034902077500972184,0.034902077500972184
0.500570,24,1,opp_m4_10000,opp_m4_10000,24,0.034902077500972184,0.034902077500972184,0.034902077500972184
0.500571,24,1,opp_m4_10000,opp_m4_10000,24,0.034902077500972184,0.034902077500972184,0.034902077500972184
0.500572,24,1,opp_m4_10000,opp_m4_10000,24,0.034902077500972184,0.034902077500972184,0.034902077500972184
0.500573,24,1,opp_m4_10000,opp_m4_10000,24,0.034902077500972184,0.034902077500972184,0.034902077500972184
0.500574,24,1,opp_m4_10000,opp_m4_10000,24,0.034902077500972184,0.034902077500972184,0.034902077500972184
0.500575,24,1,opp_m4_10000,opp_m4_10000,24,0.034902077500972184,0.034902077500972184,0.034902077500972184
0.500576,24,1,opp_m4_10000,opp_m4_10000,24,0.034902077500972184,0.034902077500972184,0.034902077500972184
0.500577,24,1,opp_m4_10000,opp_m4_10000,24,0.034902077500972184,0.034902077500972184,0.034902077500972184
0.500578,24,1,opp_m4_10000,opp_m4_10000,24,0.034902077500972184,0.034902077500972184,0.034902077500972184
0.500579,24,1,opp_m4_10000,opp_m4_10000,24,0.034902077500972184,0.034902077500972184,0.034902077500972184
0.500580,24,1,opp_m4_10000,opp_m4_10000,24,0.034902077500972184,0.034902077500972184,0.034902077500972184
0.500581,24,1,opp_m4_10000,opp_m4_10000,24,0.034902077500972184,0.034902077500972184,0.034902077500972184
0.500582,24,1,opp_m4_10000,opp_m4_10000,24,0.034902077500972184,0.034902077500972184,0.034902077500972184
0.500583,24,1,opp_m4_10000,opp_m4_10000,24,0.034902077500972184,0.034902077500972184,0.034902077500972184
0.500584,24,1,opp_m4_10000,opp_m4_10000,24,0.034902077500972184,0.034902077500972184,0.034902077500972184
0.500585,24,1,opp_m4_10000,opp_m4_10000,24,0.034902077500972184,0.034902077500972184,0.034902077500972184
0.500586,24,1,opp_m4_10000,opp_m4_10000,24,0.034902077500972184,0.034902077500972184,0.034902077500972184
0.500587,24,1,opp_m4_10000,opp_m4_10000,24,0.034902077500972184,0.034902077500972184,0.034902077500972184
0.500588,24,1,opp_m4_10000,opp_m4_10000,24,0.034902077500972184,0.034902077500972184,0.034902077500972184
0.500589,24,1,opp_m4_10000,opp_m4_10000,24,0.034902077500972184,0.034902077500972184,0.034902077500972184
0.500590,24,1,opp_m4_10000,opp_m4_10000,24,0.034902077500972184,0.034902077500972184,0.034902077500972184
0.500591,24,1,opp_m4_10000,opp_m4_10000,24,0.034902077500972184,0.034902077500972184,0.034902077500972184
0.500592,24,1,opp_m4_10000,opp_m4_10000,24,0.034902077500972184,0.034902077500972184,0.034902077500972184
0.500593,24,1,opp_m4_10000,opp_m4_10000,24,0.034902077500972184,0.034902077500972184,0.034902077500972184
0.500594,24,1,opp_m4_10000,opp_m4_10000,24,0.034902077500972184,0.034902077500972184,0.034902077500972184
0.500595,24,1,opp_m4_10000,opp_m4_10000,24,0.034902077500972184,0.034902077500972184,0.034902077500972184
0.500596,24,1,opp_m4_10000,opp_m4_10000,24,0.034902077500972184,0.034902077500972184,0.034902077500972184
0.500597,24,1,opp_m4_10000,opp_m4_10000,24,0.034902077500972184,0.034902077500972184,0.034902077500972184
0.500598,24,1,opp_m4_10000,opp_m4_10000,24,0.034902077500972184,0.034902077500972184,0.034902077500972184
0.500599,24,1,opp_m4_10000,opp_m4_10000,24,0.034902077500972184,0.034902077500972184,0.034902077500972184
0.500600,24,1,opp_m4_10000,opp_m4_10000,24,0.034902077500972184,0.034902077500972184,0.034902077500972184
0.500601,24,1,opp_m4_10000,opp_m4_10000,24,0.034902077500972184,0.034902077500972184,0.034902077500972184
0.500602,24,1,opp_m4_10000,opp_m4_10000,24,0.034902077500972184,0.034902077500972184,0.034902077500972184
0.500603,24,1,opp_m4_10000,opp_m4_10000,24,0.034902077500972184,0.034902077500972184,0.034902077500972184
0.500604,24,1,opp_m4_10000,opp_m4_10000,24,0.034902077500972184,0.034902077500972184,0.034902077500972184
0.500605,24,1,opp_m4_10000,opp_m4_10000,24,0.034902077500972184,0.034902077500972184,0.034902077500972184
0.500606,24,1,opp_m4_10000,opp_m4_10000,24,0.034902077500972184,0.034902077500972184,0.034902077500972184
0.500607,24,1,opp_m4_10000,opp_m4_10000,24,0.034902077500972184,0.034902077500972184,0.034902077500972184
0.500608,24,1,opp_m4_10000,opp_m4_10000,24,0.034902077500972184,0.034902077500972184,0.034902077500972184
0.500609,24,1,opp_m4_10000,opp_m4_10000,24,0.034902077500972184,0.034902077500972184,0.034902077500972184
0.500610,24,1,opp_m4_10000,opp_m4_10000,24,0.034902077500972184,0.034902077500972184,0.034902077500972184
0.500611,24,1,opp_m4_10000,opp_m4_10000,24,0.034902077500972184,0.034902077500972184,0.034902077500972184
0.500612,24,1,opp_m4_10000,opp_m4_10000,24,0.034902077500972184,0.034902077500972184,0.034902077500972184
0.500613,24,1,opp_m4_10000,opp_m4_10000,24,0.034902077500972184,0.034902077500972184,0.034902077500972184
0.500614,24,1,opp_m4_10000,opp_m4_10000,24,0.034902077500972184,0.034902077500972184,0.034902077500972184
0.500615,24,1,opp_m4_10000,opp_m4_10000,24,0.034902077500972184,0.034902077500972184,0.034902077500972184
0.500616,24,1,opp_m4_10000,opp_m4_10000,24,0.034902077500972184,0.034902077500972184,0.034902077500972184
0.500617,24,1,opp_m4_10000,opp_m4_10000,24,0.034902077500972184,0.034902077500972184,0.034902077500972184
0.500618,24,1,opp_m4_10000,opp_m4_10000,24,0.034902077500972184,0.034902077500972184,0.034902077500972184
0.500619,24,1,opp_m4_10000,opp_m4_10000,24,0.034902077500972184,0.034902077500972184,0.034902077500972184
0.500620,24,1,opp_m4_10000,opp_m4_10000,24,0.034902077500972184,0.034902077500972184,0.034902077500972184
0.500621,24,1,opp_m4_10000,opp_m4_10000,24,0.034902077500972184,0.034902077500972184,0.034902077500972184
0.500622,24,1,opp_m4_10000,opp_m4_10000,24,0.034902077500972184,0.034902077500972184,0.034902077500972184
0.500623,24,1,opp_m4_10000,opp_m4_10000,24,0.034902077500972184,0.034902077500972184,0.034902077500972184
0.500624,24,1,opp_m4_10000,opp_m4_10000,24,0.034902077500972184,0.034902077500972184,0.034902077500972184
0.500625,24,1,opp_m4_10000,opp_m4_10000,24,0.034902077500972184,0.034902077500972184,0.034902077500972184
0.500626,24,1,opp_m4_10000,opp_m4_10000,24,0.034902077500972184,0.034902077500972184,0.034902077500972184
0.500627,24,1,opp_m4_10000,opp_m4_10000,24,0.034902077500972184,0.034902077500972184,0.034902077500972184
0.500628,24,1,opp_m4_10000,opp_m4_10000,24,0.034902077500972184,0.034902077500972184,0.034902077500972184
0.500629,24,1,opp_m4_10000,opp_m4_10000,24,0.034902077500972184,0.034902077500972184,0.034902077500972184
0.500630,24,1,opp_m4_10000,opp_m4_10000,24,0.034902077500972184,0.034902077500972184,0.034902077500972184
0.500631,24,1,opp_m4_10000,opp_m4_10000,24,0.034902077500972184,0.034902077500972184,0.034902077500972184
0.500632,24,1,opp_m4_10000,opp_m4_10000,24,0.034902077500972184,0.034902077500972184,0.034902077500972184
0.500633,24,1,opp_m4_10000,opp_m4_10000,24,0.034902077500972184,0.034902077500972184,0.034902077500972184
0.500634,24,1,opp_m4_10000,opp_m4_10000,24,0.034902077500972184,0.034902077500972184,0.034902077500972184
0.500635,24,1,opp_m4_10000,opp_m4_10000,24,0.034902077500972184,0.034902077500972184,0.034902077500972184
0.500636,24,1,opp_m4_10000,opp_m4_10000,24,0.034902077500972184,0.034902077500972184,0.034902077500972184
0.500637,24,1,opp_m4_10000,opp_m4_10000,24,0.034902077500972184,0.034902077500972184,0.034902077500972184
0.500638,24,1,opp_m4_10000,opp_m4_10000,24,0.034902077500972184,0.034902077500972184,0.034902077500972184
0.500639,24,1,opp_m4_10000,opp_m4_10000,24,0.034902077500972184,0.034902077500972184,0.034902077500972184
0.500640,24,1,opp_m4_10000,opp_m4_10000,24,0.034902077500972184,0.034902077500972184,0.034902077500972184
0.500641,24,1,opp_m4_10000,opp_m4_10000,24,0.034902077500972184,0.034902077500972184,0.034902077500972184
0.500642,24,1,opp_m4_10000,opp_m4_10000,24,0.034902077500972184,0.034902077500972184,0.034902077500972184
0.500643,24,1,opp_m4_10000,opp_m4_10000,24,0.034902077500972184,0.034902077500972184,0.034902077500972184
0.500644,24,1,opp_m4_10000,opp_m4_10000,24,0.034902077500972184,0.034902077500972184,0.034902077500972184
0.500645,24,1,opp_m4_10000,opp_m4_10000,24,0.034902077500972184,0.034902077500972184,0.034902077500972184
0.500646,24,1,opp_m4_10000,opp_m4_10000,24,0.034902077500972184,0.034902077500972184,0.034902077500972184
0.500647,24,1,opp_m4_10000,opp_m4_10000,24,0.034902077500972184,0.034902077500972184,0.034902077500972184
0.500648,24,1,opp_m4_10000,opp_m4_10000,24,0.034902077500972184,0.034902077500972184,0.034902077500972184
0.500649,24,1,opp_m4_10000,opp_m4_10000,24,0.034902077500972184,0.034902077500972184,0.034902077500972184
0.500650,24,1,opp_m4_10000,opp_m4_10000,24,0.034902077500972184,0.034902077500972184,0.034902077500972184
0.500651,24,1,opp_m4_10000,opp_m4_10000,24,0.034902077500972184,0.034902077500972184,0.034902077500972184
0.500652,24,1,opp_m4_10000,opp_m4_10000,24,0.034902077500972184,0.034902077500972184,0.034902077500972184
0.500653,24,1,opp_m4_10000,opp_m4_10000,24,0.034902077500972184,0.034902077500972184,0.034902077500972184
0.500654,24,1,opp_m4_10000,opp_m4_10000,24,0.034902077500972184,0.034902077500972184,0.034902077500972184
0.500655,24,1,opp_m4_10000,opp_m4_10000,24,0.034902077500972184,0.034902077500972184,0.034902077500972184
0.500656,24,1,opp_m4_10000,opp_m4_10000,24,0.034902077500972184,0.034902077500972184,0.034902077500972184
0.500657,24,1,opp_m4_10000,opp_m4_10000,24,0.034902077500972184,0.034902077500972184,0.034902077500972184
0.500658,24,1,opp_m4_10000,opp_m4_10000,24,0.034902077500972184,0.034902077500972184,0.034902077500972184
0.500659,24,1,opp_m4_10000,opp_m4_10000,24,0.034902077500972184,0.034902077500972184,0.034902077500972184
0.500660,24,1,opp_m4_10000,opp_m4_10000,24,0.034902077500972184,0.034902077500972184,0.034902077500972184
0.500661,24,1,opp_m4_10000,opp_m4_10000,24,0.034902077500972184,0.034902077500972184,0.034902077500972184
0.500662,24,1,opp_m4_10000,opp_m4_10000,24,0.034902077500972184,0.034902077500972184,0.034902077500972184
0.500663,24,1,opp_m4_10000,opp_m4_10000,24,0.034902077500972184,0.034902077500972184,0.034902077500972184
0.500664,24,1,opp_m4_10000,opp_m4_10000,24,0.034902077500972184,0.034902077500972184,0.034902077500972184
0.500665,24,1,opp_m4_10000,opp_m4_10000,24,0.034902077500972184,0.034902077500972184,0.034902077500972184
0.500666,24,1,opp_m4_10000,opp_m4_10000,24,0.034902077500972184,0.034902077500972184,0.034902077500972184
0.500667,24,1,opp_m4_10000,opp_m4_10000,24,0.034902077500972184,0.034902077500972184,0.034902077500972184
0.500668,24,1,opp_m4_10000,opp_m4_10000,24,0.034902077500972184,0.034902077500972184,0.034902077500972184
0.500669,24,1,opp_m4_10000,opp_m4_10000,24,0.034902077500972184,0.034902077500972184,0.034902077500972184
0.500670,24,1,opp_m4_10000,opp_m4_10000,24,0.034902077500972184,0.034902077500972184,0.034902077500972184
0.500671,24,1,opp_m4_10000,opp_m4_10000,24,0.034902077500972184,0.034902077500972184,0.034902077500972184
0.500672,24,1,opp_m4_10000,opp_m4_10000,24,0.034902077500972184,0.034902077500972184,0.034902077500972184
0.500673,24,1,opp_m4_10000,opp_m4_10000,24,0.034902077500972184,0.034902077500972184,0.034902077500972184
0.500674,24,1,opp_m4_10000,opp_m4_10000,24,0.034902077500972184,0.034902077500972184,0.034902077500972184
0.500675,24,1,opp_m4_10000,opp_m4_10000,24,0.034902077500972184,0.034902077500972184,0.034902077500972184
0.500676,24,1,opp_m4_10000,opp_m4_10000,24,0.034902077500972184,0.034902077500972184,0.034902077500972184
0.500677,24,1,opp_m4_10000,opp_m4_10000,24,0.034902077500972184,0.034902077500972184,0.034902077500972184
0.500678,24,1,opp_m4_10000,opp_m4_10000,24,0.034902077500972184,0.034902077500972184,0.034902077500972184
0.500679,24,1,opp_m4_10000,opp_m4_10000,24,0.034902077500972184,0.034902077500972184,0.034902077500972184
0.500680,24,1,opp_m4_10000,opp_m4_10000,24,0.034902077500972184,0.034902077500972184,0.034902077500972184
0.500681,24,1,opp_m4_10000,opp_m4_10000,24,0.034902077500972184,0.034902077500972184,0.034902077500972184
0.500682,24,1,opp_m4_10000,opp_m4_10000,24,0.034902077500972184,0.034902077500972184,0.034902077500972184
0.500683,24,1,opp_m4_10000,opp_m4_10000,24,0.034902077500972184,0.034902077500972184,0.034902077500972184
0.500684,24,1,opp_m4_10000,opp_m4_10000,24,0.034902077500972184,0.034902077500972184,0.034902077500972184
0.500685,24,1,opp_m4_10000,opp_m4_10000,24,0.034902077500972184,0.034902077500972184,0.034902077500972184
0.500686,24,1,opp_m4_10000,opp_m4_10000,24,0.034902077500972184,0.034902077500972184,0.034902077500972184
0.500687,24,1,opp_m4_10000,opp_m4_10000,24,0.034902077500972184,0.034902077500972184,0.034902077500972184
0.500688,24,1,opp_m4_10000,opp_m4_10000,24,0.034902077500972184,0.034902077500972184,0.034902077500972184
0.500689,24,1,opp_m4_10000,opp_m4_10000,24,0.034902077500972184,0.034902077500972184,0.034902077500972184
0.500690,24,1,opp_m4_10000,opp_m4_10000,24,0.034902077500972184,0.034902077500972184,0.034902077500972184
0.500691,24,1,opp_m4_10000,opp_m4_10000,24,0.034902077500972184,0.034902077500972184,0.034902077500972184
0.500692,24,1,opp_m4_10000,opp_m4_10000,24,0.034902077500972184,0.034902077500972184,0.034902077500972184
0.500693,24,1,opp_m4_10000,opp_m4_10000,24,0.034902077500972184,0.034902077500972184,0.034902077500972184
0.500694,24,1,opp_m4_10000,opp_m4_10000,24,0.034902077500972184,0.034902077500972184,0.034902077500972184
0.500695,24,1,opp_m4_10000,opp_m4_10000,24,0.034902077500972184,0.034902077500972184,0.034902077500972184
0.500696,24,1,opp_m4_10000,opp_m4_10000,24,0.034902077500972184,0.034902077500972184,0.034902077500972184
0.500697,24,1,opp_m4_10000,opp_m4_10000,24,0.034902077500972184,0.034902077500972184,0.034902077500972184
0.500698,24,1,opp_m4_10000,opp_m4_10000,24,0.034902077500972184,0.034902077500972184,0.034902077500972184
0.500699,24,1,opp_m4_10000,opp_m4_10000,24,0.034902077500972184,0.034902077500972184,0.034902077500972184
0.500700,24,1,opp_m4_10000,opp_m4_10000,24,0.034902077500972184,0.034902077500972184,0.034902077500972184
0.500701,24,1,opp_m4_10000,opp_m4_10000,24,0.034902077500972184,0.034902077500972184,0.034902077500972184
0.500702,24,1,opp_m4_10000,opp_m4_10000,24,0.034902077500972184,0.034902077500972184,0.034902077500972184
0.500703,24,1,opp_m4_10000,opp_m4_10000,24,0.034902077500972184,0.034902077500972184,0.034902077500972184
0.500704,24,1,opp_m4_10000,opp_m4_10000,24,0.034902077500972184,0.034902077500972184,0.034902077500972184
0.500705,24,1,opp_m4_10000,opp_m4_10000,24,0.034902077500972184,0.034902077500972184,0.034902077500972184
0.500706,24,1,opp_m4_10000,opp_m4_10000,24,0.034902077500972184,0.034902077500972184,0.034902077500972184
0.500707,24,1,opp_m4_10000,opp_m4_10000,24,0.034902077500972184,0.034902077500972184,0.034902077500972184
0.500708,24,1,opp_m4_10000,opp_m4_10000,24,0.034902077500972184,0.034902077500972184,0.034902077500972184
0.500709,24,1,opp_m4_10000,opp_m4_10000,24,0.034902077500972184,0.034902077500972184,0.034902077500972184
0.500710,24,1,opp_m4_10000,opp_m4_10000,24,0.034902077500972184,0.034902077500972184,0.034902077500972184
0.500711,24,1,opp_m4_10000,opp_m4_10000,24,0.034902077500972184,0.034902077500972184,0.034902077500972184
0.500712,24,1,opp_m4_10000,opp_m4_10000,24,0.034902077500972184,0.034902077500972184,0.034902077500972184
0.500713,24,1,opp_m4_10000,opp_m4_10000,24,0.034902077500972184,0.034902077500972184,0.034902077500972184
0.500714,24,1,opp_m4_10000,opp_m4_10000,24,0.034902077500972184,0.034902077500972184,0.034902077500972184
0.500715,24,1,opp_m4_10000,opp_m4_10000,24,0.034902077500972184,0.034902077500972184,0.034902077500972184
0.500716,24,1,opp_m4_10000,opp_m4_10000,24,0.034902077500972184,0.034902077500972184,0.034902077500972184
0.500717,24,1,opp_m4_10000,opp_m4_10000,24,0.034902077500972184,0.034902077500972184,0.034902077500972184
0.500718,24,1,opp_m4_10000,opp_m4_10000,24,0.034902077500972184,0.034902077500972184,0.034902077500972184
0.500719,24,1,opp_m4_10000,opp_m4_10000,24,0.034902077500972184,0.034902077500972184,0.034902077500972184
0.500720,24,1,opp_m4_10000,opp_m4_10000,24,0.034902077500972184,0.034902077500972184,0.034902077500972184
0.500721,24,1,opp_m4_10000,opp_m4_10000,24,0.034902077500972184,0.034902077500972184,0.034902077500972184
0.500722,24,1,opp_m4_10000,opp_m4_10000,24,0.034902077500972184,0.034902077500972184,0.034902077500972184
0.500723,24,1,opp_m4_10000,opp_m4_10000,24,0.034902077500972184,0.034902077500972184,0.034902077500972184
0.500724,24,1,opp_m4_10000,opp_m4_10000,24,0.034902077500972184,0.034902077500972184,0.034902077500972184
0.500725,24,1,opp_m4_10000,opp_m4_10000,24,0.034902077500972184,0.034902077500972184,0.034902077500972184
0.500726,24,1,opp_m4_10000,opp_m4_10000,24,0.034902077500972184,0.034902077500972184,0.034902077500972184
0.500727,24,1,opp_m4_10000,opp_m4_10000,24,0.034902077500972184,0.034902077500972184,0.034902077500972184
0.500728,24,1,opp_m4_10000,opp_m4_10000,24,0.034902077500972184,0.034902077500972184,0.034902077500972184
0.500729,24,1,opp_m4_10000,opp_m4_10000,24,0.034902077500972184,0.034902077500972184,0.034902077500972184
0.500730,24,1,opp_m4_10000,opp_m4_10000,24,0.034902077500972184,0.034902077500972184,0.034902077500972184
0.500731,24,1,opp_m4_10000,opp_m4_10000,24,0.034902077500972184,0.034902077500972184,0.034902077500972184
0.500732,24,1,opp_m4_10000,opp_m4_10000,24,0.034902077500972184,0.034902077500972184,0.034902077500972184
0.500733,24,1,opp_m4_10000,opp_m4_10000,24,0.034902077500972184,0.034902077500972184,0.034902077500972184
0.500734,24,1,opp_m4_10000,opp_m4_10000,24,0.034902077500972184,0.034902077500972184,0.034902077500972184
0.500735,24,1,opp_m4_10000,opp_m4_10000,24,0.034902077500972184,0.034902077500972184,0.034902077500972184
0.500736,24,1,opp_m4_10000,opp_m4_10000,24,0.034902077500972184,0.034902077500972184,0.034902077500972184
0.500737,24,1,opp_m4_10000,opp_m4_10000,24,0.034902077500972184,0.034902077500972184,0.034902077500972184
0.500738,24,1,opp_m4_10000,opp_m4_10000,24,0.034902077500972184,0.034902077500972184,0.034902077500972184
0.500739,24,1,opp_m4_10000,opp_m4_10000,24,0.034902077500972184,0.034902077500972184,0.034902077500972184
0.500740,24,1,opp_m4_10000,opp_m4_10000,24,0.034902077500972184,0.034902077500972184,0.034902077500972184
0.500741,24,1,opp_m4_10000,opp_m4_10000,24,0.034902077500972184,0.034902077500972184,0.034902077500972184
0.500742,24,1,opp_m4_10000,opp_m4_10000,24,0.034902077500972184,0.034902077500972184,0.034902077500972184
0.500743,24,1,opp_m4_10000,opp_m4_10000,24,0.034902077500972184,0.034902077500972184,0.034902077500972184
0.500744,24,1,opp_m4_10000,opp_m4_10000,24,0.034902077500972184,0.034902077500972184,0.034902077500972184
0.500745,24,1,opp_m4_10000,opp_m4_10000,24,0.034902077500972184,0.034902077500972184,0.034902077500972184
0.500746,24,1,opp_m4_10000,opp_m4_10000,24,0.034902077500972184,0.034902077500972184,0.034902077500972184
0.500747,24,1,opp_m4_10000,opp_m4_10000,24,0.034902077500972184,0.034902077500972184,0.034902077500972184
0.500748,24,1,opp_m4_10000,opp_m4_10000,24,0.034902077500972184,0.034902077500972184,0.034902077500972184
0.500749,24,1,opp_m4_10000,opp_m4_10000,24,0.034902077500972184,0.034902077500972184,0.034902077500972184
0.500750,24,1,opp_m4_10000,opp_m4_10000,24,0.034902077500972184,0.034902077500972184,0.034902077500972184
0.500751,24,1,opp_m4_10000,opp_m4_10000,24,0.034902077500972184,0.034902077500972184,0.034902077500972184
0.500752,24,1,opp_m4_10000,opp_m4_10000,24,0.034902077500972184,0.034902077500972184,0.034902077500972184
0.500753,24,1,opp_m4_10000,opp_m4_10000,24,0.034902077500972184,0.034902077500972184,0.034902077500972184
0.500754,24,1,opp_m4_10000,opp_m4_10000,24,0.034902077500972184,0.034902077500972184,0.034902077500972184
0.500755,24,1,opp_m4_10000,opp_m4_10000,24,0.034902077500972184,0.034902077500972184,0.034902077500972184
0.500756,24,1,opp_m4_10000,opp_m4_10000,24,0.034902077500972184,0.034902077500972184,0.034902077500972184
0.500757,24,1,opp_m4_10000,opp_m4_10000,24,0.034902077500972184,0.034902077500972184,0.034902077500972184
0.500758,24,1,opp_m4_10000,opp_m4_10000,24,0.034902077500972184,0.034902077500972184,0.034902077500972184
0.500759,24,1,opp_m4_10000,opp_m4_10000,24,0.034902077500972184,0.034902077500972184,0.034902077500972184
0.500760,24,1,opp_m4_10000,opp_m4_10000,24,0.034902077500972184,0.034902077500972184,0.034902077500972184
0.500761,24,1,opp_m4_10000,opp_m4_10000,24,0.034902077500972184,0.034902077500972184,0.034902077500972184
0.500762,24,1,opp_m4_10000,opp_m4_10000,24,0.034902077500972184,0.034902077500972184,0.034902077500972184
0.500763,24,1,opp_m4_10000,opp_m4_10000,24,0.034902077500972184,0.034902077500972184,0.034902077500972184
0.500764,24,1,opp_m4_10000,opp_m4_10000,24,0.034902077500972184,0.034902077500972184,0.034902077500972184
0.500765,24,1,opp_m4_10000,opp_m4_10000,24,0.034902077500972184,0.034902077500972184,0.034902077500972184
0.500766,24,1,opp_m4_10000,opp_m4_10000,24,0.034902077500972184,0.034902077500972184,0.034902077500972184
0.500767,24,1,opp_m4_10000,opp_m4_10000,24,0.034902077500972184,0.034902077500972184,0.034902077500972184
0.500768,24,1,opp_m4_10000,opp_m4_10000,24,0.034902077500972184,0.034902077500972184,0.034902077500972184
0.500769,24,1,opp_m4_10000,opp_m4_10000,24,0.034902077500972184,0.034902077500972184,0.034902077500972184
0.500770,24,1,opp_m4_10000,opp_m4_10000,24,0.034902077500972184,0.034902077500972184,0.034902077500972184
0.500771,24,1,opp_m4_10000,opp_m4_10000,24,0.034902077500972184,0.034902077500972184,0.034902077500972184
0.500772,24,1,opp_m4_10000,opp_m4_10000,24,0.034902077500972184,0.034902077500972184,0.034902077500972184
0.500773,24,1,opp_m4_10000,opp_m4_10000,24,0.034902077500972184,0.034902077500972184,0.034902077500972184
0.500774,24,1,opp_m4_10000,opp_m4_10000,24,0.034902077500972184,0.034902077500972184,0.034902077500972184
0.500775,24,1,opp_m4_10000,opp_m4_10000,24,0.034902077500972184,0.034902077500972184,0.034902077500972184
0.500776,24,1,opp_m4_10000,opp_m4_10000,24,0.034902077500972184,0.034902077500972184,0.034902077500972184
0.500777,24,1,opp_m4_10000,opp_m4_10000,24,0.034902077500972184,0.034902077500972184,0.034902077500972184
0.500778,24,1,opp_m4_10000,opp_m4_10000,24,0.034902077500972184,0.034902077500972184,0.034902077500972184
0.500779,24,1,opp_m4_10000,opp_m4_10000,24,0.034902077500972184,0.034902077500972184,0.034902077500972184
0.500780,24,1,opp_m4_10000,opp_m4_10000,24,0.034902077500972184,0.034902077500972184,0.034902077500972184
0.500781,24,1,opp_m4_10000,opp_m4_10000,24,0.034902077500972184,0.034902077500972184,0.034902077500972184
0.500782,24,1,opp_m4_10000,opp_m4_10000,24,0.034902077500972184,0.034902077500972184,0.034902077500972184
0.500783,24,1,opp_m4_10000,opp_m4_10000,24,0.034902077500972184,0.034902077500972184,0.034902077500972184
0.500784,24,1,opp_m4_10000,opp_m4_10000,24,0.034902077500972184,0.034902077500972184,0.034902077500972184
0.500785,24,1,opp_m4_10000,opp_m4_10000,24,0.034902077500972184,0.034902077500972184,0.034902077500972184
0.500786,24,1,opp_m4_10000,opp_m4_10000,24,0.034902077500972184,0.034902077500972184,0.034902077500972184
0.500787,24,1,opp_m4_10000,opp_m4_10000,24,0.034902077500972184,0.034902077500972184,0.034902077500972184
0.500788,24,1,opp_m4_10000,opp_m4_10000,24,0.034902077500972184,0.034902077500972184,0.034902077500972184
0.500789,24,1,opp_m4_10000,opp_m4_10000,24,0.034902077500972184,0.034902077500972184,0.034902077500972184
0.500790,24,1,opp_m4_10000,opp_m4_10000,24,0.034902077500972184,0.034902077500972184,0.034902077500972184
0.500791,24,1,opp_m4_10000,opp_m4_10000,24,0.034902077500972184,0.034902077500972184,0.034902077500972184
0.500792,24,1,opp_m4_10000,opp_m4_10000,24,0.034902077500972184,0.034902077500972184,0.034902077500972184
0.500793,24,1,opp_m4_10000,opp_m4_10000,24,0.034902077500972184,0.034902077500972184,0.034902077500972184
0.500794,24,1,opp_m4_10000,opp_m4_10000,24,0.034902077500972184,0.034902077500972184,0.034902077500972184
0.500795,24,1,opp_m4_10000,opp_m4_10000,24,0.034902077500972184,0.034902077500972184,0.034902077500972184
0.500796,24,1,opp_m4_10000,opp_m4_10000,24,0.034902077500972184,0.034902077500972184,0.034902077500972184
0.500797,24,1,opp_m4_10000,opp_m4_10000,24,0.034902077500972184,0.034902077500972184,0.034902077500972184
0.500798,24,1,opp_m4_10000,opp_m4_10000,24,0.034902077500972184,0.034902077500972184,0.034902077500972184
0.500799,24,1,opp_m4_10000,opp_m4_10000,24,0.034902077500972184,0.034902077500972184,0.034902077500972184
0.500800,24,1,opp_m4_10000,opp_m4_10000,24,0.034902077500972184,0.034902077500972184,0.034902077500972184
0.500801,24,1,opp_m4_10000,opp_m4_10000,24,0.034902077500972184,0.034902077500972184,0.034902077500972184
0.500802,24,1,opp_m4_10000,opp_m4_10000,24,0.034902077500972184,0.034902077500972184,0.034902077500972184
0.500803,24,1,opp_m4_10000,opp_m4_10000,24,0.034902077500972184,0.034902077500972184,0.034902077500972184
0.500804,24,1,opp_m4_10000,opp_m4_10000,24,0.034902077500972184,0.034902077500972184,0.034902077500972184
0.500805,24,1,opp_m4_10000,opp_m4_10000,24,0.034902077500972184,0.034902077500972184,0.034902077500972184
0.500806,24,1,opp_m4_10000,opp_m4_10000,24,0.034902077500972184,0.034902077500972184,0.034902077500972184
0.500807,24,1,opp_m4_10000,opp_m4_10000,24,0.034902077500972184,0.034902077500972184,0.034902077500972184
0.500808,24,1,opp_m4_10000,opp_m4_10000,24,0.034902077500972184,0.034902077500972184,0.034902077500972184
0.500809,24,1,opp_m4_10000,opp_m4_10000,24,0.034902077500972184,0.034902077500972184,0.034902077500972184
0.500810,24,1,opp_m4_10000,opp_m4_10000,24,0.034902077500972184,0.034902077500972184,0.034902077500972184
0.500811,24,1,opp_m4_10000,opp_m4_10000,24,0.034902077500972184,0.034902077500972184,0.034902077500972184
0.500812,24,1,opp_m4_10000,opp_m4_10000,24,0.034902077500972184,0.034902077500972184,0.034902077500972184
0.500813,24,1,opp_m4_10000,opp_m4_10000,24,0.034902077500972184,0.034902077500972184,0.034902077500972184
0.500814,24,1,opp_m4_10000,opp_m4_10000,24,0.034902077500972184,0.034902077500972184,0.034902077500972184
0.500815,24,1,opp_m4_10000,opp_m4_10000,24,0.034902077500972184,0.034902077500972184,0.034902077500972184
0.500816,24,1,opp_m4_10000,opp_m4_10000,24,0.034902077500972184,0.034902077500972184,0.034902077500972184
0.500817,24,1,opp_m4_10000,opp_m4_10000,24,0.034902077500972184,0.034902077500972184,0.034902077500972184
0.500818,24,1,opp_m4_10000,opp_m4_10000,24,0.034902077500972184,0.034902077500972184,0.034902077500972184
0.500819,24,1,opp_m4_10000,opp_m4_10000,24,0.034902077500972184,0.034902077500972184,0.034902077500972184
0.500820,24,1,opp_m4_10000,opp_m4_10000,24,0.034902077500972184,0.034902077500972184,0.034902077500972184
0.500821,24,1,opp_m4_10000,opp_m4_10000,24,0.034902077500972184,0.034902077500972184,0.034902077500972184
0.500822,24,1,opp_m4_10000,opp_m4_10000,24,0.034902077500972184,0.034902077500972184,0.034902077500972184
0.500823,24,1,opp_m4_10000,opp_m4_10000,24,0.034902077500972184,0.034902077500972184,0.034902077500972184
0.500824,24,1,opp_m4_10000,opp_m4_10000,24,0.034902077500972184,0.034902077500972184,0.034902077500972184
0.500825,24,1,opp_m4_10000,opp_m4_10000,24,0.034902077500972184,0.034902077500972184,0.034902077500972184
0.500826,24,1,opp_m4_10000,opp_m4_10000,24,0.034902077500972184,0.034902077500972184,0.034902077500972184
0.500827,24,1,opp_m4_10000,opp_m4_10000,24,0.034902077500972184,0.034902077500972184,0.034902077500972184
0.500828,24,1,opp_m4_10000,opp_m4_10000,24,0.034902077500972184,0.034902077500972184,0.034902077500972184
0.500829,24,1,opp_m4_10000,opp_m4_10000,24,0.034902077500972184,0.034902077500972184,0.034902077500972184
0.500830,24,1,opp_m4_10000,opp_m4_10000,24,0.034902077500972184,0.034902077500972184,0.034902077500972184
0.500831,24,1,opp_m4_10000,opp_m4_10000,24,0.034902077500972184,0.034902077500972184,0.034902077500972184
0.500832,24,1,opp_m4_10000,opp_m4_10000,24,0.034902077500972184,0.034902077500972184,0.034902077500972184
0.500833,24,1,opp_m4_10000,opp_m4_10000,24,0.034902077500972184,0.034902077500972184,0.034902077500972184
0.500834,24,1,opp_m4_10000,opp_m4_10000,24,0.034902077500972184,0.034902077500972184,0.034902077500972184
0.500835,24,1,opp_m4_10000,opp_m4_10000,24,0.034902077500972184,0.034902077500972184,0.034902077500972184
0.500836,24,1,opp_m4_10000,opp_m4_10000,24,0.034902077500972184,0.034902077500972184,0.034902077500972184
0.500837,24,1,opp_m4_10000,opp_m4_10000,24,0.034902077500972184,0.034902077500972184,0.034902077500972184
0.500838,24,1,opp_m4_10000,opp_m4_10000,24,0.034902077500972184,0.034902077500972184,0.034902077500972184
0.500839,24,1,opp_m4_10000,opp_m4_10000,24,0.034902077500972184,0.034902077500972184,0.034902077500972184
0.500840,24,1,opp_m4_10000,opp_m4_10000,24,0.034902077500972184,0.034902077500972184,0.034902077500972184
0.500841,24,1,opp_m4_10000,opp_m4_10000,24,0.034902077500972184,0.034902077500972184,0.034902077500972184
0.500842,24,1,opp_m4_10000,opp_m4_10000,24,0.034902077500972184,0.034902077500972184,0.034902077500972184
0.500843,24,1,opp_m4_10000,opp_m4_10000,24,0.034902077500972184,0.034902077500972184,0.034902077500972184
0.500844,24,1,opp_m4_10000,opp_m4_10000,24,0.034902077500972184,0.034902077500972184,0.034902077500972184
0.500845,24,1,opp_m4_10000,opp_m4_10000,24,0.034902077500972184,0.034902077500972184,0.034902077500972184
0.500846,24,1,opp_m4_10000,opp_m4_10000,24,0.034902077500972184,0.034902077500972184,0.034902077500972184
0.500847,24,1,opp_m4_10000,opp_m4_10000,24,0.034902077500972184,0.034902077500972184,0.034902077500972184
0.500848,24,1,opp_m4_10000,opp_m4_10000,24,0.034902077500972184,0.034902077500972184,0.034902077500972184
0.500849,24,1,opp_m4_10000,opp_m4_10000,24,0.034902077500972184,0.034902077500972184,0.034902077500972184
0.500850,24,1,opp_m4_10000,opp_m4_10000,24,0.034902077500972184,0.034902077500972184,0.034902077500972184
0.500851,24,1,opp_m4_10000,opp_m4_10000,24,0.034902077500972184,0.034902077500972184,0.034902077500972184
0.500852,24,1,opp_m4_10000,opp_m4_10000,24,0.034902077500972184,0.034902077500972184,0.034902077500972184
0.500853,24,1,opp_m4_10000,opp_m4_10000,24,0.034902077500972184,0.034902077500972184,0.034902077500972184
0.500854,24,1,opp_m4_10000,opp_m4_10000,24,0.034902077500972184,0.034902077500972184,0.034902077500972184
0.500855,24,1,opp_m4_10000,opp_m4_10000,24,0.034902077500972184,0.034902077500972184,0.034902077500972184
0.500856,24,1,opp_m4_10000,opp_m4_10000,24,0.034902077500972184,0.034902077500972184,0.034902077500972184
0.500857,24,1,opp_m4_10000,opp_m4_10000,24,0.034902077500972184,0.034902077500972184,0.034902077500972184
0.500858,24,1,opp_m4_10000,opp_m4_10000,24,0.034902077500972184,0.034902077500972184,0.034902077500972184
0.500859,24,1,opp_m4_10000,opp_m4_10000,24,0.034902077500972184,0.034902077500972184,0.034902077500972184
0.500860,24,1,opp_m4_10000,opp_m4_10000,24,0.034902077500972184,0.034902077500972184,0.034902077500972184
0.500861,24,1,opp_m4_10000,opp_m4_10000,24,0.034902077500972184,0.034902077500972184,0.034902077500972184
0.500862,24,1,opp_m4_10000,opp_m4_10000,24,0.034902077500972184,0.034902077500972184,0.034902077500972184
0.500863,24,1,opp_m4_10000,opp_m4_10000,24,0.034902077500972184,0.034902077500972184,0.034902077500972184
0.500864,24,1,opp_m4_10000,opp_m4_10000,24,0.034902077500972184,0.034902077500972184,0.034902077500972184
0.500865,24,1,opp_m4_10000,opp_m4_10000,24,0.034902077500972184,0.034902077500972184,0.034902077500972184
0.500866,24,1,opp_m4_10000,opp_m4_10000,24,0.034902077500972184,0.034902077500972184,0.034902077500972184
0.500867,24,1,opp_m4_10000,opp_m4_10000,24,0.034902077500972184,0.034902077500972184,0.034902077500972184
0.500868,24,1,opp_m4_10000,opp_m4_10000,24,0.034902077500972184,0.034902077500972184,0.034902077500972184
0.500869,24,1,opp_m4_10000,opp_m4_10000,24,0.034902077500972184,0.034902077500972184,0.034902077500972184
0.500870,24,1,opp_m4_10000,opp_m4_10000,24,0.034902077500972184,0.034902077500972184,0.034902077500972184
0.500871,24,1,opp_m4_10000,opp_m4_10000,24,0.034902077500972184,0.034902077500972184,0.034902077500972184
0.500872,24,1,opp_m4_10000,opp_m4_10000,24,0.034902077500972184,0.034902077500972184,0.034902077500972184
0.500873,24,1,opp_m4_10000,opp_m4_10000,24,0.034902077500972184,0.034902077500972184,0.034902077500972184
0.500874,24,1,opp_m4_10000,opp_m4_10000,24,0.034902077500972184,0.034902077500972184,0.034902077500972184
0.500875,24,1,opp_m4_10000,opp_m4_10000,24,0.034902077500972184,0.034902077500972184,0.034902077500972184
0.500876,24,1,opp_m4_10000,opp_m4_10000,24,0.034902077500972184,0.034902077500972184,0.034902077500972184
0.500877,24,1,opp_m4_10000,opp_m4_10000,24,0.034902077500972184,0.034902077500972184,0.034902077500972184
0.500878,24,1,opp_m4_10000,opp_m4_10000,24,0.034902077500972184,0.034902077500972184,0.034902077500972184
0.500879,24,1,opp_m4_10000,opp_m4_10000,24,0.034902077500972184,0.034902077500972184,0.034902077500972184
0.500880,24,1,opp_m4_10000,opp_m4_10000,24,0.034902077500972184,0.034902077500972184,0.034902077500972184
0.500881,24,1,opp_m4_10000,opp_m4_10000,24,0.034902077500972184,0.034902077500972184,0.034902077500972184
0.500882,24,1,opp_m4_10000,opp_m4_10000,24,0.034902077500972184,0.034902077500972184,0.034902077500972184
0.500883,24,1,opp_m4_10000,opp_m4_10000,24,0.034902077500972184,0.034902077500972184,0.034902077500972184
0.500884,24,1,opp_m4_10000,opp_m4_10000,24,0.034902077500972184,0.034902077500972184,0.034902077500972184
0.500885,24,1,opp_m4_10000,opp_m4_10000,24,0.034902077500972184,0.034902077500972184,0.034902077500972184
0.500886,24,1,opp_m4_10000,opp_m4_10000,24,0.034902077500972184,0.034902077500972184,0.034902077500972184
0.500887,24,1,opp_m4_10000,opp_m4_10000,24,0.034902077500972184,0.034902077500972184,0.034902077500972184
0.500888,24,1,opp_m4_10000,opp_m4_10000,24,0.034902077500972184,0.034902077500972184,0.034902077500972184
0.500889,24,1,opp_m4_10000,opp_m4_10000,24,0.034902077500972184,0.034902077500972184,0.034902077500972184
0.500890,24,1,opp_m4_10000,opp_m4_10000,24,0.034902077500972184,0.034902077500972184,0.034902077500972184
0.500891,24,1,opp_m4_10000,opp_m4_10000,24,0.034902077500972184,0.034902077500972184,0.034902077500972184
0.500892,24,1,opp_m4_10000,opp_m4_10000,24,0.034902077500972184,0.034902077500972184,0.034902077500972184
0.500893,24,1,opp_m4_10000,opp_m4_10000,24,0.034902077500972184,0.034902077500972184,0.034902077500972184
0.500894,24,1,opp_m4_10000,opp_m4_10000,24,0.034902077500972184,0.034902077500972184,0.034902077500972184
0.500895,24,1,opp_m4_10000,opp_m4_10000,24,0.034902077500972184,0.034902077500972184,0.034902077500972184
0.500896,24,1,opp_m4_10000,opp_m4_10000,24,0.034902077500972184,0.034902077500972184,0.034902077500972184
0.500897,24,1,opp_m4_10000,opp_m4_10000,24,0.034902077500972184,0.034902077500972184,0.034902077500972184
0.500898,24,1,opp_m4_10000,opp_m4_10000,24,0.034902077500972184,0.034902077500972184,0.034902077500972184
0.500899,24,1,opp_m4_10000,opp_m4_10000,24,0.034902077500972184,0.034902077500972184,0.034902077500972184
0.500900,24,1,opp_m4_10000,opp_m4_10000,24,0.034902077500972184,0.034902077500972184,0.034902077500972184
0.500901,24,1,opp_m4_10000,opp_m4_10000,24,0.034902077500972184,0.034902077500972184,0.034902077500972184
0.500902,24,1,opp_m4_10000,opp_m4_10000,24,0.034902077500972184,0.034902077500972184,0.034902077500972184
0.500903,24,1,opp_m4_10000,opp_m4_10000,24,0.034902077500972184,0.034902077500972184,0.034902077500972184
0.500904,24,1,opp_m4_10000,opp_m4_10000,24,0.034902077500972184,0.034902077500972184,0.034902077500972184
0.500905,24,1,opp_m4_10000,opp_m4_10000,24,0.034902077500972184,0.034902077500972184,0.034902077500972184
0.500906,24,1,opp_m4_10000,opp_m4_10000,24,0.034902077500972184,0.034902077500972184,0.034902077500972184
0.500907,24,1,opp_m4_10000,opp_m4_10000,24,0.034902077500972184,0.034902077500972184,0.034902077500972184
0.500908,24,1,opp_m4_10000,opp_m4_10000,24,0.034902077500972184,0.034902077500972184,0.034902077500972184
0.500909,24,1,opp_m4_10000,opp_m4_10000,24,0.034902077500972184,0.034902077500972184,0.034902077500972184
0.500910,24,1,opp_m4_10000,opp_m4_10000,24,0.034902077500972184,0.034902077500972184,0.034902077500972184
0.500911,24,1,opp_m4_10000,opp_m4_10000,24,0.034902077500972184,0.034902077500972184,0.034902077500972184
0.500912,24,1,opp_m4_10000,opp_m4_10000,24,0.034902077500972184,0.034902077500972184,0.034902077500972184
0.500913,24,1,opp_m4_10000,opp_m4_10000,24,0.034902077500972184,0.034902077500972184,0.034902077500972184
0.500914,24,1,opp_m4_10000,opp_m4_10000,24,0.034902077500972184,0.034902077500972184,0.034902077500972184
0.500915,24,1,opp_m4_10000,opp_m4_10000,24,0.034902077500972184,0.034902077500972184,0.034902077500972184
0.500916,24,1,opp_m4_10000,opp_m4_10000,24,0.034902077500972184,0.034902077500972184,0.034902077500972184
0.500917,24,1,opp_m4_10000,opp_m4_10000,24,0.034902077500972184,0.034902077500972184,0.034902077500972184
0.500918,24,1,opp_m4_10000,opp_m4_10000,24,0.034902077500972184,0.034902077500972184,0.034902077500972184
0.500919,24,1,opp_m4_10000,opp_m4_10000,24,0.034902077500972184,0.034902077500972184,0.034902077500972184
0.500920,24,1,opp_m4_10000,opp_m4_10000,24,0.034902077500972184,0.034902077500972184,0.034902077500972184
0.500921,24,1,opp_m4_10000,opp_m4_10000,24,0.034902077500972184,0.034902077500972184,0.034902077500972184
0.500922,24,1,opp_m4_10000,opp_m4_10000,24,0.034902077500972184,0.034902077500972184,0.034902077500972184
0.500923,24,1,opp_m4_10000,opp_m4_10000,24,0.034902077500972184,0.034902077500972184,0.034902077500972184
0.500924,24,1,opp_m4_10000,opp_m4_10000,24,0.034902077500972184,0.034902077500972184,0.034902077500972184
0.500925,24,1,opp_m4_10000,opp_m4_10000,24,0.034902077500972184,0.034902077500972184,0.034902077500972184
0.500926,24,1,opp_m4_10000,opp_m4_10000,24,0.034902077500972184,0.034902077500972184,0.034902077500972184
0.500927,24,1,opp_m4_10000,opp_m4_10000,24,0.034902077500972184,0.034902077500972184,0.034902077500972184
0.500928,24,1,opp_m4_10000,opp_m4_10000,24,0.034902077500972184,0.034902077500972184,0.034902077500972184
0.500929,24,1,opp_m4_10000,opp_m4_10000,24,0.034902077500972184,0.034902077500972184,0.034902077500972184
0.500930,24,1,opp_m4_10000,opp_m4_10000,24,0.034902077500972184,0.034902077500972184,0.034902077500972184
0.500931,24,1,opp_m4_10000,opp_m4_10000,24,0.034902077500972184,0.034902077500972184,0.034902077500972184
0.500932,24,1,opp_m4_10000,opp_m4_10000,24,0.034902077500972184,0.034902077500972184,0.034902077500972184
0.500933,24,1,opp_m4_10000,opp_m4_10000,24,0.034902077500972184,0.034902077500972184,0.034902077500972184
0.500934,24,1,opp_m4_10000,opp_m4_10000,24,0.034902077500972184,0.034902077500972184,0.034902077500972184
0.500935,24,1,opp_m4_10000,opp_m4_10000,24,0.034902077500972184,0.034902077500972184,0.034902077500972184
0.500936,24,1,opp_m4_10000,opp_m4_10000,24,0.034902077500972184,0.034902077500972184,0.034902077500972184
0.500937,24,1,opp_m4_10000,opp_m4_10000,24,0.034902077500972184,0.034902077500972184,0.034902077500972184
0.500938,24,1,opp_m4_10000,opp_m4_10000,24,0.034902077500972184,0.034902077500972184,0.034902077500972184
0.500939,24,1,opp_m4_10000,opp_m4_10000,24,0.034902077500972184,0.034902077500972184,0.034902077500972184
0.500940,24,1,opp_m4_10000,opp_m4_10000,24,0.034902077500972184,0.034902077500972184,0.034902077500972184
0.500941,24,1,opp_m4_10000,opp_m4_10000,24,0.034902077500972184,0.034902077500972184,0.034902077500972184
0.500942,24,1,opp_m4_10000,opp_m4_10000,24,0.034902077500972184,0.034902077500972184,0.034902077500972184
0.500943,24,1,opp_m4_10000,opp_m4_10000,24,0.034902077500972184,0.034902077500972184,0.034902077500972184
0.500944,24,1,opp_m4_10000,opp_m4_10000,24,0.034902077500972184,0.034902077500972184,0.034902077500972184
0.500945,24,1,opp_m4_10000,opp_m4_10000,24,0.034902077500972184,0.034902077500972184,0.034902077500972184
0.500946,24,1,opp_m4_10000,opp_m4_10000,24,0.034902077500972184,0.034902077500972184,0.034902077500972184
0.500947,24,1,opp_m4_10000,opp_m4_10000,24,0.034902077500972184,0.034902077500972184,0.034902077500972184
0.500948,24,1,opp_m4_10000,opp_m4_10000,24,0.034902077500972184,0.034902077500972184,0.034902077500972184
0.500949,24,1,opp_m4_10000,opp_m4_10000,24,0.034902077500972184,0.034902077500972184,0.034902077500972184
0.500950,24,1,opp_m4_10000,opp_m4_10000,24,0.034902077500972184,0.034902077500972184,0.034902077500972184
0.500951,24,1,opp_m4_10000,opp_m4_10000,24,0.034902077500972184,0.034902077500972184,0.034902077500972184
0.500952,24,1,opp_m4_10000,opp_m4_10000,24,0.034902077500972184,0.034902077500972184,0.034902077500972184
0.500953,24,1,opp_m4_10000,opp_m4_10000,24,0.034902077500972184,0.034902077500972184,0.034902077500972184
0.500954,24,1,opp_m4_10000,opp_m4_10000,24,0.034902077500972184,0.034902077500972184,0.034902077500972184
0.500955,24,1,opp_m4_10000,opp_m4_10000,24,0.034902077500972184,0.034902077500972184,0.034902077500972184
0.500956,24,1,opp_m4_10000,opp_m4_10000,24,0.034902077500972184,0.034902077500972184,0.034902077500972184
0.500957,24,1,opp_m4_10000,opp_m4_10000,24,0.034902077500972184,0.034902077500972184,0.034902077500972184
0.500958,24,1,opp_m4_10000,opp_m4_10000,24,0.034902077500972184,0.034902077500972184,0.034902077500972184
0.500959,24,1,opp_m4_10000,opp_m4_10000,24,0.034902077500972184,0.034902077500972184,0.034902077500972184
0.500960,24,1,opp_m4_10000,opp_m4_10000,24,0.034902077500972184,0.034902077500972184,0.034902077500972184
0.500961,24,1,opp_m4_10000,opp_m4_10000,24,0.034902077500972184,0.034902077500972184,0.034902077500972184
0.500962,24,1,opp_m4_10000,opp_m4_10000,24,0.034902077500972184,0.034902077500972184,0.034902077500972184
0.500963,24,1,opp_m4_10000,opp_m4_10000,24,0.034902077500972184,0.034902077500972184,0.034902077500972184
0.500964,24,1,opp_m4_10000,opp_m4_10000,24,0.034902077500972184,0.034902077500972184,0.034902077500972184
0.500965,24,1,opp_m4_10000,opp_m4_10000,24,0.034902077500972184,0.034902077500972184,0.034902077500972184
0.500966,24,1,opp_m4_10000,opp_m4_10000,24,0.034902077500972184,0.034902077500972184,0.034902077500972184
0.500967,24,1,opp_m4_10000,opp_m4_10000,24,0.034902077500972184,0.034902077500972184,0.034902077500972184
0.500968,24,1,opp_m4_10000,opp_m4_10000,24,0.034902077500972184,0.034902077500972184,0.034902077500972184
0.500969,24,1,opp_m4_10000,opp_m4_10000,24,0.034902077500972184,0.034902077500972184,0.034902077500972184
0.500970,24,1,opp_m4_10000,opp_m4_10000,24,0.034902077500972184,0.034902077500972184,0.034902077500972184
0.500971,24,1,opp_m4_10000,opp_m4_10000,24,0.034902077500972184,0.034902077500972184,0.034902077500972184
0.500972,24,1,opp_m4_10000,opp_m4_10000,24,0.034902077500972184,0.034902077500972184,0.034902077500972184
0.500973,24,1,opp_m4_10000,opp_m4_10000,24,0.034902077500972184,0.034902077500972184,0.034902077500972184
0.500974,24,1,opp_m4_10000,opp_m4_10000,24,0.034902077500972184,0.034902077500972184,0.034902077500972184
0.500975,24,1,opp_m4_10000,opp_m4_10000,24,0.034902077500972184,0.034902077500972184,0.034902077500972184
0.500976,24,1,opp_m4_10000,opp_m4_10000,24,0.034902077500972184,0.034902077500972184,0.034902077500972184
0.500977,24,1,opp_m4_10000,opp_m4_10000,24,0.034902077500972184,0.034902077500972184,0.034902077500972184
0.500978,24,1,opp_m4_10000,opp_m4_10000,24,0.034902077500972184,0.034902077500972184,0.034902077500972184
0.500979,24,1,opp_m4_10000,opp_m4_10000,24,0.034902077500972184,0.034902077500972184,0.034902077500972184
0.500980,24,1,opp_m4_10000,opp_m4_10000,24,0.034902077500972184,0.034902077500972184,0.034902077500972184
0.500981,24,1,opp_m4_10000,opp_m4_10000,24,0.034902077500972184,0.034902077500972184,0.034902077500972184
0.500982,24,1,opp_m4_10000,opp_m4_10000,24,0.034902077500972184,0.034902077500972184,0.034902077500972184
0.500983,24,1,opp_m4_10000,opp_m4_10000,24,0.034902077500972184,0.034902077500972184,0.034902077500972184
0.500984,24,1,opp_m4_10000,opp_m4_10000,24,0.034902077500972184,0.034902077500972184,0.034902077500972184
0.500985,24,1,opp_m4_10000,opp_m4_10000,24,0.034902077500972184,0.034902077500972184,0.034902077500972184
0.500986,24,1,opp_m4_10000,opp_m4_10000,24,0.034902077500972184,0.034902077500972184,0.034902077500972184
0.500987,24,1,opp_m4_10000,opp_m4_10000,24,0.034902077500972184,0.034902077500972184,0.034902077500972184
0.500988,24,1,opp_m4_10000,opp_m4_10000,24,0.034902077500972184,0.034902077500972184,0.034902077500972184
0.500989,24,1,opp_m4_10000,opp_m4_10000,24,0.034902077500972184,0.034902077500972184,0.034902077500972184
0.500990,24,1,opp_m4_10000,opp_m4_10000,24,0.034902077500972184,0.034902077500972184,0.034902077500972184
0.500991,24,1,opp_m4_10000,opp_m4_10000,24,0.034902077500972184,0.034902077500972184,0.034902077500972184
0.500992,24,1,opp_m4_10000,opp_m4_10000,24,0.034902077500972184,0.034902077500972184,0.034902077500972184
0.500993,24,1,opp_m4_10000,opp_m4_10000,24,0.034902077500972184,0.034902077500972184,0.034902077500972184
0.500994,24,1,opp_m4_10000,opp_m4_10000,24,0.034902077500972184,0.034902077500972184,0.034902077500972184
0.500995,24,1,opp_m4_10000,opp_m4_10000,24,0.034902077500972184,0.034902077500972184,0.034902077500972184
0.500996,24,1,opp_m4_10000,opp_m4_10000,24,0.034902077500972184,0.034902077500972184,0.034902077500972184
0.500997,24,1,opp_m4_10000,opp_m4_10000,24,0.034902077500972184,0.034902077500972184,0.034902077500972184
0.500998,24,1,opp_m4_10000,opp_m4_10000,24,0.034902077500972184,0.034902077500972184,0.034902077500972184
0.500999,24,1,opp_m4_10000,opp_m4_10000,24,0.034902077500972184,0.034902077500972184,0.034902077500972184
0.501000,24,1,opp_m4_10000,opp_m4_10000,24,0.034902077500972184,0.034902077500972184,0.034902077500972184
0.501001,24,1,opp_m4_10000,opp_m4_10000,24,0.034902077500972184,0.034902077500972184,0.034902077500972184
0.501002,24,1,opp_m4_10000,opp_m4_10000,24,0.034902077500972184,0.034902077500972184,0.034902077500972184
0.501003,24,1,opp_m4_10000,opp_m4_10000,24,0.034902077500972184,0.034902077500972184,0.034902077500972184
0.501004,24,1,opp_m4_10000,opp_m4_10000,24,0.034902077500972184,0.034902077500972184,0.034902077500972184
0.501005,24,1,opp_m4_10000,opp_m4_10000,24,0.034902077500972184,0.034902077500972184,0.034902077500972184
0.501006,24,1,opp_m4_10000,opp_m4_10000,24,0.034902077500972184,0.034902077500972184,0.034902077500972184
0.501007,24,1,opp_m4_10000,opp_m4_10000,24,0.034902077500972184,0.034902077500972184,0.034902077500972184
0.501008,24,1,opp_m4_10000,opp_m4_10000,24,0.034902077500972184,0.034902077500972184,0.034902077500972184
0.501009,24,1,opp_m4_10000,opp_m4_10000,24,0.034902077500972184,0.034902077500972184,0.034902077500972184
0.501010,24,1,opp_m4_10000,opp_m4_10000,24,0.034902077500972184,0.034902077500972184,0.034902077500972184
0.501011,24,1,opp_m4_10000,opp_m4_10000,24,0.034902077500972184,0.034902077500972184,0.034902077500972184
0.501012,24,1,opp_m4_10000,opp_m4_10000,24,0.034902077500972184,0.034902077500972184,0.034902077500972184
0.501013,24,1,opp_m4_10000,opp_m4_10000,24,0.034902077500972184,0.034902077500972184,0.034902077500972184
0.501014,24,1,opp_m4_10000,opp_m4_10000,24,0.034902077500972184,0.034902077500972184,0.034902077500972184
0.501015,24,1,opp_m4_10000,opp_m4_10000,24,0.034902077500972184,0.034902077500972184,0.034902077500972184
0.501016,24,1,opp_m4_10000,opp_m4_10000,24,0.034902077500972184,0.034902077500972184,0.034902077500972184
0.501017,24,1,opp_m4_10000,opp_m4_10000,24,0.034902077500972184,0.034902077500972184,0.034902077500972184
0.501018,24,1,opp_m4_10000,opp_m4_10000,24,0.034902077500972184,0.034902077500972184,0.034902077500972184
0.501019,24,1,opp_m4_10000,opp_m4_10000,24,0.034902077500972184,0.034902077500972184,0.034902077500972184
0.501020,24,1,opp_m4_10000,opp_m4_10000,24,0.034902077500972184,0.034902077500972184,0.034902077500972184
0.501021,24,1,opp_m4_10000,opp_m4_10000,24,0.034902077500972184,0.034902077500972184,0.034902077500972184
0.501022,24,1,opp_m4_10000,opp_m4_10000,24,0.034902077500972184,0.034902077500972184,0.034902077500972184
0.501023,24,1,opp_m4_10000,opp_m4_10000,24,0.034902077500972184,0.034902077500972184,0.034902077500972184
0.501024,24,1,opp_m4_10000,opp_m4_10000,24,0.034902077500972184,0.034902077500972184,0.034902077500972184
0.501025,24,1,opp_m4_10000,opp_m4_10000,24,0.034902077500972184,0.034902077500972184,0.034902077500972184
0.501026,24,1,opp_m4_10000,opp_m4_10000,24,0.034902077500972184,0.034902077500972184,0.034902077500972184
0.501027,24,1,opp_m4_10000,opp_m4_10000,24,0.034902077500972184,0.034902077500972184,0.034902077500972184
0.501028,24,1,opp_m4_10000,opp_m4_10000,24,0.034902077500972184,0.034902077500972184,0.034902077500972184
0.501029,24,1,opp_m4_10000,opp_m4_10000,24,0.034902077500972184,0.034902077500972184,0.034902077500972184
0.501030,24,1,opp_m4_10000,opp_m4_10000,24,0.034902077500972184,0.034902077500972184,0.034902077500972184
0.501031,24,1,opp_m4_10000,opp_m4_10000,24,0.034902077500972184,0.034902077500972184,0.034902077500972184
0.501032,24,1,opp_m4_10000,opp_m4_10000,24,0.034902077500972184,0.034902077500972184,0.034902077500972184
0.501033,24,1,opp_m4_10000,opp_m4_10000,24,0.034902077500972184,0.034902077500972184,0.034902077500972184
0.501034,24,1,opp_m4_10000,opp_m4_10000,24,0.034902077500972184,0.034902077500972184,0.034902077500972184
0.501035,24,1,opp_m4_10000,opp_m4_10000,24,0.034902077500972184,0.034902077500972184,0.034902077500972184
0.501036,24,1,opp_m4_10000,opp_m4_10000,24,0.034902077500972184,0.034902077500972184,0.034902077500972184
0.501037,24,1,opp_m4_10000,opp_m4_10000,24,0.034902077500972184,0.034902077500972184,0.034902077500972184
0.501038,24,1,opp_m4_10000,opp_m4_10000,24,0.034902077500972184,0.034902077500972184,0.034902077500972184
0.501039,24,1,opp_m4_10000,opp_m4_10000,24,0.034902077500972184,0.034902077500972184,0.034902077500972184
0.501040,24,1,opp_m4_10000,opp_m4_10000,24,0.034902077500972184,0.034902077500972184,0.034902077500972184
0.501041,24,1,opp_m4_10000,opp_m4_10000,24,0.034902077500972184,0.034902077500972184,0.034902077500972184
0.501042,24,1,opp_m4_10000,opp_m4_10000,24,0.034902077500972184,0.034902077500972184,0.034902077500972184
0.501043,24,1,opp_m4_10000,opp_m4_10000,24,0.034902077500972184,0.034902077500972184,0.034902077500972184
0.501044,24,1,opp_m4_10000,opp_m4_10000,24,0.034902077500972184,0.034902077500972184,0.034902077500972184
0.501045,24,1,opp_m4_10000,opp_m4_10000,24,0.034902077500972184,0.034902077500972184,0.034902077500972184
0.501046,24,1,opp_m4_10000,opp_m4_10000,24,0.034902077500972184,0.034902077500972184,0.034902077500972184
0.501047,24,1,opp_m4_10000,opp_m4_10000,24,0.034902077500972184,0.034902077500972184,0.034902077500972184
0.501048,24,1,opp_m4_10000,opp_m4_10000,24,0.034902077500972184,0.034902077500972184,0.034902077500972184
0.501049,24,1,opp_m4_10000,opp_m4_10000,24,0.034902077500972184,0.034902077500972184,0.034902077500972184
0.501050,24,1,opp_m4_10000,opp_m4_10000,24,0.034902077500972184,0.034902077500972184,0.034902077500972184
0.501051,24,1,opp_m4_10000,opp_m4_10000,24,0.034902077500972184,0.034902077500972184,0.034902077500972184
0.501052,24,1,opp_m4_10000,opp_m4_10000,24,0.034902077500972184,0.034902077500972184,0.034902077500972184
0.501053,24,1,opp_m4_10000,opp_m4_10000,24,0.034902077500972184,0.034902077500972184,0.034902077500972184
0.501054,24,1,opp_m4_10000,opp_m4_10000,24,0.034902077500972184,0.034902077500972184,0.034902077500972184
0.501055,24,1,opp_m4_10000,opp_m4_10000,24,0.034902077500972184,0.034902077500972184,0.034902077500972184
0.501056,24,1,opp_m4_10000,opp_m4_10000,24,0.034902077500972184,0.034902077500972184,0.034902077500972184
0.501057,24,1,opp_m4_10000,opp_m4_10000,24,0.034902077500972184,0.034902077500972184,0.034902077500972184
0.501058,24,1,opp_m4_10000,opp_m4_10000,24,0.034902077500972184,0.034902077500972184,0.034902077500972184
0.501059,24,1,opp_m4_10000,opp_m4_10000,24,0.034902077500972184,0.034902077500972184,0.034902077500972184
0.501060,24,1,opp_m4_10000,opp_m4_10000,24,0.034902077500972184,0.034902077500972184,0.034902077500972184
0.501061,24,1,opp_m4_10000,opp_m4_10000,24,0.034902077500972184,0.034902077500972184,0.034902077500972184
0.501062,24,1,opp_m4_10000,opp_m4_10000,24,0.034902077500972184,0.034902077500972184,0.034902077500972184
0.501063,24,1,opp_m4_10000,opp_m4_10000,24,0.034902077500972184,0.034902077500972184,0.034902077500972184
0.501064,24,1,opp_m4_10000,opp_m4_10000,24,0.034902077500972184,0.034902077500972184,0.034902077500972184
0.501065,24,1,opp_m4_10000,opp_m4_10000,24,0.034902077500972184,0.034902077500972184,0.034902077500972184
0.501066,24,1,opp_m4_10000,opp_m4_10000,24,0.034902077500972184,0.034902077500972184,0.034902077500972184
0.501067,24,1,opp_m4_10000,opp_m4_10000,24,0.034902077500972184,0.034902077500972184,0.034902077500972184
0.501068,24,1,opp_m4_10000,opp_m4_10000,24,0.034902077500972184,0.034902077500972184,0.034902077500972184
0.501069,24,1,opp_m4_10000,opp_m4_10000,24,0.034902077500972184,0.034902077500972184,0.034902077500972184
0.501070,24,1,opp_m4_10000,opp_m4_10000,24,0.034902077500972184,0.034902077500972184,0.034902077500972184
0.501071,24,1,opp_m4_10000,opp_m4_10000,24,0.034902077500972184,0.034902077500972184,0.034902077500972184
0.501072,24,1,opp_m4_10000,opp_m4_10000,24,0.034902077500972184,0.034902077500972184,0.034902077500972184
0.501073,24,1,opp_m4_10000,opp_m4_10000,24,0.034902077500972184,0.034902077500972184,0.034902077500972184
0.501074,24,1,opp_m4_10000,opp_m4_10000,24,0.034902077500972184,0.034902077500972184,0.034902077500972184
0.501075,24,1,opp_m4_10000,opp_m4_10000,24,0.034902077500972184,0.034902077500972184,0.034902077500972184
0.501076,24,1,opp_m4_10000,opp_m4_10000,24,0.034902077500972184,0.034902077500972184,0.034902077500972184
0.501077,24,1,opp_m4_10000,opp_m4_10000,24,0.034902077500972184,0.034902077500972184,0.034902077500972184
0.501078,24,1,opp_m4_10000,opp_m4_10000,24,0.034902077500972184,0.034902077500972184,0.034902077500972184
0.501079,24,1,opp_m4_10000,opp_m4_10000,24,0.034902077500972184,0.034902077500972184,0.034902077500972184
0.501080,24,1,opp_m4_10000,opp_m4_10000,24,0.034902077500972184,0.034902077500972184,0.034902077500972184
0.501081,24,1,opp_m4_10000,opp_m4_10000,24,0.034902077500972184,0.034902077500972184,0.034902077500972184
0.501082,24,1,opp_m4_10000,opp_m4_10000,24,0.034902077500972184,0.034902077500972184,0.034902077500972184
0.501083,24,1,opp_m4_10000,opp_m4_10000,24,0.034902077500972184,0.034902077500972184,0.034902077500972184
0.501084,24,1,opp_m4_10000,opp_m4_10000,24,0.034902077500972184,0.034902077500972184,0.034902077500972184
0.501085,24,1,opp_m4_10000,opp_m4_10000,24,0.034902077500972184,0.034902077500972184,0.034902077500972184
0.501086,24,1,opp_m4_10000,opp_m4_10000,24,0.034902077500972184,0.034902077500972184,0.034902077500972184
0.501087,24,1,opp_m4_10000,opp_m4_10000,24,0.034902077500972184,0.034902077500972184,0.034902077500972184
0.501088,24,1,opp_m4_10000,opp_m4_10000,24,0.034902077500972184,0.034902077500972184,0.034902077500972184
0.501089,24,1,opp_m4_10000,opp_m4_10000,24,0.034902077500972184,0.034902077500972184,0.034902077500972184
0.501090,24,1,opp_m4_10000,opp_m4_10000,24,0.034902077500972184,0.034902077500972184,0.034902077500972184
0.501091,24,1,opp_m4_10000,opp_m4_10000,24,0.034902077500972184,0.034902077500972184,0.034902077500972184
0.501092,24,1,opp_m4_10000,opp_m4_10000,24,0.034902077500972184,0.034902077500972184,0.034902077500972184
0.501093,24,1,opp_m4_10000,opp_m4_10000,24,0.034902077500972184,0.034902077500972184,0.034902077500972184
0.501094,24,1,opp_m4_10000,opp_m4_10000,24,0.034902077500972184,0.034902077500972184,0.034902077500972184
0.501095,24,1,opp_m4_10000,opp_m4_10000,24,0.034902077500972184,0.034902077500972184,0.034902077500972184
0.501096,24,1,opp_m4_10000,opp_m4_10000,24,0.034902077500972184,0.034902077500972184,0.034902077500972184
0.501097,24,1,opp_m4_10000,opp_m4_10000,24,0.034902077500972184,0.034902077500972184,0.034902077500972184
0.501098,24,1,opp_m4_10000,opp_m4_10000,24,0.034902077500972184,0.034902077500972184,0.034902077500972184
0.501099,24,1,opp_m4_10000,opp_m4_10000,24,0.034902077500972184,0.034902077500972184,0.034902077500972184
0.501100,24,1,opp_m4_10000,opp_m4_10000,24,0.034902077500972184,0.034902077500972184,0.034902077500972184
0.501101,24,1,opp_m4_10000,opp_m4_10000,24,0.034902077500972184,0.034902077500972184,0.034902077500972184
0.501102,24,1,opp_m4_10000,opp_m4_10000,24,0.034902077500972184,0.034902077500972184,0.034902077500972184
0.501103,24,1,opp_m4_10000,opp_m4_10000,24,0.034902077500972184,0.034902077500972184,0.034902077500972184
0.501104,24,1,opp_m4_10000,opp_m4_10000,24,0.034902077500972184,0.034902077500972184,0.034902077500972184
0.501105,24,1,opp_m4_10000,opp_m4_10000,24,0.034902077500972184,0.034902077500972184,0.034902077500972184
0.501106,24,1,opp_m4_10000,opp_m4_10000,24,0.034902077500972184,0.034902077500972184,0.034902077500972184
0.501107,24,1,opp_m4_10000,opp_m4_10000,24,0.034902077500972184,0.034902077500972184,0.034902077500972184
0.501108,24,1,opp_m4_10000,opp_m4_10000,24,0.034902077500972184,0.034902077500972184,0.034902077500972184
0.501109,24,1,opp_m4_10000,opp_m4_10000,24,0.034902077500972184,0.034902077500972184,0.034902077500972184
0.501110,24,1,opp_m4_10000,opp_m4_10000,24,0.034902077500972184,0.034902077500972184,0.034902077500972184
0.501111,24,1,opp_m4_10000,opp_m4_10000,24,0.034902077500972184,0.034902077500972184,0.034902077500972184
0.501112,24,1,opp_m4_10000,opp_m4_10000,24,0.034902077500972184,0.034902077500972184,0.034902077500972184
0.501113,24,1,opp_m4_10000,opp_m4_10000,24,0.034902077500972184,0.034902077500972184,0.034902077500972184
0.501114,24,1,opp_m4_10000,opp_m4_10000,24,0.034902077500972184,0.034902077500972184,0.034902077500972184
0.501115,24,1,opp_m4_10000,opp_m4_10000,24,0.034902077500972184,0.034902077500972184,0.034902077500972184
0.501116,24,1,opp_m4_10000,opp_m4_10000,24,0.034902077500972184,0.034902077500972184,0.034902077500972184
0.501117,24,1,opp_m4_10000,opp_m4_10000,24,0.034902077500972184,0.034902077500972184,0.034902077500972184
0.501118,24,1,opp_m4_10000,opp_m4_10000,24,0.034902077500972184,0.034902077500972184,0.034902077500972184
0.501119,24,1,opp_m4_10000,opp_m4_10000,24,0.034902077500972184,0.034902077500972184,0.034902077500972184
0.501120,24,1,opp_m4_10000,opp_m4_10000,24,0.034902077500972184,0.034902077500972184,0.034902077500972184
0.501121,24,1,opp_m4_10000,opp_m4_10000,24,0.034902077500972184,0.034902077500972184,0.034902077500972184
0.501122,24,1,opp_m4_10000,opp_m4_10000,24,0.034902077500972184,0.034902077500972184,0.034902077500972184
0.501123,24,1,opp_m4_10000,opp_m4_10000,24,0.034902077500972184,0.034902077500972184,0.034902077500972184
0.501124,24,1,opp_m4_10000,opp_m4_10000,24,0.034902077500972184,0.034902077500972184,0.034902077500972184
0.501125,24,1,opp_m4_10000,opp_m4_10000,24,0.034902077500972184,0.034902077500972184,0.034902077500972184
0.501126,24,1,opp_m4_10000,opp_m4_10000,24,0.034902077500972184,0.034902077500972184,0.034902077500972184
0.501127,24,1,opp_m4_10000,opp_m4_10000,24,0.034902077500972184,0.034902077500972184,0.034902077500972184
0.501128,24,1,opp_m4_10000,opp_m4_10000,24,0.034902077500972184,0.034902077500972184,0.034902077500972184
0.501129,24,1,opp_m4_10000,opp_m4_10000,24,0.034902077500972184,0.034902077500972184,0.034902077500972184
0.501130,24,1,opp_m4_10000,opp_m4_10000,24,0.034902077500972184,0.034902077500972184,0.034902077500972184
0.501131,24,1,opp_m4_10000,opp_m4_10000,24,0.034902077500972184,0.034902077500972184,0.034902077500972184
0.501132,24,1,opp_m4_10000,opp_m4_10000,24,0.034902077500972184,0.034902077500972184,0.034902077500972184
0.501133,24,1,opp_m4_10000,opp_m4_10000,24,0.034902077500972184,0.034902077500972184,0.034902077500972184
0.501134,24,1,opp_m4_10000,opp_m4_10000,24,0.034902077500972184,0.034902077500972184,0.034902077500972184
0.501135,24,1,opp_m4_10000,opp_m4_10000,24,0.034902077500972184,0.034902077500972184,0.034902077500972184
0.501136,24,1,opp_m4_10000,opp_m4_10000,24,0.034902077500972184,0.034902077500972184,0.034902077500972184
0.501137,24,1,opp_m4_10000,opp_m4_10000,24,0.034902077500972184,0.034902077500972184,0.034902077500972184
0.501138,24,1,opp_m4_10000,opp_m4_10000,24,0.034902077500972184,0.034902077500972184,0.034902077500972184
0.501139,24,1,opp_m4_10000,opp_m4_10000,24,0.034902077500972184,0.034902077500972184,0.034902077500972184
0.501140,24,1,opp_m4_10000,opp_m4_10000,24,0.034902077500972184,0.034902077500972184,0.034902077500972184
0.501141,24,1,opp_m4_10000,opp_m4_10000,24,0.034902077500972184,0.034902077500972184,0.034902077500972184
0.501142,24,1,opp_m4_10000,opp_m4_10000,24,0.034902077500972184,0.034902077500972184,0.034902077500972184
0.501143,24,1,opp_m4_10000,opp_m4_10000,24,0.034902077500972184,0.034902077500972184,0.034902077500972184
0.501144,24,1,opp_m4_10000,opp_m4_10000,24,0.034902077500972184,0.034902077500972184,0.034902077500972184
0.501145,24,1,opp_m4_10000,opp_m4_10000,24,0.034902077500972184,0.034902077500972184,0.034902077500972184
0.501146,24,1,opp_m4_10000,opp_m4_10000,24,0.034902077500972184,0.034902077500972184,0.034902077500972184
0.501147,24,1,opp_m4_10000,opp_m4_10000,24,0.034902077500972184,0.034902077500972184,0.034902077500972184
0.501148,24,1,opp_m4_10000,opp_m4_10000,24,0.034902077500972184,0.034902077500972184,0.034902077500972184
0.501149,24,1,opp_m4_10000,opp_m4_10000,24,0.034902077500972184,0.034902077500972184,0.034902077500972184
0.501150,24,1,opp_m4_10000,opp_m4_10000,24,0.034902077500972184,0.034902077500972184,0.034902077500972184
0.501151,24,1,opp_m4_10000,opp_m4_10000,24,0.034902077500972184,0.034902077500972184,0.034902077500972184
0.501152,24,1,opp_m4_10000,opp_m4_10000,24,0.034902077500972184,0.034902077500972184,0.034902077500972184
0.501153,24,1,opp_m4_10000,opp_m4_10000,24,0.034902077500972184,0.034902077500972184,0.034902077500972184
0.501154,24,1,opp_m4_10000,opp_m4_10000,24,0.034902077500972184,0.034902077500972184,0.034902077500972184
0.501155,24,1,opp_m4_10000,opp_m4_10000,24,0.034902077500972184,0.034902077500972184,0.034902077500972184
0.501156,24,1,opp_m4_10000,opp_m4_10000,24,0.034902077500972184,0.034902077500972184,0.034902077500972184
0.501157,24,1,opp_m4_10000,opp_m4_10000,24,0.034902077500972184,0.034902077500972184,0.034902077500972184
0.501158,24,1,opp_m4_10000,opp_m4_10000,24,0.034902077500972184,0.034902077500972184,0.034902077500972184
0.501159,24,1,opp_m4_10000,opp_m4_10000,24,0.034902077500972184,0.034902077500972184,0.034902077500972184
0.501160,24,1,opp_m4_10000,opp_m4_10000,24,0.034902077500972184,0.034902077500972184,0.034902077500972184
0.501161,24,1,opp_m4_10000,opp_m4_10000,24,0.034902077500972184,0.034902077500972184,0.034902077500972184
0.501162,24,1,opp_m4_10000,opp_m4_10000,24,0.034902077500972184,0.034902077500972184,0.034902077500972184
0.501163,24,1,opp_m4_10000,opp_m4_10000,24,0.034902077500972184,0.034902077500972184,0.034902077500972184
0.501164,24,1,opp_m4_10000,opp_m4_10000,24,0.034902077500972184,0.034902077500972184,0.034902077500972184
0.501165,24,1,opp_m4_10000,opp_m4_10000,24,0.034902077500972184,0.034902077500972184,0.034902077500972184
0.501166,24,1,opp_m4_10000,opp_m4_10000,24,0.034902077500972184,0.034902077500972184,0.034902077500972184
0.501167,24,1,opp_m4_10000,opp_m4_10000,24,0.034902077500972184,0.034902077500972184,0.034902077500972184
0.501168,24,1,opp_m4_10000,opp_m4_10000,24,0.034902077500972184,0.034902077500972184,0.034902077500972184
0.501169,24,1,opp_m4_10000,opp_m4_10000,24,0.034902077500972184,0.034902077500972184,0.034902077500972184
0.501170,24,1,opp_m4_10000,opp_m4_10000,24,0.034902077500972184,0.034902077500972184,0.034902077500972184
0.501171,24,1,opp_m4_10000,opp_m4_10000,24,0.034902077500972184,0.034902077500972184,0.034902077500972184
0.501172,24,1,opp_m4_10000,opp_m4_10000,24,0.034902077500972184,0.034902077500972184,0.034902077500972184
0.501173,24,1,opp_m4_10000,opp_m4_10000,24,0.034902077500972184,0.034902077500972184,0.034902077500972184
0.501174,24,1,opp_m4_10000,opp_m4_10000,24,0.034902077500972184,0.034902077500972184,0.034902077500972184
0.501175,24,1,opp_m4_10000,opp_m4_10000,24,0.034902077500972184,0.034902077500972184,0.034902077500972184
0.501176,24,1,opp_m4_10000,opp_m4_10000,24,0.034902077500972184,0.034902077500972184,0.034902077500972184
0.501177,24,1,opp_m4_10000,opp_m4_10000,24,0.034902077500972184,0.034902077500972184,0.034902077500972184
0.501178,24,1,opp_m4_10000,opp_m4_10000,24,0.034902077500972184,0.034902077500972184,0.034902077500972184
0.501179,24,1,opp_m4_10000,opp_m4_10000,24,0.034902077500972184,0.034902077500972184,0.034902077500972184
0.501180,24,1,opp_m4_10000,opp_m4_10000,24,0.034902077500972184,0.034902077500972184,0.034902077500972184
0.501181,24,1,opp_m4_10000,opp_m4_10000,24,0.034902077500972184,0.034902077500972184,0.034902077500972184
0.501182,24,1,opp_m4_10000,opp_m4_10000,24,0.034902077500972184,0.034902077500972184,0.034902077500972184
0.501183,24,1,opp_m4_10000,opp_m4_10000,24,0.034902077500972184,0.034902077500972184,0.034902077500972184
0.501184,24,1,opp_m4_10000,opp_m4_10000,24,0.034902077500972184,0.034902077500972184,0.034902077500972184
0.501185,24,1,opp_m4_10000,opp_m4_10000,24,0.034902077500972184,0.034902077500972184,0.034902077500972184
0.501186,24,1,opp_m4_10000,opp_m4_10000,24,0.034902077500972184,0.034902077500972184,0.034902077500972184
0.501187,24,1,opp_m4_10000,opp_m4_10000,24,0.034902077500972184,0.034902077500972184,0.034902077500972184
0.501188,24,1,opp_m4_10000,opp_m4_10000,24,0.034902077500972184,0.034902077500972184,0.034902077500972184
0.501189,24,1,opp_m4_10000,opp_m4_10000,24,0.034902077500972184,0.034902077500972184,0.034902077500972184
0.501190,24,1,opp_m4_10000,opp_m4_10000,24,0.034902077500972184,0.034902077500972184,0.034902077500972184
0.501191,24,1,opp_m4_10000,opp_m4_10000,24,0.034902077500972184,0.034902077500972184,0.034902077500972184
0.501192,24,1,opp_m4_10000,opp_m4_10000,24,0.034902077500972184,0.034902077500972184,0.034902077500972184
0.501193,24,1,opp_m4_10000,opp_m4_10000,24,0.034902077500972184,0.034902077500972184,0.034902077500972184
0.501194,24,1,opp_m4_10000,opp_m4_10000,24,0.034902077500972184,0.034902077500972184,0.034902077500972184
0.501195,24,1,opp_m4_10000,opp_m4_10000,24,0.034902077500972184,0.034902077500972184,0.034902077500972184
0.501196,24,1,opp_m4_10000,opp_m4_10000,24,0.034902077500972184,0.034902077500972184,0.034902077500972184
0.501197,24,1,opp_m4_10000,opp_m4_10000,24,0.034902077500972184,0.034902077500972184,0.034902077500972184
0.501198,24,1,opp_m4_10000,opp_m4_10000,24,0.034902077500972184,0.034902077500972184,0.034902077500972184
0.501199,24,1,opp_m4_10000,opp_m4_10000,24,0.034902077500972184,0.034902077500972184,0.034902077500972184
0.501200,24,1,opp_m4_10000,opp_m4_10000,24,0.034902077500972184,0.034902077500972184,0.034902077500972184
0.501201,24,1,opp_m4_10000,opp_m4_10000,24,0.034902077500972184,0.034902077500972184,0.034902077500972184
0.501202,24,1,opp_m4_10000,opp_m4_10000,24,0.034902077500972184,0.034902077500972184,0.034902077500972184
0.501203,24,1,opp_m4_10000,opp_m4_10000,24,0.034902077500972184,0.034902077500972184,0.034902077500972184
0.501204,24,1,opp_m4_10000,opp_m4_10000,24,0.034902077500972184,0.034902077500972184,0.034902077500972184
0.501205,24,1,opp_m4_10000,opp_m4_10000,24,0.034902077500972184,0.034902077500972184,0.034902077500972184
0.501206,24,1,opp_m4_10000,opp_m4_10000,24,0.034902077500972184,0.034902077500972184,0.034902077500972184
0.501207,24,1,opp_m4_10000,opp_m4_10000,24,0.034902077500972184,0.034902077500972184,0.034902077500972184
0.501208,24,1,opp_m4_10000,opp_m4_10000,24,0.034902077500972184,0.034902077500972184,0.034902077500972184
0.501209,24,1,opp_m4_10000,opp_m4_10000,24,0.034902077500972184,0.034902077500972184,0.034902077500972184
0.501210,24,1,opp_m4_10000,opp_m4_10000,24,0.034902077500972184,0.034902077500972184,0.034902077500972184
0.501211,24,1,opp_m4_10000,opp_m4_10000,24,0.034902077500972184,0.034902077500972184,0.034902077500972184
0.501212,24,1,opp_m4_10000,opp_m4_10000,24,0.034902077500972184,0.034902077500972184,0.034902077500972184
0.501213,24,1,opp_m4_10000,opp_m4_10000,24,0.034902077500972184,0.034902077500972184,0.034902077500972184
0.501214,24,1,opp_m4_10000,opp_m4_10000,24,0.034902077500972184,0.034902077500972184,0.034902077500972184
0.501215,24,1,opp_m4_10000,opp_m4_10000,24,0.034902077500972184,0.034902077500972184,0.034902077500972184
0.501216,24,1,opp_m4_10000,opp_m4_10000,24,0.034902077500972184,0.034902077500972184,0.034902077500972184
0.501217,24,1,opp_m4_10000,opp_m4_10000,24,0.034902077500972184,0.034902077500972184,0.034902077500972184
0.501218,24,1,opp_m4_10000,opp_m4_10000,24,0.034902077500972184,0.034902077500972184,0.034902077500972184
0.501219,24,1,opp_m4_10000,opp_m4_10000,24,0.034902077500972184,0.034902077500972184,0.034902077500972184
0.501220,24,1,opp_m4_10000,opp_m4_10000,24,0.034902077500972184,0.034902077500972184,0.034902077500972184
0.501221,24,1,opp_m4_10000,opp_m4_10000,24,0.034902077500972184,0.034902077500972184,0.034902077500972184
0.501222,24,1,opp_m4_10000,opp_m4_10000,24,0.034902077500972184,0.034902077500972184,0.034902077500972184
0.501223,24,1,opp_m4_10000,opp_m4_10000,24,0.034902077500972184,0.034902077500972184,0.034902077500972184
0.501224,24,1,opp_m4_10000,opp_m4_10000,24,0.034902077500972184,0.034902077500972184,0.034902077500972184
0.501225,24,1,opp_m4_10000,opp_m4_10000,24,0.034902077500972184,0.034902077500972184,0.034902077500972184
0.501226,24,1,opp_m4_10000,opp_m4_10000,24,0.034902077500972184,0.034902077500972184,0.034902077500972184
0.501227,24,1,opp_m4_10000,opp_m4_10000,24,0.034902077500972184,0.034902077500972184,0.034902077500972184
0.501228,24,1,opp_m4_10000,opp_m4_10000,24,0.034902077500972184,0.034902077500972184,0.034902077500972184
0.501229,24,1,opp_m4_10000,opp_m4_10000,24,0.034902077500972184,0.034902077500972184,0.034902077500972184
0.501230,24,1,opp_m4_10000,opp_m4_10000,24,0.034902077500972184,0.034902077500972184,0.034902077500972184
0.501231,24,1,opp_m4_10000,opp_m4_10000,24,0.034902077500972184,0.034902077500972184,0.034902077500972184
0.501232,24,1,opp_m4_10000,opp_m4_10000,24,0.034902077500972184,0.034902077500972184,0.034902077500972184
0.501233,24,1,opp_m4_10000,opp_m4_10000,24,0.034902077500972184,0.034902077500972184,0.034902077500972184
0.501234,24,1,opp_m4_10000,opp_m4_10000,24,0.034902077500972184,0.034902077500972184,0.034902077500972184
0.501235,24,1,opp_m4_10000,opp_m4_10000,24,0.034902077500972184,0.034902077500972184,0.034902077500972184
0.501236,24,1,opp_m4_10000,opp_m4_10000,24,0.034902077500972184,0.034902077500972184,0.034902077500972184
0.501237,24,1,opp_m4_10000,opp_m4_10000,24,0.034902077500972184,0.034902077500972184,0.034902077500972184
0.501238,24,1,opp_m4_10000,opp_m4_10000,24,0.034902077500972184,0.034902077500972184,0.034902077500972184
0.501239,24,1,opp_m4_10000,opp_m4_10000,24,0.034902077500972184,0.034902077500972184,0.034902077500972184
0.501240,24,1,opp_m4_10000,opp_m4_10000,24,0.034902077500972184,0.034902077500972184,0.034902077500972184
0.501241,24,1,opp_m4_10000,opp_m4_10000,24,0.034902077500972184,0.034902077500972184,0.034902077500972184
0.501242,24,1,opp_m4_10000,opp_m4_10000,24,0.034902077500972184,0.034902077500972184,0.034902077500972184
0.501243,24,1,opp_m4_10000,opp_m4_10000,24,0.034902077500972184,0.034902077500972184,0.034902077500972184
0.501244,24,1,opp_m4_10000,opp_m4_10000,24,0.034902077500972184,0.034902077500972184,0.034902077500972184
0.501245,24,1,opp_m4_10000,opp_m4_10000,24,0.034902077500972184,0.034902077500972184,0.034902077500972184
0.501246,24,1,opp_m4_10000,opp_m4_10000,24,0.034902077500972184,0.034902077500972184,0.034902077500972184
0.501247,24,1,opp_m4_10000,opp_m4_10000,24,0.034902077500972184,0.034902077500972184,0.034902077500972184
0.501248,24,1,opp_m4_10000,opp_m4_10000,24,0.034902077500972184,0.034902077500972184,0.034902077500972184
0.501249,24,1,opp_m4_10000,opp_m4_10000,24,0.034902077500972184,0.034902077500972184,0.034902077500972184
0.501250,24,1,opp_m4_10000,opp_m4_10000,24,0.034902077500972184,0.034902077500972184,0.034902077500972184
0.501251,24,1,opp_m4_10000,opp_m4_10000,24,0.034902077500972184,0.034902077500972184,0.034902077500972184
0.501252,24,1,opp_m4_10000,opp_m4_10000,24,0.034902077500972184,0.034902077500972184,0.034902077500972184
0.501253,24,1,opp_m4_10000,opp_m4_10000,24,0.034902077500972184,0.034902077500972184,0.034902077500972184
0.501254,24,1,opp_m4_10000,opp_m4_10000,24,0.034902077500972184,0.034902077500972184,0.034902077500972184
0.501255,24,1,opp_m4_10000,opp_m4_10000,24,0.034902077500972184,0.034902077500972184,0.034902077500972184
0.501256,24,1,opp_m4_10000,opp_m4_10000,24,0.034902077500972184,0.034902077500972184,0.034902077500972184
0.501257,24,1,opp_m4_10000,opp_m4_10000,24,0.034902077500972184,0.034902077500972184,0.034902077500972184
0.501258,24,1,opp_m4_10000,opp_m4_10000,24,0.034902077500972184,0.034902077500972184,0.034902077500972184
0.501259,24,1,opp_m4_10000,opp_m4_10000,24,0.034902077500972184,0.034902077500972184,0.034902077500972184
0.501260,24,1,opp_m4_10000,opp_m4_10000,24,0.034902077500972184,0.034902077500972184,0.034902077500972184
0.501261,24,1,opp_m4_10000,opp_m4_10000,24,0.034902077500972184,0.034902077500972184,0.034902077500972184
0.501262,24,1,opp_m4_10000,opp_m4_10000,24,0.034902077500972184,0.034902077500972184,0.034902077500972184
0.501263,24,1,opp_m4_10000,opp_m4_10000,24,0.034902077500972184,0.034902077500972184,0.034902077500972184
0.501264,24,1,opp_m4_10000,opp_m4_10000,24,0.034902077500972184,0.034902077500972184,0.034902077500972184
0.501265,24,1,opp_m4_10000,opp_m4_10000,24,0.034902077500972184,0.034902077500972184,0.034902077500972184
0.501266,24,1,opp_m4_10000,opp_m4_10000,24,0.034902077500972184,0.034902077500972184,0.034902077500972184
0.501267,24,1,opp_m4_10000,opp_m4_10000,24,0.034902077500972184,0.034902077500972184,0.034902077500972184
0.501268,24,1,opp_m4_10000,opp_m4_10000,24,0.034902077500972184,0.034902077500972184,0.034902077500972184
0.501269,24,1,opp_m4_10000,opp_m4_10000,24,0.034902077500972184,0.034902077500972184,0.034902077500972184
0.501270,24,1,opp_m4_10000,opp_m4_10000,24,0.034902077500972184,0.034902077500972184,0.034902077500972184
0.501271,24,1,opp_m4_10000,opp_m4_10000,24,0.034902077500972184,0.034902077500972184,0.034902077500972184
0.501272,24,1,opp_m4_10000,opp_m4_10000,24,0.034902077500972184,0.034902077500972184,0.034902077500972184
0.501273,24,1,opp_m4_10000,opp_m4_10000,24,0.034902077500972184,0.034902077500972184,0.034902077500972184
0.501274,24,1,opp_m4_10000,opp_m4_10000,24,0.034902077500972184,0.034902077500972184,0.034902077500972184
0.501275,24,1,opp_m4_10000,opp_m4_10000,24,0.034902077500972184,0.034902077500972184,0.034902077500972184
0.501276,24,1,opp_m4_10000,opp_m4_10000,24,0.034902077500972184,0.034902077500972184,0.034902077500972184
0.501277,24,1,opp_m4_10000,opp_m4_10000,24,0.034902077500972184,0.034902077500972184,0.034902077500972184
0.501278,24,1,opp_m4_10000,opp_m4_10000,24,0.034902077500972184,0.034902077500972184,0.034902077500972184
0.501279,24,1,opp_m4_10000,opp_m4_10000,24,0.034902077500972184,0.034902077500972184,0.034902077500972184
0.501280,24,1,opp_m4_10000,opp_m4_10000,24,0.034902077500972184,0.034902077500972184,0.034902077500972184
0.501281,24,1,opp_m4_10000,opp_m4_10000,24,0.034902077500972184,0.034902077500972184,0.034902077500972184
0.501282,24,1,opp_m4_10000,opp_m4_10000,24,0.034902077500972184,0.034902077500972184,0.034902077500972184
0.501283,24,1,opp_m4_10000,opp_m4_10000,24,0.034902077500972184,0.034902077500972184,0.034902077500972184
0.501284,24,1,opp_m4_10000,opp_m4_10000,24,0.034902077500972184,0.034902077500972184,0.034902077500972184
0.501285,24,1,opp_m4_10000,opp_m4_10000,24,0.034902077500972184,0.034902077500972184,0.034902077500972184
0.501286,24,1,opp_m4_10000,opp_m4_10000,24,0.034902077500972184,0.034902077500972184,0.034902077500972184
0.501287,24,1,opp_m4_10000,opp_m4_10000,24,0.034902077500972184,0.034902077500972184,0.034902077500972184
0.501288,24,1,opp_m4_10000,opp_m4_10000,24,0.034902077500972184,0.034902077500972184,0.034902077500972184
0.501289,24,1,opp_m4_10000,opp_m4_10000,24,0.034902077500972184,0.034902077500972184,0.034902077500972184
0.501290,24,1,opp_m4_10000,opp_m4_10000,24,0.034902077500972184,0.034902077500972184,0.034902077500972184
0.501291,24,1,opp_m4_10000,opp_m4_10000,24,0.034902077500972184,0.034902077500972184,0.034902077500972184
0.501292,24,1,opp_m4_10000,opp_m4_10000,24,0.034902077500972184,0.034902077500972184,0.034902077500972184
0.501293,24,1,opp_m4_10000,opp_m4_10000,24,0.034902077500972184,0.034902077500972184,0.034902077500972184
0.501294,24,1,opp_m4_10000,opp_m4_10000,24,0.034902077500972184,0.034902077500972184,0.034902077500972184
0.501295,24,1,opp_m4_10000,opp_m4_10000,24,0.034902077500972184,0.034902077500972184,0.034902077500972184
0.501296,24,1,opp_m4_10000,opp_m4_10000,24,0.034902077500972184,0.034902077500972184,0.034902077500972184
0.501297,24,1,opp_m4_10000,opp_m4_10000,24,0.034902077500972184,0.034902077500972184,0.034902077500972184
0.501298,24,1,opp_m4_10000,opp_m4_10000,24,0.034902077500972184,0.034902077500972184,0.034902077500972184
0.501299,24,1,opp_m4_10000,opp_m4_10000,24,0.034902077500972184,0.034902077500972184,0.034902077500972184
0.501300,24,1,opp_m4_10000,opp_m4_10000,24,0.034902077500972184,0.034902077500972184,0.034902077500972184
0.501301,24,1,opp_m4_10000,opp_m4_10000,24,0.034902077500972184,0.034902077500972184,0.034902077500972184
0.501302,24,1,opp_m4_10000,opp_m4_10000,24,0.034902077500972184,0.034902077500972184,0.034902077500972184
0.501303,24,1,opp_m4_10000,opp_m4_10000,24,0.034902077500972184,0.034902077500972184,0.034902077500972184
0.501304,24,1,opp_m4_10000,opp_m4_10000,24,0.034902077500972184,0.034902077500972184,0.034902077500972184
0.501305,24,1,opp_m4_10000,opp_m4_10000,24,0.034902077500972184,0.034902077500972184,0.034902077500972184
0.501306,24,1,opp_m4_10000,opp_m4_10000,24,0.034902077500972184,0.034902077500972184,0.034902077500972184
0.501307,24,1,opp_m4_10000,opp_m4_10000,24,0.034902077500972184,0.034902077500972184,0.034902077500972184
0.501308,24,1,opp_m4_10000,opp_m4_10000,24,0.034902077500972184,0.034902077500972184,0.034902077500972184
0.501309,24,1,opp_m4_10000,opp_m4_10000,24,0.034902077500972184,0.034902077500972184,0.034902077500972184
0.501310,24,1,opp_m4_10000,opp_m4_10000,24,0.034902077500972184,0.034902077500972184,0.034902077500972184
0.501311,24,1,opp_m4_10000,opp_m4_10000,24,0.034902077500972184,0.034902077500972184,0.034902077500972184
0.501312,24,1,opp_m4_10000,opp_m4_10000,24,0.034902077500972184,0.034902077500972184,0.034902077500972184
0.501313,24,1,opp_m4_10000,opp_m4_10000,24,0.034902077500972184,0.034902077500972184,0.034902077500972184
0.501314,24,1,opp_m4_10000,opp_m4_10000,24,0.034902077500972184,0.034902077500972184,0.034902077500972184
0.501315,24,1,opp_m4_10000,opp_m4_10000,24,0.034902077500972184,0.034902077500972184,0.034902077500972184
0.501316,24,1,opp_m4_10000,opp_m4_10000,24,0.034902077500972184,0.034902077500972184,0.034902077500972184
0.501317,24,1,opp_m4_10000,opp_m4_10000,24,0.034902077500972184,0.034902077500972184,0.034902077500972184
0.501318,24,1,opp_m4_10000,opp_m4_10000,24,0.034902077500972184,0.034902077500972184,0.034902077500972184
0.501319,24,1,opp_m4_10000,opp_m4_10000,24,0.034902077500972184,0.034902077500972184,0.034902077500972184
0.501320,24,1,opp_m4_10000,opp_m4_10000,24,0.034902077500972184,0.034902077500972184,0.034902077500972184
0.501321,24,1,opp_m4_10000,opp_m4_10000,24,0.034902077500972184,0.034902077500972184,0.034902077500972184
0.501322,24,1,opp_m4_10000,opp_m4_10000,24,0.034902077500972184,0.034902077500972184,0.034902077500972184
0.501323,24,1,opp_m4_10000,opp_m4_10000,24,0.034902077500972184,0.034902077500972184,0.034902077500972184
0.501324,24,1,opp_m4_10000,opp_m4_10000,24,0.034902077500972184,0.034902077500972184,0.034902077500972184
0.501325,24,1,opp_m4_10000,opp_m4_10000,24,0.034902077500972184,0.034902077500972184,0.034902077500972184
0.501326,24,1,opp_m4_10000,opp_m4_10000,24,0.034902077500972184,0.034902077500972184,0.034902077500972184
0.501327,24,1,opp_m4_10000,opp_m4_10000,24,0.034902077500972184,0.034902077500972184,0.034902077500972184
0.501328,24,1,opp_m4_10000,opp_m4_10000,24,0.034902077500972184,0.034902077500972184,0.034902077500972184
0.501329,24,1,opp_m4_10000,opp_m4_10000,24,0.034902077500972184,0.034902077500972184,0.034902077500972184
0.501330,24,1,opp_m4_10000,opp_m4_10000,24,0.034902077500972184,0.034902077500972184,0.034902077500972184
0.501331,24,1,opp_m4_10000,opp_m4_10000,24,0.034902077500972184,0.034902077500972184,0.034902077500972184
0.501332,24,1,opp_m4_10000,opp_m4_10000,24,0.034902077500972184,0.034902077500972184,0.034902077500972184
0.501333,24,1,opp_m4_10000,opp_m4_10000,24,0.034902077500972184,0.034902077500972184,0.034902077500972184
0.501334,24,1,opp_m4_10000,opp_m4_10000,24,0.034902077500972184,0.034902077500972184,0.034902077500972184
0.501335,24,1,opp_m4_10000,opp_m4_10000,24,0.034902077500972184,0.034902077500972184,0.034902077500972184
0.501336,24,1,opp_m4_10000,opp_m4_10000,24,0.034902077500972184,0.034902077500972184,0.034902077500972184
0.501337,24,1,opp_m4_10000,opp_m4_10000,24,0.034902077500972184,0.034902077500972184,0.034902077500972184
0.501338,24,1,opp_m4_10000,opp_m4_10000,24,0.034902077500972184,0.034902077500972184,0.034902077500972184
0.501339,24,1,opp_m4_10000,opp_m4_10000,24,0.034902077500972184,0.034902077500972184,0.034902077500972184
0.501340,24,1,opp_m4_10000,opp_m4_10000,24,0.034902077500972184,0.034902077500972184,0.034902077500972184
0.501341,24,1,opp_m4_10000,opp_m4_10000,24,0.034902077500972184,0.034902077500972184,0.034902077500972184
0.501342,24,1,opp_m4_10000,opp_m4_10000,24,0.034902077500972184,0.034902077500972184,0.034902077500972184
0.501343,24,1,opp_m4_10000,opp_m4_10000,24,0.034902077500972184,0.034902077500972184,0.034902077500972184
0.501344,24,1,opp_m4_10000,opp_m4_10000,24,0.034902077500972184,0.034902077500972184,0.034902077500972184
0.501345,24,1,opp_m4_10000,opp_m4_10000,24,0.034902077500972184,0.034902077500972184,0.034902077500972184
0.501346,24,1,opp_m4_10000,opp_m4_10000,24,0.034902077500972184,0.034902077500972184,0.034902077500972184
0.501347,24,1,opp_m4_10000,opp_m4_10000,24,0.034902077500972184,0.034902077500972184,0.034902077500972184
0.501348,24,1,opp_m4_10000,opp_m4_10000,24,0.034902077500972184,0.034902077500972184,0.034902077500972184
0.501349,24,1,opp_m4_10000,opp_m4_10000,24,0.034902077500972184,0.034902077500972184,0.034902077500972184
0.501350,24,1,opp_m4_10000,opp_m4_10000,24,0.034902077500972184,0.034902077500972184,0.034902077500972184
0.501351,24,1,opp_m4_10000,opp_m4_10000,24,0.034902077500972184,0.034902077500972184,0.034902077500972184
0.501352,24,1,opp_m4_10000,opp_m4_10000,24,0.034902077500972184,0.034902077500972184,0.034902077500972184
0.501353,24,1,opp_m4_10000,opp_m4_10000,24,0.034902077500972184,0.034902077500972184,0.034902077500972184
0.501354,24,1,opp_m4_10000,opp_m4_10000,24,0.034902077500972184,0.034902077500972184,0.034902077500972184
0.501355,24,1,opp_m4_10000,opp_m4_10000,24,0.034902077500972184,0.034902077500972184,0.034902077500972184
0.501356,24,1,opp_m4_10000,opp_m4_10000,24,0.034902077500972184,0.034902077500972184,0.034902077500972184
0.501357,24,1,opp_m4_10000,opp_m4_10000,24,0.034902077500972184,0.034902077500972184,0.034902077500972184
0.501358,24,1,opp_m4_10000,opp_m4_10000,24,0.034902077500972184,0.034902077500972184,0.034902077500972184
0.501359,24,1,opp_m4_10000,opp_m4_10000,24,0.034902077500972184,0.034902077500972184,0.034902077500972184
0.501360,24,1,opp_m4_10000,opp_m4_10000,24,0.034902077500972184,0.034902077500972184,0.034902077500972184
0.501361,24,1,opp_m4_10000,opp_m4_10000,24,0.034902077500972184,0.034902077500972184,0.034902077500972184
0.501362,24,1,opp_m4_10000,opp_m4_10000,24,0.034902077500972184,0.034902077500972184,0.034902077500972184
0.501363,24,1,opp_m4_10000,opp_m4_10000,24,0.034902077500972184,0.034902077500972184,0.034902077500972184
0.501364,24,1,opp_m4_10000,opp_m4_10000,24,0.034902077500972184,0.034902077500972184,0.034902077500972184
0.501365,24,1,opp_m4_10000,opp_m4_10000,24,0.034902077500972184,0.034902077500972184,0.034902077500972184
0.501366,24,1,opp_m4_10000,opp_m4_10000,24,0.034902077500972184,0.034902077500972184,0.034902077500972184
0.501367,24,1,opp_m4_10000,opp_m4_10000,24,0.034902077500972184,0.034902077500972184,0.034902077500972184
0.501368,24,1,opp_m4_10000,opp_m4_10000,24,0.034902077500972184,0.034902077500972184,0.034902077500972184
0.501369,24,1,opp_m4_10000,opp_m4_10000,24,0.034902077500972184,0.034902077500972184,0.034902077500972184
0.501370,24,1,opp_m4_10000,opp_m4_10000,24,0.034902077500972184,0.034902077500972184,0.034902077500972184
0.501371,24,1,opp_m4_10000,opp_m4_10000,24,0.034902077500972184,0.034902077500972184,0.034902077500972184
0.501372,24,1,opp_m4_10000,opp_m4_10000,24,0.034902077500972184,0.034902077500972184,0.034902077500972184
0.501373,24,1,opp_m4_10000,opp_m4_10000,24,0.034902077500972184,0.034902077500972184,0.034902077500972184
0.501374,24,1,opp_m4_10000,opp_m4_10000,24,0.034902077500972184,0.034902077500972184,0.034902077500972184
0.501375,24,1,opp_m4_10000,opp_m4_10000,24,0.034902077500972184,0.034902077500972184,0.034902077500972184
0.501376,24,1,opp_m4_10000,opp_m4_10000,24,0.034902077500972184,0.034902077500972184,0.034902077500972184
0.501377,24,1,opp_m4_10000,opp_m4_10000,24,0.034902077500972184,0.034902077500972184,0.034902077500972184
0.501378,24,1,opp_m4_10000,opp_m4_10000,24,0.034902077500972184,0.034902077500972184,0.034902077500972184
0.501379,24,1,opp_m4_10000,opp_m4_10000,24,0.034902077500972184,0.034902077500972184,0.034902077500972184
0.501380,24,1,opp_m4_10000,opp_m4_10000,24,0.034902077500972184,0.034902077500972184,0.034902077500972184
0.501381,24,1,opp_m4_10000,opp_m4_10000,24,0.034902077500972184,0.034902077500972184,0.034902077500972184
0.501382,24,1,opp_m4_10000,opp_m4_10000,24,0.034902077500972184,0.034902077500972184,0.034902077500972184
0.501383,24,1,opp_m4_10000,opp_m4_10000,24,0.034902077500972184,0.034902077500972184,0.034902077500972184
0.501384,24,1,opp_m4_10000,opp_m4_10000,24,0.034902077500972184,0.034902077500972184,0.034902077500972184
0.501385,24,1,opp_m4_10000,opp_m4_10000,24,0.034902077500972184,0.034902077500972184,0.034902077500972184
0.501386,24,1,opp_m4_10000,opp_m4_10000,24,0.034902077500972184,0.034902077500972184,0.034902077500972184
0.501387,24,1,opp_m4_10000,opp_m4_10000,24,0.034902077500972184,0.034902077500972184,0.034902077500972184
0.501388,24,1,opp_m4_10000,opp_m4_10000,24,0.034902077500972184,0.034902077500972184,0.034902077500972184
0.501389,24,1,opp_m4_10000,opp_m4_10000,24,0.034902077500972184,0.034902077500972184,0.034902077500972184
0.501390,24,1,opp_m4_10000,opp_m4_10000,24,0.034902077500972184,0.034902077500972184,0.034902077500972184
0.501391,24,1,opp_m4_10000,opp_m4_10000,24,0.034902077500972184,0.034902077500972184,0.034902077500972184
0.501392,24,1,opp_m4_10000,opp_m4_10000,24,0.034902077500972184,0.034902077500972184,0.034902077500972184
0.501393,24,1,opp_m4_10000,opp_m4_10000,24,0.034902077500972184,0.034902077500972184,0.034902077500972184
0.501394,24,1,opp_m4_10000,opp_m4_10000,24,0.034902077500972184,0.034902077500972184,0.034902077500972184
0.501395,24,1,opp_m4_10000,opp_m4_10000,24,0.034902077500972184,0.034902077500972184,0.034902077500972184
0.501396,24,1,opp_m4_10000,opp_m4_10000,24,0.034902077500972184,0.034902077500972184,0.034902077500972184
0.501397,24,1,opp_m4_10000,opp_m4_10000,24,0.034902077500972184,0.034902077500972184,0.034902077500972184
0.501398,24,1,opp_m4_10000,opp_m4_10000,24,0.034902077500972184,0.034902077500972184,0.034902077500972184
0.501399,24,1,opp_m4_10000,opp_m4_10000,24,0.034902077500972184,0.034902077500972184,0.034902077500972184
0.501400,24,1,opp_m4_10000,opp_m4_10000,24,0.034902077500972184,0.034902077500972184,0.034902077500972184
0.501401,24,1,opp_m4_10000,opp_m4_10000,24,0.034902077500972184,0.034902077500972184,0.034902077500972184
0.501402,24,1,opp_m4_10000,opp_m4_10000,24,0.034902077500972184,0.034902077500972184,0.034902077500972184
0.501403,24,1,opp_m4_10000,opp_m4_10000,24,0.034902077500972184,0.034902077500972184,0.034902077500972184
0.501404,24,1,opp_m4_10000,opp_m4_10000,24,0.034902077500972184,0.034902077500972184,0.034902077500972184
0.501405,24,1,opp_m4_10000,opp_m4_10000,24,0.034902077500972184,0.034902077500972184,0.034902077500972184
0.501406,24,1,opp_m4_10000,opp_m4_10000,24,0.034902077500972184,0.034902077500972184,0.034902077500972184
0.501407,24,1,opp_m4_10000,opp_m4_10000,24,0.034902077500972184,0.034902077500972184,0.034902077500972184
0.501408,24,1,opp_m4_10000,opp_m4_10000,24,0.034902077500972184,0.034902077500972184,0.034902077500972184
0.501409,24,1,opp_m4_10000,opp_m4_10000,24,0.034902077500972184,0.034902077500972184,0.034902077500972184
0.501410,24,1,opp_m4_10000,opp_m4_10000,24,0.034902077500972184,0.034902077500972184,0.034902077500972184
0.501411,24,1,opp_m4_10000,opp_m4_10000,24,0.034902077500972184,0.034902077500972184,0.034902077500972184
0.501412,24,1,opp_m4_10000,opp_m4_10000,24,0.034902077500972184,0.034902077500972184,0.034902077500972184
0.501413,24,1,opp_m4_10000,opp_m4_10000,24,0.034902077500972184,0.034902077500972184,0.034902077500972184
0.501414,24,1,opp_m4_10000,opp_m4_10000,24,0.034902077500972184,0.034902077500972184,0.034902077500972184
0.501415,24,1,opp_m4_10000,opp_m4_10000,24,0.034902077500972184,0.034902077500972184,0.034902077500972184
0.501416,24,1,opp_m4_10000,opp_m4_10000,24,0.034902077500972184,0.034902077500972184,0.034902077500972184
0.501417,24,1,opp_m4_10000,opp_m4_10000,24,0.034902077500972184,0.034902077500972184,0.034902077500972184
0.501418,24,1,opp_m4_10000,opp_m4_10000,24,0.034902077500972184,0.034902077500972184,0.034902077500972184
0.501419,24,1,opp_m4_10000,opp_m4_10000,24,0.034902077500972184,0.034902077500972184,0.034902077500972184
0.501420,24,1,opp_m4_10000,opp_m4_10000,24,0.034902077500972184,0.034902077500972184,0.034902077500972184
0.501421,24,1,opp_m4_10000,opp_m4_10000,24,0.034902077500972184,0.034902077500972184,0.034902077500972184
0.501422,24,1,opp_m4_10000,opp_m4_10000,24,0.034902077500972184,0.034902077500972184,0.034902077500972184
0.501423,24,1,opp_m4_10000,opp_m4_10000,24,0.034902077500972184,0.034902077500972184,0.034902077500972184
0.501424,24,1,opp_m4_10000,opp_m4_10000,24,0.034902077500972184,0.034902077500972184,0.034902077500972184
0.501425,24,1,opp_m4_10000,opp_m4_10000,24,0.034902077500972184,0.034902077500972184,0.034902077500972184
0.501426,24,1,opp_m4_10000,opp_m4_10000,24,0.034902077500972184,0.034902077500972184,0.034902077500972184
0.501427,24,1,opp_m4_10000,opp_m4_10000,24,0.034902077500972184,0.034902077500972184,0.034902077500972184
0.501428,24,1,opp_m4_10000,opp_m4_10000,24,0.034902077500972184,0.034902077500972184,0.034902077500972184
0.501429,24,1,opp_m4_10000,opp_m4_10000,24,0.034902077500972184,0.034902077500972184,0.034902077500972184
0.501430,24,1,opp_m4_10000,opp_m4_10000,24,0.034902077500972184,0.034902077500972184,0.034902077500972184
0.501431,24,1,opp_m4_10000,opp_m4_10000,24,0.034902077500972184,0.034902077500972184,0.034902077500972184
0.501432,24,1,opp_m4_10000,opp_m4_10000,24,0.034902077500972184,0.034902077500972184,0.034902077500972184
0.501433,24,1,opp_m4_10000,opp_m4_10000,24,0.034902077500972184,0.034902077500972184,0.034902077500972184
0.501434,24,1,opp_m4_10000,opp_m4_10000,24,0.034902077500972184,0.034902077500972184,0.034902077500972184
0.501435,24,1,opp_m4_10000,opp_m4_10000,24,0.034902077500972184,0.034902077500972184,0.034902077500972184
0.501436,24,1,opp_m4_10000,opp_m4_10000,24,0.034902077500972184,0.034902077500972184,0.034902077500972184
0.501437,24,1,opp_m4_10000,opp_m4_10000,24,0.034902077500972184,0.034902077500972184,0.034902077500972184
0.501438,24,1,opp_m4_10000,opp_m4_10000,24,0.034902077500972184,0.034902077500972184,0.034902077500972184
0.501439,24,1,opp_m4_10000,opp_m4_10000,24,0.034902077500972184,0.034902077500972184,0.034902077500972184
0.501440,24,1,opp_m4_10000,opp_m4_10000,24,0.034902077500972184,0.034902077500972184,0.034902077500972184
0.501441,24,1,opp_m4_10000,opp_m4_10000,24,0.034902077500972184,0.034902077500972184,0.034902077500972184
0.501442,24,1,opp_m4_10000,opp_m4_10000,24,0.034902077500972184,0.034902077500972184,0.034902077500972184
0.501443,24,1,opp_m4_10000,opp_m4_10000,24,0.034902077500972184,0.034902077500972184,0.034902077500972184
0.501444,24,1,opp_m4_10000,opp_m4_10000,24,0.034902077500972184,0.034902077500972184,0.034902077500972184
0.501445,24,1,opp_m4_10000,opp_m4_10000,24,0.034902077500972184,0.034902077500972184,0.034902077500972184
0.501446,24,1,opp_m4_10000,opp_m4_10000,24,0.034902077500972184,0.034902077500972184,0.034902077500972184
0.501447,24,1,opp_m4_10000,opp_m4_10000,24,0.034902077500972184,0.034902077500972184,0.034902077500972184
0.501448,24,1,opp_m4_10000,opp_m4_10000,24,0.034902077500972184,0.034902077500972184,0.034902077500972184
0.501449,24,1,opp_m4_10000,opp_m4_10000,24,0.034902077500972184,0.034902077500972184,0.034902077500972184
0.501450,24,1,opp_m4_10000,opp_m4_10000,24,0.034902077500972184,0.034902077500972184,0.034902077500972184
0.501451,24,1,opp_m4_10000,opp_m4_10000,24,0.034902077500972184,0.034902077500972184,0.034902077500972184
0.501452,24,1,opp_m4_10000,opp_m4_10000,24,0.034902077500972184,0.034902077500972184,0.034902077500972184
0.501453,24,1,opp_m4_10000,opp_m4_10000,24,0.034902077500972184,0.034902077500972184,0.034902077500972184
0.501454,24,1,opp_m4_10000,opp_m4_10000,24,0.034902077500972184,0.034902077500972184,0.034902077500972184
0.501455,24,1,opp_m4_10000,opp_m4_10000,24,0.034902077500972184,0.034902077500972184,0.034902077500972184
0.501456,24,1,opp_m4_10000,opp_m4_10000,24,0.034902077500972184,0.034902077500972184,0.034902077500972184
0.501457,24,1,opp_m4_10000,opp_m4_10000,24,0.034902077500972184,0.034902077500972184,0.034902077500972184
0.501458,24,1,opp_m4_10000,opp_m4_10000,24,0.034902077500972184,0.034902077500972184,0.034902077500972184
0.501459,24,1,opp_m4_10000,opp_m4_10000,24,0.034902077500972184,0.034902077500972184,0.034902077500972184
0.501460,24,1,opp_m4_10000,opp_m4_10000,24,0.034902077500972184,0.034902077500972184,0.034902077500972184
0.501461,24,1,opp_m4_10000,opp_m4_10000,24,0.034902077500972184,0.034902077500972184,0.034902077500972184
0.501462,24,1,opp_m4_10000,opp_m4_10000,24,0.034902077500972184,0.034902077500972184,0.034902077500972184
0.501463,24,1,opp_m4_10000,opp_m4_10000,24,0.034902077500972184,0.034902077500972184,0.034902077500972184
0.501464,24,1,opp_m4_10000,opp_m4_10000,24,0.034902077500972184,0.034902077500972184,0.034902077500972184
0.501465,24,1,opp_m4_10000,opp_m4_10000,24,0.034902077500972184,0.034902077500972184,0.034902077500972184
0.501466,24,1,opp_m4_10000,opp_m4_10000,24,0.034902077500972184,0.034902077500972184,0.034902077500972184
0.501467,24,1,opp_m4_10000,opp_m4_10000,24,0.034902077500972184,0.034902077500972184,0.034902077500972184
0.501468,24,1,opp_m4_10000,opp_m4_10000,24,0.034902077500972184,0.034902077500972184,0.034902077500972184
0.501469,24,1,opp_m4_10000,opp_m4_10000,24,0.034902077500972184,0.034902077500972184,0.034902077500972184
0.501470,24,1,opp_m4_10000,opp_m4_10000,24,0.034902077500972184,0.034902077500972184,0.034902077500972184
0.501471,24,1,opp_m4_10000,opp_m4_10000,24,0.034902077500972184,0.034902077500972184,0.034902077500972184
0.501472,24,1,opp_m4_10000,opp_m4_10000,24,0.034902077500972184,0.034902077500972184,0.034902077500972184
0.501473,24,1,opp_m4_10000,opp_m4_10000,24,0.034902077500972184,0.034902077500972184,0.034902077500972184
0.501474,24,1,opp_m4_10000,opp_m4_10000,24,0.034902077500972184,0.034902077500972184,0.034902077500972184
0.501475,24,1,opp_m4_10000,opp_m4_10000,24,0.034902077500972184,0.034902077500972184,0.034902077500972184
0.501476,24,1,opp_m4_10000,opp_m4_10000,24,0.034902077500972184,0.034902077500972184,0.034902077500972184
0.501477,24,1,opp_m4_10000,opp_m4_10000,24,0.034902077500972184,0.034902077500972184,0.034902077500972184
0.501478,24,1,opp_m4_10000,opp_m4_10000,24,0.034902077500972184,0.034902077500972184,0.034902077500972184
0.501479,24,1,opp_m4_10000,opp_m4_10000,24,0.034902077500972184,0.034902077500972184,0.034902077500972184
0.501480,24,1,opp_m4_10000,opp_m4_10000,24,0.034902077500972184,0.034902077500972184,0.034902077500972184
0.501481,24,1,opp_m4_10000,opp_m4_10000,24,0.034902077500972184,0.034902077500972184,0.034902077500972184
0.501482,24,1,opp_m4_10000,opp_m4_10000,24,0.034902077500972184,0.034902077500972184,0.034902077500972184
0.501483,24,1,opp_m4_10000,opp_m4_10000,24,0.034902077500972184,0.034902077500972184,0.034902077500972184
0.501484,24,1,opp_m4_10000,opp_m4_10000,24,0.034902077500972184,0.034902077500972184,0.034902077500972184
0.501485,24,1,opp_m4_10000,opp_m4_10000,24,0.034902077500972184,0.034902077500972184,0.034902077500972184
0.501486,24,1,opp_m4_10000,opp_m4_10000,24,0.034902077500972184,0.034902077500972184,0.034902077500972184
0.501487,24,1,opp_m4_10000,opp_m4_10000,24,0.034902077500972184,0.034902077500972184,0.034902077500972184
0.501488,24,1,opp_m4_10000,opp_m4_10000,24,0.034902077500972184,0.034902077500972184,0.034902077500972184
0.501489,24,1,opp_m4_10000,opp_m4_10000,24,0.034902077500972184,0.034902077500972184,0.034902077500972184
0.501490,24,1,opp_m4_10000,opp_m4_10000,24,0.034902077500972184,0.034902077500972184,0.034902077500972184
0.501491,24,1,opp_m4_10000,opp_m4_10000,24,0.034902077500972184,0.034902077500972184,0.034902077500972184
0.501492,24,1,opp_m4_10000,opp_m4_10000,24,0.034902077500972184,0.034902077500972184,0.034902077500972184
0.501493,24,1,opp_m4_10000,opp_m4_10000,24,0.034902077500972184,0.034902077500972184,0.034902077500972184
0.501494,24,1,opp_m4_10000,opp_m4_10000,24,0.034902077500972184,0.034902077500972184,0.034902077500972184
0.501495,24,1,opp_m4_10000,opp_m4_10000,24,0.034902077500972184,0.034902077500972184,0.034902077500972184
0.501496,24,1,opp_m4_10000,opp_m4_10000,24,0.034902077500972184,0.034902077500972184,0.034902077500972184
0.501497,24,1,opp_m4_10000,opp_m4_10000,24,0.034902077500972184,0.034902077500972184,0.034902077500972184
0.501498,24,1,opp_m4_10000,opp_m4_10000,24,0.034902077500972184,0.034902077500972184,0.034902077500972184
0.501499,24,1,opp_m4_10000,opp_m4_10000,24,0.034902077500972184,0.034902077500972184,0.034902077500972184
0.501500,24,1,opp_m4_10000,opp_m4_10000,24,0.034902077500972184,0.034902077500972184,0.034902077500972184
0.501501,24,1,opp_m4_10000,opp_m4_10000,24,0.034902077500972184,0.034902077500972184,0.034902077500972184
0.501502,24,1,opp_m4_10000,opp_m4_10000,24,0.034902077500972184,0.034902077500972184,0.034902077500972184
0.501503,24,1,opp_m4_10000,opp_m4_10000,24,0.034902077500972184,0.034902077500972184,0.034902077500972184
0.501504,24,1,opp_m4_10000,opp_m4_10000,24,0.034902077500972184,0.034902077500972184,0.034902077500972184
0.501505,24,1,opp_m4_10000,opp_m4_10000,24,0.034902077500972184,0.034902077500972184,0.034902077500972184
0.501506,24,1,opp_m4_10000,opp_m4_10000,24,0.034902077500972184,0.034902077500972184,0.034902077500972184
0.501507,24,1,opp_m4_10000,opp_m4_10000,24,0.034902077500972184,0.034902077500972184,0.034902077500972184
0.501508,24,1,opp_m4_10000,opp_m4_10000,24,0.034902077500972184,0.034902077500972184,0.034902077500972184
0.501509,24,1,opp_m4_10000,opp_m4_10000,24,0.034902077500972184,0.034902077500972184,0.034902077500972184
0.501510,24,1,opp_m4_10000,opp_m4_10000,24,0.034902077500972184,0.034902077500972184,0.034902077500972184
0.501511,24,1,opp_m4_10000,opp_m4_10000,24,0.034902077500972184,0.034902077500972184,0.034902077500972184
0.501512,24,1,opp_m4_10000,opp_m4_10000,24,0.034902077500972184,0.034902077500972184,0.034902077500972184
0.501513,24,1,opp_m4_10000,opp_m4_10000,24,0.034902077500972184,0.034902077500972184,0.034902077500972184
0.501514,24,1,opp_m4_10000,opp_m4_10000,24,0.034902077500972184,0.034902077500972184,0.034902077500972184
0.501515,24,1,opp_m4_10000,opp_m4_10000,24,0.034902077500972184,0.034902077500972184,0.034902077500972184
0.501516,24,1,opp_m4_10000,opp_m4_10000,24,0.034902077500972184,0.034902077500972184,0.034902077500972184
0.501517,24,1,opp_m4_10000,opp_m4_10000,24,0.034902077500972184,0.034902077500972184,0.034902077500972184
0.501518,24,1,opp_m4_10000,opp_m4_10000,24,0.034902077500972184,0.034902077500972184,0.034902077500972184
0.501519,24,1,opp_m4_10000,opp_m4_10000,24,0.034902077500972184,0.034902077500972184,0.034902077500972184
0.501520,24,1,opp_m4_10000,opp_m4_10000,24,0.034902077500972184,0.034902077500972184,0.034902077500972184
0.501521,24,1,opp_m4_10000,opp_m4_10000,24,0.034902077500972184,0.034902077500972184,0.034902077500972184
0.501522,24,1,opp_m4_10000,opp_m4_10000,24,0.034902077500972184,0.034902077500972184,0.034902077500972184
0.501523,24,1,opp_m4_10000,opp_m4_10000,24,0.034902077500972184,0.034902077500972184,0.034902077500972184
0.501524,24,1,opp_m4_10000,opp_m4_10000,24,0.034902077500972184,0.034902077500972184,0.034902077500972184
0.501525,24,1,opp_m4_10000,opp_m4_10000,24,0.034902077500972184,0.034902077500972184,0.034902077500972184
0.501526,24,1,opp_m4_10000,opp_m4_10000,24,0.034902077500972184,0.034902077500972184,0.034902077500972184
0.501527,24,1,opp_m4_10000,opp_m4_10000,24,0.034902077500972184,0.034902077500972184,0.034902077500972184
0.501528,24,1,opp_m4_10000,opp_m4_10000,24,0.034902077500972184,0.034902077500972184,0.034902077500972184
0.501529,24,1,opp_m4_10000,opp_m4_10000,24,0.034902077500972184,0.034902077500972184,0.034902077500972184
0.501530,24,1,opp_m4_10000,opp_m4_10000,24,0.034902077500972184,0.034902077500972184,0.034902077500972184
0.501531,24,1,opp_m4_10000,opp_m4_10000,24,0.034902077500972184,0.034902077500972184,0.034902077500972184
0.501532,24,1,opp_m4_10000,opp_m4_10000,24,0.034902077500972184,0.034902077500972184,0.034902077500972184
0.501533,24,1,opp_m4_10000,opp_m4_10000,24,0.034902077500972184,0.034902077500972184,0.034902077500972184
0.501534,24,1,opp_m4_10000,opp_m4_10000,24,0.034902077500972184,0.034902077500972184,0.034902077500972184
0.501535,24,1,opp_m4_10000,opp_m4_10000,24,0.034902077500972184,0.034902077500972184,0.034902077500972184
0.501536,24,1,opp_m4_10000,opp_m4_10000,24,0.034902077500972184,0.034902077500972184,0.034902077500972184
0.501537,24,1,opp_m4_10000,opp_m4_10000,24,0.034902077500972184,0.034902077500972184,0.034902077500972184
0.501538,24,1,opp_m4_10000,opp_m4_10000,24,0.034902077500972184,0.034902077500972184,0.034902077500972184
0.501539,24,1,opp_m4_10000,opp_m4_10000,24,0.034902077500972184,0.034902077500972184,0.034902077500972184
0.501540,24,1,opp_m4_10000,opp_m4_10000,24,0.034902077500972184,0.034902077500972184,0.034902077500972184
0.501541,24,1,opp_m4_10000,opp_m4_10000,24,0.034902077500972184,0.034902077500972184,0.034902077500972184
0.501542,24,1,opp_m4_10000,opp_m4_10000,24,0.034902077500972184,0.034902077500972184,0.034902077500972184
0.501543,24,1,opp_m4_10000,opp_m4_10000,24,0.034902077500972184,0.034902077500972184,0.034902077500972184
0.501544,24,1,opp_m4_10000,opp_m4_10000,24,0.034902077500972184,0.034902077500972184,0.034902077500972184
0.501545,24,1,opp_m4_10000,opp_m4_10000,24,0.034902077500972184,0.034902077500972184,0.034902077500972184
0.501546,24,1,opp_m4_10000,opp_m4_10000,24,0.034902077500972184,0.034902077500972184,0.034902077500972184
0.501547,24,1,opp_m4_10000,opp_m4_10000,24,0.034902077500972184,0.034902077500972184,0.034902077500972184
0.501548,24,1,opp_m4_10000,opp_m4_10000,24,0.034902077500972184,0.034902077500972184,0.034902077500972184
0.501549,24,1,opp_m4_10000,opp_m4_10000,24,0.034902077500972184,0.034902077500972184,0.034902077500972184
0.501550,24,1,opp_m4_10000,opp_m4_10000,24,0.034902077500972184,0.034902077500972184,0.034902077500972184
0.501551,24,1,opp_m4_10000,opp_m4_10000,24,0.034902077500972184,0.034902077500972184,0.034902077500972184
0.501552,24,1,opp_m4_10000,opp_m4_10000,24,0.034902077500972184,0.034902077500972184,0.034902077500972184
0.501553,24,1,opp_m4_10000,opp_m4_10000,24,0.034902077500972184,0.034902077500972184,0.034902077500972184
0.501554,24,1,opp_m4_10000,opp_m4_10000,24,0.034902077500972184,0.034902077500972184,0.034902077500972184
0.501555,24,1,opp_m4_10000,opp_m4_10000,24,0.034902077500972184,0.034902077500972184,0.034902077500972184
0.501556,24,1,opp_m4_10000,opp_m4_10000,24,0.034902077500972184,0.034902077500972184,0.034902077500972184
0.501557,24,1,opp_m4_10000,opp_m4_10000,24,0.034902077500972184,0.034902077500972184,0.034902077500972184
0.501558,24,1,opp_m4_10000,opp_m4_10000,24,0.034902077500972184,0.034902077500972184,0.034902077500972184
0.501559,24,1,opp_m4_10000,opp_m4_10000,24,0.034902077500972184,0.034902077500972184,0.034902077500972184
0.501560,24,1,opp_m4_10000,opp_m4_10000,24,0.034902077500972184,0.034902077500972184,0.034902077500972184
0.501561,24,1,opp_m4_10000,opp_m4_10000,24,0.034902077500972184,0.034902077500972184,0.034902077500972184
0.501562,24,1,opp_m4_10000,opp_m4_10000,24,0.034902077500972184,0.034902077500972184,0.034902077500972184
0.501563,24,1,opp_m4_10000,opp_m4_10000,24,0.034902077500972184,0.034902077500972184,0.034902077500972184
0.501564,24,1,opp_m4_10000,opp_m4_10000,24,0.034902077500972184,0.034902077500972184,0.034902077500972184
0.501565,24,1,opp_m4_10000,opp_m4_10000,24,0.034902077500972184,0.034902077500972184,0.034902077500972184
0.501566,24,1,opp_m4_10000,opp_m4_10000,24,0.034902077500972184,0.034902077500972184,0.034902077500972184
0.501567,24,1,opp_m4_10000,opp_m4_10000,24,0.034902077500972184,0.034902077500972184,0.034902077500972184
0.501568,24,1,opp_m4_10000,opp_m4_10000,24,0.034902077500972184,0.034902077500972184,0.034902077500972184
0.501569,24,1,opp_m4_10000,opp_m4_10000,24,0.034902077500972184,0.034902077500972184,0.034902077500972184
0.501570,24,1,opp_m4_10000,opp_m4_10000,24,0.034902077500972184,0.034902077500972184,0.034902077500972184
0.501571,24,1,opp_m4_10000,opp_m4_10000,24,0.034902077500972184,0.034902077500972184,0.034902077500972184
0.501572,24,1,opp_m4_10000,opp_m4_10000,24,0.034902077500972184,0.034902077500972184,0.034902077500972184
0.501573,24,1,opp_m4_10000,opp_m4_10000,24,0.034902077500972184,0.034902077500972184,0.034902077500972184
0.501574,24,1,opp_m4_10000,opp_m4_10000,24,0.034902077500972184,0.034902077500972184,0.034902077500972184
0.501575,24,1,opp_m4_10000,opp_m4_10000,24,0.034902077500972184,0.034902077500972184,0.034902077500972184
0.501576,24,1,opp_m4_10000,opp_m4_10000,24,0.034902077500972184,0.034902077500972184,0.034902077500972184
0.501577,24,1,opp_m4_10000,opp_m4_10000,24,0.034902077500972184,0.034902077500972184,0.034902077500972184
0.501578,24,1,opp_m4_10000,opp_m4_10000,24,0.034902077500972184,0.034902077500972184,0.034902077500972184
0.501579,24,1,opp_m4_10000,opp_m4_10000,24,0.034902077500972184,0.034902077500972184,0.034902077500972184
0.501580,24,1,opp_m4_10000,opp_m4_10000,24,0.034902077500972184,0.034902077500972184,0.034902077500972184
0.501581,24,1,opp_m4_10000,opp_m4_10000,24,0.034902077500972184,0.034902077500972184,0.034902077500972184
0.501582,24,1,opp_m4_10000,opp_m4_10000,24,0.034902077500972184,0.034902077500972184,0.034902077500972184
0.501583,24,1,opp_m4_10000,opp_m4_10000,24,0.034902077500972184,0.034902077500972184,0.034902077500972184
0.501584,24,1,opp_m4_10000,opp_m4_10000,24,0.034902077500972184,0.034902077500972184,0.034902077500972184
0.501585,24,1,opp_m4_10000,opp_m4_10000,24,0.034902077500972184,0.034902077500972184,0.034902077500972184
0.501586,24,1,opp_m4_10000,opp_m4_10000,24,0.034902077500972184,0.034902077500972184,0.034902077500972184
0.501587,24,1,opp_m4_10000,opp_m4_10000,24,0.034902077500972184,0.034902077500972184,0.034902077500972184
0.501588,24,1,opp_m4_10000,opp_m4_10000,24,0.034902077500972184,0.034902077500972184,0.034902077500972184
0.501589,24,1,opp_m4_10000,opp_m4_10000,24,0.034902077500972184,0.034902077500972184,0.034902077500972184
0.501590,24,1,opp_m4_10000,opp_m4_10000,24,0.034902077500972184,0.034902077500972184,0.034902077500972184
0.501591,24,1,opp_m4_10000,opp_m4_10000,24,0.034902077500972184,0.034902077500972184,0.034902077500972184
0.501592,24,1,opp_m4_10000,opp_m4_10000,24,0.034902077500972184,0.034902077500972184,0.034902077500972184
0.501593,24,1,opp_m4_10000,opp_m4_10000,24,0.034902077500972184,0.034902077500972184,0.034902077500972184
0.501594,24,1,opp_m4_10000,opp_m4_10000,24,0.034902077500972184,0.034902077500972184,0.034902077500972184
0.501595,24,1,opp_m4_10000,opp_m4_10000,24,0.034902077500972184,0.034902077500972184,0.034902077500972184
0.501596,24,1,opp_m4_10000,opp_m4_10000,24,0.034902077500972184,0.034902077500972184,0.034902077500972184
0.501597,24,1,opp_m4_10000,opp_m4_10000,24,0.034902077500972184,0.034902077500972184,0.034902077500972184
0.501598,24,1,opp_m4_10000,opp_m4_10000,24,0.034902077500972184,0.034902077500972184,0.034902077500972184
0.501599,24,1,opp_m4_10000,opp_m4_10000,24,0.034902077500972184,0.034902077500972184,0.034902077500972184
0.501600,24,1,opp_m4_10000,opp_m4_10000,24,0.034902077500972184,0.034902077500972184,0.034902077500972184
0.501601,24,1,opp_m4_10000,opp_m4_10000,24,0.034902077500972184,0.034902077500972184,0.034902077500972184
0.501602,24,1,opp_m4_10000,opp_m4_10000,24,0.034902077500972184,0.034902077500972184,0.034902077500972184
0.501603,24,1,opp_m4_10000,opp_m4_10000,24,0.034902077500972184,0.034902077500972184,0.034902077500972184
0.501604,24,1,opp_m4_10000,opp_m4_10000,24,0.034902077500972184,0.034902077500972184,0.034902077500972184
0.501605,24,1,opp_m4_10000,opp_m4_10000,24,0.034902077500972184,0.034902077500972184,0.034902077500972184
0.501606,24,1,opp_m4_10000,opp_m4_10000,24,0.034902077500972184,0.034902077500972184,0.034902077500972184
0.501607,24,1,opp_m4_10000,opp_m4_10000,24,0.034902077500972184,0.034902077500972184,0.034902077500972184
0.501608,24,1,opp_m4_10000,opp_m4_10000,24,0.034902077500972184,0.034902077500972184,0.034902077500972184
0.501609,24,1,opp_m4_10000,opp_m4_10000,24,0.034902077500972184,0.034902077500972184,0.034902077500972184
0.501610,24,1,opp_m4_10000,opp_m4_10000,24,0.034902077500972184,0.034902077500972184,0.034902077500972184
0.501611,24,1,opp_m4_10000,opp_m4_10000,24,0.034902077500972184,0.034902077500972184,0.034902077500972184
0.501612,24,1,opp_m4_10000,opp_m4_10000,24,0.034902077500972184,0.034902077500972184,0.034902077500972184
0.501613,24,1,opp_m4_10000,opp_m4_10000,24,0.034902077500972184,0.034902077500972184,0.034902077500972184
0.501614,24,1,opp_m4_10000,opp_m4_10000,24,0.034902077500972184,0.034902077500972184,0.034902077500972184
0.501615,24,1,opp_m4_10000,opp_m4_10000,24,0.034902077500972184,0.034902077500972184,0.034902077500972184
0.501616,24,1,opp_m4_10000,opp_m4_10000,24,0.034902077500972184,0.034902077500972184,0.034902077500972184
0.501617,24,1,opp_m4_10000,opp_m4_10000,24,0.034902077500972184,0.034902077500972184,0.034902077500972184
0.501618,24,1,opp_m4_10000,opp_m4_10000,24,0.034902077500972184,0.034902077500972184,0.034902077500972184
0.501619,24,1,opp_m4_10000,opp_m4_10000,24,0.034902077500972184,0.034902077500972184,0.034902077500972184
0.501620,24,1,opp_m4_10000,opp_m4_10000,24,0.034902077500972184,0.034902077500972184,0.034902077500972184
0.501621,24,1,opp_m4_10000,opp_m4_10000,24,0.034902077500972184,0.034902077500972184,0.034902077500972184
0.501622,24,1,opp_m4_10000,opp_m4_10000,24,0.034902077500972184,0.034902077500972184,0.034902077500972184
0.501623,24,1,opp_m4_10000,opp_m4_10000,24,0.034902077500972184,0.034902077500972184,0.034902077500972184
0.501624,24,1,opp_m4_10000,opp_m4_10000,24,0.034902077500972184,0.034902077500972184,0.034902077500972184
0.501625,24,1,opp_m4_10000,opp_m4_10000,24,0.034902077500972184,0.034902077500972184,0.034902077500972184
0.501626,24,1,opp_m4_10000,opp_m4_10000,24,0.034902077500972184,0.034902077500972184,0.034902077500972184
0.501627,24,1,opp_m4_10000,opp_m4_10000,24,0.034902077500972184,0.034902077500972184,0.034902077500972184
0.501628,24,1,opp_m4_10000,opp_m4_10000,24,0.034902077500972184,0.034902077500972184,0.034902077500972184
0.501629,24,1,opp_m4_10000,opp_m4_10000,24,0.034902077500972184,0.034902077500972184,0.034902077500972184
0.501630,24,1,opp_m4_10000,opp_m4_10000,24,0.034902077500972184,0.034902077500972184,0.034902077500972184
0.501631,24,1,opp_m4_10000,opp_m4_10000,24,0.034902077500972184,0.034902077500972184,0.034902077500972184
0.501632,24,1,opp_m4_10000,opp_m4_10000,24,0.034902077500972184,0.034902077500972184,0.034902077500972184
0.501633,24,1,opp_m4_10000,opp_m4_10000,24,0.034902077500972184,0.034902077500972184,0.034902077500972184
0.501634,24,1,opp_m4_10000,opp_m4_10000,24,0.034902077500972184,0.034902077500972184,0.034902077500972184
0.501635,24,1,opp_m4_10000,opp_m4_10000,24,0.034902077500972184,0.034902077500972184,0.034902077500972184
0.501636,24,1,opp_m4_10000,opp_m4_10000,24,0.034902077500972184,0.034902077500972184,0.034902077500972184
0.501637,24,1,opp_m4_10000,opp_m4_10000,24,0.034902077500972184,0.034902077500972184,0.034902077500972184
0.501638,24,1,opp_m4_10000,opp_m4_10000,24,0.034902077500972184,0.034902077500972184,0.034902077500972184
0.501639,24,1,opp_m4_10000,opp_m4_10000,24,0.034902077500972184,0.034902077500972184,0.034902077500972184
0.501640,24,1,opp_m4_10000,opp_m4_10000,24,0.034902077500972184,0.034902077500972184,0.034902077500972184
0.501641,24,1,opp_m4_10000,opp_m4_10000,24,0.034902077500972184,0.034902077500972184,0.034902077500972184
0.501642,24,1,opp_m4_10000,opp_m4_10000,24,0.034902077500972184,0.034902077500972184,0.034902077500972184
0.501643,24,1,opp_m4_10000,opp_m4_10000,24,0.034902077500972184,0.034902077500972184,0.034902077500972184
0.501644,24,1,opp_m4_10000,opp_m4_10000,24,0.034902077500972184,0.034902077500972184,0.034902077500972184
0.501645,24,1,opp_m4_10000,opp_m4_10000,24,0.034902077500972184,0.034902077500972184,0.034902077500972184
0.501646,24,1,opp_m4_10000,opp_m4_10000,24,0.034902077500972184,0.034902077500972184,0.034902077500972184
0.501647,24,1,opp_m4_10000,opp_m4_10000,24,0.034902077500972184,0.034902077500972184,0.034902077500972184
0.501648,24,1,opp_m4_10000,opp_m4_10000,24,0.034902077500972184,0.034902077500972184,0.034902077500972184
0.501649,24,1,opp_m4_10000,opp_m4_10000,24,0.034902077500972184,0.034902077500972184,0.034902077500972184
0.501650,24,1,opp_m4_10000,opp_m4_10000,24,0.034902077500972184,0.034902077500972184,0.034902077500972184
0.501651,24,1,opp_m4_10000,opp_m4_10000,24,0.034902077500972184,0.034902077500972184,0.034902077500972184
0.501652,24,1,opp_m4_10000,opp_m4_10000,24,0.034902077500972184,0.034902077500972184,0.034902077500972184
0.501653,24,1,opp_m4_10000,opp_m4_10000,24,0.034902077500972184,0.034902077500972184,0.034902077500972184
0.501654,24,1,opp_m4_10000,opp_m4_10000,24,0.034902077500972184,0.034902077500972184,0.034902077500972184
0.501655,24,1,opp_m4_10000,opp_m4_10000,24,0.034902077500972184,0.034902077500972184,0.034902077500972184
0.501656,24,1,opp_m4_10000,opp_m4_10000,24,0.034902077500972184,0.034902077500972184,0.034902077500972184
0.501657,24,1,opp_m4_10000,opp_m4_10000,24,0.034902077500972184,0.034902077500972184,0.034902077500972184
0.501658,24,1,opp_m4_10000,opp_m4_10000,24,0.034902077500972184,0.034902077500972184,0.034902077500972184
0.501659,24,1,opp_m4_10000,opp_m4_10000,24,0.034902077500972184,0.034902077500972184,0.034902077500972184
0.501660,24,1,opp_m4_10000,opp_m4_10000,24,0.034902077500972184,0.034902077500972184,0.034902077500972184
0.501661,24,1,opp_m4_10000,opp_m4_10000,24,0.034902077500972184,0.034902077500972184,0.034902077500972184
0.501662,24,1,opp_m4_10000,opp_m4_10000,24,0.034902077500972184,0.034902077500972184,0.034902077500972184
0.501663,24,1,opp_m4_10000,opp_m4_10000,24,0.034902077500972184,0.034902077500972184,0.034902077500972184
0.501664,24,1,opp_m4_10000,opp_m4_10000,24,0.034902077500972184,0.034902077500972184,0.034902077500972184
0.501665,24,1,opp_m4_10000,opp_m4_10000,24,0.034902077500972184,0.034902077500972184,0.034902077500972184
0.501666,24,1,opp_m4_10000,opp_m4_10000,24,0.034902077500972184,0.034902077500972184,0.034902077500972184
0.501667,24,1,opp_m4_10000,opp_m4_10000,24,0.034902077500972184,0.034902077500972184,0.034902077500972184
0.501668,24,1,opp_m4_10000,opp_m4_10000,24,0.034902077500972184,0.034902077500972184,0.034902077500972184
0.501669,24,1,opp_m4_10000,opp_m4_10000,24,0.034902077500972184,0.034902077500972184,0.034902077500972184
0.501670,24,1,opp_m4_10000,opp_m4_10000,24,0.034902077500972184,0.034902077500972184,0.034902077500972184
0.501671,24,1,opp_m4_10000,opp_m4_10000,24,0.034902077500972184,0.034902077500972184,0.034902077500972184
0.501672,24,1,opp_m4_10000,opp_m4_10000,24,0.034902077500972184,0.034902077500972184,0.034902077500972184
0.501673,24,1,opp_m4_10000,opp_m4_10000,24,0.034902077500972184,0.034902077500972184,0.034902077500972184
0.501674,24,1,opp_m4_10000,opp_m4_10000,24,0.034902077500972184,0.034902077500972184,0.034902077500972184
0.501675,24,1,opp_m4_10000,opp_m4_10000,24,0.034902077500972184,0.034902077500972184,0.034902077500972184
0.501676,24,1,opp_m4_10000,opp_m4_10000,24,0.034902077500972184,0.034902077500972184,0.034902077500972184
0.501677,24,1,opp_m4_10000,opp_m4_10000,24,0.034902077500972184,0.034902077500972184,0.034902077500972184
0.501678,24,1,opp_m4_10000,opp_m4_10000,24,0.034902077500972184,0.034902077500972184,0.034902077500972184
0.501679,24,1,opp_m4_10000,opp_m4_10000,24,0.034902077500972184,0.034902077500972184,0.034902077500972184
0.501680,24,1,opp_m4_10000,opp_m4_10000,24,0.034902077500972184,0.034902077500972184,0.034902077500972184
0.501681,24,1,opp_m4_10000,opp_m4_10000,24,0.034902077500972184,0.034902077500972184,0.034902077500972184
0.501682,24,1,opp_m4_10000,opp_m4_10000,24,0.034902077500972184,0.034902077500972184,0.034902077500972184
0.501683,24,1,opp_m4_10000,opp_m4_10000,24,0.034902077500972184,0.034902077500972184,0.034902077500972184
0.501684,24,1,opp_m4_10000,opp_m4_10000,24,0.034902077500972184,0.034902077500972184,0.034902077500972184
0.501685,24,1,opp_m4_10000,opp_m4_10000,24,0.034902077500972184,0.034902077500972184,0.034902077500972184
0.501686,24,1,opp_m4_10000,opp_m4_10000,24,0.034902077500972184,0.034902077500972184,0.034902077500972184
0.501687,24,1,opp_m4_10000,opp_m4_10000,24,0.034902077500972184,0.034902077500972184,0.034902077500972184
0.501688,24,1,opp_m4_10000,opp_m4_10000,24,0.034902077500972184,0.034902077500972184,0.034902077500972184
0.501689,24,1,opp_m4_10000,opp_m4_10000,24,0.034902077500972184,0.034902077500972184,0.034902077500972184
0.501690,24,1,opp_m4_10000,opp_m4_10000,24,0.034902077500972184,0.034902077500972184,0.034902077500972184
0.501691,24,1,opp_m4_10000,opp_m4_10000,24,0.034902077500972184,0.034902077500972184,0.034902077500972184
0.501692,24,1,opp_m4_10000,opp_m4_10000,24,0.034902077500972184,0.034902077500972184,0.034902077500972184
0.501693,24,1,opp_m4_10000,opp_m4_10000,24,0.034902077500972184,0.034902077500972184,0.034902077500972184
0.501694,24,1,opp_m4_10000,opp_m4_10000,24,0.034902077500972184,0.034902077500972184,0.034902077500972184
0.501695,24,1,opp_m4_10000,opp_m4_10000,24,0.034902077500972184,0.034902077500972184,0.034902077500972184
0.501696,24,1,opp_m4_10000,opp_m4_10000,24,0.034902077500972184,0.034902077500972184,0.034902077500972184
0.501697,24,1,opp_m4_10000,opp_m4_10000,24,0.034902077500972184,0.034902077500972184,0.034902077500972184
0.501698,24,1,opp_m4_10000,opp_m4_10000,24,0.034902077500972184,0.034902077500972184,0.034902077500972184
0.501699,24,1,opp_m4_10000,opp_m4_10000,24,0.034902077500972184,0.034902077500972184,0.034902077500972184
0.501700,24,1,opp_m4_10000,opp_m4_10000,24,0.034902077500972184,0.034902077500972184,0.034902077500972184
0.501701,24,1,opp_m4_10000,opp_m4_10000,24,0.034902077500972184,0.034902077500972184,0.034902077500972184
0.501702,24,1,opp_m4_10000,opp_m4_10000,24,0.034902077500972184,0.034902077500972184,0.034902077500972184
0.501703,24,1,opp_m4_10000,opp_m4_10000,24,0.034902077500972184,0.034902077500972184,0.034902077500972184
0.501704,24,1,opp_m4_10000,opp_m4_10000,24,0.034902077500972184,0.034902077500972184,0.034902077500972184
0.501705,24,1,opp_m4_10000,opp_m4_10000,24,0.034902077500972184,0.034902077500972184,0.034902077500972184
0.501706,24,1,opp_m4_10000,opp_m4_10000,24,0.034902077500972184,0.034902077500972184,0.034902077500972184
0.501707,24,1,opp_m4_10000,opp_m4_10000,24,0.034902077500972184,0.034902077500972184,0.034902077500972184
0.501708,24,1,opp_m4_10000,opp_m4_10000,24,0.034902077500972184,0.034902077500972184,0.034902077500972184
0.501709,24,1,opp_m4_10000,opp_m4_10000,24,0.034902077500972184,0.034902077500972184,0.034902077500972184
0.501710,24,1,opp_m4_10000,opp_m4_10000,24,0.034902077500972184,0.034902077500972184,0.034902077500972184
0.501711,24,1,opp_m4_10000,opp_m4_10000,24,0.034902077500972184,0.034902077500972184,0.034902077500972184
0.501712,24,1,opp_m4_10000,opp_m4_10000,24,0.034902077500972184,0.034902077500972184,0.034902077500972184
0.501713,24,1,opp_m4_10000,opp_m4_10000,24,0.034902077500972184,0.034902077500972184,0.034902077500972184
0.501714,24,1,opp_m4_10000,opp_m4_10000,24,0.034902077500972184,0.034902077500972184,0.034902077500972184
0.501715,24,1,opp_m4_10000,opp_m4_10000,24,0.034902077500972184,0.034902077500972184,0.034902077500972184
0.501716,24,1,opp_m4_10000,opp_m4_10000,24,0.034902077500972184,0.034902077500972184,0.034902077500972184
0.501717,24,1,opp_m4_10000,opp_m4_10000,24,0.034902077500972184,0.034902077500972184,0.034902077500972184
0.501718,24,1,opp_m4_10000,opp_m4_10000,24,0.034902077500972184,0.034902077500972184,0.034902077500972184
0.501719,24,1,opp_m4_10000,opp_m4_10000,24,0.034902077500972184,0.034902077500972184,0.034902077500972184
0.501720,24,1,opp_m4_10000,opp_m4_10000,24,0.034902077500972184,0.034902077500972184,0.034902077500972184
0.501721,24,1,opp_m4_10000,opp_m4_10000,24,0.034902077500972184,0.034902077500972184,0.034902077500972184
0.501722,24,1,opp_m4_10000,opp_m4_10000,24,0.034902077500972184,0.034902077500972184,0.034902077500972184
0.501723,24,1,opp_m4_10000,opp_m4_10000,24,0.034902077500972184,0.034902077500972184,0.034902077500972184
0.501724,24,1,opp_m4_10000,opp_m4_10000,24,0.034902077500972184,0.034902077500972184,0.034902077500972184
0.501725,24,1,opp_m4_10000,opp_m4_10000,24,0.034902077500972184,0.034902077500972184,0.034902077500972184
0.501726,24,1,opp_m4_10000,opp_m4_10000,24,0.034902077500972184,0.034902077500972184,0.034902077500972184
0.501727,24,1,opp_m4_10000,opp_m4_10000,24,0.034902077500972184,0.034902077500972184,0.034902077500972184
0.501728,24,1,opp_m4_10000,opp_m4_10000,24,0.034902077500972184,0.034902077500972184,0.034902077500972184
0.501729,24,1,opp_m4_10000,opp_m4_10000,24,0.034902077500972184,0.034902077500972184,0.034902077500972184
0.501730,24,1,opp_m4_10000,opp_m4_10000,24,0.034902077500972184,0.034902077500972184,0.034902077500972184
0.501731,24,1,opp_m4_10000,opp_m4_10000,24,0.034902077500972184,0.034902077500972184,0.034902077500972184
0.501732,24,1,opp_m4_10000,opp_m4_10000,24,0.034902077500972184,0.034902077500972184,0.034902077500972184
0.501733,24,1,opp_m4_10000,opp_m4_10000,24,0.034902077500972184,0.034902077500972184,0.034902077500972184
0.501734,24,1,opp_m4_10000,opp_m4_10000,24,0.034902077500972184,0.034902077500972184,0.034902077500972184
0.501735,24,1,opp_m4_10000,opp_m4_10000,24,0.034902077500972184,0.034902077500972184,0.034902077500972184
0.501736,24,1,opp_m4_10000,opp_m4_10000,24,0.034902077500972184,0.034902077500972184,0.034902077500972184
0.501737,24,1,opp_m4_10000,opp_m4_10000,24,0.034902077500972184,0.034902077500972184,0.034902077500972184
0.501738,24,1,opp_m4_10000,opp_m4_10000,24,0.034902077500972184,0.034902077500972184,0.034902077500972184
0.501739,24,1,opp_m4_10000,opp_m4_10000,24,0.034902077500972184,0.034902077500972184,0.034902077500972184
0.501740,24,1,opp_m4_10000,opp_m4_10000,24,0.034902077500972184,0.034902077500972184,0.034902077500972184
0.501741,24,1,opp_m4_10000,opp_m4_10000,24,0.034902077500972184,0.034902077500972184,0.034902077500972184
0.501742,24,1,opp_m4_10000,opp_m4_10000,24,0.034902077500972184,0.034902077500972184,0.034902077500972184
0.501743,24,1,opp_m4_10000,opp_m4_10000,24,0.034902077500972184,0.034902077500972184,0.034902077500972184
0.501744,24,1,opp_m4_10000,opp_m4_10000,24,0.034902077500972184,0.034902077500972184,0.034902077500972184
0.501745,24,1,opp_m4_10000,opp_m4_10000,24,0.034902077500972184,0.034902077500972184,0.034902077500972184
0.501746,24,1,opp_m4_10000,opp_m4_10000,24,0.034902077500972184,0.034902077500972184,0.034902077500972184
0.501747,24,1,opp_m4_10000,opp_m4_10000,24,0.034902077500972184,0.034902077500972184,0.034902077500972184
0.501748,24,1,opp_m4_10000,opp_m4_10000,24,0.034902077500972184,0.034902077500972184,0.034902077500972184
0.501749,24,1,opp_m4_10000,opp_m4_10000,24,0.034902077500972184,0.034902077500972184,0.034902077500972184
0.501750,24,1,opp_m4_10000,opp_m4_10000,24,0.034902077500972184,0.034902077500972184,0.034902077500972184
0.501751,24,1,opp_m4_10000,opp_m4_10000,24,0.034902077500972184,0.034902077500972184,0.034902077500972184
0.501752,24,1,opp_m4_10000,opp_m4_10000,24,0.034902077500972184,0.034902077500972184,0.034902077500972184
0.501753,24,1,opp_m4_10000,opp_m4_10000,24,0.034902077500972184,0.034902077500972184,0.034902077500972184
0.501754,24,1,opp_m4_10000,opp_m4_10000,24,0.034902077500972184,0.034902077500972184,0.034902077500972184
0.501755,24,1,opp_m4_10000,opp_m4_10000,24,0.034902077500972184,0.034902077500972184,0.034902077500972184
0.501756,24,1,opp_m4_10000,opp_m4_10000,24,0.034902077500972184,0.034902077500972184,0.034902077500972184
0.501757,24,1,opp_m4_10000,opp_m4_10000,24,0.034902077500972184,0.034902077500972184,0.034902077500972184
0.501758,24,1,opp_m4_10000,opp_m4_10000,24,0.034902077500972184,0.034902077500972184,0.034902077500972184
0.501759,24,1,opp_m4_10000,opp_m4_10000,24,0.034902077500972184,0.034902077500972184,0.034902077500972184
0.501760,24,1,opp_m4_10000,opp_m4_10000,24,0.034902077500972184,0.034902077500972184,0.034902077500972184
0.501761,24,1,opp_m4_10000,opp_m4_10000,24,0.034902077500972184,0.034902077500972184,0.034902077500972184
0.501762,24,1,opp_m4_10000,opp_m4_10000,24,0.034902077500972184,0.034902077500972184,0.034902077500972184
0.501763,24,1,opp_m4_10000,opp_m4_10000,24,0.034902077500972184,0.034902077500972184,0.034902077500972184
0.501764,24,1,opp_m4_10000,opp_m4_10000,24,0.034902077500972184,0.034902077500972184,0.034902077500972184
0.501765,24,1,opp_m4_10000,opp_m4_10000,24,0.034902077500972184,0.034902077500972184,0.034902077500972184
0.501766,24,1,opp_m4_10000,opp_m4_10000,24,0.034902077500972184,0.034902077500972184,0.034902077500972184
0.501767,24,1,opp_m4_10000,opp_m4_10000,24,0.034902077500972184,0.034902077500972184,0.034902077500972184
0.501768,24,1,opp_m4_10000,opp_m4_10000,24,0.034902077500972184,0.034902077500972184,0.034902077500972184
0.501769,24,1,opp_m4_10000,opp_m4_10000,24,0.034902077500972184,0.034902077500972184,0.034902077500972184
0.501770,24,1,opp_m4_10000,opp_m4_10000,24,0.034902077500972184,0.034902077500972184,0.034902077500972184
0.501771,24,1,opp_m4_10000,opp_m4_10000,24,0.034902077500972184,0.034902077500972184,0.034902077500972184
0.501772,24,1,opp_m4_10000,opp_m4_10000,24,0.034902077500972184,0.034902077500972184,0.034902077500972184
0.501773,24,1,opp_m4_10000,opp_m4_10000,24,0.034902077500972184,0.034902077500972184,0.034902077500972184
0.501774,24,1,opp_m4_10000,opp_m4_10000,24,0.034902077500972184,0.034902077500972184,0.034902077500972184
0.501775,24,1,opp_m4_10000,opp_m4_10000,24,0.034902077500972184,0.034902077500972184,0.034902077500972184
0.501776,24,1,opp_m4_10000,opp_m4_10000,24,0.034902077500972184,0.034902077500972184,0.034902077500972184
0.501777,24,1,opp_m4_10000,opp_m4_10000,24,0.034902077500972184,0.034902077500972184,0.034902077500972184
0.501778,24,1,opp_m4_10000,opp_m4_10000,24,0.034902077500972184,0.034902077500972184,0.034902077500972184
0.501779,24,1,opp_m4_10000,opp_m4_10000,24,0.034902077500972184,0.034902077500972184,0.034902077500972184
0.501780,24,1,opp_m4_10000,opp_m4_10000,24,0.034902077500972184,0.034902077500972184,0.034902077500972184
0.501781,24,1,opp_m4_10000,opp_m4_10000,24,0.034902077500972184,0.034902077500972184,0.034902077500972184
0.501782,24,1,opp_m4_10000,opp_m4_10000,24,0.034902077500972184,0.034902077500972184,0.034902077500972184
0.501783,24,1,opp_m4_10000,opp_m4_10000,24,0.034902077500972184,0.034902077500972184,0.034902077500972184
0.501784,24,1,opp_m4_10000,opp_m4_10000,24,0.034902077500972184,0.034902077500972184,0.034902077500972184
0.501785,24,1,opp_m4_10000,opp_m4_10000,24,0.034902077500972184,0.034902077500972184,0.034902077500972184
0.501786,24,1,opp_m4_10000,opp_m4_10000,24,0.034902077500972184,0.034902077500972184,0.034902077500972184
0.501787,24,1,opp_m4_10000,opp_m4_10000,24,0.034902077500972184,0.034902077500972184,0.034902077500972184
0.501788,24,1,opp_m4_10000,opp_m4_10000,24,0.034902077500972184,0.034902077500972184,0.034902077500972184
0.501789,24,1,opp_m4_10000,opp_m4_10000,24,0.034902077500972184,0.034902077500972184,0.034902077500972184
0.501790,24,1,opp_m4_10000,opp_m4_10000,24,0.034902077500972184,0.034902077500972184,0.034902077500972184
0.501791,24,1,opp_m4_10000,opp_m4_10000,24,0.034902077500972184,0.034902077500972184,0.034902077500972184
0.501792,24,1,opp_m4_10000,opp_m4_10000,24,0.034902077500972184,0.034902077500972184,0.034902077500972184
0.501793,24,1,opp_m4_10000,opp_m4_10000,24,0.034902077500972184,0.034902077500972184,0.034902077500972184
0.501794,24,1,opp_m4_10000,opp_m4_10000,24,0.034902077500972184,0.034902077500972184,0.034902077500972184
0.501795,24,1,opp_m4_10000,opp_m4_10000,24,0.034902077500972184,0.034902077500972184,0.034902077500972184
0.501796,24,1,opp_m4_10000,opp_m4_10000,24,0.034902077500972184,0.034902077500972184,0.034902077500972184
0.501797,24,1,opp_m4_10000,opp_m4_10000,24,0.034902077500972184,0.034902077500972184,0.034902077500972184
0.501798,24,1,opp_m4_10000,opp_m4_10000,24,0.034902077500972184,0.034902077500972184,0.034902077500972184
0.501799,24,1,opp_m4_10000,opp_m4_10000,24,0.034902077500972184,0.034902077500972184,0.034902077500972184
0.501800,24,1,opp_m4_10000,opp_m4_10000,24,0.034902077500972184,0.034902077500972184,0.034902077500972184
0.501801,24,1,opp_m4_10000,opp_m4_10000,24,0.034902077500972184,0.034902077500972184,0.034902077500972184
0.501802,24,1,opp_m4_10000,opp_m4_10000,24,0.034902077500972184,0.034902077500972184,0.034902077500972184
0.501803,24,1,opp_m4_10000,opp_m4_10000,24,0.034902077500972184,0.034902077500972184,0.034902077500972184
0.501804,24,1,opp_m4_10000,opp_m4_10000,24,0.034902077500972184,0.034902077500972184,0.034902077500972184
0.501805,24,1,opp_m4_10000,opp_m4_10000,24,0.034902077500972184,0.034902077500972184,0.034902077500972184
0.501806,24,1,opp_m4_10000,opp_m4_10000,24,0.034902077500972184,0.034902077500972184,0.034902077500972184
0.501807,24,1,opp_m4_10000,opp_m4_10000,24,0.034902077500972184,0.034902077500972184,0.034902077500972184
0.501808,24,1,opp_m4_10000,opp_m4_10000,24,0.034902077500972184,0.034902077500972184,0.034902077500972184
0.501809,24,1,opp_m4_10000,opp_m4_10000,24,0.034902077500972184,0.034902077500972184,0.034902077500972184
0.501810,24,1,opp_m4_10000,opp_m4_10000,24,0.034902077500972184,0.034902077500972184,0.034902077500972184
0.501811,24,1,opp_m4_10000,opp_m4_10000,24,0.034902077500972184,0.034902077500972184,0.034902077500972184
0.501812,24,1,opp_m4_10000,opp_m4_10000,24,0.034902077500972184,0.034902077500972184,0.034902077500972184
0.501813,24,1,opp_m4_10000,opp_m4_10000,24,0.034902077500972184,0.034902077500972184,0.034902077500972184
0.501814,24,1,opp_m4_10000,opp_m4_10000,24,0.034902077500972184,0.034902077500972184,0.034902077500972184
0.501815,24,1,opp_m4_10000,opp_m4_10000,24,0.034902077500972184,0.034902077500972184,0.034902077500972184
0.501816,24,1,opp_m4_10000,opp_m4_10000,24,0.034902077500972184,0.034902077500972184,0.034902077500972184
0.501817,24,1,opp_m4_10000,opp_m4_10000,24,0.034902077500972184,0.034902077500972184,0.034902077500972184
0.501818,24,1,opp_m4_10000,opp_m4_10000,24,0.034902077500972184,0.034902077500972184,0.034902077500972184
0.501819,24,1,opp_m4_10000,opp_m4_10000,24,0.034902077500972184,0.034902077500972184,0.034902077500972184
0.501820,24,1,opp_m4_10000,opp_m4_10000,24,0.034902077500972184,0.034902077500972184,0.034902077500972184
0.501821,24,1,opp_m4_10000,opp_m4_10000,24,0.034902077500972184,0.034902077500972184,0.034902077500972184
0.501822,24,1,opp_m4_10000,opp_m4_10000,24,0.034902077500972184,0.034902077500972184,0.034902077500972184
0.501823,24,1,opp_m4_10000,opp_m4_10000,24,0.034902077500972184,0.034902077500972184,0.034902077500972184
0.501824,24,1,opp_m4_10000,opp_m4_10000,24,0.034902077500972184,0.034902077500972184,0.034902077500972184
0.501825,24,1,opp_m4_10000,opp_m4_10000,24,0.034902077500972184,0.034902077500972184,0.034902077500972184
0.501826,24,1,opp_m4_10000,opp_m4_10000,24,0.034902077500972184,0.034902077500972184,0.034902077500972184
0.501827,24,1,opp_m4_10000,opp_m4_10000,24,0.034902077500972184,0.034902077500972184,0.034902077500972184
0.501828,24,1,opp_m4_10000,opp_m4_10000,24,0.034902077500972184,0.034902077500972184,0.034902077500972184
0.501829,24,1,opp_m4_10000,opp_m4_10000,24,0.034902077500972184,0.034902077500972184,0.034902077500972184
0.501830,24,1,opp_m4_10000,opp_m4_10000,24,0.034902077500972184,0.034902077500972184,0.034902077500972184
0.501831,24,1,opp_m4_10000,opp_m4_10000,24,0.034902077500972184,0.034902077500972184,0.034902077500972184
0.501832,24,1,opp_m4_10000,opp_m4_10000,24,0.034902077500972184,0.034902077500972184,0.034902077500972184
0.501833,24,1,opp_m4_10000,opp_m4_10000,24,0.034902077500972184,0.034902077500972184,0.034902077500972184
0.501834,24,1,opp_m4_10000,opp_m4_10000,24,0.034902077500972184,0.034902077500972184,0.034902077500972184
0.501835,24,1,opp_m4_10000,opp_m4_10000,24,0.034902077500972184,0.034902077500972184,0.034902077500972184
0.501836,24,1,opp_m4_10000,opp_m4_10000,24,0.034902077500972184,0.034902077500972184,0.034902077500972184
0.501837,24,1,opp_m4_10000,opp_m4_10000,24,0.034902077500972184,0.034902077500972184,0.034902077500972184
0.501838,24,1,opp_m4_10000,opp_m4_10000,24,0.034902077500972184,0.034902077500972184,0.034902077500972184
0.501839,24,1,opp_m4_10000,opp_m4_10000,24,0.034902077500972184,0.034902077500972184,0.034902077500972184
0.501840,24,1,opp_m4_10000,opp_m4_10000,24,0.034902077500972184,0.034902077500972184,0.034902077500972184
0.501841,24,1,opp_m4_10000,opp_m4_10000,24,0.034902077500972184,0.034902077500972184,0.034902077500972184
0.501842,24,1,opp_m4_10000,opp_m4_10000,24,0.034902077500972184,0.034902077500972184,0.034902077500972184
0.501843,24,1,opp_m4_10000,opp_m4_10000,24,0.034902077500972184,0.034902077500972184,0.034902077500972184
0.501844,24,1,opp_m4_10000,opp_m4_10000,24,0.034902077500972184,0.034902077500972184,0.034902077500972184
0.501845,24,1,opp_m4_10000,opp_m4_10000,24,0.034902077500972184,0.034902077500972184,0.034902077500972184
0.501846,24,1,opp_m4_10000,opp_m4_10000,24,0.034902077500972184,0.034902077500972184,0.034902077500972184
0.501847,24,1,opp_m4_10000,opp_m4_10000,24,0.034902077500972184,0.034902077500972184,0.034902077500972184
0.501848,24,1,opp_m4_10000,opp_m4_10000,24,0.034902077500972184,0.034902077500972184,0.034902077500972184
0.501849,24,1,opp_m4_10000,opp_m4_10000,24,0.034902077500972184,0.034902077500972184,0.034902077500972184
0.501850,24,1,opp_m4_10000,opp_m4_10000,24,0.034902077500972184,0.034902077500972184,0.034902077500972184
0.501851,24,1,opp_m4_10000,opp_m4_10000,24,0.034902077500972184,0.034902077500972184,0.034902077500972184
0.501852,24,1,opp_m4_10000,opp_m4_10000,24,0.034902077500972184,0.034902077500972184,0.034902077500972184
0.501853,24,1,opp_m4_10000,opp_m4_10000,24,0.034902077500972184,0.034902077500972184,0.034902077500972184
0.501854,24,1,opp_m4_10000,opp_m4_10000,24,0.034902077500972184,0.034902077500972184,0.034902077500972184
0.501855,24,1,opp_m4_10000,opp_m4_10000,24,0.034902077500972184,0.034902077500972184,0.034902077500972184
0.501856,24,1,opp_m4_10000,opp_m4_10000,24,0.034902077500972184,0.034902077500972184,0.034902077500972184
0.501857,24,1,opp_m4_10000,opp_m4_10000,24,0.034902077500972184,0.034902077500972184,0.034902077500972184
0.501858,24,1,opp_m4_10000,opp_m4_10000,24,0.034902077500972184,0.034902077500972184,0.034902077500972184
0.501859,24,1,opp_m4_10000,opp_m4_10000,24,0.034902077500972184,0.034902077500972184,0.034902077500972184
0.501860,24,1,opp_m4_10000,opp_m4_10000,24,0.034902077500972184,0.034902077500972184,0.034902077500972184
0.501861,24,1,opp_m4_10000,opp_m4_10000,24,0.034902077500972184,0.034902077500972184,0.034902077500972184
0.501862,24,1,opp_m4_10000,opp_m4_10000,24,0.034902077500972184,0.034902077500972184,0.034902077500972184
0.501863,24,1,opp_m4_10000,opp_m4_10000,24,0.034902077500972184,0.034902077500972184,0.034902077500972184
0.501864,24,1,opp_m4_10000,opp_m4_10000,24,0.034902077500972184,0.034902077500972184,0.034902077500972184
0.501865,24,1,opp_m4_10000,opp_m4_10000,24,0.034902077500972184,0.034902077500972184,0.034902077500972184
0.501866,24,1,opp_m4_10000,opp_m4_10000,24,0.034902077500972184,0.034902077500972184,0.034902077500972184
0.501867,24,1,opp_m4_10000,opp_m4_10000,24,0.034902077500972184,0.034902077500972184,0.034902077500972184
0.501868,24,1,opp_m4_10000,opp_m4_10000,24,0.034902077500972184,0.034902077500972184,0.034902077500972184
0.501869,24,1,opp_m4_10000,opp_m4_10000,24,0.034902077500972184,0.034902077500972184,0.034902077500972184
0.501870,24,1,opp_m4_10000,opp_m4_10000,24,0.034902077500972184,0.034902077500972184,0.034902077500972184
0.501871,24,1,opp_m4_10000,opp_m4_10000,24,0.034902077500972184,0.034902077500972184,0.034902077500972184
0.501872,24,1,opp_m4_10000,opp_m4_10000,24,0.034902077500972184,0.034902077500972184,0.034902077500972184
0.501873,24,1,opp_m4_10000,opp_m4_10000,24,0.034902077500972184,0.034902077500972184,0.034902077500972184
0.501874,24,1,opp_m4_10000,opp_m4_10000,24,0.034902077500972184,0.034902077500972184,0.034902077500972184
0.501875,24,1,opp_m4_10000,opp_m4_10000,24,0.034902077500972184,0.034902077500972184,0.034902077500972184
0.501876,24,1,opp_m4_10000,opp_m4_10000,24,0.034902077500972184,0.034902077500972184,0.034902077500972184
0.501877,24,1,opp_m4_10000,opp_m4_10000,24,0.034902077500972184,0.034902077500972184,0.034902077500972184
0.501878,24,1,opp_m4_10000,opp_m4_10000,24,0.034902077500972184,0.034902077500972184,0.034902077500972184
0.501879,24,1,opp_m4_10000,opp_m4_10000,24,0.034902077500972184,0.034902077500972184,0.034902077500972184
0.501880,24,1,opp_m4_10000,opp_m4_10000,24,0.034902077500972184,0.034902077500972184,0.034902077500972184
0.501881,24,1,opp_m4_10000,opp_m4_10000,24,0.034902077500972184,0.034902077500972184,0.034902077500972184
0.501882,24,1,opp_m4_10000,opp_m4_10000,24,0.034902077500972184,0.034902077500972184,0.034902077500972184
0.501883,24,1,opp_m4_10000,opp_m4_10000,24,0.034902077500972184,0.034902077500972184,0.034902077500972184
0.501884,24,1,opp_m4_10000,opp_m4_10000,24,0.034902077500972184,0.034902077500972184,0.034902077500972184
0.501885,24,1,opp_m4_10000,opp_m4_10000,24,0.034902077500972184,0.034902077500972184,0.034902077500972184
0.501886,24,1,opp_m4_10000,opp_m4_10000,24,0.034902077500972184,0.034902077500972184,0.034902077500972184
0.501887,24,1,opp_m4_10000,opp_m4_10000,24,0.034902077500972184,0.034902077500972184,0.034902077500972184
0.501888,24,1,opp_m4_10000,opp_m4_10000,24,0.034902077500972184,0.034902077500972184,0.034902077500972184
0.501889,24,1,opp_m4_10000,opp_m4_10000,24,0.034902077500972184,0.034902077500972184,0.034902077500972184
0.501890,24,1,opp_m4_10000,opp_m4_10000,24,0.034902077500972184,0.034902077500972184,0.034902077500972184
0.501891,24,1,opp_m4_10000,opp_m4_10000,24,0.034902077500972184,0.034902077500972184,0.034902077500972184
0.501892,24,1,opp_m4_10000,opp_m4_10000,24,0.034902077500972184,0.034902077500972184,0.034902077500972184
0.501893,24,1,opp_m4_10000,opp_m4_10000,24,0.034902077500972184,0.034902077500972184,0.034902077500972184
0.501894,24,1,opp_m4_10000,opp_m4_10000,24,0.034902077500972184,0.034902077500972184,0.034902077500972184
0.501895,24,1,opp_m4_10000,opp_m4_10000,24,0.034902077500972184,0.034902077500972184,0.034902077500972184
0.501896,24,1,opp_m4_10000,opp_m4_10000,24,0.034902077500972184,0.034902077500972184,0.034902077500972184
0.501897,24,1,opp_m4_10000,opp_m4_10000,24,0.034902077500972184,0.034902077500972184,0.034902077500972184
0.501898,24,1,opp_m4_10000,opp_m4_10000,24,0.034902077500972184,0.034902077500972184,0.034902077500972184
0.501899,24,1,opp_m4_10000,opp_m4_10000,24,0.034902077500972184,0.034902077500972184,0.034902077500972184
0.501900,24,1,opp_m4_10000,opp_m4_10000,24,0.034902077500972184,0.034902077500972184,0.034902077500972184
0.501901,24,1,opp_m4_10000,opp_m4_10000,24,0.034902077500972184,0.034902077500972184,0.034902077500972184
0.501902,24,1,opp_m4_10000,opp_m4_10000,24,0.034902077500972184,0.034902077500972184,0.034902077500972184
0.501903,24,1,opp_m4_10000,opp_m4_10000,24,0.034902077500972184,0.034902077500972184,0.034902077500972184
0.501904,24,1,opp_m4_10000,opp_m4_10000,24,0.034902077500972184,0.034902077500972184,0.034902077500972184
0.501905,24,1,opp_m4_10000,opp_m4_10000,24,0.034902077500972184,0.034902077500972184,0.034902077500972184
0.501906,24,1,opp_m4_10000,opp_m4_10000,24,0.034902077500972184,0.034902077500972184,0.034902077500972184
0.501907,24,1,opp_m4_10000,opp_m4_10000,24,0.034902077500972184,0.034902077500972184,0.034902077500972184
0.501908,24,1,opp_m4_10000,opp_m4_10000,24,0.034902077500972184,0.034902077500972184,0.034902077500972184
0.501909,24,1,opp_m4_10000,opp_m4_10000,24,0.034902077500972184,0.034902077500972184,0.034902077500972184
0.501910,24,1,opp_m4_10000,opp_m4_10000,24,0.034902077500972184,0.034902077500972184,0.034902077500972184
0.501911,24,1,opp_m4_10000,opp_m4_10000,24,0.034902077500972184,0.034902077500972184,0.034902077500972184
0.501912,24,1,opp_m4_10000,opp_m4_10000,24,0.034902077500972184,0.034902077500972184,0.034902077500972184
0.501913,24,1,opp_m4_10000,opp_m4_10000,24,0.034902077500972184,0.034902077500972184,0.034902077500972184
0.501914,24,1,opp_m4_10000,opp_m4_10000,24,0.034902077500972184,0.034902077500972184,0.034902077500972184
0.501915,24,1,opp_m4_10000,opp_m4_10000,24,0.034902077500972184,0.034902077500972184,0.034902077500972184
0.501916,24,1,opp_m4_10000,opp_m4_10000,24,0.034902077500972184,0.034902077500972184,0.034902077500972184
0.501917,24,1,opp_m4_10000,opp_m4_10000,24,0.034902077500972184,0.034902077500972184,0.034902077500972184
0.501918,24,1,opp_m4_10000,opp_m4_10000,24,0.034902077500972184,0.034902077500972184,0.034902077500972184
0.501919,24,1,opp_m4_10000,opp_m4_10000,24,0.034902077500972184,0.034902077500972184,0.034902077500972184
0.501920,24,1,opp_m4_10000,opp_m4_10000,24,0.034902077500972184,0.034902077500972184,0.034902077500972184
0.501921,24,1,opp_m4_10000,opp_m4_10000,24,0.034902077500972184,0.034902077500972184,0.034902077500972184
0.501922,24,1,opp_m4_10000,opp_m4_10000,24,0.034902077500972184,0.034902077500972184,0.034902077500972184
0.501923,24,1,opp_m4_10000,opp_m4_10000,24,0.034902077500972184,0.034902077500972184,0.034902077500972184
0.501924,24,1,opp_m4_10000,opp_m4_10000,24,0.034902077500972184,0.034902077500972184,0.034902077500972184
0.501925,24,1,opp_m4_10000,opp_m4_10000,24,0.034902077500972184,0.034902077500972184,0.034902077500972184
0.501926,24,1,opp_m4_10000,opp_m4_10000,24,0.034902077500972184,0.034902077500972184,0.034902077500972184
0.501927,24,1,opp_m4_10000,opp_m4_10000,24,0.034902077500972184,0.034902077500972184,0.034902077500972184
0.501928,24,1,opp_m4_10000,opp_m4_10000,24,0.034902077500972184,0.034902077500972184,0.034902077500972184
0.501929,24,1,opp_m4_10000,opp_m4_10000,24,0.034902077500972184,0.034902077500972184,0.034902077500972184
0.501930,24,1,opp_m4_10000,opp_m4_10000,24,0.034902077500972184,0.034902077500972184,0.034902077500972184
0.501931,24,1,opp_m4_10000,opp_m4_10000,24,0.034902077500972184,0.034902077500972184,0.034902077500972184
0.501932,24,1,opp_m4_10000,opp_m4_10000,24,0.034902077500972184,0.034902077500972184,0.034902077500972184
0.501933,24,1,opp_m4_10000,opp_m4_10000,24,0.034902077500972184,0.034902077500972184,0.034902077500972184
0.501934,24,1,opp_m4_10000,opp_m4_10000,24,0.034902077500972184,0.034902077500972184,0.034902077500972184
0.501935,24,1,opp_m4_10000,opp_m4_10000,24,0.034902077500972184,0.034902077500972184,0.034902077500972184
0.501936,24,1,opp_m4_10000,opp_m4_10000,24,0.034902077500972184,0.034902077500972184,0.034902077500972184
0.501937,24,1,opp_m4_10000,opp_m4_10000,24,0.034902077500972184,0.034902077500972184,0.034902077500972184
0.501938,24,1,opp_m4_10000,opp_m4_10000,24,0.034902077500972184,0.034902077500972184,0.034902077500972184
0.501939,24,1,opp_m4_10000,opp_m4_10000,24,0.034902077500972184,0.034902077500972184,0.034902077500972184
0.501940,24,1,opp_m4_10000,opp_m4_10000,24,0.034902077500972184,0.034902077500972184,0.034902077500972184
0.501941,24,1,opp_m4_10000,opp_m4_10000,24,0.034902077500972184,0.034902077500972184,0.034902077500972184
0.501942,24,1,opp_m4_10000,opp_m4_10000,24,0.034902077500972184,0.034902077500972184,0.034902077500972184
0.501943,24,1,opp_m4_10000,opp_m4_10000,24,0.034902077500972184,0.034902077500972184,0.034902077500972184
0.501944,24,1,opp_m4_10000,opp_m4_10000,24,0.034902077500972184,0.034902077500972184,0.034902077500972184
0.501945,24,1,opp_m4_10000,opp_m4_10000,24,0.034902077500972184,0.034902077500972184,0.034902077500972184
0.501946,24,1,opp_m4_10000,opp_m4_10000,24,0.034902077500972184,0.034902077500972184,0.034902077500972184
0.501947,24,1,opp_m4_10000,opp_m4_10000,24,0.034902077500972184,0.034902077500972184,0.034902077500972184
0.501948,24,1,opp_m4_10000,opp_m4_10000,24,0.034902077500972184,0.034902077500972184,0.034902077500972184
0.501949,24,1,opp_m4_10000,opp_m4_10000,24,0.034902077500972184,0.034902077500972184,0.034902077500972184
0.501950,24,1,opp_m4_10000,opp_m4_10000,24,0.034902077500972184,0.034902077500972184,0.034902077500972184
0.501951,24,1,opp_m4_10000,opp_m4_10000,24,0.034902077500972184,0.034902077500972184,0.034902077500972184
0.501952,24,1,opp_m4_10000,opp_m4_10000,24,0.034902077500972184,0.034902077500972184,0.034902077500972184
0.501953,24,1,opp_m4_10000,opp_m4_10000,24,0.034902077500972184,0.034902077500972184,0.034902077500972184
0.501954,24,1,opp_m4_10000,opp_m4_10000,24,0.034902077500972184,0.034902077500972184,0.034902077500972184
0.501955,24,1,opp_m4_10000,opp_m4_10000,24,0.034902077500972184,0.034902077500972184,0.034902077500972184
0.501956,24,1,opp_m4_10000,opp_m4_10000,24,0.034902077500972184,0.034902077500972184,0.034902077500972184
0.501957,24,1,opp_m4_10000,opp_m4_10000,24,0.034902077500972184,0.034902077500972184,0.034902077500972184
0.501958,24,1,opp_m4_10000,opp_m4_10000,24,0.034902077500972184,0.034902077500972184,0.034902077500972184
0.501959,24,1,opp_m4_10000,opp_m4_10000,24,0.034902077500972184,0.034902077500972184,0.034902077500972184
0.501960,24,1,opp_m4_10000,opp_m4_10000,24,0.034902077500972184,0.034902077500972184,0.034902077500972184
0.501961,24,1,opp_m4_10000,opp_m4_10000,24,0.034902077500972184,0.034902077500972184,0.034902077500972184
0.501962,24,1,opp_m4_10000,opp_m4_10000,24,0.034902077500972184,0.034902077500972184,0.034902077500972184
0.501963,24,1,opp_m4_10000,opp_m4_10000,24,0.034902077500972184,0.034902077500972184,0.034902077500972184
0.501964,24,1,opp_m4_10000,opp_m4_10000,24,0.034902077500972184,0.034902077500972184,0.034902077500972184
0.501965,24,1,opp_m4_10000,opp_m4_10000,24,0.034902077500972184,0.034902077500972184,0.034902077500972184
0.501966,24,1,opp_m4_10000,opp_m4_10000,24,0.034902077500972184,0.034902077500972184,0.034902077500972184
0.501967,24,1,opp_m4_10000,opp_m4_10000,24,0.034902077500972184,0.034902077500972184,0.034902077500972184
0.501968,24,1,opp_m4_10000,opp_m4_10000,24,0.034902077500972184,0.034902077500972184,0.034902077500972184
0.501969,24,1,opp_m4_10000,opp_m4_10000,24,0.034902077500972184,0.034902077500972184,0.034902077500972184
0.501970,24,1,opp_m4_10000,opp_m4_10000,24,0.034902077500972184,0.034902077500972184,0.034902077500972184
0.501971,24,1,opp_m4_10000,opp_m4_10000,24,0.034902077500972184,0.034902077500972184,0.034902077500972184
0.501972,24,1,opp_m4_10000,opp_m4_10000,24,0.034902077500972184,0.034902077500972184,0.034902077500972184
0.501973,24,1,opp_m4_10000,opp_m4_10000,24,0.034902077500972184,0.034902077500972184,0.034902077500972184
0.501974,24,1,opp_m4_10000,opp_m4_10000,24,0.034902077500972184,0.034902077500972184,0.034902077500972184
0.501975,24,1,opp_m4_10000,opp_m4_10000,24,0.034902077500972184,0.034902077500972184,0.034902077500972184
0.501976,24,1,opp_m4_10000,opp_m4_10000,24,0.034902077500972184,0.034902077500972184,0.034902077500972184
0.501977,24,1,opp_m4_10000,opp_m4_10000,24,0.034902077500972184,0.034902077500972184,0.034902077500972184
0.501978,24,1,opp_m4_10000,opp_m4_10000,24,0.034902077500972184,0.034902077500972184,0.034902077500972184
0.501979,24,1,opp_m4_10000,opp_m4_10000,24,0.034902077500972184,0.034902077500972184,0.034902077500972184
0.501980,24,1,opp_m4_10000,opp_m4_10000,24,0.034902077500972184,0.034902077500972184,0.034902077500972184
0.501981,24,1,opp_m4_10000,opp_m4_10000,24,0.034902077500972184,0.034902077500972184,0.034902077500972184
0.501982,24,1,opp_m4_10000,opp_m4_10000,24,0.034902077500972184,0.034902077500972184,0.034902077500972184
0.501983,24,1,opp_m4_10000,opp_m4_10000,24,0.034902077500972184,0.034902077500972184,0.034902077500972184
0.501984,24,1,opp_m4_10000,opp_m4_10000,24,0.034902077500972184,0.034902077500972184,0.034902077500972184
0.501985,24,1,opp_m4_10000,opp_m4_10000,24,0.034902077500972184,0.034902077500972184,0.034902077500972184
0.501986,24,1,opp_m4_10000,opp_m4_10000,24,0.034902077500972184,0.034902077500972184,0.034902077500972184
0.501987,24,1,opp_m4_10000,opp_m4_10000,24,0.034902077500972184,0.034902077500972184,0.034902077500972184
0.501988,24,1,opp_m4_10000,opp_m4_10000,24,0.034902077500972184,0.034902077500972184,0.034902077500972184
0.501989,24,1,opp_m4_10000,opp_m4_10000,24,0.034902077500972184,0.034902077500972184,0.034902077500972184
0.501990,24,1,opp_m4_10000,opp_m4_10000,24,0.034902077500972184,0.034902077500972184,0.034902077500972184
0.501991,24,1,opp_m4_10000,opp_m4_10000,24,0.034902077500972184,0.034902077500972184,0.034902077500972184
0.501992,24,1,opp_m4_10000,opp_m4_10000,24,0.034902077500972184,0.034902077500972184,0.034902077500972184
0.501993,24,1,opp_m4_10000,opp_m4_10000,24,0.034902077500972184,0.034902077500972184,0.034902077500972184
0.501994,24,1,opp_m4_10000,opp_m4_10000,24,0.034902077500972184,0.034902077500972184,0.034902077500972184
0.501995,24,1,opp_m4_10000,opp_m4_10000,24,0.034902077500972184,0.034902077500972184,0.034902077500972184
0.501996,24,1,opp_m4_10000,opp_m4_10000,24,0.034902077500972184,0.034902077500972184,0.034902077500972184
0.501997,24,1,opp_m4_10000,opp_m4_10000,24,0.034902077500972184,0.034902077500972184,0.034902077500972184
0.501998,24,1,opp_m4_10000,opp_m4_10000,24,0.034902077500972184,0.034902077500972184,0.034902077500972184
0.501999,24,1,opp_m4_10000,opp_m4_10000,24,0.034902077500972184,0.034902077500972184,0.034902077500972184
0.502000,24,1,opp_m4_10000,opp_m4_10000,24,0.034902077500972184,0.034902077500972184,0.034902077500972184
