eta,trial_seed,logged_winner,rank,candidate,r1,r2,r3,r4,score,margin_to_winner,predicted_vz,predicted_drift,predicted_tilt,vertical_violation,hard_vertical_violation,vertical_penalty,hard_vertical_penalty,drift_penalty,tilt_penalty,effort_penalty,reference_penalty,support_penalty,saturation_penalty,motor2_overboost_penalty,fault_z,fault_vz,fault_roll_deg,fault_pitch_deg,fault_angular_rate_radps,fault_max_motor_pwm
0.496000,62800001,balanced_3000_0_3000_12000,1,balanced_3000_0_3000_12000,3000,0,3000,12000,4.956234833552265,0.0,0.3467,0.11274984389825853,0.041994459148496394,0.018397685511787498,0.0,4.353969828622146,0.0,0.0,0.0,0.5570160811369305,0.024869140529703883,0.020379783263483157,0.0,0.0,0.6952124834060669,-0.003823530860245228,-0.005994459148496389,0.004710167180746794,0.001065267295194425,32756.0
0.496000,62800001,balanced_3000_0_3000_12000,2,balanced_2500_0_2500_12000,2500,0,2500,12000,4.983731780147988,0.027496946595722882,0.34685000000000005,0.10874984389825852,0.03599445914849639,0.018547685511787537,0.0,4.42525682640401,0.0,0.0,0.0,0.5381050413452445,0.006217285132425971,0.01415262726630775,0.0,0.0,0.6952124834060669,-0.003823530860245228,-0.005994459148496389,0.004710167180746794,0.001065267295194425,32756.0
0.496000,62800001,balanced_3000_0_3000_12000,3,balanced_2000_0_2000_12000,2000,0,2000,12000,5.028812735404809,0.07257790185254454,0.34700000000000003,0.10474984389825853,0.02999445914849639,0.01869768551178752,0.0,4.497122681529598,0.0,0.0,0.0,0.5226323724247742,0.0,0.009057681450436958,0.0,0.0,0.6952124834060669,-0.003823530860245228,-0.005994459148496389,0.004710167180746794,0.001065267295194425,32756.0
0.496000,62800001,balanced_3000_0_3000_12000,4,balanced_1000_0_1000_12000,1000,0,1000,12000,5.171726671901816,0.21549183834955077,0.3473,0.09674984389825853,0.01799445914849639,0.018997685511787488,0.0,4.6425909638120215,0.0,0.0,0.0,0.5020021471974805,0.024869140529703883,0.0022644203626092396,0.0,0.0,0.6952124834060669,-0.003823530860245228,-0.005994459148496389,0.004710167180746794,0.001065267295194425,32756.0
0.496000,62800001,balanced_3000_0_3000_12000,5,opp_m4_12000,0,0,0,12000,5.384976643043336,0.4287418094910711,0.3476,0.08874984389825853,0.005994459148496389,0.01929768551178751,0.0,4.790374675469471,0.0,0.0,0.0,0.4951254054550493,0.09947656211881553,0.0,0.0,0.0,0.6952124834060669,-0.003823530860245228,-0.005994459148496389,0.004710167180746794,0.001065267295194425,32756.0
0.496000,62800001,balanced_3000_0_3000_12000,6,opp_m4_11000,0,0,0,11000,6.472825132994178,1.516590299441913,0.3498,0.08474984389825853,0.005994459148496389,0.02149768551178749,0.0,5.94487112519342,0.0,0.0,0.0,0.41604287541709,0.11191113238366747,0.0,0.0,0.0,0.6952124834060669,-0.003823530860245228,-0.005994459148496389,0.004710167180746794,0.001065267295194425,32756.0
0.496000,62800001,balanced_3000_0_3000_12000,7,opp_m4_10000,0,0,0,10000,7.7174630724277336,2.7612282388754688,0.352,0.08074984389825854,0.005994459148496389,0.02369768551178747,0.00026270317401877463,7.2238862213061905,0.0005249208217581277,0.0,0.0,0.343837087121562,0.1492148431782233,0.0,0.0,0.0,0.6952124834060669,-0.003823530860245228,-0.005994459148496389,0.004710167180746794,0.001065267295194425,32756.0
0.496000,62800001,balanced_3000_0_3000_12000,8,zero,0,0,0,0,32.52242298496042,27.566188151408156,0.374,0.04074984389825853,0.005994459148496389,0.04569768551178749,0.022262703174018794,26.862562733819363,3.7698055708835665,0.0,0.0,0.0,1.8900546802574951,0.0,0.0,0.0,0.6952124834060669,-0.003823530860245228,-0.005994459148496389,0.004710167180746794,0.001065267295194425,32756.0
0.496000,62800002,balanced_3000_0_3000_12000,1,balanced_3000_0_3000_12000,3000,0,3000,12000,4.956234833552265,0.0,0.3467,0.0918295537187277,0.04490194904059172,0.018397685511787498,0.0,4.353969828622146,0.0,0.0,0.0,0.5570160811369305,0.024869140529703883,0.020379783263483157,0.0,0.0,0.7014108300209045,-0.0034007749054580927,-0.002306385198608041,-0.008901949040591717,0.0010652630056229068,32750.0
0.496000,62800002,balanced_3000_0_3000_12000,2,balanced_2500_0_2500_12000,2500,0,2500,12000,4.983731780147988,0.027496946595722882,0.34685000000000005,0.0878295537187277,0.038901949040591716,0.018547685511787537,0.0,4.42525682640401,0.0,0.0,0.0,0.5381050413452445,0.006217285132425971,0.01415262726630775,0.0,0.0,0.7014108300209045,-0.0034007749054580927,-0.002306385198608041,-0.008901949040591717,0.0010652630056229068,32750.0
0.496000,62800002,balanced_3000_0_3000_12000,3,balanced_2000_0_2000_12000,2000,0,2000,12000,5.028812735404809,0.07257790185254454,0.34700000000000003,0.08382955371872772,0.03290194904059172,0.01869768551178752,0.0,4.497122681529598,0.0,0.0,0.0,0.5226323724247742,0.0,0.009057681450436958,0.0,0.0,0.7014108300209045,-0.0034007749054580927,-0.002306385198608041,-0.008901949040591717,0.0010652630056229068,32750.0
0.496000,62800002,balanced_3000_0_3000_12000,4,balanced_1000_0_1000_12000,1000,0,1000,12000,5.171726671901816,0.21549183834955077,0.3473,0.07582955371872771,0.020901949040591717,0.018997685511787488,0.0,4.6425909638120215,0.0,0.0,0.0,0.5020021471974805,0.024869140529703883,0.0022644203626092396,0.0,0.0,0.7014108300209045,-0.0034007749054580927,-0.002306385198608041,-0.008901949040591717,0.0010652630056229068,32750.0
0.496000,62800002,balanced_3000_0_3000_12000,5,opp_m4_12000,0,0,0,12000,5.384976643043336,0.4287418094910711,0.3476,0.0678295537187277,0.008901949040591717,0.01929768551178751,0.0,4.790374675469471,0.0,0.0,0.0,0.4951254054550493,0.09947656211881553,0.0,0.0,0.0,0.7014108300209045,-0.0034007749054580927,-0.002306385198608041,-0.008901949040591717,0.0010652630056229068,32750.0
0.496000,62800002,balanced_3000_0_3000_12000,6,opp_m4_11000,0,0,0,11000,6.472825132994178,1.516590299441913,0.3498,0.0638295537187277,0.008901949040591717,0.02149768551178749,0.0,5.94487112519342,0.0,0.0,0.0,0.41604287541709,0.11191113238366747,0.0,0.0,0.0,0.7014108300209045,-0.0034007749054580927,-0.002306385198608041,-0.008901949040591717,0.0010652630056229068,32750.0
0.496000,62800002,balanced_3000_0_3000_12000,7,opp_m4_10000,0,0,0,10000,7.7174630724277336,2.7612282388754688,0.352,0.05982955371872771,0.008901949040591717,0.02369768551178747,0.00026270317401877463,7.2238862213061905,0.0005249208217581277,0.0,0.0,0.343837087121562,0.1492148431782233,0.0,0.0,0.0,0.7014108300209045,-0.0034007749054580927,-0.002306385198608041,-0.008901949040591717,0.0010652630056229068,32750.0
0.496000,62800002,balanced_3000_0_3000_12000,8,zero,0,0,0,0,32.52242298496042,27.566188151408156,0.374,0.01982955371872771,0.008901949040591717,0.04569768551178749,0.022262703174018794,26.862562733819363,3.7698055708835665,0.0,0.0,0.0,1.8900546802574951,0.0,0.0,0.0,0.7014108300209045,-0.0034007749054580927,-0.002306385198608041,-0.008901949040591717,0.0010652630056229068,32750.0
0.496000,62800003,balanced_3000_0_3000_12000,1,balanced_3000_0_3000_12000,3000,0,3000,12000,4.956234833552265,0.0,0.3467,0.10596446749866012,0.0504219258800149,0.018397685511787498,0.0,4.353969828622146,0.0,0.0,0.0,0.5570160811369305,0.024869140529703883,0.020379783263483157,0.0,0.0,0.7267963886260986,-0.003993325401097536,-0.014421925880014896,0.0029801498167216778,0.0015054680941166535,32748.0
0.496000,62800003,balanced_3000_0_3000_12000,2,balanced_2500_0_2500_12000,2500,0,2500,12000,4.983731780147988,0.027496946595722882,0.34685000000000005,0.10196446749866012,0.044421925880014895,0.018547685511787537,0.0,4.42525682640401,0.0,0.0,0.0,0.5381050413452445,0.006217285132425971,0.01415262726630775,0.0,0.0,0.7267963886260986,-0.003993325401097536,-0.014421925880014896,0.0029801498167216778,0.0015054680941166535,32748.0
0.496000,62800003,balanced_3000_0_3000_12000,3,balanced_2000_0_2000_12000,2000,0,2000,12000,5.028812735404809,0.07257790185254454,0.34700000000000003,0.09796446749866011,0.0384219258800149,0.01869768551178752,0.0,4.497122681529598,0.0,0.0,0.0,0.5226323724247742,0.0,0.009057681450436958,0.0,0.0,0.7267963886260986,-0.003993325401097536,-0.014421925880014896,0.0029801498167216778,0.0015054680941166535,32748.0
0.496000,62800003,balanced_3000_0_3000_12000,4,balanced_1000_0_1000_12000,1000,0,1000,12000,5.171726671901816,0.21549183834955077,0.3473,0.0899644674986601,0.026421925880014897,0.018997685511787488,0.0,4.6425909638120215,0.0,0.0,0.0,0.5020021471974805,0.024869140529703883,0.0022644203626092396,0.0,0.0,0.7267963886260986,-0.003993325401097536,-0.014421925880014896,0.0029801498167216778,0.0015054680941166535,32748.0
0.496000,62800003,balanced_3000_0_3000_12000,5,opp_m4_12000,0,0,0,12000,5.384976643043336,0.4287418094910711,0.3476,0.08196446749866013,0.014421925880014896,0.01929768551178751,0.0,4.790374675469471,0.0,0.0,0.0,0.4951254054550493,0.09947656211881553,0.0,0.0,0.0,0.7267963886260986,-0.003993325401097536,-0.014421925880014896,0.0029801498167216778,0.0015054680941166535,32748.0
0.496000,62800003,balanced_3000_0_3000_12000,6,opp_m4_11000,0,0,0,11000,6.472825132994178,1.516590299441913,0.3498,0.07796446749866012,0.014421925880014896,0.02149768551178749,0.0,5.94487112519342,0.0,0.0,0.0,0.41604287541709,0.11191113238366747,0.0,0.0,0.0,0.7267963886260986,-0.003993325401097536,-0.014421925880014896,0.0029801498167216778,0.0015054680941166535,32748.0
0.496000,62800003,balanced_3000_0_3000_12000,7,opp_m4_10000,0,0,0,10000,7.7174630724277336,2.7612282388754688,0.352,0.07396446749866012,0.014421925880014896,0.02369768551178747,0.00026270317401877463,7.2238862213061905,0.0005249208217581277,0.0,0.0,0.343837087121562,0.1492148431782233,0.0,0.0,0.0,0.7267963886260986,-0.003993325401097536,-0.014421925880014896,0.0029801498167216778,0.0015054680941166535,32748.0
0.496000,62800003,balanced_3000_0_3000_12000,8,zero,0,0,0,0,32.52242298496042,27.566188151408156,0.374,0.03396446749866012,0.014421925880014896,0.04569768551178749,0.022262703174018794,26.862562733819363,3.7698055708835665,0.0,0.0,0.0,1.8900546802574951,0.0,0.0,0.0,0.7267963886260986,-0.003993325401097536,-0.014421925880014896,0.0029801498167216778,0.0015054680941166535,32748.0
0.496000,62800004,balanced_3000_0_3000_12000,1,balanced_3000_0_3000_12000,3000,0,3000,12000,4.956234833552265,0.0,0.3467,0.10576784045182266,0.03927304494567216,0.018397685511787498,0.0,4.353969828622146,0.0,0.0,0.0,0.5570160811369305,0.024869140529703883,0.020379783263483157,0.0,0.0,0.7296192049980164,-0.003756213001906872,0.0032730449456721544,0.0031081088818609715,0.0010652646310874393,32762.0
0.496000,62800004,balanced_3000_0_3000_12000,2,balanced_2500_0_2500_12000,2500,0,2500,12000,4.983731780147988,0.027496946595722882,0.34685000000000005,0.10176784045182266,0.03327304494567215,0.018547685511787537,0.0,4.42525682640401,0.0,0.0,0.0,0.5381050413452445,0.006217285132425971,0.01415262726630775,0.0,0.0,0.7296192049980164,-0.003756213001906872,0.0032730449456721544,0.0031081088818609715,0.0010652646310874393,32762.0
0.496000,62800004,balanced_3000_0_3000_12000,3,balanced_2000_0_2000_12000,2000,0,2000,12000,5.028812735404809,0.07257790185254454,0.34700000000000003,0.09776784045182266,0.027273044945672155,0.01869768551178752,0.0,4.497122681529598,0.0,0.0,0.0,0.5226323724247742,0.0,0.009057681450436958,0.0,0.0,0.7296192049980164,-0.003756213001906872,0.0032730449456721544,0.0031081088818609715,0.0010652646310874393,32762.0
0.496000,62800004,balanced_3000_0_3000_12000,4,balanced_1000_0_1000_12000,1000,0,1000,12000,5.171726671901816,0.21549183834955077,0.3473,0.08976784045182265,0.015273044945672155,0.018997685511787488,0.0,4.6425909638120215,0.0,0.0,0.0,0.5020021471974805,0.024869140529703883,0.0022644203626092396,0.0,0.0,0.7296192049980164,-0.003756213001906872,0.0032730449456721544,0.0031081088818609715,0.0010652646310874393,32762.0
0.496000,62800004,balanced_3000_0_3000_12000,5,opp_m4_12000,0,0,0,12000,5.384976643043336,0.4287418094910711,0.3476,0.08176784045182267,0.0032730449456721544,0.01929768551178751,0.0,4.790374675469471,0.0,0.0,0.0,0.4951254054550493,0.09947656211881553,0.0,0.0,0.0,0.7296192049980164,-0.003756213001906872,0.0032730449456721544,0.0031081088818609715,0.0010652646310874393,32762.0
0.496000,62800004,balanced_3000_0_3000_12000,6,opp_m4_11000,0,0,0,11000,6.472825132994178,1.516590299441913,0.3498,0.07776784045182267,0.0032730449456721544,0.02149768551178749,0.0,5.94487112519342,0.0,0.0,0.0,0.41604287541709,0.11191113238366747,0.0,0.0,0.0,0.7296192049980164,-0.003756213001906872,0.0032730449456721544,0.0031081088818609715,0.0010652646310874393,32762.0
0.496000,62800004,balanced_3000_0_3000_12000,7,opp_m4_10000,0,0,0,10000,7.7174630724277336,2.7612282388754688,0.352,0.07376784045182266,0.0032730449456721544,0.02369768551178747,0.00026270317401877463,7.2238862213061905,0.0005249208217581277,0.0,0.0,0.343837087121562,0.1492148431782233,0.0,0.0,0.0,0.7296192049980164,-0.003756213001906872,0.0032730449456721544,0.0031081088818609715,0.0010652646310874393,32762.0
0.496000,62800004,balanced_3000_0_3000_12000,8,zero,0,0,0,0,32.52242298496042,27.566188151408156,0.374,0.03376784045182266,0.0032730449456721544,0.04569768551178749,0.022262703174018794,26.862562733819363,3.7698055708835665,0.0,0.0,0.0,1.8900546802574951,0.0,0.0,0.0,0.7296192049980164,-0.003756213001906872,0.0032730449456721544,0.0031081088818609715,0.0010652646310874393,32762.0
0.496000,62800005,balanced_3000_0_3000_12000,1,balanced_3000_0_3000_12000,3000,0,3000,12000,4.956234833552265,0.0,0.3467,0.09341442353478083,0.04785292191803456,0.018397685511787498,0.0,4.353969828622146,0.0,0.0,0.0,0.5570160811369305,0.024869140529703883,0.020379783263483157,0.0,0.0,0.717612624168396,-0.003657340304926038,0.011852921918034554,0.0048174480907619,0.0010652646440836885,32756.0
0.496000,62800005,balanced_3000_0_3000_12000,2,balanced_2500_0_2500_12000,2500,0,2500,12000,4.983731780147988,0.027496946595722882,0.34685000000000005,0.08941442353478082,0.04185292191803455,0.018547685511787537,0.0,4.42525682640401,0.0,0.0,0.0,0.5381050413452445,0.006217285132425971,0.01415262726630775,0.0,0.0,0.717612624168396,-0.003657340304926038,0.011852921918034554,0.0048174480907619,0.0010652646440836885,32756.0
0.496000,62800005,balanced_3000_0_3000_12000,3,balanced_2000_0_2000_12000,2000,0,2000,12000,5.028812735404809,0.07257790185254454,0.34700000000000003,0.08541442353478083,0.035852921918034554,0.01869768551178752,0.0,4.497122681529598,0.0,0.0,0.0,0.5226323724247742,0.0,0.009057681450436958,0.0,0.0,0.717612624168396,-0.003657340304926038,0.011852921918034554,0.0048174480907619,0.0010652646440836885,32756.0
0.496000,62800005,balanced_3000_0_3000_12000,4,balanced_1000_0_1000_12000,1000,0,1000,12000,5.171726671901816,0.21549183834955077,0.3473,0.07741442353478083,0.023852921918034554,0.018997685511787488,0.0,4.6425909638120215,0.0,0.0,0.0,0.5020021471974805,0.024869140529703883,0.0022644203626092396,0.0,0.0,0.717612624168396,-0.003657340304926038,0.011852921918034554,0.0048174480907619,0.0010652646440836885,32756.0
0.496000,62800005,balanced_3000_0_3000_12000,5,opp_m4_12000,0,0,0,12000,5.384976643043336,0.4287418094910711,0.3476,0.06941442353478083,0.011852921918034554,0.01929768551178751,0.0,4.790374675469471,0.0,0.0,0.0,0.4951254054550493,0.09947656211881553,0.0,0.0,0.0,0.717612624168396,-0.003657340304926038,0.011852921918034554,0.0048174480907619,0.0010652646440836885,32756.0
0.496000,62800005,balanced_3000_0_3000_12000,6,opp_m4_11000,0,0,0,11000,6.472825132994178,1.516590299441913,0.3498,0.06541442353478083,0.011852921918034554,0.02149768551178749,0.0,5.94487112519342,0.0,0.0,0.0,0.41604287541709,0.11191113238366747,0.0,0.0,0.0,0.717612624168396,-0.003657340304926038,0.011852921918034554,0.0048174480907619,0.0010652646440836885,32756.0
0.496000,62800005,balanced_3000_0_3000_12000,7,opp_m4_10000,0,0,0,10000,7.7174630724277336,2.7612282388754688,0.352,0.06141442353478084,0.011852921918034554,0.02369768551178747,0.00026270317401877463,7.2238862213061905,0.0005249208217581277,0.0,0.0,0.343837087121562,0.1492148431782233,0.0,0.0,0.0,0.717612624168396,-0.003657340304926038,0.011852921918034554,0.0048174480907619,0.0010652646440836885,32756.0
0.496000,62800005,balanced_3000_0_3000_12000,8,zero,0,0,0,0,32.52242298496042,27.566188151408156,0.374,0.021414423534780836,0.011852921918034554,0.04569768551178749,0.022262703174018794,26.862562733819363,3.7698055708835665,0.0,0.0,0.0,1.8900546802574951,0.0,0.0,0.0,0.717612624168396,-0.003657340304926038,0.011852921918034554,0.0048174480907619,0.0010652646440836885,32756.0
0.496000,62800006,balanced_3000_0_3000_12000,1,balanced_3000_0_3000_12000,3000,0,3000,12000,4.956234833552265,0.0,0.3467,0.10282498379419086,0.04964918239414692,0.018397685511787498,0.0,4.353969828622146,0.0,0.0,0.0,0.5570160811369305,0.024869140529703883,0.020379783263483157,0.0,0.0,0.7044810056686401,-0.003568691201508045,0.01364918239414692,0.0015077382558956742,0.001505691686372867,32748.0
0.496000,62800006,balanced_3000_0_3000_12000,2,balanced_2500_0_2500_12000,2500,0,2500,12000,4.983731780147988,0.027496946595722882,0.34685000000000005,0.09882498379419086,0.04364918239414692,0.018547685511787537,0.0,4.42525682640401,0.0,0.0,0.0,0.5381050413452445,0.006217285132425971,0.01415262726630775,0.0,0.0,0.7044810056686401,-0.003568691201508045,0.01364918239414692,0.0015077382558956742,0.001505691686372867,32748.0
0.496000,62800006,balanced_3000_0_3000_12000,3,balanced_2000_0_2000_12000,2000,0,2000,12000,5.028812735404809,0.07257790185254454,0.34700000000000003,0.09482498379419087,0.03764918239414692,0.01869768551178752,0.0,4.497122681529598,0.0,0.0,0.0,0.5226323724247742,0.0,0.009057681450436958,0.0,0.0,0.7044810056686401,-0.003568691201508045,0.01364918239414692,0.0015077382558956742,0.001505691686372867,32748.0
0.496000,62800006,balanced_3000_0_3000_12000,4,balanced_1000_0_1000_12000,1000,0,1000,12000,5.171726671901816,0.21549183834955077,0.3473,0.08682498379419086,0.02564918239414692,0.018997685511787488,0.0,4.6425909638120215,0.0,0.0,0.0,0.5020021471974805,0.024869140529703883,0.0022644203626092396,0.0,0.0,0.7044810056686401,-0.003568691201508045,0.01364918239414692,0.0015077382558956742,0.001505691686372867,32748.0
0.496000,62800006,balanced_3000_0_3000_12000,5,opp_m4_12000,0,0,0,12000,5.384976643043336,0.4287418094910711,0.3476,0.07882498379419087,0.01364918239414692,0.01929768551178751,0.0,4.790374675469471,0.0,0.0,0.0,0.4951254054550493,0.09947656211881553,0.0,0.0,0.0,0.7044810056686401,-0.003568691201508045,0.01364918239414692,0.0015077382558956742,0.001505691686372867,32748.0
0.496000,62800006,balanced_3000_0_3000_12000,6,opp_m4_11000,0,0,0,11000,6.472825132994178,1.516590299441913,0.3498,0.07482498379419086,0.01364918239414692,0.02149768551178749,0.0,5.94487112519342,0.0,0.0,0.0,0.41604287541709,0.11191113238366747,0.0,0.0,0.0,0.7044810056686401,-0.003568691201508045,0.01364918239414692,0.0015077382558956742,0.001505691686372867,32748.0
0.496000,62800006,balanced_3000_0_3000_12000,7,opp_m4_10000,0,0,0,10000,7.7174630724277336,2.7612282388754688,0.352,0.07082498379419086,0.01364918239414692,0.02369768551178747,0.00026270317401877463,7.2238862213061905,0.0005249208217581277,0.0,0.0,0.343837087121562,0.1492148431782233,0.0,0.0,0.0,0.7044810056686401,-0.003568691201508045,0.01364918239414692,0.0015077382558956742,0.001505691686372867,32748.0
0.496000,62800006,balanced_3000_0_3000_12000,8,zero,0,0,0,0,32.52242298496042,27.566188151408156,0.374,0.030824983794190863,0.01364918239414692,0.04569768551178749,0.022262703174018794,26.862562733819363,3.7698055708835665,0.0,0.0,0.0,1.8900546802574951,0.0,0.0,0.0,0.7044810056686401,-0.003568691201508045,0.01364918239414692,0.0015077382558956742,0.001505691686372867,32748.0
0.496000,62800007,balanced_3000_0_3000_12000,1,balanced_3000_0_3000_12000,3000,0,3000,12000,4.956234833552265,0.0,0.3467,0.08893638703463747,0.04790553698688746,0.018397685511787498,0.0,4.353969828622146,0.0,0.0,0.0,0.5570160811369305,0.024869140529703883,0.020379783263483157,0.0,0.0,0.7040563821792603,-0.0039043703582137823,-0.011905536986887455,0.001193845528177917,0.0010655409642236044,32758.0
0.496000,62800007,balanced_3000_0_3000_12000,2,balanced_2500_0_2500_12000,2500,0,2500,12000,4.983731780147988,0.027496946595722882,0.34685000000000005,0.08493638703463746,0.041905536986887454,0.018547685511787537,0.0,4.42525682640401,0.0,0.0,0.0,0.5381050413452445,0.006217285132425971,0.01415262726630775,0.0,0.0,0.7040563821792603,-0.0039043703582137823,-0.011905536986887455,0.001193845528177917,0.0010655409642236044,32758.0
0.496000,62800007,balanced_3000_0_3000_12000,3,balanced_2000_0_2000_12000,2000,0,2000,12000,5.028812735404809,0.07257790185254454,0.34700000000000003,0.08093638703463747,0.035905536986887455,0.01869768551178752,0.0,4.497122681529598,0.0,0.0,0.0,0.5226323724247742,0.0,0.009057681450436958,0.0,0.0,0.7040563821792603,-0.0039043703582137823,-0.011905536986887455,0.001193845528177917,0.0010655409642236044,32758.0
0.496000,62800007,balanced_3000_0_3000_12000,4,balanced_1000_0_1000_12000,1000,0,1000,12000,5.171726671901816,0.21549183834955077,0.3473,0.07293638703463746,0.023905536986887455,0.018997685511787488,0.0,4.6425909638120215,0.0,0.0,0.0,0.5020021471974805,0.024869140529703883,0.0022644203626092396,0.0,0.0,0.7040563821792603,-0.0039043703582137823,-0.011905536986887455,0.001193845528177917,0.0010655409642236044,32758.0
0.496000,62800007,balanced_3000_0_3000_12000,5,opp_m4_12000,0,0,0,12000,5.384976643043336,0.4287418094910711,0.3476,0.06493638703463747,0.011905536986887455,0.01929768551178751,0.0,4.790374675469471,0.0,0.0,0.0,0.4951254054550493,0.09947656211881553,0.0,0.0,0.0,0.7040563821792603,-0.0039043703582137823,-0.011905536986887455,0.001193845528177917,0.0010655409642236044,32758.0
0.496000,62800007,balanced_3000_0_3000_12000,6,opp_m4_11000,0,0,0,11000,6.472825132994178,1.516590299441913,0.3498,0.06093638703463747,0.011905536986887455,0.02149768551178749,0.0,5.94487112519342,0.0,0.0,0.0,0.41604287541709,0.11191113238366747,0.0,0.0,0.0,0.7040563821792603,-0.0039043703582137823,-0.011905536986887455,0.001193845528177917,0.0010655409642236044,32758.0
0.496000,62800007,balanced_3000_0_3000_12000,7,opp_m4_10000,0,0,0,10000,7.7174630724277336,2.7612282388754688,0.352,0.05693638703463748,0.011905536986887455,0.02369768551178747,0.00026270317401877463,7.2238862213061905,0.0005249208217581277,0.0,0.0,0.343837087121562,0.1492148431782233,0.0,0.0,0.0,0.7040563821792603,-0.0039043703582137823,-0.011905536986887455,0.001193845528177917,0.0010655409642236044,32758.0
0.496000,62800007,balanced_3000_0_3000_12000,8,zero,0,0,0,0,32.52242298496042,27.566188151408156,0.374,0.016936387034637474,0.011905536986887455,0.04569768551178749,0.022262703174018794,26.862562733819363,3.7698055708835665,0.0,0.0,0.0,1.8900546802574951,0.0,0.0,0.0,0.7040563821792603,-0.0039043703582137823,-0.011905536986887455,0.001193845528177917,0.0010655409642236044,32758.0
0.496000,62800008,balanced_3000_0_3000_12000,1,balanced_3000_0_3000_12000,3000,0,3000,12000,4.956234833552265,0.0,0.3467,0.0901937546662099,0.04808156347274781,0.018397685511787498,0.0,4.353969828622146,0.0,0.0,0.0,0.5570160811369305,0.024869140529703883,0.020379783263483157,0.0,0.0,0.7000761032104492,-0.00397220253944397,0.0041619581170380116,0.012081563472747803,0.001063912829763615,32764.0
0.496000,62800008,balanced_3000_0_3000_12000,2,balanced_2500_0_2500_12000,2500,0,2500,12000,4.983731780147988,0.027496946595722882,0.34685000000000005,0.08619375466620989,0.0420815634727478,0.018547685511787537,0.0,4.42525682640401,0.0,0.0,0.0,0.5381050413452445,0.006217285132425971,0.01415262726630775,0.0,0.0,0.7000761032104492,-0.00397220253944397,0.0041619581170380116,0.012081563472747803,0.001063912829763615,32764.0
0.496000,62800008,balanced_3000_0_3000_12000,3,balanced_2000_0_2000_12000,2000,0,2000,12000,5.028812735404809,0.07257790185254454,0.34700000000000003,0.0821937546662099,0.0360815634727478,0.01869768551178752,0.0,4.497122681529598,0.0,0.0,0.0,0.5226323724247742,0.0,0.009057681450436958,0.0,0.0,0.7000761032104492,-0.00397220253944397,0.0041619581170380116,0.012081563472747803,0.001063912829763615,32764.0
0.496000,62800008,balanced_3000_0_3000_12000,4,balanced_1000_0_1000_12000,1000,0,1000,12000,5.171726671901816,0.21549183834955077,0.3473,0.0741937546662099,0.024081563472747803,0.018997685511787488,0.0,4.6425909638120215,0.0,0.0,0.0,0.5020021471974805,0.024869140529703883,0.0022644203626092396,0.0,0.0,0.7000761032104492,-0.00397220253944397,0.0041619581170380116,0.012081563472747803,0.001063912829763615,32764.0
0.496000,62800008,balanced_3000_0_3000_12000,5,opp_m4_12000,0,0,0,12000,5.384976643043336,0.4287418094910711,0.3476,0.0661937546662099,0.012081563472747803,0.01929768551178751,0.0,4.790374675469471,0.0,0.0,0.0,0.4951254054550493,0.09947656211881553,0.0,0.0,0.0,0.7000761032104492,-0.00397220253944397,0.0041619581170380116,0.012081563472747803,0.001063912829763615,32764.0
0.496000,62800008,balanced_3000_0_3000_12000,6,opp_m4_11000,0,0,0,11000,6.472825132994178,1.516590299441913,0.3498,0.0621937546662099,0.012081563472747803,0.02149768551178749,0.0,5.94487112519342,0.0,0.0,0.0,0.41604287541709,0.11191113238366747,0.0,0.0,0.0,0.7000761032104492,-0.00397220253944397,0.0041619581170380116,0.012081563472747803,0.001063912829763615,32764.0
0.496000,62800008,balanced_3000_0_3000_12000,7,opp_m4_10000,0,0,0,10000,7.7174630724277336,2.7612282388754688,0.352,0.0581937546662099,0.012081563472747803,0.02369768551178747,0.00026270317401877463,7.2238862213061905,0.0005249208217581277,0.0,0.0,0.343837087121562,0.1492148431782233,0.0,0.0,0.0,0.7000761032104492,-0.00397220253944397,0.0041619581170380116,0.012081563472747803,0.001063912829763615,32764.0
0.496000,62800008,balanced_3000_0_3000_12000,8,zero,0,0,0,0,32.52242298496042,27.566188151408156,0.374,0.0181937546662099,0.012081563472747803,0.04569768551178749,0.022262703174018794,26.862562733819363,3.7698055708835665,0.0,0.0,0.0,1.8900546802574951,0.0,0.0,0.0,0.7000761032104492,-0.00397220253944397,0.0041619581170380116,0.012081563472747803,0.001063912829763615,32764.0
0.496000,62800009,balanced_3000_0_3000_12000,1,balanced_3000_0_3000_12000,3000,0,3000,12000,4.956234833552265,0.0,0.3467,0.0911284401485265,0.05250448143482209,0.018397685511787498,0.0,4.353969828622146,0.0,0.0,0.0,0.5570160811369305,0.024869140529703883,0.020379783263483157,0.0,0.0,0.7239547967910767,-0.004162385128438473,0.0038974941708147526,-0.016504481434822083,0.0013650768983800312,32773.0
0.496000,62800009,balanced_3000_0_3000_12000,2,balanced_2500_0_2500_12000,2500,0,2500,12000,4.983731780147988,0.027496946595722882,0.34685000000000005,0.0871284401485265,0.04650448143482208,0.018547685511787537,0.0,4.42525682640401,0.0,0.0,0.0,0.5381050413452445,0.006217285132425971,0.01415262726630775,0.0,0.0,0.7239547967910767,-0.004162385128438473,0.0038974941708147526,-0.016504481434822083,0.0013650768983800312,32773.0
0.496000,62800009,balanced_3000_0_3000_12000,3,balanced_2000_0_2000_12000,2000,0,2000,12000,5.028812735404809,0.07257790185254454,0.34700000000000003,0.08312844014852651,0.04050448143482208,0.01869768551178752,0.0,4.497122681529598,0.0,0.0,0.0,0.5226323724247742,0.0,0.009057681450436958,0.0,0.0,0.7239547967910767,-0.004162385128438473,0.0038974941708147526,-0.016504481434822083,0.0013650768983800312,32773.0
0.496000,62800009,balanced_3000_0_3000_12000,4,balanced_1000_0_1000_12000,1000,0,1000,12000,5.171726671901816,0.21549183834955077,0.3473,0.0751284401485265,0.028504481434822083,0.018997685511787488,0.0,4.6425909638120215,0.0,0.0,0.0,0.5020021471974805,0.024869140529703883,0.0022644203626092396,0.0,0.0,0.7239547967910767,-0.004162385128438473,0.0038974941708147526,-0.016504481434822083,0.0013650768983800312,32773.0
0.496000,62800009,balanced_3000_0_3000_12000,5,opp_m4_12000,0,0,0,12000,5.384976643043336,0.4287418094910711,0.3476,0.06712844014852651,0.016504481434822083,0.01929768551178751,0.0,4.790374675469471,0.0,0.0,0.0,0.4951254054550493,0.09947656211881553,0.0,0.0,0.0,0.7239547967910767,-0.004162385128438473,0.0038974941708147526,-0.016504481434822083,0.0013650768983800312,32773.0
0.496000,62800009,balanced_3000_0_3000_12000,6,opp_m4_11000,0,0,0,11000,6.472825132994178,1.516590299441913,0.3498,0.0631284401485265,0.016504481434822083,0.02149768551178749,0.0,5.94487112519342,0.0,0.0,0.0,0.41604287541709,0.11191113238366747,0.0,0.0,0.0,0.7239547967910767,-0.004162385128438473,0.0038974941708147526,-0.016504481434822083,0.0013650768983800312,32773.0
0.496000,62800009,balanced_3000_0_3000_12000,7,opp_m4_10000,0,0,0,10000,7.7174630724277336,2.7612282388754688,0.352,0.0591284401485265,0.016504481434822083,0.02369768551178747,0.00026270317401877463,7.2238862213061905,0.0005249208217581277,0.0,0.0,0.343837087121562,0.1492148431782233,0.0,0.0,0.0,0.7239547967910767,-0.004162385128438473,0.0038974941708147526,-0.016504481434822083,0.0013650768983800312,32773.0
0.496000,62800009,balanced_3000_0_3000_12000,8,zero,0,0,0,0,32.52242298496042,27.566188151408156,0.374,0.019128440148526504,0.016504481434822083,0.04569768551178749,0.022262703174018794,26.862562733819363,3.7698055708835665,0.0,0.0,0.0,1.8900546802574951,0.0,0.0,0.0,0.7239547967910767,-0.004162385128438473,0.0038974941708147526,-0.016504481434822083,0.0013650768983800312,32773.0
0.496000,62800010,balanced_3000_0_3000_12000,1,balanced_3000_0_3000_12000,3000,0,3000,12000,4.956234833552265,0.0,0.3467,0.09472040862099917,0.049376713730394844,0.018397685511787498,0.0,4.353969828622146,0.0,0.0,0.0,0.5570160811369305,0.024869140529703883,0.020379783263483157,0.0,0.0,0.7124195694923401,-0.003646883647888899,-0.009502947330474854,-0.01337671373039484,0.0015065094360218322,32759.0
0.496000,62800010,balanced_3000_0_3000_12000,2,balanced_2500_0_2500_12000,2500,0,2500,12000,4.983731780147988,0.027496946595722882,0.34685000000000005,0.09072040862099917,0.04337671373039484,0.018547685511787537,0.0,4.42525682640401,0.0,0.0,0.0,0.5381050413452445,0.006217285132425971,0.01415262726630775,0.0,0.0,0.7124195694923401,-0.003646883647888899,-0.009502947330474854,-0.01337671373039484,0.0015065094360218322,32759.0
0.496000,62800010,balanced_3000_0_3000_12000,3,balanced_2000_0_2000_12000,2000,0,2000,12000,5.028812735404809,0.07257790185254454,0.34700000000000003,0.08672040862099917,0.03737671373039484,0.01869768551178752,0.0,4.497122681529598,0.0,0.0,0.0,0.5226323724247742,0.0,0.009057681450436958,0.0,0.0,0.7124195694923401,-0.003646883647888899,-0.009502947330474854,-0.01337671373039484,0.0015065094360218322,32759.0
0.496000,62800010,balanced_3000_0_3000_12000,4,balanced_1000_0_1000_12000,1000,0,1000,12000,5.171726671901816,0.21549183834955077,0.3473,0.07872040862099916,0.02537671373039484,0.018997685511787488,0.0,4.6425909638120215,0.0,0.0,0.0,0.5020021471974805,0.024869140529703883,0.0022644203626092396,0.0,0.0,0.7124195694923401,-0.003646883647888899,-0.009502947330474854,-0.01337671373039484,0.0015065094360218322,32759.0
0.496000,62800010,balanced_3000_0_3000_12000,5,opp_m4_12000,0,0,0,12000,5.384976643043336,0.4287418094910711,0.3476,0.07072040862099918,0.01337671373039484,0.01929768551178751,0.0,4.790374675469471,0.0,0.0,0.0,0.4951254054550493,0.09947656211881553,0.0,0.0,0.0,0.7124195694923401,-0.003646883647888899,-0.009502947330474854,-0.01337671373039484,0.0015065094360218322,32759.0
0.496000,62800010,balanced_3000_0_3000_12000,6,opp_m4_11000,0,0,0,11000,6.472825132994178,1.516590299441913,0.3498,0.06672040862099918,0.01337671373039484,0.02149768551178749,0.0,5.94487112519342,0.0,0.0,0.0,0.41604287541709,0.11191113238366747,0.0,0.0,0.0,0.7124195694923401,-0.003646883647888899,-0.009502947330474854,-0.01337671373039484,0.0015065094360218322,32759.0
0.496000,62800010,balanced_3000_0_3000_12000,7,opp_m4_10000,0,0,0,10000,7.7174630724277336,2.7612282388754688,0.352,0.06272040862099917,0.01337671373039484,0.02369768551178747,0.00026270317401877463,7.2238862213061905,0.0005249208217581277,0.0,0.0,0.343837087121562,0.1492148431782233,0.0,0.0,0.0,0.7124195694923401,-0.003646883647888899,-0.009502947330474854,-0.01337671373039484,0.0015065094360218322,32759.0
0.496000,62800010,balanced_3000_0_3000_12000,8,zero,0,0,0,0,32.52242298496042,27.566188151408156,0.374,0.022720408620999173,0.01337671373039484,0.04569768551178749,0.022262703174018794,26.862562733819363,3.7698055708835665,0.0,0.0,0.0,1.8900546802574951,0.0,0.0,0.0,0.7124195694923401,-0.003646883647888899,-0.009502947330474854,-0.01337671373039484,0.0015065094360218322,32759.0
0.496000,62800011,balanced_3000_0_3000_12000,1,balanced_3000_0_3000_12000,3000,0,3000,12000,4.956234833552265,0.0,0.3467,0.08467290968502235,0.04268416824191809,0.018397685511787498,0.0,4.353969828622146,0.0,0.0,0.0,0.5570160811369305,0.024869140529703883,0.020379783263483157,0.0,0.0,0.7262716889381409,-0.0038019861094653606,-0.0047171832993626595,0.006684168241918087,0.0010652011729520897,32763.0
0.496000,62800011,balanced_3000_0_3000_12000,2,balanced_2500_0_2500_12000,2500,0,2500,12000,4.983731780147988,0.027496946595722882,0.34685000000000005,0.08067290968502235,0.036684168241918086,0.018547685511787537,0.0,4.42525682640401,0.0,0.0,0.0,0.5381050413452445,0.006217285132425971,0.01415262726630775,0.0,0.0,0.7262716889381409,-0.0038019861094653606,-0.0047171832993626595,0.006684168241918087,0.0010652011729520897,32763.0
0.496000,62800011,balanced_3000_0_3000_12000,3,balanced_2000_0_2000_12000,2000,0,2000,12000,5.028812735404809,0.07257790185254454,0.34700000000000003,0.07667290968502236,0.030684168241918088,0.01869768551178752,0.0,4.497122681529598,0.0,0.0,0.0,0.5226323724247742,0.0,0.009057681450436958,0.0,0.0,0.7262716889381409,-0.0038019861094653606,-0.0047171832993626595,0.006684168241918087,0.0010652011729520897,32763.0
0.496000,62800011,balanced_3000_0_3000_12000,4,balanced_1000_0_1000_12000,1000,0,1000,12000,5.171726671901816,0.21549183834955077,0.3473,0.06867290968502235,0.018684168241918087,0.018997685511787488,0.0,4.6425909638120215,0.0,0.0,0.0,0.5020021471974805,0.024869140529703883,0.0022644203626092396,0.0,0.0,0.7262716889381409,-0.0038019861094653606,-0.0047171832993626595,0.006684168241918087,0.0010652011729520897,32763.0
0.496000,62800011,balanced_3000_0_3000_12000,5,opp_m4_12000,0,0,0,12000,5.384976643043336,0.4287418094910711,0.3476,0.06067290968502236,0.006684168241918087,0.01929768551178751,0.0,4.790374675469471,0.0,0.0,0.0,0.4951254054550493,0.09947656211881553,0.0,0.0,0.0,0.7262716889381409,-0.0038019861094653606,-0.0047171832993626595,0.006684168241918087,0.0010652011729520897,32763.0
0.496000,62800011,balanced_3000_0_3000_12000,6,opp_m4_11000,0,0,0,11000,6.472825132994178,1.516590299441913,0.3498,0.05667290968502236,0.006684168241918087,0.02149768551178749,0.0,5.94487112519342,0.0,0.0,0.0,0.41604287541709,0.11191113238366747,0.0,0.0,0.0,0.7262716889381409,-0.0038019861094653606,-0.0047171832993626595,0.006684168241918087,0.0010652011729520897,32763.0
0.496000,62800011,balanced_3000_0_3000_12000,7,opp_m4_10000,0,0,0,10000,7.7174630724277336,2.7612282388754688,0.352,0.05267290968502236,0.006684168241918087,0.02369768551178747,0.00026270317401877463,7.2238862213061905,0.0005249208217581277,0.0,0.0,0.343837087121562,0.1492148431782233,0.0,0.0,0.0,0.7262716889381409,-0.0038019861094653606,-0.0047171832993626595,0.006684168241918087,0.0010652011729520897,32763.0
0.496000,62800011,balanced_3000_0_3000_12000,8,zero,0,0,0,0,32.52242298496042,27.566188151408156,0.374,0.01267290968502236,0.006684168241918087,0.04569768551178749,0.022262703174018794,26.862562733819363,3.7698055708835665,0.0,0.0,0.0,1.8900546802574951,0.0,0.0,0.0,0.7262716889381409,-0.0038019861094653606,-0.0047171832993626595,0.006684168241918087,0.0010652011729520897,32763.0
0.496000,62800012,balanced_3000_0_3000_12000,1,balanced_3000_0_3000_12000,3000,0,3000,12000,4.956234833552265,0.0,0.3467,0.09229988087663668,0.042560907233506445,0.018397685511787498,0.0,4.353969828622146,0.0,0.0,0.0,0.5570160811369305,0.024869140529703883,0.020379783263483157,0.0,0.0,0.7147308588027954,-0.003948336001485586,-0.006560907233506441,0.0015039299614727497,0.001372516248479714,32766.0
0.496000,62800012,balanced_3000_0_3000_12000,2,balanced_2500_0_2500_12000,2500,0,2500,12000,4.983731780147988,0.027496946595722882,0.34685000000000005,0.08829988087663668,0.03656090723350644,0.018547685511787537,0.0,4.42525682640401,0.0,0.0,0.0,0.5381050413452445,0.006217285132425971,0.01415262726630775,0.0,0.0,0.7147308588027954,-0.003948336001485586,-0.006560907233506441,0.0015039299614727497,0.001372516248479714,32766.0
0.496000,62800012,balanced_3000_0_3000_12000,3,balanced_2000_0_2000_12000,2000,0,2000,12000,5.028812735404809,0.07257790185254454,0.34700000000000003,0.08429988087663669,0.03056090723350644,0.01869768551178752,0.0,4.497122681529598,0.0,0.0,0.0,0.5226323724247742,0.0,0.009057681450436958,0.0,0.0,0.7147308588027954,-0.003948336001485586,-0.006560907233506441,0.0015039299614727497,0.001372516248479714,32766.0
0.496000,62800012,balanced_3000_0_3000_12000,4,balanced_1000_0_1000_12000,1000,0,1000,12000,5.171726671901816,0.21549183834955077,0.3473,0.07629988087663668,0.01856090723350644,0.018997685511787488,0.0,4.6425909638120215,0.0,0.0,0.0,0.5020021471974805,0.024869140529703883,0.0022644203626092396,0.0,0.0,0.7147308588027954,-0.003948336001485586,-0.006560907233506441,0.0015039299614727497,0.001372516248479714,32766.0
0.496000,62800012,balanced_3000_0_3000_12000,5,opp_m4_12000,0,0,0,12000,5.384976643043336,0.4287418094910711,0.3476,0.06829988087663669,0.006560907233506441,0.01929768551178751,0.0,4.790374675469471,0.0,0.0,0.0,0.4951254054550493,0.09947656211881553,0.0,0.0,0.0,0.7147308588027954,-0.003948336001485586,-0.006560907233506441,0.0015039299614727497,0.001372516248479714,32766.0
0.496000,62800012,balanced_3000_0_3000_12000,6,opp_m4_11000,0,0,0,11000,6.472825132994178,1.516590299441913,0.3498,0.06429988087663668,0.006560907233506441,0.02149768551178749,0.0,5.94487112519342,0.0,0.0,0.0,0.41604287541709,0.11191113238366747,0.0,0.0,0.0,0.7147308588027954,-0.003948336001485586,-0.006560907233506441,0.0015039299614727497,0.001372516248479714,32766.0
0.496000,62800012,balanced_3000_0_3000_12000,7,opp_m4_10000,0,0,0,10000,7.7174630724277336,2.7612282388754688,0.352,0.06029988087663668,0.006560907233506441,0.02369768551178747,0.00026270317401877463,7.2238862213061905,0.0005249208217581277,0.0,0.0,0.343837087121562,0.1492148431782233,0.0,0.0,0.0,0.7147308588027954,-0.003948336001485586,-0.006560907233506441,0.0015039299614727497,0.001372516248479714,32766.0
0.496000,62800012,balanced_3000_0_3000_12000,8,zero,0,0,0,0,32.52242298496042,27.566188151408156,0.374,0.020299880876636683,0.006560907233506441,0.04569768551178749,0.022262703174018794,26.862562733819363,3.7698055708835665,0.0,0.0,0.0,1.8900546802574951,0.0,0.0,0.0,0.7147308588027954,-0.003948336001485586,-0.006560907233506441,0.0015039299614727497,0.001372516248479714,32766.0
0.497000,62800001,balanced_3000_0_3000_12000,1,balanced_3000_0_3000_12000,3000,0,3000,12000,2.5794179441531835,0.0,0.3407,0.11282393506582603,0.04892013190686703,0.012397685511787493,0.0,1.9771529392230665,0.0,0.0,0.0,0.5570160811369305,0.024869140529703883,0.020379783263483157,0.0,0.0,0.6952569484710693,-0.0037904493510723114,-0.012920131906867027,-0.0028284010477364063,0.0010652604698982366,32757.0
0.497000,62800001,balanced_3000_0_3000_12000,2,balanced_2500_0_2500_12000,2500,0,2500,12000,2.5837605969989155,0.004342652845731987,0.34085000000000004,0.10882393506582602,0.042920131906867026,0.012547685511787532,0.0,2.025285643254937,0.0,0.0,0.0,0.5381050413452445,0.006217285132425971,0.01415262726630775,0.0,0.0,0.6952569484710693,-0.0037904493510723114,-0.012920131906867027,-0.0028284010477364063,0.0010652604698982366,32757.0
0.497000,62800001,balanced_3000_0_3000_12000,3,balanced_2000_0_2000_12000,2000,0,2000,12000,2.6056872585057502,0.02626931435256674,0.341,0.10482393506582603,0.03692013190686703,0.012697685511787515,0.0,2.073997204630539,0.0,0.0,0.0,0.5226323724247742,0.0,0.009057681450436958,0.0,0.0,0.6952569484710693,-0.0037904493510723114,-0.012920131906867027,-0.0028284010477364063,0.0010652604698982366,32757.0
0.497000,62800001,balanced_3000_0_3000_12000,4,balanced_1000_0_1000_12000,1000,0,1000,12000,2.7022926075027858,0.12287466334960229,0.3413,0.09682393506582603,0.024920131906867028,0.012997685511787482,0.0,2.173156899412992,0.0,0.0,0.0,0.5020021471974805,0.024869140529703883,0.0022644203626092396,0.0,0.0,0.6952569484710693,-0.0037904493510723114,-0.012920131906867027,-0.0028284010477364063,0.0010652604698982366,32757.0
0.497000,62800001,balanced_3000_0_3000_12000,5,opp_m4_12000,0,0,0,12000,2.869233991144328,0.2898160469911444,0.3416,0.08882393506582603,0.012920131906867027,0.013297685511787505,0.0,2.274632023570463,0.0,0.0,0.0,0.4951254054550493,0.09947656211881553,0.0,0.0,0.0,0.6952569484710693,-0.0037904493510723114,-0.012920131906867027,-0.0028284010477364063,0.0010652604698982366,32757.0
0.497000,62800001,balanced_3000_0_3000_12000,6,opp_m4_11000,0,0,0,11000,3.617486172762015,1.0380682286088314,0.3438,0.08482393506582603,0.012920131906867027,0.015497685511787485,0.0,3.0895321649612573,0.0,0.0,0.0,0.41604287541709,0.11191113238366747,0.0,0.0,0.0,0.6952569484710693,-0.0037904493510723114,-0.012920131906867027,-0.0028284010477364063,0.0010652604698982366,32757.0
0.497000,62800001,balanced_3000_0_3000_12000,7,opp_m4_10000,0,0,0,10000,4.522002883040659,1.9425849388874754,0.346,0.08082393506582602,0.012920131906867027,0.017697685511787464,0.0,4.028950952740874,0.0,0.0,0.0,0.343837087121562,0.1492148431782233,0.0,0.0,0.0,0.6952569484710693,-0.0037904493510723114,-0.012920131906867027,-0.0028284010477364063,0.0010652604698982366,32757.0
0.497000,62800001,balanced_3000_0_3000_12000,8,zero,0,0,0,0,24.173351502933105,21.593933558779923,0.368,0.04082393506582603,0.012920131906867027,0.039697685511787484,0.01626270317401879,20.27166438192247,2.011632440753139,0.0,0.0,0.0,1.8900546802574951,0.0,0.0,0.0,0.6952569484710693,-0.0037904493510723114,-0.012920131906867027,-0.0028284010477364063,0.0010652604698982366,32757.0
0.497000,62800002,balanced_3000_0_3000_12000,1,balanced_3000_0_3000_12000,3000,0,3000,12000,2.5794179441531835,0.0,0.3407,0.0902875529579382,0.048935227714478974,0.012397685511787493,0.0,1.9771529392230665,0.0,0.0,0.0,0.5570160811369305,0.024869140529703883,0.020379783263483157,0.0,0.0,0.7014277577400208,-0.0036136650014668703,-0.01293522771447897,0.00624881824478507,0.0010653546168039923,32759.0
0.497000,62800002,balanced_3000_0_3000_12000,2,balanced_2500_0_2500_12000,2500,0,2500,12000,2.5837605969989155,0.004342652845731987,0.34085000000000004,0.08628755295793819,0.04293522771447897,0.012547685511787532,0.0,2.025285643254937,0.0,0.0,0.0,0.5381050413452445,0.006217285132425971,0.01415262726630775,0.0,0.0,0.7014277577400208,-0.0036136650014668703,-0.01293522771447897,0.00624881824478507,0.0010653546168039923,32759.0
0.497000,62800002,balanced_3000_0_3000_12000,3,balanced_2000_0_2000_12000,2000,0,2000,12000,2.6056872585057502,0.02626931435256674,0.341,0.08228755295793819,0.03693522771447897,0.012697685511787515,0.0,2.073997204630539,0.0,0.0,0.0,0.5226323724247742,0.0,0.009057681450436958,0.0,0.0,0.7014277577400208,-0.0036136650014668703,-0.01293522771447897,0.00624881824478507,0.0010653546168039923,32759.0
0.497000,62800002,balanced_3000_0_3000_12000,4,balanced_1000_0_1000_12000,1000,0,1000,12000,2.7022926075027858,0.12287466334960229,0.3413,0.07428755295793818,0.02493522771447897,0.012997685511787482,0.0,2.173156899412992,0.0,0.0,0.0,0.5020021471974805,0.024869140529703883,0.0022644203626092396,0.0,0.0,0.7014277577400208,-0.0036136650014668703,-0.01293522771447897,0.00624881824478507,0.0010653546168039923,32759.0
0.497000,62800002,balanced_3000_0_3000_12000,5,opp_m4_12000,0,0,0,12000,2.869233991144328,0.2898160469911444,0.3416,0.0662875529579382,0.01293522771447897,0.013297685511787505,0.0,2.274632023570463,0.0,0.0,0.0,0.4951254054550493,0.09947656211881553,0.0,0.0,0.0,0.7014277577400208,-0.0036136650014668703,-0.01293522771447897,0.00624881824478507,0.0010653546168039923,32759.0
0.497000,62800002,balanced_3000_0_3000_12000,6,opp_m4_11000,0,0,0,11000,3.617486172762015,1.0380682286088314,0.3438,0.06228755295793819,0.01293522771447897,0.015497685511787485,0.0,3.0895321649612573,0.0,0.0,0.0,0.41604287541709,0.11191113238366747,0.0,0.0,0.0,0.7014277577400208,-0.0036136650014668703,-0.01293522771447897,0.00624881824478507,0.0010653546168039923,32759.0
0.497000,62800002,balanced_3000_0_3000_12000,7,opp_m4_10000,0,0,0,10000,4.522002883040659,1.9425849388874754,0.346,0.05828755295793819,0.01293522771447897,0.017697685511787464,0.0,4.028950952740874,0.0,0.0,0.0,0.343837087121562,0.1492148431782233,0.0,0.0,0.0,0.7014277577400208,-0.0036136650014668703,-0.01293522771447897,0.00624881824478507,0.0010653546168039923,32759.0
0.497000,62800002,balanced_3000_0_3000_12000,8,zero,0,0,0,0,24.173351502933105,21.593933558779923,0.368,0.018287552957938193,0.01293522771447897,0.039697685511787484,0.01626270317401879,20.27166438192247,2.011632440753139,0.0,0.0,0.0,1.8900546802574951,0.0,0.0,0.0,0.7014277577400208,-0.0036136650014668703,-0.01293522771447897,0.00624881824478507,0.0010653546168039923,32759.0
0.497000,62800003,balanced_3000_0_3000_12000,1,balanced_3000_0_3000_12000,3000,0,3000,12000,2.5794179441531835,0.0,0.3407,0.10722769780113911,0.04400588075071574,0.012397685511787493,0.0,1.9771529392230665,0.0,0.0,0.0,0.5570160811369305,0.024869140529703883,0.020379783263483157,0.0,0.0,0.7267391681671143,-0.004391038790345192,-0.008005880750715733,0.0035291954409331083,0.0021444559822151764,32772.0
0.497000,62800003,balanced_3000_0_3000_12000,2,balanced_2500_0_2500_12000,2500,0,2500,12000,2.5837605969989155,0.004342652845731987,0.34085000000000004,0.1032276978011391,0.03800588075071573,0.012547685511787532,0.0,2.025285643254937,0.0,0.0,0.0,0.5381050413452445,0.006217285132425971,0.01415262726630775,0.0,0.0,0.7267391681671143,-0.004391038790345192,-0.008005880750715733,0.0035291954409331083,0.0021444559822151764,32772.0
0.497000,62800003,balanced_3000_0_3000_12000,3,balanced_2000_0_2000_12000,2000,0,2000,12000,2.6056872585057502,0.02626931435256674,0.341,0.09922769780113913,0.03200588075071573,0.012697685511787515,0.0,2.073997204630539,0.0,0.0,0.0,0.5226323724247742,0.0,0.009057681450436958,0.0,0.0,0.7267391681671143,-0.004391038790345192,-0.008005880750715733,0.0035291954409331083,0.0021444559822151764,32772.0
0.497000,62800003,balanced_3000_0_3000_12000,4,balanced_1000_0_1000_12000,1000,0,1000,12000,2.7022926075027858,0.12287466334960229,0.3413,0.09122769780113912,0.020005880750715733,0.012997685511787482,0.0,2.173156899412992,0.0,0.0,0.0,0.5020021471974805,0.024869140529703883,0.0022644203626092396,0.0,0.0,0.7267391681671143,-0.004391038790345192,-0.008005880750715733,0.0035291954409331083,0.0021444559822151764,32772.0
0.497000,62800003,balanced_3000_0_3000_12000,5,opp_m4_12000,0,0,0,12000,2.869233991144328,0.2898160469911444,0.3416,0.08322769780113912,0.008005880750715733,0.013297685511787505,0.0,2.274632023570463,0.0,0.0,0.0,0.4951254054550493,0.09947656211881553,0.0,0.0,0.0,0.7267391681671143,-0.004391038790345192,-0.008005880750715733,0.0035291954409331083,0.0021444559822151764,32772.0
0.497000,62800003,balanced_3000_0_3000_12000,6,opp_m4_11000,0,0,0,11000,3.617486172762015,1.0380682286088314,0.3438,0.07922769780113911,0.008005880750715733,0.015497685511787485,0.0,3.0895321649612573,0.0,0.0,0.0,0.41604287541709,0.11191113238366747,0.0,0.0,0.0,0.7267391681671143,-0.004391038790345192,-0.008005880750715733,0.0035291954409331083,0.0021444559822151764,32772.0
0.497000,62800003,balanced_3000_0_3000_12000,7,opp_m4_10000,0,0,0,10000,4.522002883040659,1.9425849388874754,0.346,0.07522769780113912,0.008005880750715733,0.017697685511787464,0.0,4.028950952740874,0.0,0.0,0.0,0.343837087121562,0.1492148431782233,0.0,0.0,0.0,0.7267391681671143,-0.004391038790345192,-0.008005880750715733,0.0035291954409331083,0.0021444559822151764,32772.0
0.497000,62800003,balanced_3000_0_3000_12000,8,zero,0,0,0,0,24.173351502933105,21.593933558779923,0.368,0.03522769780113912,0.008005880750715733,0.039697685511787484,0.01626270317401879,20.27166438192247,2.011632440753139,0.0,0.0,0.0,1.8900546802574951,0.0,0.0,0.0,0.7267391681671143,-0.004391038790345192,-0.008005880750715733,0.0035291954409331083,0.0021444559822151764,32772.0
0.497000,62800004,balanced_3000_0_3000_12000,1,balanced_3000_0_3000_12000,3000,0,3000,12000,2.5794179441531835,0.0,0.3407,0.1048950439579314,0.04258471882343293,0.012397685511787493,0.0,1.9771529392230665,0.0,0.0,0.0,0.5570160811369305,0.024869140529703883,0.020379783263483157,0.0,0.0,0.7295510172843933,-0.0037314114160835743,0.003164455993101001,0.006584718823432922,0.0010651336836646995,32760.0
0.497000,62800004,balanced_3000_0_3000_12000,2,balanced_2500_0_2500_12000,2500,0,2500,12000,2.5837605969989155,0.004342652845731987,0.34085000000000004,0.10089504395793139,0.03658471882343292,0.012547685511787532,0.0,2.025285643254937,0.0,0.0,0.0,0.5381050413452445,0.006217285132425971,0.01415262726630775,0.0,0.0,0.7295510172843933,-0.0037314114160835743,0.003164455993101001,0.006584718823432922,0.0010651336836646995,32760.0
0.497000,62800004,balanced_3000_0_3000_12000,3,balanced_2000_0_2000_12000,2000,0,2000,12000,2.6056872585057502,0.02626931435256674,0.341,0.09689504395793141,0.030584718823432923,0.012697685511787515,0.0,2.073997204630539,0.0,0.0,0.0,0.5226323724247742,0.0,0.009057681450436958,0.0,0.0,0.7295510172843933,-0.0037314114160835743,0.003164455993101001,0.006584718823432922,0.0010651336836646995,32760.0
0.497000,62800004,balanced_3000_0_3000_12000,4,balanced_1000_0_1000_12000,1000,0,1000,12000,2.7022926075027858,0.12287466334960229,0.3413,0.08889504395793141,0.018584718823432923,0.012997685511787482,0.0,2.173156899412992,0.0,0.0,0.0,0.5020021471974805,0.024869140529703883,0.0022644203626092396,0.0,0.0,0.7295510172843933,-0.0037314114160835743,0.003164455993101001,0.006584718823432922,0.0010651336836646995,32760.0
0.497000,62800004,balanced_3000_0_3000_12000,5,opp_m4_12000,0,0,0,12000,2.869233991144328,0.2898160469911444,0.3416,0.0808950439579314,0.006584718823432922,0.013297685511787505,0.0,2.274632023570463,0.0,0.0,0.0,0.4951254054550493,0.09947656211881553,0.0,0.0,0.0,0.7295510172843933,-0.0037314114160835743,0.003164455993101001,0.006584718823432922,0.0010651336836646995,32760.0
0.497000,62800004,balanced_3000_0_3000_12000,6,opp_m4_11000,0,0,0,11000,3.617486172762015,1.0380682286088314,0.3438,0.0768950439579314,0.006584718823432922,0.015497685511787485,0.0,3.0895321649612573,0.0,0.0,0.0,0.41604287541709,0.11191113238366747,0.0,0.0,0.0,0.7295510172843933,-0.0037314114160835743,0.003164455993101001,0.006584718823432922,0.0010651336836646995,32760.0
0.497000,62800004,balanced_3000_0_3000_12000,7,opp_m4_10000,0,0,0,10000,4.522002883040659,1.9425849388874754,0.346,0.07289504395793141,0.006584718823432922,0.017697685511787464,0.0,4.028950952740874,0.0,0.0,0.0,0.343837087121562,0.1492148431782233,0.0,0.0,0.0,0.7295510172843933,-0.0037314114160835743,0.003164455993101001,0.006584718823432922,0.0010651336836646995,32760.0
0.497000,62800004,balanced_3000_0_3000_12000,8,zero,0,0,0,0,24.173351502933105,21.593933558779923,0.368,0.03289504395793141,0.006584718823432922,0.039697685511787484,0.01626270317401879,20.27166438192247,2.011632440753139,0.0,0.0,0.0,1.8900546802574951,0.0,0.0,0.0,0.7295510172843933,-0.0037314114160835743,0.003164455993101001,0.006584718823432922,0.0010651336836646995,32760.0
0.497000,62800005,balanced_3000_0_3000_12000,1,balanced_3000_0_3000_12000,3000,0,3000,12000,2.5794179441531835,0.0,0.3407,0.09439004115040588,0.04917883841693402,0.012397685511787493,0.0,1.9771529392230665,0.0,0.0,0.0,0.5570160811369305,0.024869140529703883,0.020379783263483157,0.0,0.0,0.7175986766815186,-0.003947842866182327,0.013178838416934013,0.007255067117512226,0.0012298838381531345,32763.0
0.497000,62800005,balanced_3000_0_3000_12000,2,balanced_2500_0_2500_12000,2500,0,2500,12000,2.5837605969989155,0.004342652845731987,0.34085000000000004,0.09039004115040587,0.04317883841693401,0.012547685511787532,0.0,2.025285643254937,0.0,0.0,0.0,0.5381050413452445,0.006217285132425971,0.01415262726630775,0.0,0.0,0.7175986766815186,-0.003947842866182327,0.013178838416934013,0.007255067117512226,0.0012298838381531345,32763.0
0.497000,62800005,balanced_3000_0_3000_12000,3,balanced_2000_0_2000_12000,2000,0,2000,12000,2.6056872585057502,0.02626931435256674,0.341,0.08639004115040588,0.037178838416934014,0.012697685511787515,0.0,2.073997204630539,0.0,0.0,0.0,0.5226323724247742,0.0,0.009057681450436958,0.0,0.0,0.7175986766815186,-0.003947842866182327,0.013178838416934013,0.007255067117512226,0.0012298838381531345,32763.0
0.497000,62800005,balanced_3000_0_3000_12000,4,balanced_1000_0_1000_12000,1000,0,1000,12000,2.7022926075027858,0.12287466334960229,0.3413,0.07839004115040588,0.025178838416934014,0.012997685511787482,0.0,2.173156899412992,0.0,0.0,0.0,0.5020021471974805,0.024869140529703883,0.0022644203626092396,0.0,0.0,0.7175986766815186,-0.003947842866182327,0.013178838416934013,0.007255067117512226,0.0012298838381531345,32763.0
0.497000,62800005,balanced_3000_0_3000_12000,5,opp_m4_12000,0,0,0,12000,2.869233991144328,0.2898160469911444,0.3416,0.07039004115040588,0.013178838416934013,0.013297685511787505,0.0,2.274632023570463,0.0,0.0,0.0,0.4951254054550493,0.09947656211881553,0.0,0.0,0.0,0.7175986766815186,-0.003947842866182327,0.013178838416934013,0.007255067117512226,0.0012298838381531345,32763.0
0.497000,62800005,balanced_3000_0_3000_12000,6,opp_m4_11000,0,0,0,11000,3.617486172762015,1.0380682286088314,0.3438,0.06639004115040588,0.013178838416934013,0.015497685511787485,0.0,3.0895321649612573,0.0,0.0,0.0,0.41604287541709,0.11191113238366747,0.0,0.0,0.0,0.7175986766815186,-0.003947842866182327,0.013178838416934013,0.007255067117512226,0.0012298838381531345,32763.0
0.497000,62800005,balanced_3000_0_3000_12000,7,opp_m4_10000,0,0,0,10000,4.522002883040659,1.9425849388874754,0.346,0.06239004115040589,0.013178838416934013,0.017697685511787464,0.0,4.028950952740874,0.0,0.0,0.0,0.343837087121562,0.1492148431782233,0.0,0.0,0.0,0.7175986766815186,-0.003947842866182327,0.013178838416934013,0.007255067117512226,0.0012298838381531345,32763.0
0.497000,62800005,balanced_3000_0_3000_12000,8,zero,0,0,0,0,24.173351502933105,21.593933558779923,0.368,0.022390041150405885,0.013178838416934013,0.039697685511787484,0.01626270317401879,20.27166438192247,2.011632440753139,0.0,0.0,0.0,1.8900546802574951,0.0,0.0,0.0,0.7175986766815186,-0.003947842866182327,0.013178838416934013,0.007255067117512226,0.0012298838381531345,32763.0
0.497000,62800006,balanced_3000_0_3000_12000,1,balanced_3000_0_3000_12000,3000,0,3000,12000,2.5794179441531835,0.0,0.3407,0.10466797410087302,0.04624892274290324,0.012397685511787493,0.0,1.9771529392230665,0.0,0.0,0.0,0.5570160811369305,0.024869140529703883,0.020379783263483157,0.0,0.0,0.7043744921684265,-0.003660791087895632,0.006317070219665766,-0.010248922742903233,0.0015237661457539976,32764.0
0.497000,62800006,balanced_3000_0_3000_12000,2,balanced_2500_0_2500_12000,2500,0,2500,12000,2.5837605969989155,0.004342652845731987,0.34085000000000004,0.10066797410087301,0.04024892274290323,0.012547685511787532,0.0,2.025285643254937,0.0,0.0,0.0,0.5381050413452445,0.006217285132425971,0.01415262726630775,0.0,0.0,0.7043744921684265,-0.003660791087895632,0.006317070219665766,-0.010248922742903233,0.0015237661457539976,32764.0
0.497000,62800006,balanced_3000_0_3000_12000,3,balanced_2000_0_2000_12000,2000,0,2000,12000,2.6056872585057502,0.02626931435256674,0.341,0.09666797410087302,0.03424892274290323,0.012697685511787515,0.0,2.073997204630539,0.0,0.0,0.0,0.5226323724247742,0.0,0.009057681450436958,0.0,0.0,0.7043744921684265,-0.003660791087895632,0.006317070219665766,-0.010248922742903233,0.0015237661457539976,32764.0
0.497000,62800006,balanced_3000_0_3000_12000,4,balanced_1000_0_1000_12000,1000,0,1000,12000,2.7022926075027858,0.12287466334960229,0.3413,0.08866797410087301,0.022248922742903233,0.012997685511787482,0.0,2.173156899412992,0.0,0.0,0.0,0.5020021471974805,0.024869140529703883,0.0022644203626092396,0.0,0.0,0.7043744921684265,-0.003660791087895632,0.006317070219665766,-0.010248922742903233,0.0015237661457539976,32764.0
0.497000,62800006,balanced_3000_0_3000_12000,5,opp_m4_12000,0,0,0,12000,2.869233991144328,0.2898160469911444,0.3416,0.08066797410087302,0.010248922742903233,0.013297685511787505,0.0,2.274632023570463,0.0,0.0,0.0,0.4951254054550493,0.09947656211881553,0.0,0.0,0.0,0.7043744921684265,-0.003660791087895632,0.006317070219665766,-0.010248922742903233,0.0015237661457539976,32764.0
0.497000,62800006,balanced_3000_0_3000_12000,6,opp_m4_11000,0,0,0,11000,3.617486172762015,1.0380682286088314,0.3438,0.07666797410087302,0.010248922742903233,0.015497685511787485,0.0,3.0895321649612573,0.0,0.0,0.0,0.41604287541709,0.11191113238366747,0.0,0.0,0.0,0.7043744921684265,-0.003660791087895632,0.006317070219665766,-0.010248922742903233,0.0015237661457539976,32764.0
0.497000,62800006,balanced_3000_0_3000_12000,7,opp_m4_10000,0,0,0,10000,4.522002883040659,1.9425849388874754,0.346,0.07266797410087303,0.010248922742903233,0.017697685511787464,0.0,4.028950952740874,0.0,0.0,0.0,0.343837087121562,0.1492148431782233,0.0,0.0,0.0,0.7043744921684265,-0.003660791087895632,0.006317070219665766,-0.010248922742903233,0.0015237661457539976,32764.0
0.497000,62800006,balanced_3000_0_3000_12000,8,zero,0,0,0,0,24.173351502933105,21.593933558779923,0.368,0.03266797410087302,0.010248922742903233,0.039697685511787484,0.01626270317401879,20.27166438192247,2.011632440753139,0.0,0.0,0.0,1.8900546802574951,0.0,0.0,0.0,0.7043744921684265,-0.003660791087895632,0.006317070219665766,-0.010248922742903233,0.0015237661457539976,32764.0
0.497000,62800007,balanced_3000_0_3000_12000,1,balanced_3000_0_3000_12000,3000,0,3000,12000,2.5794179441531835,0.0,0.3407,0.09010983142144485,0.05040513506531716,0.012397685511787493,0.0,1.9771529392230665,0.0,0.0,0.0,0.5570160811369305,0.024869140529703883,0.020379783263483157,0.0,0.0,0.7039952874183655,-0.0039870962500572205,-0.014405135065317154,-0.0028037680312991142,0.0010652652507546388,32762.0
0.497000,62800007,balanced_3000_0_3000_12000,2,balanced_2500_0_2500_12000,2500,0,2500,12000,2.5837605969989155,0.004342652845731987,0.34085000000000004,0.08610983142144485,0.04440513506531715,0.012547685511787532,0.0,2.025285643254937,0.0,0.0,0.0,0.5381050413452445,0.006217285132425971,0.01415262726630775,0.0,0.0,0.7039952874183655,-0.0039870962500572205,-0.014405135065317154,-0.0028037680312991142,0.0010652652507546388,32762.0
0.497000,62800007,balanced_3000_0_3000_12000,3,balanced_2000_0_2000_12000,2000,0,2000,12000,2.6056872585057502,0.02626931435256674,0.341,0.08210983142144486,0.038405135065317154,0.012697685511787515,0.0,2.073997204630539,0.0,0.0,0.0,0.5226323724247742,0.0,0.009057681450436958,0.0,0.0,0.7039952874183655,-0.0039870962500572205,-0.014405135065317154,-0.0028037680312991142,0.0010652652507546388,32762.0
0.497000,62800007,balanced_3000_0_3000_12000,4,balanced_1000_0_1000_12000,1000,0,1000,12000,2.7022926075027858,0.12287466334960229,0.3413,0.07410983142144485,0.026405135065317154,0.012997685511787482,0.0,2.173156899412992,0.0,0.0,0.0,0.5020021471974805,0.024869140529703883,0.0022644203626092396,0.0,0.0,0.7039952874183655,-0.0039870962500572205,-0.014405135065317154,-0.0028037680312991142,0.0010652652507546388,32762.0
0.497000,62800007,balanced_3000_0_3000_12000,5,opp_m4_12000,0,0,0,12000,2.869233991144328,0.2898160469911444,0.3416,0.06610983142144486,0.014405135065317154,0.013297685511787505,0.0,2.274632023570463,0.0,0.0,0.0,0.4951254054550493,0.09947656211881553,0.0,0.0,0.0,0.7039952874183655,-0.0039870962500572205,-0.014405135065317154,-0.0028037680312991142,0.0010652652507546388,32762.0
0.497000,62800007,balanced_3000_0_3000_12000,6,opp_m4_11000,0,0,0,11000,3.617486172762015,1.0380682286088314,0.3438,0.062109831421444855,0.014405135065317154,0.015497685511787485,0.0,3.0895321649612573,0.0,0.0,0.0,0.41604287541709,0.11191113238366747,0.0,0.0,0.0,0.7039952874183655,-0.0039870962500572205,-0.014405135065317154,-0.0028037680312991142,0.0010652652507546388,32762.0
0.497000,62800007,balanced_3000_0_3000_12000,7,opp_m4_10000,0,0,0,10000,4.522002883040659,1.9425849388874754,0.346,0.05810983142144485,0.014405135065317154,0.017697685511787464,0.0,4.028950952740874,0.0,0.0,0.0,0.343837087121562,0.1492148431782233,0.0,0.0,0.0,0.7039952874183655,-0.0039870962500572205,-0.014405135065317154,-0.0028037680312991142,0.0010652652507546388,32762.0
0.497000,62800007,balanced_3000_0_3000_12000,8,zero,0,0,0,0,24.173351502933105,21.593933558779923,0.368,0.018109831421444855,0.014405135065317154,0.039697685511787484,0.01626270317401879,20.27166438192247,2.011632440753139,0.0,0.0,0.0,1.8900546802574951,0.0,0.0,0.0,0.7039952874183655,-0.0039870962500572205,-0.014405135065317154,-0.0028037680312991142,0.0010652652507546388,32762.0
0.497000,62800008,balanced_3000_0_3000_12000,1,balanced_3000_0_3000_12000,3000,0,3000,12000,2.5794179441531835,0.0,0.3407,0.09072417808690107,0.05802665247023106,0.012397685511787493,0.0,1.9771529392230665,0.0,0.0,0.0,0.5570160811369305,0.024869140529703883,0.020379783263483157,0.0,0.0,0.6999185085296631,-0.0037065469659864902,0.006394207943230867,0.022026652470231056,0.0015065113209996354,32758.0
0.497000,62800008,balanced_3000_0_3000_12000,2,balanced_2500_0_2500_12000,2500,0,2500,12000,2.5837605969989155,0.004342652845731987,0.34085000000000004,0.08672417808690107,0.052026652470231055,0.012547685511787532,0.0,2.025285643254937,0.0,0.0,0.0,0.5381050413452445,0.006217285132425971,0.01415262726630775,0.0,0.0,0.6999185085296631,-0.0037065469659864902,0.006394207943230867,0.022026652470231056,0.0015065113209996354,32758.0
0.497000,62800008,balanced_3000_0_3000_12000,3,balanced_2000_0_2000_12000,2000,0,2000,12000,2.6056872585057502,0.02626931435256674,0.341,0.08272417808690108,0.04602665247023106,0.012697685511787515,0.0,2.073997204630539,0.0,0.0,0.0,0.5226323724247742,0.0,0.009057681450436958,0.0,0.0,0.6999185085296631,-0.0037065469659864902,0.006394207943230867,0.022026652470231056,0.0015065113209996354,32758.0
0.497000,62800008,balanced_3000_0_3000_12000,4,balanced_1000_0_1000_12000,1000,0,1000,12000,2.7022926075027858,0.12287466334960229,0.3413,0.07472417808690107,0.03402665247023105,0.012997685511787482,0.0,2.173156899412992,0.0,0.0,0.0,0.5020021471974805,0.024869140529703883,0.0022644203626092396,0.0,0.0,0.6999185085296631,-0.0037065469659864902,0.006394207943230867,0.022026652470231056,0.0015065113209996354,32758.0
0.497000,62800008,balanced_3000_0_3000_12000,5,opp_m4_12000,0,0,0,12000,2.869233991144328,0.2898160469911444,0.3416,0.06672417808690108,0.022026652470231056,0.013297685511787505,0.0,2.274632023570463,0.0,0.0,0.0,0.4951254054550493,0.09947656211881553,0.0,0.0,0.0,0.6999185085296631,-0.0037065469659864902,0.006394207943230867,0.022026652470231056,0.0015065113209996354,32758.0
0.497000,62800008,balanced_3000_0_3000_12000,6,opp_m4_11000,0,0,0,11000,3.617486172762015,1.0380682286088314,0.3438,0.06272417808690108,0.022026652470231056,0.015497685511787485,0.0,3.0895321649612573,0.0,0.0,0.0,0.41604287541709,0.11191113238366747,0.0,0.0,0.0,0.6999185085296631,-0.0037065469659864902,0.006394207943230867,0.022026652470231056,0.0015065113209996354,32758.0
0.497000,62800008,balanced_3000_0_3000_12000,7,opp_m4_10000,0,0,0,10000,4.522002883040659,1.9425849388874754,0.346,0.058724178086901085,0.022026652470231056,0.017697685511787464,0.0,4.028950952740874,0.0,0.0,0.0,0.343837087121562,0.1492148431782233,0.0,0.0,0.0,0.6999185085296631,-0.0037065469659864902,0.006394207943230867,0.022026652470231056,0.0015065113209996354,32758.0
0.497000,62800008,balanced_3000_0_3000_12000,8,zero,0,0,0,0,24.173351502933105,21.593933558779923,0.368,0.01872417808690108,0.022026652470231056,0.039697685511787484,0.01626270317401879,20.27166438192247,2.011632440753139,0.0,0.0,0.0,1.8900546802574951,0.0,0.0,0.0,0.6999185085296631,-0.0037065469659864902,0.006394207943230867,0.022026652470231056,0.0015065113209996354,32758.0
0.497000,62800009,balanced_3000_0_3000_12000,1,balanced_3000_0_3000_12000,3000,0,3000,12000,2.5794179441531835,0.0,0.3407,0.0908575271432763,0.04203651721030474,0.012397685511787493,0.0,1.9771529392230665,0.0,0.0,0.0,0.5570160811369305,0.024869140529703883,0.020379783263483157,0.0,0.0,0.7240108847618103,-0.004085321445018053,0.006036517210304737,-0.004335962701588869,0.0006161483256223521,32771.0
0.497000,62800009,balanced_3000_0_3000_12000,2,balanced_2500_0_2500_12000,2500,0,2500,12000,2.5837605969989155,0.004342652845731987,0.34085000000000004,0.0868575271432763,0.036036517210304736,0.012547685511787532,0.0,2.025285643254937,0.0,0.0,0.0,0.5381050413452445,0.006217285132425971,0.01415262726630775,0.0,0.0,0.7240108847618103,-0.004085321445018053,0.006036517210304737,-0.004335962701588869,0.0006161483256223521,32771.0
0.497000,62800009,balanced_3000_0_3000_12000,3,balanced_2000_0_2000_12000,2000,0,2000,12000,2.6056872585057502,0.02626931435256674,0.341,0.0828575271432763,0.030036517210304738,0.012697685511787515,0.0,2.073997204630539,0.0,0.0,0.0,0.5226323724247742,0.0,0.009057681450436958,0.0,0.0,0.7240108847618103,-0.004085321445018053,0.006036517210304737,-0.004335962701588869,0.0006161483256223521,32771.0
0.497000,62800009,balanced_3000_0_3000_12000,4,balanced_1000_0_1000_12000,1000,0,1000,12000,2.7022926075027858,0.12287466334960229,0.3413,0.07485752714327629,0.018036517210304737,0.012997685511787482,0.0,2.173156899412992,0.0,0.0,0.0,0.5020021471974805,0.024869140529703883,0.0022644203626092396,0.0,0.0,0.7240108847618103,-0.004085321445018053,0.006036517210304737,-0.004335962701588869,0.0006161483256223521,32771.0
0.497000,62800009,balanced_3000_0_3000_12000,5,opp_m4_12000,0,0,0,12000,2.869233991144328,0.2898160469911444,0.3416,0.06685752714327631,0.006036517210304737,0.013297685511787505,0.0,2.274632023570463,0.0,0.0,0.0,0.4951254054550493,0.09947656211881553,0.0,0.0,0.0,0.7240108847618103,-0.004085321445018053,0.006036517210304737,-0.004335962701588869,0.0006161483256223521,32771.0
0.497000,62800009,balanced_3000_0_3000_12000,6,opp_m4_11000,0,0,0,11000,3.617486172762015,1.0380682286088314,0.3438,0.0628575271432763,0.006036517210304737,0.015497685511787485,0.0,3.0895321649612573,0.0,0.0,0.0,0.41604287541709,0.11191113238366747,0.0,0.0,0.0,0.7240108847618103,-0.004085321445018053,0.006036517210304737,-0.004335962701588869,0.0006161483256223521,32771.0
0.497000,62800009,balanced_3000_0_3000_12000,7,opp_m4_10000,0,0,0,10000,4.522002883040659,1.9425849388874754,0.346,0.0588575271432763,0.006036517210304737,0.017697685511787464,0.0,4.028950952740874,0.0,0.0,0.0,0.343837087121562,0.1492148431782233,0.0,0.0,0.0,0.7240108847618103,-0.004085321445018053,0.006036517210304737,-0.004335962701588869,0.0006161483256223521,32771.0
0.497000,62800009,balanced_3000_0_3000_12000,8,zero,0,0,0,0,24.173351502933105,21.593933558779923,0.368,0.0188575271432763,0.006036517210304737,0.039697685511787484,0.01626270317401879,20.27166438192247,2.011632440753139,0.0,0.0,0.0,1.8900546802574951,0.0,0.0,0.0,0.7240108847618103,-0.004085321445018053,0.006036517210304737,-0.004335962701588869,0.0006161483256223521,32771.0
0.497000,62800010,balanced_3000_0_3000_12000,1,balanced_3000_0_3000_12000,3000,0,3000,12000,2.5794179441531835,0.0,0.3407,0.09395447128835135,0.05112611005455256,0.012397685511787493,0.0,1.9771529392230665,0.0,0.0,0.0,0.5570160811369305,0.024869140529703883,0.020379783263483157,0.0,0.0,0.7124924659729004,-0.00377997406758368,-0.015126110054552555,-0.010674316436052322,0.0015065113209996354,32762.0
0.497000,62800010,balanced_3000_0_3000_12000,2,balanced_2500_0_2500_12000,2500,0,2500,12000,2.5837605969989155,0.004342652845731987,0.34085000000000004,0.08995447128835135,0.045126110054552554,0.012547685511787532,0.0,2.025285643254937,0.0,0.0,0.0,0.5381050413452445,0.006217285132425971,0.01415262726630775,0.0,0.0,0.7124924659729004,-0.00377997406758368,-0.015126110054552555,-0.010674316436052322,0.0015065113209996354,32762.0
0.497000,62800010,balanced_3000_0_3000_12000,3,balanced_2000_0_2000_12000,2000,0,2000,12000,2.6056872585057502,0.02626931435256674,0.341,0.08595447128835136,0.039126110054552556,0.012697685511787515,0.0,2.073997204630539,0.0,0.0,0.0,0.5226323724247742,0.0,0.009057681450436958,0.0,0.0,0.7124924659729004,-0.00377997406758368,-0.015126110054552555,-0.010674316436052322,0.0015065113209996354,32762.0
0.497000,62800010,balanced_3000_0_3000_12000,4,balanced_1000_0_1000_12000,1000,0,1000,12000,2.7022926075027858,0.12287466334960229,0.3413,0.07795447128835135,0.027126110054552555,0.012997685511787482,0.0,2.173156899412992,0.0,0.0,0.0,0.5020021471974805,0.024869140529703883,0.0022644203626092396,0.0,0.0,0.7124924659729004,-0.00377997406758368,-0.015126110054552555,-0.010674316436052322,0.0015065113209996354,32762.0
0.497000,62800010,balanced_3000_0_3000_12000,5,opp_m4_12000,0,0,0,12000,2.869233991144328,0.2898160469911444,0.3416,0.06995447128835136,0.015126110054552555,0.013297685511787505,0.0,2.274632023570463,0.0,0.0,0.0,0.4951254054550493,0.09947656211881553,0.0,0.0,0.0,0.7124924659729004,-0.00377997406758368,-0.015126110054552555,-0.010674316436052322,0.0015065113209996354,32762.0
0.497000,62800010,balanced_3000_0_3000_12000,6,opp_m4_11000,0,0,0,11000,3.617486172762015,1.0380682286088314,0.3438,0.06595447128835136,0.015126110054552555,0.015497685511787485,0.0,3.0895321649612573,0.0,0.0,0.0,0.41604287541709,0.11191113238366747,0.0,0.0,0.0,0.7124924659729004,-0.00377997406758368,-0.015126110054552555,-0.010674316436052322,0.0015065113209996354,32762.0
0.497000,62800010,balanced_3000_0_3000_12000,7,opp_m4_10000,0,0,0,10000,4.522002883040659,1.9425849388874754,0.346,0.061954471288351354,0.015126110054552555,0.017697685511787464,0.0,4.028950952740874,0.0,0.0,0.0,0.343837087121562,0.1492148431782233,0.0,0.0,0.0,0.7124924659729004,-0.00377997406758368,-0.015126110054552555,-0.010674316436052322,0.0015065113209996354,32762.0
0.497000,62800010,balanced_3000_0_3000_12000,8,zero,0,0,0,0,24.173351502933105,21.593933558779923,0.368,0.021954471288351356,0.015126110054552555,0.039697685511787484,0.01626270317401879,20.27166438192247,2.011632440753139,0.0,0.0,0.0,1.8900546802574951,0.0,0.0,0.0,0.7124924659729004,-0.00377997406758368,-0.015126110054552555,-0.010674316436052322,0.0015065113209996354,32762.0
0.497000,62800011,balanced_3000_0_3000_12000,1,balanced_3000_0_3000_12000,3000,0,3000,12000,2.5794179441531835,0.0,0.3407,0.08536623126402501,0.041616130307316784,0.012397685511787493,0.0,1.9771529392230665,0.0,0.0,0.0,0.5570160811369305,0.024869140529703883,0.020379783263483157,0.0,0.0,0.7263283729553223,-0.003858787240460515,-0.00561613030731678,0.002450541825965047,0.0010652650376370648,32761.0
0.497000,62800011,balanced_3000_0_3000_12000,2,balanced_2500_0_2500_12000,2500,0,2500,12000,2.5837605969989155,0.004342652845731987,0.34085000000000004,0.08136623126402501,0.03561613030731678,0.012547685511787532,0.0,2.025285643254937,0.0,0.0,0.0,0.5381050413452445,0.006217285132425971,0.01415262726630775,0.0,0.0,0.7263283729553223,-0.003858787240460515,-0.00561613030731678,0.002450541825965047,0.0010652650376370648,32761.0
0.497000,62800011,balanced_3000_0_3000_12000,3,balanced_2000_0_2000_12000,2000,0,2000,12000,2.6056872585057502,0.02626931435256674,0.341,0.077366231264025,0.02961613030731678,0.012697685511787515,0.0,2.073997204630539,0.0,0.0,0.0,0.5226323724247742,0.0,0.009057681450436958,0.0,0.0,0.7263283729553223,-0.003858787240460515,-0.00561613030731678,0.002450541825965047,0.0010652650376370648,32761.0
0.497000,62800011,balanced_3000_0_3000_12000,4,balanced_1000_0_1000_12000,1000,0,1000,12000,2.7022926075027858,0.12287466334960229,0.3413,0.069366231264025,0.01761613030731678,0.012997685511787482,0.0,2.173156899412992,0.0,0.0,0.0,0.5020021471974805,0.024869140529703883,0.0022644203626092396,0.0,0.0,0.7263283729553223,-0.003858787240460515,-0.00561613030731678,0.002450541825965047,0.0010652650376370648,32761.0
0.497000,62800011,balanced_3000_0_3000_12000,5,opp_m4_12000,0,0,0,12000,2.869233991144328,0.2898160469911444,0.3416,0.06136623126402501,0.00561613030731678,0.013297685511787505,0.0,2.274632023570463,0.0,0.0,0.0,0.4951254054550493,0.09947656211881553,0.0,0.0,0.0,0.7263283729553223,-0.003858787240460515,-0.00561613030731678,0.002450541825965047,0.0010652650376370648,32761.0
0.497000,62800011,balanced_3000_0_3000_12000,6,opp_m4_11000,0,0,0,11000,3.617486172762015,1.0380682286088314,0.3438,0.05736623126402501,0.00561613030731678,0.015497685511787485,0.0,3.0895321649612573,0.0,0.0,0.0,0.41604287541709,0.11191113238366747,0.0,0.0,0.0,0.7263283729553223,-0.003858787240460515,-0.00561613030731678,0.002450541825965047,0.0010652650376370648,32761.0
0.497000,62800011,balanced_3000_0_3000_12000,7,opp_m4_10000,0,0,0,10000,4.522002883040659,1.9425849388874754,0.346,0.05336623126402501,0.00561613030731678,0.017697685511787464,0.0,4.028950952740874,0.0,0.0,0.0,0.343837087121562,0.1492148431782233,0.0,0.0,0.0,0.7263283729553223,-0.003858787240460515,-0.00561613030731678,0.002450541825965047,0.0010652650376370648,32761.0
0.497000,62800011,balanced_3000_0_3000_12000,8,zero,0,0,0,0,24.173351502933105,21.593933558779923,0.368,0.01336623126402501,0.00561613030731678,0.039697685511787484,0.01626270317401879,20.27166438192247,2.011632440753139,0.0,0.0,0.0,1.8900546802574951,0.0,0.0,0.0,0.7263283729553223,-0.003858787240460515,-0.00561613030731678,0.002450541825965047,0.0010652650376370648,32761.0
0.497000,62800012,balanced_3000_0_3000_12000,1,balanced_3000_0_3000_12000,3000,0,3000,12000,2.5794179441531835,0.0,0.3407,0.09192637636198737,0.04329539711028338,0.012397685511787493,0.0,1.9771529392230665,0.0,0.0,0.0,0.5570160811369305,0.024869140529703883,0.020379783263483157,0.0,0.0,0.7146854400634766,-0.004261480178683996,-0.0020403657108545303,-0.007295397110283375,0.0010653939530456465,32768.0
0.497000,62800012,balanced_3000_0_3000_12000,2,balanced_2500_0_2500_12000,2500,0,2500,12000,2.5837605969989155,0.004342652845731987,0.34085000000000004,0.08792637636198737,0.037295397110283374,0.012547685511787532,0.0,2.025285643254937,0.0,0.0,0.0,0.5381050413452445,0.006217285132425971,0.01415262726630775,0.0,0.0,0.7146854400634766,-0.004261480178683996,-0.0020403657108545303,-0.007295397110283375,0.0010653939530456465,32768.0
0.497000,62800012,balanced_3000_0_3000_12000,3,balanced_2000_0_2000_12000,2000,0,2000,12000,2.6056872585057502,0.02626931435256674,0.341,0.08392637636198738,0.031295397110283375,0.012697685511787515,0.0,2.073997204630539,0.0,0.0,0.0,0.5226323724247742,0.0,0.009057681450436958,0.0,0.0,0.7146854400634766,-0.004261480178683996,-0.0020403657108545303,-0.007295397110283375,0.0010653939530456465,32768.0
0.497000,62800012,balanced_3000_0_3000_12000,4,balanced_1000_0_1000_12000,1000,0,1000,12000,2.7022926075027858,0.12287466334960229,0.3413,0.07592637636198737,0.019295397110283375,0.012997685511787482,0.0,2.173156899412992,0.0,0.0,0.0,0.5020021471974805,0.024869140529703883,0.0022644203626092396,0.0,0.0,0.7146854400634766,-0.004261480178683996,-0.0020403657108545303,-0.007295397110283375,0.0010653939530456465,32768.0
0.497000,62800012,balanced_3000_0_3000_12000,5,opp_m4_12000,0,0,0,12000,2.869233991144328,0.2898160469911444,0.3416,0.06792637636198738,0.007295397110283375,0.013297685511787505,0.0,2.274632023570463,0.0,0.0,0.0,0.4951254054550493,0.09947656211881553,0.0,0.0,0.0,0.7146854400634766,-0.004261480178683996,-0.0020403657108545303,-0.007295397110283375,0.0010653939530456465,32768.0
0.497000,62800012,balanced_3000_0_3000_12000,6,opp_m4_11000,0,0,0,11000,3.617486172762015,1.0380682286088314,0.3438,0.06392637636198738,0.007295397110283375,0.015497685511787485,0.0,3.0895321649612573,0.0,0.0,0.0,0.41604287541709,0.11191113238366747,0.0,0.0,0.0,0.7146854400634766,-0.004261480178683996,-0.0020403657108545303,-0.007295397110283375,0.0010653939530456465,32768.0
0.497000,62800012,balanced_3000_0_3000_12000,7,opp_m4_10000,0,0,0,10000,4.522002883040659,1.9425849388874754,0.346,0.05992637636198739,0.007295397110283375,0.017697685511787464,0.0,4.028950952740874,0.0,0.0,0.0,0.343837087121562,0.1492148431782233,0.0,0.0,0.0,0.7146854400634766,-0.004261480178683996,-0.0020403657108545303,-0.007295397110283375,0.0010653939530456465,32768.0
0.497000,62800012,balanced_3000_0_3000_12000,8,zero,0,0,0,0,24.173351502933105,21.593933558779923,0.368,0.019926376361987384,0.007295397110283375,0.039697685511787484,0.01626270317401879,20.27166438192247,2.011632440753139,0.0,0.0,0.0,1.8900546802574951,0.0,0.0,0.0,0.7146854400634766,-0.004261480178683996,-0.0020403657108545303,-0.007295397110283375,0.0010653939530456465,32768.0
0.498000,62800001,balanced_2000_0_2000_12000,1,balanced_2000_0_2000_12000,2000,0,2000,12000,1.1087335316062121,0.0,0.335,0.10532306703750209,0.035156467720866204,0.00669768551178751,0.0,0.577043477731001,0.0,0.0,0.0,0.5226323724247742,0.0,0.009057681450436958,0.0,0.0,0.695160448551178,-0.0037936647422611713,-0.011156467720866203,0.004953234922140837,0.0015055787292716086,32765.0
0.498000,62800001,balanced_2000_0_2000_12000,2,balanced_2500_0_2500_12000,2500,0,2500,12000,1.1099611638493625,0.0012276322431503672,0.33485000000000004,0.10932306703750208,0.0411564677208662,0.0065476855117875266,0.0,0.5514862101053841,0.0,0.0,0.0,0.5381050413452445,0.006217285132425971,0.01415262726630775,0.0,0.0,0.695160448551178,-0.0037936647422611713,-0.011156467720866203,0.004953234922140837,0.0015055787292716086,32765.0
0.498000,62800001,balanced_2000_0_2000_12000,3,balanced_3000_0_3000_12000,3000,0,3000,12000,1.1287728047536254,0.020039273147413272,0.3347,0.11332306703750208,0.04715646772086621,0.006397685511787488,0.0,0.5265077998235078,0.0,0.0,0.0,0.5570160811369305,0.024869140529703883,0.020379783263483157,0.0,0.0,0.695160448551178,-0.0037936647422611713,-0.011156467720866203,0.004953234922140837,0.0015055787292716086,32765.0
0.498000,62800001,balanced_2000_0_2000_12000,4,balanced_1000_0_1000_12000,1000,0,1000,12000,1.1590302931032768,0.050296761497064635,0.3353,0.09732306703750208,0.023156467720866204,0.006997685511787477,0.0,0.6298945850134833,0.0,0.0,0.0,0.5020021471974805,0.024869140529703883,0.0022644203626092396,0.0,0.0,0.695160448551178,-0.0037936647422611713,-0.011156467720866203,0.004953234922140837,0.0015055787292716086,32765.0
0.498000,62800001,balanced_2000_0_2000_12000,5,opp_m4_12000,0,0,0,12000,1.2796630892448393,0.17092955763862716,0.3356,0.08932306703750209,0.011156467720866203,0.0072976855117874995,0.0,0.6850611216709743,0.0,0.0,0.0,0.4951254054550493,0.09947656211881553,0.0,0.0,0.0,0.695160448551178,-0.0037936647422611713,-0.011156467720866203,0.004953234922140837,0.0015055787292716086,32765.0
0.498000,62800001,balanced_2000_0_2000_12000,6,opp_m4_11000,0,0,0,11000,1.6883189625293722,0.5795854309231601,0.3378,0.08532306703750209,0.011156467720866203,0.00949768551178748,0.0,1.1603649547286148,0.0,0.0,0.0,0.41604287541709,0.11191113238366747,0.0,0.0,0.0,0.695160448551178,-0.0037936647422611713,-0.011156467720866203,0.004953234922140837,0.0015055787292716086,32765.0
0.498000,62800001,balanced_2000_0_2000_12000,7,opp_m4_10000,0,0,0,10000,2.2532393644748625,1.1445058328686504,0.33999999999999997,0.08132306703750208,0.011156467720866203,0.011697685511787459,0.0,1.760187434175077,0.0,0.0,0.0,0.343837087121562,0.1492148431782233,0.0,0.0,0.0,0.695160448551178,-0.0037936647422611713,-0.011156467720866203,0.004953234922140837,0.0015055787292716086,32765.0
0.498000,62800001,balanced_2000_0_2000_12000,8,zero,0,0,0,0,17.298092394626845,16.189358863020633,0.362,0.04132306703750209,0.011156467720866203,0.03369768551178748,0.010262703174018784,14.606937780025099,0.8010999343442526,0.0,0.0,0.0,1.8900546802574951,0.0,0.0,0.0,0.695160448551178,-0.0037936647422611713,-0.011156467720866203,0.004953234922140837,0.0015055787292716086,32765.0
0.498000,62800002,balanced_2000_0_2000_12000,1,balanced_2000_0_2000_12000,2000,0,2000,12000,1.1087335316062121,0.0,0.335,0.08524696280101543,0.03391583149880171,0.00669768551178751,0.0,0.577043477731001,0.0,0.0,0.0,0.5226323724247742,0.0,0.009057681450436958,0.0,0.0,0.7013391256332397,-0.0037538674660027027,-0.009915831498801708,0.002149514853954315,0.0011584012236048166,32767.0
0.498000,62800002,balanced_2000_0_2000_12000,2,balanced_2500_0_2500_12000,2500,0,2500,12000,1.1099611638493625,0.0012276322431503672,0.33485000000000004,0.08924696280101542,0.03991583149880171,0.0065476855117875266,0.0,0.5514862101053841,0.0,0.0,0.0,0.5381050413452445,0.006217285132425971,0.01415262726630775,0.0,0.0,0.7013391256332397,-0.0037538674660027027,-0.009915831498801708,0.002149514853954315,0.0011584012236048166,32767.0
0.498000,62800002,balanced_2000_0_2000_12000,3,balanced_3000_0_3000_12000,3000,0,3000,12000,1.1287728047536254,0.020039273147413272,0.3347,0.09324696280101542,0.04591583149880171,0.006397685511787488,0.0,0.5265077998235078,0.0,0.0,0.0,0.5570160811369305,0.024869140529703883,0.020379783263483157,0.0,0.0,0.7013391256332397,-0.0037538674660027027,-0.009915831498801708,0.002149514853954315,0.0011584012236048166,32767.0
0.498000,62800002,balanced_2000_0_2000_12000,4,balanced_1000_0_1000_12000,1000,0,1000,12000,1.1590302931032768,0.050296761497064635,0.3353,0.07724696280101542,0.02191583149880171,0.006997685511787477,0.0,0.6298945850134833,0.0,0.0,0.0,0.5020021471974805,0.024869140529703883,0.0022644203626092396,0.0,0.0,0.7013391256332397,-0.0037538674660027027,-0.009915831498801708,0.002149514853954315,0.0011584012236048166,32767.0
0.498000,62800002,balanced_2000_0_2000_12000,5,opp_m4_12000,0,0,0,12000,1.2796630892448393,0.17092955763862716,0.3356,0.06924696280101543,0.009915831498801708,0.0072976855117874995,0.0,0.6850611216709743,0.0,0.0,0.0,0.4951254054550493,0.09947656211881553,0.0,0.0,0.0,0.7013391256332397,-0.0037538674660027027,-0.009915831498801708,0.002149514853954315,0.0011584012236048166,32767.0
0.498000,62800002,balanced_2000_0_2000_12000,6,opp_m4_11000,0,0,0,11000,1.6883189625293722,0.5795854309231601,0.3378,0.06524696280101543,0.009915831498801708,0.00949768551178748,0.0,1.1603649547286148,0.0,0.0,0.0,0.41604287541709,0.11191113238366747,0.0,0.0,0.0,0.7013391256332397,-0.0037538674660027027,-0.009915831498801708,0.002149514853954315,0.0011584012236048166,32767.0
0.498000,62800002,balanced_2000_0_2000_12000,7,opp_m4_10000,0,0,0,10000,2.2532393644748625,1.1445058328686504,0.33999999999999997,0.06124696280101542,0.009915831498801708,0.011697685511787459,0.0,1.760187434175077,0.0,0.0,0.0,0.343837087121562,0.1492148431782233,0.0,0.0,0.0,0.7013391256332397,-0.0037538674660027027,-0.009915831498801708,0.002149514853954315,0.0011584012236048166,32767.0
0.498000,62800002,balanced_2000_0_2000_12000,8,zero,0,0,0,0,17.298092394626845,16.189358863020633,0.362,0.021246962801015425,0.009915831498801708,0.03369768551178748,0.010262703174018784,14.606937780025099,0.8010999343442526,0.0,0.0,0.0,1.8900546802574951,0.0,0.0,0.0,0.7013391256332397,-0.0037538674660027027,-0.009915831498801708,0.002149514853954315,0.0011584012236048166,32767.0
0.498000,62800003,balanced_2000_0_2000_12000,1,balanced_2000_0_2000_12000,2000,0,2000,12000,1.1087335316062121,0.0,0.335,0.09785775002705367,0.03639285059273243,0.00669768551178751,0.0,0.577043477731001,0.0,0.0,0.0,0.5226323724247742,0.0,0.009057681450436958,0.0,0.0,0.7267853617668152,-0.003968966193497181,-0.01239285059273243,0.005007700063288212,0.0015063935833931313,32758.0
0.498000,62800003,balanced_2000_0_2000_12000,2,balanced_2500_0_2500_12000,2500,0,2500,12000,1.1099611638493625,0.0012276322431503672,0.33485000000000004,0.10185775002705366,0.04239285059273243,0.0065476855117875266,0.0,0.5514862101053841,0.0,0.0,0.0,0.5381050413452445,0.006217285132425971,0.01415262726630775,0.0,0.0,0.7267853617668152,-0.003968966193497181,-0.01239285059273243,0.005007700063288212,0.0015063935833931313,32758.0
0.498000,62800003,balanced_2000_0_2000_12000,3,balanced_3000_0_3000_12000,3000,0,3000,12000,1.1287728047536254,0.020039273147413272,0.3347,0.10585775002705367,0.048392850592732434,0.006397685511787488,0.0,0.5265077998235078,0.0,0.0,0.0,0.5570160811369305,0.024869140529703883,0.020379783263483157,0.0,0.0,0.7267853617668152,-0.003968966193497181,-0.01239285059273243,0.005007700063288212,0.0015063935833931313,32758.0
0.498000,62800003,balanced_2000_0_2000_12000,4,balanced_1000_0_1000_12000,1000,0,1000,12000,1.1590302931032768,0.050296761497064635,0.3353,0.08985775002705366,0.02439285059273243,0.006997685511787477,0.0,0.6298945850134833,0.0,0.0,0.0,0.5020021471974805,0.024869140529703883,0.0022644203626092396,0.0,0.0,0.7267853617668152,-0.003968966193497181,-0.01239285059273243,0.005007700063288212,0.0015063935833931313,32758.0
0.498000,62800003,balanced_2000_0_2000_12000,5,opp_m4_12000,0,0,0,12000,1.2796630892448393,0.17092955763862716,0.3356,0.08185775002705367,0.01239285059273243,0.0072976855117874995,0.0,0.6850611216709743,0.0,0.0,0.0,0.4951254054550493,0.09947656211881553,0.0,0.0,0.0,0.7267853617668152,-0.003968966193497181,-0.01239285059273243,0.005007700063288212,0.0015063935833931313,32758.0
0.498000,62800003,balanced_2000_0_2000_12000,6,opp_m4_11000,0,0,0,11000,1.6883189625293722,0.5795854309231601,0.3378,0.07785775002705367,0.01239285059273243,0.00949768551178748,0.0,1.1603649547286148,0.0,0.0,0.0,0.41604287541709,0.11191113238366747,0.0,0.0,0.0,0.7267853617668152,-0.003968966193497181,-0.01239285059273243,0.005007700063288212,0.0015063935833931313,32758.0
0.498000,62800003,balanced_2000_0_2000_12000,7,opp_m4_10000,0,0,0,10000,2.2532393644748625,1.1445058328686504,0.33999999999999997,0.07385775002705366,0.01239285059273243,0.011697685511787459,0.0,1.760187434175077,0.0,0.0,0.0,0.343837087121562,0.1492148431782233,0.0,0.0,0.0,0.7267853617668152,-0.003968966193497181,-0.01239285059273243,0.005007700063288212,0.0015063935833931313,32758.0
0.498000,62800003,balanced_2000_0_2000_12000,8,zero,0,0,0,0,17.298092394626845,16.189358863020633,0.362,0.03385775002705367,0.01239285059273243,0.03369768551178748,0.010262703174018784,14.606937780025099,0.8010999343442526,0.0,0.0,0.0,1.8900546802574951,0.0,0.0,0.0,0.7267853617668152,-0.003968966193497181,-0.01239285059273243,0.005007700063288212,0.0015063935833931313,32758.0
0.498000,62800004,balanced_2000_0_2000_12000,1,balanced_2000_0_2000_12000,2000,0,2000,12000,1.1087335316062121,0.0,0.335,0.09482960039405586,0.04227050559222698,0.00669768551178751,0.0,0.577043477731001,0.0,0.0,0.0,0.5226323724247742,0.0,0.009057681450436958,0.0,0.0,0.7294833660125732,-0.0038926757406443357,-0.005766591988503933,0.018270505592226982,0.0010652646326569132,32759.0
0.498000,62800004,balanced_2000_0_2000_12000,2,balanced_2500_0_2500_12000,2500,0,2500,12000,1.1099611638493625,0.0012276322431503672,0.33485000000000004,0.09882960039405586,0.04827050559222698,0.0065476855117875266,0.0,0.5514862101053841,0.0,0.0,0.0,0.5381050413452445,0.006217285132425971,0.01415262726630775,0.0,0.0,0.7294833660125732,-0.0038926757406443357,-0.005766591988503933,0.018270505592226982,0.0010652646326569132,32759.0
0.498000,62800004,balanced_2000_0_2000_12000,3,balanced_3000_0_3000_12000,3000,0,3000,12000,1.1287728047536254,0.020039273147413272,0.3347,0.10282960039405586,0.054270505592226986,0.006397685511787488,0.0,0.5265077998235078,0.0,0.0,0.0,0.5570160811369305,0.024869140529703883,0.020379783263483157,0.0,0.0,0.7294833660125732,-0.0038926757406443357,-0.005766591988503933,0.018270505592226982,0.0010652646326569132,32759.0
0.498000,62800004,balanced_2000_0_2000_12000,4,balanced_1000_0_1000_12000,1000,0,1000,12000,1.1590302931032768,0.050296761497064635,0.3353,0.08682960039405585,0.030270505592226982,0.006997685511787477,0.0,0.6298945850134833,0.0,0.0,0.0,0.5020021471974805,0.024869140529703883,0.0022644203626092396,0.0,0.0,0.7294833660125732,-0.0038926757406443357,-0.005766591988503933,0.018270505592226982,0.0010652646326569132,32759.0
0.498000,62800004,balanced_2000_0_2000_12000,5,opp_m4_12000,0,0,0,12000,1.2796630892448393,0.17092955763862716,0.3356,0.07882960039405587,0.018270505592226982,0.0072976855117874995,0.0,0.6850611216709743,0.0,0.0,0.0,0.4951254054550493,0.09947656211881553,0.0,0.0,0.0,0.7294833660125732,-0.0038926757406443357,-0.005766591988503933,0.018270505592226982,0.0010652646326569132,32759.0
0.498000,62800004,balanced_2000_0_2000_12000,6,opp_m4_11000,0,0,0,11000,1.6883189625293722,0.5795854309231601,0.3378,0.07482960039405587,0.018270505592226982,0.00949768551178748,0.0,1.1603649547286148,0.0,0.0,0.0,0.41604287541709,0.11191113238366747,0.0,0.0,0.0,0.7294833660125732,-0.0038926757406443357,-0.005766591988503933,0.018270505592226982,0.0010652646326569132,32759.0
0.498000,62800004,balanced_2000_0_2000_12000,7,opp_m4_10000,0,0,0,10000,2.2532393644748625,1.1445058328686504,0.33999999999999997,0.07082960039405586,0.018270505592226982,0.011697685511787459,0.0,1.760187434175077,0.0,0.0,0.0,0.343837087121562,0.1492148431782233,0.0,0.0,0.0,0.7294833660125732,-0.0038926757406443357,-0.005766591988503933,0.018270505592226982,0.0010652646326569132,32759.0
0.498000,62800004,balanced_2000_0_2000_12000,8,zero,0,0,0,0,17.298092394626845,16.189358863020633,0.362,0.030829600394055863,0.018270505592226982,0.03369768551178748,0.010262703174018784,14.606937780025099,0.8010999343442526,0.0,0.0,0.0,1.8900546802574951,0.0,0.0,0.0,0.7294833660125732,-0.0038926757406443357,-0.005766591988503933,0.018270505592226982,0.0010652646326569132,32759.0
0.498000,62800005,balanced_2000_0_2000_12000,1,balanced_2000_0_2000_12000,2000,0,2000,12000,1.1087335316062121,0.0,0.335,0.0877460409378307,0.04117173680663109,0.00669768551178751,0.0,0.577043477731001,0.0,0.0,0.0,0.5226323724247742,0.0,0.009057681450436958,0.0,0.0,0.7176798582077026,-0.0034572004806250334,0.017171736806631088,-0.005201463121920824,0.0017448550097536697,32772.0
0.498000,62800005,balanced_2000_0_2000_12000,2,balanced_2500_0_2500_12000,2500,0,2500,12000,1.1099611638493625,0.0012276322431503672,0.33485000000000004,0.09174604093783069,0.04717173680663109,0.0065476855117875266,0.0,0.5514862101053841,0.0,0.0,0.0,0.5381050413452445,0.006217285132425971,0.01415262726630775,0.0,0.0,0.7176798582077026,-0.0034572004806250334,0.017171736806631088,-0.005201463121920824,0.0017448550097536697,32772.0
0.498000,62800005,balanced_2000_0_2000_12000,3,balanced_3000_0_3000_12000,3000,0,3000,12000,1.1287728047536254,0.020039273147413272,0.3347,0.09574604093783069,0.05317173680663109,0.006397685511787488,0.0,0.5265077998235078,0.0,0.0,0.0,0.5570160811369305,0.024869140529703883,0.020379783263483157,0.0,0.0,0.7176798582077026,-0.0034572004806250334,0.017171736806631088,-0.005201463121920824,0.0017448550097536697,32772.0
0.498000,62800005,balanced_2000_0_2000_12000,4,balanced_1000_0_1000_12000,1000,0,1000,12000,1.1590302931032768,0.050296761497064635,0.3353,0.07974604093783069,0.02917173680663109,0.006997685511787477,0.0,0.6298945850134833,0.0,0.0,0.0,0.5020021471974805,0.024869140529703883,0.0022644203626092396,0.0,0.0,0.7176798582077026,-0.0034572004806250334,0.017171736806631088,-0.005201463121920824,0.0017448550097536697,32772.0
0.498000,62800005,balanced_2000_0_2000_12000,5,opp_m4_12000,0,0,0,12000,1.2796630892448393,0.17092955763862716,0.3356,0.0717460409378307,0.017171736806631088,0.0072976855117874995,0.0,0.6850611216709743,0.0,0.0,0.0,0.4951254054550493,0.09947656211881553,0.0,0.0,0.0,0.7176798582077026,-0.0034572004806250334,0.017171736806631088,-0.005201463121920824,0.0017448550097536697,32772.0
0.498000,62800005,balanced_2000_0_2000_12000,6,opp_m4_11000,0,0,0,11000,1.6883189625293722,0.5795854309231601,0.3378,0.0677460409378307,0.017171736806631088,0.00949768551178748,0.0,1.1603649547286148,0.0,0.0,0.0,0.41604287541709,0.11191113238366747,0.0,0.0,0.0,0.7176798582077026,-0.0034572004806250334,0.017171736806631088,-0.005201463121920824,0.0017448550097536697,32772.0
0.498000,62800005,balanced_2000_0_2000_12000,7,opp_m4_10000,0,0,0,10000,2.2532393644748625,1.1445058328686504,0.33999999999999997,0.0637460409378307,0.017171736806631088,0.011697685511787459,0.0,1.760187434175077,0.0,0.0,0.0,0.343837087121562,0.1492148431782233,0.0,0.0,0.0,0.7176798582077026,-0.0034572004806250334,0.017171736806631088,-0.005201463121920824,0.0017448550097536697,32772.0
0.498000,62800005,balanced_2000_0_2000_12000,8,zero,0,0,0,0,17.298092394626845,16.189358863020633,0.362,0.0237460409378307,0.017171736806631088,0.03369768551178748,0.010262703174018784,14.606937780025099,0.8010999343442526,0.0,0.0,0.0,1.8900546802574951,0.0,0.0,0.0,0.7176798582077026,-0.0034572004806250334,0.017171736806631088,-0.005201463121920824,0.0017448550097536697,32772.0
0.498000,62800006,balanced_2000_0_2000_12000,1,balanced_2000_0_2000_12000,2000,0,2000,12000,1.1087335316062121,0.0,0.335,0.09676312500223752,0.03680313916504383,0.00669768551178751,0.0,0.577043477731001,0.0,0.0,0.0,0.5226323724247742,0.0,0.009057681450436958,0.0,0.0,0.7042692303657532,-0.0037803843151777983,0.008005784824490547,-0.012803139165043831,0.0010230803804837634,32769.0
0.498000,62800006,balanced_2000_0_2000_12000,2,balanced_2500_0_2500_12000,2500,0,2500,12000,1.1099611638493625,0.0012276322431503672,0.33485000000000004,0.1007631250022375,0.04280313916504383,0.0065476855117875266,0.0,0.5514862101053841,0.0,0.0,0.0,0.5381050413452445,0.006217285132425971,0.01415262726630775,0.0,0.0,0.7042692303657532,-0.0037803843151777983,0.008005784824490547,-0.012803139165043831,0.0010230803804837634,32769.0
0.498000,62800006,balanced_2000_0_2000_12000,3,balanced_3000_0_3000_12000,3000,0,3000,12000,1.1287728047536254,0.020039273147413272,0.3347,0.1047631250022375,0.048803139165043835,0.006397685511787488,0.0,0.5265077998235078,0.0,0.0,0.0,0.5570160811369305,0.024869140529703883,0.020379783263483157,0.0,0.0,0.7042692303657532,-0.0037803843151777983,0.008005784824490547,-0.012803139165043831,0.0010230803804837634,32769.0
0.498000,62800006,balanced_2000_0_2000_12000,4,balanced_1000_0_1000_12000,1000,0,1000,12000,1.1590302931032768,0.050296761497064635,0.3353,0.08876312500223751,0.02480313916504383,0.006997685511787477,0.0,0.6298945850134833,0.0,0.0,0.0,0.5020021471974805,0.024869140529703883,0.0022644203626092396,0.0,0.0,0.7042692303657532,-0.0037803843151777983,0.008005784824490547,-0.012803139165043831,0.0010230803804837634,32769.0
0.498000,62800006,balanced_2000_0_2000_12000,5,opp_m4_12000,0,0,0,12000,1.2796630892448393,0.17092955763862716,0.3356,0.0807631250022375,0.012803139165043831,0.0072976855117874995,0.0,0.6850611216709743,0.0,0.0,0.0,0.4951254054550493,0.09947656211881553,0.0,0.0,0.0,0.7042692303657532,-0.0037803843151777983,0.008005784824490547,-0.012803139165043831,0.0010230803804837634,32769.0
0.498000,62800006,balanced_2000_0_2000_12000,6,opp_m4_11000,0,0,0,11000,1.6883189625293722,0.5795854309231601,0.3378,0.0767631250022375,0.012803139165043831,0.00949768551178748,0.0,1.1603649547286148,0.0,0.0,0.0,0.41604287541709,0.11191113238366747,0.0,0.0,0.0,0.7042692303657532,-0.0037803843151777983,0.008005784824490547,-0.012803139165043831,0.0010230803804837634,32769.0
0.498000,62800006,balanced_2000_0_2000_12000,7,opp_m4_10000,0,0,0,10000,2.2532393644748625,1.1445058328686504,0.33999999999999997,0.07276312500223751,0.012803139165043831,0.011697685511787459,0.0,1.760187434175077,0.0,0.0,0.0,0.343837087121562,0.1492148431782233,0.0,0.0,0.0,0.7042692303657532,-0.0037803843151777983,0.008005784824490547,-0.012803139165043831,0.0010230803804837634,32769.0
0.498000,62800006,balanced_2000_0_2000_12000,8,zero,0,0,0,0,17.298092394626845,16.189358863020633,0.362,0.03276312500223751,0.012803139165043831,0.03369768551178748,0.010262703174018784,14.606937780025099,0.8010999343442526,0.0,0.0,0.0,1.8900546802574951,0.0,0.0,0.0,0.7042692303657532,-0.0037803843151777983,0.008005784824490547,-0.012803139165043831,0.0010230803804837634,32769.0
0.498000,62800007,balanced_2000_0_2000_12000,1,balanced_2000_0_2000_12000,2000,0,2000,12000,1.1087335316062121,0.0,0.335,0.08432540156347165,0.03620296137034893,0.00669768551178751,0.0,0.577043477731001,0.0,0.0,0.0,0.5226323724247742,0.0,0.009057681450436958,0.0,0.0,0.7040214538574219,-0.004146548453718424,-0.01220296137034893,-0.0041464269161224365,0.0023926787514685546,32785.0
0.498000,62800007,balanced_2000_0_2000_12000,2,balanced_2500_0_2500_12000,2500,0,2500,12000,1.1099611638493625,0.0012276322431503672,0.33485000000000004,0.08832540156347166,0.04220296137034893,0.0065476855117875266,0.0,0.5514862101053841,0.0,0.0,0.0,0.5381050413452445,0.006217285132425971,0.01415262726630775,0.0,0.0,0.7040214538574219,-0.004146548453718424,-0.01220296137034893,-0.0041464269161224365,0.0023926787514685546,32785.0
0.498000,62800007,balanced_2000_0_2000_12000,3,balanced_3000_0_3000_12000,3000,0,3000,12000,1.1287728047536254,0.020039273147413272,0.3347,0.09232540156347166,0.048202961370348935,0.006397685511787488,0.0,0.5265077998235078,0.0,0.0,0.0,0.5570160811369305,0.024869140529703883,0.020379783263483157,0.0,0.0,0.7040214538574219,-0.004146548453718424,-0.01220296137034893,-0.0041464269161224365,0.0023926787514685546,32785.0
0.498000,62800007,balanced_2000_0_2000_12000,4,balanced_1000_0_1000_12000,1000,0,1000,12000,1.1590302931032768,0.050296761497064635,0.3353,0.07632540156347165,0.02420296137034893,0.006997685511787477,0.0,0.6298945850134833,0.0,0.0,0.0,0.5020021471974805,0.024869140529703883,0.0022644203626092396,0.0,0.0,0.7040214538574219,-0.004146548453718424,-0.01220296137034893,-0.0041464269161224365,0.0023926787514685546,32785.0
0.498000,62800007,balanced_2000_0_2000_12000,5,opp_m4_12000,0,0,0,12000,1.2796630892448393,0.17092955763862716,0.3356,0.06832540156347167,0.01220296137034893,0.0072976855117874995,0.0,0.6850611216709743,0.0,0.0,0.0,0.4951254054550493,0.09947656211881553,0.0,0.0,0.0,0.7040214538574219,-0.004146548453718424,-0.01220296137034893,-0.0041464269161224365,0.0023926787514685546,32785.0
0.498000,62800007,balanced_2000_0_2000_12000,6,opp_m4_11000,0,0,0,11000,1.6883189625293722,0.5795854309231601,0.3378,0.06432540156347166,0.01220296137034893,0.00949768551178748,0.0,1.1603649547286148,0.0,0.0,0.0,0.41604287541709,0.11191113238366747,0.0,0.0,0.0,0.7040214538574219,-0.004146548453718424,-0.01220296137034893,-0.0041464269161224365,0.0023926787514685546,32785.0
0.498000,62800007,balanced_2000_0_2000_12000,7,opp_m4_10000,0,0,0,10000,2.2532393644748625,1.1445058328686504,0.33999999999999997,0.06032540156347166,0.01220296137034893,0.011697685511787459,0.0,1.760187434175077,0.0,0.0,0.0,0.343837087121562,0.1492148431782233,0.0,0.0,0.0,0.7040214538574219,-0.004146548453718424,-0.01220296137034893,-0.0041464269161224365,0.0023926787514685546,32785.0
0.498000,62800007,balanced_2000_0_2000_12000,8,zero,0,0,0,0,17.298092394626845,16.189358863020633,0.362,0.020325401563471658,0.01220296137034893,0.03369768551178748,0.010262703174018784,14.606937780025099,0.8010999343442526,0.0,0.0,0.0,1.8900546802574951,0.0,0.0,0.0,0.7040214538574219,-0.004146548453718424,-0.01220296137034893,-0.0041464269161224365,0.0023926787514685546,32785.0
0.498000,62800008,balanced_2000_0_2000_12000,1,balanced_2000_0_2000_12000,2000,0,2000,12000,1.1087335316062121,0.0,0.335,0.0823141902331847,0.03397698772698641,0.00669768551178751,0.0,0.577043477731001,0.0,0.0,0.0,0.5226323724247742,0.0,0.009057681450436958,0.0,0.0,0.6997995376586914,-0.0038475750479847193,0.007448703050613403,0.009976987726986408,0.001066293579155256,32773.0
0.498000,62800008,balanced_2000_0_2000_12000,2,balanced_2500_0_2500_12000,2500,0,2500,12000,1.1099611638493625,0.0012276322431503672,0.33485000000000004,0.08631419023318469,0.03997698772698641,0.0065476855117875266,0.0,0.5514862101053841,0.0,0.0,0.0,0.5381050413452445,0.006217285132425971,0.01415262726630775,0.0,0.0,0.6997995376586914,-0.0038475750479847193,0.007448703050613403,0.009976987726986408,0.001066293579155256,32773.0
0.498000,62800008,balanced_2000_0_2000_12000,3,balanced_3000_0_3000_12000,3000,0,3000,12000,1.1287728047536254,0.020039273147413272,0.3347,0.0903141902331847,0.04597698772698641,0.006397685511787488,0.0,0.5265077998235078,0.0,0.0,0.0,0.5570160811369305,0.024869140529703883,0.020379783263483157,0.0,0.0,0.6997995376586914,-0.0038475750479847193,0.007448703050613403,0.009976987726986408,0.001066293579155256,32773.0
0.498000,62800008,balanced_2000_0_2000_12000,4,balanced_1000_0_1000_12000,1000,0,1000,12000,1.1590302931032768,0.050296761497064635,0.3353,0.0743141902331847,0.02197698772698641,0.006997685511787477,0.0,0.6298945850134833,0.0,0.0,0.0,0.5020021471974805,0.024869140529703883,0.0022644203626092396,0.0,0.0,0.6997995376586914,-0.0038475750479847193,0.007448703050613403,0.009976987726986408,0.001066293579155256,32773.0
0.498000,62800008,balanced_2000_0_2000_12000,5,opp_m4_12000,0,0,0,12000,1.2796630892448393,0.17092955763862716,0.3356,0.0663141902331847,0.009976987726986408,0.0072976855117874995,0.0,0.6850611216709743,0.0,0.0,0.0,0.4951254054550493,0.09947656211881553,0.0,0.0,0.0,0.6997995376586914,-0.0038475750479847193,0.007448703050613403,0.009976987726986408,0.001066293579155256,32773.0
0.498000,62800008,balanced_2000_0_2000_12000,6,opp_m4_11000,0,0,0,11000,1.6883189625293722,0.5795854309231601,0.3378,0.0623141902331847,0.009976987726986408,0.00949768551178748,0.0,1.1603649547286148,0.0,0.0,0.0,0.41604287541709,0.11191113238366747,0.0,0.0,0.0,0.6997995376586914,-0.0038475750479847193,0.007448703050613403,0.009976987726986408,0.001066293579155256,32773.0
0.498000,62800008,balanced_2000_0_2000_12000,7,opp_m4_10000,0,0,0,10000,2.2532393644748625,1.1445058328686504,0.33999999999999997,0.0583141902331847,0.009976987726986408,0.011697685511787459,0.0,1.760187434175077,0.0,0.0,0.0,0.343837087121562,0.1492148431782233,0.0,0.0,0.0,0.6997995376586914,-0.0038475750479847193,0.007448703050613403,0.009976987726986408,0.001066293579155256,32773.0
0.498000,62800008,balanced_2000_0_2000_12000,8,zero,0,0,0,0,17.298092394626845,16.189358863020633,0.362,0.018314190233184702,0.009976987726986408,0.03369768551178748,0.010262703174018784,14.606937780025099,0.8010999343442526,0.0,0.0,0.0,1.8900546802574951,0.0,0.0,0.0,0.6997995376586914,-0.0038475750479847193,0.007448703050613403,0.009976987726986408,0.001066293579155256,32773.0
0.498000,62800009,balanced_2000_0_2000_12000,1,balanced_2000_0_2000_12000,2000,0,2000,12000,1.1087335316062121,0.0,0.335,0.08232279583103552,0.0252223431840539,0.00669768551178751,0.0,0.577043477731001,0.0,0.0,0.0,0.5226323724247742,0.0,0.009057681450436958,0.0,0.0,0.723961591720581,-0.004190725274384022,0.0012223431840538979,4.371653631096706e-05,0.0010655389910281803,32763.0
0.498000,62800009,balanced_2000_0_2000_12000,2,balanced_2500_0_2500_12000,2500,0,2500,12000,1.1099611638493625,0.0012276322431503672,0.33485000000000004,0.08632279583103553,0.031222343184053897,0.0065476855117875266,0.0,0.5514862101053841,0.0,0.0,0.0,0.5381050413452445,0.006217285132425971,0.01415262726630775,0.0,0.0,0.723961591720581,-0.004190725274384022,0.0012223431840538979,4.371653631096706e-05,0.0010655389910281803,32763.0
0.498000,62800009,balanced_2000_0_2000_12000,3,balanced_3000_0_3000_12000,3000,0,3000,12000,1.1287728047536254,0.020039273147413272,0.3347,0.09032279583103553,0.0372223431840539,0.006397685511787488,0.0,0.5265077998235078,0.0,0.0,0.0,0.5570160811369305,0.024869140529703883,0.020379783263483157,0.0,0.0,0.723961591720581,-0.004190725274384022,0.0012223431840538979,4.371653631096706e-05,0.0010655389910281803,32763.0
0.498000,62800009,balanced_2000_0_2000_12000,4,balanced_1000_0_1000_12000,1000,0,1000,12000,1.1590302931032768,0.050296761497064635,0.3353,0.07432279583103552,0.013222343184053898,0.006997685511787477,0.0,0.6298945850134833,0.0,0.0,0.0,0.5020021471974805,0.024869140529703883,0.0022644203626092396,0.0,0.0,0.723961591720581,-0.004190725274384022,0.0012223431840538979,4.371653631096706e-05,0.0010655389910281803,32763.0
0.498000,62800009,balanced_2000_0_2000_12000,5,opp_m4_12000,0,0,0,12000,1.2796630892448393,0.17092955763862716,0.3356,0.06632279583103554,0.0012223431840538979,0.0072976855117874995,0.0,0.6850611216709743,0.0,0.0,0.0,0.4951254054550493,0.09947656211881553,0.0,0.0,0.0,0.723961591720581,-0.004190725274384022,0.0012223431840538979,4.371653631096706e-05,0.0010655389910281803,32763.0
0.498000,62800009,balanced_2000_0_2000_12000,6,opp_m4_11000,0,0,0,11000,1.6883189625293722,0.5795854309231601,0.3378,0.062322795831035525,0.0012223431840538979,0.00949768551178748,0.0,1.1603649547286148,0.0,0.0,0.0,0.41604287541709,0.11191113238366747,0.0,0.0,0.0,0.723961591720581,-0.004190725274384022,0.0012223431840538979,4.371653631096706e-05,0.0010655389910281803,32763.0
0.498000,62800009,balanced_2000_0_2000_12000,7,opp_m4_10000,0,0,0,10000,2.2532393644748625,1.1445058328686504,0.33999999999999997,0.05832279583103553,0.0012223431840538979,0.011697685511787459,0.0,1.760187434175077,0.0,0.0,0.0,0.343837087121562,0.1492148431782233,0.0,0.0,0.0,0.723961591720581,-0.004190725274384022,0.0012223431840538979,4.371653631096706e-05,0.0010655389910281803,32763.0
0.498000,62800009,balanced_2000_0_2000_12000,8,zero,0,0,0,0,17.298092394626845,16.189358863020633,0.362,0.018322795831035528,0.0012223431840538979,0.03369768551178748,0.010262703174018784,14.606937780025099,0.8010999343442526,0.0,0.0,0.0,1.8900546802574951,0.0,0.0,0.0,0.723961591720581,-0.004190725274384022,0.0012223431840538979,4.371653631096706e-05,0.0010655389910281803,32763.0
0.498000,62800010,balanced_2000_0_2000_12000,1,balanced_2000_0_2000_12000,2000,0,2000,12000,1.1087335316062121,0.0,0.335,0.08668824480878984,0.03806545005738735,0.00669768551178751,0.0,0.577043477731001,0.0,0.0,0.0,0.5226323724247742,0.0,0.009057681450436958,0.0,0.0,0.7124919891357422,-0.003692894708365202,-0.00788804143667221,-0.014065450057387352,7.328990386629385e-05,32778.0
0.498000,62800010,balanced_2000_0_2000_12000,2,balanced_2500_0_2500_12000,2500,0,2500,12000,1.1099611638493625,0.0012276322431503672,0.33485000000000004,0.09068824480878983,0.04406545005738735,0.0065476855117875266,0.0,0.5514862101053841,0.0,0.0,0.0,0.5381050413452445,0.006217285132425971,0.01415262726630775,0.0,0.0,0.7124919891357422,-0.003692894708365202,-0.00788804143667221,-0.014065450057387352,7.328990386629385e-05,32778.0
0.498000,62800010,balanced_2000_0_2000_12000,3,balanced_3000_0_3000_12000,3000,0,3000,12000,1.1287728047536254,0.020039273147413272,0.3347,0.09468824480878983,0.050065450057387356,0.006397685511787488,0.0,0.5265077998235078,0.0,0.0,0.0,0.5570160811369305,0.024869140529703883,0.020379783263483157,0.0,0.0,0.7124919891357422,-0.003692894708365202,-0.00788804143667221,-0.014065450057387352,7.328990386629385e-05,32778.0
0.498000,62800010,balanced_2000_0_2000_12000,4,balanced_1000_0_1000_12000,1000,0,1000,12000,1.1590302931032768,0.050296761497064635,0.3353,0.07868824480878983,0.026065450057387352,0.006997685511787477,0.0,0.6298945850134833,0.0,0.0,0.0,0.5020021471974805,0.024869140529703883,0.0022644203626092396,0.0,0.0,0.7124919891357422,-0.003692894708365202,-0.00788804143667221,-0.014065450057387352,7.328990386629385e-05,32778.0
0.498000,62800010,balanced_2000_0_2000_12000,5,opp_m4_12000,0,0,0,12000,1.2796630892448393,0.17092955763862716,0.3356,0.07068824480878984,0.014065450057387352,0.0072976855117874995,0.0,0.6850611216709743,0.0,0.0,0.0,0.4951254054550493,0.09947656211881553,0.0,0.0,0.0,0.7124919891357422,-0.003692894708365202,-0.00788804143667221,-0.014065450057387352,7.328990386629385e-05,32778.0
0.498000,62800010,balanced_2000_0_2000_12000,6,opp_m4_11000,0,0,0,11000,1.6883189625293722,0.5795854309231601,0.3378,0.06668824480878983,0.014065450057387352,0.00949768551178748,0.0,1.1603649547286148,0.0,0.0,0.0,0.41604287541709,0.11191113238366747,0.0,0.0,0.0,0.7124919891357422,-0.003692894708365202,-0.00788804143667221,-0.014065450057387352,7.328990386629385e-05,32778.0
0.498000,62800010,balanced_2000_0_2000_12000,7,opp_m4_10000,0,0,0,10000,2.2532393644748625,1.1445058328686504,0.33999999999999997,0.06268824480878984,0.014065450057387352,0.011697685511787459,0.0,1.760187434175077,0.0,0.0,0.0,0.343837087121562,0.1492148431782233,0.0,0.0,0.0,0.7124919891357422,-0.003692894708365202,-0.00788804143667221,-0.014065450057387352,7.328990386629385e-05,32778.0
0.498000,62800010,balanced_2000_0_2000_12000,8,zero,0,0,0,0,17.298092394626845,16.189358863020633,0.362,0.022688244808789837,0.014065450057387352,0.03369768551178748,0.010262703174018784,14.606937780025099,0.8010999343442526,0.0,0.0,0.0,1.8900546802574951,0.0,0.0,0.0,0.7124919891357422,-0.003692894708365202,-0.00788804143667221,-0.014065450057387352,7.328990386629385e-05,32778.0
0.498000,62800011,balanced_2000_0_2000_12000,1,balanced_2000_0_2000_12000,2000,0,2000,12000,1.1087335316062121,0.0,0.335,0.07679824592032472,0.031516011130064726,0.00669768551178751,0.0,0.577043477731001,0.0,0.0,0.0,0.5226323724247742,0.0,0.009057681450436958,0.0,0.0,0.7263889312744141,-0.0039516352117061615,-0.002395099261775613,0.007516011130064726,0.0021872185172556085,32770.0
0.498000,62800011,balanced_2000_0_2000_12000,2,balanced_2500_0_2500_12000,2500,0,2500,12000,1.1099611638493625,0.0012276322431503672,0.33485000000000004,0.08079824592032471,0.037516011130064725,0.0065476855117875266,0.0,0.5514862101053841,0.0,0.0,0.0,0.5381050413452445,0.006217285132425971,0.01415262726630775,0.0,0.0,0.7263889312744141,-0.0039516352117061615,-0.002395099261775613,0.007516011130064726,0.0021872185172556085,32770.0
0.498000,62800011,balanced_2000_0_2000_12000,3,balanced_3000_0_3000_12000,3000,0,3000,12000,1.1287728047536254,0.020039273147413272,0.3347,0.08479824592032471,0.04351601113006473,0.006397685511787488,0.0,0.5265077998235078,0.0,0.0,0.0,0.5570160811369305,0.024869140529703883,0.020379783263483157,0.0,0.0,0.7263889312744141,-0.0039516352117061615,-0.002395099261775613,0.007516011130064726,0.0021872185172556085,32770.0
0.498000,62800011,balanced_2000_0_2000_12000,4,balanced_1000_0_1000_12000,1000,0,1000,12000,1.1590302931032768,0.050296761497064635,0.3353,0.06879824592032471,0.019516011130064726,0.006997685511787477,0.0,0.6298945850134833,0.0,0.0,0.0,0.5020021471974805,0.024869140529703883,0.0022644203626092396,0.0,0.0,0.7263889312744141,-0.0039516352117061615,-0.002395099261775613,0.007516011130064726,0.0021872185172556085,32770.0
0.498000,62800011,balanced_2000_0_2000_12000,5,opp_m4_12000,0,0,0,12000,1.2796630892448393,0.17092955763862716,0.3356,0.06079824592032472,0.007516011130064726,0.0072976855117874995,0.0,0.6850611216709743,0.0,0.0,0.0,0.4951254054550493,0.09947656211881553,0.0,0.0,0.0,0.7263889312744141,-0.0039516352117061615,-0.002395099261775613,0.007516011130064726,0.0021872185172556085,32770.0
0.498000,62800011,balanced_2000_0_2000_12000,6,opp_m4_11000,0,0,0,11000,1.6883189625293722,0.5795854309231601,0.3378,0.056798245920324716,0.007516011130064726,0.00949768551178748,0.0,1.1603649547286148,0.0,0.0,0.0,0.41604287541709,0.11191113238366747,0.0,0.0,0.0,0.7263889312744141,-0.0039516352117061615,-0.002395099261775613,0.007516011130064726,0.0021872185172556085,32770.0
0.498000,62800011,balanced_2000_0_2000_12000,7,opp_m4_10000,0,0,0,10000,2.2532393644748625,1.1445058328686504,0.33999999999999997,0.05279824592032472,0.007516011130064726,0.011697685511787459,0.0,1.760187434175077,0.0,0.0,0.0,0.343837087121562,0.1492148431782233,0.0,0.0,0.0,0.7263889312744141,-0.0039516352117061615,-0.002395099261775613,0.007516011130064726,0.0021872185172556085,32770.0
0.498000,62800011,balanced_2000_0_2000_12000,8,zero,0,0,0,0,17.298092394626845,16.189358863020633,0.362,0.012798245920324717,0.007516011130064726,0.03369768551178748,0.010262703174018784,14.606937780025099,0.8010999343442526,0.0,0.0,0.0,1.8900546802574951,0.0,0.0,0.0,0.7263889312744141,-0.0039516352117061615,-0.002395099261775613,0.007516011130064726,0.0021872185172556085,32770.0
0.498000,62800012,balanced_2000_0_2000_12000,1,balanced_2000_0_2000_12000,2000,0,2000,12000,1.1087335316062121,0.0,0.335,0.08460710701345239,0.03071726791188121,0.00669768551178751,0.0,0.577043477731001,0.0,0.0,0.0,0.5226323724247742,0.0,0.009057681450436958,0.0,0.0,0.7148029804229736,-0.0038574000354856253,-0.006717267911881208,0.004671257454901934,0.0015065074590963296,32750.0
0.498000,62800012,balanced_2000_0_2000_12000,2,balanced_2500_0_2500_12000,2500,0,2500,12000,1.1099611638493625,0.0012276322431503672,0.33485000000000004,0.08860710701345238,0.03671726791188121,0.0065476855117875266,0.0,0.5514862101053841,0.0,0.0,0.0,0.5381050413452445,0.006217285132425971,0.01415262726630775,0.0,0.0,0.7148029804229736,-0.0038574000354856253,-0.006717267911881208,0.004671257454901934,0.0015065074590963296,32750.0
0.498000,62800012,balanced_2000_0_2000_12000,3,balanced_3000_0_3000_12000,3000,0,3000,12000,1.1287728047536254,0.020039273147413272,0.3347,0.09260710701345239,0.04271726791188121,0.006397685511787488,0.0,0.5265077998235078,0.0,0.0,0.0,0.5570160811369305,0.024869140529703883,0.020379783263483157,0.0,0.0,0.7148029804229736,-0.0038574000354856253,-0.006717267911881208,0.004671257454901934,0.0015065074590963296,32750.0
0.498000,62800012,balanced_2000_0_2000_12000,4,balanced_1000_0_1000_12000,1000,0,1000,12000,1.1590302931032768,0.050296761497064635,0.3353,0.07660710701345239,0.01871726791188121,0.006997685511787477,0.0,0.6298945850134833,0.0,0.0,0.0,0.5020021471974805,0.024869140529703883,0.0022644203626092396,0.0,0.0,0.7148029804229736,-0.0038574000354856253,-0.006717267911881208,0.004671257454901934,0.0015065074590963296,32750.0
0.498000,62800012,balanced_2000_0_2000_12000,5,opp_m4_12000,0,0,0,12000,1.2796630892448393,0.17092955763862716,0.3356,0.06860710701345239,0.006717267911881208,0.0072976855117874995,0.0,0.6850611216709743,0.0,0.0,0.0,0.4951254054550493,0.09947656211881553,0.0,0.0,0.0,0.7148029804229736,-0.0038574000354856253,-0.006717267911881208,0.004671257454901934,0.0015065074590963296,32750.0
0.498000,62800012,balanced_2000_0_2000_12000,6,opp_m4_11000,0,0,0,11000,1.6883189625293722,0.5795854309231601,0.3378,0.06460710701345239,0.006717267911881208,0.00949768551178748,0.0,1.1603649547286148,0.0,0.0,0.0,0.41604287541709,0.11191113238366747,0.0,0.0,0.0,0.7148029804229736,-0.0038574000354856253,-0.006717267911881208,0.004671257454901934,0.0015065074590963296,32750.0
0.498000,62800012,balanced_2000_0_2000_12000,7,opp_m4_10000,0,0,0,10000,2.2532393644748625,1.1445058328686504,0.33999999999999997,0.0606071070134524,0.006717267911881208,0.011697685511787459,0.0,1.760187434175077,0.0,0.0,0.0,0.343837087121562,0.1492148431782233,0.0,0.0,0.0,0.7148029804229736,-0.0038574000354856253,-0.006717267911881208,0.004671257454901934,0.0015065074590963296,32750.0
0.498000,62800012,balanced_2000_0_2000_12000,8,zero,0,0,0,0,17.298092394626845,16.189358863020633,0.362,0.020607107013452395,0.006717267911881208,0.03369768551178748,0.010262703174018784,14.606937780025099,0.8010999343442526,0.0,0.0,0.0,1.8900546802574951,0.0,0.0,0.0,0.7148029804229736,-0.0038574000354856253,-0.006717267911881208,0.004671257454901934,0.0015065074590963296,32750.0
0.499000,62800001,balanced_2000_0_2000_12000,1,balanced_2000_0_2000_12000,2000,0,2000,12000,0.5379515547061945,0.0,0.329,0.10571226717810973,0.032646054193377495,0.0006976855117875047,0.0,0.006261500830983351,0.0,0.0,0.0,0.5226323724247742,0.0,0.009057681450436958,0.0,0.0,0.695114254951477,-0.0035103014670312405,-0.008646054193377495,0.005297956522554159,0.0024276538402576236,32769.0
0.499000,62800001,balanced_2000_0_2000_12000,2,balanced_1000_0_1000_12000,1000,0,1000,12000,0.5419397287032883,0.003988173997093836,0.3293,0.09771226717810973,0.020646054193377495,0.0009976855117874717,0.0,0.012804020613494763,0.0,0.0,0.0,0.5020021471974805,0.024869140529703883,0.0022644203626092396,0.0,0.0,0.695114254951477,-0.0035103014670312405,-0.008646054193377495,0.005297956522554159,0.0024276538402576236,32769.0
0.499000,62800001,balanced_2000_0_2000_12000,3,balanced_2500_0_2500_12000,2500,0,2500,12000,0.5623334806993302,0.02438192599313571,0.32885000000000003,0.10971226717810972,0.038646054193377494,0.0005476855117875212,0.0,0.0038585269553520025,0.0,0.0,0.0,0.5381050413452445,0.006217285132425971,0.01415262726630775,0.0,0.0,0.695114254951477,-0.0035103014670312405,-0.008646054193377495,0.005297956522554159,0.0024276538402576236,32769.0
0.499000,62800001,balanced_2000_0_2000_12000,4,balanced_3000_0_3000_12000,3000,0,3000,12000,0.6042994153535871,0.06634786064739262,0.3287,0.11371226717810973,0.0446460541933775,0.00039768551178748224,0.0,0.002034410423469659,0.0,0.0,0.0,0.5570160811369305,0.024869140529703883,0.020379783263483157,0.0,0.0,0.695114254951477,-0.0035103014670312405,-0.008646054193377495,0.005297956522554159,0.0024276538402576236,32769.0
0.499000,62800001,balanced_2000_0_2000_12000,5,opp_m4_12000,0,0,0,12000,0.6162639373448711,0.07831238263867657,0.3296,0.08971226717810973,0.008646054193377495,0.0012976855117874941,0.0,0.021661969771006314,0.0,0.0,0.0,0.4951254054550493,0.09947656211881553,0.0,0.0,0.0,0.695114254951477,-0.0035103014670312405,-0.008646054193377495,0.005297956522554159,0.0024276538402576236,32769.0
0.499000,62800001,balanced_2000_0_2000_12000,6,opp_m4_11000,0,0,0,11000,0.6853235022962502,0.14737194759005567,0.3318,0.08571226717810973,0.008646054193377495,0.003497685511787474,0.0,0.15736949449549267,0.0,0.0,0.0,0.41604287541709,0.11191113238366747,0.0,0.0,0.0,0.695114254951477,-0.0035103014670312405,-0.008646054193377495,0.005297956522554159,0.0024276538402576236,32769.0
0.499000,62800001,balanced_2000_0_2000_12000,7,opp_m4_10000,0,0,0,10000,0.9106475959085862,0.37269604120239175,0.33399999999999996,0.08171226717810973,0.008646054193377495,0.005697685511787454,0.0,0.4175956656088009,0.0,0.0,0.0,0.343837087121562,0.1492148431782233,0.0,0.0,0.0,0.695114254951477,-0.0035103014670312405,-0.008646054193377495,0.005297956522554159,0.0024276538402576236,32769.0
0.499000,62800001,balanced_2000_0_2000_12000,8,zero,0,0,0,0,11.896645660041653,11.358694105335458,0.356,0.04171226717810973,0.008646054193377495,0.027697685511787473,0.004262703174018778,9.868382928127248,0.1382080516569086,0.0,0.0,0.0,1.8900546802574951,0.0,0.0,0.0,0.695114254951477,-0.0035103014670312405,-0.008646054193377495,0.005297956522554159,0.0024276538402576236,32769.0
0.499000,62800002,balanced_2000_0_2000_12000,1,balanced_2000_0_2000_12000,2000,0,2000,12000,0.5379515547061945,0.0,0.329,0.08554846350559137,0.038780729077756405,0.0006976855117875047,0.0,0.006261500830983351,0.0,0.0,0.0,0.5226323724247742,0.0,0.009057681450436958,0.0,0.0,0.7013333439826965,-0.003673199564218521,0.003724215552210808,-0.014780729077756405,0.0015607323631662347,32762.0
0.499000,62800002,balanced_2000_0_2000_12000,2,balanced_1000_0_1000_12000,1000,0,1000,12000,0.5419397287032883,0.003988173997093836,0.3293,0.07754846350559136,0.026780729077756405,0.0009976855117874717,0.0,0.012804020613494763,0.0,0.0,0.0,0.5020021471974805,0.024869140529703883,0.0022644203626092396,0.0,0.0,0.7013333439826965,-0.003673199564218521,0.003724215552210808,-0.014780729077756405,0.0015607323631662347,32762.0
0.499000,62800002,balanced_2000_0_2000_12000,3,balanced_2500_0_2500_12000,2500,0,2500,12000,0.5623334806993302,0.02438192599313571,0.32885000000000003,0.08954846350559134,0.044780729077756404,0.0005476855117875212,0.0,0.0038585269553520025,0.0,0.0,0.0,0.5381050413452445,0.006217285132425971,0.01415262726630775,0.0,0.0,0.7013333439826965,-0.003673199564218521,0.003724215552210808,-0.014780729077756405,0.0015607323631662347,32762.0
0.499000,62800002,balanced_2000_0_2000_12000,4,balanced_3000_0_3000_12000,3000,0,3000,12000,0.6042994153535871,0.06634786064739262,0.3287,0.09354846350559134,0.05078072907775641,0.00039768551178748224,0.0,0.002034410423469659,0.0,0.0,0.0,0.5570160811369305,0.024869140529703883,0.020379783263483157,0.0,0.0,0.7013333439826965,-0.003673199564218521,0.003724215552210808,-0.014780729077756405,0.0015607323631662347,32762.0
0.499000,62800002,balanced_2000_0_2000_12000,5,opp_m4_12000,0,0,0,12000,0.6162639373448711,0.07831238263867657,0.3296,0.06954846350559135,0.014780729077756405,0.0012976855117874941,0.0,0.021661969771006314,0.0,0.0,0.0,0.4951254054550493,0.09947656211881553,0.0,0.0,0.0,0.7013333439826965,-0.003673199564218521,0.003724215552210808,-0.014780729077756405,0.0015607323631662347,32762.0
0.499000,62800002,balanced_2000_0_2000_12000,6,opp_m4_11000,0,0,0,11000,0.6853235022962502,0.14737194759005567,0.3318,0.06554846350559135,0.014780729077756405,0.003497685511787474,0.0,0.15736949449549267,0.0,0.0,0.0,0.41604287541709,0.11191113238366747,0.0,0.0,0.0,0.7013333439826965,-0.003673199564218521,0.003724215552210808,-0.014780729077756405,0.0015607323631662347,32762.0
0.499000,62800002,balanced_2000_0_2000_12000,7,opp_m4_10000,0,0,0,10000,0.9106475959085862,0.37269604120239175,0.33399999999999996,0.06154846350559136,0.014780729077756405,0.005697685511787454,0.0,0.4175956656088009,0.0,0.0,0.0,0.343837087121562,0.1492148431782233,0.0,0.0,0.0,0.7013333439826965,-0.003673199564218521,0.003724215552210808,-0.014780729077756405,0.0015607323631662347,32762.0
0.499000,62800002,balanced_2000_0_2000_12000,8,zero,0,0,0,0,11.896645660041653,11.358694105335458,0.356,0.021548463505591357,0.014780729077756405,0.027697685511787473,0.004262703174018778,9.868382928127248,0.1382080516569086,0.0,0.0,0.0,1.8900546802574951,0.0,0.0,0.0,0.7013333439826965,-0.003673199564218521,0.003724215552210808,-0.014780729077756405,0.0015607323631662347,32762.0
0.499000,62800003,balanced_2000_0_2000_12000,1,balanced_2000_0_2000_12000,2000,0,2000,12000,0.5379515547061945,0.0,0.329,0.10091924255893699,0.032254497312009335,0.0006976855117875047,0.0,0.006261500830983351,0.0,0.0,0.0,0.5226323724247742,0.0,0.009057681450436958,0.0,0.0,0.7267743349075317,-0.003982742317020893,-0.008254497312009335,0.0030359479133039713,0.0015065523772952352,32764.0
0.499000,62800003,balanced_2000_0_2000_12000,2,balanced_1000_0_1000_12000,1000,0,1000,12000,0.5419397287032883,0.003988173997093836,0.3293,0.09291924255893698,0.020254497312009335,0.0009976855117874717,0.0,0.012804020613494763,0.0,0.0,0.0,0.5020021471974805,0.024869140529703883,0.0022644203626092396,0.0,0.0,0.7267743349075317,-0.003982742317020893,-0.008254497312009335,0.0030359479133039713,0.0015065523772952352,32764.0
0.499000,62800003,balanced_2000_0_2000_12000,3,balanced_2500_0_2500_12000,2500,0,2500,12000,0.5623334806993302,0.02438192599313571,0.32885000000000003,0.10491924255893698,0.03825449731200933,0.0005476855117875212,0.0,0.0038585269553520025,0.0,0.0,0.0,0.5381050413452445,0.006217285132425971,0.01415262726630775,0.0,0.0,0.7267743349075317,-0.003982742317020893,-0.008254497312009335,0.0030359479133039713,0.0015065523772952352,32764.0
0.499000,62800003,balanced_2000_0_2000_12000,4,balanced_3000_0_3000_12000,3000,0,3000,12000,0.6042994153535871,0.06634786064739262,0.3287,0.10891924255893698,0.04425449731200934,0.00039768551178748224,0.0,0.002034410423469659,0.0,0.0,0.0,0.5570160811369305,0.024869140529703883,0.020379783263483157,0.0,0.0,0.7267743349075317,-0.003982742317020893,-0.008254497312009335,0.0030359479133039713,0.0015065523772952352,32764.0
0.499000,62800003,balanced_2000_0_2000_12000,5,opp_m4_12000,0,0,0,12000,0.6162639373448711,0.07831238263867657,0.3296,0.08491924255893699,0.008254497312009335,0.0012976855117874941,0.0,0.021661969771006314,0.0,0.0,0.0,0.4951254054550493,0.09947656211881553,0.0,0.0,0.0,0.7267743349075317,-0.003982742317020893,-0.008254497312009335,0.0030359479133039713,0.0015065523772952352,32764.0
0.499000,62800003,balanced_2000_0_2000_12000,6,opp_m4_11000,0,0,0,11000,0.6853235022962502,0.14737194759005567,0.3318,0.08091924255893698,0.008254497312009335,0.003497685511787474,0.0,0.15736949449549267,0.0,0.0,0.0,0.41604287541709,0.11191113238366747,0.0,0.0,0.0,0.7267743349075317,-0.003982742317020893,-0.008254497312009335,0.0030359479133039713,0.0015065523772952352,32764.0
0.499000,62800003,balanced_2000_0_2000_12000,7,opp_m4_10000,0,0,0,10000,0.9106475959085862,0.37269604120239175,0.33399999999999996,0.07691924255893698,0.008254497312009335,0.005697685511787454,0.0,0.4175956656088009,0.0,0.0,0.0,0.343837087121562,0.1492148431782233,0.0,0.0,0.0,0.7267743349075317,-0.003982742317020893,-0.008254497312009335,0.0030359479133039713,0.0015065523772952352,32764.0
0.499000,62800003,balanced_2000_0_2000_12000,8,zero,0,0,0,0,11.896645660041653,11.358694105335458,0.356,0.036919242558936985,0.008254497312009335,0.027697685511787473,0.004262703174018778,9.868382928127248,0.1382080516569086,0.0,0.0,0.0,1.8900546802574951,0.0,0.0,0.0,0.7267743349075317,-0.003982742317020893,-0.008254497312009335,0.0030359479133039713,0.0015065523772952352,32764.0
0.499000,62800004,balanced_2000_0_2000_12000,1,balanced_2000_0_2000_12000,2000,0,2000,12000,0.5379515547061945,0.0,0.329,0.09479677912402458,0.03672533740848303,0.0006976855117875047,0.0,0.006261500830983351,0.0,0.0,0.0,0.5226323724247742,0.0,0.009057681450436958,0.0,0.0,0.729581892490387,-0.003676625667139888,-0.005056587979197502,0.012725337408483028,0.0010652646310874393,32748.0
0.499000,62800004,balanced_2000_0_2000_12000,2,balanced_1000_0_1000_12000,1000,0,1000,12000,0.5419397287032883,0.003988173997093836,0.3293,0.08679677912402457,0.02472533740848303,0.0009976855117874717,0.0,0.012804020613494763,0.0,0.0,0.0,0.5020021471974805,0.024869140529703883,0.0022644203626092396,0.0,0.0,0.729581892490387,-0.003676625667139888,-0.005056587979197502,0.012725337408483028,0.0010652646310874393,32748.0
0.499000,62800004,balanced_2000_0_2000_12000,3,balanced_2500_0_2500_12000,2500,0,2500,12000,0.5623334806993302,0.02438192599313571,0.32885000000000003,0.09879677912402457,0.04272533740848303,0.0005476855117875212,0.0,0.0038585269553520025,0.0,0.0,0.0,0.5381050413452445,0.006217285132425971,0.01415262726630775,0.0,0.0,0.729581892490387,-0.003676625667139888,-0.005056587979197502,0.012725337408483028,0.0010652646310874393,32748.0
0.499000,62800004,balanced_2000_0_2000_12000,4,balanced_3000_0_3000_12000,3000,0,3000,12000,0.6042994153535871,0.06634786064739262,0.3287,0.10279677912402457,0.04872533740848303,0.00039768551178748224,0.0,0.002034410423469659,0.0,0.0,0.0,0.5570160811369305,0.024869140529703883,0.020379783263483157,0.0,0.0,0.729581892490387,-0.003676625667139888,-0.005056587979197502,0.012725337408483028,0.0010652646310874393,32748.0
0.499000,62800004,balanced_2000_0_2000_12000,5,opp_m4_12000,0,0,0,12000,0.6162639373448711,0.07831238263867657,0.3296,0.07879677912402458,0.012725337408483028,0.0012976855117874941,0.0,0.021661969771006314,0.0,0.0,0.0,0.4951254054550493,0.09947656211881553,0.0,0.0,0.0,0.729581892490387,-0.003676625667139888,-0.005056587979197502,0.012725337408483028,0.0010652646310874393,32748.0
0.499000,62800004,balanced_2000_0_2000_12000,6,opp_m4_11000,0,0,0,11000,0.6853235022962502,0.14737194759005567,0.3318,0.07479677912402458,0.012725337408483028,0.003497685511787474,0.0,0.15736949449549267,0.0,0.0,0.0,0.41604287541709,0.11191113238366747,0.0,0.0,0.0,0.729581892490387,-0.003676625667139888,-0.005056587979197502,0.012725337408483028,0.0010652646310874393,32748.0
0.499000,62800004,balanced_2000_0_2000_12000,7,opp_m4_10000,0,0,0,10000,0.9106475959085862,0.37269604120239175,0.33399999999999996,0.07079677912402457,0.012725337408483028,0.005697685511787454,0.0,0.4175956656088009,0.0,0.0,0.0,0.343837087121562,0.1492148431782233,0.0,0.0,0.0,0.729581892490387,-0.003676625667139888,-0.005056587979197502,0.012725337408483028,0.0010652646310874393,32748.0
0.499000,62800004,balanced_2000_0_2000_12000,8,zero,0,0,0,0,11.896645660041653,11.358694105335458,0.356,0.03079677912402458,0.012725337408483028,0.027697685511787473,0.004262703174018778,9.868382928127248,0.1382080516569086,0.0,0.0,0.0,1.8900546802574951,0.0,0.0,0.0,0.729581892490387,-0.003676625667139888,-0.005056587979197502,0.012725337408483028,0.0010652646310874393,32748.0
0.499000,62800005,balanced_2000_0_2000_12000,1,balanced_2000_0_2000_12000,2000,0,2000,12000,0.5379515547061945,0.0,0.329,0.08411262860938788,0.03223873560875654,0.0006976855117875047,0.0,0.006261500830983351,0.0,0.0,0.0,0.5226323724247742,0.0,0.009057681450436958,0.0,0.0,0.7176409959793091,-0.0038076776545494795,0.006151520647108555,0.008238735608756542,0.001065272275212089,32767.0
0.499000,62800005,balanced_2000_0_2000_12000,2,balanced_1000_0_1000_12000,1000,0,1000,12000,0.5419397287032883,0.003988173997093836,0.3293,0.07611262860938788,0.020238735608756542,0.0009976855117874717,0.0,0.012804020613494763,0.0,0.0,0.0,0.5020021471974805,0.024869140529703883,0.0022644203626092396,0.0,0.0,0.7176409959793091,-0.0038076776545494795,0.006151520647108555,0.008238735608756542,0.001065272275212089,32767.0
0.499000,62800005,balanced_2000_0_2000_12000,3,balanced_2500_0_2500_12000,2500,0,2500,12000,0.5623334806993302,0.02438192599313571,0.32885000000000003,0.08811262860938787,0.03823873560875654,0.0005476855117875212,0.0,0.0038585269553520025,0.0,0.0,0.0,0.5381050413452445,0.006217285132425971,0.01415262726630775,0.0,0.0,0.7176409959793091,-0.0038076776545494795,0.006151520647108555,0.008238735608756542,0.001065272275212089,32767.0
0.499000,62800005,balanced_2000_0_2000_12000,4,balanced_3000_0_3000_12000,3000,0,3000,12000,0.6042994153535871,0.06634786064739262,0.3287,0.09211262860938788,0.044238735608756546,0.00039768551178748224,0.0,0.002034410423469659,0.0,0.0,0.0,0.5570160811369305,0.024869140529703883,0.020379783263483157,0.0,0.0,0.7176409959793091,-0.0038076776545494795,0.006151520647108555,0.008238735608756542,0.001065272275212089,32767.0
0.499000,62800005,balanced_2000_0_2000_12000,5,opp_m4_12000,0,0,0,12000,0.6162639373448711,0.07831238263867657,0.3296,0.06811262860938788,0.008238735608756542,0.0012976855117874941,0.0,0.021661969771006314,0.0,0.0,0.0,0.4951254054550493,0.09947656211881553,0.0,0.0,0.0,0.7176409959793091,-0.0038076776545494795,0.006151520647108555,0.008238735608756542,0.001065272275212089,32767.0
0.499000,62800005,balanced_2000_0_2000_12000,6,opp_m4_11000,0,0,0,11000,0.6853235022962502,0.14737194759005567,0.3318,0.06411262860938788,0.008238735608756542,0.003497685511787474,0.0,0.15736949449549267,0.0,0.0,0.0,0.41604287541709,0.11191113238366747,0.0,0.0,0.0,0.7176409959793091,-0.0038076776545494795,0.006151520647108555,0.008238735608756542,0.001065272275212089,32767.0
0.499000,62800005,balanced_2000_0_2000_12000,7,opp_m4_10000,0,0,0,10000,0.9106475959085862,0.37269604120239175,0.33399999999999996,0.060112628609387875,0.008238735608756542,0.005697685511787454,0.0,0.4175956656088009,0.0,0.0,0.0,0.343837087121562,0.1492148431782233,0.0,0.0,0.0,0.7176409959793091,-0.0038076776545494795,0.006151520647108555,0.008238735608756542,0.001065272275212089,32767.0
0.499000,62800005,balanced_2000_0_2000_12000,8,zero,0,0,0,0,11.896645660041653,11.358694105335458,0.356,0.020112628609387877,0.008238735608756542,0.027697685511787473,0.004262703174018778,9.868382928127248,0.1382080516569086,0.0,0.0,0.0,1.8900546802574951,0.0,0.0,0.0,0.7176409959793091,-0.0038076776545494795,0.006151520647108555,0.008238735608756542,0.001065272275212089,32767.0
0.499000,62800006,balanced_2000_0_2000_12000,1,balanced_2000_0_2000_12000,2000,0,2000,12000,0.5379515547061945,0.0,0.329,0.09784564697439051,0.039595915727317334,0.0006976855117875047,0.0,0.006261500830983351,0.0,0.0,0.0,0.5226323724247742,0.0,0.009057681450436958,0.0,0.0,0.7042407989501953,-0.0034289993345737457,0.005900663323700428,-0.015595915727317333,0.0023025408526423556,32781.0
0.499000,62800006,balanced_2000_0_2000_12000,2,balanced_1000_0_1000_12000,1000,0,1000,12000,0.5419397287032883,0.003988173997093836,0.3293,0.0898456469743905,0.027595915727317333,0.0009976855117874717,0.0,0.012804020613494763,0.0,0.0,0.0,0.5020021471974805,0.024869140529703883,0.0022644203626092396,0.0,0.0,0.7042407989501953,-0.0034289993345737457,0.005900663323700428,-0.015595915727317333,0.0023025408526423556,32781.0
0.499000,62800006,balanced_2000_0_2000_12000,3,balanced_2500_0_2500_12000,2500,0,2500,12000,0.5623334806993302,0.02438192599313571,0.32885000000000003,0.1018456469743905,0.04559591572731733,0.0005476855117875212,0.0,0.0038585269553520025,0.0,0.0,0.0,0.5381050413452445,0.006217285132425971,0.01415262726630775,0.0,0.0,0.7042407989501953,-0.0034289993345737457,0.005900663323700428,-0.015595915727317333,0.0023025408526423556,32781.0
0.499000,62800006,balanced_2000_0_2000_12000,4,balanced_3000_0_3000_12000,3000,0,3000,12000,0.6042994153535871,0.06634786064739262,0.3287,0.1058456469743905,0.05159591572731734,0.00039768551178748224,0.0,0.002034410423469659,0.0,0.0,0.0,0.5570160811369305,0.024869140529703883,0.020379783263483157,0.0,0.0,0.7042407989501953,-0.0034289993345737457,0.005900663323700428,-0.015595915727317333,0.0023025408526423556,32781.0
0.499000,62800006,balanced_2000_0_2000_12000,5,opp_m4_12000,0,0,0,12000,0.6162639373448711,0.07831238263867657,0.3296,0.0818456469743905,0.015595915727317333,0.0012976855117874941,0.0,0.021661969771006314,0.0,0.0,0.0,0.4951254054550493,0.09947656211881553,0.0,0.0,0.0,0.7042407989501953,-0.0034289993345737457,0.005900663323700428,-0.015595915727317333,0.0023025408526423556,32781.0
0.499000,62800006,balanced_2000_0_2000_12000,6,opp_m4_11000,0,0,0,11000,0.6853235022962502,0.14737194759005567,0.3318,0.0778456469743905,0.015595915727317333,0.003497685511787474,0.0,0.15736949449549267,0.0,0.0,0.0,0.41604287541709,0.11191113238366747,0.0,0.0,0.0,0.7042407989501953,-0.0034289993345737457,0.005900663323700428,-0.015595915727317333,0.0023025408526423556,32781.0
0.499000,62800006,balanced_2000_0_2000_12000,7,opp_m4_10000,0,0,0,10000,0.9106475959085862,0.37269604120239175,0.33399999999999996,0.0738456469743905,0.015595915727317333,0.005697685511787454,0.0,0.4175956656088009,0.0,0.0,0.0,0.343837087121562,0.1492148431782233,0.0,0.0,0.0,0.7042407989501953,-0.0034289993345737457,0.005900663323700428,-0.015595915727317333,0.0023025408526423556,32781.0
0.499000,62800006,balanced_2000_0_2000_12000,8,zero,0,0,0,0,11.896645660041653,11.358694105335458,0.356,0.033845646974390506,0.015595915727317333,0.027697685511787473,0.004262703174018778,9.868382928127248,0.1382080516569086,0.0,0.0,0.0,1.8900546802574951,0.0,0.0,0.0,0.7042407989501953,-0.0034289993345737457,0.005900663323700428,-0.015595915727317333,0.0023025408526423556,32781.0
0.499000,62800007,balanced_2000_0_2000_12000,1,balanced_2000_0_2000_12000,2000,0,2000,12000,0.5379515547061945,0.0,0.329,0.08417958986070853,0.03919992668181658,0.0006976855117875047,0.0,0.006261500830983351,0.0,0.0,0.0,0.5226323724247742,0.0,0.009057681450436958,0.0,0.0,0.7039583325386047,-0.004085138440132141,-0.015199926681816578,-0.004829447250813246,0.0010652646310874393,32756.0
0.499000,62800007,balanced_2000_0_2000_12000,2,balanced_1000_0_1000_12000,1000,0,1000,12000,0.5419397287032883,0.003988173997093836,0.3293,0.07617958986070852,0.027199926681816578,0.0009976855117874717,0.0,0.012804020613494763,0.0,0.0,0.0,0.5020021471974805,0.024869140529703883,0.0022644203626092396,0.0,0.0,0.7039583325386047,-0.004085138440132141,-0.015199926681816578,-0.004829447250813246,0.0010652646310874393,32756.0
0.499000,62800007,balanced_2000_0_2000_12000,3,balanced_2500_0_2500_12000,2500,0,2500,12000,0.5623334806993302,0.02438192599313571,0.32885000000000003,0.08817958986070852,0.04519992668181658,0.0005476855117875212,0.0,0.0038585269553520025,0.0,0.0,0.0,0.5381050413452445,0.006217285132425971,0.01415262726630775,0.0,0.0,0.7039583325386047,-0.004085138440132141,-0.015199926681816578,-0.004829447250813246,0.0010652646310874393,32756.0
0.499000,62800007,balanced_2000_0_2000_12000,4,balanced_3000_0_3000_12000,3000,0,3000,12000,0.6042994153535871,0.06634786064739262,0.3287,0.09217958986070852,0.05119992668181658,0.00039768551178748224,0.0,0.002034410423469659,0.0,0.0,0.0,0.5570160811369305,0.024869140529703883,0.020379783263483157,0.0,0.0,0.7039583325386047,-0.004085138440132141,-0.015199926681816578,-0.004829447250813246,0.0010652646310874393,32756.0
0.499000,62800007,balanced_2000_0_2000_12000,5,opp_m4_12000,0,0,0,12000,0.6162639373448711,0.07831238263867657,0.3296,0.06817958986070853,0.015199926681816578,0.0012976855117874941,0.0,0.021661969771006314,0.0,0.0,0.0,0.4951254054550493,0.09947656211881553,0.0,0.0,0.0,0.7039583325386047,-0.004085138440132141,-0.015199926681816578,-0.004829447250813246,0.0010652646310874393,32756.0
0.499000,62800007,balanced_2000_0_2000_12000,6,opp_m4_11000,0,0,0,11000,0.6853235022962502,0.14737194759005567,0.3318,0.06417958986070853,0.015199926681816578,0.003497685511787474,0.0,0.15736949449549267,0.0,0.0,0.0,0.41604287541709,0.11191113238366747,0.0,0.0,0.0,0.7039583325386047,-0.004085138440132141,-0.015199926681816578,-0.004829447250813246,0.0010652646310874393,32756.0
0.499000,62800007,balanced_2000_0_2000_12000,7,opp_m4_10000,0,0,0,10000,0.9106475959085862,0.37269604120239175,0.33399999999999996,0.06017958986070853,0.015199926681816578,0.005697685511787454,0.0,0.4175956656088009,0.0,0.0,0.0,0.343837087121562,0.1492148431782233,0.0,0.0,0.0,0.7039583325386047,-0.004085138440132141,-0.015199926681816578,-0.004829447250813246,0.0010652646310874393,32756.0
0.499000,62800007,balanced_2000_0_2000_12000,8,zero,0,0,0,0,11.896645660041653,11.358694105335458,0.356,0.02017958986070853,0.015199926681816578,0.027697685511787473,0.004262703174018778,9.868382928127248,0.1382080516569086,0.0,0.0,0.0,1.8900546802574951,0.0,0.0,0.0,0.7039583325386047,-0.004085138440132141,-0.015199926681816578,-0.004829447250813246,0.0010652646310874393,32756.0
0.499000,62800008,balanced_2000_0_2000_12000,1,balanced_2000_0_2000_12000,2000,0,2000,12000,0.5379515547061945,0.0,0.329,0.08229429872838899,0.035463881470263005,0.0006976855117875047,0.0,0.006261500830983351,0.0,0.0,0.0,0.5226323724247742,0.0,0.009057681450436958,0.0,0.0,0.7000179886817932,-0.003851138986647129,0.009524625726044178,0.011463881470263004,0.0010651036450801386,32768.0
0.499000,62800008,balanced_2000_0_2000_12000,2,balanced_1000_0_1000_12000,1000,0,1000,12000,0.5419397287032883,0.003988173997093836,0.3293,0.07429429872838898,0.023463881470263005,0.0009976855117874717,0.0,0.012804020613494763,0.0,0.0,0.0,0.5020021471974805,0.024869140529703883,0.0022644203626092396,0.0,0.0,0.7000179886817932,-0.003851138986647129,0.009524625726044178,0.011463881470263004,0.0010651036450801386,32768.0
0.499000,62800008,balanced_2000_0_2000_12000,3,balanced_2500_0_2500_12000,2500,0,2500,12000,0.5623334806993302,0.02438192599313571,0.32885000000000003,0.08629429872838898,0.041463881470263,0.0005476855117875212,0.0,0.0038585269553520025,0.0,0.0,0.0,0.5381050413452445,0.006217285132425971,0.01415262726630775,0.0,0.0,0.7000179886817932,-0.003851138986647129,0.009524625726044178,0.011463881470263004,0.0010651036450801386,32768.0
0.499000,62800008,balanced_2000_0_2000_12000,4,balanced_3000_0_3000_12000,3000,0,3000,12000,0.6042994153535871,0.06634786064739262,0.3287,0.09029429872838898,0.04746388147026301,0.00039768551178748224,0.0,0.002034410423469659,0.0,0.0,0.0,0.5570160811369305,0.024869140529703883,0.020379783263483157,0.0,0.0,0.7000179886817932,-0.003851138986647129,0.009524625726044178,0.011463881470263004,0.0010651036450801386,32768.0
0.499000,62800008,balanced_2000_0_2000_12000,5,opp_m4_12000,0,0,0,12000,0.6162639373448711,0.07831238263867657,0.3296,0.06629429872838899,0.011463881470263004,0.0012976855117874941,0.0,0.021661969771006314,0.0,0.0,0.0,0.4951254054550493,0.09947656211881553,0.0,0.0,0.0,0.7000179886817932,-0.003851138986647129,0.009524625726044178,0.011463881470263004,0.0010651036450801386,32768.0
0.499000,62800008,balanced_2000_0_2000_12000,6,opp_m4_11000,0,0,0,11000,0.6853235022962502,0.14737194759005567,0.3318,0.062294298728388986,0.011463881470263004,0.003497685511787474,0.0,0.15736949449549267,0.0,0.0,0.0,0.41604287541709,0.11191113238366747,0.0,0.0,0.0,0.7000179886817932,-0.003851138986647129,0.009524625726044178,0.011463881470263004,0.0010651036450801386,32768.0
0.499000,62800008,balanced_2000_0_2000_12000,7,opp_m4_10000,0,0,0,10000,0.9106475959085862,0.37269604120239175,0.33399999999999996,0.05829429872838899,0.011463881470263004,0.005697685511787454,0.0,0.4175956656088009,0.0,0.0,0.0,0.343837087121562,0.1492148431782233,0.0,0.0,0.0,0.7000179886817932,-0.003851138986647129,0.009524625726044178,0.011463881470263004,0.0010651036450801386,32768.0
0.499000,62800008,balanced_2000_0_2000_12000,8,zero,0,0,0,0,11.896645660041653,11.358694105335458,0.356,0.01829429872838899,0.011463881470263004,0.027697685511787473,0.004262703174018778,9.868382928127248,0.1382080516569086,0.0,0.0,0.0,1.8900546802574951,0.0,0.0,0.0,0.7000179886817932,-0.003851138986647129,0.009524625726044178,0.011463881470263004,0.0010651036450801386,32768.0
0.499000,62800009,balanced_2000_0_2000_12000,1,balanced_2000_0_2000_12000,2000,0,2000,12000,0.5379515547061945,0.0,0.329,0.0835017843288968,0.03406530970335007,0.0006976855117875047,0.0,0.006261500830983351,0.0,0.0,0.0,0.5226323724247742,0.0,0.009057681450436958,0.0,0.0,0.7239948511123657,-0.004357633180916309,0.009147871285676956,-0.010065309703350067,0.0010655550689633974,32769.0
0.499000,62800009,balanced_2000_0_2000_12000,2,balanced_1000_0_1000_12000,1000,0,1000,12000,0.5419397287032883,0.003988173997093836,0.3293,0.07550178432889679,0.022065309703350067,0.0009976855117874717,0.0,0.012804020613494763,0.0,0.0,0.0,0.5020021471974805,0.024869140529703883,0.0022644203626092396,0.0,0.0,0.7239948511123657,-0.004357633180916309,0.009147871285676956,-0.010065309703350067,0.0010655550689633974,32769.0
0.499000,62800009,balanced_2000_0_2000_12000,3,balanced_2500_0_2500_12000,2500,0,2500,12000,0.5623334806993302,0.02438192599313571,0.32885000000000003,0.0875017843288968,0.040065309703350066,0.0005476855117875212,0.0,0.0038585269553520025,0.0,0.0,0.0,0.5381050413452445,0.006217285132425971,0.01415262726630775,0.0,0.0,0.7239948511123657,-0.004357633180916309,0.009147871285676956,-0.010065309703350067,0.0010655550689633974,32769.0
0.499000,62800009,balanced_2000_0_2000_12000,4,balanced_3000_0_3000_12000,3000,0,3000,12000,0.6042994153535871,0.06634786064739262,0.3287,0.0915017843288968,0.04606530970335007,0.00039768551178748224,0.0,0.002034410423469659,0.0,0.0,0.0,0.5570160811369305,0.024869140529703883,0.020379783263483157,0.0,0.0,0.7239948511123657,-0.004357633180916309,0.009147871285676956,-0.010065309703350067,0.0010655550689633974,32769.0
0.499000,62800009,balanced_2000_0_2000_12000,5,opp_m4_12000,0,0,0,12000,0.6162639373448711,0.07831238263867657,0.3296,0.06750178432889681,0.010065309703350067,0.0012976855117874941,0.0,0.021661969771006314,0.0,0.0,0.0,0.4951254054550493,0.09947656211881553,0.0,0.0,0.0,0.7239948511123657,-0.004357633180916309,0.009147871285676956,-0.010065309703350067,0.0010655550689633974,32769.0
0.499000,62800009,balanced_2000_0_2000_12000,6,opp_m4_11000,0,0,0,11000,0.6853235022962502,0.14737194759005567,0.3318,0.0635017843288968,0.010065309703350067,0.003497685511787474,0.0,0.15736949449549267,0.0,0.0,0.0,0.41604287541709,0.11191113238366747,0.0,0.0,0.0,0.7239948511123657,-0.004357633180916309,0.009147871285676956,-0.010065309703350067,0.0010655550689633974,32769.0
0.499000,62800009,balanced_2000_0_2000_12000,7,opp_m4_10000,0,0,0,10000,0.9106475959085862,0.37269604120239175,0.33399999999999996,0.0595017843288968,0.010065309703350067,0.005697685511787454,0.0,0.4175956656088009,0.0,0.0,0.0,0.343837087121562,0.1492148431782233,0.0,0.0,0.0,0.7239948511123657,-0.004357633180916309,0.009147871285676956,-0.010065309703350067,0.0010655550689633974,32769.0
0.499000,62800009,balanced_2000_0_2000_12000,8,zero,0,0,0,0,11.896645660041653,11.358694105335458,0.356,0.0195017843288968,0.010065309703350067,0.027697685511787473,0.004262703174018778,9.868382928127248,0.1382080516569086,0.0,0.0,0.0,1.8900546802574951,0.0,0.0,0.0,0.7239948511123657,-0.004357633180916309,0.009147871285676956,-0.010065309703350067,0.0010655550689633974,32769.0
0.499000,62800010,balanced_2000_0_2000_12000,1,balanced_2000_0_2000_12000,2000,0,2000,12000,0.5379515547061945,0.0,0.329,0.08643826615595299,0.0362306551784277,0.0006976855117875047,0.0,0.006261500830983351,0.0,0.0,0.0,0.5226323724247742,0.0,0.009057681450436958,0.0,0.0,0.7125290632247925,-0.00376510270871222,-0.012230655178427696,-0.006240406539291143,0.0015421071260968153,32769.0
0.499000,62800010,balanced_2000_0_2000_12000,2,balanced_1000_0_1000_12000,1000,0,1000,12000,0.5419397287032883,0.003988173997093836,0.3293,0.07843826615595298,0.024230655178427696,0.0009976855117874717,0.0,0.012804020613494763,0.0,0.0,0.0,0.5020021471974805,0.024869140529703883,0.0022644203626092396,0.0,0.0,0.7125290632247925,-0.00376510270871222,-0.012230655178427696,-0.006240406539291143,0.0015421071260968153,32769.0
0.499000,62800010,balanced_2000_0_2000_12000,3,balanced_2500_0_2500_12000,2500,0,2500,12000,0.5623334806993302,0.02438192599313571,0.32885000000000003,0.09043826615595298,0.042230655178427695,0.0005476855117875212,0.0,0.0038585269553520025,0.0,0.0,0.0,0.5381050413452445,0.006217285132425971,0.01415262726630775,0.0,0.0,0.7125290632247925,-0.00376510270871222,-0.012230655178427696,-0.006240406539291143,0.0015421071260968153,32769.0
0.499000,62800010,balanced_2000_0_2000_12000,4,balanced_3000_0_3000_12000,3000,0,3000,12000,0.6042994153535871,0.06634786064739262,0.3287,0.09443826615595298,0.0482306551784277,0.00039768551178748224,0.0,0.002034410423469659,0.0,0.0,0.0,0.5570160811369305,0.024869140529703883,0.020379783263483157,0.0,0.0,0.7125290632247925,-0.00376510270871222,-0.012230655178427696,-0.006240406539291143,0.0015421071260968153,32769.0
0.499000,62800010,balanced_2000_0_2000_12000,5,opp_m4_12000,0,0,0,12000,0.6162639373448711,0.07831238263867657,0.3296,0.07043826615595299,0.012230655178427696,0.0012976855117874941,0.0,0.021661969771006314,0.0,0.0,0.0,0.4951254054550493,0.09947656211881553,0.0,0.0,0.0,0.7125290632247925,-0.00376510270871222,-0.012230655178427696,-0.006240406539291143,0.0015421071260968153,32769.0
0.499000,62800010,balanced_2000_0_2000_12000,6,opp_m4_11000,0,0,0,11000,0.6853235022962502,0.14737194759005567,0.3318,0.06643826615595298,0.012230655178427696,0.003497685511787474,0.0,0.15736949449549267,0.0,0.0,0.0,0.41604287541709,0.11191113238366747,0.0,0.0,0.0,0.7125290632247925,-0.00376510270871222,-0.012230655178427696,-0.006240406539291143,0.0015421071260968153,32769.0
0.499000,62800010,balanced_2000_0_2000_12000,7,opp_m4_10000,0,0,0,10000,0.9106475959085862,0.37269604120239175,0.33399999999999996,0.06243826615595298,0.012230655178427696,0.005697685511787454,0.0,0.4175956656088009,0.0,0.0,0.0,0.343837087121562,0.1492148431782233,0.0,0.0,0.0,0.7125290632247925,-0.00376510270871222,-0.012230655178427696,-0.006240406539291143,0.0015421071260968153,32769.0
0.499000,62800010,balanced_2000_0_2000_12000,8,zero,0,0,0,0,11.896645660041653,11.358694105335458,0.356,0.02243826615595298,0.012230655178427696,0.027697685511787473,0.004262703174018778,9.868382928127248,0.1382080516569086,0.0,0.0,0.0,1.8900546802574951,0.0,0.0,0.0,0.7125290632247925,-0.00376510270871222,-0.012230655178427696,-0.006240406539291143,0.0015421071260968153,32769.0
0.499000,62800011,balanced_2000_0_2000_12000,1,balanced_2000_0_2000_12000,2000,0,2000,12000,0.5379515547061945,0.0,0.329,0.07622212736253244,0.03433796463161707,0.0006976855117875047,0.0,0.006261500830983351,0.0,0.0,0.0,0.5226323724247742,0.0,0.009057681450436958,0.0,0.0,0.7262777090072632,-0.004026800859719515,-0.01033796463161707,0.005980646703392267,0.0010652706778155002,32769.0
0.499000,62800011,balanced_2000_0_2000_12000,2,balanced_1000_0_1000_12000,1000,0,1000,12000,0.5419397287032883,0.003988173997093836,0.3293,0.06822212736253243,0.02233796463161707,0.0009976855117874717,0.0,0.012804020613494763,0.0,0.0,0.0,0.5020021471974805,0.024869140529703883,0.0022644203626092396,0.0,0.0,0.7262777090072632,-0.004026800859719515,-0.01033796463161707,0.005980646703392267,0.0010652706778155002,32769.0
0.499000,62800011,balanced_2000_0_2000_12000,3,balanced_2500_0_2500_12000,2500,0,2500,12000,0.5623334806993302,0.02438192599313571,0.32885000000000003,0.08022212736253242,0.04033796463161707,0.0005476855117875212,0.0,0.0038585269553520025,0.0,0.0,0.0,0.5381050413452445,0.006217285132425971,0.01415262726630775,0.0,0.0,0.7262777090072632,-0.004026800859719515,-0.01033796463161707,0.005980646703392267,0.0010652706778155002,32769.0
0.499000,62800011,balanced_2000_0_2000_12000,4,balanced_3000_0_3000_12000,3000,0,3000,12000,0.6042994153535871,0.06634786064739262,0.3287,0.08422212736253243,0.04633796463161707,0.00039768551178748224,0.0,0.002034410423469659,0.0,0.0,0.0,0.5570160811369305,0.024869140529703883,0.020379783263483157,0.0,0.0,0.7262777090072632,-0.004026800859719515,-0.01033796463161707,0.005980646703392267,0.0010652706778155002,32769.0
0.499000,62800011,balanced_2000_0_2000_12000,5,opp_m4_12000,0,0,0,12000,0.6162639373448711,0.07831238263867657,0.3296,0.060222127362532435,0.01033796463161707,0.0012976855117874941,0.0,0.021661969771006314,0.0,0.0,0.0,0.4951254054550493,0.09947656211881553,0.0,0.0,0.0,0.7262777090072632,-0.004026800859719515,-0.01033796463161707,0.005980646703392267,0.0010652706778155002,32769.0
0.499000,62800011,balanced_2000_0_2000_12000,6,opp_m4_11000,0,0,0,11000,0.6853235022962502,0.14737194759005567,0.3318,0.05622212736253243,0.01033796463161707,0.003497685511787474,0.0,0.15736949449549267,0.0,0.0,0.0,0.41604287541709,0.11191113238366747,0.0,0.0,0.0,0.7262777090072632,-0.004026800859719515,-0.01033796463161707,0.005980646703392267,0.0010652706778155002,32769.0
0.499000,62800011,balanced_2000_0_2000_12000,7,opp_m4_10000,0,0,0,10000,0.9106475959085862,0.37269604120239175,0.33399999999999996,0.05222212736253243,0.01033796463161707,0.005697685511787454,0.0,0.4175956656088009,0.0,0.0,0.0,0.343837087121562,0.1492148431782233,0.0,0.0,0.0,0.7262777090072632,-0.004026800859719515,-0.01033796463161707,0.005980646703392267,0.0010652706778155002,32769.0
0.499000,62800011,balanced_2000_0_2000_12000,8,zero,0,0,0,0,11.896645660041653,11.358694105335458,0.356,0.01222212736253243,0.01033796463161707,0.027697685511787473,0.004262703174018778,9.868382928127248,0.1382080516569086,0.0,0.0,0.0,1.8900546802574951,0.0,0.0,0.0,0.7262777090072632,-0.004026800859719515,-0.01033796463161707,0.005980646703392267,0.0010652706778155002,32769.0
0.499000,62800012,balanced_2000_0_2000_12000,1,balanced_2000_0_2000_12000,2000,0,2000,12000,0.5379515547061945,0.0,0.329,0.0840544561991423,0.03293887225538492,0.0006976855117875047,0.0,0.006261500830983351,0.0,0.0,0.0,0.5226323724247742,0.0,0.009057681450436958,0.0,0.0,0.7148159742355347,-0.004040756728500128,-0.008938872255384922,0.007597281131893396,0.0013716667179680955,32759.0
0.499000,62800012,balanced_2000_0_2000_12000,2,balanced_1000_0_1000_12000,1000,0,1000,12000,0.5419397287032883,0.003988173997093836,0.3293,0.07605445619914229,0.020938872255384922,0.0009976855117874717,0.0,0.012804020613494763,0.0,0.0,0.0,0.5020021471974805,0.024869140529703883,0.0022644203626092396,0.0,0.0,0.7148159742355347,-0.004040756728500128,-0.008938872255384922,0.007597281131893396,0.0013716667179680955,32759.0
0.499000,62800012,balanced_2000_0_2000_12000,3,balanced_2500_0_2500_12000,2500,0,2500,12000,0.5623334806993302,0.02438192599313571,0.32885000000000003,0.08805445619914229,0.03893887225538492,0.0005476855117875212,0.0,0.0038585269553520025,0.0,0.0,0.0,0.5381050413452445,0.006217285132425971,0.01415262726630775,0.0,0.0,0.7148159742355347,-0.004040756728500128,-0.008938872255384922,0.007597281131893396,0.0013716667179680955,32759.0
0.499000,62800012,balanced_2000_0_2000_12000,4,balanced_3000_0_3000_12000,3000,0,3000,12000,0.6042994153535871,0.06634786064739262,0.3287,0.09205445619914229,0.044938872255384926,0.00039768551178748224,0.0,0.002034410423469659,0.0,0.0,0.0,0.5570160811369305,0.024869140529703883,0.020379783263483157,0.0,0.0,0.7148159742355347,-0.004040756728500128,-0.008938872255384922,0.007597281131893396,0.0013716667179680955,32759.0
0.499000,62800012,balanced_2000_0_2000_12000,5,opp_m4_12000,0,0,0,12000,0.6162639373448711,0.07831238263867657,0.3296,0.0680544561991423,0.008938872255384922,0.0012976855117874941,0.0,0.021661969771006314,0.0,0.0,0.0,0.4951254054550493,0.09947656211881553,0.0,0.0,0.0,0.7148159742355347,-0.004040756728500128,-0.008938872255384922,0.007597281131893396,0.0013716667179680955,32759.0
0.499000,62800012,balanced_2000_0_2000_12000,6,opp_m4_11000,0,0,0,11000,0.6853235022962502,0.14737194759005567,0.3318,0.0640544561991423,0.008938872255384922,0.003497685511787474,0.0,0.15736949449549267,0.0,0.0,0.0,0.41604287541709,0.11191113238366747,0.0,0.0,0.0,0.7148159742355347,-0.004040756728500128,-0.008938872255384922,0.007597281131893396,0.0013716667179680955,32759.0
0.499000,62800012,balanced_2000_0_2000_12000,7,opp_m4_10000,0,0,0,10000,0.9106475959085862,0.37269604120239175,0.33399999999999996,0.06005445619914229,0.008938872255384922,0.005697685511787454,0.0,0.4175956656088009,0.0,0.0,0.0,0.343837087121562,0.1492148431782233,0.0,0.0,0.0,0.7148159742355347,-0.004040756728500128,-0.008938872255384922,0.007597281131893396,0.0013716667179680955,32759.0
0.499000,62800012,balanced_2000_0_2000_12000,8,zero,0,0,0,0,11.896645660041653,11.358694105335458,0.356,0.020054456199142295,0.008938872255384922,0.027697685511787473,0.004262703174018778,9.868382928127248,0.1382080516569086,0.0,0.0,0.0,1.8900546802574951,0.0,0.0,0.0,0.7148159742355347,-0.004040756728500128,-0.008938872255384922,0.007597281131893396,0.0013716667179680955,32759.0
0.500000,62800001,opp_m4_10000,1,opp_m4_10000,0,0,0,10000,0.49305193029978533,0.0,0.32799999999999996,0.08203501205107129,0.017363032326102257,0.0,0.0,0.0,0.0,0.0,0.0,0.343837087121562,0.1492148431782233,0.0,0.0,0.0,0.6952473521232605,-0.0035692257806658745,-0.017363032326102257,0.006754795089364052,0.0010652646310874393,32760.0
0.500000,62800001,opp_m4_10000,2,opp_m4_11000,0,0,0,11000,0.5279540078007575,0.034902077500972184,0.3258,0.08603501205107128,0.017363032326102257,0.0,0.0,0.0,0.0,0.0,0.0,0.41604287541709,0.11191113238366747,0.0,0.0,0.0,0.6952473521232605,-0.0035692257806658745,-0.017363032326102257,0.006754795089364052,0.0010652646310874393,32760.0
0.500000,62800001,opp_m4_10000,3,balanced_1000_0_1000_12000,1000,0,1000,12000,0.5291357080897936,0.036083777790008265,0.3233,0.09803501205107129,0.029363032326102257,0.0,0.0,0.0,0.0,0.0,0.0,0.5020021471974805,0.024869140529703883,0.0022644203626092396,0.0,0.0,0.6952473521232605,-0.0035692257806658745,-0.017363032326102257,0.006754795089364052,0.0010652646310874393,32760.0
0.500000,62800001,opp_m4_10000,4,balanced_2000_0_2000_12000,2000,0,2000,12000,0.5316900538752112,0.03863812357542584,0.323,0.1060350120510713,0.04136303232610226,0.0,0.0,0.0,0.0,0.0,0.0,0.5226323724247742,0.0,0.009057681450436958,0.0,0.0,0.6952473521232605,-0.0035692257806658745,-0.017363032326102257,0.006754795089364052,0.0010652646310874393,32760.0
0.500000,62800001,opp_m4_10000,5,balanced_2500_0_2500_12000,2500,0,2500,12000,0.5584749537439782,0.06542302344419282,0.32285,0.11003501205107127,0.047363032326102256,0.0,0.0,0.0,0.0,0.0,0.0,0.5381050413452445,0.006217285132425971,0.01415262726630775,0.0,0.0,0.6952473521232605,-0.0035692257806658745,-0.017363032326102257,0.006754795089364052,0.0010652646310874393,32760.0
0.500000,62800001,opp_m4_10000,6,opp_m4_12000,0,0,0,12000,0.5946019675738649,0.10155003727407952,0.3236,0.09003501205107128,0.017363032326102257,0.0,0.0,0.0,0.0,0.0,0.0,0.4951254054550493,0.09947656211881553,0.0,0.0,0.0,0.6952473521232605,-0.0035692257806658745,-0.017363032326102257,0.006754795089364052,0.0010652646310874393,32760.0
0.500000,62800001,opp_m4_10000,7,balanced_3000_0_3000_12000,3000,0,3000,12000,0.6022650049301175,0.10921307463033214,0.3227,0.11403501205107128,0.05336303232610226,0.0,0.0,0.0,0.0,0.0,0.0,0.5570160811369305,0.024869140529703883,0.020379783263483157,0.0,0.0,0.6952473521232605,-0.0035692257806658745,-0.017363032326102257,0.006754795089364052,0.0010652646310874393,32760.0
0.500000,62800001,opp_m4_10000,8,zero,0,0,0,0,7.946054506486411,7.453002576186626,0.35,0.04203501205107129,0.017363032326102257,0.021697685511787468,0.0,6.055999826228916,0.0,0.0,0.0,0.0,1.8900546802574951,0.0,0.0,0.0,0.6952473521232605,-0.0035692257806658745,-0.017363032326102257,0.006754795089364052,0.0010652646310874393,32760.0
0.500000,62800002,opp_m4_10000,1,opp_m4_10000,0,0,0,10000,0.49305193029978533,0.0,0.32799999999999996,0.06088160803625358,0.010770916007459164,0.0,0.0,0.0,0.0,0.0,0.0,0.343837087121562,0.1492148431782233,0.0,0.0,0.0,0.7013332843780518,-0.003501512808725238,0.010770916007459164,-0.008210928179323673,0.0012635785895388578,32751.0
0.500000,62800002,opp_m4_10000,2,opp_m4_11000,0,0,0,11000,0.5279540078007575,0.034902077500972184,0.3258,0.06488160803625358,0.010770916007459164,0.0,0.0,0.0,0.0,0.0,0.0,0.41604287541709,0.11191113238366747,0.0,0.0,0.0,0.7013332843780518,-0.003501512808725238,0.010770916007459164,-0.008210928179323673,0.0012635785895388578,32751.0
0.500000,62800002,opp_m4_10000,3,balanced_1000_0_1000_12000,1000,0,1000,12000,0.5291357080897936,0.036083777790008265,0.3233,0.07688160803625357,0.022770916007459164,0.0,0.0,0.0,0.0,0.0,0.0,0.5020021471974805,0.024869140529703883,0.0022644203626092396,0.0,0.0,0.7013332843780518,-0.003501512808725238,0.010770916007459164,-0.008210928179323673,0.0012635785895388578,32751.0
0.500000,62800002,opp_m4_10000,4,balanced_2000_0_2000_12000,2000,0,2000,12000,0.5316900538752112,0.03863812357542584,0.323,0.08488160803625358,0.034770916007459164,0.0,0.0,0.0,0.0,0.0,0.0,0.5226323724247742,0.0,0.009057681450436958,0.0,0.0,0.7013332843780518,-0.003501512808725238,0.010770916007459164,-0.008210928179323673,0.0012635785895388578,32751.0
0.500000,62800002,opp_m4_10000,5,balanced_2500_0_2500_12000,2500,0,2500,12000,0.5584749537439782,0.06542302344419282,0.32285,0.08888160803625357,0.04077091600745916,0.0,0.0,0.0,0.0,0.0,0.0,0.5381050413452445,0.006217285132425971,0.01415262726630775,0.0,0.0,0.7013332843780518,-0.003501512808725238,0.010770916007459164,-0.008210928179323673,0.0012635785895388578,32751.0
0.500000,62800002,opp_m4_10000,6,opp_m4_12000,0,0,0,12000,0.5946019675738649,0.10155003727407952,0.3236,0.06888160803625358,0.010770916007459164,0.0,0.0,0.0,0.0,0.0,0.0,0.4951254054550493,0.09947656211881553,0.0,0.0,0.0,0.7013332843780518,-0.003501512808725238,0.010770916007459164,-0.008210928179323673,0.0012635785895388578,32751.0
0.500000,62800002,opp_m4_10000,7,balanced_3000_0_3000_12000,3000,0,3000,12000,0.6022650049301175,0.10921307463033214,0.3227,0.09288160803625357,0.04677091600745917,0.0,0.0,0.0,0.0,0.0,0.0,0.5570160811369305,0.024869140529703883,0.020379783263483157,0.0,0.0,0.7013332843780518,-0.003501512808725238,0.010770916007459164,-0.008210928179323673,0.0012635785895388578,32751.0
0.500000,62800002,opp_m4_10000,8,zero,0,0,0,0,7.946054506486411,7.453002576186626,0.35,0.02088160803625358,0.010770916007459164,0.021697685511787468,0.0,6.055999826228916,0.0,0.0,0.0,0.0,1.8900546802574951,0.0,0.0,0.0,0.7013332843780518,-0.003501512808725238,0.010770916007459164,-0.008210928179323673,0.0012635785895388578,32751.0
0.500000,62800003,opp_m4_10000,1,opp_m4_10000,0,0,0,10000,0.49305193029978533,0.0,0.32799999999999996,0.07671839081130047,0.015067888423800468,0.0,0.0,0.0,0.0,0.0,0.0,0.343837087121562,0.1492148431782233,0.0,0.0,0.0,0.7267591953277588,-0.003885940881446004,-0.015067888423800468,0.007335704751312733,0.0010652639158830449,32762.0
0.500000,62800003,opp_m4_10000,2,opp_m4_11000,0,0,0,11000,0.5279540078007575,0.034902077500972184,0.3258,0.08071839081130047,0.015067888423800468,0.0,0.0,0.0,0.0,0.0,0.0,0.41604287541709,0.11191113238366747,0.0,0.0,0.0,0.7267591953277588,-0.003885940881446004,-0.015067888423800468,0.007335704751312733,0.0010652639158830449,32762.0
0.500000,62800003,opp_m4_10000,3,balanced_1000_0_1000_12000,1000,0,1000,12000,0.5291357080897936,0.036083777790008265,0.3233,0.09271839081130046,0.02706788842380047,0.0,0.0,0.0,0.0,0.0,0.0,0.5020021471974805,0.024869140529703883,0.0022644203626092396,0.0,0.0,0.7267591953277588,-0.003885940881446004,-0.015067888423800468,0.007335704751312733,0.0010652639158830449,32762.0
0.500000,62800003,opp_m4_10000,4,balanced_2000_0_2000_12000,2000,0,2000,12000,0.5316900538752112,0.03863812357542584,0.323,0.10071839081130046,0.03906788842380047,0.0,0.0,0.0,0.0,0.0,0.0,0.5226323724247742,0.0,0.009057681450436958,0.0,0.0,0.7267591953277588,-0.003885940881446004,-0.015067888423800468,0.007335704751312733,0.0010652639158830449,32762.0
0.500000,62800003,opp_m4_10000,5,balanced_2500_0_2500_12000,2500,0,2500,12000,0.5584749537439782,0.06542302344419282,0.32285,0.10471839081130047,0.04506788842380047,0.0,0.0,0.0,0.0,0.0,0.0,0.5381050413452445,0.006217285132425971,0.01415262726630775,0.0,0.0,0.7267591953277588,-0.003885940881446004,-0.015067888423800468,0.007335704751312733,0.0010652639158830449,32762.0
0.500000,62800003,opp_m4_10000,6,opp_m4_12000,0,0,0,12000,0.5946019675738649,0.10155003727407952,0.3236,0.08471839081130048,0.015067888423800468,0.0,0.0,0.0,0.0,0.0,0.0,0.4951254054550493,0.09947656211881553,0.0,0.0,0.0,0.7267591953277588,-0.003885940881446004,-0.015067888423800468,0.007335704751312733,0.0010652639158830449,32762.0
0.500000,62800003,opp_m4_10000,7,balanced_3000_0_3000_12000,3000,0,3000,12000,0.6022650049301175,0.10921307463033214,0.3227,0.10871839081130047,0.05106788842380047,0.0,0.0,0.0,0.0,0.0,0.0,0.5570160811369305,0.024869140529703883,0.020379783263483157,0.0,0.0,0.7267591953277588,-0.003885940881446004,-0.015067888423800468,0.007335704751312733,0.0010652639158830449,32762.0
0.500000,62800003,opp_m4_10000,8,zero,0,0,0,0,7.946054506486411,7.453002576186626,0.35,0.03671839081130047,0.015067888423800468,0.021697685511787468,0.0,6.055999826228916,0.0,0.0,0.0,0.0,1.8900546802574951,0.0,0.0,0.0,0.7267591953277588,-0.003885940881446004,-0.015067888423800468,0.007335704751312733,0.0010652639158830449,32762.0
0.500000,62800004,opp_m4_10000,1,opp_m4_10000,0,0,0,10000,0.49305193029978533,0.0,0.32799999999999996,0.07113116781627232,0.013817741535604,0.0,0.0,0.0,0.0,0.0,0.0,0.343837087121562,0.1492148431782233,0.0,0.0,0.0,0.7295037508010864,-0.003686934243887663,-0.013817741535604,0.007630720268934965,0.0010662881213879959,32752.0
0.500000,62800004,opp_m4_10000,2,opp_m4_11000,0,0,0,11000,0.5279540078007575,0.034902077500972184,0.3258,0.07513116781627233,0.013817741535604,0.0,0.0,0.0,0.0,0.0,0.0,0.41604287541709,0.11191113238366747,0.0,0.0,0.0,0.7295037508010864,-0.003686934243887663,-0.013817741535604,0.007630720268934965,0.0010662881213879959,32752.0
0.500000,62800004,opp_m4_10000,3,balanced_1000_0_1000_12000,1000,0,1000,12000,0.5291357080897936,0.036083777790008265,0.3233,0.08713116781627232,0.025817741535604,0.0,0.0,0.0,0.0,0.0,0.0,0.5020021471974805,0.024869140529703883,0.0022644203626092396,0.0,0.0,0.7295037508010864,-0.003686934243887663,-0.013817741535604,0.007630720268934965,0.0010662881213879959,32752.0
0.500000,62800004,opp_m4_10000,4,balanced_2000_0_2000_12000,2000,0,2000,12000,0.5316900538752112,0.03863812357542584,0.323,0.09513116781627233,0.037817741535604,0.0,0.0,0.0,0.0,0.0,0.0,0.5226323724247742,0.0,0.009057681450436958,0.0,0.0,0.7295037508010864,-0.003686934243887663,-0.013817741535604,0.007630720268934965,0.0010662881213879959,32752.0
0.500000,62800004,opp_m4_10000,5,balanced_2500_0_2500_12000,2500,0,2500,12000,0.5584749537439782,0.06542302344419282,0.32285,0.09913116781627232,0.043817741535604,0.0,0.0,0.0,0.0,0.0,0.0,0.5381050413452445,0.006217285132425971,0.01415262726630775,0.0,0.0,0.7295037508010864,-0.003686934243887663,-0.013817741535604,0.007630720268934965,0.0010662881213879959,32752.0
0.500000,62800004,opp_m4_10000,6,opp_m4_12000,0,0,0,12000,0.5946019675738649,0.10155003727407952,0.3236,0.07913116781627233,0.013817741535604,0.0,0.0,0.0,0.0,0.0,0.0,0.4951254054550493,0.09947656211881553,0.0,0.0,0.0,0.7295037508010864,-0.003686934243887663,-0.013817741535604,0.007630720268934965,0.0010662881213879959,32752.0
0.500000,62800004,opp_m4_10000,7,balanced_3000_0_3000_12000,3000,0,3000,12000,0.6022650049301175,0.10921307463033214,0.3227,0.10313116781627232,0.049817741535604004,0.0,0.0,0.0,0.0,0.0,0.0,0.5570160811369305,0.024869140529703883,0.020379783263483157,0.0,0.0,0.7295037508010864,-0.003686934243887663,-0.013817741535604,0.007630720268934965,0.0010662881213879959,32752.0
0.500000,62800004,opp_m4_10000,8,zero,0,0,0,0,7.946054506486411,7.453002576186626,0.35,0.031131167816272325,0.013817741535604,0.021697685511787468,0.0,6.055999826228916,0.0,0.0,0.0,0.0,1.8900546802574951,0.0,0.0,0.0,0.7295037508010864,-0.003686934243887663,-0.013817741535604,0.007630720268934965,0.0010662881213879959,32752.0
0.500000,62800005,opp_m4_10000,1,opp_m4_10000,0,0,0,10000,0.49305193029978533,0.0,0.32799999999999996,0.060544765170296194,0.011756740510463715,0.0,0.0,0.0,0.0,0.0,0.0,0.343837087121562,0.1492148431782233,0.0,0.0,0.0,0.7177171111106873,-0.003519842866808176,0.006183696445077658,0.011756740510463715,0.0015074060313249563,32751.0
0.500000,62800005,opp_m4_10000,2,opp_m4_11000,0,0,0,11000,0.5279540078007575,0.034902077500972184,0.3258,0.0645447651702962,0.011756740510463715,0.0,0.0,0.0,0.0,0.0,0.0,0.41604287541709,0.11191113238366747,0.0,0.0,0.0,0.7177171111106873,-0.003519842866808176,0.006183696445077658,0.011756740510463715,0.0015074060313249563,32751.0
0.500000,62800005,opp_m4_10000,3,balanced_1000_0_1000_12000,1000,0,1000,12000,0.5291357080897936,0.036083777790008265,0.3233,0.07654476517029618,0.023756740510463715,0.0,0.0,0.0,0.0,0.0,0.0,0.5020021471974805,0.024869140529703883,0.0022644203626092396,0.0,0.0,0.7177171111106873,-0.003519842866808176,0.006183696445077658,0.011756740510463715,0.0015074060313249563,32751.0
0.500000,62800005,opp_m4_10000,4,balanced_2000_0_2000_12000,2000,0,2000,12000,0.5316900538752112,0.03863812357542584,0.323,0.08454476517029619,0.035756740510463715,0.0,0.0,0.0,0.0,0.0,0.0,0.5226323724247742,0.0,0.009057681450436958,0.0,0.0,0.7177171111106873,-0.003519842866808176,0.006183696445077658,0.011756740510463715,0.0015074060313249563,32751.0
0.500000,62800005,opp_m4_10000,5,balanced_2500_0_2500_12000,2500,0,2500,12000,0.5584749537439782,0.06542302344419282,0.32285,0.08854476517029619,0.041756740510463713,0.0,0.0,0.0,0.0,0.0,0.0,0.5381050413452445,0.006217285132425971,0.01415262726630775,0.0,0.0,0.7177171111106873,-0.003519842866808176,0.006183696445077658,0.011756740510463715,0.0015074060313249563,32751.0
0.500000,62800005,opp_m4_10000,6,opp_m4_12000,0,0,0,12000,0.5946019675738649,0.10155003727407952,0.3236,0.0685447651702962,0.011756740510463715,0.0,0.0,0.0,0.0,0.0,0.0,0.4951254054550493,0.09947656211881553,0.0,0.0,0.0,0.7177171111106873,-0.003519842866808176,0.006183696445077658,0.011756740510463715,0.0015074060313249563,32751.0
0.500000,62800005,opp_m4_10000,7,balanced_3000_0_3000_12000,3000,0,3000,12000,0.6022650049301175,0.10921307463033214,0.3227,0.0925447651702962,0.04775674051046372,0.0,0.0,0.0,0.0,0.0,0.0,0.5570160811369305,0.024869140529703883,0.020379783263483157,0.0,0.0,0.7177171111106873,-0.003519842866808176,0.006183696445077658,0.011756740510463715,0.0015074060313249563,32751.0
0.500000,62800005,opp_m4_10000,8,zero,0,0,0,0,7.946054506486411,7.453002576186626,0.35,0.020544765170296193,0.011756740510463715,0.021697685511787468,0.0,6.055999826228916,0.0,0.0,0.0,0.0,1.8900546802574951,0.0,0.0,0.0,0.7177171111106873,-0.003519842866808176,0.006183696445077658,0.011756740510463715,0.0015074060313249563,32751.0
0.500000,62800006,opp_m4_10000,1,opp_m4_10000,0,0,0,10000,0.49305193029978533,0.0,0.32799999999999996,0.0748556292799284,0.013432095758616924,0.0,0.0,0.0,0.0,0.0,0.0,0.343837087121562,0.1492148431782233,0.0,0.0,0.0,0.7042415738105774,-0.0035934343468397856,-0.0036487041506916285,-0.013432095758616924,0.001156067545562113,32751.0
0.500000,62800006,opp_m4_10000,2,opp_m4_11000,0,0,0,11000,0.5279540078007575,0.034902077500972184,0.3258,0.0788556292799284,0.013432095758616924,0.0,0.0,0.0,0.0,0.0,0.0,0.41604287541709,0.11191113238366747,0.0,0.0,0.0,0.7042415738105774,-0.0035934343468397856,-0.0036487041506916285,-0.013432095758616924,0.001156067545562113,32751.0
0.500000,62800006,opp_m4_10000,3,balanced_1000_0_1000_12000,1000,0,1000,12000,0.5291357080897936,0.036083777790008265,0.3233,0.09085562927992841,0.025432095758616925,0.0,0.0,0.0,0.0,0.0,0.0,0.5020021471974805,0.024869140529703883,0.0022644203626092396,0.0,0.0,0.7042415738105774,-0.0035934343468397856,-0.0036487041506916285,-0.013432095758616924,0.001156067545562113,32751.0
0.500000,62800006,opp_m4_10000,4,balanced_2000_0_2000_12000,2000,0,2000,12000,0.5316900538752112,0.03863812357542584,0.323,0.09885562927992841,0.037432095758616925,0.0,0.0,0.0,0.0,0.0,0.0,0.5226323724247742,0.0,0.009057681450436958,0.0,0.0,0.7042415738105774,-0.0035934343468397856,-0.0036487041506916285,-0.013432095758616924,0.001156067545562113,32751.0
0.500000,62800006,opp_m4_10000,5,balanced_2500_0_2500_12000,2500,0,2500,12000,0.5584749537439782,0.06542302344419282,0.32285,0.10285562927992839,0.04343209575861692,0.0,0.0,0.0,0.0,0.0,0.0,0.5381050413452445,0.006217285132425971,0.01415262726630775,0.0,0.0,0.7042415738105774,-0.0035934343468397856,-0.0036487041506916285,-0.013432095758616924,0.001156067545562113,32751.0
0.500000,62800006,opp_m4_10000,6,opp_m4_12000,0,0,0,12000,0.5946019675738649,0.10155003727407952,0.3236,0.0828556292799284,0.013432095758616924,0.0,0.0,0.0,0.0,0.0,0.0,0.4951254054550493,0.09947656211881553,0.0,0.0,0.0,0.7042415738105774,-0.0035934343468397856,-0.0036487041506916285,-0.013432095758616924,0.001156067545562113,32751.0
0.500000,62800006,opp_m4_10000,7,balanced_3000_0_3000_12000,3000,0,3000,12000,0.6022650049301175,0.10921307463033214,0.3227,0.1068556292799284,0.04943209575861693,0.0,0.0,0.0,0.0,0.0,0.0,0.5570160811369305,0.024869140529703883,0.020379783263483157,0.0,0.0,0.7042415738105774,-0.0035934343468397856,-0.0036487041506916285,-0.013432095758616924,0.001156067545562113,32751.0
0.500000,62800006,opp_m4_10000,8,zero,0,0,0,0,7.946054506486411,7.453002576186626,0.35,0.034855629279928406,0.013432095758616924,0.021697685511787468,0.0,6.055999826228916,0.0,0.0,0.0,0.0,1.8900546802574951,0.0,0.0,0.0,0.7042415738105774,-0.0035934343468397856,-0.0036487041506916285,-0.013432095758616924,0.001156067545562113,32751.0
0.500000,62800007,opp_m4_10000,1,opp_m4_10000,0,0,0,10000,0.49305193029978533,0.0,0.32799999999999996,0.06008335555170656,0.011676294729113579,0.0,0.0,0.0,0.0,0.0,0.0,0.343837087121562,0.1492148431782233,0.0,0.0,0.0,0.7039569020271301,-0.004308175295591354,-0.011676294729113579,-0.007065586745738983,0.0012376527964166174,32764.0
0.500000,62800007,opp_m4_10000,2,opp_m4_11000,0,0,0,11000,0.5279540078007575,0.034902077500972184,0.3258,0.06408335555170655,0.011676294729113579,0.0,0.0,0.0,0.0,0.0,0.0,0.41604287541709,0.11191113238366747,0.0,0.0,0.0,0.7039569020271301,-0.004308175295591354,-0.011676294729113579,-0.007065586745738983,0.0012376527964166174,32764.0
0.500000,62800007,opp_m4_10000,3,balanced_1000_0_1000_12000,1000,0,1000,12000,0.5291357080897936,0.036083777790008265,0.3233,0.07608335555170655,0.02367629472911358,0.0,0.0,0.0,0.0,0.0,0.0,0.5020021471974805,0.024869140529703883,0.0022644203626092396,0.0,0.0,0.7039569020271301,-0.004308175295591354,-0.011676294729113579,-0.007065586745738983,0.0012376527964166174,32764.0
0.500000,62800007,opp_m4_10000,4,balanced_2000_0_2000_12000,2000,0,2000,12000,0.5316900538752112,0.03863812357542584,0.323,0.08408335555170655,0.03567629472911358,0.0,0.0,0.0,0.0,0.0,0.0,0.5226323724247742,0.0,0.009057681450436958,0.0,0.0,0.7039569020271301,-0.004308175295591354,-0.011676294729113579,-0.007065586745738983,0.0012376527964166174,32764.0
0.500000,62800007,opp_m4_10000,5,balanced_2500_0_2500_12000,2500,0,2500,12000,0.5584749537439782,0.06542302344419282,0.32285,0.08808335555170654,0.04167629472911358,0.0,0.0,0.0,0.0,0.0,0.0,0.5381050413452445,0.006217285132425971,0.01415262726630775,0.0,0.0,0.7039569020271301,-0.004308175295591354,-0.011676294729113579,-0.007065586745738983,0.0012376527964166174,32764.0
0.500000,62800007,opp_m4_10000,6,opp_m4_12000,0,0,0,12000,0.5946019675738649,0.10155003727407952,0.3236,0.06808335555170655,0.011676294729113579,0.0,0.0,0.0,0.0,0.0,0.0,0.4951254054550493,0.09947656211881553,0.0,0.0,0.0,0.7039569020271301,-0.004308175295591354,-0.011676294729113579,-0.007065586745738983,0.0012376527964166174,32764.0
0.500000,62800007,opp_m4_10000,7,balanced_3000_0_3000_12000,3000,0,3000,12000,0.6022650049301175,0.10921307463033214,0.3227,0.09208335555170655,0.04767629472911358,0.0,0.0,0.0,0.0,0.0,0.0,0.5570160811369305,0.024869140529703883,0.020379783263483157,0.0,0.0,0.7039569020271301,-0.004308175295591354,-0.011676294729113579,-0.007065586745738983,0.0012376527964166174,32764.0
0.500000,62800007,opp_m4_10000,8,zero,0,0,0,0,7.946054506486411,7.453002576186626,0.35,0.020083355551706556,0.011676294729113579,0.021697685511787468,0.0,6.055999826228916,0.0,0.0,0.0,0.0,1.8900546802574951,0.0,0.0,0.0,0.7039569020271301,-0.004308175295591354,-0.011676294729113579,-0.007065586745738983,0.0012376527964166174,32764.0
0.500000,62800008,opp_m4_10000,1,opp_m4_10000,0,0,0,10000,0.49305193029978533,0.0,0.32799999999999996,0.05898044250400169,0.020218754187226295,0.0,0.0,0.0,0.0,0.0,0.0,0.343837087121562,0.1492148431782233,0.0,0.0,0.0,0.699901819229126,-0.003812696086242795,0.0049149878323078156,0.020218754187226295,0.0010683889236065148,32764.0
0.500000,62800008,opp_m4_10000,2,opp_m4_11000,0,0,0,11000,0.5279540078007575,0.034902077500972184,0.3258,0.06298044250400169,0.020218754187226295,0.0,0.0,0.0,0.0,0.0,0.0,0.41604287541709,0.11191113238366747,0.0,0.0,0.0,0.699901819229126,-0.003812696086242795,0.0049149878323078156,0.020218754187226295,0.0010683889236065148,32764.0
0.500000,62800008,opp_m4_10000,3,balanced_1000_0_1000_12000,1000,0,1000,12000,0.5291357080897936,0.036083777790008265,0.3233,0.07498044250400168,0.03221875418722629,0.0,0.0,0.0,0.0,0.0,0.0,0.5020021471974805,0.024869140529703883,0.0022644203626092396,0.0,0.0,0.699901819229126,-0.003812696086242795,0.0049149878323078156,0.020218754187226295,0.0010683889236065148,32764.0
0.500000,62800008,opp_m4_10000,4,balanced_2000_0_2000_12000,2000,0,2000,12000,0.5316900538752112,0.03863812357542584,0.323,0.08298044250400169,0.044218754187226296,0.0,0.0,0.0,0.0,0.0,0.0,0.5226323724247742,0.0,0.009057681450436958,0.0,0.0,0.699901819229126,-0.003812696086242795,0.0049149878323078156,0.020218754187226295,0.0010683889236065148,32764.0
0.500000,62800008,opp_m4_10000,5,balanced_2500_0_2500_12000,2500,0,2500,12000,0.5584749537439782,0.06542302344419282,0.32285,0.08698044250400168,0.050218754187226294,0.0,0.0,0.0,0.0,0.0,0.0,0.5381050413452445,0.006217285132425971,0.01415262726630775,0.0,0.0,0.699901819229126,-0.003812696086242795,0.0049149878323078156,0.020218754187226295,0.0010683889236065148,32764.0
0.500000,62800008,opp_m4_10000,6,opp_m4_12000,0,0,0,12000,0.5946019675738649,0.10155003727407952,0.3236,0.06698044250400169,0.020218754187226295,0.0,0.0,0.0,0.0,0.0,0.0,0.4951254054550493,0.09947656211881553,0.0,0.0,0.0,0.699901819229126,-0.003812696086242795,0.0049149878323078156,0.020218754187226295,0.0010683889236065148,32764.0
0.500000,62800008,opp_m4_10000,7,balanced_3000_0_3000_12000,3000,0,3000,12000,0.6022650049301175,0.10921307463033214,0.3227,0.09098044250400168,0.0562187541872263,0.0,0.0,0.0,0.0,0.0,0.0,0.5570160811369305,0.024869140529703883,0.020379783263483157,0.0,0.0,0.699901819229126,-0.003812696086242795,0.0049149878323078156,0.020218754187226295,0.0010683889236065148,32764.0
0.500000,62800008,opp_m4_10000,8,zero,0,0,0,0,7.946054506486411,7.453002576186626,0.35,0.018980442504001688,0.020218754187226295,0.021697685511787468,0.0,6.055999826228916,0.0,0.0,0.0,0.0,1.8900546802574951,0.0,0.0,0.0,0.699901819229126,-0.003812696086242795,0.0049149878323078156,0.020218754187226295,0.0010683889236065148,32764.0
0.500000,62800009,opp_m4_10000,1,opp_m4_10000,0,0,0,10000,0.49305193029978533,0.0,0.32799999999999996,0.05880447142705679,0.008867938071489334,0.0,0.0,0.0,0.0,0.0,0.0,0.343837087121562,0.1492148431782233,0.0,0.0,0.0,0.7239083647727966,-0.004158269613981247,0.005586944054812193,-0.008867938071489334,0.0015063935833931313,32762.0
0.500000,62800009,opp_m4_10000,2,opp_m4_11000,0,0,0,11000,0.5279540078007575,0.034902077500972184,0.3258,0.06280447142705678,0.008867938071489334,0.0,0.0,0.0,0.0,0.0,0.0,0.41604287541709,0.11191113238366747,0.0,0.0,0.0,0.7239083647727966,-0.004158269613981247,0.005586944054812193,-0.008867938071489334,0.0015063935833931313,32762.0
0.500000,62800009,opp_m4_10000,3,balanced_1000_0_1000_12000,1000,0,1000,12000,0.5291357080897936,0.036083777790008265,0.3233,0.07480447142705678,0.020867938071489334,0.0,0.0,0.0,0.0,0.0,0.0,0.5020021471974805,0.024869140529703883,0.0022644203626092396,0.0,0.0,0.7239083647727966,-0.004158269613981247,0.005586944054812193,-0.008867938071489334,0.0015063935833931313,32762.0
0.500000,62800009,opp_m4_10000,4,balanced_2000_0_2000_12000,2000,0,2000,12000,0.5316900538752112,0.03863812357542584,0.323,0.08280447142705678,0.032867938071489335,0.0,0.0,0.0,0.0,0.0,0.0,0.5226323724247742,0.0,0.009057681450436958,0.0,0.0,0.7239083647727966,-0.004158269613981247,0.005586944054812193,-0.008867938071489334,0.0015063935833931313,32762.0
0.500000,62800009,opp_m4_10000,5,balanced_2500_0_2500_12000,2500,0,2500,12000,0.5584749537439782,0.06542302344419282,0.32285,0.08680447142705677,0.03886793807148933,0.0,0.0,0.0,0.0,0.0,0.0,0.5381050413452445,0.006217285132425971,0.01415262726630775,0.0,0.0,0.7239083647727966,-0.004158269613981247,0.005586944054812193,-0.008867938071489334,0.0015063935833931313,32762.0
0.500000,62800009,opp_m4_10000,6,opp_m4_12000,0,0,0,12000,0.5946019675738649,0.10155003727407952,0.3236,0.06680447142705678,0.008867938071489334,0.0,0.0,0.0,0.0,0.0,0.0,0.4951254054550493,0.09947656211881553,0.0,0.0,0.0,0.7239083647727966,-0.004158269613981247,0.005586944054812193,-0.008867938071489334,0.0015063935833931313,32762.0
0.500000,62800009,opp_m4_10000,7,balanced_3000_0_3000_12000,3000,0,3000,12000,0.6022650049301175,0.10921307463033214,0.3227,0.09080447142705678,0.04486793807148934,0.0,0.0,0.0,0.0,0.0,0.0,0.5570160811369305,0.024869140529703883,0.020379783263483157,0.0,0.0,0.7239083647727966,-0.004158269613981247,0.005586944054812193,-0.008867938071489334,0.0015063935833931313,32762.0
0.500000,62800009,opp_m4_10000,8,zero,0,0,0,0,7.946054506486411,7.453002576186626,0.35,0.018804471427056785,0.008867938071489334,0.021697685511787468,0.0,6.055999826228916,0.0,0.0,0.0,0.0,1.8900546802574951,0.0,0.0,0.0,0.7239083647727966,-0.004158269613981247,0.005586944054812193,-0.008867938071489334,0.0015063935833931313,32762.0
0.500000,62800010,opp_m4_10000,1,opp_m4_10000,0,0,0,10000,0.49305193029978533,0.0,0.32799999999999996,0.062422161364562606,0.011977196671068668,0.0,0.0,0.0,0.0,0.0,0.0,0.343837087121562,0.1492148431782233,0.0,0.0,0.0,0.7124541401863098,-0.003813054645434022,-0.011977196671068668,-0.008087366819381714,0.001506592377225769,32759.0
0.500000,62800010,opp_m4_10000,2,opp_m4_11000,0,0,0,11000,0.5279540078007575,0.034902077500972184,0.3258,0.06642216136456261,0.011977196671068668,0.0,0.0,0.0,0.0,0.0,0.0,0.41604287541709,0.11191113238366747,0.0,0.0,0.0,0.7124541401863098,-0.003813054645434022,-0.011977196671068668,-0.008087366819381714,0.001506592377225769,32759.0
0.500000,62800010,opp_m4_10000,3,balanced_1000_0_1000_12000,1000,0,1000,12000,0.5291357080897936,0.036083777790008265,0.3233,0.07842216136456259,0.02397719667106867,0.0,0.0,0.0,0.0,0.0,0.0,0.5020021471974805,0.024869140529703883,0.0022644203626092396,0.0,0.0,0.7124541401863098,-0.003813054645434022,-0.011977196671068668,-0.008087366819381714,0.001506592377225769,32759.0
0.500000,62800010,opp_m4_10000,4,balanced_2000_0_2000_12000,2000,0,2000,12000,0.5316900538752112,0.03863812357542584,0.323,0.0864221613645626,0.03597719667106867,0.0,0.0,0.0,0.0,0.0,0.0,0.5226323724247742,0.0,0.009057681450436958,0.0,0.0,0.7124541401863098,-0.003813054645434022,-0.011977196671068668,-0.008087366819381714,0.001506592377225769,32759.0
0.500000,62800010,opp_m4_10000,5,balanced_2500_0_2500_12000,2500,0,2500,12000,0.5584749537439782,0.06542302344419282,0.32285,0.0904221613645626,0.04197719667106867,0.0,0.0,0.0,0.0,0.0,0.0,0.5381050413452445,0.006217285132425971,0.01415262726630775,0.0,0.0,0.7124541401863098,-0.003813054645434022,-0.011977196671068668,-0.008087366819381714,0.001506592377225769,32759.0
0.500000,62800010,opp_m4_10000,6,opp_m4_12000,0,0,0,12000,0.5946019675738649,0.10155003727407952,0.3236,0.07042216136456261,0.011977196671068668,0.0,0.0,0.0,0.0,0.0,0.0,0.4951254054550493,0.09947656211881553,0.0,0.0,0.0,0.7124541401863098,-0.003813054645434022,-0.011977196671068668,-0.008087366819381714,0.001506592377225769,32759.0
0.500000,62800010,opp_m4_10000,7,balanced_3000_0_3000_12000,3000,0,3000,12000,0.6022650049301175,0.10921307463033214,0.3227,0.0944221613645626,0.04797719667106867,0.0,0.0,0.0,0.0,0.0,0.0,0.5570160811369305,0.024869140529703883,0.020379783263483157,0.0,0.0,0.7124541401863098,-0.003813054645434022,-0.011977196671068668,-0.008087366819381714,0.001506592377225769,32759.0
0.500000,62800010,opp_m4_10000,8,zero,0,0,0,0,7.946054506486411,7.453002576186626,0.35,0.022422161364562605,0.011977196671068668,0.021697685511787468,0.0,6.055999826228916,0.0,0.0,0.0,0.0,1.8900546802574951,0.0,0.0,0.0,0.7124541401863098,-0.003813054645434022,-0.011977196671068668,-0.008087366819381714,0.001506592377225769,32759.0
0.500000,62800011,opp_m4_10000,1,opp_m4_10000,0,0,0,10000,0.49305193029978533,0.0,0.32799999999999996,0.05295071214204522,0.007965690456330776,0.0,0.0,0.0,0.0,0.0,0.0,0.343837087121562,0.1492148431782233,0.0,0.0,0.0,0.7263619899749756,-0.004036309663206339,0.004679134581238031,-0.007965690456330776,0.0010652646310874393,32770.0
0.500000,62800011,opp_m4_10000,2,opp_m4_11000,0,0,0,11000,0.5279540078007575,0.034902077500972184,0.3258,0.05695071214204522,0.007965690456330776,0.0,0.0,0.0,0.0,0.0,0.0,0.41604287541709,0.11191113238366747,0.0,0.0,0.0,0.7263619899749756,-0.004036309663206339,0.004679134581238031,-0.007965690456330776,0.0010652646310874393,32770.0
0.500000,62800011,opp_m4_10000,3,balanced_1000_0_1000_12000,1000,0,1000,12000,0.5291357080897936,0.036083777790008265,0.3233,0.06895071214204522,0.019965690456330776,0.0,0.0,0.0,0.0,0.0,0.0,0.5020021471974805,0.024869140529703883,0.0022644203626092396,0.0,0.0,0.7263619899749756,-0.004036309663206339,0.004679134581238031,-0.007965690456330776,0.0010652646310874393,32770.0
0.500000,62800011,opp_m4_10000,4,balanced_2000_0_2000_12000,2000,0,2000,12000,0.5316900538752112,0.03863812357542584,0.323,0.07695071214204523,0.03196569045633078,0.0,0.0,0.0,0.0,0.0,0.0,0.5226323724247742,0.0,0.009057681450436958,0.0,0.0,0.7263619899749756,-0.004036309663206339,0.004679134581238031,-0.007965690456330776,0.0010652646310874393,32770.0
0.500000,62800011,opp_m4_10000,5,balanced_2500_0_2500_12000,2500,0,2500,12000,0.5584749537439782,0.06542302344419282,0.32285,0.08095071214204522,0.037965690456330775,0.0,0.0,0.0,0.0,0.0,0.0,0.5381050413452445,0.006217285132425971,0.01415262726630775,0.0,0.0,0.7263619899749756,-0.004036309663206339,0.004679134581238031,-0.007965690456330776,0.0010652646310874393,32770.0
0.500000,62800011,opp_m4_10000,6,opp_m4_12000,0,0,0,12000,0.5946019675738649,0.10155003727407952,0.3236,0.06095071214204523,0.007965690456330776,0.0,0.0,0.0,0.0,0.0,0.0,0.4951254054550493,0.09947656211881553,0.0,0.0,0.0,0.7263619899749756,-0.004036309663206339,0.004679134581238031,-0.007965690456330776,0.0010652646310874393,32770.0
0.500000,62800011,opp_m4_10000,7,balanced_3000_0_3000_12000,3000,0,3000,12000,0.6022650049301175,0.10921307463033214,0.3227,0.08495071214204522,0.04396569045633078,0.0,0.0,0.0,0.0,0.0,0.0,0.5570160811369305,0.024869140529703883,0.020379783263483157,0.0,0.0,0.7263619899749756,-0.004036309663206339,0.004679134581238031,-0.007965690456330776,0.0010652646310874393,32770.0
0.500000,62800011,opp_m4_10000,8,zero,0,0,0,0,7.946054506486411,7.453002576186626,0.35,0.012950712142045222,0.007965690456330776,0.021697685511787468,0.0,6.055999826228916,0.0,0.0,0.0,0.0,1.8900546802574951,0.0,0.0,0.0,0.7263619899749756,-0.004036309663206339,0.004679134581238031,-0.007965690456330776,0.0010652646310874393,32770.0
0.500000,62800012,opp_m4_10000,1,opp_m4_10000,0,0,0,10000,0.49305193029978533,0.0,0.32799999999999996,0.061756457693940225,0.006016583181917667,0.0,0.0,0.0,0.0,0.0,0.0,0.343837087121562,0.1492148431782233,0.0,0.0,0.0,0.7149231433868408,-0.003990051802247763,0.005975362379103899,0.006016583181917667,0.0010647956520605793,32762.0
0.500000,62800012,opp_m4_10000,2,opp_m4_11000,0,0,0,11000,0.5279540078007575,0.034902077500972184,0.3258,0.06575645769394023,0.006016583181917667,0.0,0.0,0.0,0.0,0.0,0.0,0.41604287541709,0.11191113238366747,0.0,0.0,0.0,0.7149231433868408,-0.003990051802247763,0.005975362379103899,0.006016583181917667,0.0010647956520605793,32762.0
0.500000,62800012,opp_m4_10000,3,balanced_1000_0_1000_12000,1000,0,1000,12000,0.5291357080897936,0.036083777790008265,0.3233,0.07775645769394021,0.018016583181917668,0.0,0.0,0.0,0.0,0.0,0.0,0.5020021471974805,0.024869140529703883,0.0022644203626092396,0.0,0.0,0.7149231433868408,-0.003990051802247763,0.005975362379103899,0.006016583181917667,0.0010647956520605793,32762.0
0.500000,62800012,opp_m4_10000,4,balanced_2000_0_2000_12000,2000,0,2000,12000,0.5316900538752112,0.03863812357542584,0.323,0.08575645769394022,0.030016583181917668,0.0,0.0,0.0,0.0,0.0,0.0,0.5226323724247742,0.0,0.009057681450436958,0.0,0.0,0.7149231433868408,-0.003990051802247763,0.005975362379103899,0.006016583181917667,0.0010647956520605793,32762.0
0.500000,62800012,opp_m4_10000,5,balanced_2500_0_2500_12000,2500,0,2500,12000,0.5584749537439782,0.06542302344419282,0.32285,0.08975645769394022,0.036016583181917666,0.0,0.0,0.0,0.0,0.0,0.0,0.5381050413452445,0.006217285132425971,0.01415262726630775,0.0,0.0,0.7149231433868408,-0.003990051802247763,0.005975362379103899,0.006016583181917667,0.0010647956520605793,32762.0
0.500000,62800012,opp_m4_10000,6,opp_m4_12000,0,0,0,12000,0.5946019675738649,0.10155003727407952,0.3236,0.06975645769394023,0.006016583181917667,0.0,0.0,0.0,0.0,0.0,0.0,0.4951254054550493,0.09947656211881553,0.0,0.0,0.0,0.7149231433868408,-0.003990051802247763,0.005975362379103899,0.006016583181917667,0.0010647956520605793,32762.0
0.500000,62800012,opp_m4_10000,7,balanced_3000_0_3000_12000,3000,0,3000,12000,0.6022650049301175,0.10921307463033214,0.3227,0.09375645769394023,0.04201658318191767,0.0,0.0,0.0,0.0,0.0,0.0,0.5570160811369305,0.024869140529703883,0.020379783263483157,0.0,0.0,0.7149231433868408,-0.003990051802247763,0.005975362379103899,0.006016583181917667,0.0010647956520605793,32762.0
0.500000,62800012,opp_m4_10000,8,zero,0,0,0,0,7.946054506486411,7.453002576186626,0.35,0.021756457693940225,0.006016583181917667,0.021697685511787468,0.0,6.055999826228916,0.0,0.0,0.0,0.0,1.8900546802574951,0.0,0.0,0.0,0.7149231433868408,-0.003990051802247763,0.005975362379103899,0.006016583181917667,0.0010647956520605793,32762.0
0.502000,62800001,opp_m4_10000,1,opp_m4_10000,0,0,0,10000,0.49305193029978533,0.0,0.32799999999999996,0.0801955784514228,0.012330546043813229,0.0,0.0,0.0,0.0,0.0,0.0,0.343837087121562,0.1492148431782233,0.0,0.0,0.0,0.6951723098754883,-0.00358564336784184,-0.012330546043813229,0.0011144864838570356,0.0010652646310874397,32759.0
0.502000,62800001,opp_m4_10000,2,opp_m4_11000,0,0,0,11000,0.5279540078007575,0.034902077500972184,0.3258,0.08419557845142281,0.012330546043813229,0.0,0.0,0.0,0.0,0.0,0.0,0.41604287541709,0.11191113238366747,0.0,0.0,0.0,0.6951723098754883,-0.00358564336784184,-0.012330546043813229,0.0011144864838570356,0.0010652646310874397,32759.0
0.502000,62800001,opp_m4_10000,3,balanced_1000_0_1000_12000,1000,0,1000,12000,0.5291357080897936,0.036083777790008265,0.3233,0.0961955784514228,0.02433054604381323,0.0,0.0,0.0,0.0,0.0,0.0,0.5020021471974805,0.024869140529703883,0.0022644203626092396,0.0,0.0,0.6951723098754883,-0.00358564336784184,-0.012330546043813229,0.0011144864838570356,0.0010652646310874397,32759.0
0.502000,62800001,opp_m4_10000,4,balanced_2000_0_2000_12000,2000,0,2000,12000,0.5316900538752112,0.03863812357542584,0.323,0.10419557845142281,0.03633054604381323,0.0,0.0,0.0,0.0,0.0,0.0,0.5226323724247742,0.0,0.009057681450436958,0.0,0.0,0.6951723098754883,-0.00358564336784184,-0.012330546043813229,0.0011144864838570356,0.0010652646310874397,32759.0
0.502000,62800001,opp_m4_10000,5,balanced_2500_0_2500_12000,2500,0,2500,12000,0.5584749537439782,0.06542302344419282,0.32285,0.1081955784514228,0.04233054604381323,0.0,0.0,0.0,0.0,0.0,0.0,0.5381050413452445,0.006217285132425971,0.01415262726630775,0.0,0.0,0.6951723098754883,-0.00358564336784184,-0.012330546043813229,0.0011144864838570356,0.0010652646310874397,32759.0
0.502000,62800001,opp_m4_10000,6,opp_m4_12000,0,0,0,12000,0.5946019675738649,0.10155003727407952,0.3236,0.08819557845142281,0.012330546043813229,0.0,0.0,0.0,0.0,0.0,0.0,0.4951254054550493,0.09947656211881553,0.0,0.0,0.0,0.6951723098754883,-0.00358564336784184,-0.012330546043813229,0.0011144864838570356,0.0010652646310874397,32759.0
0.502000,62800001,opp_m4_10000,7,balanced_3000_0_3000_12000,3000,0,3000,12000,0.6022650049301175,0.10921307463033214,0.3227,0.1121955784514228,0.04833054604381323,0.0,0.0,0.0,0.0,0.0,0.0,0.5570160811369305,0.024869140529703883,0.020379783263483157,0.0,0.0,0.6951723098754883,-0.00358564336784184,-0.012330546043813229,0.0011144864838570356,0.0010652646310874397,32759.0
0.502000,62800001,opp_m4_10000,8,zero,0,0,0,0,7.946054506486411,7.453002576186626,0.35,0.04019557845142281,0.012330546043813229,0.021697685511787468,0.0,6.055999826228916,0.0,0.0,0.0,0.0,1.8900546802574951,0.0,0.0,0.0,0.6951723098754883,-0.00358564336784184,-0.012330546043813229,0.0011144864838570356,0.0010652646310874397,32759.0
0.502000,62800002,opp_m4_10000,1,opp_m4_10000,0,0,0,10000,0.49305193029978533,0.0,0.32799999999999996,0.059755344517772827,0.011319604702293873,0.0,0.0,0.0,0.0,0.0,0.0,0.343837087121562,0.1492148431782233,0.0,0.0,0.0,0.701403796672821,-0.003715949598699808,-0.011319604702293873,0.00037275158683769405,0.001070773337781857,32765.0
0.502000,62800002,opp_m4_10000,2,opp_m4_11000,0,0,0,11000,0.5279540078007575,0.034902077500972184,0.3258,0.06375534451777283,0.011319604702293873,0.0,0.0,0.0,0.0,0.0,0.0,0.41604287541709,0.11191113238366747,0.0,0.0,0.0,0.701403796672821,-0.003715949598699808,-0.011319604702293873,0.00037275158683769405,0.001070773337781857,32765.0
0.502000,62800002,opp_m4_10000,3,balanced_1000_0_1000_12000,1000,0,1000,12000,0.5291357080897936,0.036083777790008265,0.3233,0.07575534451777283,0.023319604702293873,0.0,0.0,0.0,0.0,0.0,0.0,0.5020021471974805,0.024869140529703883,0.0022644203626092396,0.0,0.0,0.701403796672821,-0.003715949598699808,-0.011319604702293873,0.00037275158683769405,0.001070773337781857,32765.0
0.502000,62800002,opp_m4_10000,4,balanced_2000_0_2000_12000,2000,0,2000,12000,0.5316900538752112,0.03863812357542584,0.323,0.08375534451777283,0.03531960470229387,0.0,0.0,0.0,0.0,0.0,0.0,0.5226323724247742,0.0,0.009057681450436958,0.0,0.0,0.701403796672821,-0.003715949598699808,-0.011319604702293873,0.00037275158683769405,0.001070773337781857,32765.0
0.502000,62800002,opp_m4_10000,5,balanced_2500_0_2500_12000,2500,0,2500,12000,0.5584749537439782,0.06542302344419282,0.32285,0.08775534451777282,0.04131960470229387,0.0,0.0,0.0,0.0,0.0,0.0,0.5381050413452445,0.006217285132425971,0.01415262726630775,0.0,0.0,0.701403796672821,-0.003715949598699808,-0.011319604702293873,0.00037275158683769405,0.001070773337781857,32765.0
0.502000,62800002,opp_m4_10000,6,opp_m4_12000,0,0,0,12000,0.5946019675738649,0.10155003727407952,0.3236,0.06775534451777283,0.011319604702293873,0.0,0.0,0.0,0.0,0.0,0.0,0.4951254054550493,0.09947656211881553,0.0,0.0,0.0,0.701403796672821,-0.003715949598699808,-0.011319604702293873,0.00037275158683769405,0.001070773337781857,32765.0
0.502000,62800002,opp_m4_10000,7,balanced_3000_0_3000_12000,3000,0,3000,12000,0.6022650049301175,0.10921307463033214,0.3227,0.09175534451777283,0.04731960470229388,0.0,0.0,0.0,0.0,0.0,0.0,0.5570160811369305,0.024869140529703883,0.020379783263483157,0.0,0.0,0.701403796672821,-0.003715949598699808,-0.011319604702293873,0.00037275158683769405,0.001070773337781857,32765.0
0.502000,62800002,opp_m4_10000,8,zero,0,0,0,0,7.946054506486411,7.453002576186626,0.35,0.01975534451777283,0.011319604702293873,0.021697685511787468,0.0,6.055999826228916,0.0,0.0,0.0,0.0,1.8900546802574951,0.0,0.0,0.0,0.701403796672821,-0.003715949598699808,-0.011319604702293873,0.00037275158683769405,0.001070773337781857,32765.0
0.502000,62800003,opp_m4_10000,1,opp_m4_10000,0,0,0,10000,0.49305193029978533,0.0,0.32799999999999996,0.07480989551306805,0.013036195188760757,0.0,0.0,0.0,0.0,0.0,0.0,0.343837087121562,0.1492148431782233,0.0,0.0,0.0,0.7267565131187439,-0.0039048558101058006,-0.013036195188760757,-0.005814347881823778,0.000682093005585407,32751.0
0.502000,62800003,opp_m4_10000,2,opp_m4_11000,0,0,0,11000,0.5279540078007575,0.034902077500972184,0.3258,0.07880989551306804,0.013036195188760757,0.0,0.0,0.0,0.0,0.0,0.0,0.41604287541709,0.11191113238366747,0.0,0.0,0.0,0.7267565131187439,-0.0039048558101058006,-0.013036195188760757,-0.005814347881823778,0.000682093005585407,32751.0
0.502000,62800003,opp_m4_10000,3,balanced_1000_0_1000_12000,1000,0,1000,12000,0.5291357080897936,0.036083777790008265,0.3233,0.09080989551306803,0.025036195188760758,0.0,0.0,0.0,0.0,0.0,0.0,0.5020021471974805,0.024869140529703883,0.0022644203626092396,0.0,0.0,0.7267565131187439,-0.0039048558101058006,-0.013036195188760757,-0.005814347881823778,0.000682093005585407,32751.0
0.502000,62800003,opp_m4_10000,4,balanced_2000_0_2000_12000,2000,0,2000,12000,0.5316900538752112,0.03863812357542584,0.323,0.09880989551306804,0.03703619518876076,0.0,0.0,0.0,0.0,0.0,0.0,0.5226323724247742,0.0,0.009057681450436958,0.0,0.0,0.7267565131187439,-0.0039048558101058006,-0.013036195188760757,-0.005814347881823778,0.000682093005585407,32751.0
0.502000,62800003,opp_m4_10000,5,balanced_2500_0_2500_12000,2500,0,2500,12000,0.5584749537439782,0.06542302344419282,0.32285,0.10280989551306803,0.043036195188760756,0.0,0.0,0.0,0.0,0.0,0.0,0.5381050413452445,0.006217285132425971,0.01415262726630775,0.0,0.0,0.7267565131187439,-0.0039048558101058006,-0.013036195188760757,-0.005814347881823778,0.000682093005585407,32751.0
0.502000,62800003,opp_m4_10000,6,opp_m4_12000,0,0,0,12000,0.5946019675738649,0.10155003727407952,0.3236,0.08280989551306804,0.013036195188760757,0.0,0.0,0.0,0.0,0.0,0.0,0.4951254054550493,0.09947656211881553,0.0,0.0,0.0,0.7267565131187439,-0.0039048558101058006,-0.013036195188760757,-0.005814347881823778,0.000682093005585407,32751.0
0.502000,62800003,opp_m4_10000,7,balanced_3000_0_3000_12000,3000,0,3000,12000,0.6022650049301175,0.10921307463033214,0.3227,0.10680989551306803,0.04903619518876076,0.0,0.0,0.0,0.0,0.0,0.0,0.5570160811369305,0.024869140529703883,0.020379783263483157,0.0,0.0,0.7267565131187439,-0.0039048558101058006,-0.013036195188760757,-0.005814347881823778,0.000682093005585407,32751.0
0.502000,62800003,opp_m4_10000,8,zero,0,0,0,0,7.946054506486411,7.453002576186626,0.35,0.03480989551306804,0.013036195188760757,0.021697685511787468,0.0,6.055999826228916,0.0,0.0,0.0,0.0,1.8900546802574951,0.0,0.0,0.0,0.7267565131187439,-0.0039048558101058006,-0.013036195188760757,-0.005814347881823778,0.000682093005585407,32751.0
0.502000,62800004,opp_m4_10000,1,opp_m4_10000,0,0,0,10000,0.49305193029978533,0.0,0.32799999999999996,0.07004065524147744,0.012709391303360462,0.0,0.0,0.0,0.0,0.0,0.0,0.343837087121562,0.1492148431782233,0.0,0.0,0.0,0.7295781970024109,-0.0037103472277522087,-0.012709391303360462,0.012686739675700665,0.0011536452087813982,32754.0
0.502000,62800004,opp_m4_10000,2,opp_m4_11000,0,0,0,11000,0.5279540078007575,0.034902077500972184,0.3258,0.07404065524147743,0.012709391303360462,0.0,0.0,0.0,0.0,0.0,0.0,0.41604287541709,0.11191113238366747,0.0,0.0,0.0,0.7295781970024109,-0.0037103472277522087,-0.012709391303360462,0.012686739675700665,0.0011536452087813982,32754.0
0.502000,62800004,opp_m4_10000,3,balanced_1000_0_1000_12000,1000,0,1000,12000,0.5291357080897936,0.036083777790008265,0.3233,0.08604065524147743,0.024709391303360462,0.0,0.0,0.0,0.0,0.0,0.0,0.5020021471974805,0.024869140529703883,0.0022644203626092396,0.0,0.0,0.7295781970024109,-0.0037103472277522087,-0.012709391303360462,0.012686739675700665,0.0011536452087813982,32754.0
0.502000,62800004,opp_m4_10000,4,balanced_2000_0_2000_12000,2000,0,2000,12000,0.5316900538752112,0.03863812357542584,0.323,0.09404065524147744,0.03670939130336046,0.0,0.0,0.0,0.0,0.0,0.0,0.5226323724247742,0.0,0.009057681450436958,0.0,0.0,0.7295781970024109,-0.0037103472277522087,-0.012709391303360462,0.012686739675700665,0.0011536452087813982,32754.0
0.502000,62800004,opp_m4_10000,5,balanced_2500_0_2500_12000,2500,0,2500,12000,0.5584749537439782,0.06542302344419282,0.32285,0.09804065524147743,0.04270939130336046,0.0,0.0,0.0,0.0,0.0,0.0,0.5381050413452445,0.006217285132425971,0.01415262726630775,0.0,0.0,0.7295781970024109,-0.0037103472277522087,-0.012709391303360462,0.012686739675700665,0.0011536452087813982,32754.0
0.502000,62800004,opp_m4_10000,6,opp_m4_12000,0,0,0,12000,0.5946019675738649,0.10155003727407952,0.3236,0.07804065524147744,0.012709391303360462,0.0,0.0,0.0,0.0,0.0,0.0,0.4951254054550493,0.09947656211881553,0.0,0.0,0.0,0.7295781970024109,-0.0037103472277522087,-0.012709391303360462,0.012686739675700665,0.0011536452087813982,32754.0
0.502000,62800004,opp_m4_10000,7,balanced_3000_0_3000_12000,3000,0,3000,12000,0.6022650049301175,0.10921307463033214,0.3227,0.10204065524147743,0.048709391303360466,0.0,0.0,0.0,0.0,0.0,0.0,0.5570160811369305,0.024869140529703883,0.020379783263483157,0.0,0.0,0.7295781970024109,-0.0037103472277522087,-0.012709391303360462,0.012686739675700665,0.0011536452087813982,32754.0
0.502000,62800004,opp_m4_10000,8,zero,0,0,0,0,7.946054506486411,7.453002576186626,0.35,0.030040655241477438,0.012709391303360462,0.021697685511787468,0.0,6.055999826228916,0.0,0.0,0.0,0.0,1.8900546802574951,0.0,0.0,0.0,0.7295781970024109,-0.0037103472277522087,-0.012709391303360462,0.012686739675700665,0.0011536452087813982,32754.0
0.502000,62800005,opp_m4_10000,1,opp_m4_10000,0,0,0,10000,0.49305193029978533,0.0,0.32799999999999996,0.06021311211397454,0.005051029846072197,0.0,0.0,0.0,0.0,0.0,0.0,0.343837087121562,0.1492148431782233,0.0,0.0,0.0,0.7177553176879883,-0.0037096815649420023,0.005051029846072197,0.003575156908482313,0.0010652646346149502,32752.0
0.502000,62800005,opp_m4_10000,2,opp_m4_11000,0,0,0,11000,0.5279540078007575,0.034902077500972184,0.3258,0.06421311211397453,0.005051029846072197,0.0,0.0,0.0,0.0,0.0,0.0,0.41604287541709,0.11191113238366747,0.0,0.0,0.0,0.7177553176879883,-0.0037096815649420023,0.005051029846072197,0.003575156908482313,0.0010652646346149502,32752.0
0.502000,62800005,opp_m4_10000,3,balanced_1000_0_1000_12000,1000,0,1000,12000,0.5291357080897936,0.036083777790008265,0.3233,0.07621311211397452,0.017051029846072197,0.0,0.0,0.0,0.0,0.0,0.0,0.5020021471974805,0.024869140529703883,0.0022644203626092396,0.0,0.0,0.7177553176879883,-0.0037096815649420023,0.005051029846072197,0.003575156908482313,0.0010652646346149502,32752.0
0.502000,62800005,opp_m4_10000,4,balanced_2000_0_2000_12000,2000,0,2000,12000,0.5316900538752112,0.03863812357542584,0.323,0.08421311211397453,0.029051029846072197,0.0,0.0,0.0,0.0,0.0,0.0,0.5226323724247742,0.0,0.009057681450436958,0.0,0.0,0.7177553176879883,-0.0037096815649420023,0.005051029846072197,0.003575156908482313,0.0010652646346149502,32752.0
0.502000,62800005,opp_m4_10000,5,balanced_2500_0_2500_12000,2500,0,2500,12000,0.5584749537439782,0.06542302344419282,0.32285,0.08821311211397452,0.035051029846072196,0.0,0.0,0.0,0.0,0.0,0.0,0.5381050413452445,0.006217285132425971,0.01415262726630775,0.0,0.0,0.7177553176879883,-0.0037096815649420023,0.005051029846072197,0.003575156908482313,0.0010652646346149502,32752.0
0.502000,62800005,opp_m4_10000,6,opp_m4_12000,0,0,0,12000,0.5946019675738649,0.10155003727407952,0.3236,0.06821311211397453,0.005051029846072197,0.0,0.0,0.0,0.0,0.0,0.0,0.4951254054550493,0.09947656211881553,0.0,0.0,0.0,0.7177553176879883,-0.0037096815649420023,0.005051029846072197,0.003575156908482313,0.0010652646346149502,32752.0
0.502000,62800005,opp_m4_10000,7,balanced_3000_0_3000_12000,3000,0,3000,12000,0.6022650049301175,0.10921307463033214,0.3227,0.09221311211397452,0.0410510298460722,0.0,0.0,0.0,0.0,0.0,0.0,0.5570160811369305,0.024869140529703883,0.020379783263483157,0.0,0.0,0.7177553176879883,-0.0037096815649420023,0.005051029846072197,0.003575156908482313,0.0010652646346149502,32752.0
0.502000,62800005,opp_m4_10000,8,zero,0,0,0,0,7.946054506486411,7.453002576186626,0.35,0.020213112113974533,0.005051029846072197,0.021697685511787468,0.0,6.055999826228916,0.0,0.0,0.0,0.0,1.8900546802574951,0.0,0.0,0.0,0.7177553176879883,-0.0037096815649420023,0.005051029846072197,0.003575156908482313,0.0010652646346149502,32752.0
0.502000,62800006,opp_m4_10000,1,opp_m4_10000,0,0,0,10000,0.49305193029978533,0.0,0.32799999999999996,0.07152352286172407,0.006517371162772179,0.0,0.0,0.0,0.0,0.0,0.0,0.343837087121562,0.1492148431782233,0.0,0.0,0.0,0.7044144868850708,-0.0037079844623804092,0.006517371162772179,-0.004225203767418861,0.0010652639159812872,32759.0
0.502000,62800006,opp_m4_10000,2,opp_m4_11000,0,0,0,11000,0.5279540078007575,0.034902077500972184,0.3258,0.07552352286172406,0.006517371162772179,0.0,0.0,0.0,0.0,0.0,0.0,0.41604287541709,0.11191113238366747,0.0,0.0,0.0,0.7044144868850708,-0.0037079844623804092,0.006517371162772179,-0.004225203767418861,0.0010652639159812872,32759.0
0.502000,62800006,opp_m4_10000,3,balanced_1000_0_1000_12000,1000,0,1000,12000,0.5291357080897936,0.036083777790008265,0.3233,0.08752352286172407,0.01851737116277218,0.0,0.0,0.0,0.0,0.0,0.0,0.5020021471974805,0.024869140529703883,0.0022644203626092396,0.0,0.0,0.7044144868850708,-0.0037079844623804092,0.006517371162772179,-0.004225203767418861,0.0010652639159812872,32759.0
0.502000,62800006,opp_m4_10000,4,balanced_2000_0_2000_12000,2000,0,2000,12000,0.5316900538752112,0.03863812357542584,0.323,0.09552352286172408,0.03051737116277218,0.0,0.0,0.0,0.0,0.0,0.0,0.5226323724247742,0.0,0.009057681450436958,0.0,0.0,0.7044144868850708,-0.0037079844623804092,0.006517371162772179,-0.004225203767418861,0.0010652639159812872,32759.0
0.502000,62800006,opp_m4_10000,5,balanced_2500_0_2500_12000,2500,0,2500,12000,0.5584749537439782,0.06542302344419282,0.32285,0.09952352286172406,0.03651737116277218,0.0,0.0,0.0,0.0,0.0,0.0,0.5381050413452445,0.006217285132425971,0.01415262726630775,0.0,0.0,0.7044144868850708,-0.0037079844623804092,0.006517371162772179,-0.004225203767418861,0.0010652639159812872,32759.0
0.502000,62800006,opp_m4_10000,6,opp_m4_12000,0,0,0,12000,0.5946019675738649,0.10155003727407952,0.3236,0.07952352286172407,0.006517371162772179,0.0,0.0,0.0,0.0,0.0,0.0,0.4951254054550493,0.09947656211881553,0.0,0.0,0.0,0.7044144868850708,-0.0037079844623804092,0.006517371162772179,-0.004225203767418861,0.0010652639159812872,32759.0
0.502000,62800006,opp_m4_10000,7,balanced_3000_0_3000_12000,3000,0,3000,12000,0.6022650049301175,0.10921307463033214,0.3227,0.10352352286172406,0.04251737116277218,0.0,0.0,0.0,0.0,0.0,0.0,0.5570160811369305,0.024869140529703883,0.020379783263483157,0.0,0.0,0.7044144868850708,-0.0037079844623804092,0.006517371162772179,-0.004225203767418861,0.0010652639159812872,32759.0
0.502000,62800006,opp_m4_10000,8,zero,0,0,0,0,7.946054506486411,7.453002576186626,0.35,0.03152352286172407,0.006517371162772179,0.021697685511787468,0.0,6.055999826228916,0.0,0.0,0.0,0.0,1.8900546802574951,0.0,0.0,0.0,0.7044144868850708,-0.0037079844623804092,0.006517371162772179,-0.004225203767418861,0.0010652639159812872,32759.0
0.502000,62800007,opp_m4_10000,1,opp_m4_10000,0,0,0,10000,0.49305193029978533,0.0,0.32799999999999996,0.058211539057778296,0.0038893898017704487,0.0,0.0,0.0,0.0,0.0,0.0,0.343837087121562,0.1492148431782233,0.0,0.0,0.0,0.7039463520050049,-0.0038974101189523935,-0.0038893898017704487,0.0016097514890134335,0.0015322986251994461,32769.0
0.502000,62800007,opp_m4_10000,2,opp_m4_11000,0,0,0,11000,0.5279540078007575,0.034902077500972184,0.3258,0.06221153905777829,0.0038893898017704487,0.0,0.0,0.0,0.0,0.0,0.0,0.41604287541709,0.11191113238366747,0.0,0.0,0.0,0.7039463520050049,-0.0038974101189523935,-0.0038893898017704487,0.0016097514890134335,0.0015322986251994461,32769.0
0.502000,62800007,opp_m4_10000,3,balanced_1000_0_1000_12000,1000,0,1000,12000,0.5291357080897936,0.036083777790008265,0.3233,0.07421153905777829,0.01588938980177045,0.0,0.0,0.0,0.0,0.0,0.0,0.5020021471974805,0.024869140529703883,0.0022644203626092396,0.0,0.0,0.7039463520050049,-0.0038974101189523935,-0.0038893898017704487,0.0016097514890134335,0.0015322986251994461,32769.0
0.502000,62800007,opp_m4_10000,4,balanced_2000_0_2000_12000,2000,0,2000,12000,0.5316900538752112,0.03863812357542584,0.323,0.0822115390577783,0.02788938980177045,0.0,0.0,0.0,0.0,0.0,0.0,0.5226323724247742,0.0,0.009057681450436958,0.0,0.0,0.7039463520050049,-0.0038974101189523935,-0.0038893898017704487,0.0016097514890134335,0.0015322986251994461,32769.0
0.502000,62800007,opp_m4_10000,5,balanced_2500_0_2500_12000,2500,0,2500,12000,0.5584749537439782,0.06542302344419282,0.32285,0.08621153905777829,0.03388938980177045,0.0,0.0,0.0,0.0,0.0,0.0,0.5381050413452445,0.006217285132425971,0.01415262726630775,0.0,0.0,0.7039463520050049,-0.0038974101189523935,-0.0038893898017704487,0.0016097514890134335,0.0015322986251994461,32769.0
0.502000,62800007,opp_m4_10000,6,opp_m4_12000,0,0,0,12000,0.5946019675738649,0.10155003727407952,0.3236,0.0662115390577783,0.0038893898017704487,0.0,0.0,0.0,0.0,0.0,0.0,0.4951254054550493,0.09947656211881553,0.0,0.0,0.0,0.7039463520050049,-0.0038974101189523935,-0.0038893898017704487,0.0016097514890134335,0.0015322986251994461,32769.0
0.502000,62800007,opp_m4_10000,7,balanced_3000_0_3000_12000,3000,0,3000,12000,0.6022650049301175,0.10921307463033214,0.3227,0.09021153905777829,0.03988938980177045,0.0,0.0,0.0,0.0,0.0,0.0,0.5570160811369305,0.024869140529703883,0.020379783263483157,0.0,0.0,0.7039463520050049,-0.0038974101189523935,-0.0038893898017704487,0.0016097514890134335,0.0015322986251994461,32769.0
0.502000,62800007,opp_m4_10000,8,zero,0,0,0,0,7.946054506486411,7.453002576186626,0.35,0.018211539057778295,0.0038893898017704487,0.021697685511787468,0.0,6.055999826228916,0.0,0.0,0.0,0.0,1.8900546802574951,0.0,0.0,0.0,0.7039463520050049,-0.0038974101189523935,-0.0038893898017704487,0.0016097514890134335,0.0015322986251994461,32769.0
0.502000,62800008,opp_m4_10000,1,opp_m4_10000,0,0,0,10000,0.49305193029978533,0.0,0.32799999999999996,0.056792527921318364,0.013478772714734077,0.0,0.0,0.0,0.0,0.0,0.0,0.343837087121562,0.1492148431782233,0.0,0.0,0.0,0.7000178098678589,-0.003823099657893181,0.013478772714734077,0.00437843706458807,0.001516329940850239,32765.0
0.502000,62800008,opp_m4_10000,2,opp_m4_11000,0,0,0,11000,0.5279540078007575,0.034902077500972184,0.3258,0.06079252792131837,0.013478772714734077,0.0,0.0,0.0,0.0,0.0,0.0,0.41604287541709,0.11191113238366747,0.0,0.0,0.0,0.7000178098678589,-0.003823099657893181,0.013478772714734077,0.00437843706458807,0.001516329940850239,32765.0
0.502000,62800008,opp_m4_10000,3,balanced_1000_0_1000_12000,1000,0,1000,12000,0.5291357080897936,0.036083777790008265,0.3233,0.07279252792131836,0.025478772714734078,0.0,0.0,0.0,0.0,0.0,0.0,0.5020021471974805,0.024869140529703883,0.0022644203626092396,0.0,0.0,0.7000178098678589,-0.003823099657893181,0.013478772714734077,0.00437843706458807,0.001516329940850239,32765.0
0.502000,62800008,opp_m4_10000,4,balanced_2000_0_2000_12000,2000,0,2000,12000,0.5316900538752112,0.03863812357542584,0.323,0.08079252792131837,0.03747877271473408,0.0,0.0,0.0,0.0,0.0,0.0,0.5226323724247742,0.0,0.009057681450436958,0.0,0.0,0.7000178098678589,-0.003823099657893181,0.013478772714734077,0.00437843706458807,0.001516329940850239,32765.0
0.502000,62800008,opp_m4_10000,5,balanced_2500_0_2500_12000,2500,0,2500,12000,0.5584749537439782,0.06542302344419282,0.32285,0.08479252792131836,0.043478772714734076,0.0,0.0,0.0,0.0,0.0,0.0,0.5381050413452445,0.006217285132425971,0.01415262726630775,0.0,0.0,0.7000178098678589,-0.003823099657893181,0.013478772714734077,0.00437843706458807,0.001516329940850239,32765.0
0.502000,62800008,opp_m4_10000,6,opp_m4_12000,0,0,0,12000,0.5946019675738649,0.10155003727407952,0.3236,0.06479252792131837,0.013478772714734077,0.0,0.0,0.0,0.0,0.0,0.0,0.4951254054550493,0.09947656211881553,0.0,0.0,0.0,0.7000178098678589,-0.003823099657893181,0.013478772714734077,0.00437843706458807,0.001516329940850239,32765.0
0.502000,62800008,opp_m4_10000,7,balanced_3000_0_3000_12000,3000,0,3000,12000,0.6022650049301175,0.10921307463033214,0.3227,0.08879252792131836,0.04947877271473408,0.0,0.0,0.0,0.0,0.0,0.0,0.5570160811369305,0.024869140529703883,0.020379783263483157,0.0,0.0,0.7000178098678589,-0.003823099657893181,0.013478772714734077,0.00437843706458807,0.001516329940850239,32765.0
0.502000,62800008,opp_m4_10000,8,zero,0,0,0,0,7.946054506486411,7.453002576186626,0.35,0.016792527921318367,0.013478772714734077,0.021697685511787468,0.0,6.055999826228916,0.0,0.0,0.0,0.0,1.8900546802574951,0.0,0.0,0.0,0.7000178098678589,-0.003823099657893181,0.013478772714734077,0.00437843706458807,0.001516329940850239,32765.0
0.502000,62800009,opp_m4_10000,1,opp_m4_10000,0,0,0,10000,0.49305193029978533,0.0,0.32799999999999996,0.05818830840980886,0.00946138333529234,0.0,0.0,0.0,0.0,0.0,0.0,0.343837087121562,0.1492148431782233,0.0,0.0,0.0,0.7238699793815613,-0.0041145021095871925,0.006891919765621424,-0.00946138333529234,0.001086090842582311,32769.0
0.502000,62800009,opp_m4_10000,2,opp_m4_11000,0,0,0,11000,0.5279540078007575,0.034902077500972184,0.3258,0.06218830840980886,0.00946138333529234,0.0,0.0,0.0,0.0,0.0,0.0,0.41604287541709,0.11191113238366747,0.0,0.0,0.0,0.7238699793815613,-0.0041145021095871925,0.006891919765621424,-0.00946138333529234,0.001086090842582311,32769.0
0.502000,62800009,opp_m4_10000,3,balanced_1000_0_1000_12000,1000,0,1000,12000,0.5291357080897936,0.036083777790008265,0.3233,0.07418830840980886,0.02146138333529234,0.0,0.0,0.0,0.0,0.0,0.0,0.5020021471974805,0.024869140529703883,0.0022644203626092396,0.0,0.0,0.7238699793815613,-0.0041145021095871925,0.006891919765621424,-0.00946138333529234,0.001086090842582311,32769.0
0.502000,62800009,opp_m4_10000,4,balanced_2000_0_2000_12000,2000,0,2000,12000,0.5316900538752112,0.03863812357542584,0.323,0.08218830840980887,0.03346138333529234,0.0,0.0,0.0,0.0,0.0,0.0,0.5226323724247742,0.0,0.009057681450436958,0.0,0.0,0.7238699793815613,-0.0041145021095871925,0.006891919765621424,-0.00946138333529234,0.001086090842582311,32769.0
0.502000,62800009,opp_m4_10000,5,balanced_2500_0_2500_12000,2500,0,2500,12000,0.5584749537439782,0.06542302344419282,0.32285,0.08618830840980884,0.03946138333529234,0.0,0.0,0.0,0.0,0.0,0.0,0.5381050413452445,0.006217285132425971,0.01415262726630775,0.0,0.0,0.7238699793815613,-0.0041145021095871925,0.006891919765621424,-0.00946138333529234,0.001086090842582311,32769.0
0.502000,62800009,opp_m4_10000,6,opp_m4_12000,0,0,0,12000,0.5946019675738649,0.10155003727407952,0.3236,0.06618830840980885,0.00946138333529234,0.0,0.0,0.0,0.0,0.0,0.0,0.4951254054550493,0.09947656211881553,0.0,0.0,0.0,0.7238699793815613,-0.0041145021095871925,0.006891919765621424,-0.00946138333529234,0.001086090842582311,32769.0
0.502000,62800009,opp_m4_10000,7,balanced_3000_0_3000_12000,3000,0,3000,12000,0.6022650049301175,0.10921307463033214,0.3227,0.09018830840980885,0.045461383335292344,0.0,0.0,0.0,0.0,0.0,0.0,0.5570160811369305,0.024869140529703883,0.020379783263483157,0.0,0.0,0.7238699793815613,-0.0041145021095871925,0.006891919765621424,-0.00946138333529234,0.001086090842582311,32769.0
0.502000,62800009,opp_m4_10000,8,zero,0,0,0,0,7.946054506486411,7.453002576186626,0.35,0.01818830840980886,0.00946138333529234,0.021697685511787468,0.0,6.055999826228916,0.0,0.0,0.0,0.0,1.8900546802574951,0.0,0.0,0.0,0.7238699793815613,-0.0041145021095871925,0.006891919765621424,-0.00946138333529234,0.001086090842582311,32769.0
0.502000,62800010,opp_m4_10000,1,opp_m4_10000,0,0,0,10000,0.49305193029978533,0.0,0.32799999999999996,0.06409031405010207,0.009187284857034683,0.0,0.0,0.0,0.0,0.0,0.0,0.343837087121562,0.1492148431782233,0.0,0.0,0.0,0.7124568223953247,-0.0037568744737654924,0.0025890127290040255,-0.009187284857034683,0.0010652646310874393,32754.0
0.502000,62800010,opp_m4_10000,2,opp_m4_11000,0,0,0,11000,0.5279540078007575,0.034902077500972184,0.3258,0.06809031405010207,0.009187284857034683,0.0,0.0,0.0,0.0,0.0,0.0,0.41604287541709,0.11191113238366747,0.0,0.0,0.0,0.7124568223953247,-0.0037568744737654924,0.0025890127290040255,-0.009187284857034683,0.0010652646310874393,32754.0
0.502000,62800010,opp_m4_10000,3,balanced_1000_0_1000_12000,1000,0,1000,12000,0.5291357080897936,0.036083777790008265,0.3233,0.08009031405010207,0.021187284857034683,0.0,0.0,0.0,0.0,0.0,0.0,0.5020021471974805,0.024869140529703883,0.0022644203626092396,0.0,0.0,0.7124568223953247,-0.0037568744737654924,0.0025890127290040255,-0.009187284857034683,0.0010652646310874393,32754.0
0.502000,62800010,opp_m4_10000,4,balanced_2000_0_2000_12000,2000,0,2000,12000,0.5316900538752112,0.03863812357542584,0.323,0.08809031405010208,0.033187284857034684,0.0,0.0,0.0,0.0,0.0,0.0,0.5226323724247742,0.0,0.009057681450436958,0.0,0.0,0.7124568223953247,-0.0037568744737654924,0.0025890127290040255,-0.009187284857034683,0.0010652646310874393,32754.0
0.502000,62800010,opp_m4_10000,5,balanced_2500_0_2500_12000,2500,0,2500,12000,0.5584749537439782,0.06542302344419282,0.32285,0.09209031405010207,0.03918728485703468,0.0,0.0,0.0,0.0,0.0,0.0,0.5381050413452445,0.006217285132425971,0.01415262726630775,0.0,0.0,0.7124568223953247,-0.0037568744737654924,0.0025890127290040255,-0.009187284857034683,0.0010652646310874393,32754.0
0.502000,62800010,opp_m4_10000,6,opp_m4_12000,0,0,0,12000,0.5946019675738649,0.10155003727407952,0.3236,0.07209031405010208,0.009187284857034683,0.0,0.0,0.0,0.0,0.0,0.0,0.4951254054550493,0.09947656211881553,0.0,0.0,0.0,0.7124568223953247,-0.0037568744737654924,0.0025890127290040255,-0.009187284857034683,0.0010652646310874393,32754.0
0.502000,62800010,opp_m4_10000,7,balanced_3000_0_3000_12000,3000,0,3000,12000,0.6022650049301175,0.10921307463033214,0.3227,0.09609031405010207,0.04518728485703469,0.0,0.0,0.0,0.0,0.0,0.0,0.5570160811369305,0.024869140529703883,0.020379783263483157,0.0,0.0,0.7124568223953247,-0.0037568744737654924,0.0025890127290040255,-0.009187284857034683,0.0010652646310874393,32754.0
0.502000,62800010,opp_m4_10000,8,zero,0,0,0,0,7.946054506486411,7.453002576186626,0.35,0.024090314050102073,0.009187284857034683,0.021697685511787468,0.0,6.055999826228916,0.0,0.0,0.0,0.0,1.8900546802574951,0.0,0.0,0.0,0.7124568223953247,-0.0037568744737654924,0.0025890127290040255,-0.009187284857034683,0.0010652646310874393,32754.0
0.502000,62800011,opp_m4_10000,1,opp_m4_10000,0,0,0,10000,0.49305193029978533,0.0,0.32799999999999996,0.052093808016902145,0.01046505756676197,0.0,0.0,0.0,0.0,0.0,0.0,0.343837087121562,0.1492148431782233,0.0,0.0,0.0,0.72636479139328,-0.004027674440294504,-0.01046505756676197,0.006434883456677198,0.0010677838027851837,32770.0
0.502000,62800011,opp_m4_10000,2,opp_m4_11000,0,0,0,11000,0.5279540078007575,0.034902077500972184,0.3258,0.05609380801690214,0.01046505756676197,0.0,0.0,0.0,0.0,0.0,0.0,0.41604287541709,0.11191113238366747,0.0,0.0,0.0,0.72636479139328,-0.004027674440294504,-0.01046505756676197,0.006434883456677198,0.0010677838027851837,32770.0
0.502000,62800011,opp_m4_10000,3,balanced_1000_0_1000_12000,1000,0,1000,12000,0.5291357080897936,0.036083777790008265,0.3233,0.06809380801690214,0.02246505756676197,0.0,0.0,0.0,0.0,0.0,0.0,0.5020021471974805,0.024869140529703883,0.0022644203626092396,0.0,0.0,0.72636479139328,-0.004027674440294504,-0.01046505756676197,0.006434883456677198,0.0010677838027851837,32770.0
0.502000,62800011,opp_m4_10000,4,balanced_2000_0_2000_12000,2000,0,2000,12000,0.5316900538752112,0.03863812357542584,0.323,0.07609380801690215,0.03446505756676197,0.0,0.0,0.0,0.0,0.0,0.0,0.5226323724247742,0.0,0.009057681450436958,0.0,0.0,0.72636479139328,-0.004027674440294504,-0.01046505756676197,0.006434883456677198,0.0010677838027851837,32770.0
0.502000,62800011,opp_m4_10000,5,balanced_2500_0_2500_12000,2500,0,2500,12000,0.5584749537439782,0.06542302344419282,0.32285,0.08009380801690213,0.04046505756676197,0.0,0.0,0.0,0.0,0.0,0.0,0.5381050413452445,0.006217285132425971,0.01415262726630775,0.0,0.0,0.72636479139328,-0.004027674440294504,-0.01046505756676197,0.006434883456677198,0.0010677838027851837,32770.0
0.502000,62800011,opp_m4_10000,6,opp_m4_12000,0,0,0,12000,0.5946019675738649,0.10155003727407952,0.3236,0.060093808016902145,0.01046505756676197,0.0,0.0,0.0,0.0,0.0,0.0,0.4951254054550493,0.09947656211881553,0.0,0.0,0.0,0.72636479139328,-0.004027674440294504,-0.01046505756676197,0.006434883456677198,0.0010677838027851837,32770.0
0.502000,62800011,opp_m4_10000,7,balanced_3000_0_3000_12000,3000,0,3000,12000,0.6022650049301175,0.10921307463033214,0.3227,0.08409380801690214,0.046465057566761975,0.0,0.0,0.0,0.0,0.0,0.0,0.5570160811369305,0.024869140529703883,0.020379783263483157,0.0,0.0,0.72636479139328,-0.004027674440294504,-0.01046505756676197,0.006434883456677198,0.0010677838027851837,32770.0
0.502000,62800011,opp_m4_10000,8,zero,0,0,0,0,7.946054506486411,7.453002576186626,0.35,0.012093808016902146,0.01046505756676197,0.021697685511787468,0.0,6.055999826228916,0.0,0.0,0.0,0.0,1.8900546802574951,0.0,0.0,0.0,0.72636479139328,-0.004027674440294504,-0.01046505756676197,0.006434883456677198,0.0010677838027851837,32770.0
0.502000,62800012,opp_m4_10000,1,opp_m4_10000,0,0,0,10000,0.49305193029978533,0.0,0.32799999999999996,0.05895935732302937,0.0013419693568721414,0.0,0.0,0.0,0.0,0.0,0.0,0.343837087121562,0.1492148431782233,0.0,0.0,0.0,0.7147157788276672,-0.0038187901955097914,-0.0013419693568721414,-0.0010546501725912094,0.0012713793902911477,32763.0
0.502000,62800012,opp_m4_10000,2,opp_m4_11000,0,0,0,11000,0.5279540078007575,0.034902077500972184,0.3258,0.06295935732302936,0.0013419693568721414,0.0,0.0,0.0,0.0,0.0,0.0,0.41604287541709,0.11191113238366747,0.0,0.0,0.0,0.7147157788276672,-0.0038187901955097914,-0.0013419693568721414,-0.0010546501725912094,0.0012713793902911477,32763.0
0.502000,62800012,opp_m4_10000,3,balanced_1000_0_1000_12000,1000,0,1000,12000,0.5291357080897936,0.036083777790008265,0.3233,0.07495935732302936,0.013341969356872142,0.0,0.0,0.0,0.0,0.0,0.0,0.5020021471974805,0.024869140529703883,0.0022644203626092396,0.0,0.0,0.7147157788276672,-0.0038187901955097914,-0.0013419693568721414,-0.0010546501725912094,0.0012713793902911477,32763.0
0.502000,62800012,opp_m4_10000,4,balanced_2000_0_2000_12000,2000,0,2000,12000,0.5316900538752112,0.03863812357542584,0.323,0.08295935732302936,0.025341969356872142,0.0,0.0,0.0,0.0,0.0,0.0,0.5226323724247742,0.0,0.009057681450436958,0.0,0.0,0.7147157788276672,-0.0038187901955097914,-0.0013419693568721414,-0.0010546501725912094,0.0012713793902911477,32763.0
0.502000,62800012,opp_m4_10000,5,balanced_2500_0_2500_12000,2500,0,2500,12000,0.5584749537439782,0.06542302344419282,0.32285,0.08695935732302935,0.03134196935687214,0.0,0.0,0.0,0.0,0.0,0.0,0.5381050413452445,0.006217285132425971,0.01415262726630775,0.0,0.0,0.7147157788276672,-0.0038187901955097914,-0.0013419693568721414,-0.0010546501725912094,0.0012713793902911477,32763.0
0.502000,62800012,opp_m4_10000,6,opp_m4_12000,0,0,0,12000,0.5946019675738649,0.10155003727407952,0.3236,0.06695935732302936,0.0013419693568721414,0.0,0.0,0.0,0.0,0.0,0.0,0.4951254054550493,0.09947656211881553,0.0,0.0,0.0,0.7147157788276672,-0.0038187901955097914,-0.0013419693568721414,-0.0010546501725912094,0.0012713793902911477,32763.0
0.502000,62800012,opp_m4_10000,7,balanced_3000_0_3000_12000,3000,0,3000,12000,0.6022650049301175,0.10921307463033214,0.3227,0.09095935732302936,0.037341969356872146,0.0,0.0,0.0,0.0,0.0,0.0,0.5570160811369305,0.024869140529703883,0.020379783263483157,0.0,0.0,0.7147157788276672,-0.0038187901955097914,-0.0013419693568721414,-0.0010546501725912094,0.0012713793902911477,32763.0
0.502000,62800012,opp_m4_10000,8,zero,0,0,0,0,7.946054506486411,7.453002576186626,0.35,0.018959357323029367,0.0013419693568721414,0.021697685511787468,0.0,6.055999826228916,0.0,0.0,0.0,0.0,1.8900546802574951,0.0,0.0,0.0,0.7147157788276672,-0.0038187901955097914,-0.0013419693568721414,-0.0010546501725912094,0.0012713793902911477,32763.0
